{
"type": "FeatureCollection",
"name": "drogi_lokalne_2024",
"crs": { "type": "name", "properties": { "name": "urn:ogc:def:crs:OGC:1.3:CRS84" } },
"features": [
{ "type": "Feature", "properties": { "TERYT": null, "LOKALNYID": null, "WERSJAID": null, "PNAZW": null, "GMLID": null, "X_KOD": null, "X_SKRKARTO": null, "X_SKRK_NIL": null, "X_KATDOKG": null, "X_DOKLGEOM": null, "X_ZRODLOG": null, "X_ZRODLOA": null, "X_KATIST": null, "X_KATI_NIL": null, "X_RODZREPG": null, "X_UWAGI": null, "X_UZYTKOWN": null, "X_AKTG": null, "X_AKTA": null, "POCZWERS": null, "KONIECWERS": null, "X_DATAUTW": null, "X_INFDOD": null, "KOD10K": null, "KOD10K_NIL": null, "KOD25K": null, "KOD25K_NIL": null, "KOD50K": null, "KOD50K_NIL": null, "KOD100K": null, "KOD100_NIL": null, "KOD250K": null, "KOD250_NIL": null, "KOD500K": null, "KOD500_NIL": null, "KOD1000K": null, "KOD1000_NI": null, "KATZARZ": null, "KATZAR_NIL": null, "KLASADROGI": null, "KLDRO_NIL": null, "MATNAWIERZ": null, "MATNAW_NIL": null, "NAZWADROGI": null, "LJEZDNIDR": null, "LJEZDN_NIL": null, "POLOZENIE": null, "POLOZE_NIL": null, "SZERNAWIE": null, "SZERNA_NIL": null, "SZERKORDR": null, "SZKOR_NIL": null, "LICZPASOW": null, "LPASOW_NIL": null, "SZL_NUMER": null, "SZLAK_NIL": null, "UL_EMU_ID": null, "UL_EMU_PN": null, "UL_EM_WERS": null, "UL_IDTERUL": null, "UL_IDTER_N": null, "UL_KODULGM": null, "UL_NAZWA1": null, "UL_NAZWA2": null, "UL_PRZEDR1": null, "UL_PRZEDR2": null, "ULICA_NIL": null, "BD500_ID": null, "BD500_PNA": null, "BD500_WEID": null, "length": null }, "geometry": { "type": "MultiLineString", "coordinates": [ [ [ 16.960898113295041, 52.529738718888517 ], [ 16.961462066843175, 52.529783514321295 ], [ 16.961568596701124, 52.529792005450261 ], [ 16.962334740441595, 52.529852871892189 ], [ 16.962530254662784, 52.52986658222374 ], [ 16.962662998931599, 52.529875883538701 ], [ 16.96399881969672, 52.529969572293851 ], [ 16.96554466261335, 52.530075941525801 ], [ 16.965772179924457, 52.530086509076817 ], [ 16.96578984283682, 52.530087262456767 ], [ 16.96658226512416, 52.530106279806269 ], [ 16.966586269410282, 52.530198360452452 ], [ 16.966588848934173, 52.530346810958719 ], [ 16.96658852618846, 52.530532537985771 ], [ 16.966581254804467, 52.530814384743096 ], [ 16.966612442341482, 52.530953343181231 ], [ 16.966638578758168, 52.5310484125024 ], [ 16.96672083065565, 52.531330268612024 ], [ 16.966754841930655, 52.53145920189008 ], [ 16.966771009865049, 52.531543396643563 ], [ 16.966777030643875, 52.531588651546727 ], [ 16.966786675202624, 52.531814034834163 ], [ 16.966794426599641, 52.531898444726139 ], [ 16.966803095775049, 52.532119404028087 ], [ 16.966799761679777, 52.532166027211161 ], [ 16.966805073858517, 52.532280885897144 ], [ 16.96680600949691, 52.53247769748986 ], [ 16.966806116794338, 52.532526448496014 ], [ 16.966812089257267, 52.532627017567577 ], [ 16.966814834360513, 52.532704865519911 ], [ 16.966815234289697, 52.532756859504261 ], [ 16.966818481109037, 52.532881306601269 ], [ 16.966827483329688, 52.533043988463263 ], [ 16.966829483866579, 52.533077301783834 ], [ 16.966820992710375, 52.53319722991381 ], [ 16.966819349136909, 52.533325370581139 ], [ 16.966826403747032, 52.53353658823508 ], [ 16.96683086756838, 52.533615545025327 ], [ 16.966838060724907, 52.533871646649082 ], [ 16.966840200109782, 52.533924300114059 ], [ 16.966839829173413, 52.534034474018199 ], [ 16.966842944443638, 52.534222418644617 ], [ 16.96682568400912, 52.534417208604921 ], [ 16.966810437329947, 52.534581182684924 ], [ 16.966798472933146, 52.534702849970579 ], [ 16.966780044313584, 52.534836728379972 ], [ 16.966760335555701, 52.535055760876354 ], [ 16.966747456598558, 52.535104648491789 ], [ 16.966729303959788, 52.535222971478909 ], [ 16.96670725240412, 52.535368210385101 ], [ 16.966680396329995, 52.535566343191284 ], [ 16.966668727271877, 52.535617769992442 ], [ 16.966640951686976, 52.535682591364427 ], [ 16.96659239928789, 52.535740579793867 ], [ 16.966502485369272, 52.535828617934804 ], [ 16.966406119749912, 52.535903053670665 ], [ 16.966263509281646, 52.536023824687618 ], [ 16.966241546368675, 52.536045843029086 ], [ 16.966214660865305, 52.536094579792739 ], [ 16.966198522081246, 52.536137385133557 ], [ 16.966187201254559, 52.536181262655816 ], [ 16.96618025246844, 52.536213522724516 ], [ 16.966154871943154, 52.53632542537197 ], [ 16.966149285798576, 52.53639521511635 ], [ 16.966148782723803, 52.536418861494653 ], [ 16.966172847441356, 52.536577934675329 ], [ 16.966199830587016, 52.53675045952221 ], [ 16.966212020175277, 52.536888821563402 ], [ 16.966230511017358, 52.536996171605296 ], [ 16.966251064639589, 52.537129100921483 ], [ 16.966270365032742, 52.537244469797045 ], [ 16.966276489953536, 52.537281091942738 ], [ 16.966304639454531, 52.537492222353933 ], [ 16.966315112791865, 52.537552844079691 ], [ 16.966339722310693, 52.537719301883513 ], [ 16.96635183097407, 52.53780198775312 ], [ 16.966361066989496, 52.5378702333646 ], [ 16.966375298339411, 52.53799316024746 ], [ 16.966391933714696, 52.538194918539006 ], [ 16.966418624975528, 52.53848229551518 ], [ 16.966441287968532, 52.538652587366755 ], [ 16.966462828607188, 52.538799294848296 ], [ 16.966478101473772, 52.53888374398214 ], [ 16.966499309998778, 52.539037641184684 ], [ 16.966515670618858, 52.539130473703089 ], [ 16.96654198619218, 52.539288775917242 ], [ 16.966543318309448, 52.539317400688091 ], [ 16.966544792629577, 52.539390819524456 ], [ 16.966537233835098, 52.539484140425202 ], [ 16.966532923224825, 52.539519953613265 ], [ 16.966516844487124, 52.539612498500787 ], [ 16.966496301657337, 52.539645244511483 ], [ 16.966458798020238, 52.539834289834424 ], [ 16.966429180878247, 52.540021851698675 ], [ 16.966409982740384, 52.540143574438034 ], [ 16.966394538598998, 52.540241526789892 ], [ 16.96638432067779, 52.540306200098534 ], [ 16.966346795860542, 52.540543544403754 ], [ 16.966316880711759, 52.540734339053451 ], [ 16.966315643160392, 52.540741962940082 ], [ 16.966284243038633, 52.540942535844096 ], [ 16.966275451281206, 52.540998689064345 ], [ 16.966248299285514, 52.541171182805016 ], [ 16.966226574671047, 52.541254996078813 ], [ 16.966198922104034, 52.541294725341075 ], [ 16.966154356803603, 52.541362046244288 ], [ 16.966146585630796, 52.541373785154754 ], [ 16.966125692629657, 52.541414080293364 ], [ 16.966124729268305, 52.541415772652556 ], [ 16.966097518267944, 52.541468281386166 ], [ 16.966094599089583, 52.54147398756394 ], [ 16.966064177953026, 52.541538493476338 ], [ 16.966001711778119, 52.541670715313145 ], [ 16.966000067373198, 52.541674374711114 ], [ 16.965977002161278, 52.541723356956993 ], [ 16.965919296366962, 52.541845137244522 ], [ 16.965884130392681, 52.541919725109217 ], [ 16.96586712340401, 52.54195891774161 ], [ 16.965842000074041, 52.542017308597181 ], [ 16.965770717925214, 52.542183826932956 ], [ 16.965753525917755, 52.542223825855281 ], [ 16.965680455370666, 52.542393911112505 ], [ 16.965589683806478, 52.542592653655618 ], [ 16.965495458698122, 52.542792685898682 ], [ 16.965389242771785, 52.543035054936027 ], [ 16.965333105138338, 52.543157941215313 ], [ 16.965300987247986, 52.543227184735798 ], [ 16.965247930663651, 52.543340859823267 ], [ 16.965117080308257, 52.543615004623334 ], [ 16.965001493259503, 52.543843001179056 ], [ 16.964980338305885, 52.543885720072055 ], [ 16.964839824680709, 52.544148635403957 ], [ 16.964831427449067, 52.544164320953257 ], [ 16.964724350165614, 52.544358195316221 ], [ 16.96450093155347, 52.544761164656229 ], [ 16.964357499459414, 52.545020071730939 ], [ 16.964260352099924, 52.545196937383018 ], [ 16.964182376974534, 52.545338875137418 ], [ 16.963904779261881, 52.545844345713206 ], [ 16.963805368789036, 52.546025399377299 ], [ 16.963725122932704, 52.546171704968124 ], [ 16.963497942968417, 52.546585400869752 ], [ 16.963459438908043, 52.546655433424363 ], [ 16.963373684952103, 52.546815495206097 ], [ 16.963322121697971, 52.546912645630059 ], [ 16.963224186425222, 52.547096782260283 ], [ 16.963151306583825, 52.547233680288663 ], [ 16.963125934659676, 52.547281363077552 ], [ 16.96302379843765, 52.547473342217813 ], [ 16.962995518716799, 52.54752646144852 ], [ 16.96297273830978, 52.547569152006695 ], [ 16.962923161526746, 52.547674341374893 ], [ 16.962913838471238, 52.547694058285877 ], [ 16.962823355092691, 52.547886057954734 ], [ 16.962742214941187, 52.548057891290227 ], [ 16.962696816287025, 52.548203446933329 ], [ 16.962645677988117, 52.548367791766019 ], [ 16.96262141630562, 52.548445624449684 ], [ 16.962551759041901, 52.548668922822195 ], [ 16.962529754975399, 52.548739419032231 ], [ 16.962502734322872, 52.548825838713022 ], [ 16.962479776300501, 52.548885075620625 ], [ 16.962396015287744, 52.549100665807281 ], [ 16.962286257986239, 52.549367795338654 ], [ 16.962274358061755, 52.549398530810898 ], [ 16.962239314530045, 52.549489309433042 ], [ 16.962188750067565, 52.549622093967756 ], [ 16.962166902310852, 52.549679641015778 ], [ 16.962111752910911, 52.549841308193258 ], [ 16.962104767062616, 52.549861515001339 ], [ 16.962039544384627, 52.550052689851377 ], [ 16.961969900635577, 52.550256470482445 ], [ 16.961963234504161, 52.550276143130105 ], [ 16.961919145257241, 52.550406070940042 ], [ 16.961904290242384, 52.550449617322705 ], [ 16.961835949611778, 52.550650722025594 ], [ 16.961820215637918, 52.550697311319418 ], [ 16.962058217006931, 52.550706806590568 ], [ 16.962659851251939, 52.550730746764145 ], [ 16.963291123352477, 52.550745570048655 ], [ 16.963272978982189, 52.551000335877205 ], [ 16.963265580310054, 52.551118663355041 ], [ 16.963264586136223, 52.551133756653584 ], [ 16.963258687004341, 52.551229264438149 ], [ 16.963257584597926, 52.551246694389256 ], [ 16.96325126742553, 52.551348041266309 ], [ 16.963242691262906, 52.55148541636796 ], [ 16.963238620486393, 52.551551004627413 ], [ 16.963238911297136, 52.551589325308129 ], [ 16.96324360988778, 52.551615309726934 ], [ 16.963257196385065, 52.551678773409989 ], [ 16.963263527536316, 52.551701368093703 ], [ 16.963282625763267, 52.551760519427035 ], [ 16.96332206254904, 52.551874346282396 ], [ 16.96333725547186, 52.551947731316481 ], [ 16.963345062157153, 52.551979885333985 ], [ 16.963351858456562, 52.55204341203261 ], [ 16.963353867758865, 52.552111533380611 ] ], [ [ 16.961820215637918, 52.550697311319418 ], [ 16.961756821603657, 52.550845794608193 ], [ 16.96168763849008, 52.551033213387356 ], [ 16.961670663884885, 52.55108427843939 ], [ 16.961626965213693, 52.551215292178952 ], [ 16.961624970800784, 52.551309248187756 ], [ 16.961635107706542, 52.551402513713647 ], [ 16.961698252253722, 52.551574582783083 ], [ 16.961774094806245, 52.551781498527504 ], [ 16.961789079632915, 52.551824299603815 ], [ 16.961870627898161, 52.552057756755133 ], [ 16.961929889224635, 52.552227690108495 ], [ 16.961963369633516, 52.552323516216262 ], [ 16.962038885634083, 52.552521611721595 ], [ 16.962055797645476, 52.552567414058068 ], [ 16.962099030319973, 52.552694798125493 ], [ 16.962124863750859, 52.552770974887984 ], [ 16.962157840171798, 52.552868141392146 ], [ 16.962192572684252, 52.552987913789714 ], [ 16.962204481206598, 52.553042984006467 ], [ 16.962202715238181, 52.55322436841832 ], [ 16.962202390359316, 52.553279138046506 ], [ 16.962201409046347, 52.553430854808774 ], [ 16.962199574756866, 52.553467250095615 ], [ 16.962192117609469, 52.553609051573595 ], [ 16.962173199803456, 52.553778448062005 ], [ 16.962158847652656, 52.553906639375597 ], [ 16.962143088331295, 52.554090660986212 ], [ 16.96213265190719, 52.554255346583865 ], [ 16.962122751954613, 52.554382984948433 ], [ 16.962117719518922, 52.554434255678146 ], [ 16.962106869854018, 52.554550544882751 ], [ 16.962101644004985, 52.554634641430361 ], [ 16.962097876566727, 52.554776416472606 ], [ 16.962090637332075, 52.555053585695227 ], [ 16.962091641716206, 52.555121060143016 ], [ 16.962095648412472, 52.555394375569378 ], [ 16.962097303234952, 52.555505123731841 ], [ 16.96209521370265, 52.555569306957096 ], [ 16.962091516170641, 52.555684100325145 ], [ 16.96208227713916, 52.55598848776264 ], [ 16.962079112718254, 52.556091777617681 ], [ 16.962074037857313, 52.556239466345552 ], [ 16.962073533008962, 52.556409539590085 ], [ 16.962070837429145, 52.556531365739339 ], [ 16.962068795158135, 52.556613628281767 ], [ 16.9620675893369, 52.556684212655789 ], [ 16.96206547353524, 52.556803080669525 ], [ 16.96206610570043, 52.556827645952424 ], [ 16.962070874808887, 52.557020835363936 ], [ 16.962071430342537, 52.557043870298081 ], [ 16.962143431939264, 52.557072812478268 ], [ 16.962234905945515, 52.557085990117983 ], [ 16.962357761092601, 52.557097099628656 ], [ 16.962459241228917, 52.557094979198105 ], [ 16.96263252896491, 52.557081412887037 ], [ 16.96282736478226, 52.557058233572079 ], [ 16.962992610638331, 52.557046237225862 ], [ 16.963198425686507, 52.557047261004307 ], [ 16.963435617595795, 52.557046305950543 ], [ 16.963724712228125, 52.557036709488727 ] ], [ [ 16.961963369633516, 52.552323516216262 ], [ 16.962064872927471, 52.552314291109809 ], [ 16.962381457511821, 52.552290330937282 ], [ 16.962596259716101, 52.552281616937698 ], [ 16.96263879190402, 52.552287206059269 ], [ 16.962678825982888, 52.552292572275277 ], [ 16.962809059136543, 52.552316130607061 ], [ 16.963054206105806, 52.552388167177867 ], [ 16.963291930254819, 52.552458006804287 ], [ 16.963335599925834, 52.552470900622822 ], [ 16.963484417664468, 52.552513755977394 ], [ 16.963447633569807, 52.552565649637842 ], [ 16.963292395446445, 52.552772904854741 ], [ 16.963262563521386, 52.552843536279006 ], [ 16.963248487091761, 52.552892582726244 ], [ 16.963230807194709, 52.552946154243024 ], [ 16.963213615778109, 52.553052890407052 ], [ 16.963205920261125, 52.553260436076336 ], [ 16.963217774062713, 52.553450509496002 ], [ 16.963236760314235, 52.553610844623016 ] ], [ [ 16.962079112718254, 52.556091777617681 ], [ 16.962542989116589, 52.555997948999597 ], [ 16.962618476124053, 52.555977122568208 ], [ 16.962720142444685, 52.555942265939706 ], [ 16.962729160204567, 52.555938733512846 ], [ 16.962935498659046, 52.555858278575727 ], [ 16.962958040888452, 52.555849492400817 ], [ 16.963026627894447, 52.555815145465466 ], [ 16.963295515054735, 52.555677753299094 ], [ 16.96335521467919, 52.555647300660624 ], [ 16.963574932506827, 52.555532806638013 ], [ 16.963685165858319, 52.55547543100419 ], [ 16.964061529765843, 52.555301840470882 ], [ 16.96417211811147, 52.555255893237224 ], [ 16.9642348690044, 52.555229630018701 ], [ 16.964580023214786, 52.555089409460635 ], [ 16.964773811144802, 52.555005767397653 ], [ 16.964891106159218, 52.554955167862261 ], [ 16.964714626617635, 52.554948625279891 ], [ 16.964504275386155, 52.554946986395258 ], [ 16.964327466704745, 52.55495392899978 ], [ 16.964238432481327, 52.554964629767085 ], [ 16.964217716451198, 52.554924428746553 ], [ 16.964207852726574, 52.554892059539235 ], [ 16.964190535103324, 52.55484220314343 ], [ 16.964175939387296, 52.55480048842194 ], [ 16.964165486348698, 52.554739417305314 ], [ 16.964159567141635, 52.554554932648749 ], [ 16.964153430332559, 52.554365587329379 ], [ 16.964150793662601, 52.554285492836108 ], [ 16.964150698510178, 52.554281173942407 ], [ 16.964137601305243, 52.554251717216438 ], [ 16.964129051179913, 52.554232412308167 ], [ 16.964089445457201, 52.554198632025532 ], [ 16.963978598492606, 52.554148245923848 ], [ 16.963846347990692, 52.55409164519245 ], [ 16.963816038710551, 52.554070616756896 ], [ 16.963791096926656, 52.554035649575603 ], [ 16.963776219995808, 52.554009580014622 ], [ 16.963769773522518, 52.553992649786423 ], [ 16.963761046474346, 52.553958051518855 ], [ 16.963763551906947, 52.553926254852691 ], [ 16.963764023981401, 52.553919247431672 ], [ 16.963777552604103, 52.553885211965159 ], [ 16.963779062719563, 52.553881280461113 ], [ 16.963860978326082, 52.55380120157686 ], [ 16.96387027200872, 52.55379488558404 ], [ 16.964095298763894, 52.553641986431579 ], [ 16.964589375954677, 52.553860951082079 ], [ 16.964643598135797, 52.553884998915677 ], [ 16.964944558329734, 52.554001163890945 ], [ 16.965086052827839, 52.554065297643099 ], [ 16.965367656708647, 52.554143802428577 ] ], [ [ 16.962071430342537, 52.557043870298081 ], [ 16.962112915792275, 52.557390504804872 ], [ 16.962154877581337, 52.557720508052007 ], [ 16.962158517243765, 52.557743865914972 ], [ 16.962169287141244, 52.557810788936315 ], [ 16.962214477213468, 52.558093447850283 ], [ 16.962277395975853, 52.558487131585956 ], [ 16.962290216451404, 52.55856713160054 ], [ 16.96234542602086, 52.558967967901424 ], [ 16.962368839751242, 52.559137823262873 ], [ 16.962373923411526, 52.559174607451908 ], [ 16.962383250983713, 52.5592853976949 ], [ 16.962386210221638, 52.559320256509018 ], [ 16.962436936110532, 52.559922937109377 ], [ 16.962444003616433, 52.559990156109578 ], [ 16.962478656555184, 52.560306002177612 ], [ 16.962504393473971, 52.560540386445766 ], [ 16.962514635488876, 52.560634642920128 ], [ 16.962533848216719, 52.560809192844246 ], [ 16.962577068187873, 52.561204515847365 ], [ 16.962587495432107, 52.561297966007459 ], [ 16.962605328913373, 52.561460889537841 ], [ 16.962613030070052, 52.561530367986023 ], [ 16.962640145314449, 52.561731856842876 ], [ 16.962653965478328, 52.561834899325973 ], [ 16.96268141517341, 52.562038732430608 ], [ 16.962723504724046, 52.562372514981547 ], [ 16.962744831766376, 52.562542873898352 ], [ 16.962749977849985, 52.562600615785321 ], [ 16.962756735443588, 52.56267772310283 ], [ 16.962765183702611, 52.562772488299856 ], [ 16.962765443598574, 52.562887889331037 ], [ 16.962765669953715, 52.562972169589557 ], [ 16.962766184342424, 52.563145767959234 ], [ 16.962766402252548, 52.563214308087531 ], [ 16.96276346121277, 52.563363742318224 ], [ 16.962761906132343, 52.563441875801331 ], [ 16.962756232507942, 52.563650265435108 ], [ 16.962753624321927, 52.563744750368301 ], [ 16.96274955580515, 52.563889847929318 ], [ 16.962740424968221, 52.564086845257449 ], [ 16.962739858452956, 52.564099067719155 ], [ 16.96273816307027, 52.564135645233073 ], [ 16.962728732177141, 52.5643391132663 ], [ 16.962726474411241, 52.564387823368442 ], [ 16.962714241270341, 52.564591243160301 ], [ 16.962701088665277, 52.564808103865822 ] ], [ [ 16.963113814620115, 52.548900127556038 ], [ 16.963147952435527, 52.54906459115098 ], [ 16.963209545353969, 52.549426322391724 ], [ 16.963220499111589, 52.549521130875469 ], [ 16.963241193199494, 52.549679606698852 ], [ 16.963254069157404, 52.549761586418647 ], [ 16.963267118311901, 52.549935400840859 ], [ 16.963309264378836, 52.550220075973897 ], [ 16.963314600858041, 52.550522196125108 ], [ 16.963301593154405, 52.550666060812439 ], [ 16.963291123352477, 52.550745570048655 ], [ 16.96354113291132, 52.550744295955845 ], [ 16.963822485072068, 52.550748057745288 ], [ 16.963938874537693, 52.550745473124415 ], [ 16.964236311798651, 52.550746002889454 ], [ 16.964463504714217, 52.550769068651888 ], [ 16.964467630564105, 52.550852066963834 ], [ 16.964475220998562, 52.551003661347785 ], [ 16.964475954851107, 52.551019683804412 ], [ 16.964484515812686, 52.551188563910948 ], [ 16.964486582925023, 52.551229973192974 ], [ 16.964493279677672, 52.551365812190355 ], [ 16.964498415376831, 52.551468435410818 ], [ 16.964501610593231, 52.551530101242278 ], [ 16.964510169373106, 52.551702219238926 ], [ 16.964518769802513, 52.551873438517632 ], [ 16.964521983535903, 52.551937892892106 ], [ 16.964527801191242, 52.552111852530992 ], [ 16.964614731010787, 52.55266928450083 ], [ 16.96462585809947, 52.552744488217918 ], [ 16.964631698736891, 52.552784073584178 ], [ 16.964653558745564, 52.552958938689216 ], [ 16.964654123416164, 52.553016871603191 ], [ 16.964654604476294, 52.553054296106552 ], [ 16.964627219414975, 52.55317093074018 ], [ 16.96458175124403, 52.553254245335651 ], [ 16.964516597256623, 52.55335161219493 ], [ 16.964446428325818, 52.55341705299184 ], [ 16.964362549395023, 52.553479019988913 ], [ 16.96429838333917, 52.553523157550707 ], [ 16.964179931144134, 52.553592444696129 ], [ 16.964095298763894, 52.553641986431579 ] ], [ [ 16.963484417664468, 52.552513755977394 ], [ 16.963598273079292, 52.552543687376819 ], [ 16.96379770577353, 52.552596047768759 ], [ 16.963910424304373, 52.55261867393088 ], [ 16.96399601467331, 52.552634447341639 ], [ 16.964062139498601, 52.55264358982393 ], [ 16.964146845336298, 52.552659347908154 ], [ 16.964237499283463, 52.55266774298974 ], [ 16.964305169338967, 52.552675382886939 ], [ 16.964430669528998, 52.552676911946143 ], [ 16.964515320646484, 52.552677918193559 ], [ 16.964614731010787, 52.55266928450083 ] ], [ [ 16.964371333684078, 52.546831401145461 ], [ 16.964449537949303, 52.546818445411986 ], [ 16.964511584684352, 52.546797566565147 ], [ 16.964543086345948, 52.54677679191748 ], [ 16.964572988084484, 52.54674276813035 ], [ 16.964666721790113, 52.546601460942647 ], [ 16.964745513492989, 52.546492905767934 ], [ 16.964801612678652, 52.546415620199774 ], [ 16.964947829215578, 52.54618905002792 ], [ 16.964970236875661, 52.546154357611769 ], [ 16.965012670338488, 52.546088619469266 ], [ 16.965078067951982, 52.545982532039034 ], [ 16.965207911191431, 52.545771779790059 ], [ 16.965405850634266, 52.545450758871389 ], [ 16.965489687299435, 52.545312788659011 ], [ 16.965506784894345, 52.5452812427975 ], [ 16.965693569400877, 52.544936554517008 ], [ 16.966008756917919, 52.544345020947404 ], [ 16.966085775099749, 52.544214038615891 ], [ 16.966297852940961, 52.544263374493028 ], [ 16.966363959217091, 52.544282229305921 ], [ 16.966629817468746, 52.544358572238274 ], [ 16.966751265285794, 52.544402572387717 ], [ 16.966790403860919, 52.544420783720668 ], [ 16.96682349227363, 52.544442218981452 ], [ 16.96685037052292, 52.544473531204034 ], [ 16.966874165370001, 52.54451729251447 ], [ 16.966894032108993, 52.544556669071852 ], [ 16.966904267323521, 52.544590573519621 ], [ 16.966929064755544, 52.544654139488934 ], [ 16.966960993128165, 52.544777280242592 ], [ 16.9670105816258, 52.544939669666171 ], [ 16.967050165620211, 52.545059973788966 ], [ 16.967086027163631, 52.545174637486369 ], [ 16.9671278765225, 52.545312969077585 ], [ 16.967167325535517, 52.545484088584089 ], [ 16.967200899733527, 52.545590797965687 ], [ 16.967238956626261, 52.545712245031808 ], [ 16.967277410282136, 52.545834688269281 ], [ 16.967325101224901, 52.545996685152893 ], [ 16.967349914339007, 52.546082287294283 ], [ 16.967360712875038, 52.546119978968022 ], [ 16.967444238951515, 52.54636533877504 ], [ 16.967289397176057, 52.546386154294289 ], [ 16.967185392110711, 52.546392372696729 ], [ 16.967038145598849, 52.546395689545712 ], [ 16.966847867268282, 52.546401145084488 ], [ 16.966557186427078, 52.546401907031481 ], [ 16.966256468655686, 52.546402765603688 ], [ 16.966120423933265, 52.546403125816283 ], [ 16.965965052947929, 52.546400275521059 ], [ 16.965879641834597, 52.546390442754081 ], [ 16.965831967703995, 52.546384496541371 ], [ 16.965725631825403, 52.546367738148838 ], [ 16.965678348187275, 52.546359729898931 ], [ 16.9656217234715, 52.54634634435871 ] ], [ [ 16.964891106159218, 52.554955167862261 ], [ 16.965563086137557, 52.554659206568672 ], [ 16.966866112816454, 52.55405838469715 ], [ 16.968568255201806, 52.553262658384561 ], [ 16.969088168874109, 52.553037640260825 ], [ 16.969576464650412, 52.55286451408557 ], [ 16.97000185475757, 52.552625188347044 ], [ 16.970388601607304, 52.552436555724562 ], [ 16.971433752299323, 52.551969323668338 ], [ 16.973133911119845, 52.551193825631088 ], [ 16.973246653237268, 52.551142330461332 ], [ 16.97341132710639, 52.551071757195359 ], [ 16.97358247432539, 52.551027198059614 ], [ 16.973599691920892, 52.551098637592894 ], [ 16.973935589504819, 52.552519008024682 ], [ 16.974292020074994, 52.55407707101535 ], [ 16.974489185260257, 52.554864566038894 ], [ 16.974693751786848, 52.555715776723055 ], [ 16.974841664146012, 52.556150392407758 ], [ 16.974992044295718, 52.556400127963677 ], [ 16.9751668382698, 52.556632472346124 ], [ 16.975219768065944, 52.556697596941163 ], [ 16.97525865669618, 52.556737567183696 ], [ 16.975421966473061, 52.556895691886744 ], [ 16.975553748554574, 52.55701424196112 ], [ 16.9756506951408, 52.557088124152763 ], [ 16.975717315530026, 52.557134774608727 ], [ 16.975865563762191, 52.557238675473535 ], [ 16.976083916689458, 52.557377683373822 ], [ 16.978377400634685, 52.558740296416381 ], [ 16.982200479080237, 52.56100813879101 ], [ 16.983094165485099, 52.561543958330603 ], [ 16.983399765812496, 52.561731658842305 ], [ 16.983526922679133, 52.56181990022074 ], [ 16.983876858232517, 52.562067536932759 ], [ 16.98400451481308, 52.562119179711054 ], [ 16.984259411391708, 52.562250879567692 ], [ 16.98430747739609, 52.562274453595016 ], [ 16.984376035513158, 52.562308180305493 ], [ 16.984704422926825, 52.562481964554756 ], [ 16.984833841031929, 52.562588591244676 ], [ 16.984664142775323, 52.562539651349489 ], [ 16.984335096601349, 52.562377008637064 ], [ 16.984265870210596, 52.562344979429263 ], [ 16.984216878096692, 52.56232228903761 ], [ 16.983961020367712, 52.562169706070733 ], [ 16.983876858232517, 52.562067536932759 ] ], [ [ 16.96658226512416, 52.530106279806269 ], [ 16.967559910572007, 52.53011282348654 ], [ 16.967923109637916, 52.530120230910889 ], [ 16.968330702587163, 52.530114818087526 ], [ 16.968738299622441, 52.530109313987118 ], [ 16.969092594877797, 52.530117914111557 ], [ 16.969563778726844, 52.530115117540461 ], [ 16.969628247490721, 52.530114694786597 ], [ 16.969691834312929, 52.530117404872577 ], [ 16.969786772469128, 52.530121462352028 ], [ 16.969855062540248, 52.530124522879042 ], [ 16.969912838105131, 52.530131720235524 ], [ 16.970340579718876, 52.530204267061492 ], [ 16.970993147374635, 52.530297847004093 ], [ 16.971412320427319, 52.530370782651815 ], [ 16.971552167067486, 52.530296458737645 ], [ 16.971907895978525, 52.530078778248345 ], [ 16.972038640855381, 52.529997102315136 ], [ 16.972557511129008, 52.529644243262616 ], [ 16.972774937064106, 52.529521688592183 ], [ 16.973122124906794, 52.529316270318148 ], [ 16.973261422934591, 52.529221697829954 ], [ 16.973409415730732, 52.529149669923747 ], [ 16.97349408620935, 52.52912044953321 ], [ 16.973489219501282, 52.529152475850275 ], [ 16.973492917398843, 52.529206684901979 ], [ 16.973553100239823, 52.529507495826152 ], [ 16.973628065007635, 52.52993250136489 ], [ 16.973669905053772, 52.530170487637342 ], [ 16.97368112644342, 52.53023426953439 ], [ 16.974253364186836, 52.530189202671394 ], [ 16.974970105432948, 52.530144717431384 ], [ 16.975364466598482, 52.530115938560783 ], [ 16.975730159940596, 52.530088376849093 ], [ 16.976174291020104, 52.530054870274 ], [ 16.976516154372021, 52.530029147116188 ], [ 16.977020994383572, 52.529977517704786 ], [ 16.977003645037119, 52.529921816196804 ], [ 16.97693092888073, 52.529678176555521 ], [ 16.976913055037084, 52.529624264922241 ], [ 16.976912797493078, 52.529623451031746 ], [ 16.97686838292017, 52.529441096703742 ], [ 16.976828075574229, 52.529275272150095 ], [ 16.976805483647588, 52.529189260111757 ], [ 16.976654922520616, 52.528617975904233 ], [ 16.97663145793987, 52.528583036529298 ], [ 16.976607720655629, 52.528563652627504 ], [ 16.976584605847872, 52.528553183724327 ], [ 16.976599971313398, 52.528526913299373 ], [ 16.9766068531959, 52.52851515850768 ], [ 16.976612160956858, 52.528499149475039 ], [ 16.976615316229744, 52.528462596625118 ], [ 16.976571764929282, 52.528219815190383 ], [ 16.976500695758656, 52.527898762406885 ] ], [ [ 16.967444238951515, 52.54636533877504 ], [ 16.967508954996642, 52.546500555160769 ], [ 16.967580569070261, 52.546620599680644 ], [ 16.967625627311765, 52.546695936180981 ], [ 16.967635986066451, 52.546723996380152 ], [ 16.967687113527905, 52.54686275688718 ], [ 16.967704911719746, 52.547007600777341 ], [ 16.967706512494455, 52.547065551493198 ], [ 16.967706857150457, 52.547077249988554 ], [ 16.967730708158573, 52.547139000637195 ], [ 16.96754473926201, 52.547143721837998 ], [ 16.967395945481023, 52.547142155659508 ], [ 16.967233406190182, 52.547144310673986 ], [ 16.967065397814405, 52.547143493341508 ], [ 16.966900337876339, 52.547142726424333 ], [ 16.966741183109246, 52.547141880849544 ], [ 16.966579812880706, 52.547141086935987 ], [ 16.966476703126286, 52.547140664336162 ], [ 16.966261937357991, 52.547139582053902 ], [ 16.966207657273504, 52.547139278820374 ], [ 16.966043776767982, 52.547138530977151 ], [ 16.965963386519896, 52.547138138640186 ], [ 16.965937870192093, 52.547137969895104 ], [ 16.965789923658491, 52.547137225744592 ], [ 16.965671791687928, 52.547133036446148 ], [ 16.965599721952032, 52.547121813856982 ], [ 16.965530034018659, 52.54710694451046 ], [ 16.965442510786072, 52.547082144601113 ], [ 16.965167203411823, 52.547005636659378 ], [ 16.964844356534858, 52.546936225503522 ], [ 16.96477787082015, 52.5469223102086 ], [ 16.964641255605205, 52.546893517406538 ], [ 16.964371333684078, 52.546831401145461 ], [ 16.964265188165633, 52.546816893292984 ], [ 16.964232361437769, 52.546891790728687 ], [ 16.964239638701446, 52.546999127910219 ], [ 16.964255112783469, 52.547295935992238 ], [ 16.964270646775844, 52.547754012776217 ], [ 16.964276037924652, 52.547898913641909 ], [ 16.964293426938863, 52.548090611328945 ], [ 16.96430961274001, 52.548270056071225 ], [ 16.964340352028586, 52.54861002943985 ], [ 16.964355498856431, 52.54877686427848 ], [ 16.964366805544962, 52.548902349255528 ], [ 16.964369280996813, 52.548950871069756 ], [ 16.964379973059444, 52.549156574551645 ], [ 16.964389392092613, 52.549338781027899 ], [ 16.96439887358294, 52.549519639428539 ], [ 16.964402116182125, 52.549583464727434 ], [ 16.96440267394923, 52.549593727813196 ], [ 16.964408182741575, 52.549701034516268 ], [ 16.964413861613988, 52.549811042429873 ], [ 16.964417201755221, 52.549875948717926 ], [ 16.964417780327654, 52.549885762446451 ], [ 16.964419509556791, 52.54991853140784 ], [ 16.964419723048223, 52.549923481939807 ], [ 16.964436166965243, 52.550240813516346 ], [ 16.964441769229108, 52.550349291071818 ], [ 16.96444533540609, 52.550418878271884 ], [ 16.964447524937082, 52.550460829322887 ], [ 16.96445279959358, 52.5505636348365 ], [ 16.964454844030712, 52.55060234544645 ], [ 16.964463504714217, 52.550769068651888 ] ], [ [ 16.968134076509948, 52.538359490325512 ], [ 16.968133095226381, 52.538252980955257 ], [ 16.968137005239182, 52.538024592849702 ], [ 16.968117320060653, 52.53777691154874 ], [ 16.968079169098669, 52.537465953036111 ], [ 16.968061553194463, 52.537314006609641 ], [ 16.968060344633969, 52.537282685684964 ], [ 16.968036400974441, 52.537082511072505 ], [ 16.968034934629618, 52.537018446458255 ], [ 16.968032890185906, 52.536871084672846 ], [ 16.968046912460846, 52.536851717882953 ], [ 16.96808150238498, 52.536827757406812 ], [ 16.968131813030222, 52.53681791809182 ], [ 16.968179958604985, 52.536813438161182 ], [ 16.968475560555632, 52.536822920722429 ], [ 16.968598692960825, 52.536826833492903 ], [ 16.969000947568606, 52.536848938786839 ], [ 16.969018744053429, 52.536850053728891 ], [ 16.969163175236893, 52.536859098454343 ], [ 16.969281624882186, 52.53686859655442 ], [ 16.969522045036559, 52.536888012585642 ], [ 16.969564806121952, 52.536891534567332 ], [ 16.969784044250044, 52.536909687168269 ], [ 16.969855164034421, 52.536915584400703 ], [ 16.970053240837267, 52.536932024297315 ], [ 16.970628504791524, 52.536980027342956 ], [ 16.970586277035306, 52.537124830882249 ], [ 16.97052513799078, 52.53730546714187 ], [ 16.970487425716222, 52.537435507495296 ], [ 16.970477789536631, 52.537468531184423 ], [ 16.970449389408859, 52.537566171879 ], [ 16.97042910802713, 52.537663681987361 ], [ 16.970431112501085, 52.537744934880266 ], [ 16.970446945619273, 52.537871756216312 ], [ 16.970479176098372, 52.537991663343924 ], [ 16.970499330078916, 52.538066391848254 ], [ 16.970538785418601, 52.538160789119544 ], [ 16.970647328810585, 52.538381931621842 ], [ 16.970753578998771, 52.538598447592754 ], [ 16.970812366475815, 52.538718270364804 ], [ 16.970868455098753, 52.538832650246391 ], [ 16.970977946439646, 52.539055697456959 ], [ 16.971129509457377, 52.539364461984512 ], [ 16.970623582433376, 52.539398779294125 ], [ 16.970598278278615, 52.5394005039634 ], [ 16.970365660160351, 52.539416301802177 ], [ 16.97033369830292, 52.539418451880373 ], [ 16.9701448791586, 52.539431312863577 ], [ 16.970103594029538, 52.539434112436908 ], [ 16.969935939442692, 52.539445447342295 ], [ 16.969915814825175, 52.539446811008659 ], [ 16.969703615675357, 52.53946124893195 ], [ 16.969490239443392, 52.539478814281637 ], [ 16.969361036068001, 52.539488019931127 ], [ 16.969269277288898, 52.539494540148077 ], [ 16.968982263067417, 52.539512729650681 ], [ 16.968793926863835, 52.539524697341776 ], [ 16.968594494372315, 52.539537373675692 ], [ 16.968400984650096, 52.539552759705863 ], [ 16.96837363137325, 52.53955732689564 ], [ 16.968349190788473, 52.539565901578378 ], [ 16.968321424580814, 52.539582603969919 ], [ 16.968305153226385, 52.539602741661596 ], [ 16.968296214416192, 52.539630200685416 ], [ 16.968290083230769, 52.53971185359174 ], [ 16.968299321286167, 52.539828038654342 ], [ 16.96830169037899, 52.539850205304134 ], [ 16.968319731779555, 52.540024914504251 ], [ 16.968321876654556, 52.540045548272559 ], [ 16.968336747581024, 52.540189892245891 ], [ 16.968351550053644, 52.540332526121745 ], [ 16.968354602339868, 52.540362259708068 ], [ 16.968372436467821, 52.540535076522808 ], [ 16.968388040644335, 52.540685908959638 ], [ 16.968389697606163, 52.540701137769268 ], [ 16.968407330616628, 52.540875120373826 ], [ 16.968426763983416, 52.541064424183098 ], [ 16.968432852134036, 52.541124250833683 ] ], [ [ 16.967730708158573, 52.547139000637195 ], [ 16.967890720450136, 52.547118093425432 ], [ 16.96804435611401, 52.547097885995989 ], [ 16.968172813735972, 52.547073378539906 ], [ 16.968211660164464, 52.54706604057796 ], [ 16.968325331789234, 52.547032644580511 ], [ 16.968445871783423, 52.546997477583012 ], [ 16.968488943388408, 52.546984905433476 ], [ 16.968582781111358, 52.546940105735352 ], [ 16.968644184357256, 52.54691075905658 ], [ 16.96882680733755, 52.54682512005494 ], [ 16.968898334120805, 52.546781016484402 ], [ 16.968918962158501, 52.546765630519161 ], [ 16.968943204788751, 52.546739063726342 ], [ 16.968953494626291, 52.546720712093688 ], [ 16.968966381550882, 52.546687654399953 ], [ 16.968966760162211, 52.546637922483299 ], [ 16.968939936191013, 52.546567036833984 ], [ 16.968931522309518, 52.546544766478256 ], [ 16.968798896425959, 52.54619421795114 ], [ 16.968773213313497, 52.546126333296911 ] ], [ [ 16.968388040644335, 52.540685908959638 ], [ 16.968732220471274, 52.54066303572953 ], [ 16.968966012443428, 52.540647531031929 ], [ 16.969519818349735, 52.540614941694258 ], [ 16.969837394689844, 52.540593137797785 ], [ 16.970270103712068, 52.54056341419728 ], [ 16.970574658456439, 52.540542464287761 ], [ 16.970830376282134, 52.540524903479451 ], [ 16.97103651615615, 52.540510809325426 ], [ 16.97132887337677, 52.540488838852525 ], [ 16.971598431376119, 52.540468635483286 ], [ 16.971698341472568, 52.540451729843426 ], [ 16.971520751369123, 52.540112209227146 ], [ 16.971352648724341, 52.539790929487339 ], [ 16.971288111748652, 52.539667770507975 ], [ 16.971285273374658, 52.539662145384227 ], [ 16.971129509457377, 52.539364461984512 ] ], [ [ 16.969815136706003, 52.543562221852696 ], [ 16.969821641067977, 52.543683396599796 ], [ 16.969833908454763, 52.543910577393952 ], [ 16.969848446242462, 52.54417980165158 ], [ 16.969860484662124, 52.544401627487211 ] ], [ [ 16.971294457190751, 52.534949290940631 ], [ 16.971286773540221, 52.535007172445042 ], [ 16.971231312035354, 52.535192763347844 ], [ 16.971212375161283, 52.535248383217272 ], [ 16.971167841672962, 52.535379296221109 ], [ 16.971116660703494, 52.535529612860131 ], [ 16.971061907729371, 52.535690211673398 ], [ 16.971006608578136, 52.535853049669939 ], [ 16.970971159878179, 52.535959653878045 ], [ 16.970914283061504, 52.536131099304569 ], [ 16.970909652960355, 52.536145140958908 ], [ 16.970855183059474, 52.536309162360375 ], [ 16.970815780018665, 52.536427930956975 ], [ 16.970773296870572, 52.536555910847646 ], [ 16.970723511865312, 52.53670148427009 ], [ 16.970628504791524, 52.536980027342956 ] ], [ [ 16.971478634942123, 52.532697936768592 ], [ 16.971474401382121, 52.53279617192571 ], [ 16.971465180149288, 52.533008998938804 ], [ 16.971462620318242, 52.533070925801425 ], [ 16.971452537819104, 52.53319685307622 ], [ 16.971438810476798, 52.533369848007354 ], [ 16.971435302417248, 52.533413949891283 ], [ 16.971428499327917, 52.53351672808013 ], [ 16.9714196210472, 52.533648522286541 ], [ 16.971396554617538, 52.533889713789392 ], [ 16.971391098559394, 52.533947273725339 ], [ 16.971373261796117, 52.534132610316867 ], [ 16.971361329090715, 52.534257066758933 ], [ 16.971343763726257, 52.534439709701807 ], [ 16.971329228192165, 52.534591823959531 ], [ 16.971326378723962, 52.534621636186259 ], [ 16.971301322274702, 52.534883570359625 ], [ 16.971296537772098, 52.53493295698447 ], [ 16.971294457190751, 52.534949290940631 ], [ 16.971038679163957, 52.534927850317843 ], [ 16.970829532249681, 52.534834144945115 ], [ 16.970660595075088, 52.534723105012361 ], [ 16.970517541638618, 52.534620519350284 ], [ 16.970404391591021, 52.534510435851267 ], [ 16.970307003430705, 52.534414641113173 ], [ 16.970190060776307, 52.534244413024588 ] ], [ [ 16.971296537772098, 52.53493295698447 ], [ 16.971827271316336, 52.534928923408607 ], [ 16.972276113213582, 52.534925552835517 ], [ 16.972730958135202, 52.534903935037988 ], [ 16.972970050471968, 52.534884735842077 ], [ 16.97310861986027, 52.534873618090742 ], [ 16.973292044237013, 52.534858951194025 ], [ 16.973567079548559, 52.534834340236813 ], [ 16.973772485640559, 52.534816361382447 ], [ 16.974126373787495, 52.534783385523873 ], [ 16.974344275247216, 52.534763101207098 ], [ 16.974332300466614, 52.534712438206562 ], [ 16.974278145624961, 52.534485484432466 ], [ 16.974261823674247, 52.534417118177416 ], [ 16.974210791263438, 52.534202450057236 ], [ 16.974196351345203, 52.534128449602143 ], [ 16.974180191438215, 52.534005310831496 ], [ 16.974177703760468, 52.53398566067203 ], [ 16.974169880598843, 52.533892885467111 ], [ 16.974164638115017, 52.533830555170489 ], [ 16.974160622132931, 52.533780028402056 ], [ 16.974152467641019, 52.53367843310776 ], [ 16.974149847208508, 52.533645648998167 ], [ 16.974131838819755, 52.533418504471193 ], [ 16.97411040773007, 52.533150377271355 ], [ 16.974106111096585, 52.533096337913321 ], [ 16.974102188810654, 52.533046981999505 ], [ 16.974067620680408, 52.532612505134765 ], [ 16.973642229831103, 52.532625997793275 ], [ 16.97338271145804, 52.53263423514634 ], [ 16.973125407741634, 52.532642419923889 ], [ 16.972732660424658, 52.532654849508333 ], [ 16.972674462864305, 52.532656730573294 ], [ 16.972226913186176, 52.532667769797818 ], [ 16.971478634942123, 52.532697936768592 ], [ 16.971474449871881, 52.532603155005908 ], [ 16.971466822553328, 52.532432672134448 ], [ 16.97146614250676, 52.532418629362027 ], [ 16.971457400175762, 52.532221144457161 ], [ 16.971454632068799, 52.532162813910524 ], [ 16.971442767797974, 52.531917875489555 ], [ 16.971433898361724, 52.531735948534958 ], [ 16.971430730800659, 52.531689483617185 ], [ 16.971421271945538, 52.53155233818881 ], [ 16.971415610385872, 52.531470392949274 ], [ 16.971414075156453, 52.53143331009155 ], [ 16.971412036276011, 52.53138155788124 ], [ 16.971404697529781, 52.531163230213572 ], [ 16.971403764803267, 52.531132273811281 ], [ 16.971405175219271, 52.530941708653671 ], [ 16.971405617337478, 52.530874528768457 ], [ 16.971406973848293, 52.530707527761649 ], [ 16.971408996723014, 52.530430088091869 ], [ 16.971412320427319, 52.530370782651815 ] ], [ [ 16.975466104942566, 52.507728846150655 ], [ 16.975377750090757, 52.507730122263993 ], [ 16.975339396820427, 52.507730725061357 ], [ 16.974814420735811, 52.507716072513915 ], [ 16.974765692534618, 52.507714698645493 ], [ 16.974393861227039, 52.50770347543191 ], [ 16.974273895852981, 52.507696564266816 ], [ 16.973929346504868, 52.507659453366706 ], [ 16.973743432271782, 52.507634592739009 ], [ 16.973655617690667, 52.507627332201388 ], [ 16.973605462224569, 52.507624944029153 ], [ 16.973543559240472, 52.507624783069211 ], [ 16.973499157334068, 52.50762869950173 ], [ 16.973452200295519, 52.507636889426152 ], [ 16.973380182705622, 52.507654723662576 ], [ 16.973350388212246, 52.507664736603644 ], [ 16.973315470059742, 52.50767718017191 ], [ 16.973255025567298, 52.507706185691617 ], [ 16.973175395420064, 52.507745295897053 ], [ 16.973102355285068, 52.507794952390277 ], [ 16.973000410898511, 52.507873704936081 ], [ 16.97275854655015, 52.508042791291757 ], [ 16.972717498100454, 52.508073118301617 ], [ 16.972499244512914, 52.508215985523542 ], [ 16.972342623024129, 52.508304053934772 ], [ 16.972245881102975, 52.508349795860937 ], [ 16.972159292182354, 52.508399129597187 ], [ 16.972082426811983, 52.508451777973768 ], [ 16.9720051143204, 52.508514132518073 ], [ 16.971971162231934, 52.508547189283675 ], [ 16.971944858585804, 52.508577409030906 ], [ 16.971930037152354, 52.508604767546409 ], [ 16.971909513973976, 52.508659910748776 ], [ 16.971877032317501, 52.508744260405805 ], [ 16.971861057376621, 52.508825475202485 ], [ 16.971851579635494, 52.508922451528868 ], [ 16.971840076312507, 52.509066613382409 ], [ 16.971832774030222, 52.509157960570626 ], [ 16.971838405652825, 52.509240535167152 ], [ 16.97185515278354, 52.509286603445794 ], [ 16.971870297212007, 52.509322660533812 ], [ 16.971906087429186, 52.509390551736708 ], [ 16.971956916011841, 52.509455192945431 ], [ 16.972015036075046, 52.509582379802538 ], [ 16.972063248378557, 52.509745464060778 ], [ 16.972076533465014, 52.509809101846976 ], [ 16.972103850964437, 52.509939358352845 ], [ 16.972125132125267, 52.510040639567052 ], [ 16.972136131867703, 52.510093085195066 ], [ 16.97213843393191, 52.510103917855545 ], [ 16.972171800728496, 52.510262880009378 ], [ 16.972184498591041, 52.510323269750899 ], [ 16.972195501712907, 52.510385249420303 ], [ 16.97220079173951, 52.510433639661137 ], [ 16.972194929002541, 52.510519345095616 ], [ 16.972191457028508, 52.510594748027565 ], [ 16.972166521753646, 52.51074569521159 ], [ 16.972139120470047, 52.510870156781969 ], [ 16.972064246443058, 52.511113159348653 ], [ 16.971999864403632, 52.511243552811429 ], [ 16.971908064224987, 52.511473133392322 ], [ 16.971888130774573, 52.511563454521671 ], [ 16.971885286265437, 52.511580405042395 ], [ 16.971877185386184, 52.511641067842007 ], [ 16.971865822641661, 52.511734144254852 ], [ 16.971867603446022, 52.511794706631093 ], [ 16.971868660391358, 52.511838976858485 ], [ 16.971882490633782, 52.511877979524151 ], [ 16.971909872849697, 52.511917214514234 ], [ 16.971945560381382, 52.511958570628423 ], [ 16.971952299856412, 52.51196588162744 ], [ 16.971984434863945, 52.512001150626951 ], [ 16.972046921001212, 52.512056007884155 ], [ 16.972105332587248, 52.512093706035316 ], [ 16.972338060743169, 52.512194024415962 ], [ 16.972606158047274, 52.512265806842287 ], [ 16.972578919074085, 52.5123130999227 ], [ 16.972572466634009, 52.512344379551806 ], [ 16.97257518105317, 52.512381482706125 ], [ 16.972582290634683, 52.512409576910251 ], [ 16.972620134340541, 52.512557822387983 ], [ 16.972634492651441, 52.512614193059079 ], [ 16.972706318678554, 52.512901713394939 ], [ 16.972762650072873, 52.513095157052348 ], [ 16.972769968011665, 52.513120286947256 ], [ 16.972800261036408, 52.513224420693994 ], [ 16.972858032841344, 52.513423375777109 ], [ 16.97288301975231, 52.513517884587827 ], [ 16.972901827043547, 52.51358971174524 ], [ 16.972913205848712, 52.513640364890243 ], [ 16.972922383053412, 52.51365878062051 ], [ 16.972935255421707, 52.51367698983443 ], [ 16.972955856616551, 52.513697040396174 ], [ 16.972996963756987, 52.513723198670121 ], [ 16.973034965752198, 52.513739949627805 ], [ 16.973083310057039, 52.51375301020876 ], [ 16.973134324134172, 52.513762518779487 ], [ 16.973194321624597, 52.513769033219262 ], [ 16.97363514704432, 52.513768579730574 ], [ 16.973692727199566, 52.513773163703391 ], [ 16.973763279935039, 52.513784175918943 ], [ 16.973808794098574, 52.513794669317456 ], [ 16.973903726937813, 52.513839737778852 ], [ 16.974008988768041, 52.513874999348481 ], [ 16.974072494105965, 52.51388858898661 ], [ 16.974133747423878, 52.513896653488274 ], [ 16.974193778335305, 52.513902448444817 ], [ 16.974249972449243, 52.513905119602263 ], [ 16.974345150154878, 52.513909627493554 ] ], [ [ 16.972606158047274, 52.512265806842287 ], [ 16.97261960004391, 52.512265227712263 ], [ 16.972716210609342, 52.512260947054841 ], [ 16.972797120808927, 52.512264672064696 ], [ 16.972862330681885, 52.512276402774454 ], [ 16.972902200850527, 52.512294175175207 ], [ 16.972936461927549, 52.512318507256218 ], [ 16.972970214358689, 52.512369903540396 ], [ 16.973049678057279, 52.512648470259521 ], [ 16.973063297893745, 52.512701680206277 ], [ 16.973114959941988, 52.512870039724376 ], [ 16.973159701911193, 52.513015794836207 ], [ 16.973163865637073, 52.513024825032531 ], [ 16.973192140378263, 52.513086146564909 ], [ 16.973255995830048, 52.513191394843425 ], [ 16.973333096002495, 52.513290753838128 ], [ 16.97343998631537, 52.5134059134461 ], [ 16.973530737667538, 52.513480951638151 ], [ 16.973656804994224, 52.513602285839454 ], [ 16.973903726937813, 52.513839737778852 ] ], [ [ 16.972762650072873, 52.513095157052348 ], [ 16.973163865637073, 52.513024825032531 ], [ 16.974259419513178, 52.512832769241065 ], [ 16.974366677367758, 52.512784539574064 ], [ 16.974437672135284, 52.51273969422563 ], [ 16.974509863309276, 52.512668834882369 ], [ 16.974570499407857, 52.51256373263265 ], [ 16.974697075298671, 52.51230956055992 ], [ 16.974672493056715, 52.512273092034668 ], [ 16.974618300163584, 52.5122381192121 ], [ 16.974557455621923, 52.512205035131231 ], [ 16.9744638127173, 52.512171389460349 ], [ 16.974411427237388, 52.51216848987314 ], [ 16.974344725759838, 52.512191379574929 ], [ 16.974326853741584, 52.512223115944003 ], [ 16.974330191722807, 52.512293265820595 ], [ 16.974349744911766, 52.512367698642102 ], [ 16.974421272697125, 52.512739413436762 ] ], [ [ 16.971698341472568, 52.540451729843426 ], [ 16.971731401603787, 52.540508960547868 ], [ 16.971764638179714, 52.540543168877498 ], [ 16.9718082194135, 52.540573776897148 ], [ 16.971834164753325, 52.540583755534385 ], [ 16.971871424978193, 52.540597885580361 ], [ 16.971955434077941, 52.540615515105188 ], [ 16.972102725127598, 52.54063000173241 ], [ 16.972180724128563, 52.54064680855749 ], [ 16.972211270402639, 52.540659384355735 ], [ 16.972315357222811, 52.540695885915092 ], [ 16.972420505015254, 52.540731775960047 ], [ 16.972586279379851, 52.540559677307854 ], [ 16.972569562175511, 52.540643937229845 ], [ 16.972569995286708, 52.54069215405098 ], [ 16.972574605763899, 52.540761758912403 ], [ 16.972778125641359, 52.54072450150386 ], [ 16.972793882600079, 52.540721893266536 ], [ 16.972976872861722, 52.540691569196113 ], [ 16.973416785320371, 52.540617525691239 ], [ 16.973615506767274, 52.540585131532595 ], [ 16.973637950441145, 52.540581468430354 ], [ 16.973774966665786, 52.540559619981302 ], [ 16.97392773544755, 52.540535252854419 ], [ 16.973971426937542, 52.540528265824939 ], [ 16.974165659388017, 52.540497232976307 ], [ 16.974478034256688, 52.540447355356257 ], [ 16.974523211985829, 52.540440123735273 ], [ 16.974730813064983, 52.540407070215771 ], [ 16.974745824528831, 52.540404628846666 ], [ 16.974875260260657, 52.540383998535383 ], [ 16.974916130186099, 52.540377412586132 ], [ 16.975122543224227, 52.540344517937413 ], [ 16.97519209277278, 52.540333385840249 ], [ 16.975325393565821, 52.540312101630775 ], [ 16.975665999148646, 52.540257757050973 ], [ 16.975734803164897, 52.54024679176846 ], [ 16.975937800029964, 52.540214376923849 ], [ 16.976033207451618, 52.540199099535151 ], [ 16.976207372871951, 52.540171317842344 ], [ 16.976344980346731, 52.540149386601605 ], [ 16.976474860951388, 52.540128672214543 ], [ 16.976627184633053, 52.540104294009204 ], [ 16.976798970283046, 52.540076920473119 ], [ 16.976922610142921, 52.54005717821093 ], [ 16.977121739891704, 52.540025414774981 ], [ 16.97731492797746, 52.539994538816195 ], [ 16.977505323498324, 52.539963434929064 ], [ 16.977766610148741, 52.539920860290579 ], [ 16.978009023933868, 52.53988129048102 ], [ 16.978093751218424, 52.539867268031223 ], [ 16.978181872731625, 52.539853213571099 ], [ 16.978587728596438, 52.539797636939788 ], [ 16.978551648656904, 52.539943987200424 ], [ 16.978480897303932, 52.540151445940786 ], [ 16.978458558010058, 52.540213844411099 ], [ 16.978393282183422, 52.540395223272832 ], [ 16.978367117048766, 52.540502347894893 ], [ 16.978282142678598, 52.540845916851495 ], [ 16.978230846589618, 52.541040845994772 ], [ 16.978179391058568, 52.541213556511863 ], [ 16.978065459541696, 52.541570841512431 ], [ 16.97802007550257, 52.541691668745862 ], [ 16.977976877485137, 52.54181307297123 ] ], [ [ 16.97259539463036, 52.531037210793755 ], [ 16.972599151939733, 52.531093309686668 ], [ 16.97261999071609, 52.531402890904928 ], [ 16.972638783416844, 52.531680057554837 ], [ 16.972641501096152, 52.531720308654002 ], [ 16.972652839739069, 52.532044028000279 ], [ 16.972656228362926, 52.53214014521091 ], [ 16.972665611265739, 52.532407076979368 ], [ 16.972674462864305, 52.532656730573294 ] ], [ [ 16.972319157098891, 52.540779867765671 ], [ 16.972286915484641, 52.540736862240841 ], [ 16.972240435851162, 52.540689115581351 ], [ 16.972211270402639, 52.540659384355735 ] ], [ [ 16.972364774947632, 52.540900723213262 ], [ 16.972426204997451, 52.541008178247644 ], [ 16.972469008189922, 52.541110097409828 ], [ 16.972479775749928, 52.54125095260391 ], [ 16.972488393354862, 52.541361640084453 ], [ 16.9724916304468, 52.541403429054604 ], [ 16.972500499767317, 52.5415182582176 ], [ 16.972500984106063, 52.541523753032976 ], [ 16.972511820535019, 52.541666318309062 ], [ 16.972512207179591, 52.54167073213565 ], [ 16.972513155151301, 52.541682171125764 ], [ 16.97251488298128, 52.541705495940029 ], [ 16.972531145686396, 52.541915971123387 ], [ 16.972557941386633, 52.542262800295617 ], [ 16.972558852098839, 52.542275048131835 ], [ 16.972559762811461, 52.542287295968016 ], [ 16.972574647364798, 52.542479668992151 ], [ 16.972575838756505, 52.542495429409165 ], [ 16.972580223529246, 52.542550729464452 ], [ 16.972603442215508, 52.54285675317923 ], [ 16.972620419246397, 52.543080552092398 ], [ 16.972621130441354, 52.543090727822012 ], [ 16.972637986054927, 52.543304361098528 ], [ 16.972443711487379, 52.543320010566859 ], [ 16.972240063020493, 52.543337387892372 ], [ 16.97209327046285, 52.543353490629009 ], [ 16.971771367689453, 52.543382332042533 ], [ 16.971364088476481, 52.543419872569686 ], [ 16.971036059931269, 52.543447167889219 ], [ 16.970464334166284, 52.543499694379179 ], [ 16.970227207910234, 52.543520001861509 ], [ 16.969815136706003, 52.543562221852696 ], [ 16.969766992170367, 52.543566522627536 ], [ 16.969357818292803, 52.54360348410647 ], [ 16.969053690372519, 52.543627496411801 ], [ 16.968728702058982, 52.543627225050962 ], [ 16.968364296899466, 52.54360199149825 ], [ 16.967848311700351, 52.543565519385972 ], [ 16.967724251165837, 52.543562129689619 ], [ 16.967653874631804, 52.543562270197626 ], [ 16.967516775641293, 52.543566481394649 ], [ 16.967449764566545, 52.543573605190922 ], [ 16.967382900880452, 52.543580731480979 ], [ 16.967376524900967, 52.543581431450733 ], [ 16.96722054266311, 52.543607983578895 ], [ 16.967013558386043, 52.543649579223882 ], [ 16.966841260573815, 52.543697167039674 ], [ 16.966705926882291, 52.543749347225145 ], [ 16.96656565339395, 52.543809447298806 ], [ 16.966381403857227, 52.543927254416829 ], [ 16.966269568499765, 52.544010418528792 ], [ 16.966177086856991, 52.544102549686158 ], [ 16.966085775099749, 52.544214038615891 ] ], [ [ 16.974846638888934, 52.487659053887157 ], [ 16.974842282356533, 52.487753869778103 ], [ 16.974864754236513, 52.487809929628973 ], [ 16.974918430446454, 52.487882713596917 ], [ 16.974936308526043, 52.48792331442521 ], [ 16.974931124713191, 52.48796558909779 ], [ 16.974916854610083, 52.487987560834569 ], [ 16.974876045539194, 52.488013125631305 ], [ 16.974832369140618, 52.488030546395983 ], [ 16.97477575781118, 52.488037671980045 ], [ 16.974726476291963, 52.488032780664255 ], [ 16.974684135186983, 52.488017934492056 ], [ 16.974645737797822, 52.487991013452643 ], [ 16.974620720096883, 52.487958295297922 ], [ 16.974618687103106, 52.487931996956711 ], [ 16.974626699822533, 52.48790191312284 ], [ 16.974654721336055, 52.487866055756335 ], [ 16.974720589584113, 52.48779855670724 ], [ 16.974846638888934, 52.487659053887157 ], [ 16.974941119042374, 52.487568479398405 ], [ 16.975102886779336, 52.487443619062006 ], [ 16.975188603709618, 52.487396247159516 ], [ 16.975309457053189, 52.487340932044091 ], [ 16.975342224369857, 52.487326832163362 ], [ 16.975710572218762, 52.487211263508875 ], [ 16.97592322997161, 52.487146006206366 ], [ 16.975976843180771, 52.487127136109315 ], [ 16.976011924399515, 52.487113975078508 ], [ 16.976033378703193, 52.487102379719971 ], [ 16.976047884709633, 52.487091295061362 ], [ 16.976059058270216, 52.487078984108926 ], [ 16.976067660253438, 52.487064920222259 ], [ 16.976073222703551, 52.487033625098533 ], [ 16.976081496444092, 52.486943283438158 ], [ 16.976086589267396, 52.486870876060593 ], [ 16.976089280206871, 52.486841150782524 ], [ 16.976093232981746, 52.486825658182759 ], [ 16.976103151529465, 52.486802172746316 ], [ 16.976112904998651, 52.486782282227516 ], [ 16.976122754818991, 52.48676671064861 ], [ 16.976136063635259, 52.486752817242476 ], [ 16.976146430830219, 52.486742021524627 ], [ 16.976162990851854, 52.486727913917889 ], [ 16.976186658687435, 52.486713028496546 ], [ 16.976205061060273, 52.486703719418713 ], [ 16.976223565254305, 52.486695401459691 ], [ 16.976244657503475, 52.486688476935065 ], [ 16.976269115171657, 52.48668205970872 ], [ 16.976306712537664, 52.486675057808718 ], [ 16.976427191686671, 52.48665670197704 ], [ 16.976549824091496, 52.486642790096766 ], [ 16.976883355517526, 52.486605052984771 ], [ 16.976909737676635, 52.486354471740164 ], [ 16.976917711395675, 52.486325196582015 ], [ 16.97693571787633, 52.486292405346795 ], [ 16.976980228770547, 52.486247115583296 ], [ 16.977036521165452, 52.486201937372343 ], [ 16.977097139572823, 52.486168435846899 ], [ 16.977150082257367, 52.486144876692549 ], [ 16.977195496485507, 52.486131262438043 ], [ 16.977212133393195, 52.486128309005316 ], [ 16.977352784448279, 52.486129455213913 ], [ 16.977395616680091, 52.486130367585943 ], [ 16.977485395011218, 52.486132442519036 ], [ 16.977577037705615, 52.486135628586482 ], [ 16.977668095665802, 52.486138714640994 ], [ 16.97786932817565, 52.486148901064581 ], [ 16.977995647287354, 52.486157356732086 ] ], [ [ 16.972469008189922, 52.541110097409828 ], [ 16.972477646701797, 52.541034693377945 ], [ 16.972504171123234, 52.540964902426907 ], [ 16.972531797109557, 52.54092562098942 ], [ 16.972555346963553, 52.540897962286884 ] ], [ [ 16.972586279379851, 52.540559677307854 ], [ 16.972635396862167, 52.540489373979845 ], [ 16.972680738086346, 52.540420984680551 ], [ 16.972886150317983, 52.540096122081046 ], [ 16.97293916025664, 52.54001467357665 ], [ 16.973160792491981, 52.539674137327665 ], [ 16.973271673009545, 52.539505504691739 ], [ 16.973315169737816, 52.539429078642449 ], [ 16.973341977522317, 52.539385105973643 ], [ 16.973625977475773, 52.538932699833374 ], [ 16.97396336965031, 52.53841303046076 ], [ 16.974546326646372, 52.537474202337087 ], [ 16.974585599062113, 52.537412544103063 ], [ 16.974648295889725, 52.537313061047222 ], [ 16.974656256960504, 52.537300335470242 ], [ 16.974988505726483, 52.536773289809048 ], [ 16.975745267044829, 52.535582351949067 ], [ 16.97584894779115, 52.535419080288818 ], [ 16.976049465168725, 52.535103392673093 ], [ 16.976059957155137, 52.535086932689893 ], [ 16.976170948311196, 52.534912183153352 ], [ 16.976241708182513, 52.53480078481892 ], [ 16.976384312223384, 52.534576837310318 ], [ 16.976490652058342, 52.534406954794186 ], [ 16.976520890086533, 52.534358812758008 ], [ 16.976586777708171, 52.53425389673621 ], [ 16.976733816072002, 52.534020040973914 ], [ 16.976764348314543, 52.533971903907222 ], [ 16.976812209158368, 52.533896540583051 ], [ 16.976891203702543, 52.533772780595747 ], [ 16.976964881213881, 52.533655585428974 ], [ 16.97702503968215, 52.533559745395394 ], [ 16.977038242913459, 52.533538834532479 ], [ 16.977116395985707, 52.533417308584575 ], [ 16.977191343533509, 52.533294918300463 ], [ 16.977248948818747, 52.533203261826031 ], [ 16.977478261541858, 52.532838235679158 ], [ 16.977380235419048, 52.532820999967321 ], [ 16.97696728581845, 52.532724267310648 ], [ 16.976691451788039, 52.532660728319307 ], [ 16.976515791004086, 52.532619049005568 ], [ 16.976287734626435, 52.532568558341403 ], [ 16.976196531375681, 52.53255692485213 ], [ 16.976099135632083, 52.532551661266517 ], [ 16.975999282732968, 52.532548514201316 ], [ 16.975838086629068, 52.532551513124162 ], [ 16.975464823161751, 52.532554031574584 ], [ 16.975352129334272, 52.532557499921737 ], [ 16.974721917536208, 52.532579723869539 ], [ 16.974337839718643, 52.53259608477159 ], [ 16.974067620680408, 52.532612505134765 ] ], [ [ 16.974212167727348, 52.5140923636975 ], [ 16.97413851452816, 52.514042982839506 ], [ 16.973903726937813, 52.513839737778852 ] ], [ [ 16.972637986054927, 52.543304361098528 ], [ 16.972694337075939, 52.543973422131693 ], [ 16.97270840819823, 52.544112613553153 ], [ 16.972723520050142, 52.544262099008613 ], [ 16.972729298110373, 52.544315983824134 ], [ 16.972745949158121, 52.544585288163354 ], [ 16.972750718531714, 52.5446418539807 ], [ 16.97275658170328, 52.544713099220274 ], [ 16.972768846340056, 52.544859916174147 ], [ 16.972774455419465, 52.544923871686365 ], [ 16.972785804465772, 52.545052144721389 ], [ 16.972813541700514, 52.545343405096787 ], [ 16.972849968217041, 52.545721429252431 ], [ 16.97286376509539, 52.545899032867744 ], [ 16.972911861062737, 52.546523250499689 ], [ 16.972971431078914, 52.54717383793961 ], [ 16.973007105247731, 52.547577842509973 ], [ 16.973014403252574, 52.547678793403882 ], [ 16.973037907605548, 52.54797231960216 ], [ 16.973138761064096, 52.549196639412173 ], [ 16.973176348205371, 52.549463154033383 ], [ 16.973225021497083, 52.549690823324049 ], [ 16.973361692901939, 52.550218159866638 ], [ 16.973538120628248, 52.550859414886673 ], [ 16.97358247432539, 52.551027198059614 ] ], [ [ 16.97349408620935, 52.52912044953321 ], [ 16.973528101303277, 52.529073542176718 ], [ 16.973569952207569, 52.529032615309212 ], [ 16.973662932020918, 52.528970258179719 ], [ 16.973939187189782, 52.528803017810695 ], [ 16.9740687371511, 52.528747132865156 ], [ 16.974160719654861, 52.528712820505866 ], [ 16.974222784233238, 52.528694095659958 ], [ 16.974322565690084, 52.528682582349738 ], [ 16.974481174269538, 52.528668208471039 ], [ 16.974597506489619, 52.52866237484087 ], [ 16.974702805827658, 52.528659140481892 ], [ 16.974721885584312, 52.528657938036076 ], [ 16.975086448779273, 52.52863224785068 ], [ 16.975112545405146, 52.528629186679716 ], [ 16.975450475884355, 52.528605378112104 ], [ 16.975470726211629, 52.528604375461043 ], [ 16.975823822003388, 52.528581095143032 ], [ 16.976378746926059, 52.528543187242001 ], [ 16.976432177963183, 52.528542212247004 ], [ 16.976491625958886, 52.528541879787262 ], [ 16.976546180762352, 52.528545331167081 ], [ 16.976584605847872, 52.528553183724327 ] ], [ [ 16.973553100239823, 52.529507495826152 ], [ 16.974069346756185, 52.529470735097576 ], [ 16.974451683273301, 52.529443552278096 ], [ 16.974856951539451, 52.529414781970424 ], [ 16.975257487172065, 52.52938628906422 ], [ 16.975610086709676, 52.529361112046693 ], [ 16.976026156488452, 52.529331533173959 ], [ 16.976364693794618, 52.529307462513103 ], [ 16.976828075574229, 52.529275272150095 ] ], [ [ 16.973829461790288, 52.530958872365893 ], [ 16.973748572209317, 52.530620830437826 ], [ 16.97368112644342, 52.53023426953439 ] ], [ [ 16.974314222982265, 52.516523927442456 ], [ 16.974415220570751, 52.516530243805796 ], [ 16.974676461202453, 52.516556212738806 ], [ 16.974749437763148, 52.516565916674026 ], [ 16.975333237834437, 52.516637430176196 ], [ 16.97607343461183, 52.516725737491456 ], [ 16.976122408237533, 52.51673161210617 ], [ 16.976474951278721, 52.516772810276699 ], [ 16.976820983991448, 52.51681452566072 ], [ 16.977199255868033, 52.516857330908117 ], [ 16.977979697176806, 52.516952340510386 ], [ 16.978445582725762, 52.517007252429174 ], [ 16.978748038070918, 52.517044439912112 ], [ 16.980264282044342, 52.517224407204758 ], [ 16.980446767764114, 52.51724461160957 ], [ 16.979948882528273, 52.514856665908603 ], [ 16.98005148975798, 52.514850322980855 ], [ 16.980707182502702, 52.514810158897419 ], [ 16.981007593477155, 52.514801614698086 ], [ 16.981029294005232, 52.514800995660096 ], [ 16.981353034094685, 52.5147916794485 ], [ 16.981415093241658, 52.51519064674391 ], [ 16.981444011740734, 52.515376692822969 ], [ 16.98147114607983, 52.515550206353396 ], [ 16.981473972032095, 52.515568962738207 ], [ 16.981498794720732, 52.515728585574756 ], [ 16.981502699350944, 52.515752756949155 ], [ 16.981527272913276, 52.515911386149156 ], [ 16.981531826642556, 52.51594069535367 ], [ 16.981554620091803, 52.516086702135539 ], [ 16.981560893361515, 52.516126743905247 ], [ 16.981582878228146, 52.516267879953197 ], [ 16.981590143706139, 52.516315224039502 ], [ 16.981610319572749, 52.516444366781215 ], [ 16.981619427238691, 52.516502985180836 ], [ 16.981638324686266, 52.516624640825036 ], [ 16.981648833601131, 52.516691288062006 ], [ 16.981658856257646, 52.516755678424055 ], [ 16.98166601576111, 52.516802121262174 ], [ 16.981695377851551, 52.516962451061943 ], [ 16.981696639286302, 52.516999259308534 ], [ 16.981689869357243, 52.517056887283729 ], [ 16.981680861581069, 52.51709900686842 ], [ 16.981668396332431, 52.517139358549358 ], [ 16.981616692937731, 52.517289490940392 ], [ 16.981610977448256, 52.517311249604141 ], [ 16.981586373155391, 52.517381615058532 ], [ 16.981213200018711, 52.51733675227954 ], [ 16.98091099797195, 52.517300384943155 ], [ 16.980793986830285, 52.517286335563163 ], [ 16.980606300206528, 52.517263794345453 ], [ 16.980446767764114, 52.51724461160957 ] ], [ [ 16.974337839718643, 52.53259608477159 ], [ 16.974250350479593, 52.532186605535763 ], [ 16.974221040003428, 52.532025555471265 ], [ 16.974191268500384, 52.531861709267815 ], [ 16.97415254780659, 52.531648780834509 ], [ 16.974107919515859, 52.531647477081364 ], [ 16.973954231069651, 52.531657257739603 ], [ 16.973818085335026, 52.531664010708923 ], [ 16.973459077336589, 52.531687004065382 ], [ 16.973451835508293, 52.531687329749559 ], [ 16.973103760690851, 52.531703493726724 ], [ 16.972641501096152, 52.531720308654002 ] ], [ [ 16.97415254780659, 52.531648780834509 ], [ 16.974401700414848, 52.531638115806487 ], [ 16.974689424029368, 52.531625771946729 ], [ 16.974965348527508, 52.531607019388666 ], [ 16.9752742603524, 52.531586132370805 ], [ 16.975308291888584, 52.531583746582839 ], [ 16.975342715443542, 52.531797230673305 ], [ 16.975368995645908, 52.531960117389815 ], [ 16.975371269074355, 52.531974816996936 ], [ 16.975394916609812, 52.532121199088706 ], [ 16.975400088715716, 52.532153037459828 ], [ 16.97542520570007, 52.532309158525344 ], [ 16.975428087843003, 52.532326656778061 ], [ 16.975464823161751, 52.532554031574584 ] ], [ [ 16.975585368875723, 52.506080157406551 ], [ 16.975688656503092, 52.506100273378408 ], [ 16.975707569491505, 52.506102485831221 ], [ 16.976315581782206, 52.506160558607718 ], [ 16.976567702162157, 52.506181600811189 ], [ 16.976586357820761, 52.506182999231434 ], [ 16.977237715420475, 52.506231285281565 ], [ 16.977761942057519, 52.506268310260921 ], [ 16.977897060968701, 52.506278984729462 ], [ 16.978320735637602, 52.506319774929544 ], [ 16.978356007519107, 52.506328472615955 ], [ 16.978391428400045, 52.506343558811459 ], [ 16.978433789943765, 52.50636478980563 ], [ 16.97846477630749, 52.50638978390181 ], [ 16.978486390530907, 52.506423072502287 ], [ 16.97851393025584, 52.506474990671954 ], [ 16.978543441541252, 52.506737679632856 ], [ 16.978549136431308, 52.50679345183719 ], [ 16.978573837231718, 52.507032493435567 ], [ 16.978577620519282, 52.507068895166512 ], [ 16.978602401445176, 52.507258019600229 ], [ 16.978608072381778, 52.507301469158911 ], [ 16.978621234691659, 52.507499659204967 ], [ 16.978632819615395, 52.507648713266555 ], [ 16.978650926482263, 52.507719897952867 ], [ 16.978669804117946, 52.507886705494222 ], [ 16.978675546382689, 52.507947875085954 ], [ 16.978745438180379, 52.508477395979995 ], [ 16.978772500023105, 52.508475519831954 ], [ 16.979113792380453, 52.508452119039063 ], [ 16.979211683762919, 52.508445426547603 ], [ 16.979294640812309, 52.508439738082444 ], [ 16.979472847973359, 52.508433517821153 ], [ 16.979534122931714, 52.508431326418069 ], [ 16.979891719559298, 52.508418815152524 ], [ 16.979958603976041, 52.508416449488976 ], [ 16.980230100919865, 52.508410651784949 ], [ 16.980558358177831, 52.508395029223117 ], [ 16.98092372580221, 52.508376981073539 ], [ 16.980957849317374, 52.508375404838588 ], [ 16.981043976445743, 52.508371298288061 ], [ 16.981109408416753, 52.50836845747002 ], [ 16.981249437443516, 52.508362212581034 ] ], [ [ 16.973538120628248, 52.550859414886673 ], [ 16.973718141180932, 52.550840011586523 ], [ 16.974395520759522, 52.550766881447537 ], [ 16.974696895943065, 52.550739570056706 ], [ 16.976615995246597, 52.55053620723514 ], [ 16.976769154121129, 52.550520117640751 ], [ 16.977616489832918, 52.550431166476876 ], [ 16.978296105895385, 52.550357242820837 ], [ 16.978356481281615, 52.550517113003849 ], [ 16.978394050137812, 52.550553641903377 ], [ 16.978451927267113, 52.550572079439249 ], [ 16.983974898951228, 52.550068983152485 ], [ 16.985671139220937, 52.549933001753985 ], [ 16.986071419341535, 52.549897900890215 ], [ 16.989039655213503, 52.549631002264213 ], [ 16.990537280935534, 52.549496308792094 ], [ 16.990452452869032, 52.549638146868858 ], [ 16.990176443113747, 52.550040629662618 ], [ 16.989836655711223, 52.550521267920644 ], [ 16.989547974685632, 52.550929560196145 ], [ 16.989044885609246, 52.551615548990348 ], [ 16.988778233605334, 52.551990305402278 ], [ 16.988598166290242, 52.552243041726676 ], [ 16.988115423397023, 52.552902929332568 ], [ 16.986866334134955, 52.554617939343991 ], [ 16.986331110983041, 52.555352838596029 ], [ 16.985772036898467, 52.556150559145394 ], [ 16.985041852243821, 52.557139460022462 ], [ 16.984618592757549, 52.557729111838732 ], [ 16.983768875627071, 52.558913033540662 ], [ 16.983304911381932, 52.559552804832315 ], [ 16.983142790111199, 52.559757179895861 ], [ 16.982541109343106, 52.560606056233581 ], [ 16.98236685511862, 52.560810942981895 ], [ 16.982356171391771, 52.560825061714482 ], [ 16.982323964450714, 52.560867595136244 ], [ 16.982273204194854, 52.56092528236983 ], [ 16.982200479080237, 52.56100813879101 ] ], [ [ 16.977508708174621, 52.4654414597561 ], [ 16.977467464864869, 52.465482810250542 ], [ 16.977428947339174, 52.465536223325756 ], [ 16.977408986991509, 52.465613985742429 ], [ 16.977411777830152, 52.46569614262328 ], [ 16.977447332697231, 52.465778859900823 ], [ 16.977482795941533, 52.465863578260645 ], [ 16.97765242138852, 52.466168881293029 ], [ 16.977728578713773, 52.466224255589523 ], [ 16.977841327496268, 52.466268239602591 ], [ 16.977983839684804, 52.466306724458029 ], [ 16.978207712945771, 52.466358616199614 ], [ 16.978488020082104, 52.466395450971994 ], [ 16.978774055350677, 52.466450406937618 ], [ 16.978896635149667, 52.466494557968112 ], [ 16.979080001060908, 52.466571790299106 ], [ 16.979324703440426, 52.46660886667788 ], [ 16.979439847332188, 52.466596443179817 ], [ 16.979532866695305, 52.466591196828858 ], [ 16.979703862782376, 52.466594028423891 ], [ 16.979946999014857, 52.466616620559222 ], [ 16.979992763682461, 52.466617402331146 ], [ 16.980074523288231, 52.466620058153261 ], [ 16.980108448466996, 52.466618832872392 ], [ 16.980140461315841, 52.466617676650458 ], [ 16.980365303173897, 52.466608834883466 ], [ 16.980477419283126, 52.466591771531533 ] ], [ [ 16.974344275247216, 52.534763101207098 ], [ 16.974526463394014, 52.534746432493613 ], [ 16.974782410862318, 52.534723110955774 ], [ 16.97485706284829, 52.53471629375705 ], [ 16.975041174844037, 52.534699477293387 ], [ 16.975071094562828, 52.53469675136278 ], [ 16.975288090244803, 52.53467689952722 ], [ 16.975337706623339, 52.534672441869986 ], [ 16.975480643952633, 52.534659327398259 ], [ 16.975570639517773, 52.53466203639281 ], [ 16.975628315998989, 52.534668329778967 ], [ 16.975811165791509, 52.534707794809606 ], [ 16.976146488156296, 52.534780178277728 ], [ 16.976241708182513, 52.53480078481892 ] ], [ [ 16.975878910791781, 52.50884994782993 ], [ 16.975978569666072, 52.508836902274638 ], [ 16.976116465703473, 52.508819384044479 ], [ 16.976836501470604, 52.508727636011692 ], [ 16.977676188300322, 52.508620749952229 ], [ 16.978050604322874, 52.508572644406527 ], [ 16.97807418072453, 52.508569629525702 ], [ 16.978365973233792, 52.508529554823369 ], [ 16.978745438180379, 52.508477395979995 ] ], [ [ 16.976509905125308, 52.49850673397318 ], [ 16.976642808278363, 52.498475278633293 ], [ 16.977256334693667, 52.498343571152226 ], [ 16.977533864957181, 52.498294890286601 ], [ 16.978140627448536, 52.498188426638841 ], [ 16.978312821768707, 52.498158180685905 ], [ 16.978498384565569, 52.498125644533985 ], [ 16.978942906245916, 52.498047614378102 ], [ 16.979032940277413, 52.498031793595956 ], [ 16.979356966495608, 52.497974998469061 ], [ 16.979562842232912, 52.497939749576737 ], [ 16.97994131448921, 52.497875068377169 ], [ 16.979951271399987, 52.49787325966291 ], [ 16.980185352802785, 52.497830306525948 ], [ 16.980419585137444, 52.497787265562039 ], [ 16.980495529824939, 52.497773361757105 ], [ 16.980729172540162, 52.497730310117149 ], [ 16.980828156067954, 52.497712122338307 ], [ 16.981063283074338, 52.497668825549219 ], [ 16.981158106075764, 52.497651375973504 ], [ 16.981347170088778, 52.497619524737566 ], [ 16.981535640691575, 52.497587753018344 ], [ 16.981789901506659, 52.497544961181134 ], [ 16.982030366338375, 52.497510568003314 ], [ 16.982108015403607, 52.4974980413959 ], [ 16.982180052215153, 52.49748577877326 ], [ 16.98226972363253, 52.497471388448893 ], [ 16.982535794415533, 52.497450652703833 ], [ 16.983143749297589, 52.497404535849853 ], [ 16.983548723091268, 52.497369166840969 ], [ 16.983698658653715, 52.49735499326664 ], [ 16.983728508425759, 52.49728237815097 ], [ 16.983830227072879, 52.497110971056799 ], [ 16.983912113625102, 52.496976822169707 ], [ 16.983939379921161, 52.496928447667948 ], [ 16.983979124416418, 52.496836033713791 ], [ 16.984036969787088, 52.496705522439441 ], [ 16.984088251324319, 52.496602511875366 ], [ 16.984150138971568, 52.49649959209821 ], [ 16.984217649481085, 52.496418714286612 ], [ 16.984288364577267, 52.49632898665655 ], [ 16.984448518096986, 52.496120348900057 ], [ 16.984551280700789, 52.496135411521472 ], [ 16.984634697246957, 52.496144927719158 ], [ 16.984748405972447, 52.496159097350024 ], [ 16.984865294821596, 52.496164956318601 ], [ 16.984997974577784, 52.496179988562112 ], [ 16.985134382966056, 52.496203718728871 ], [ 16.985291277422188, 52.496220961977968 ], [ 16.985523989243564, 52.496226994140621 ], [ 16.985604356297721, 52.496229082364209 ], [ 16.98573953551357, 52.496224908467916 ], [ 16.985871530484896, 52.49620979705557 ], [ 16.985932981914136, 52.496200140163204 ], [ 16.98603258530645, 52.496184387085997 ], [ 16.986218476936891, 52.496157241103006 ], [ 16.986375554353597, 52.496138238872483 ], [ 16.986589770833266, 52.496113643188465 ], [ 16.986751408083499, 52.496098045978812 ], [ 16.9868750084105, 52.496086028530186 ], [ 16.987074886990413, 52.496065595171132 ], [ 16.987210316586403, 52.496052699358351 ], [ 16.987270306236482, 52.496049222987544 ], [ 16.987324242118504, 52.49604600335207 ], [ 16.987409402602157, 52.496049611005439 ], [ 16.987490684762413, 52.496057469889621 ], [ 16.987552786699634, 52.496069049844294 ], [ 16.987592674612056, 52.496076564161861 ], [ 16.987719303429888, 52.496104712064849 ], [ 16.987919305859634, 52.49615578430155 ], [ 16.987989767648429, 52.496174701691906 ], [ 16.988556360001056, 52.496327167886164 ], [ 16.988906185436058, 52.496421350495481 ], [ 16.989050747020539, 52.496460235268977 ], [ 16.989215690621126, 52.496504593113279 ], [ 16.98937147238637, 52.49654627658046 ], [ 16.989894742336023, 52.496682709528926 ], [ 16.990182519713201, 52.496757755288463 ] ], [ [ 16.976641683417309, 52.49741509624112 ], [ 16.976794371341303, 52.497427691685886 ], [ 16.976895530877258, 52.497442373762659 ], [ 16.977073509323407, 52.497488320692362 ], [ 16.977200779094559, 52.497512083608072 ], [ 16.977318247274081, 52.497527853702437 ], [ 16.977385957519253, 52.497526403161224 ], [ 16.977490093334087, 52.497514782196745 ], [ 16.977570206973439, 52.497499962172071 ], [ 16.977691463621685, 52.497471724395346 ], [ 16.97781742075696, 52.497430974775199 ], [ 16.978009184217267, 52.497327490114436 ], [ 16.978091188410165, 52.497287517901569 ], [ 16.978146656898822, 52.497260583574842 ], [ 16.978528379159265, 52.497112135213442 ], [ 16.978581140613599, 52.497092799612837 ], [ 16.978601075978958, 52.497085495102269 ], [ 16.978866211243194, 52.49697912550949 ], [ 16.978918457579443, 52.496958161977055 ], [ 16.979016495647663, 52.496915584902645 ], [ 16.97925692619804, 52.496811220818806 ], [ 16.979591423564734, 52.496680130853882 ] ], [ [ 16.976099229538466, 52.511382112585281 ], [ 16.97621890240849, 52.511389196704627 ], [ 16.976294659913655, 52.511392741240677 ], [ 16.97639940571959, 52.511391025220576 ], [ 16.976468852615959, 52.511387536069108 ], [ 16.976630666179972, 52.511356575034092 ], [ 16.976321098675204, 52.511475041863612 ], [ 16.976235891561828, 52.511513519077518 ], [ 16.976102703446053, 52.511553513911075 ] ], [ [ 16.976887354955132, 52.495315970945121 ], [ 16.977007493459055, 52.495318385493405 ], [ 16.977071959551296, 52.495320117635288 ], [ 16.97743563815779, 52.495330114450333 ], [ 16.977767285572881, 52.495341271455935 ], [ 16.977800244588934, 52.495342374593804 ], [ 16.978137413449645, 52.495355243937041 ], [ 16.978450605670346, 52.495367162882687 ], [ 16.978802228953182, 52.495382975664619 ], [ 16.97920413797614, 52.495388403577081 ] ], [ [ 16.975308291888584, 52.531583746582839 ], [ 16.97556631799203, 52.531566125446759 ], [ 16.975620318850311, 52.531562462252516 ], [ 16.975855120847346, 52.531546331953543 ], [ 16.975891813250264, 52.531543811630861 ], [ 16.976147420432454, 52.531524259048375 ], [ 16.976323845692249, 52.531510727034423 ], [ 16.976443138176325, 52.531501614278518 ], [ 16.976641321655809, 52.531486385206023 ], [ 16.976730574008343, 52.531479456757111 ] ], [ [ 16.979436974943525, 52.512932854064175 ], [ 16.977397440713851, 52.511788732560994 ], [ 16.977100617699836, 52.511616902677204 ], [ 16.976691070011917, 52.511383062071488 ], [ 16.976630666179972, 52.511356575034092 ], [ 16.976650660710131, 52.511351340526879 ], [ 16.976743890419069, 52.511324333073517 ], [ 16.976817849655298, 52.511302842298271 ], [ 16.977013298107998, 52.51124889082935 ], [ 16.977472938869184, 52.511120665788006 ], [ 16.977810241137348, 52.511027314510329 ], [ 16.978260026332354, 52.51090494416686 ], [ 16.97889097894106, 52.510734489716143 ], [ 16.979383032687046, 52.510603213341163 ], [ 16.979487428102082, 52.510580172072636 ], [ 16.979574845672555, 52.510560888199237 ], [ 16.979684714598715, 52.510540638534394 ], [ 16.980197634153509, 52.510462152026825 ], [ 16.980588634135447, 52.510403078610672 ], [ 16.981621603657537, 52.510251164112546 ], [ 16.981810658943129, 52.510223898772267 ], [ 16.982496376608854, 52.510122086714361 ], [ 16.982578622376376, 52.510109458172529 ], [ 16.982858871180067, 52.510067286682933 ], [ 16.983087410951658, 52.510034036759478 ], [ 16.983195766136756, 52.510017805485909 ], [ 16.984066164671049, 52.509887472697464 ], [ 16.985716127998923, 52.509633516188103 ], [ 16.9860681525752, 52.509578618041338 ], [ 16.986282183201403, 52.50954340605238 ], [ 16.986621645061014, 52.50948919185366 ], [ 16.986961326760138, 52.509436599402846 ], [ 16.987375832541105, 52.509372417112054 ], [ 16.988103089140374, 52.509257787932476 ], [ 16.988243057015573, 52.509236783039405 ], [ 16.988474531449036, 52.509197186703105 ], [ 16.989642960927792, 52.509034553918696 ], [ 16.989857779369505, 52.509004565580078 ], [ 16.990048857603785, 52.508981189062219 ], [ 16.990147720769876, 52.508953187520596 ], [ 16.990243392872319, 52.508920814417131 ], [ 16.990353494623122, 52.508859724692847 ], [ 16.990411867893812, 52.508827437369739 ], [ 16.990621862033272, 52.508702835523351 ], [ 16.991623123395463, 52.506807198648154 ], [ 16.992404234055957, 52.50531903724476 ], [ 16.992487411907721, 52.505178968328394 ], [ 16.992588095879839, 52.505029932285787 ], [ 16.992740784684468, 52.504826463591321 ], [ 16.992937684841504, 52.504629591129103 ], [ 16.993124361515704, 52.504485611334459 ], [ 16.994752554760133, 52.503431746802569 ], [ 16.995442862687185, 52.502992831628085 ], [ 16.995610595760184, 52.50287937744379 ], [ 16.996518466248432, 52.50229708538356 ], [ 16.996802555937752, 52.502088011929018 ], [ 16.997754794321285, 52.501472463381518 ], [ 16.998018572041538, 52.501346870193501 ], [ 16.998704970236023, 52.50100878624535 ], [ 16.999258696231315, 52.500736001701654 ], [ 16.999455395595948, 52.500636613480374 ], [ 16.999492361995678, 52.500617721008709 ], [ 16.999547887210696, 52.500589338587083 ], [ 16.99964248935272, 52.500541019995865 ], [ 16.999721104717459, 52.500494229858219 ], [ 16.999844861767581, 52.500414024607167 ], [ 17.000000045245482, 52.500313573729109 ], [ 17.000014472220364, 52.500304193745258 ], [ 17.000225707496465, 52.500147486467355 ], [ 17.000245917764079, 52.500130828895053 ], [ 17.000322921998549, 52.50006755154714 ], [ 17.000395492114588, 52.500007796917082 ], [ 17.000503880645368, 52.499918696660586 ], [ 17.000523575483459, 52.499903649304287 ], [ 17.000730609719636, 52.499745251154742 ], [ 17.000791526166402, 52.499698700837364 ], [ 17.001031497733685, 52.499519182560618 ], [ 17.001071723538733, 52.499477139375088 ], [ 17.001250096661717, 52.499222736470415 ], [ 17.001317232752363, 52.499006568430588 ], [ 17.001323015683955, 52.498944065772776 ], [ 17.001336231063913, 52.498798941080096 ], [ 17.001346391843402, 52.498688662680259 ], [ 17.001346959527666, 52.498682646086834 ], [ 17.001347531288761, 52.498676539619233 ], [ 17.001338601620443, 52.498623232389043 ], [ 17.001334679200315, 52.498599241258795 ], [ 17.00128942450241, 52.498378565805659 ], [ 17.001255422572555, 52.498426380643345 ], [ 17.001229468135186, 52.498455983067714 ], [ 17.00118644355355, 52.498485027210926 ], [ 17.001140481836895, 52.49851384182044 ], [ 17.001104842802643, 52.498529519276182 ], [ 17.00107866158579, 52.498547874952294 ], [ 17.001031511272824, 52.498589891065571 ], [ 17.000934255196093, 52.498690332871668 ], [ 17.000815867623029, 52.498798512336819 ], [ 17.000510384232928, 52.499044739893407 ], [ 17.000254795886839, 52.499230648900102 ], [ 16.99964683075925, 52.499672872974138 ], [ 16.999486230625507, 52.499792029884617 ] ], [ [ 16.977800244588934, 52.495342374593804 ], [ 16.977737426804051, 52.495789578745246 ], [ 16.977648407429005, 52.496261788860565 ], [ 16.97758923053085, 52.496668130881154 ], [ 16.977583582745243, 52.496707699368621 ], [ 16.97759000650419, 52.496734702285352 ], [ 16.977622316666729, 52.496798125166144 ], [ 16.977751758803759, 52.49694469741781 ], [ 16.977885965472936, 52.497074171776013 ], [ 16.978045851558253, 52.497228549543735 ], [ 16.978091188410165, 52.497287517901569 ] ], [ [ 16.974614835907122, 52.565577906890738 ], [ 16.974675804778443, 52.565289141505964 ], [ 16.974860716621524, 52.564556215566689 ], [ 16.974963048608316, 52.564077853011234 ], [ 16.975092385380453, 52.563654007832376 ], [ 16.975260470864722, 52.563039337632482 ], [ 16.975426060805681, 52.562372997443042 ], [ 16.975470874174626, 52.562137035110183 ], [ 16.97548068904289, 52.561991226180652 ], [ 16.975485404745321, 52.561920881798677 ], [ 16.975629513186874, 52.561211271207355 ], [ 16.975687936492463, 52.560948918541058 ], [ 16.975713407369735, 52.560818847469804 ], [ 16.975719334692315, 52.56073179446917 ], [ 16.975722098384715, 52.560691007797537 ], [ 16.975728924819151, 52.560590838553154 ], [ 16.975727634775858, 52.560336818584076 ], [ 16.975719222218451, 52.560115685723822 ], [ 16.975698998703376, 52.559958749755438 ], [ 16.97568735563512, 52.559900717520968 ], [ 16.975682708127955, 52.55984460378626 ], [ 16.975689209989756, 52.559789939941609 ], [ 16.975705906726898, 52.559754248469567 ], [ 16.975747184844622, 52.559710342924049 ], [ 16.975807291968575, 52.559686996477573 ], [ 16.975879652085755, 52.559669975649157 ], [ 16.975948389891109, 52.55966431554166 ], [ 16.976065476349792, 52.559666317822874 ], [ 16.976161468668682, 52.559664901240673 ], [ 16.976261642578827, 52.559656000901846 ], [ 16.976366270800089, 52.559643309105738 ], [ 16.976659271909384, 52.559597231033386 ], [ 16.976906620850187, 52.559539398905713 ], [ 16.977178466420067, 52.559439891805617 ], [ 16.977408822671766, 52.559334368468271 ], [ 16.977891580297776, 52.559028987564375 ], [ 16.978220551489695, 52.558826390508585 ], [ 16.978377400634685, 52.558740296416381 ] ], [ [ 16.974615337226282, 52.565578067088282 ], [ 16.97474066361826, 52.565598484415993 ], [ 16.974874097005465, 52.565614438734933 ], [ 16.97504291166274, 52.565628120051322 ], [ 16.975188280612265, 52.565641310104226 ], [ 16.975358209115143, 52.565656449104161 ], [ 16.975537547749944, 52.565672378406902 ], [ 16.975712394687026, 52.565683283778917 ], [ 16.975853371525524, 52.565689292436304 ], [ 16.976009245441734, 52.565701941583889 ], [ 16.976115855541202, 52.565713838117745 ], [ 16.976249062218251, 52.565734733841843 ], [ 16.976413249933699, 52.565771988968294 ], [ 16.976537767484992, 52.565802089833312 ], [ 16.976763012529688, 52.565862873881464 ], [ 16.976983006656063, 52.565922308554171 ], [ 16.977186674203249, 52.566012583902101 ], [ 16.977303352468077, 52.565946851154585 ], [ 16.977653400452223, 52.565704411379031 ], [ 16.977919908258826, 52.565487526186402 ], [ 16.978530917061196, 52.565026574307012 ], [ 16.978871052868186, 52.564774697630071 ], [ 16.979025775078227, 52.564648631825747 ], [ 16.979150346746806, 52.564558747590191 ], [ 16.979616873520843, 52.564235004003038 ], [ 16.979972334252562, 52.563973761960483 ], [ 16.980056351120634, 52.563911966244774 ], [ 16.980246490004721, 52.563776249843485 ], [ 16.98097443093743, 52.563239480636923 ], [ 16.981054293539394, 52.563158815380767 ], [ 16.981184607411983, 52.562918013552533 ], [ 16.98126520213458, 52.562683199215989 ], [ 16.981310605116015, 52.562501210453341 ], [ 16.981358925968213, 52.562374586070007 ], [ 16.981569374910954, 52.561879893708131 ], [ 16.981646898870892, 52.561750439344699 ], [ 16.981733325354011, 52.561616729556128 ], [ 16.981912188659805, 52.561379093298008 ], [ 16.98209591739802, 52.561164025351232 ], [ 16.982130042934223, 52.561118286770245 ], [ 16.982162365763145, 52.561073236985976 ], [ 16.982200479080237, 52.56100813879101 ] ], [ [ 16.978435056672421, 52.482586912395014 ], [ 16.978547646672382, 52.482595762482703 ], [ 16.978667167788167, 52.482604461091128 ], [ 16.978923829635963, 52.482623148421759 ], [ 16.978979157588, 52.482627781579438 ], [ 16.979095104728085, 52.482637318116872 ], [ 16.979263320736504, 52.482641091782952 ], [ 16.979409626849883, 52.482634327264108 ], [ 16.979507398957558, 52.482628982020515 ], [ 16.979583033459058, 52.482621279759748 ], [ 16.979616876659026, 52.48261574173867 ], [ 16.979684407590014, 52.48260484289905 ], [ 16.979757139216716, 52.482583329570943 ], [ 16.979795775474379, 52.482563212567776 ], [ 16.979815672241529, 52.482540526871524 ], [ 16.9798248642315, 52.482503896954391 ], [ 16.979825287614155, 52.482472154100179 ], [ 16.979828705923833, 52.482172520450831 ], [ 16.97981956847762, 52.481880047695782 ], [ 16.979811068408285, 52.481801921406415 ], [ 16.979793057578743, 52.481635577875331 ], [ 16.979759986852791, 52.481370308955761 ], [ 16.979756158916491, 52.481334895731621 ], [ 16.979752021169585, 52.48129659901965 ], [ 16.979742978729867, 52.481227098038289 ], [ 16.979740906742958, 52.481211232570139 ], [ 16.979720566498059, 52.481079657394623 ], [ 16.979716432271257, 52.481005922958225 ], [ 16.979716188122495, 52.480927667848178 ], [ 16.979719136946926, 52.480863318596391 ], [ 16.979726024172663, 52.480796608143166 ], [ 16.979819761877813, 52.480323037248539 ], [ 16.980014575065397, 52.480340935653963 ], [ 16.980367820048002, 52.480373411915949 ], [ 16.980505814784944, 52.480390339214864 ], [ 16.98065945818421, 52.480419406099635 ], [ 16.980773603918628, 52.480445639783738 ], [ 16.981213224773246, 52.480573579261979 ], [ 16.981555316594285, 52.480682403565993 ], [ 16.981673566876314, 52.48071554213513 ], [ 16.981805048934323, 52.480749266154959 ], [ 16.981933667149441, 52.480774756294004 ], [ 16.981948182422354, 52.480776263185085 ], [ 16.982014609282462, 52.480782973137138 ], [ 16.982120993383379, 52.480788925709575 ], [ 16.982249319535871, 52.480791834682535 ], [ 16.982359586125757, 52.480790208074687 ], [ 16.982458384250897, 52.480784877923689 ], [ 16.982559591886091, 52.480775181557327 ], [ 16.982620849659572, 52.480769300836272 ], [ 16.982699273172507, 52.480761734123313 ], [ 16.983216309276042, 52.480698237483097 ], [ 16.983364342772941, 52.48068897915374 ], [ 16.98353773835138, 52.48068563962206 ], [ 16.983814769490003, 52.480674262775075 ], [ 16.983892596384951, 52.48066362702118 ], [ 16.983937959207015, 52.480644522786299 ], [ 16.983968652021684, 52.480620851174692 ], [ 16.984001604370082, 52.480586424845157 ], [ 16.984014790005133, 52.480555798969093 ], [ 16.984011211633575, 52.480505189695393 ], [ 16.983988097928908, 52.480430772151777 ], [ 16.983944658905127, 52.480301502331336 ], [ 16.983892580697887, 52.480135658076605 ], [ 16.983874380944851, 52.480066540998834 ], [ 16.983849249140416, 52.479881638321082 ], [ 16.983819818207124, 52.479687667984308 ], [ 16.98381439260714, 52.479651688006491 ], [ 16.983812249342858, 52.479637350441244 ], [ 16.983789861597899, 52.479469763681344 ], [ 16.983759023425861, 52.479280806163189 ], [ 16.983750865905627, 52.479230478576547 ], [ 16.984157429604366, 52.479179215650774 ], [ 16.984764328145264, 52.479118413304583 ], [ 16.985032742610528, 52.479085840051781 ], [ 16.985095883854399, 52.479074143823851 ], [ 16.985174097800467, 52.479054969201933 ], [ 16.985257416188343, 52.47902724690514 ], [ 16.985551890236614, 52.478917585077561 ], [ 16.985695646681389, 52.478876051228028 ], [ 16.985899881249793, 52.47880370716392 ], [ 16.986110519552994, 52.478745952708223 ], [ 16.986236872014089, 52.478711317325271 ], [ 16.987048649252817, 52.4785412025036 ], [ 16.98788749711056, 52.478332956943312 ], [ 16.988913809769951, 52.478106396945925 ], [ 16.990831075968348, 52.477681351813168 ], [ 16.991122416763286, 52.477620552274672 ], [ 16.991585641222269, 52.477521387080536 ], [ 16.991807579043268, 52.477470740096813 ], [ 16.991975132115527, 52.477449840035241 ], [ 16.992097132282474, 52.477458837072398 ], [ 16.992249506552689, 52.477476894271625 ], [ 16.992395278085063, 52.477487913541154 ], [ 16.992541793486041, 52.47750847926514 ], [ 16.99271479089666, 52.477536240044095 ], [ 16.992996161333163, 52.477590844038552 ], [ 16.993310617558326, 52.477659680160201 ], [ 16.993527867524943, 52.477689359864172 ], [ 16.993885178129339, 52.477836182924293 ], [ 16.994102629698148, 52.477916503141778 ], [ 16.994536447653321, 52.478078383163641 ], [ 16.99534413915131, 52.478360018141082 ], [ 16.995545098318818, 52.478450039827301 ], [ 16.995585368761969, 52.478468261319207 ], [ 16.996161680452893, 52.478771962513569 ], [ 16.996516621956648, 52.478938884654113 ], [ 16.996784139661926, 52.479036057908459 ], [ 16.996869217086488, 52.479005119310749 ], [ 16.996954069618468, 52.478975885767952 ], [ 16.997122617194908, 52.478916949182263 ], [ 16.997338037163306, 52.47884765310117 ], [ 16.997812763712496, 52.478757922468333 ], [ 16.998147599413478, 52.478705936884786 ], [ 16.998708293907374, 52.478627191792626 ], [ 16.998879816129566, 52.478583773319933 ], [ 16.998930314108126, 52.478564930161703 ], [ 16.998991543957828, 52.478536824507437 ], [ 16.999065365403322, 52.478494181146615 ], [ 16.999170196553006, 52.478423910094477 ], [ 16.999453147199365, 52.478242693852927 ], [ 16.999562892891809, 52.478148490712847 ], [ 16.99960553300695, 52.478108017892133 ], [ 16.999861046019969, 52.477904840132737 ], [ 17.000000191975236, 52.477782711713481 ], [ 17.000224522436298, 52.47758818006993 ], [ 17.000530271855606, 52.477365253310452 ], [ 17.000929419868218, 52.477125825946572 ], [ 17.001125683858142, 52.477040099383096 ], [ 17.00140386904393, 52.477317868879275 ], [ 17.001832548484821, 52.477804870270965 ], [ 17.002007431070108, 52.478067491292634 ], [ 17.002031704012108, 52.478103968635054 ], [ 17.00232380462031, 52.478565815068585 ], [ 17.002496352532404, 52.478776048851344 ], [ 17.002625445990414, 52.478898483357497 ], [ 17.002842214562154, 52.479013853693033 ], [ 17.003117937451975, 52.479174111382605 ], [ 17.003326279019639, 52.479316231566791 ], [ 17.003374626310535, 52.479400155395489 ], [ 17.003402066195139, 52.479457822575434 ], [ 17.00344437390704, 52.479558014089989 ], [ 17.00349858928152, 52.479642486641012 ], [ 17.003644925662051, 52.479969832031699 ], [ 17.003741964566213, 52.480185445064315 ], [ 17.004262670701891, 52.48110742692181 ], [ 17.004381858451051, 52.48127646272409 ], [ 17.004408416362043, 52.481311359111999 ], [ 17.00450129780862, 52.481433450245291 ], [ 17.004638710523409, 52.481561149542792 ], [ 17.004713782855116, 52.48162105908078 ], [ 17.00479169781801, 52.481683265105332 ], [ 17.004890806443903, 52.481762198266395 ], [ 17.004987760316979, 52.4818236460058 ], [ 17.005012821878143, 52.481839538985447 ], [ 17.005159454469482, 52.481952372651655 ] ], [ [ 16.97872446419877, 52.480207723386229 ], [ 16.97887201028724, 52.480221937644423 ], [ 16.979236051070139, 52.480269532438022 ], [ 16.979819761877813, 52.480323037248539 ] ], [ [ 16.978821506066943, 52.47943091969239 ], [ 16.978952520145842, 52.479416878863034 ], [ 16.97968008229142, 52.479388115736214 ], [ 16.979819544766574, 52.479382583028261 ], [ 16.980101744990616, 52.479370763566145 ], [ 16.980183366621905, 52.479367300619664 ], [ 16.980398738766571, 52.479357577072946 ], [ 16.980440956156258, 52.479355689636343 ], [ 16.980736334714553, 52.479342384770597 ], [ 16.980867287425191, 52.479339313898038 ], [ 16.981010482066289, 52.479335912208569 ], [ 16.981282840206639, 52.479323472192632 ], [ 16.981258031393402, 52.479093152854055 ], [ 16.981251710836197, 52.479034941391539 ], [ 16.981241679707662, 52.478941948354965 ], [ 16.981233842607384, 52.47886860047565 ], [ 16.981227707914542, 52.47879024481211 ], [ 16.981215898839924, 52.478639567560855 ], [ 16.981203256048857, 52.478529620532832 ], [ 16.98119495281049, 52.478414980566214 ], [ 16.981178211592471, 52.478185428493518 ], [ 16.981170739373415, 52.478081595939408 ], [ 16.981162501161961, 52.477968755944282 ], [ 16.981145870374309, 52.47774001522717 ], [ 16.981132859904076, 52.477560895243109 ], [ 16.981129524922917, 52.477514697227754 ], [ 16.981113138456603, 52.477290277953564 ], [ 16.981119464680749, 52.47707811896003 ], [ 16.981082643700603, 52.47683994922199 ], [ 16.981079627871356, 52.476793216985989 ], [ 16.981073168924361, 52.476692999444744 ], [ 16.981072045590029, 52.47667571108763 ], [ 16.981062948789791, 52.476536592855545 ], [ 16.981054703475106, 52.476407832675577 ], [ 16.981045887830746, 52.476272227038102 ], [ 16.981037247262435, 52.476139232751727 ], [ 16.981025407734506, 52.475957074612587 ], [ 16.981009311855541, 52.475707026281832 ], [ 16.980912603947324, 52.475705555115347 ], [ 16.980928380630679, 52.475460727986686 ], [ 16.980912908845678, 52.47530000433666 ], [ 16.980924526206291, 52.475210348955734 ], [ 16.980979662362277, 52.474948744709799 ], [ 16.981004683546725, 52.474920210020422 ], [ 16.981039208783226, 52.47489642470714 ], [ 16.98109501254212, 52.474877589771104 ], [ 16.981176993266839, 52.474875751311238 ], [ 16.981412414172151, 52.474890922935259 ], [ 16.981561615943924, 52.474903992958858 ], [ 16.981925781852137, 52.47492864629605 ], [ 16.982126623970668, 52.474943046530235 ], [ 16.982334068826955, 52.474958008790495 ], [ 16.982540007435478, 52.474980140481975 ], [ 16.982879987508145, 52.475000284255771 ], [ 16.982819092050399, 52.475117893488061 ], [ 16.982797198031598, 52.475227825257782 ], [ 16.982722315500013, 52.475512768924283 ], [ 16.982679363632155, 52.475806426898316 ], [ 16.982641282087538, 52.475921931424388 ], [ 16.982621947855357, 52.476057782312928 ], [ 16.982628281664514, 52.476206086998474 ], [ 16.982623593709469, 52.476380238210901 ], [ 16.982626465866581, 52.476676962967211 ], [ 16.982689063778142, 52.476889578166059 ], [ 16.982701271085492, 52.476941503976512 ], [ 16.98278743514896, 52.477286198542203 ], [ 16.982823186193816, 52.477428829302092 ], [ 16.98286166169316, 52.477582749466542 ], [ 16.982906186232061, 52.477762226824929 ], [ 16.982916381032272, 52.477803414989012 ], [ 16.982966578245083, 52.47802634188286 ], [ 16.983016506219073, 52.478248724491039 ], [ 16.983047100360555, 52.478384971150589 ], [ 16.983067803002761, 52.478476616970582 ], [ 16.98307722513379, 52.478518601429208 ], [ 16.983108313844685, 52.478656925201896 ], [ 16.983147857113728, 52.478832629788592 ], [ 16.983187506763109, 52.479009235605226 ], [ 16.983244065755102, 52.479260603038448 ], [ 16.983418365133581, 52.479250263533402 ], [ 16.983750865905627, 52.479230478576547 ] ], [ [ 16.979146285640745, 52.476934597078817 ], [ 16.979288172335522, 52.476943497461036 ], [ 16.979613534152818, 52.476963447306893 ], [ 16.980078886351826, 52.476991903520236 ], [ 16.980153358285669, 52.476996503380796 ], [ 16.980430836454428, 52.47701347449933 ], [ 16.980706990161544, 52.477030422350431 ], [ 16.980970952173344, 52.47704662175353 ], [ 16.981119464680749, 52.47707811896003 ], [ 16.981275206690221, 52.477093279698153 ], [ 16.981398055470553, 52.47709654589341 ], [ 16.981602521167652, 52.477083486043362 ], [ 16.981820032925608, 52.477042855891455 ], [ 16.981934138848924, 52.477021507665008 ], [ 16.982273373659247, 52.47698619168996 ], [ 16.982701271085492, 52.476941503976512 ] ], [ [ 16.979314999931287, 52.475654163522904 ], [ 16.97945672408683, 52.475660092814302 ], [ 16.980075763210607, 52.475677413449738 ], [ 16.98024398060463, 52.475683794299535 ], [ 16.98044939845353, 52.475691619677484 ], [ 16.980564679259508, 52.475696016740727 ], [ 16.980632779999091, 52.47569816898546 ], [ 16.980912603947324, 52.475705555115347 ] ], [ [ 16.977020994383572, 52.529977517704786 ], [ 16.977066276267458, 52.530144236700998 ], [ 16.977112744508354, 52.530342905715166 ], [ 16.977202817369871, 52.530728771949143 ], [ 16.977089688984861, 52.530735382494377 ], [ 16.976866869774788, 52.530750820669013 ], [ 16.976623336354507, 52.53076770306572 ], [ 16.976357316138856, 52.530786089184012 ], [ 16.97609513966842, 52.530804270623157 ], [ 16.975826306660455, 52.530822877266651 ], [ 16.975555696763305, 52.530841632785091 ], [ 16.975290412556213, 52.530860029102243 ], [ 16.975031788630023, 52.530877909207803 ], [ 16.974774789687906, 52.53089572661942 ], [ 16.974505955643121, 52.530914330251363 ], [ 16.974377384383263, 52.530923192256438 ], [ 16.974256206279314, 52.530931641037753 ], [ 16.97398344668942, 52.53094900701884 ], [ 16.973829461790288, 52.530958872365893 ], [ 16.973651368988047, 52.530970213459561 ], [ 16.973188560101867, 52.53099592542447 ], [ 16.972931260956052, 52.531013823640414 ], [ 16.972666858978243, 52.531032229201045 ], [ 16.97259539463036, 52.531037210793755 ], [ 16.972211000811853, 52.531063902738723 ], [ 16.971864090120889, 52.531093304615936 ], [ 16.971403764803267, 52.531132273811281 ] ], [ [ 16.979831852684995, 52.471677318221147 ], [ 16.979979076359285, 52.471691525804978 ], [ 16.980301064538683, 52.4717360609962 ], [ 16.980779744297777, 52.471813222136205 ], [ 16.981041474892763, 52.471874265423843 ], [ 16.981178167652381, 52.471906190514844 ], [ 16.981433994226336, 52.47197396785657 ], [ 16.981781489069117, 52.472072720695024 ], [ 16.981680105491989, 52.472154278282176 ], [ 16.98165197007657, 52.47215757572512 ], [ 16.981627158818124, 52.472159041078839 ], [ 16.981495699124238, 52.472151130862045 ], [ 16.981475536578518, 52.472150786713286 ], [ 16.981450552546104, 52.472156026716419 ], [ 16.981437451488272, 52.472165517013394 ], [ 16.981420077403289, 52.472178262288573 ], [ 16.981081304635907, 52.472435924312926 ], [ 16.980853776029662, 52.47260895897346 ], [ 16.98068972103291, 52.472733877848668 ], [ 16.980623191037083, 52.472784369493503 ], [ 16.9805867510503, 52.472817835906298 ], [ 16.980413788225874, 52.472976421126631 ], [ 16.980362188044015, 52.473025728493347 ], [ 16.980331841661101, 52.473077287637132 ], [ 16.980290599296264, 52.473302431921439 ], [ 16.98024914033644, 52.473525863557214 ] ], [ [ 16.978123327984679, 52.530679116396691 ], [ 16.977944492153888, 52.530690631129396 ], [ 16.977469007756763, 52.530713085131751 ], [ 16.977202817369871, 52.530728771949143 ] ], [ [ 16.980129041074758, 52.469295107823854 ], [ 16.980286272189357, 52.46930930613069 ], [ 16.98073036958063, 52.469349899534976 ], [ 16.980885831040727, 52.469364156767284 ], [ 16.981541712762617, 52.469424103134074 ], [ 16.981837107537277, 52.469450821203054 ], [ 16.98189489643865, 52.469456034779832 ], [ 16.98224235774148, 52.469487507952365 ], [ 16.982266410250467, 52.469489717226125 ], [ 16.982691887518126, 52.469528546426453 ], [ 16.983118444245953, 52.46956955114937 ], [ 16.983130180329816, 52.469570560804755 ], [ 16.983328361152207, 52.469587881929513 ], [ 16.983443764559418, 52.469595696249861 ], [ 16.983531325335427, 52.469603665299175 ], [ 16.983762135722962, 52.469622441519995 ], [ 16.98393168586226, 52.469637834378041 ], [ 16.984108115852933, 52.469654153765795 ], [ 16.984314607776625, 52.469673323839928 ], [ 16.98448781278087, 52.469689317857281 ], [ 16.984503211601623, 52.469690749577197 ], [ 16.984688733352783, 52.469707942600394 ], [ 16.985041594652397, 52.469740578865775 ], [ 16.985241199449586, 52.469759000359495 ], [ 16.98503800431596, 52.469522584141899 ], [ 16.984859035933273, 52.469326515392019 ], [ 16.984799002779084, 52.469260822859596 ], [ 16.984637914288605, 52.469076391351308 ], [ 16.98460006352235, 52.469024838138878 ], [ 16.984577499167163, 52.468983619135933 ], [ 16.984569021287406, 52.468962877539276 ], [ 16.984559450998262, 52.468946704452485 ], [ 16.984526275392078, 52.468863750597997 ], [ 16.98450498364307, 52.468797908694135 ], [ 16.984453069081102, 52.468622263246864 ], [ 16.984441423665771, 52.468580600710929 ], [ 16.984417334798366, 52.468501849161399 ], [ 16.984395849014373, 52.46842736932858 ], [ 16.984384037397199, 52.468379677723568 ], [ 16.984362930896676, 52.46830979147672 ], [ 16.984346968824617, 52.468249796777215 ], [ 16.984314198718632, 52.468148321354697 ], [ 16.984297746002966, 52.468089397607571 ], [ 16.984296091697772, 52.468083702954885 ], [ 16.984277577630152, 52.467992544216273 ], [ 16.984274928895381, 52.467973161167258 ], [ 16.984271529350391, 52.467947649147099 ], [ 16.984271852056839, 52.467892249317252 ], [ 16.984282247310649, 52.467816244182167 ], [ 16.984289117452942, 52.467765812917996 ], [ 16.98430296848149, 52.467681861694942 ], [ 16.984329061869833, 52.467523375912478 ], [ 16.984358428827665, 52.46734803650012 ], [ 16.984375238421546, 52.467267013893704 ], [ 16.984413430206491, 52.467091914826682 ], [ 16.984422681949265, 52.46702803258566 ], [ 16.98442435338967, 52.467010791878948 ], [ 16.984435422365603, 52.466897471559228 ], [ 16.984435384835422, 52.466824166779226 ], [ 16.984435389001025, 52.466785401102079 ], [ 16.984432550743943, 52.466715376501583 ], [ 16.984421163183601, 52.466655189934144 ], [ 16.98441197743065, 52.466620944689787 ], [ 16.984405319976148, 52.466595826856235 ], [ 16.984386755509867, 52.466531560429672 ], [ 16.984367279372805, 52.466487245969056 ], [ 16.984343683682674, 52.466439623310585 ], [ 16.984282899607706, 52.466351791495335 ], [ 16.984217999490205, 52.466283137442446 ], [ 16.984141584017536, 52.466218334516356 ], [ 16.984294739617059, 52.466189375036642 ], [ 16.984400835041992, 52.466178321526115 ], [ 16.984491099570231, 52.466107635228177 ], [ 16.98457476593962, 52.46603953471886 ], [ 16.984742191672815, 52.465904504379303 ], [ 16.98483293004691, 52.465829868375991 ], [ 16.984942116641115, 52.465747901454741 ], [ 16.985120283669488, 52.465625915580389 ], [ 16.985324749142386, 52.465502038962192 ], [ 16.985387834657161, 52.465465337382838 ], [ 16.985125809474198, 52.465337290331838 ], [ 16.985078728945584, 52.465320208299936 ], [ 16.985007853246277, 52.465292107419806 ], [ 16.984956958600318, 52.465277928489527 ], [ 16.984885701224982, 52.465258185799371 ], [ 16.984737534744124, 52.465213477176633 ], [ 16.984634042321908, 52.46518050290026 ], [ 16.9845104837351, 52.465132255858286 ], [ 16.984487329352081, 52.465107216618733 ], [ 16.98446955857252, 52.465061042409921 ], [ 16.984460385399817, 52.465026527542285 ], [ 16.984462223037816, 52.464995977987563 ], [ 16.984472259906134, 52.4649664676231 ], [ 16.984513850791373, 52.46494253192666 ], [ 16.98455671944167, 52.464926083325551 ], [ 16.984608796119289, 52.464914378777408 ], [ 16.984727779938297, 52.464904803867732 ], [ 16.984892088086813, 52.464902387227795 ], [ 16.985064199812495, 52.464896775410956 ], [ 16.985202835018445, 52.464892211948879 ], [ 16.985222005306742, 52.464891639141328 ], [ 16.985461961006607, 52.464883764807411 ], [ 16.985490426238389, 52.464882810644369 ], [ 16.98576916795675, 52.464873707620775 ], [ 16.985795564898201, 52.464872898041264 ], [ 16.986221545870908, 52.464857847135534 ], [ 16.986362457290241, 52.464855030009204 ], [ 16.986436890092641, 52.464853599161295 ], [ 16.986521821597787, 52.464864129659531 ], [ 16.986592058322138, 52.464877198149736 ], [ 16.986757426591566, 52.464916081137588 ], [ 16.986923720648594, 52.464970180141059 ], [ 16.986998293320987, 52.465017320927821 ], [ 16.987029970920048, 52.465046012561636 ], [ 16.986842363111592, 52.465103980507209 ], [ 16.986621682255919, 52.465141237654827 ], [ 16.986467359744708, 52.465163614356719 ], [ 16.986372486941654, 52.465177289288626 ], [ 16.986238266728435, 52.465198029240767 ], [ 16.986126666895629, 52.465216815744064 ], [ 16.986113157331751, 52.465219194036095 ], [ 16.98598323531321, 52.46524900127428 ], [ 16.985890640972066, 52.465274047537854 ], [ 16.985726560609251, 52.465319822334514 ], [ 16.98564191555959, 52.465348151842996 ], [ 16.985468770953485, 52.465424712523578 ], [ 16.985387834657161, 52.465465337382838 ] ], [ [ 16.980198731898536, 52.468712383265292 ], [ 16.980342652676121, 52.468721317318547 ], [ 16.980445438573039, 52.468728019654989 ], [ 16.98100106752554, 52.468764310656788 ], [ 16.98105481308928, 52.468767746687085 ], [ 16.981285877075717, 52.468780865657223 ], [ 16.981446578759837, 52.468789994884098 ], [ 16.981727296959384, 52.468805849374554 ], [ 16.982215722518401, 52.468833522328644 ], [ 16.982454761884778, 52.468849383461141 ], [ 16.982786013037, 52.468871314301914 ], [ 16.982925793880288, 52.468880624300851 ], [ 16.983264383048905, 52.468903128680822 ], [ 16.983284654309156, 52.468904283882374 ], [ 16.98344635829443, 52.468914057083317 ], [ 16.983703679478964, 52.468929507885761 ], [ 16.983846146608517, 52.468938053102526 ], [ 16.98392956994201, 52.468943073127093 ], [ 16.984028265219742, 52.468949072995009 ], [ 16.984046480372584, 52.468950103069929 ], [ 16.984552600797276, 52.468980586421644 ], [ 16.984577499167163, 52.468983619135933 ] ], [ [ 16.97704157891226, 52.538053845880036 ], [ 16.977034612937942, 52.538077021998433 ], [ 16.976925967456712, 52.538585590421903 ], [ 16.976903068653307, 52.538737112446896 ], [ 16.976916077606191, 52.538839150189936 ], [ 16.976966999865038, 52.539075850983586 ], [ 16.976997816340372, 52.539185208692217 ], [ 16.977028011714047, 52.539263165711674 ], [ 16.977091773606585, 52.539425973009863 ], [ 16.97731492797746, 52.539994538816195 ] ], [ [ 16.979756158916491, 52.481334895731621 ], [ 16.979828668013685, 52.481324621519391 ], [ 16.979951698462198, 52.481295242710154 ], [ 16.98024706332021, 52.481224644673532 ], [ 16.980355077604894, 52.481198246974309 ], [ 16.980482836390124, 52.481174974582402 ], [ 16.980489309156194, 52.481175175053139 ], [ 16.980516386070061, 52.481175817294293 ], [ 16.980562370802996, 52.48118820521956 ], [ 16.98060222671414, 52.481212181145949 ], [ 16.98061948041018, 52.481231094070516 ], [ 16.980752214339677, 52.48138545498167 ], [ 16.980823035183846, 52.481453851974727 ], [ 16.98089995959015, 52.481527300021412 ], [ 16.980956327879436, 52.481576741927725 ], [ 16.981139312084245, 52.48173726689631 ], [ 16.981204310527044, 52.48179450120027 ], [ 16.981364755207846, 52.481935752911006 ], [ 16.981548433133085, 52.482097278436612 ], [ 16.981618776356321, 52.482156852308279 ], [ 16.981714645708887, 52.482238088427259 ], [ 16.981755174278685, 52.482289238384851 ], [ 16.981768559920837, 52.482325084457685 ], [ 16.981777426078875, 52.48237920189186 ], [ 16.98173003001159, 52.48283845438565 ], [ 16.9817178656461, 52.482878901287719 ], [ 16.981700281101325, 52.482912240095125 ], [ 16.981676988339331, 52.482944761938839 ], [ 16.981656532305415, 52.482966808792526 ], [ 16.981627819327759, 52.482992222530591 ], [ 16.981377433521374, 52.48317422234522 ], [ 16.981343649932352, 52.483184888671431 ], [ 16.981300772312174, 52.48319468021851 ], [ 16.981260496953112, 52.483199119554378 ], [ 16.981207582215006, 52.483202893414273 ], [ 16.98052464615861, 52.483185567763279 ], [ 16.980445983300388, 52.483198255759937 ], [ 16.980375054573152, 52.483231852739806 ], [ 16.980221960631599, 52.483155214798842 ], [ 16.979823293320088, 52.48294324452678 ], [ 16.979263320736504, 52.482641091782952 ] ], [ [ 16.977478261541858, 52.532838235679158 ], [ 16.977609620908712, 52.532630823900917 ], [ 16.97768690714468, 52.532508833051544 ], [ 16.977712193965228, 52.532468880845045 ], [ 16.977848962351377, 52.532252836784082 ], [ 16.977937733755329, 52.532121598042153 ], [ 16.977974502486688, 52.532072487928041 ], [ 16.978074956816048, 52.531991906725075 ], [ 16.978214202452669, 52.531911268717764 ], [ 16.978437820639385, 52.531823977206635 ], [ 16.978505018221231, 52.531802729455102 ], [ 16.978558370255683, 52.531793927086611 ], [ 16.978610682416608, 52.531785286815506 ] ], [ [ 16.978287824045246, 52.531596107354126 ], [ 16.978189550305974, 52.531735188911156 ], [ 16.978093281320518, 52.531875563846071 ], [ 16.978074956816048, 52.531991906725075 ] ], [ [ 16.980375054573152, 52.483231852739806 ], [ 16.980421329709131, 52.483263673471086 ], [ 16.980472290958392, 52.483308975792831 ], [ 16.980491797946154, 52.483355899649723 ], [ 16.980727611060676, 52.483598276434016 ], [ 16.980754433521245, 52.483633452591974 ], [ 16.980771950829624, 52.483662713490148 ], [ 16.980788956698714, 52.483706356622804 ], [ 16.98091428107773, 52.484344307146067 ], [ 16.980950023912623, 52.48441633250242 ], [ 16.981003159134911, 52.484459243211163 ], [ 16.981094412466543, 52.484509460400758 ], [ 16.981174632727729, 52.484533585451828 ], [ 16.981273123696702, 52.484544800602883 ], [ 16.981505376193226, 52.484565943795438 ], [ 16.981827637581301, 52.484574411381914 ], [ 16.981966547094064, 52.484571654846036 ], [ 16.982142951099188, 52.484554427339944 ], [ 16.982304559891446, 52.4845224662619 ], [ 16.982512096788316, 52.484468802536426 ], [ 16.983029218848255, 52.484320671061809 ], [ 16.983487931822665, 52.484235131557746 ], [ 16.983903165689721, 52.484169266309863 ], [ 16.984309604084707, 52.484095964287889 ], [ 16.984723528419188, 52.484023238150805 ], [ 16.984928130927948, 52.483994974225126 ], [ 16.985166573504575, 52.483996697961224 ], [ 16.985336399006883, 52.48399761217167 ], [ 16.985496215181829, 52.4839725418706 ] ], [ [ 16.981494422747311, 52.464606807050856 ], [ 16.981620843974753, 52.464647101146554 ], [ 16.981893663138703, 52.464770663218829 ], [ 16.981947009857333, 52.464795588638772 ], [ 16.982274872992058, 52.464948871193492 ], [ 16.982748505252573, 52.465170298565809 ], [ 16.982791360976204, 52.465192796034117 ], [ 16.982838099347521, 52.465217338481331 ], [ 16.982900035324509, 52.465257340646943 ], [ 16.982965848332736, 52.465305953569128 ], [ 16.983616560103417, 52.465806345206936 ], [ 16.983742613417849, 52.46590635336716 ], [ 16.98391699076258, 52.466041363904466 ], [ 16.983997228164625, 52.466103084108745 ], [ 16.984062646645359, 52.466153938264391 ], [ 16.984141584017536, 52.466218334516356 ] ], [ [ 16.981009311855541, 52.475707026281832 ], [ 16.981147616102099, 52.475707228707179 ], [ 16.9812699495121, 52.475712015307593 ], [ 16.981364488976279, 52.475719025674643 ], [ 16.981429766770095, 52.475728144879341 ], [ 16.981524944340588, 52.475763048541552 ], [ 16.981611099498668, 52.475795549548835 ], [ 16.981706136162632, 52.475852846626488 ], [ 16.981817518901558, 52.475939204544083 ], [ 16.982026920627618, 52.476111062414894 ], [ 16.982374759020875, 52.476367220431797 ], [ 16.982409404958833, 52.476398752113418 ], [ 16.982494540356427, 52.476476116934236 ], [ 16.982577704941885, 52.476570807191109 ], [ 16.982610640719102, 52.476623626276705 ], [ 16.982626465866581, 52.476676962967211 ] ], [ [ 16.979436974943525, 52.512932854064175 ], [ 16.979519346265487, 52.51306863600761 ], [ 16.979593469201088, 52.513284596278623 ], [ 16.979684836721415, 52.513651685682355 ], [ 16.979757147093387, 52.513942537523604 ], [ 16.979773582195886, 52.514008476688744 ], [ 16.979872876492216, 52.514488849739472 ], [ 16.979948882528273, 52.514856665908603 ] ], [ [ 16.979436974943525, 52.512932854064175 ], [ 16.979540910364094, 52.512907106565891 ], [ 16.980451418329064, 52.512768400712211 ], [ 16.980654178597963, 52.512735075084294 ], [ 16.980984732265128, 52.512689359361325 ], [ 16.981063516899109, 52.512678381692488 ], [ 16.981482152999902, 52.512615009851842 ], [ 16.981547315112724, 52.512605328464844 ], [ 16.982063058959124, 52.512539653858695 ], [ 16.982135600453468, 52.512732470107743 ], [ 16.982179999673921, 52.512850962981247 ], [ 16.982191248325844, 52.512878947272775 ], [ 16.982273902016644, 52.513085967024068 ], [ 16.982311991629899, 52.513178088826763 ], [ 16.982379625113154, 52.513355800682398 ], [ 16.982474630185251, 52.51360539412692 ], [ 16.982539438127514, 52.513780449334156 ], [ 16.982602649956686, 52.513929213887373 ] ], [ [ 16.981877537752858, 52.463922487806826 ], [ 16.98198832586187, 52.463937510340187 ], [ 16.982688674250305, 52.464024833155968 ], [ 16.982725304295794, 52.464028875917137 ], [ 16.982797956083669, 52.464034162770751 ], [ 16.982860623381526, 52.464035591565327 ], [ 16.982906500519867, 52.464033855720118 ], [ 16.982974903947575, 52.464028996291788 ], [ 16.983050457394889, 52.46401913198455 ], [ 16.983110295072862, 52.464008369971296 ], [ 16.983227834566005, 52.463978804429757 ], [ 16.983350884757588, 52.463944655676443 ], [ 16.983367885218353, 52.463939998697128 ], [ 16.983423509688429, 52.463924757428472 ], [ 16.983620021273687, 52.463874951727227 ], [ 16.983806298502103, 52.463839632038557 ], [ 16.983909488001512, 52.463821154066665 ], [ 16.984431564330841, 52.463752522543139 ], [ 16.984461439376204, 52.463749703843924 ], [ 16.984995183844667, 52.4636996172515 ], [ 16.98512787616626, 52.463696121902515 ], [ 16.985243855362818, 52.463713568370849 ], [ 16.985282173148011, 52.463719348027531 ], [ 16.985395373148904, 52.463736387219456 ], [ 16.985516472675076, 52.463761026210278 ], [ 16.985550470002877, 52.46376790144506 ], [ 16.985734126571106, 52.463815732058464 ], [ 16.985915884202857, 52.463879360139565 ], [ 16.986004806683518, 52.463915323138103 ], [ 16.986049543522022, 52.463935333039949 ], [ 16.986209723454223, 52.464007137816687 ], [ 16.986323660870465, 52.464069340427521 ], [ 16.986355334345276, 52.464091646178218 ], [ 16.986523956220665, 52.464210814737463 ], [ 16.986630820776011, 52.464289266370884 ], [ 16.986865361794301, 52.464461274421126 ], [ 16.986949994462265, 52.464523517172012 ], [ 16.987083511732468, 52.464621400231763 ], [ 16.987157768714106, 52.464672223241983 ], [ 16.987223459940321, 52.464713906031648 ], [ 16.987323758291478, 52.464765262134549 ], [ 16.987359946087636, 52.464782247819549 ], [ 16.98748483579509, 52.464827186607366 ], [ 16.987579779967508, 52.464850658757534 ], [ 16.987685670604492, 52.464873057899723 ], [ 16.987750561616458, 52.464883876079604 ], [ 16.987883843366415, 52.46489981548492 ], [ 16.988040232445325, 52.464909582008424 ], [ 16.988096398428343, 52.464908289033204 ], [ 16.988151779480209, 52.464908062001385 ], [ 16.988270999524236, 52.464899746761006 ], [ 16.98841598355763, 52.464885123903009 ], [ 16.988579732805878, 52.464872349105562 ], [ 16.98872331446584, 52.464859410947909 ], [ 16.988825088849307, 52.464852597296002 ], [ 16.98890393605523, 52.464851239974088 ], [ 16.989185965584245, 52.464860443383664 ], [ 16.989244775725091, 52.464862522743005 ], [ 16.989257127985738, 52.464862912670256 ], [ 16.989455602021451, 52.464870154956877 ], [ 16.989737137132831, 52.464880517911141 ], [ 16.990158982389673, 52.464894794097511 ], [ 16.990545532782079, 52.464908019290512 ], [ 16.990583746366895, 52.464909658035829 ], [ 16.991082117335463, 52.464931527346778 ], [ 16.991422046640213, 52.464946655939904 ], [ 16.991590409040743, 52.464955451867176 ], [ 16.991775664989198, 52.464965164060352 ], [ 16.992024244011333, 52.464978109895604 ], [ 16.992182007860468, 52.464986814951082 ], [ 16.992498279687684, 52.465004057174497 ], [ 16.992780315189563, 52.465016400123652 ], [ 16.992963429894811, 52.46502463500719 ], [ 16.993134388537172, 52.465031404092485 ], [ 16.99353082896765, 52.465031205865699 ], [ 16.993925380980716, 52.465020720700231 ], [ 16.994069722062655, 52.465016963187814 ], [ 16.994601752038463, 52.465004670367854 ], [ 16.994897399124312, 52.464999430262829 ], [ 16.99492881135728, 52.464998433854291 ], [ 16.995339986533661, 52.464985077807441 ], [ 16.995585679774631, 52.464964328317166 ], [ 16.995640652603271, 52.465070314243732 ], [ 16.995768618301696, 52.465316769995972 ], [ 16.99588520876334, 52.465541356400657 ], [ 16.995991228981495, 52.465745796066308 ] ], [ [ 16.981282840206639, 52.479323472192632 ], [ 16.981742645171348, 52.479309553484164 ], [ 16.982136215029808, 52.479297650926249 ], [ 16.982352616002181, 52.479291179348124 ], [ 16.982413392268313, 52.479289337994516 ], [ 16.98272234809728, 52.479278688273645 ], [ 16.982750233889185, 52.479277724823724 ], [ 16.982760267873072, 52.479277356310092 ], [ 16.982772955492486, 52.479276943114243 ], [ 16.982986600697426, 52.479269523936708 ], [ 16.983208950945606, 52.479261803102908 ], [ 16.983244065755102, 52.479260603038448 ] ], [ [ 16.979089205175502, 52.538097198329233 ], [ 16.979055077474118, 52.538210752959294 ], [ 16.979020420713272, 52.53832618734296 ], [ 16.978955476810231, 52.538542200195373 ], [ 16.978902359311384, 52.538719109979063 ], [ 16.978849925909628, 52.53889396273636 ], [ 16.978789858812828, 52.539093689190601 ], [ 16.978713056241844, 52.539349433968106 ], [ 16.978703197396136, 52.539390639272419 ], [ 16.978674438347529, 52.539496460461613 ], [ 16.978630032686688, 52.539669921212038 ], [ 16.978587728596438, 52.539797636939788 ] ], [ [ 16.981781489069117, 52.472072720695024 ], [ 16.981994633607478, 52.472139858323715 ], [ 16.9822763080521, 52.472238295976865 ], [ 16.982525679805221, 52.472334562886473 ], [ 16.982662040392, 52.472396341877214 ], [ 16.982824677100897, 52.472469721926998 ], [ 16.983192959221135, 52.472651933084833 ], [ 16.983221908177235, 52.472666278107326 ], [ 16.983460641648001, 52.472802026738229 ], [ 16.98400910955063, 52.473125011406061 ], [ 16.984182942390149, 52.473227452317879 ], [ 16.984523060705399, 52.473426718162841 ], [ 16.984632754974388, 52.473491997875449 ], [ 16.984843249497235, 52.473617368588783 ], [ 16.985134912371954, 52.473790892542851 ], [ 16.985231699150564, 52.473848576393337 ], [ 16.985411370807032, 52.473955522159365 ], [ 16.985047549977676, 52.474150549365469 ], [ 16.984718078084246, 52.474327177087808 ], [ 16.984514610954573, 52.474401813259576 ], [ 16.984328534624627, 52.47445471627011 ], [ 16.984109595734413, 52.47450906147288 ], [ 16.983695936852342, 52.47459012639316 ], [ 16.983417643179354, 52.474651468962541 ], [ 16.983214355440882, 52.474722100662156 ], [ 16.98310710925999, 52.474772340769107 ], [ 16.982998855987383, 52.474844592836973 ], [ 16.982927016511987, 52.474909455259045 ], [ 16.982879987508145, 52.475000284255771 ], [ 16.982898145087457, 52.475001360061952 ], [ 16.98313834533046, 52.475005456745727 ], [ 16.983324310403518, 52.475003771141338 ], [ 16.983361974167131, 52.475044041873701 ], [ 16.983372495105854, 52.475109646977003 ], [ 16.983429004785027, 52.475478760193496 ], [ 16.983488209277617, 52.475484616346492 ], [ 16.983566126971922, 52.475500785611871 ], [ 16.983719429507826, 52.475507986532733 ], [ 16.983842028318342, 52.475513404603454 ], [ 16.984612155908469, 52.475550906125711 ], [ 16.985136769433321, 52.475568389914002 ], [ 16.98551328790046, 52.475583978406313 ], [ 16.98566974642581, 52.47559626739406 ], [ 16.985816935359093, 52.4756147842945 ], [ 16.985962022201711, 52.475637402616755 ], [ 16.986106270076434, 52.475665493031904 ], [ 16.986199807024743, 52.475681566757387 ], [ 16.986310274892354, 52.475694600784983 ], [ 16.986453513784468, 52.47569641006676 ], [ 16.98664220961421, 52.475689818820285 ], [ 16.986872987343077, 52.475661637614621 ], [ 16.987001742706546, 52.475625783157412 ], [ 16.987101550343773, 52.475598070439283 ], [ 16.987286870273355, 52.475607340719542 ], [ 16.987506530718573, 52.475606491808463 ], [ 16.987650827940222, 52.475610926014262 ], [ 16.987755470718884, 52.475619272448014 ], [ 16.987802474354098, 52.475628616848738 ], [ 16.987971515089434, 52.475662163659472 ], [ 16.988154733250244, 52.475707823959333 ], [ 16.988541277227778, 52.475803982876918 ], [ 16.988921771936823, 52.475900397422755 ], [ 16.989003665704384, 52.475923106632692 ], [ 16.989343171501861, 52.476017203820689 ], [ 16.989737802524196, 52.476126717975369 ], [ 16.990131131341293, 52.476235758948654 ], [ 16.99048620535628, 52.476350354686033 ], [ 16.990285502836169, 52.476171104620406 ], [ 16.990172246372801, 52.47608670171936 ], [ 16.989993170148281, 52.4759533300874 ], [ 16.98993665796883, 52.475877896343391 ], [ 16.989901973174721, 52.475814796059971 ], [ 16.989894706517237, 52.475786790053888 ], [ 16.98988951581174, 52.475726169829414 ], [ 16.989903199503559, 52.475600481462081 ], [ 16.989927223902413, 52.475506449087945 ], [ 16.989934838915804, 52.475481574214911 ], [ 16.989938270114919, 52.475470929252978 ], [ 16.989981816885834, 52.475329918379678 ], [ 16.989995128703175, 52.47528670190168 ], [ 16.990001684381703, 52.475265676591569 ], [ 16.990015257751132, 52.475223184104848 ], [ 16.990052530170718, 52.475106711094291 ], [ 16.990056014271815, 52.475098135729276 ], [ 16.990141734158851, 52.474933466850317 ], [ 16.990167910698862, 52.474856830103221 ], [ 16.990200364386776, 52.47476204148839 ], [ 16.990228892076466, 52.474679058692388 ], [ 16.990252534293081, 52.474593384502207 ], [ 16.990285972247893, 52.474506077903733 ], [ 16.9903478330049, 52.474360701049569 ], [ 16.990544726846103, 52.474005981519156 ], [ 16.990481375702881, 52.473990154313341 ], [ 16.990410118174601, 52.473970055317814 ], [ 16.990331705721228, 52.473906571842932 ], [ 16.990286369569052, 52.473821884075903 ], [ 16.990176172325381, 52.473744818523407 ], [ 16.989942708278139, 52.47359631128959 ], [ 16.989848234048697, 52.473536242165423 ], [ 16.98973625104675, 52.47346607148998 ], [ 16.989374170645153, 52.473231099596113 ], [ 16.989343703128608, 52.47321124372143 ], [ 16.988876106387451, 52.472903330842989 ], [ 16.988672394866835, 52.472771157061906 ], [ 16.988569887328676, 52.472706453075361 ], [ 16.988508614329511, 52.472667724521074 ], [ 16.988458309398766, 52.472633949507923 ], [ 16.988168932916587, 52.47243924596858 ], [ 16.988126099826008, 52.472419269348549 ], [ 16.987731272999035, 52.47236650057971 ], [ 16.987539640477742, 52.47234093362318 ], [ 16.987325396387181, 52.472317050227332 ], [ 16.987379410873455, 52.472140420802774 ], [ 16.987385478733405, 52.472078462974039 ], [ 16.987384261555974, 52.472043813965911 ], [ 16.987386668425728, 52.472023347782802 ], [ 16.987407015267248, 52.471884101561699 ], [ 16.987395923809164, 52.471694671418376 ], [ 16.987385044020908, 52.471703930337746 ], [ 16.987370914162856, 52.471713403774181 ], [ 16.987356433019841, 52.471720892470692 ], [ 16.987342925132495, 52.471726418969766 ], [ 16.987326629196055, 52.471731718129327 ], [ 16.987309507652689, 52.471735744024514 ], [ 16.987287558174419, 52.471739058142056 ], [ 16.987262894478253, 52.471740527187407 ], [ 16.987244064791398, 52.471740026819496 ], [ 16.987224859221083, 52.471738080952981 ], [ 16.987202518437101, 52.471733833130116 ], [ 16.987181007856218, 52.471727530730142 ], [ 16.987160903858985, 52.471719453394805 ], [ 16.987146404669758, 52.471711201623982 ], [ 16.987133557181661, 52.471702258415938 ], [ 16.987123738756367, 52.471694715918787 ], [ 16.987116933485503, 52.471685695666451 ], [ 16.98711070869647, 52.471676865181443 ], [ 16.98710517924626, 52.471665707997261 ], [ 16.987101869665732, 52.471654318766923 ], [ 16.987100877395889, 52.471647016443342 ], [ 16.987101001464179, 52.471637844305036 ], [ 16.987102257774872, 52.47162968081885 ], [ 16.987106360053986, 52.471617248480392 ], [ 16.986916710173912, 52.471461206021949 ], [ 16.986681556954178, 52.471234052640213 ], [ 16.986590473854761, 52.471316059567563 ], [ 16.986561824254082, 52.471343544258239 ], [ 16.98653798118621, 52.471401241897972 ], [ 16.986519686470476, 52.47145354743845 ], [ 16.986478864508708, 52.471589566718656 ], [ 16.986387887005154, 52.47185955749233 ], [ 16.98638113784861, 52.471881568706749 ], [ 16.986298961273235, 52.472149100898811 ], [ 16.986250526688597, 52.472303428912092 ], [ 16.986205683078509, 52.472446844931213 ], [ 16.98614425382744, 52.472634140814776 ], [ 16.986069779508373, 52.47286195897351 ], [ 16.986036549770404, 52.472957452866027 ], [ 16.985950574635627, 52.473204862683772 ], [ 16.985930834800325, 52.473259751882708 ], [ 16.985861822669101, 52.473451775424969 ] ], [ [ 16.98151267886939, 52.487266712454847 ], [ 16.981506839031841, 52.487252671549456 ], [ 16.981459111435978, 52.487136639392027 ], [ 16.981421483133431, 52.487083200366065 ], [ 16.981349836401893, 52.486981150892248 ], [ 16.981207786578246, 52.486778871900235 ], [ 16.981087835984539, 52.486608809956671 ], [ 16.981000669584233, 52.486485358608753 ], [ 16.981159321797954, 52.48642483648576 ], [ 16.981474177650323, 52.486337928354295 ], [ 16.98162627361906, 52.486304726489493 ], [ 16.981833544495615, 52.486269947501953 ], [ 16.981983471497443, 52.486255146589208 ], [ 16.982088699646358, 52.486244799596221 ], [ 16.982295254059682, 52.486225657748768 ], [ 16.982357844429352, 52.48621979984911 ], [ 16.982498945565556, 52.486191805916206 ], [ 16.982658123421935, 52.486142263873852 ], [ 16.98281390570375, 52.486112181445563 ], [ 16.98294836166011, 52.486081285396644 ], [ 16.983364519230449, 52.486008512036072 ], [ 16.98379158681913, 52.485932325463303 ], [ 16.983899261272061, 52.485913563881226 ], [ 16.984126101877713, 52.48587281843934 ], [ 16.984278887099549, 52.485850238262664 ], [ 16.984728957533523, 52.485741341158004 ], [ 16.98516855080231, 52.485642427483448 ], [ 16.985471802591867, 52.485583463412844 ], [ 16.985646594505841, 52.48554353745125 ], [ 16.985750310092442, 52.48551787106625 ], [ 16.985909598177525, 52.485459332214489 ], [ 16.986159723291603, 52.485640869914377 ], [ 16.986333141735429, 52.485753553591096 ], [ 16.986436081089622, 52.485838413886583 ], [ 16.986499865456587, 52.485919279610506 ], [ 16.986556507381575, 52.486014594545573 ], [ 16.986639674718393, 52.486196886581148 ], [ 16.985659373104777, 52.486356843938367 ], [ 16.985656404068667, 52.486357333033055 ], [ 16.985653582252148, 52.486357824634993 ], [ 16.985578910560626, 52.486370134327402 ], [ 16.985388892009311, 52.486401436105751 ], [ 16.985247858338184, 52.486424757568614 ], [ 16.985079215659464, 52.486452555410487 ], [ 16.984913243277539, 52.486479948790773 ], [ 16.984775476722003, 52.486502695752186 ], [ 16.984606387694246, 52.486530575261682 ], [ 16.98442705395987, 52.486560168758722 ], [ 16.984300868738369, 52.486580953889778 ], [ 16.984182547732317, 52.486600523769376 ], [ 16.984165326315061, 52.486603378275198 ], [ 16.984148104895642, 52.486606232778477 ], [ 16.984143507432087, 52.486610111932542 ], [ 16.984113775229964, 52.486635239065222 ], [ 16.984101209907141, 52.486645818115797 ], [ 16.984084758125732, 52.486680165942303 ], [ 16.984077434423753, 52.486695331503959 ], [ 16.984105264608331, 52.486760115430712 ], [ 16.984108334187841, 52.486767093396224 ], [ 16.984160406205756, 52.486888145380277 ], [ 16.984187966845454, 52.486952385029163 ], [ 16.98421168148575, 52.487007294945442 ], [ 16.984254169270283, 52.487105967498216 ], [ 16.984262675663743, 52.48712293189859 ], [ 16.984280886797919, 52.487156431402965 ], [ 16.984329505424601, 52.487217701987596 ], [ 16.984350307948699, 52.487239642937055 ], [ 16.984386096223254, 52.487272182764421 ], [ 16.984422035882837, 52.487304635216788 ], [ 16.984445055784249, 52.48732319608461 ], [ 16.984519395806956, 52.48737618039285 ], [ 16.984560632290616, 52.487405575041286 ], [ 16.984537554571208, 52.487462385825381 ], [ 16.984529626536727, 52.487510100644762 ], [ 16.984542239461451, 52.487598370213327 ], [ 16.984587328731358, 52.487682066402698 ], [ 16.984670023964885, 52.487774678153251 ], [ 16.984859255864055, 52.487912187932075 ], [ 16.985017611373468, 52.488035410036531 ], [ 16.985138474585217, 52.488195589592223 ], [ 16.985272661130001, 52.488402766549108 ], [ 16.985828496949459, 52.48934278795226 ], [ 16.985926399391289, 52.489541251284685 ], [ 16.985976743342579, 52.489651929443433 ], [ 16.985976495807989, 52.489705711383095 ], [ 16.985972841172796, 52.48978246081731 ], [ 16.985937056956324, 52.489881958486933 ], [ 16.985865578674765, 52.490014487155854 ], [ 16.985289945135779, 52.489955394431774 ], [ 16.985151938422085, 52.489941261005576 ], [ 16.984748917412066, 52.489893560614405 ], [ 16.984718024016061, 52.489834481076109 ], [ 16.984609053427402, 52.489626833781102 ], [ 16.984498191134783, 52.489415466456094 ], [ 16.984494646750942, 52.489409199961706 ], [ 16.984422615063004, 52.489279893042692 ], [ 16.984367332456102, 52.489180642782642 ], [ 16.984240980914691, 52.488985830646115 ], [ 16.984119184793141, 52.488797751817238 ], [ 16.983979241192682, 52.488603787035011 ], [ 16.983854529132294, 52.488424742493763 ], [ 16.983712908861332, 52.488206284168811 ], [ 16.98364036345626, 52.488104400717127 ], [ 16.983518160273153, 52.487928546580505 ], [ 16.983424726266385, 52.487809847200623 ], [ 16.98327631555637, 52.487598198175064 ], [ 16.983115650566791, 52.487383911507663 ], [ 16.982981372707581, 52.487185454938562 ], [ 16.982902682835377, 52.487056932882346 ], [ 16.982884797925131, 52.486984133419341 ], [ 16.982892745124907, 52.486900621515183 ], [ 16.98291548289664, 52.486774009093104 ], [ 16.982965629462079, 52.486547487162824 ], [ 16.982989181826571, 52.486432041607195 ], [ 16.98298938764129, 52.486379248289104 ], [ 16.982989997203397, 52.48634660919771 ], [ 16.982971845786569, 52.486308613325114 ], [ 16.98281390570375, 52.486112181445563 ] ], [ [ 16.982484207314876, 52.470172868043896 ], [ 16.982812702701892, 52.47020374609194 ], [ 16.982919755363472, 52.47021384694709 ], [ 16.983146913372931, 52.470235260359985 ], [ 16.983407653392877, 52.470259854372522 ], [ 16.983523360357971, 52.470270731864225 ], [ 16.983908915099519, 52.47030995518675 ], [ 16.983990636663517, 52.470313596981043 ], [ 16.984078089499896, 52.470317516307666 ], [ 16.984187999281087, 52.470239340013826 ], [ 16.984325007775961, 52.470141837909054 ], [ 16.984364615210964, 52.470125963372972 ], [ 16.984398771297379, 52.470119799770906 ], [ 16.984449167565838, 52.470119219634697 ], [ 16.984586898604999, 52.470138026731142 ], [ 16.984938325258145, 52.470186019197975 ], [ 16.985321073758357, 52.470238321869282 ], [ 16.98575131627873, 52.470272993813992 ], [ 16.985731199191729, 52.47025232389101 ], [ 16.985543365560879, 52.470059972815498 ], [ 16.985857928442755, 52.469857381122296 ], [ 16.985931372370548, 52.469810062420954 ], [ 16.986042899379946, 52.469738297972327 ], [ 16.986162320671021, 52.469661361180009 ], [ 16.986219782948716, 52.469622134902465 ], [ 16.986354323205443, 52.469530164956652 ], [ 16.986398555192153, 52.469500067449864 ], [ 16.986556202015194, 52.469392300864428 ] ], [ [ 16.983505984197283, 52.461028354462371 ], [ 16.983681467220627, 52.461013088319568 ], [ 16.983943876138699, 52.460990309628038 ], [ 16.984165135632523, 52.46096898750578 ], [ 16.984351682068976, 52.460953279371004 ], [ 16.984406081039147, 52.461071133609479 ], [ 16.984526408541317, 52.461331683119916 ], [ 16.984610282536828, 52.461500588056239 ], [ 16.984631449257996, 52.461543312349008 ], [ 16.984708448168483, 52.461698338626405 ], [ 16.984616847434868, 52.461714676244291 ], [ 16.984375303383356, 52.46175768969789 ] ], [ [ 16.984223388311595, 52.447423619235472 ], [ 16.984335018551274, 52.44743865424693 ], [ 16.984494945512647, 52.447443719207847 ], [ 16.984561384955445, 52.44744584118029 ], [ 16.985014843593998, 52.447447544013187 ], [ 16.984494652009239, 52.447501728077775 ], [ 16.984332395519065, 52.447518659680782 ], [ 16.984220860355059, 52.447536995510809 ] ], [ [ 16.983264383048905, 52.468903128680822 ], [ 16.983256999704235, 52.468855242648303 ], [ 16.983210010554583, 52.468549442108731 ], [ 16.983200256129692, 52.468485775479124 ], [ 16.983184257253303, 52.468381527671916 ], [ 16.983156553113883, 52.468201527492084 ], [ 16.983129792199193, 52.468026670179292 ], [ 16.983110042907043, 52.467898163522605 ], [ 16.983106745204111, 52.467876880556496 ], [ 16.983080425330282, 52.467705268718149 ], [ 16.98306860188536, 52.46762888471067 ], [ 16.983056019620591, 52.467546551471408 ], [ 16.983046579669697, 52.467485678436205 ], [ 16.983028757112123, 52.46736979673922 ], [ 16.983020579192743, 52.467313532356535 ], [ 16.983024734254926, 52.467238770031493 ], [ 16.983046985151343, 52.467148306368173 ], [ 16.983062153065308, 52.467087133496896 ], [ 16.983072487270679, 52.467051152372271 ], [ 16.983083332785466, 52.46701365092386 ], [ 16.983098610319736, 52.46698872724749 ], [ 16.983127736031708, 52.466966917959596 ], [ 16.983160747026918, 52.466953539698189 ], [ 16.983208807309307, 52.466945994606071 ], [ 16.983250293374045, 52.466943733998697 ], [ 16.983674314767274, 52.466972011595615 ], [ 16.98376031742135, 52.466978514847035 ], [ 16.983941282827075, 52.466992033695462 ], [ 16.984045781900285, 52.466999841459256 ], [ 16.984350912055142, 52.467022671857286 ], [ 16.984422681949265, 52.46702803258566 ], [ 16.984478693949448, 52.467033394521749 ], [ 16.98475652407231, 52.467150919017456 ], [ 16.984989856914993, 52.467249605942229 ], [ 16.985041762101563, 52.467270727723424 ], [ 16.985240137769761, 52.467351279465582 ], [ 16.985368064030606, 52.467404007332185 ], [ 16.985385228618522, 52.467508634459897 ], [ 16.985398310064102, 52.46758980665745 ], [ 16.985430794628822, 52.467849128109528 ], [ 16.985493883577938, 52.46800589542373 ], [ 16.985571366865475, 52.468179637430303 ], [ 16.985659216758069, 52.468400506570141 ], [ 16.98571338332939, 52.46853661459803 ], [ 16.985727916880276, 52.46857310946141 ], [ 16.985795407994967, 52.468743173288594 ], [ 16.985862650436481, 52.468912243453346 ], [ 16.985880370181583, 52.468962823776387 ], [ 16.985877036455676, 52.468997125482538 ], [ 16.985843938500416, 52.469034967703656 ], [ 16.985791860695429, 52.469072396694195 ], [ 16.985651632922217, 52.469172813773632 ], [ 16.985452183710592, 52.46931548474295 ], [ 16.985440915997319, 52.469323567608988 ], [ 16.98526220124948, 52.469434661479937 ], [ 16.985158946867916, 52.469489746679365 ], [ 16.98503800431596, 52.469522584141899 ] ], [ [ 16.984313141717625, 52.447063484648069 ], [ 16.98442019797945, 52.447043273502501 ], [ 16.984754122464707, 52.446980518366544 ], [ 16.985126978131454, 52.446903315172477 ], [ 16.98515060716927, 52.446898411159658 ], [ 16.985587665587929, 52.446820681639473 ], [ 16.98598507339927, 52.446747311945451 ], [ 16.986093402220771, 52.446731438282313 ], [ 16.986351653609475, 52.446694642661264 ], [ 16.986692253491107, 52.446656460535117 ], [ 16.986810893884883, 52.446643640016958 ], [ 16.987062904597579, 52.446640375626792 ], [ 16.987147741208229, 52.446642539542445 ], [ 16.987209754698512, 52.446644854514126 ], [ 16.987310705372774, 52.446648731746528 ], [ 16.987345133226082, 52.446549030307658 ], [ 16.987370586223925, 52.44649765587517 ], [ 16.9875119177184, 52.446238954358641 ], [ 16.987529339124286, 52.446208759898568 ], [ 16.987541565013849, 52.446166604396716 ], [ 16.987546323128935, 52.446117126263147 ], [ 16.987542814186263, 52.446048799065743 ], [ 16.987473616567769, 52.445845696980804 ], [ 16.987402800349177, 52.445652281240612 ], [ 16.987393251950479, 52.445622796963661 ], [ 16.987386743584501, 52.445591205780971 ], [ 16.98742016715455, 52.445539337409905 ], [ 16.987469136851566, 52.445485485062768 ], [ 16.987643608743301, 52.445310185900951 ], [ 16.987751650184961, 52.445206880309343 ], [ 16.988014353693409, 52.444955910351084 ], [ 16.988162399918952, 52.444814519326073 ], [ 16.988321068858557, 52.444662875367108 ], [ 16.988480811309888, 52.444510260080186 ], [ 16.988495741528968, 52.444495943177486 ], [ 16.988638092903042, 52.444359941259144 ], [ 16.988777991852089, 52.444226056108661 ], [ 16.988792611340145, 52.444212093659097 ], [ 16.9888313909366, 52.444175066821572 ], [ 16.988973924463341, 52.444035020126378 ], [ 16.989138643441041, 52.44387322438812 ], [ 16.989169156817784, 52.443843162419654 ], [ 16.989360840944169, 52.443654841812219 ], [ 16.989399362251039, 52.443617000903544 ], [ 16.989498741839952, 52.443519482741301 ], [ 16.98955375324541, 52.443465372513387 ], [ 16.989601990004971, 52.443421040897164 ] ], [ [ 16.981353034094685, 52.5147916794485 ], [ 16.98166672374424, 52.514782910433389 ], [ 16.981725490767527, 52.514780944878773 ], [ 16.981985798982681, 52.514772433589883 ], [ 16.982026106392105, 52.514771142382159 ], [ 16.982300888370904, 52.514762067794294 ], [ 16.98232613676452, 52.514761239197796 ], [ 16.982625720962105, 52.514751417587924 ], [ 16.982709437548817, 52.514748707726604 ], [ 16.982681718552477, 52.514397996580719 ] ], [ [ 16.981586373155391, 52.517381615058532 ], [ 16.981987947495711, 52.517427680646101 ], [ 16.982047177708925, 52.517434986946348 ], [ 16.982319303969845, 52.517468140153738 ], [ 16.982760606037502, 52.517522435847589 ], [ 16.983179577778348, 52.517575000076292 ], [ 16.983345819619313, 52.517595822505896 ], [ 16.983596271578897, 52.517625815070815 ], [ 16.98392634637521, 52.517665348778344 ], [ 16.984255386403529, 52.517704953872865 ], [ 16.984423573300266, 52.517725178318258 ], [ 16.984526652751544, 52.517737637609436 ], [ 16.984536478232126, 52.517738794365805 ], [ 16.984754664461203, 52.517765086790106 ], [ 16.984854519420253, 52.517777131096878 ], [ 16.984908362062932, 52.517779757096072 ], [ 16.984935322463354, 52.517780216293175 ], [ 16.984975529738772, 52.51778117093248 ], [ 16.985022392050574, 52.517778461295421 ], [ 16.985056146581591, 52.517775438456994 ], [ 16.98510765968803, 52.517764533234981 ], [ 16.985149105347357, 52.517754535855282 ], [ 16.985182471954221, 52.517711661608836 ], [ 16.985206029902635, 52.51768337097139 ], [ 16.985230685175171, 52.517634322174651 ], [ 16.985299845139064, 52.517382759988038 ], [ 16.985325865001279, 52.517397324138535 ], [ 16.985349605118788, 52.517413378493707 ], [ 16.985389915390918, 52.517428185976314 ], [ 16.985450855094406, 52.517443254778769 ], [ 16.985508104238622, 52.517455202645806 ], [ 16.985555361498037, 52.517459964796963 ], [ 16.985591595580985, 52.517457523684953 ], [ 16.985609890488409, 52.517447581678816 ], [ 16.985631942488421, 52.517436084664823 ], [ 16.985641155372285, 52.517431294659147 ], [ 16.985666865771819, 52.517420399585717 ], [ 16.98569867739689, 52.517411497188711 ], [ 16.985719844023368, 52.517406460982841 ], [ 16.985739111192707, 52.517404270611252 ], [ 16.985767062217985, 52.517402407967239 ], [ 16.985799330155924, 52.517402867387638 ], [ 16.985849586624084, 52.517409749172401 ], [ 16.985922365791662, 52.517423850031832 ], [ 16.985973290433783, 52.517445134023433 ], [ 16.986048261174229, 52.517488683483073 ], [ 16.986115684324332, 52.517539299859472 ], [ 16.986338626190413, 52.517706611029588 ], [ 16.986373615648397, 52.517728163279571 ], [ 16.986486031388662, 52.517797623749772 ], [ 16.986573569797795, 52.517846873279282 ], [ 16.986676461842357, 52.517902140375377 ], [ 16.986801281584242, 52.517955082220823 ], [ 16.986935016950721, 52.517996842814469 ], [ 16.987083454655576, 52.518026621151769 ], [ 16.987132250525303, 52.518036445652989 ], [ 16.987318093393494, 52.518063981905783 ], [ 16.987356900541116, 52.518069768836327 ], [ 16.987495584116537, 52.518090386418251 ], [ 16.988033646841441, 52.518150535563059 ], [ 16.988124590670921, 52.518160806579466 ], [ 16.988292695500331, 52.51817967495542 ], [ 16.988349464370568, 52.51818603680185 ], [ 16.988586950923679, 52.518212740230844 ], [ 16.988749330963053, 52.518231060911376 ], [ 16.988886780583506, 52.518246439183365 ], [ 16.989153605893236, 52.518276428417614 ], [ 16.989181769466192, 52.518279605382865 ], [ 16.989474851772464, 52.518312558557547 ], [ 16.989622270902586, 52.518329184704697 ], [ 16.98976089156891, 52.518344761740991 ], [ 16.98986416246187, 52.518356320180764 ], [ 16.990048548296393, 52.518377081642136 ], [ 16.990346035362379, 52.518410467251428 ], [ 16.990615207677298, 52.518440762868757 ], [ 16.990630459988086, 52.518442550943355 ], [ 16.990872021278616, 52.518470488225894 ], [ 16.990913088408099, 52.518475233046509 ], [ 16.991116660363961, 52.518498837044724 ], [ 16.991184565475411, 52.518506735758365 ], [ 16.991566046756102, 52.518550898473862 ], [ 16.991709632918159, 52.518567546881684 ], [ 16.991825210742888, 52.518580841537286 ], [ 16.992086568621829, 52.51861118103556 ], [ 16.992256850049902, 52.518630890177455 ], [ 16.99234250442283, 52.518640798343966 ], [ 16.992614867588429, 52.518672312793655 ], [ 16.992872563876038, 52.518702138705684 ], [ 16.992909669976683, 52.518706455859665 ], [ 16.993130403759125, 52.518732056432256 ], [ 16.993395434437343, 52.518762725153643 ], [ 16.993501117727423, 52.51877639000508 ], [ 16.993602401701729, 52.518789530440529 ], [ 16.993650623026706, 52.518795834718048 ], [ 16.993906397234507, 52.518829043601599 ], [ 16.994048573308994, 52.518847554047404 ], [ 16.994138570611984, 52.518859243455736 ], [ 16.994166129253465, 52.518862768743972 ], [ 16.994229468317027, 52.5188705882885 ], [ 16.994302928074909, 52.518879568744737 ], [ 16.994401646595719, 52.518890776199889 ], [ 16.994692666375617, 52.518927099249574 ], [ 16.994986764200888, 52.518963833514533 ], [ 16.995082647003802, 52.518975801827636 ], [ 16.995297719501892, 52.519002741484378 ], [ 16.995583314167078, 52.519038430749092 ], [ 16.995948811378486, 52.519084107315336 ], [ 16.996111112051505, 52.519104305296395 ], [ 16.996459163993379, 52.519147795998251 ], [ 16.996585541001636, 52.519163607371482 ], [ 16.996576110245233, 52.519244486188995 ], [ 16.996552940270242, 52.519442597717017 ], [ 16.996537437595897, 52.519575900334345 ], [ 16.996525260505337, 52.519655563381313 ], [ 16.996497501817011, 52.51983785718668 ], [ 16.996496021503244, 52.519880105257371 ], [ 16.996493711181245, 52.519950311497666 ], [ 16.996856634362977, 52.519991174633184 ], [ 16.997142543577418, 52.520023357628446 ], [ 16.997446202887044, 52.520057549282022 ], [ 16.9977266820996, 52.520089189236394 ], [ 16.99801670163416, 52.520121799441362 ], [ 16.998305248279348, 52.520154384012578 ], [ 16.998592334288489, 52.520186673339666 ], [ 16.998939124234834, 52.520225728112806 ], [ 16.99936678965333, 52.520272895181137 ], [ 16.999650897923917, 52.520305851116703 ], [ 16.99994791491137, 52.520340283785124 ], [ 17.000000129188258, 52.520346383125279 ], [ 17.000235249120255, 52.520373652615184 ], [ 17.000514079184168, 52.520405977596653 ], [ 17.000812124841332, 52.520440515411771 ], [ 17.001102689542815, 52.520474206539824 ], [ 17.001395309240031, 52.520508111550186 ], [ 17.001693427106858, 52.520550833145329 ], [ 17.00165647836582, 52.520689170647188 ], [ 17.001651672133832, 52.520707347849523 ], [ 17.001630896756414, 52.520784977320837 ], [ 17.001628550808675, 52.520807423387204 ], [ 17.001623041562627, 52.520860576448207 ], [ 17.001629880265568, 52.520973030464894 ], [ 17.001659203809762, 52.521139110366207 ], [ 17.001690629194613, 52.521206918323223 ], [ 17.001693847086052, 52.521213988207904 ], [ 17.001739006679685, 52.521274832698026 ], [ 17.001797541041025, 52.521333384659009 ], [ 17.001848098635499, 52.521363020193554 ], [ 17.001945782009006, 52.521406942973286 ], [ 17.00197569364293, 52.521420399863672 ], [ 17.002042400584987, 52.521445091353733 ], [ 17.002152426631728, 52.521480228113397 ], [ 17.002318363539189, 52.521514779783892 ], [ 17.002665801440987, 52.521575600607605 ], [ 17.002759864803959, 52.521406836964296 ], [ 17.00286466751206, 52.521219096723598 ], [ 17.002950778881331, 52.521059822573484 ], [ 17.002975404808147, 52.521014277497933 ], [ 17.003010659988288, 52.520948944537963 ], [ 17.003039634869801, 52.520895288064629 ], [ 17.003106438020243, 52.520771575060003 ], [ 17.003126231795964, 52.520735032613182 ], [ 17.00319987885171, 52.520574198770859 ], [ 17.003205647646936, 52.520564042659238 ], [ 17.003301854977291, 52.520393425975207 ], [ 17.003350163010442, 52.520297103066888 ], [ 17.0034204193176, 52.52015572944083 ], [ 17.003448605654338, 52.519982885422095 ], [ 17.003569598160446, 52.520000487228337 ], [ 17.004156643822427, 52.520083695013248 ], [ 17.004264621952991, 52.520098917935854 ], [ 17.004368675100579, 52.520112905299577 ], [ 17.004436573052647, 52.52012106607507 ], [ 17.004694505152955, 52.520159054869168 ], [ 17.004883347937763, 52.520185894419754 ], [ 17.005071311025748, 52.520212628891393 ], [ 17.005228947112112, 52.52023507415592 ], [ 17.005398533764886, 52.520257360909476 ], [ 17.00565388956856, 52.520296923134808 ], [ 17.006056947936305, 52.520350396864792 ], [ 17.00651423937207, 52.520411087550485 ] ], [ [ 16.984458590913761, 52.455154443057374 ], [ 16.984579668433071, 52.455169368892648 ], [ 16.985307282335985, 52.455266046426971 ], [ 16.985603529361384, 52.455313997058354 ], [ 16.985831529092437, 52.455350800625624 ], [ 16.985927397993613, 52.455363226941699 ], [ 16.986154352043524, 52.455400371845741 ], [ 16.98637757578129, 52.455435384075237 ], [ 16.986552108865098, 52.455466238838497 ], [ 16.986745485950141, 52.455493906387886 ], [ 16.986884773951051, 52.455516335422828 ], [ 16.987479322109774, 52.455619008728675 ], [ 16.987684624333028, 52.455653173773293 ], [ 16.988009248684715, 52.455711764935188 ], [ 16.988212928209503, 52.455755705320662 ], [ 16.988438390176334, 52.455796598062435 ], [ 16.988595345413017, 52.455828769731042 ], [ 16.98876099489728, 52.455844629358324 ], [ 16.988860140250754, 52.455846585586428 ], [ 16.98891969653943, 52.455906331870018 ], [ 16.988963147360892, 52.455928567462401 ], [ 16.989193202151053, 52.455991483156275 ], [ 16.989227471349746, 52.45600519773182 ], [ 16.989267882074348, 52.456026302185158 ], [ 16.989319409968243, 52.456074848645514 ], [ 16.98936602509859, 52.456131046710041 ], [ 16.9894233691499, 52.456216748870645 ], [ 16.989450115025331, 52.45623078517098 ], [ 16.989551821403335, 52.456257339017213 ], [ 16.989659237196978, 52.456281381476899 ], [ 16.989848365462944, 52.456311939813766 ], [ 16.990090502458941, 52.456339171564494 ], [ 16.990286996912086, 52.45635024666278 ], [ 16.990434734488861, 52.456345652071171 ], [ 16.99060768728393, 52.456333750640916 ], [ 16.990744440922256, 52.456311699794448 ], [ 16.991001707899869, 52.456258866980839 ], [ 16.991200938575133, 52.456226004544014 ], [ 16.991387189396828, 52.456200116781062 ], [ 16.991605761587039, 52.456169291158929 ], [ 16.991817234180743, 52.456158581904475 ], [ 16.991946196973238, 52.4561524073467 ], [ 16.992252488241462, 52.45613197464386 ], [ 16.992534092105874, 52.45609754050669 ], [ 16.993159689024154, 52.456068315014136 ], [ 16.993336501839583, 52.456088045372532 ], [ 16.99341384166204, 52.456096823211517 ], [ 16.993541668007769, 52.456083252242415 ], [ 16.993534553153037, 52.455893260257675 ], [ 16.99353468800679, 52.455822296927956 ], [ 16.993511802973728, 52.455635904904035 ], [ 16.993450373471749, 52.455397051167346 ], [ 16.99336245129869, 52.455190397368789 ], [ 16.993225062372645, 52.4549675235641 ], [ 16.993165967448363, 52.454887819787707 ], [ 16.993083453007944, 52.454788920226491 ], [ 16.992984331550371, 52.454669951084085 ], [ 16.992487453655212, 52.454051427248437 ], [ 16.992450668409557, 52.454005650902296 ], [ 16.992423837495753, 52.453974074790686 ], [ 16.992064521004981, 52.45355207326849 ], [ 16.991832338144587, 52.453248167479906 ], [ 16.991835698562301, 52.45320990849136 ], [ 16.991746816515199, 52.45308283731179 ], [ 16.99173568196067, 52.453062230946379 ], [ 16.991692377845219, 52.452981805198505 ], [ 16.991708907592972, 52.452971202760303 ], [ 16.991723095988402, 52.452957052742896 ], [ 16.991730599042874, 52.452944228273964 ], [ 16.991733578405267, 52.452933755452413 ], [ 16.991733489059129, 52.452919542812261 ], [ 16.991728577720622, 52.452907766696924 ], [ 16.991727625794148, 52.452902803618549 ], [ 16.99171677707454, 52.45288885794767 ], [ 16.991701584506107, 52.452876547426513 ], [ 16.991687074189866, 52.452868655738669 ], [ 16.991661571643188, 52.452859677900811 ], [ 16.991632207343699, 52.452854681933715 ], [ 16.991579514599874, 52.452741177226642 ], [ 16.991520942890613, 52.452604816840214 ], [ 16.991508268088833, 52.452582475353665 ], [ 16.991507450887891, 52.452581022370694 ], [ 16.991466427439441, 52.452508730213992 ], [ 16.991458767625701, 52.45246353823778 ], [ 16.991456404405028, 52.452402246348129 ], [ 16.991457538275732, 52.452267349870993 ], [ 16.991474965233536, 52.452107635840989 ], [ 16.991495908608975, 52.451987107105843 ], [ 16.991519032919015, 52.451889820921714 ], [ 16.991550138970076, 52.451759481042799 ], [ 16.991331139529649, 52.451738308478561 ], [ 16.990467179096093, 52.451654777828715 ], [ 16.990336574070032, 52.452291407201173 ], [ 16.990341575807701, 52.452325537469271 ], [ 16.990389340418666, 52.452356389241231 ], [ 16.990470497275169, 52.45237378989377 ], [ 16.990594781533968, 52.452379907467659 ], [ 16.991104474155534, 52.452416605749931 ], [ 16.991147965734886, 52.452397318067213 ], [ 16.991175990969136, 52.452357740981462 ], [ 16.991195738318943, 52.452283978001439 ], [ 16.991220491625572, 52.45217224949355 ], [ 16.991331139529649, 52.451738308478561 ], [ 16.991331139529649, 52.451738308478561 ], [ 16.991544087777406, 52.450823947386397 ], [ 16.991792138038157, 52.449838845669618 ] ], [ [ 16.984544501401722, 52.453769872055496 ], [ 16.984676220509069, 52.453783809944092 ], [ 16.985292856631325, 52.453859977730154 ], [ 16.985519043996302, 52.453887936579555 ], [ 16.986145637517922, 52.453965348869765 ], [ 16.986196455592388, 52.453971251259354 ], [ 16.986723965685325, 52.454032581840877 ], [ 16.987217526725495, 52.454095850571868 ], [ 16.987693897994586, 52.454155136980589 ], [ 16.98772932707913, 52.454159517586824 ], [ 16.98797688544019, 52.4541902638991 ], [ 16.987998551562246, 52.454192971122204 ], [ 16.988239228793194, 52.454222880238653 ], [ 16.988501568452424, 52.45425558587398 ], [ 16.988623291150695, 52.454266021360013 ], [ 16.988740225418503, 52.454268460210507 ], [ 16.988854777904294, 52.454265012083624 ], [ 16.98920376945081, 52.454240996344183 ], [ 16.989316618523624, 52.454229693688376 ], [ 16.98937225264778, 52.454220386154248 ], [ 16.989412007058412, 52.454207390702933 ], [ 16.989363047652958, 52.454331939860531 ], [ 16.989350707583405, 52.454363660077384 ], [ 16.98933305790823, 52.454408511745143 ], [ 16.989273620199537, 52.454533602230356 ], [ 16.989224445480929, 52.454637010868971 ], [ 16.989199069692166, 52.454706015958898 ], [ 16.989180086861317, 52.454757500774683 ], [ 16.989128345983303, 52.454936598432162 ], [ 16.989100662895616, 52.455027150777937 ], [ 16.989067305747682, 52.45513559538103 ], [ 16.989031357019396, 52.455249212639288 ], [ 16.988956593127707, 52.455487641345705 ], [ 16.988869588268937, 52.45569420157409 ], [ 16.988859260659648, 52.455739897259534 ], [ 16.988853018188902, 52.455799333888137 ], [ 16.988860140250754, 52.455846585586428 ] ], [ [ 16.984351682068976, 52.460953279371004 ], [ 16.984593041846839, 52.460930320319413 ], [ 16.985000041919033, 52.460891565165028 ], [ 16.98546370573386, 52.460846938271231 ], [ 16.985637634610345, 52.460830203654723 ], [ 16.98582776513874, 52.460810147008068 ], [ 16.985883840916355, 52.460804266449507 ], [ 16.985924649163469, 52.460881233876073 ], [ 16.986072954009465, 52.461161326375006 ], [ 16.986348628706295, 52.461635078044488 ], [ 16.986429484026417, 52.461789629164329 ], [ 16.986557582186308, 52.462054446217522 ], [ 16.986667544275388, 52.462258512112648 ], [ 16.986744864287015, 52.462400230779373 ] ], [ [ 16.985014843593998, 52.447447544013187 ], [ 16.986582534933245, 52.44737729188428 ], [ 16.986987248660171, 52.447353602338929 ], [ 16.987200968612278, 52.44733790301909 ], [ 16.987408049332075, 52.447319302034671 ], [ 16.98760647702148, 52.447293537778584 ], [ 16.987805195779142, 52.447258154142375 ], [ 16.987981282558188, 52.44722517329344 ], [ 16.988187483294315, 52.447177414136526 ], [ 16.988386958812864, 52.447125402776564 ], [ 16.988615095068795, 52.447042038520344 ], [ 16.988746274972037, 52.446993092033004 ], [ 16.988664606265026, 52.44693108050032 ], [ 16.988642413995606, 52.446914153278748 ], [ 16.988600169618174, 52.446888250298912 ], [ 16.988565294696222, 52.44687506483082 ], [ 16.988523252728829, 52.4468673339424 ], [ 16.988408202148189, 52.446856292169116 ], [ 16.988187634343248, 52.446825286167183 ], [ 16.98788844723644, 52.446768746864976 ], [ 16.987885391166074, 52.446767975303302 ], [ 16.987615941137239, 52.446711401722141 ], [ 16.987426378620565, 52.446671927628159 ], [ 16.987386265584014, 52.446663869391678 ], [ 16.987310705372774, 52.446648731746528 ] ], [ [ 16.982063058959124, 52.512539653858695 ], [ 16.982423543735713, 52.512487339164736 ], [ 16.983073274500299, 52.512386618741772 ], [ 16.983317957539249, 52.512348786593812 ], [ 16.984023480338632, 52.512233631760544 ], [ 16.984076126086684, 52.512217169849706 ], [ 16.984147161145554, 52.51219832297231 ], [ 16.98420980634862, 52.512185629115216 ], [ 16.984404151702027, 52.512155661490759 ], [ 16.984803079753121, 52.512094280698058 ], [ 16.985326774579761, 52.512015685614621 ], [ 16.985457889506165, 52.511995072851057 ], [ 16.986068112300988, 52.511894023060535 ], [ 16.986733055777069, 52.511795520359733 ], [ 16.986719348183897, 52.511643912853224 ], [ 16.986709530267206, 52.511436247042013 ], [ 16.986709396309532, 52.511300520622783 ], [ 16.98670925789769, 52.51121003550606 ], [ 16.986720430218448, 52.510765726808657 ], [ 16.98671655155357, 52.510699012956565 ], [ 16.986716570425518, 52.510685701697462 ], [ 16.986718361491395, 52.510517538560251 ], [ 16.986744073606129, 52.509687441385367 ], [ 16.986734247696756, 52.509654085153372 ], [ 16.986712865328581, 52.509586533746756 ], [ 16.98667623852419, 52.509536441690386 ], [ 16.986621645061014, 52.50948919185366 ] ], [ [ 16.983789861597899, 52.479469763681344 ], [ 16.984233551636777, 52.479428127762624 ], [ 16.98451959904332, 52.479396575748837 ], [ 16.984818440493974, 52.479362272911061 ], [ 16.984935731885997, 52.479342235250755 ], [ 16.985005115955762, 52.479316434354651 ], [ 16.985066436355009, 52.47929301445523 ], [ 16.98508382380745, 52.479263899146176 ], [ 16.985074107231306, 52.479212195946083 ], [ 16.985032742610528, 52.479085840051781 ] ], [ [ 16.983511709392864, 52.490214349272691 ], [ 16.984166813265738, 52.490043650500319 ], [ 16.984203132458152, 52.490035634919401 ], [ 16.984425312520614, 52.489971603950615 ], [ 16.984748917412066, 52.489893560614405 ] ], [ [ 16.983968652021684, 52.480620851174692 ], [ 16.984079274645239, 52.480669417536397 ], [ 16.984195107503936, 52.480732913283411 ], [ 16.984236673899478, 52.480758176338909 ], [ 16.984295162157022, 52.480793531635619 ], [ 16.984411772129029, 52.480914154559066 ], [ 16.98514370317513, 52.481718579006909 ], [ 16.985948207756813, 52.482618315436362 ], [ 16.986417113817197, 52.483167039876456 ], [ 16.98645480322509, 52.483261132818676 ], [ 16.98649002145363, 52.483386753837117 ], [ 16.986486467626055, 52.483458108457128 ], [ 16.986462295334164, 52.48362607112216 ], [ 16.986235357036552, 52.484365859987001 ], [ 16.986130061712522, 52.484745427431974 ], [ 16.986108765069165, 52.484831050757563 ], [ 16.986096659784764, 52.484879953765706 ], [ 16.986080272188879, 52.484954867459003 ] ], [ [ 16.982709437548817, 52.514748707726604 ], [ 16.982736099140322, 52.515077454696197 ], [ 16.98274205727899, 52.515150140377337 ], [ 16.982749172940412, 52.515239395325743 ], [ 16.982757459398908, 52.515341711985727 ], [ 16.982761827277425, 52.515394403178064 ], [ 16.982773404697717, 52.515537520173119 ], [ 16.982785177998299, 52.515682799137743 ], [ 16.982788395729809, 52.515721979250351 ], [ 16.982797212152533, 52.515832040041495 ], [ 16.98280334157554, 52.51590742692332 ], [ 16.982809173169173, 52.515979660717399 ], [ 16.982818226672318, 52.516090984747656 ], [ 16.982821126017949, 52.516127461135177 ], [ 16.982821207458802, 52.516128901613278 ], [ 16.982832744933368, 52.516269679382695 ], [ 16.982833666398982, 52.516281747468014 ], [ 16.98284470203118, 52.51641738991998 ], [ 16.982849114471939, 52.51647233043613 ], [ 16.982856475724176, 52.516562668861852 ], [ 16.982864297741248, 52.516659041328367 ], [ 16.982868237129875, 52.516708217418625 ], [ 16.982879077114319, 52.516841697887507 ], [ 16.982885757194339, 52.51692437952989 ], [ 16.982890108862993, 52.516977430198814 ], [ 16.982885270545442, 52.517099130637312 ], [ 16.982883612542608, 52.517116011667802 ], [ 16.982867366597713, 52.517187419312883 ], [ 16.982837881723995, 52.517274251327891 ], [ 16.98279078850549, 52.517430039276377 ], [ 16.982760606037502, 52.517522435847589 ] ], [ [ 16.982709437548817, 52.514748707726604 ], [ 16.982893709808121, 52.514742585558572 ], [ 16.983039884381132, 52.514737792342466 ], [ 16.983082519949086, 52.514737170068855 ], [ 16.983254236610758, 52.514734790783628 ], [ 16.983416052488085, 52.514755447806188 ], [ 16.983498308952132, 52.514765304532318 ], [ 16.983679836395208, 52.514786926772082 ], [ 16.983740982575188, 52.514794174960933 ], [ 16.983892450685854, 52.514812226509832 ], [ 16.983994357004313, 52.514824396498078 ], [ 16.984108142380734, 52.514837938073761 ], [ 16.984247588594855, 52.514854525112888 ], [ 16.984393483858341, 52.514871941405566 ], [ 16.984272513279191, 52.515237567678774 ], [ 16.984267983754219, 52.515268880640093 ], [ 16.98426337856667, 52.515308287189448 ], [ 16.984252257277998, 52.515403077596986 ], [ 16.984246363349818, 52.515457752510969 ], [ 16.984236310227324, 52.515551751627477 ], [ 16.984231342906106, 52.515599066995172 ], [ 16.984220572089917, 52.515699080066696 ], [ 16.984216412872183, 52.515738404267907 ], [ 16.984205112816362, 52.51584353507431 ], [ 16.984200719844498, 52.515884744096063 ], [ 16.984189320954716, 52.515992031849002 ], [ 16.984185920452866, 52.516024443358646 ], [ 16.984173853220728, 52.516136666589652 ], [ 16.984169867531552, 52.516168978184297 ], [ 16.984155475205384, 52.516283680200566 ], [ 16.984152152829424, 52.516314384120989 ], [ 16.984139626182689, 52.516430197239643 ], [ 16.984136648609592, 52.516456589766918 ], [ 16.984123544122216, 52.516575361157344 ], [ 16.984120841406554, 52.516598970132037 ], [ 16.984107069358018, 52.516719439062243 ], [ 16.984104263751352, 52.516745294859639 ], [ 16.984088312293231, 52.516890820764978 ], [ 16.984071576360158, 52.517030936714846 ], [ 16.98406822998232, 52.517058941929456 ], [ 16.984056172805026, 52.517177371377791 ], [ 16.98405029397831, 52.51723492470618 ], [ 16.984031235111175, 52.517319506195228 ], [ 16.983938158696944, 52.517626334895581 ], [ 16.98392634637521, 52.517665348778344 ] ], [ [ 16.984612155908469, 52.475550906125711 ], [ 16.984515051537883, 52.475322863184218 ], [ 16.984431481689526, 52.475146768403356 ], [ 16.984372614340426, 52.474971634243644 ], [ 16.984365855205379, 52.474939049394052 ], [ 16.98436690688219, 52.474916041751179 ], [ 16.984377218094547, 52.474877361848506 ], [ 16.984412612401684, 52.474834522326724 ], [ 16.98448054454802, 52.474798443449622 ], [ 16.98458698040416, 52.474783617811894 ], [ 16.984862089549289, 52.474752238523081 ], [ 16.984893125517381, 52.474746741140855 ], [ 16.984903395319936, 52.474747635681233 ], [ 16.984919306608781, 52.474750784994328 ], [ 16.985387582710377, 52.474843759845911 ], [ 16.98543165744471, 52.47500101254041 ], [ 16.985506486328728, 52.475175068881313 ], [ 16.985582509050094, 52.475352023696708 ], [ 16.985644730576354, 52.475524785861396 ], [ 16.98566974642581, 52.47559626739406 ] ], [ [ 16.983698658653715, 52.49735499326664 ], [ 16.983792725663118, 52.497344364395616 ], [ 16.984085356165568, 52.497316432701467 ], [ 16.984368033821166, 52.497290219496456 ], [ 16.984673572100981, 52.497266823581938 ], [ 16.984877710236393, 52.497250064202198 ], [ 16.984963063289179, 52.497243063571609 ], [ 16.985056874960215, 52.497238005834113 ], [ 16.985260308052034, 52.497226990157515 ], [ 16.985413841848782, 52.497214674568845 ], [ 16.985523296083578, 52.497205925370778 ], [ 16.985551397969743, 52.497203705657739 ], [ 16.985853139318149, 52.497179522493816 ], [ 16.986130156568493, 52.497161033771654 ], [ 16.98642125736507, 52.497140715450172 ], [ 16.986544222399132, 52.497129766833154 ], [ 16.986626936703829, 52.497122450258296 ], [ 16.98672030677718, 52.497114145728887 ], [ 16.986794017899246, 52.497107125515875 ], [ 16.98689673892968, 52.497097361019179 ], [ 16.987111944893599, 52.497077008536429 ], [ 16.987403970394841, 52.497049328188631 ], [ 16.987554942755555, 52.497034987493521 ], [ 16.987875380313451, 52.497004731294574 ], [ 16.988044702336314, 52.496988723362215 ], [ 16.988365322979782, 52.496960897422284 ], [ 16.988684761096639, 52.496933140451375 ], [ 16.989135584895358, 52.496893944873733 ], [ 16.989383115729375, 52.496872428866894 ], [ 16.989655192823871, 52.496852318900409 ], [ 16.9897740003941, 52.496842015822224 ], [ 16.989875669627377, 52.496826204673113 ], [ 16.9899716819452, 52.496808408501337 ], [ 16.990082522838087, 52.496782139725084 ], [ 16.990182519713201, 52.496757755288463 ] ], [ [ 16.985011444080598, 52.471167741064463 ], [ 16.985043297610193, 52.471170082686818 ], [ 16.985300198659928, 52.471188580838486 ], [ 16.985389455721322, 52.471194958398016 ], [ 16.985971195140699, 52.471224654982699 ], [ 16.986498286359932, 52.471254497570811 ], [ 16.986681556954178, 52.471234052640213 ], [ 16.98664252357252, 52.47118895593627 ], [ 16.986509077507005, 52.471043943348526 ], [ 16.986456596886693, 52.470986924946821 ], [ 16.986328624853051, 52.470847851685122 ], [ 16.986267304006539, 52.470781238579782 ], [ 16.986193900897369, 52.470705065551243 ], [ 16.98609082879404, 52.470598076203409 ], [ 16.985995109090091, 52.47050425380872 ], [ 16.985891922418933, 52.470403018720795 ], [ 16.98575131627873, 52.470272993813992 ] ], [ [ 16.985241199449586, 52.469759000359495 ], [ 16.985372791330587, 52.469896067830923 ], [ 16.985543365560879, 52.470059972815498 ] ], [ [ 16.984560632290616, 52.487405575041286 ], [ 16.984617499720986, 52.48737668283588 ], [ 16.984719454259924, 52.487347749355905 ], [ 16.985034985829209, 52.487294392175016 ], [ 16.98547108831626, 52.48722060198908 ], [ 16.986035629026006, 52.487125072339637 ], [ 16.986018242592952, 52.48707027056313 ], [ 16.985978847460682, 52.486945747623487 ], [ 16.985918837227302, 52.486843539364671 ], [ 16.985860124756599, 52.486735506848099 ], [ 16.985779529441764, 52.486587256687983 ], [ 16.985691348752553, 52.486418010400513 ], [ 16.985659373104777, 52.486356843938367 ] ], [ [ 16.985883840916355, 52.460804266449507 ], [ 16.985960585810219, 52.460793970895537 ], [ 16.98602367533076, 52.460786051082479 ], [ 16.986179482188252, 52.46076630869986 ], [ 16.986407411982778, 52.460731064764516 ], [ 16.986577807358355, 52.460698168661011 ], [ 16.986936726013223, 52.460615864853835 ], [ 16.987281232456439, 52.460533134760432 ], [ 16.987337206599069, 52.460519786452615 ], [ 16.987671587621008, 52.460439491253986 ], [ 16.988279377421335, 52.460298457850506 ], [ 16.988490425052841, 52.46025230934054 ], [ 16.989285243156502, 52.460078294865923 ], [ 16.989313907438156, 52.460140753533253 ], [ 16.989474383425883, 52.460409445880948 ], [ 16.989490563091604, 52.460419524850714 ], [ 16.989582905281452, 52.460425592082061 ], [ 16.989746526508888, 52.460421718030773 ], [ 16.989837753658243, 52.460419941000886 ], [ 16.989918806746218, 52.460434630541627 ], [ 16.989981864009575, 52.460456479452603 ], [ 16.989990920513947, 52.460461310475267 ], [ 16.990055333753443, 52.460495414744273 ], [ 16.990098376090859, 52.460526727242502 ], [ 16.990181882656177, 52.460633021024307 ], [ 16.990183688953465, 52.460635390262901 ], [ 16.99030003239243, 52.460783706137221 ], [ 16.990357256956852, 52.460820476312186 ], [ 16.990563261957167, 52.460885049068622 ], [ 16.99063628854077, 52.460907876530911 ], [ 16.990880394260138, 52.460973276057217 ], [ 16.991147776427479, 52.461044916854441 ], [ 16.991266348763894, 52.461021477116972 ], [ 16.991619194884127, 52.460884819921205 ], [ 16.991913114609627, 52.460768117877457 ], [ 16.991916186936326, 52.460694146382018 ], [ 16.991873327999805, 52.460639362363487 ], [ 16.991816118340367, 52.460611947327678 ], [ 16.991712541731555, 52.460568004626161 ], [ 16.991561592579274, 52.460516691313479 ], [ 16.991439347797602, 52.460452643664674 ], [ 16.991283905953349, 52.460357720916335 ], [ 16.9911319935431, 52.460233806096205 ], [ 16.991070790757213, 52.460155054928052 ], [ 16.991031580877497, 52.460068672392417 ], [ 16.991031235905268, 52.460027742135011 ], [ 16.991029428562747, 52.459973655247389 ], [ 16.991019914030812, 52.459904506755258 ], [ 16.991017042502875, 52.459877025130176 ], [ 16.990913357925471, 52.459702931288845 ] ], [ [ 16.985066436355009, 52.47929301445523 ], [ 16.985874241147872, 52.479258564736362 ] ], [ [ 16.984448518096986, 52.496120348900057 ], [ 16.984485484305058, 52.496059637434065 ], [ 16.984503540918503, 52.496016052758947 ], [ 16.984524914733367, 52.495954715822307 ], [ 16.984540620332528, 52.4958529876846 ], [ 16.984548050794892, 52.495806523642067 ], [ 16.984553527346765, 52.495754449819131 ], [ 16.984569751376657, 52.495602722010453 ], [ 16.984577988507187, 52.495516067034814 ], [ 16.984583609589098, 52.495457609693872 ], [ 16.984618907837785, 52.495317359847832 ], [ 16.98463469697597, 52.495278233683884 ], [ 16.9846667720082, 52.495227782307524 ], [ 16.984749392728627, 52.49509355541062 ], [ 16.984826120661623, 52.494988279764186 ], [ 16.984935016184256, 52.494872399100871 ], [ 16.985095962198606, 52.494742924127152 ], [ 16.985503615960415, 52.494458181350538 ], [ 16.985761555777465, 52.49427639135434 ], [ 16.985979588663966, 52.494100397231321 ], [ 16.985865295780464, 52.493796061561838 ], [ 16.985823532362545, 52.493687778153173 ], [ 16.985757182426543, 52.493543548417797 ], [ 16.9857134780917, 52.493448723413849 ], [ 16.985648404090234, 52.493308832617018 ], [ 16.985646887124386, 52.493306558198995 ], [ 16.985629779323169, 52.493281082709785 ], [ 16.985511410740148, 52.493107904586843 ], [ 16.985361040994857, 52.492941736519455 ], [ 16.9852250718649, 52.492782919072503 ], [ 16.985211570197944, 52.492765599847083 ], [ 16.985082884004914, 52.492618329090114 ], [ 16.98493611443374, 52.492425058875263 ], [ 16.984739104237857, 52.492141438807543 ], [ 16.984503336572423, 52.491729078566074 ], [ 16.984220153064356, 52.491341903367953 ], [ 16.984146853759384, 52.491237039338181 ], [ 16.983993060415536, 52.491017114837732 ], [ 16.983934276204703, 52.49093318505021 ], [ 16.98389861003746, 52.490875373103769 ], [ 16.983835063381566, 52.490766717588613 ], [ 16.983688933280998, 52.490530733464915 ], [ 16.983572582251842, 52.490345984916111 ], [ 16.983511709392864, 52.490214349272691 ], [ 16.983392689127932, 52.490013904862451 ], [ 16.98333783080432, 52.489940834896032 ], [ 16.98320915071071, 52.489777642051024 ], [ 16.983182039718411, 52.489745429735756 ], [ 16.983098916367485, 52.489646063916872 ], [ 16.983017459838916, 52.489539261153638 ], [ 16.982966957066086, 52.48947085239228 ], [ 16.982880968398337, 52.489353628742357 ], [ 16.98282798045383, 52.48928157979617 ], [ 16.982752398109586, 52.489159136912292 ], [ 16.982707684193286, 52.489086599418265 ], [ 16.98263728428407, 52.488963615238127 ], [ 16.982572034008783, 52.48886977058585 ], [ 16.982506784006954, 52.488775925898977 ], [ 16.982204658981459, 52.488320515028562 ], [ 16.982012940775377, 52.488031493722239 ], [ 16.982002447095521, 52.488016114233488 ], [ 16.981860306471464, 52.487809247434022 ], [ 16.981824529310575, 52.487757189287514 ], [ 16.981728811984357, 52.487617672622363 ], [ 16.981675224459977, 52.487539496724239 ], [ 16.981535920444298, 52.487306144572543 ], [ 16.98151267886939, 52.487266712454847 ], [ 16.98141003328643, 52.487233480430461 ], [ 16.981348363364965, 52.487219206203747 ], [ 16.981233496916026, 52.487205103297711 ], [ 16.981052882092985, 52.487195004755932 ], [ 16.980869346630708, 52.487187554383169 ], [ 16.980748504088201, 52.48717847576318 ], [ 16.980633798536584, 52.487160867222194 ], [ 16.980553447261968, 52.487149151812893 ], [ 16.980512026432464, 52.48714313791131 ], [ 16.980403462166844, 52.487116909483838 ], [ 16.980293586426985, 52.487087150763195 ], [ 16.980161406316288, 52.487045768097971 ], [ 16.980133646377286, 52.487034230970657 ], [ 16.979997455695422, 52.48697748922892 ], [ 16.979884085687203, 52.486917899137119 ], [ 16.979770715986305, 52.486858308939183 ], [ 16.979340441051985, 52.486676288343553 ], [ 16.979020038876666, 52.486524116070576 ], [ 16.978831476103295, 52.486436796681595 ], [ 16.978702449599076, 52.486368483184187 ], [ 16.978591324174833, 52.486308210635428 ], [ 16.978445457110105, 52.48620875838899 ], [ 16.978335219849711, 52.486103439050304 ], [ 16.978300783177019, 52.486080094694188 ], [ 16.978193900112711, 52.4860076619522 ], [ 16.978158891208139, 52.485983947997191 ], [ 16.978032862761175, 52.48589850577725 ] ], [ [ 16.984393483858341, 52.514871941405566 ], [ 16.984488352261337, 52.514883271514634 ], [ 16.98468645737864, 52.514906703657189 ], [ 16.984741302265782, 52.514913124440646 ], [ 16.984913599483509, 52.514933508229937 ], [ 16.984993806569165, 52.514943059174868 ], [ 16.985142939266577, 52.514960619621903 ], [ 16.985237619631096, 52.514972845355288 ], [ 16.985366599122152, 52.514989432705242 ], [ 16.9854800578563, 52.515003686936659 ], [ 16.985548365548709, 52.515012315335504 ], [ 16.98560454065375, 52.515018668423764 ], [ 16.985618117642645, 52.515021597889742 ], [ 16.985633478166928, 52.515027435900059 ], [ 16.985651758943455, 52.515040339189426 ], [ 16.985707942930883, 52.515081950061223 ], [ 16.98572518915654, 52.515072349958174 ], [ 16.985743944842163, 52.515065204015109 ], [ 16.985759033389041, 52.515060873811869 ], [ 16.985780669596561, 52.515055215994792 ], [ 16.985801589091242, 52.515052334206537 ], [ 16.985888692299074, 52.515040055842157 ], [ 16.985949143690377, 52.515027053866298 ], [ 16.985967812994485, 52.515021795221827 ], [ 16.985998731371506, 52.515009819482799 ], [ 16.986028999478837, 52.514995943861699 ], [ 16.986052896012168, 52.514982769256342 ], [ 16.98607530360103, 52.514966691121991 ], [ 16.986091969989825, 52.51495042530901 ], [ 16.986105800383278, 52.51493492070496 ], [ 16.986097083423896, 52.515138403407484 ], [ 16.986103786614983, 52.515236825277086 ], [ 16.986045652059769, 52.515463481533757 ], [ 16.986005532513119, 52.515621817887464 ], [ 16.985978915639564, 52.515707350332661 ], [ 16.985968901725979, 52.515787678891002 ], [ 16.985970840305754, 52.515832323646691 ], [ 16.985969702933026, 52.515850742609963 ], [ 16.985962705834631, 52.515907017786176 ], [ 16.985958057030103, 52.516005426285922 ], [ 16.985963240169827, 52.51609194979261 ], [ 16.985964148247724, 52.516152676808858 ], [ 16.985949329417092, 52.516196226800346 ], [ 16.985939500943285, 52.516249935366638 ], [ 16.985934803204618, 52.516268833375456 ], [ 16.985881087934555, 52.516485850916688 ], [ 16.98587526023125, 52.516506888318929 ], [ 16.985848722009543, 52.516603575005398 ], [ 16.985833761052437, 52.516679232227872 ], [ 16.98581539176767, 52.516771380941229 ], [ 16.985801931972876, 52.516869009817547 ], [ 16.985774724382583, 52.517070558671946 ], [ 16.985765308008215, 52.517108804033256 ], [ 16.985751097143702, 52.51713905277856 ], [ 16.985726211854391, 52.517177034771684 ], [ 16.985709024310452, 52.517214338332224 ], [ 16.985701258572817, 52.517245506291573 ], [ 16.985654186279287, 52.517294713168553 ], [ 16.98562583204394, 52.517363396596458 ], [ 16.985631942488421, 52.517436084664823 ] ], [ [ 16.985909598177525, 52.485459332214489 ], [ 16.985926626247519, 52.485438125699666 ], [ 16.985951249810057, 52.485408683782943 ], [ 16.985985957970239, 52.485377794604929 ], [ 16.986005313299625, 52.485354019348357 ], [ 16.986022505085426, 52.485309880025461 ], [ 16.98607532241833, 52.484985813670477 ], [ 16.986080272188879, 52.484954867459003 ], [ 16.985926535585456, 52.484969338825664 ], [ 16.985712574336571, 52.484989530089948 ], [ 16.985434520268818, 52.485013036508185 ], [ 16.985115387422283, 52.485042408340398 ], [ 16.984794536195171, 52.485073908678594 ], [ 16.98447368453235, 52.485105408141578 ], [ 16.984091173074795, 52.485138554092536 ], [ 16.983997296995668, 52.485161688437515 ], [ 16.983979836968057, 52.485172993534057 ], [ 16.983918459180074, 52.48519425328837 ], [ 16.983734896661073, 52.485229440062625 ], [ 16.983668643133154, 52.485238114423019 ], [ 16.983552677616743, 52.485254575787174 ], [ 16.983297313528738, 52.485290876241898 ], [ 16.983102055110951, 52.485307963851945 ], [ 16.982994360478838, 52.485314312154003 ], [ 16.98286344271418, 52.485319454799892 ], [ 16.982698923368599, 52.485337695599398 ], [ 16.982670346159978, 52.48534080591412 ], [ 16.982176399458279, 52.485378251039762 ], [ 16.981525429736411, 52.485440717023671 ], [ 16.981046711401071, 52.485486602194051 ], [ 16.980434359793382, 52.485545404116749 ], [ 16.98037958600759, 52.485547886671263 ] ], [ [ 16.986546005345193, 52.474841811790675 ], [ 16.98659621903542, 52.474671144257627 ], [ 16.986652372018838, 52.474480070675924 ], [ 16.986701705336987, 52.47431253613253 ], [ 16.98672664595977, 52.474227604249691 ], [ 16.986760283048255, 52.474113498794445 ], [ 16.986819951470881, 52.473916368808268 ], [ 16.986874252678209, 52.473736776370949 ], [ 16.986910498183128, 52.473617138769114 ], [ 16.986753052429503, 52.473607263044457 ], [ 16.986663919955394, 52.47360772438762 ], [ 16.986566647598121, 52.473609036458143 ], [ 16.986487003118611, 52.473614606103816 ], [ 16.986398890988685, 52.473624978417085 ], [ 16.986312756656307, 52.473640421184484 ], [ 16.986282907263877, 52.473645759251355 ], [ 16.986182887208376, 52.473671758713188 ], [ 16.986116840980138, 52.473695638337119 ], [ 16.985411370807032, 52.473955522159365 ], [ 16.985457529849477, 52.473986529535452 ], [ 16.985667621423868, 52.474127272232771 ], [ 16.985791132101131, 52.474222287678494 ], [ 16.985843929373694, 52.474262762095925 ], [ 16.985902416289271, 52.474310888652489 ], [ 16.986010037846949, 52.474399067368218 ], [ 16.986096918564396, 52.474470523045277 ], [ 16.986278880767777, 52.474620949215812 ], [ 16.986546005345193, 52.474841811790675 ], [ 16.986561175132906, 52.474854752108882 ], [ 16.986694188212166, 52.474967557297589 ], [ 16.986720958137401, 52.474997424584252 ], [ 16.986886185179213, 52.475182193158652 ], [ 16.987022771387466, 52.475332925030258 ], [ 16.987052571056651, 52.475364192961045 ], [ 16.987117447612558, 52.475459558081987 ], [ 16.987130832145336, 52.475518069330455 ], [ 16.987101550343773, 52.475598070439283 ] ], [ [ 16.985865578674765, 52.490014487155854 ], [ 16.98589183050133, 52.490017182774366 ], [ 16.986298767650485, 52.490066295075415 ], [ 16.986325453020509, 52.490069177865109 ], [ 16.986456830993298, 52.490083287013128 ], [ 16.986473251193051, 52.490085095583176 ], [ 16.987165322247662, 52.49015965559088 ], [ 16.98745781885146, 52.490198091799328 ], [ 16.9877854713055, 52.490241082882456 ], [ 16.98793414629959, 52.490253955608431 ], [ 16.988161851724239, 52.490275367894924 ], [ 16.988194717036055, 52.490278445320556 ], [ 16.988232158882898, 52.490281330747962 ], [ 16.988525514157491, 52.490304218705901 ], [ 16.988582690251928, 52.490300873760233 ], [ 16.988640013571501, 52.49029753129058 ], [ 16.988646931464508, 52.490220207700844 ], [ 16.988650014034167, 52.490197864224569 ], [ 16.988664080381231, 52.490093049582526 ], [ 16.988679706092029, 52.489947607055832 ], [ 16.988694856758201, 52.489806113954494 ], [ 16.988712124183042, 52.489582718439038 ], [ 16.988726851490522, 52.489392378880197 ], [ 16.988718546726901, 52.489254714250272 ], [ 16.988697879484526, 52.48917485286804 ], [ 16.988660267395694, 52.489104687044438 ], [ 16.988422868610609, 52.488740516489976 ], [ 16.988370448853999, 52.488668749573101 ], [ 16.988097803376455, 52.488295704041242 ], [ 16.987906434998951, 52.488033681530666 ], [ 16.987154478144724, 52.486967559646743 ], [ 16.9867943144402, 52.48647240727076 ], [ 16.986762988429511, 52.486429240863366 ], [ 16.986639674718393, 52.486196886581148 ] ], [ [ 16.987029970920048, 52.465046012561636 ], [ 16.987070381843395, 52.465112449324238 ], [ 16.987077442530236, 52.465128759384058 ], [ 16.987172744897642, 52.465383213409346 ], [ 16.98718449660069, 52.465409677006008 ], [ 16.987216732801667, 52.465477773438437 ], [ 16.987229759696234, 52.465505338059749 ], [ 16.987288597543177, 52.465629472469246 ], [ 16.987296713525154, 52.46564202283971 ], [ 16.987365723922942, 52.465749780706318 ], [ 16.987449438328873, 52.465880634480719 ], [ 16.98765876144363, 52.466118230314962 ], [ 16.98776944136425, 52.466232633310966 ], [ 16.987807243341887, 52.466262688148568 ], [ 16.987834390181717, 52.466284196903864 ], [ 16.987899876637648, 52.466320749011771 ], [ 16.98796406385063, 52.466353501341239 ], [ 16.988171834959566, 52.466428271743496 ], [ 16.98830516297209, 52.466472363795674 ], [ 16.988416725991605, 52.466506101705548 ], [ 16.988502089174059, 52.466526621844167 ], [ 16.988614193450516, 52.466548496207153 ], [ 16.988678224724993, 52.466558849514399 ], [ 16.988815718982153, 52.466566494715167 ], [ 16.988939242936784, 52.46656400836639 ], [ 16.989129995423209, 52.466527587092777 ], [ 16.98933248335652, 52.466488936575217 ], [ 16.989620996505543, 52.466430431591967 ], [ 16.989888400158915, 52.466376244151078 ], [ 16.989901779115836, 52.466373503432123 ], [ 16.990132765097279, 52.466326701379565 ], [ 16.990165895583605, 52.466320338814626 ], [ 16.990184171512468, 52.466316781857117 ], [ 16.990467486815749, 52.466262413830478 ], [ 16.990511760136499, 52.466253901991074 ], [ 16.990799938882923, 52.466199435931102 ], [ 16.990847322756949, 52.466190527099442 ], [ 16.991107574034643, 52.466141342184372 ], [ 16.991401989046484, 52.466085721397867 ], [ 16.991690165647608, 52.466031253144777 ], [ 16.991710517839987, 52.466027371440084 ], [ 16.991981014841777, 52.465976289914749 ], [ 16.992171055269345, 52.465939222068215 ], [ 16.99226659039833, 52.465920696773594 ], [ 16.992560320321676, 52.46585094033879 ], [ 16.992637587745193, 52.465835792321265 ], [ 16.99270469747475, 52.465823799743568 ], [ 16.992611432752099, 52.465637112568785 ], [ 16.99260373303607, 52.465592729594661 ], [ 16.992611046550941, 52.465558225448056 ], [ 16.992632789349095, 52.46551083447487 ], [ 16.992756056533526, 52.465345631770305 ], [ 16.992963429894811, 52.46502463500719 ] ], [ [ 16.987029970920048, 52.465046012561636 ], [ 16.987098932429131, 52.464980538174082 ], [ 16.987205481180784, 52.464865874723607 ], [ 16.987323758291478, 52.464765262134549 ] ], [ [ 16.986035629026006, 52.487125072339637 ], [ 16.986242285628002, 52.487319810801957 ], [ 16.986537895887782, 52.487721853769351 ], [ 16.986575161552523, 52.487805955647225 ], [ 16.986579517457976, 52.487849292582659 ], [ 16.986534683259244, 52.488101810021142 ], [ 16.986530691806156, 52.488124677643867 ], [ 16.986506573453834, 52.488249468297361 ], [ 16.986504393847305, 52.488271377385502 ], [ 16.986500788342394, 52.488308372692998 ], [ 16.986499616421153, 52.488321124707277 ], [ 16.986544002222139, 52.488429992289745 ], [ 16.986552665758328, 52.488443541339528 ], [ 16.986679234335245, 52.488640243466492 ], [ 16.986687358308203, 52.488652704000025 ], [ 16.986949162707862, 52.489059656868228 ], [ 16.987084964526101, 52.489260743004351 ], [ 16.987140309421278, 52.489342633934641 ], [ 16.987311053642333, 52.489582000715579 ], [ 16.987316112673327, 52.489632545041644 ], [ 16.987309464499468, 52.489697460978768 ], [ 16.987273914153597, 52.489811264010214 ], [ 16.987165322247662, 52.49015965559088 ] ], [ [ 16.98754229458407, 52.454667575240528 ], [ 16.987693897994586, 52.454155136980589 ] ], [ [ 16.986694188212166, 52.474967557297589 ], [ 16.986795989804179, 52.474963893727335 ], [ 16.987061822097889, 52.474958255151826 ], [ 16.987219135775312, 52.474954996418219 ], [ 16.987590171859374, 52.474967966598655 ], [ 16.987870111713946, 52.474972729891491 ], [ 16.988315181130282, 52.474983719422035 ], [ 16.988611620392476, 52.475001353717524 ], [ 16.988832576372086, 52.475014015931507 ], [ 16.989334100600367, 52.4750499766103 ], [ 16.990056014271815, 52.475098135729276 ] ], [ [ 16.986910498183128, 52.473617138769114 ], [ 16.986944642453587, 52.473520940668635 ], [ 16.986990124318627, 52.473392555847916 ], [ 16.987075431961998, 52.473117701156838 ], [ 16.987085784452525, 52.473084508289787 ], [ 16.987145003276314, 52.472893936359981 ], [ 16.987187811609623, 52.472756331705853 ], [ 16.987213330333361, 52.47267482741006 ], [ 16.987238513591969, 52.472594216834949 ], [ 16.987294943621858, 52.472425993320215 ], [ 16.987325396387181, 52.472317050227332 ] ], [ [ 16.985979588663966, 52.494100397231321 ], [ 16.986200468816882, 52.493955571585737 ], [ 16.986552288491833, 52.493725009919899 ], [ 16.987104848121284, 52.493367715526176 ], [ 16.987168169737796, 52.493326699619239 ], [ 16.987269218434264, 52.493259792378922 ], [ 16.987343785664478, 52.493204846634846 ], [ 16.987397622256154, 52.493161780401863 ], [ 16.98743965368098, 52.493125528861171 ], [ 16.987494450516948, 52.493061432182976 ], [ 16.987585032077437, 52.492939750979502 ], [ 16.987724593454129, 52.492752254979891 ], [ 16.987953954904047, 52.492395573961211 ], [ 16.988085340114054, 52.492186981662584 ], [ 16.988193877843848, 52.492004354013638 ], [ 16.988290452809427, 52.491841670112976 ], [ 16.988376971614777, 52.491695904342009 ], [ 16.988381123886377, 52.491688869436715 ], [ 16.988487456999, 52.491518975981869 ], [ 16.988677662321468, 52.491216043392853 ], [ 16.988700386479664, 52.491179822869427 ], [ 16.98872597002936, 52.49113906385341 ], [ 16.988927311836452, 52.490843875478554 ], [ 16.98913450042831, 52.490539971720196 ], [ 16.989188653135489, 52.490444652979605 ], [ 16.989583976994744, 52.490289834814128 ] ], [ [ 16.986486467626055, 52.483458108457128 ], [ 16.986542889947234, 52.483529134978589 ], [ 16.986595746146968, 52.483626634087962 ], [ 16.986659186090723, 52.483744010959434 ], [ 16.986732541004024, 52.483847525388413 ], [ 16.986829227127938, 52.483940193971236 ], [ 16.98690818494692, 52.483995234182181 ], [ 16.987025153308743, 52.484069629521429 ], [ 16.987141904135033, 52.484126212234017 ], [ 16.987400387213341, 52.484244029752453 ], [ 16.987997077568131, 52.484482548362493 ], [ 16.988354213271716, 52.484643685768255 ], [ 16.98847914358581, 52.484718035166871 ], [ 16.98854102881258, 52.484766307966254 ], [ 16.988601207433934, 52.484826154411131 ], [ 16.988748615473092, 52.48501493404514 ], [ 16.990025494734514, 52.486488866804379 ], [ 16.990497795750496, 52.487042668623161 ], [ 16.990515010875139, 52.487062568763186 ], [ 16.991308285572156, 52.48797071032071 ], [ 16.991684573709122, 52.488375279413724 ], [ 16.992307377764877, 52.489044957548373 ], [ 16.991950841878964, 52.489183264056258 ], [ 16.991566301483157, 52.489383154865976 ], [ 16.991242326526638, 52.489531096441802 ], [ 16.991158512472104, 52.489569337976796 ], [ 16.991150083202612, 52.489573242263127 ], [ 16.991070784237859, 52.489609401781628 ], [ 16.991015562408339, 52.489634547403362 ], [ 16.990839806704336, 52.489714759599799 ], [ 16.990339897559245, 52.489943447302139 ], [ 16.990068560644843, 52.490067815474283 ], [ 16.989861177583744, 52.490162959035345 ], [ 16.989583976994744, 52.490289834814128 ] ], [ [ 16.987106360053986, 52.471617248480392 ], [ 16.987111663804846, 52.471607534901118 ], [ 16.98712121138842, 52.471595195247566 ], [ 16.987131065112511, 52.471585828943837 ], [ 16.987138387720307, 52.471580287133321 ], [ 16.987157182416173, 52.471568644533136 ], [ 16.987176577591782, 52.471559980290294 ], [ 16.987194516967126, 52.471554169462003 ], [ 16.987221458341462, 52.471547972186031 ], [ 16.986944246895849, 52.471412925323271 ], [ 16.986681556954178, 52.471234052640213 ], [ 16.986773705131828, 52.471186782020858 ], [ 16.986869287228473, 52.471138490463808 ], [ 16.987028713024117, 52.470978945990247 ], [ 16.987253428998788, 52.470753864334746 ], [ 16.987288039776466, 52.470715148039723 ], [ 16.987532118193645, 52.47076931062373 ], [ 16.987743531843563, 52.470809875054613 ], [ 16.987870579343131, 52.470836951207737 ], [ 16.988085366212413, 52.470877842248107 ], [ 16.988226329522337, 52.470906593863418 ], [ 16.988378240467036, 52.470937510294938 ] ], [ [ 16.987221458341462, 52.471547972186031 ], [ 16.987250283718691, 52.471545674545737 ], [ 16.987275310885128, 52.471545920618851 ], [ 16.987293670266986, 52.471547042583325 ], [ 16.98732677032465, 52.471554351702352 ], [ 16.987344474919883, 52.471560139583396 ], [ 16.987355172759763, 52.471564549002288 ], [ 16.987368135096109, 52.471570975719494 ], [ 16.98738002212659, 52.471578373514589 ], [ 16.987392677343475, 52.471588302803575 ], [ 16.987400562067823, 52.471596262087331 ], [ 16.987406554084608, 52.471603739440994 ], [ 16.98741366556813, 52.471615733027384 ], [ 16.987418005421386, 52.471627139782299 ], [ 16.987419753623989, 52.47163724322013 ], [ 16.98741751399319, 52.471660500503361 ], [ 16.98740949874535, 52.471677993045084 ], [ 16.987395923809164, 52.471694671418376 ] ], [ [ 16.987224859221083, 52.471738080952981 ], [ 16.987346166781112, 52.471945846634895 ], [ 16.987386668425728, 52.472023347782802 ] ], [ [ 16.987810539804869, 52.470180510368628 ], [ 16.987710759071064, 52.470282157747945 ], [ 16.98765813137004, 52.470334868614302 ], [ 16.987637467900036, 52.470355204023804 ], [ 16.987547573016759, 52.470443527948881 ], [ 16.98741264617448, 52.470576237131525 ], [ 16.987288039776466, 52.470715148039723 ] ], [ [ 16.985149105347357, 52.517754535855282 ], [ 16.985241416697949, 52.517718781554777 ], [ 16.985276517186158, 52.517699232056202 ], [ 16.985327115721812, 52.517659979108537 ], [ 16.98542170350397, 52.517580910890942 ], [ 16.98551719813705, 52.517507794280718 ], [ 16.985555795107292, 52.517479489818761 ], [ 16.985591595580985, 52.517457523684953 ] ], [ [ 16.987355172759763, 52.471564549002288 ], [ 16.987576810757957, 52.471516693241782 ], [ 16.987637592094512, 52.471517727558393 ], [ 16.987723263893415, 52.471531687546452 ], [ 16.987532209528574, 52.471603269500648 ], [ 16.987419753623989, 52.47163724322013 ] ], [ [ 16.985299845139064, 52.517382759988038 ], [ 16.985340047622216, 52.517238816185369 ], [ 16.985368934074877, 52.517097288020317 ], [ 16.985380397270823, 52.517020761805732 ], [ 16.985387770983092, 52.516949832363686 ], [ 16.985409778197006, 52.516807197668136 ], [ 16.985426052793187, 52.516660957571595 ], [ 16.985446536450141, 52.516522614187885 ], [ 16.985453323897822, 52.516474160517539 ], [ 16.985466509527814, 52.516379315236762 ], [ 16.985484612541313, 52.516234995063506 ], [ 16.98550511775823, 52.516089726415437 ], [ 16.985524377782092, 52.515949113598069 ], [ 16.985543077886991, 52.515804623690023 ], [ 16.985562494589828, 52.515657357743585 ], [ 16.985572208351844, 52.515586827896023 ], [ 16.985582069396798, 52.515516300554928 ], [ 16.985603212499473, 52.515369963423446 ], [ 16.985620449042472, 52.515254230354969 ], [ 16.985632829342915, 52.515189862030454 ], [ 16.985642382377907, 52.515161512734899 ], [ 16.985651877143258, 52.515137659599688 ], [ 16.985661091624809, 52.51512315577029 ], [ 16.985667853790677, 52.515113916826991 ], [ 16.985676350851023, 52.515105426966734 ], [ 16.985683546041059, 52.515099613231868 ], [ 16.985707942930883, 52.515081950061223 ] ], [ [ 16.988788499925271, 52.442896586784087 ], [ 16.989010406367647, 52.44276421633225 ], [ 16.989106655929831, 52.442665720210648 ], [ 16.989149233747746, 52.442594348457291 ], [ 16.989178803768642, 52.442520752783082 ], [ 16.989205645854653, 52.442435094712543 ], [ 16.98921129027427, 52.442383121415673 ], [ 16.989215027134623, 52.442301075694445 ], [ 16.989202481730256, 52.442216750375962 ], [ 16.98917821134425, 52.442030089696161 ], [ 16.989181401359957, 52.441960050663134 ], [ 16.989177677483301, 52.441897904696759 ], [ 16.989170496678902, 52.441839705263384 ], [ 16.989170594326342, 52.441765608300955 ], [ 16.989206804138249, 52.441690122882257 ], [ 16.989249016256032, 52.441626755532369 ], [ 16.989301234411926, 52.441559553014386 ], [ 16.989350177782352, 52.441492294779316 ], [ 16.989395026196732, 52.441442990872545 ], [ 16.989471800529692, 52.441412253876784 ], [ 16.989543842142929, 52.441413478997823 ], [ 16.989643897407721, 52.441447223086172 ], [ 16.989735490132698, 52.441522879167003 ], [ 16.989797884813722, 52.441592030719534 ], [ 16.989854185970636, 52.441651065303816 ], [ 16.989920675636849, 52.441702262426055 ], [ 16.989980798379143, 52.441749345930653 ], [ 16.990062386144476, 52.441828836975311 ], [ 16.990131786572945, 52.441888094120287 ], [ 16.990188270742458, 52.44194312631808 ], [ 16.990232202970887, 52.44198592912057 ], [ 16.990314793632422, 52.442043407715062 ], [ 16.990368094644388, 52.442096383047719 ], [ 16.990424670458438, 52.442149414019724 ], [ 16.990487886850726, 52.442200555170523 ], [ 16.990724748693083, 52.442324740841229 ], [ 16.990811526026778, 52.442362263582311 ], [ 16.990879019611125, 52.442391447893321 ], [ 16.990933687695456, 52.442414406221204 ], [ 16.990988264774181, 52.44243936564159 ], [ 16.99106258117359, 52.442462657791879 ], [ 16.991117522614211, 52.442479612684139 ], [ 16.991188655502167, 52.442500847995298 ], [ 16.991266519969518, 52.44251819230815 ], [ 16.991331649866819, 52.442527309549618 ], [ 16.991403420248052, 52.4425345369092 ], [ 16.991387043800987, 52.442606354604585 ], [ 16.991374761428695, 52.44266021787373 ], [ 16.991370937485542, 52.442744264816241 ], [ 16.991362928324655, 52.44284826729664 ], [ 16.991363289542637, 52.442912358697072 ], [ 16.991310410896091, 52.443570336872348 ], [ 16.991286737028862, 52.444090627345354 ], [ 16.991271998747877, 52.444126424891884 ], [ 16.991254258785396, 52.444156163444035 ], [ 16.991226876430506, 52.444181732834245 ], [ 16.991186303666577, 52.444209080763741 ], [ 16.99114946099083, 52.444226478738258 ], [ 16.991115893118085, 52.444243932345898 ], [ 16.990987542364188, 52.444303018586517 ] ], [ [ 16.988746274972037, 52.446993092033004 ], [ 16.988779967790737, 52.446980533372141 ], [ 16.988945192196599, 52.446911298800217 ], [ 16.98908500165992, 52.446850626127322 ], [ 16.989212970603113, 52.446784894943214 ], [ 16.989886569955406, 52.446299948655486 ], [ 16.989885434438751, 52.446295791928968 ], [ 16.989883723351934, 52.44628487962202 ], [ 16.989884218561446, 52.446274004826009 ], [ 16.989886110966584, 52.4462647727755 ], [ 16.989890610246352, 52.446253246504206 ], [ 16.989896657898246, 52.446243275604459 ], [ 16.98990599874082, 52.446232101478962 ], [ 16.989918269024862, 52.446221246989438 ], [ 16.989936022416128, 52.446209586279736 ], [ 16.989947319890835, 52.446203931996109 ], [ 16.989962167892024, 52.446197888354781 ], [ 16.989977698118015, 52.446193025581209 ], [ 16.990000447836469, 52.446188015711257 ], [ 16.99002560388945, 52.446185115456451 ], [ 16.990051233699575, 52.446184741680362 ], [ 16.990072945149528, 52.446186369996241 ], [ 16.990095735077308, 52.446190175296508 ], [ 16.990117258292752, 52.446195937824868 ], [ 16.990136354477375, 52.446203278081292 ], [ 16.990153897964941, 52.446212390818033 ], [ 16.990172564725565, 52.446225929899391 ], [ 16.990184240920431, 52.446237821096844 ], [ 16.990193216371722, 52.446250835653743 ], [ 16.990197370939814, 52.446259810726467 ], [ 16.990201087891613, 52.446275164378605 ], [ 16.990201086989952, 52.446288116288464 ], [ 16.990196301346568, 52.446305933777793 ], [ 16.990188917471688, 52.446319389790716 ], [ 16.990181574739577, 52.44632870908206 ], [ 16.990171416898409, 52.446338430237617 ], [ 16.990157863783679, 52.446348363506367 ], [ 16.990141397574231, 52.446357617644729 ], [ 16.990121891643188, 52.446365740779264 ], [ 16.990101895571179, 52.446371696924068 ], [ 16.990082733141531, 52.446375508583301 ], [ 16.990049765016977, 52.446378635818839 ], [ 16.990033283118176, 52.446378535507321 ], [ 16.990010550153272, 52.44637670993054 ], [ 16.989986309732537, 52.446372430235257 ], [ 16.989966980472243, 52.446366974815042 ], [ 16.989948031333096, 52.446359637031676 ], [ 16.989932354939263, 52.446351545391032 ], [ 16.989915939272034, 52.446340293142029 ], [ 16.989903801401102, 52.446328843788343 ], [ 16.989893248995145, 52.446314902958967 ], [ 16.989886569955406, 52.446299948655486 ] ], [ [ 16.988176183512763, 52.459674651044708 ], [ 16.988155554168351, 52.459726647329624 ], [ 16.988146960845963, 52.459779478002666 ], [ 16.988134817127509, 52.459855273872591 ], [ 16.988214003917374, 52.460010964671739 ], [ 16.988260069755146, 52.460101872068947 ], [ 16.98827744082222, 52.460192381204365 ], [ 16.988278614492245, 52.460253832763634 ], [ 16.988279377421335, 52.460298457850506 ] ], [ [ 16.988176183512763, 52.459674651044708 ], [ 16.988146271055534, 52.459575024067711 ], [ 16.98806254186259, 52.45947376184634 ], [ 16.988039192427937, 52.45944656130537 ], [ 16.988043600593148, 52.459427388342817 ], [ 16.988060195134899, 52.459415438348074 ], [ 16.988290763315042, 52.459325370021226 ], [ 16.988456359677233, 52.459242560751846 ], [ 16.98853101355586, 52.459190853840994 ] ], [ [ 16.988176183512763, 52.459674651044708 ], [ 16.988287173374339, 52.459507445090559 ], [ 16.98853101355586, 52.459190853840994 ] ], [ [ 16.987723263893415, 52.471531687546452 ], [ 16.987910466941148, 52.471547734787279 ], [ 16.988005067960835, 52.471556449878342 ], [ 16.98809803331428, 52.471568734810681 ], [ 16.988250479813686, 52.471584729859693 ], [ 16.988354115377099, 52.471595577121036 ], [ 16.98864742708772, 52.471629617972347 ], [ 16.988938217241362, 52.47166082695994 ], [ 16.98915694354713, 52.471686492594323 ], [ 16.989242383306443, 52.471699098375794 ], [ 16.989300208216385, 52.471710065305984 ], [ 16.989412415490506, 52.471736437731494 ], [ 16.989693963534016, 52.471812099739203 ], [ 16.989903461335977, 52.471868997416315 ], [ 16.989998732635417, 52.471892113270293 ], [ 16.990241237883858, 52.471958385826518 ], [ 16.990420870118289, 52.472004881223896 ], [ 16.990671867355701, 52.472075524539633 ], [ 16.991116488131532, 52.472202433357609 ], [ 16.991208636614175, 52.472239166599294 ], [ 16.991262435056729, 52.472264185304105 ], [ 16.991482718381338, 52.47237864734025 ], [ 16.991675911416277, 52.472476728891657 ], [ 16.991801991058686, 52.472547856664953 ], [ 16.992035232086256, 52.472675399612115 ], [ 16.992156865300835, 52.472737457145122 ], [ 16.992458937614686, 52.472857533276446 ], [ 16.992709795027711, 52.472957311529754 ], [ 16.992890189932783, 52.473019556183729 ], [ 16.993095257488655, 52.473096340396744 ], [ 16.993191199163189, 52.473140421860329 ], [ 16.993064489722883, 52.473471422401083 ], [ 16.992985336397698, 52.473670113488495 ], [ 16.992926490175918, 52.473817431646246 ], [ 16.992866649773468, 52.473976875275433 ], [ 16.99285071651153, 52.474019507910107 ], [ 16.992808820525497, 52.474130956397168 ], [ 16.992775457304216, 52.474219973872692 ], [ 16.992756171169468, 52.474271543937803 ], [ 16.992704560008701, 52.47440873122266 ], [ 16.992691979142471, 52.474442426385728 ], [ 16.992631638166007, 52.474603120605508 ], [ 16.992575463254248, 52.474749944266485 ], [ 16.99256776825198, 52.474770140880871 ], [ 16.992525960801892, 52.474879612010774 ], [ 16.992502732542164, 52.474940109467269 ], [ 16.992459923005953, 52.475052171924538 ], [ 16.992379918402644, 52.475230610858866 ], [ 16.992428786219929, 52.475260492181917 ], [ 16.99264995309376, 52.475407706299002 ], [ 16.992725436432174, 52.475458006713417 ], [ 16.992826938346358, 52.475525658050358 ], [ 16.992931731724912, 52.475595433858096 ], [ 16.993080986816747, 52.475694835954528 ], [ 16.993207695073387, 52.475771819108772 ], [ 16.993306602396075, 52.475831780796902 ], [ 16.993417546378243, 52.47589914210667 ], [ 16.993682155850344, 52.476059683407215 ], [ 16.993855198999622, 52.475765805466729 ], [ 16.993926298093101, 52.475595219489684 ], [ 16.993976095741647, 52.475475180155392 ], [ 16.993997425239815, 52.475424004340837 ], [ 16.99403464237329, 52.475334422312976 ], [ 16.994075342685189, 52.475236264779653 ], [ 16.994090727395381, 52.475199199184374 ], [ 16.994135225567451, 52.475092021756062 ], [ 16.994203378803888, 52.474927861575722 ], [ 16.994262365484815, 52.474787111082627 ], [ 16.994283175083162, 52.474737635324495 ], [ 16.994330104840287, 52.47462555216989 ], [ 16.994416522980863, 52.47441924830418 ], [ 16.994437336309787, 52.474369682638368 ], [ 16.994516607620803, 52.474216863816288 ], [ 16.994549243933271, 52.474146991510104 ], [ 16.994596241998547, 52.474046332230586 ], [ 16.994607885172304, 52.474020266169596 ], [ 16.99462691159119, 52.473977595817708 ], [ 16.994686598869908, 52.473844052470646 ], [ 16.994773948284635, 52.47354269386058 ], [ 16.994808071371949, 52.473449821157359 ], [ 16.995151577840772, 52.473552963926295 ], [ 16.995203192824746, 52.473574256107092 ], [ 16.995298033702312, 52.473613460226225 ], [ 16.995425202179568, 52.473696475056784 ], [ 16.995667864177378, 52.47385690981428 ], [ 16.995746622850113, 52.473899978395693 ], [ 16.995821959397603, 52.473934084524331 ], [ 16.995929561270113, 52.473974493764757 ], [ 16.995995387737967, 52.47398775162246 ], [ 16.996060183541161, 52.473991278083766 ], [ 16.996106254754004, 52.473991968811539 ], [ 16.996171409801189, 52.473984348308989 ], [ 16.996267880685341, 52.473965026057563 ], [ 16.996607776497807, 52.473859254638782 ], [ 16.99668532519561, 52.473821982578556 ], [ 16.996759439055538, 52.47377601771241 ], [ 16.996854393077314, 52.473702523327987 ], [ 16.996899794972123, 52.473662817796829 ], [ 16.996994763526974, 52.473569535986215 ], [ 16.997113130419969, 52.473441032772151 ], [ 16.997144337925203, 52.473409001772957 ], [ 16.997261907312648, 52.473288309987495 ], [ 16.997184789540427, 52.473215588861066 ], [ 16.997055683784438, 52.473110327083269 ], [ 16.99695653083036, 52.473033095194246 ], [ 16.996873867703044, 52.472981956306924 ], [ 16.996867277229537, 52.472977887162223 ], [ 16.996678800487533, 52.472882682340583 ], [ 16.996615443610239, 52.472850758444274 ], [ 16.996400705080617, 52.472750071442178 ], [ 16.996301465946896, 52.472707195936692 ], [ 16.996072219956456, 52.472608151334562 ], [ 16.995690352690065, 52.472441760368 ], [ 16.995413338533059, 52.472317889943106 ], [ 16.995052313663709, 52.472156437286699 ], [ 16.994983758928825, 52.47212550369494 ], [ 16.994817795461501, 52.472050375168884 ], [ 16.994042215273435, 52.471700023679482 ], [ 16.993630557618278, 52.471505687824433 ], [ 16.993227018041182, 52.471333704320529 ], [ 16.993119004149754, 52.471286359896709 ], [ 16.992232164288815, 52.470895882108046 ], [ 16.991683000880002, 52.470639212320989 ], [ 16.991409002066316, 52.470511066237862 ], [ 16.991341368219587, 52.470479426583033 ], [ 16.991313247775199, 52.47046626689243 ], [ 16.990979568679034, 52.470309763209379 ], [ 16.99075117840108, 52.470192464069541 ], [ 16.990535024077641, 52.470081398618753 ], [ 16.990241015398922, 52.469930333905836 ], [ 16.989976657037644, 52.469794433230163 ], [ 16.989313759376021, 52.469451901576271 ], [ 16.989102505938178, 52.469336869308876 ], [ 16.989058674288181, 52.469313008443152 ], [ 16.988894200957802, 52.469221796853581 ], [ 16.988770872320661, 52.469132633961102 ], [ 16.988700085839426, 52.469073326444388 ], [ 16.988641946516935, 52.469020889824762 ], [ 16.988569518184331, 52.468952380049068 ], [ 16.988416971526746, 52.468761173414201 ], [ 16.988399838060843, 52.468739655261345 ], [ 16.988269874802477, 52.468573207309369 ], [ 16.988239540097478, 52.468534375258827 ], [ 16.988079243606396, 52.468329095047288 ], [ 16.987371178308479, 52.467444142871166 ], [ 16.98729625427551, 52.467365875873561 ], [ 16.987125280361091, 52.467246308760146 ], [ 16.987075533791359, 52.467216590050988 ], [ 16.98684511433315, 52.467095920667703 ], [ 16.986825985662758, 52.467085881097553 ], [ 16.986635576682666, 52.466995304028735 ], [ 16.986425275498988, 52.466895303614777 ], [ 16.986205889185953, 52.466791100635696 ], [ 16.985988939300231, 52.466691615809509 ], [ 16.985774724758304, 52.466593526324488 ], [ 16.985596720199634, 52.466511973317871 ], [ 16.985413815713521, 52.466428087967557 ], [ 16.985323205601542, 52.466387058968806 ], [ 16.985246578026583, 52.466352654136458 ], [ 16.985114161709994, 52.466304796507146 ], [ 16.985025895783199, 52.466276939003038 ], [ 16.98487962100851, 52.466239098547817 ], [ 16.984706620916739, 52.466206019185435 ], [ 16.984561036604699, 52.466191755358437 ], [ 16.984400835041992, 52.466178321526115 ] ], [ [ 16.988299842448718, 52.459139160977912 ], [ 16.988412984103533, 52.458973160782797 ], [ 16.988486528397228, 52.458865040274311 ], [ 16.988700062661881, 52.458922459018353 ], [ 16.988637505742588, 52.459018893976335 ], [ 16.98853101355586, 52.459190853840994 ] ], [ [ 16.988892987655564, 52.47040147683834 ], [ 16.988677932179922, 52.470363280991933 ], [ 16.988604301281445, 52.470350156086447 ], [ 16.988417881867417, 52.470317033948682 ], [ 16.988324858789174, 52.470296383508405 ], [ 16.988070284394137, 52.47023988532824 ], [ 16.988047110482089, 52.470234544161499 ], [ 16.987810539804869, 52.470180510368628 ], [ 16.987764920193964, 52.470166782235211 ], [ 16.987638955433127, 52.470128931139904 ], [ 16.987466103132647, 52.470056732986201 ], [ 16.98728226615172, 52.469963840464381 ], [ 16.987227976990646, 52.469946456762074 ], [ 16.98717953558031, 52.46994293394701 ], [ 16.98712836988301, 52.469950697641124 ], [ 16.987087104744639, 52.469960968372504 ], [ 16.986936135974833, 52.470048252245888 ], [ 16.986743561649085, 52.470172603955774 ], [ 16.986708598140485, 52.47019323541538 ], [ 16.986551006751231, 52.470296505969664 ], [ 16.986509255908388, 52.470323857526687 ], [ 16.986365780928519, 52.470417924106577 ], [ 16.98609082879404, 52.470598076203409 ] ], [ [ 16.988486528397228, 52.458865040274311 ], [ 16.988469306688419, 52.458790633628787 ], [ 16.988581351703953, 52.458622815743063 ], [ 16.988631199415742, 52.458549999726202 ], [ 16.98871532056781, 52.458503760428307 ], [ 16.988889870971761, 52.458463466394285 ], [ 16.989006093708127, 52.4584591470175 ], [ 16.9891768470555, 52.458418158378379 ], [ 16.989246668659252, 52.458401356976545 ], [ 16.989255745781996, 52.458399262740421 ], [ 16.989441354669722, 52.458355378309925 ], [ 16.989523972289476, 52.458335646291054 ], [ 16.989590066333015, 52.458319860633836 ], [ 16.989720913764284, 52.458288626191639 ], [ 16.989817389675366, 52.458268499970202 ], [ 16.989871838702065, 52.458269155783015 ], [ 16.989966394838621, 52.458284704480135 ], [ 16.990014684262469, 52.458294519726657 ], [ 16.990054873044301, 52.458310853094183 ], [ 16.990078632036038, 52.458335541773401 ], [ 16.990083270230286, 52.458340387633825 ], [ 16.990150843885079, 52.458424644279702 ], [ 16.990201710448051, 52.458458698125213 ], [ 16.990227999911969, 52.458476324226396 ], [ 16.990360733137731, 52.458532996181425 ], [ 16.990342568834535, 52.45856326834123 ], [ 16.99033180566768, 52.458595914882288 ], [ 16.990336156169128, 52.458623241781929 ], [ 16.990427035883844, 52.458797118570878 ], [ 16.9908187473428, 52.459526832880002 ], [ 16.990913357925471, 52.459702931288845 ] ], [ [ 16.989212970603113, 52.446784894943214 ], [ 16.98934899976139, 52.446726406267281 ], [ 16.989426284827317, 52.44669722957785 ], [ 16.989499259777133, 52.446662492965409 ], [ 16.989554975705413, 52.446635018118656 ], [ 16.989721594378445, 52.44652218337869 ], [ 16.98980909102719, 52.446469165041833 ], [ 16.989907603350385, 52.446406979756908 ], [ 16.989986309732537, 52.446372430235257 ] ], [ [ 16.986105800383278, 52.51493492070496 ], [ 16.986123706784266, 52.514897989091729 ], [ 16.986132794810221, 52.514860457649952 ], [ 16.986151841900934, 52.51472766614431 ], [ 16.986197921916968, 52.514509888878933 ], [ 16.986210885626221, 52.514448858318403 ], [ 16.98624109864544, 52.51432012441024 ], [ 16.986244588095797, 52.51430507337102 ], [ 16.986300074367648, 52.514068568123584 ], [ 16.986372369057172, 52.513815889354916 ], [ 16.986442909347183, 52.513595110470028 ], [ 16.986464589659967, 52.513527212674852 ], [ 16.986482474292959, 52.513471392589217 ], [ 16.986536096289534, 52.513298175415237 ], [ 16.986584165665118, 52.51314321210382 ], [ 16.986647138590666, 52.512939573372229 ], [ 16.986688656159689, 52.512805365308537 ], [ 16.986700523376385, 52.512758616976953 ], [ 16.986709142804859, 52.512705517357453 ], [ 16.986714239340056, 52.512629512241368 ], [ 16.986721696805471, 52.512488968167098 ], [ 16.986732820512756, 52.512261781344307 ], [ 16.986731795822127, 52.512184232963307 ], [ 16.98673121454382, 52.512142129705026 ], [ 16.986730363475967, 52.512076906480793 ], [ 16.986726619948044, 52.511900824141726 ], [ 16.986733055777069, 52.511795520359733 ] ], [ [ 16.988700062661881, 52.458922459018353 ], [ 16.98876745814292, 52.458826466103169 ], [ 16.988905863269338, 52.458613314898052 ], [ 16.989006093708127, 52.4584591470175 ] ], [ [ 16.988243146969737, 52.47536160619147 ], [ 16.988271719335547, 52.475187331889849 ], [ 16.988315181130282, 52.474983719422035 ], [ 16.988329952817413, 52.474918221947178 ], [ 16.988386667293675, 52.474724368899338 ], [ 16.988439558657511, 52.474530360849471 ] ], [ [ 16.986720430218448, 52.510765726808657 ], [ 16.986851803705839, 52.510894152653698 ], [ 16.98693219511836, 52.510954343442229 ], [ 16.986954189444923, 52.510969828145214 ], [ 16.986996034342255, 52.510999321971092 ], [ 16.987084673323139, 52.511069366845902 ], [ 16.987129843001245, 52.511109980195144 ], [ 16.987179640833755, 52.511171898841916 ], [ 16.987196946970837, 52.511206101838937 ], [ 16.987211958566078, 52.511258254412937 ], [ 16.987215176004852, 52.511320100060452 ], [ 16.987210859863762, 52.511385505198398 ], [ 16.987192822778848, 52.51145760250521 ], [ 16.987171404637895, 52.511513362583067 ], [ 16.987163696183256, 52.511533648511133 ], [ 16.987129146865268, 52.511638024261337 ], [ 16.987114648299247, 52.51166817833807 ], [ 16.987076705425579, 52.51171133503027 ], [ 16.9870253565776, 52.511760739505078 ], [ 16.986868351100018, 52.511864020844087 ], [ 16.986801446700003, 52.511924763176182 ], [ 16.986730363475967, 52.512076906480793 ] ], [ [ 16.9870253565776, 52.511760739505078 ], [ 16.987009107241718, 52.511809841771139 ], [ 16.986918521458943, 52.511927474962199 ], [ 16.986758851140376, 52.512140621270227 ], [ 16.986731795822127, 52.512184232963307 ] ], [ [ 16.989412007058412, 52.454207390702933 ], [ 16.989448410907254, 52.454190380736321 ], [ 16.989476891118169, 52.454172786306501 ], [ 16.989604104970802, 52.454056223524589 ], [ 16.989778172858845, 52.453896834447498 ], [ 16.989863752177019, 52.453834519215732 ], [ 16.98992966563365, 52.453793456119968 ], [ 16.989982975237588, 52.453767289289431 ], [ 16.990100353343994, 52.453721164682008 ], [ 16.990292624649801, 52.453653377277995 ], [ 16.990618316139976, 52.453533081248203 ], [ 16.990659565435006, 52.453516333146901 ], [ 16.990696777445532, 52.453497717546462 ], [ 16.990720226312909, 52.453480666926993 ], [ 16.99076351170504, 52.453445065188063 ], [ 16.990770393551568, 52.453439425727865 ], [ 16.990852972246785, 52.453358890149588 ], [ 16.991041357974552, 52.453156479562772 ], [ 16.991124805847367, 52.45307946637535 ], [ 16.991157391790832, 52.453055735180747 ], [ 16.991238016564477, 52.453040735186391 ], [ 16.991316913420796, 52.453011944378289 ], [ 16.991409204812108, 52.452992915107203 ], [ 16.991471032034621, 52.452980114051485 ], [ 16.991538375170208, 52.452981977559183 ], [ 16.991558165055405, 52.452990318722051 ], [ 16.991576929413608, 52.452995314540409 ], [ 16.991603564171989, 52.452998825055133 ], [ 16.991655796811443, 52.453080391875808 ], [ 16.991665423692844, 52.453095306179982 ], [ 16.991788500167345, 52.453227995057183 ], [ 16.991832338144587, 52.453248167479906 ] ], [ [ 16.989285243156502, 52.460078294865923 ], [ 16.98925337426294, 52.459979534363455 ], [ 16.989241549369137, 52.459909446983744 ], [ 16.989256151804543, 52.459831354286493 ], [ 16.989279463856501, 52.459791545844865 ], [ 16.989341669235657, 52.459693125820031 ], [ 16.989399131209915, 52.459618010484242 ], [ 16.989506012751384, 52.459453611760473 ], [ 16.989617337215655, 52.45927570697247 ], [ 16.989769491912153, 52.459019255778578 ], [ 16.989777156022477, 52.459006164340956 ], [ 16.989806817133179, 52.458978875973585 ], [ 16.98984837133316, 52.458949091469904 ], [ 16.990002067654373, 52.458901155823902 ], [ 16.990146383262086, 52.458865202938426 ], [ 16.990265085552561, 52.458835560324637 ], [ 16.99032310417719, 52.458822515200886 ], [ 16.990427035883844, 52.458797118570878 ] ], [ [ 16.989285243156502, 52.460078294865923 ], [ 16.98974925973269, 52.459970696618932 ], [ 16.990026809515555, 52.45990624810284 ], [ 16.990267002705419, 52.459850518168579 ], [ 16.990670599821105, 52.459756820066481 ], [ 16.990701555141023, 52.459749610923772 ], [ 16.990913357925471, 52.459702931288845 ] ], [ [ 16.987719303429888, 52.496104712064849 ], [ 16.988038853966849, 52.496106640073293 ], [ 16.98812258630106, 52.496115709460121 ], [ 16.988268495226805, 52.496131502696471 ], [ 16.988402550199591, 52.496148713139476 ], [ 16.988718266933592, 52.496192667563449 ], [ 16.988778484258571, 52.496200347264384 ], [ 16.988825600630445, 52.496204476282038 ], [ 16.988895550247445, 52.496202337694882 ], [ 16.988962738972173, 52.49619934263746 ], [ 16.989071953795317, 52.496182850983558 ], [ 16.989490932090622, 52.496127642461978 ], [ 16.989804099740649, 52.496075671136083 ], [ 16.98996801499765, 52.496052103300912 ], [ 16.989989526490159, 52.496048961058563 ], [ 16.990307702437317, 52.496009935397161 ], [ 16.991054285165951, 52.495909199213315 ], [ 16.991191087171376, 52.495901718755228 ], [ 16.991241950580321, 52.495901233397049 ], [ 16.991314337368234, 52.495900573863587 ], [ 16.991376415562691, 52.495912691060852 ], [ 16.991427715007891, 52.495934968667079 ], [ 16.991480945401126, 52.495953681309118 ], [ 16.991412037910166, 52.495974997028902 ], [ 16.991329378284536, 52.496000576338801 ], [ 16.991159124140015, 52.496072697696526 ], [ 16.991051525650008, 52.496144263988334 ], [ 16.991024495110672, 52.49616179354976 ], [ 16.99096191734375, 52.496202644255753 ], [ 16.990920846615623, 52.496243680341678 ], [ 16.990875518831885, 52.496319901857582 ], [ 16.990790728758039, 52.496421266764415 ], [ 16.99070508431776, 52.496512273625683 ], [ 16.990639490115967, 52.496564315830348 ], [ 16.990534279636403, 52.496622250853136 ], [ 16.990482909712849, 52.496649980110888 ], [ 16.990343761514296, 52.496699153570638 ], [ 16.990182519713201, 52.496757755288463 ] ], [ [ 16.990082733141531, 52.446375508583301 ], [ 16.99014389823294, 52.446412615892612 ], [ 16.99019008556019, 52.446442452934896 ], [ 16.990312579230864, 52.446522786372093 ], [ 16.99109562327342, 52.446941471231732 ], [ 16.990777614077469, 52.446709768500376 ], [ 16.990483221514413, 52.446515523182882 ], [ 16.99034950888214, 52.446422946741819 ], [ 16.990291163238727, 52.446378871840245 ], [ 16.990196301346568, 52.446305933777793 ] ], [ [ 16.990095735077308, 52.446190175296508 ], [ 16.990156247958328, 52.446144613045853 ], [ 16.990641553786631, 52.445815032629945 ], [ 16.990873408239427, 52.445675602258461 ], [ 16.99103548009715, 52.445575190637058 ], [ 16.991350202075502, 52.445422866328848 ], [ 16.991062208738796, 52.445654165854577 ], [ 16.990842410967375, 52.44581008133072 ], [ 16.990269901635031, 52.446189538242798 ], [ 16.990235726770106, 52.446215940493111 ], [ 16.990193216371722, 52.446250835653743 ] ], [ [ 16.984833841031929, 52.562588591244676 ], [ 16.985266003095973, 52.562807133176896 ], [ 16.985566963651365, 52.562945100730374 ], [ 16.98574650538621, 52.563024067710209 ], [ 16.985975012543918, 52.56311025353093 ], [ 16.986194589291493, 52.563181986116042 ], [ 16.986441988605598, 52.563245647081224 ], [ 16.986623007634524, 52.563289200531479 ], [ 16.98670220681867, 52.563309795398801 ], [ 16.986813823563345, 52.563344432964371 ], [ 16.986903784588904, 52.563384638300342 ], [ 16.98697222911418, 52.563430593708816 ], [ 16.986989438676467, 52.563451213382059 ], [ 16.98700219783769, 52.563478772870539 ], [ 16.987009980500623, 52.563502200313266 ], [ 16.987014840302951, 52.563553999843279 ], [ 16.987018361888659, 52.563580232972853 ], [ 16.987024045531719, 52.563630157722592 ], [ 16.987039597012483, 52.563799783735405 ], [ 16.987027228105003, 52.564073088190717 ], [ 16.987049395747693, 52.56424327642231 ], [ 16.987051863797113, 52.564253841655088 ], [ 16.987063876935302, 52.564306040876708 ] ], [ [ 16.986935016950721, 52.517996842814469 ], [ 16.986929489358232, 52.51803389522378 ], [ 16.986926058104469, 52.518108939251803 ], [ 16.986920259867599, 52.518235750175677 ], [ 16.986921826113928, 52.518285335421901 ], [ 16.986944921235658, 52.518363888860449 ], [ 16.986990215192247, 52.51845676116637 ], [ 16.987050627220054, 52.518525336235399 ], [ 16.987112444644374, 52.518585750369567 ], [ 16.987194655091315, 52.518645162271255 ], [ 16.987291141297359, 52.518698700851417 ], [ 16.987471896547216, 52.518769862582133 ], [ 16.987496589022651, 52.518778017709302 ], [ 16.987801890050495, 52.518879179754244 ], [ 16.987984084800388, 52.518941460816642 ], [ 16.988085346749443, 52.518980868961478 ], [ 16.988166866271161, 52.519023179254297 ], [ 16.98821220201258, 52.519053901174317 ], [ 16.988305036415088, 52.519129322898571 ], [ 16.988357243020232, 52.519190382428029 ], [ 16.988394066875401, 52.519246053636685 ], [ 16.988400387727552, 52.519259382724648 ], [ 16.988426853419369, 52.519315867178157 ], [ 16.988474409181901, 52.519417411854647 ], [ 16.988495690101892, 52.519445386161166 ], [ 16.988535624545666, 52.519474936803242 ], [ 16.988583299234399, 52.519496434213877 ], [ 16.988633487776507, 52.5195113185626 ], [ 16.988680656313388, 52.519524532575744 ], [ 16.988769453332971, 52.519543131272428 ], [ 16.988826513643566, 52.519556063666265 ], [ 16.989072712724429, 52.519582644335237 ], [ 16.989478784359463, 52.51963091934428 ], [ 16.98964904382736, 52.519651171503526 ], [ 16.989853500749081, 52.51967164467316 ], [ 16.990141784992151, 52.519696869449419 ], [ 16.990252368661437, 52.519706573008172 ], [ 16.990384556432179, 52.519721050631048 ], [ 16.990785675268711, 52.519764829801666 ], [ 16.990931949841155, 52.519780805237268 ], [ 16.991107993160721, 52.519803581961796 ], [ 16.991410098445357, 52.519842619690706 ], [ 16.991404041424307, 52.519936597154157 ], [ 16.991384357940394, 52.520241978960094 ] ], [ [ 16.989081050557338, 52.475615106645982 ], [ 16.989163068283066, 52.47543805323977 ], [ 16.989247464848919, 52.475260500561582 ], [ 16.989320541637799, 52.475105061366115 ], [ 16.989334100600367, 52.4750499766103 ], [ 16.989422400561654, 52.474790011934019 ], [ 16.989478457204385, 52.474623400106381 ], [ 16.989537040717238, 52.474449815610924 ] ], [ [ 16.988748615473092, 52.48501493404514 ], [ 16.988804710279268, 52.485264401612241 ], [ 16.988869576711618, 52.485486315720237 ], [ 16.989169304423097, 52.486137475440927 ], [ 16.989322605867578, 52.486487892814893 ], [ 16.98948629184887, 52.486810963800721 ], [ 16.989534110378855, 52.486922227123955 ], [ 16.989568079582529, 52.487056100635549 ], [ 16.989563579448337, 52.487183833693642 ], [ 16.989537603411677, 52.487326941793008 ], [ 16.989470537444909, 52.487524576653868 ], [ 16.98943398332916, 52.487757448292783 ], [ 16.989434823322593, 52.487852083005798 ], [ 16.989454382877522, 52.487933634364836 ], [ 16.989504786071059, 52.488017328993422 ], [ 16.989517997682288, 52.488034552865365 ], [ 16.989590148485082, 52.488129230440187 ], [ 16.989699270078304, 52.488259704209014 ], [ 16.989750730302934, 52.488333163144958 ], [ 16.989802186597384, 52.48840671193306 ], [ 16.989876026886538, 52.488548368468827 ], [ 16.989901020549297, 52.488610944098042 ], [ 16.989926466941927, 52.488686209428593 ], [ 16.989937136997817, 52.488765630860868 ], [ 16.989935460583137, 52.488802389204452 ], [ 16.989919274605299, 52.488872989496016 ], [ 16.98989258925069, 52.488954114609299 ], [ 16.989846602147537, 52.489057847235614 ], [ 16.989793705636021, 52.489177382387908 ], [ 16.989780063173054, 52.489208360868425 ], [ 16.989739818868909, 52.489299239213132 ], [ 16.989707003921481, 52.489366138997667 ], [ 16.989693038527932, 52.489394503622208 ], [ 16.989620257764436, 52.489542932322465 ], [ 16.989605470010847, 52.489573171769365 ], [ 16.989513208775847, 52.489761024250477 ], [ 16.989428731373533, 52.489933268888414 ], [ 16.989341793566986, 52.490120672066837 ], [ 16.989307479687302, 52.490194561841058 ], [ 16.989188653135489, 52.490444652979605 ] ], [ [ 16.988748615473092, 52.48501493404514 ], [ 16.988728016797975, 52.484730182640519 ], [ 16.98874262412383, 52.484468155997661 ], [ 16.988754288758454, 52.484354575914487 ], [ 16.98877649695973, 52.484294061863118 ], [ 16.988840707867372, 52.484217082855125 ], [ 16.98897349480217, 52.484109519827577 ], [ 16.989076776290986, 52.484044807724246 ], [ 16.989468821971727, 52.483799091590413 ], [ 16.989873777054903, 52.483593258637548 ], [ 16.990693090376215, 52.483065541477998 ], [ 16.990719973597397, 52.483051067586743 ], [ 16.991060375622158, 52.482868148828317 ], [ 16.991808524726121, 52.482466125414653 ], [ 16.991859423157649, 52.482438657467789 ], [ 16.993006406858882, 52.481789487584493 ], [ 16.994229890128722, 52.48116130176173 ], [ 16.994427783682735, 52.481050159810664 ], [ 16.995453676316338, 52.480473835898636 ], [ 16.995605396583127, 52.480383405869091 ], [ 16.995674141939414, 52.480342387488939 ], [ 16.995836168068269, 52.480216424298725 ], [ 16.995949593645108, 52.480109604794762 ], [ 16.996053347481624, 52.479978966193428 ], [ 16.996132624259033, 52.479835860363295 ], [ 16.996282256521852, 52.479593569660054 ], [ 16.996412653491394, 52.479434150539817 ], [ 16.996552257047259, 52.479266612446992 ], [ 16.996750888617512, 52.479087032256416 ], [ 16.996784139661926, 52.479036057908459 ] ], [ [ 16.988358884179792, 52.517698332122414 ], [ 16.987385712977762, 52.517579777105126 ], [ 16.987259455445088, 52.517900054800471 ] ], [ [ 16.987385712977762, 52.517579777105126 ], [ 16.987582184109236, 52.516944275944233 ] ], [ [ 16.990467179096093, 52.451654777828715 ], [ 16.99058539844609, 52.451146108168139 ], [ 16.99057848793645, 52.451081905530856 ], [ 16.990537912998455, 52.451037157376881 ], [ 16.990458034168277, 52.450991741199118 ], [ 16.990419914712763, 52.450965058697655 ], [ 16.990396081139533, 52.450912584386266 ], [ 16.99040809392098, 52.450864724666047 ], [ 16.990431481593607, 52.450783013016505 ], [ 16.990700756528966, 52.449764228894175 ] ], [ [ 16.990360733137731, 52.458532996181425 ], [ 16.990392715088497, 52.458503228689061 ], [ 16.990423752366773, 52.458481270240213 ], [ 16.990476531897198, 52.45845716286572 ], [ 16.990775110634008, 52.458386594082519 ], [ 16.991104695867733, 52.458307646909212 ], [ 16.991255024477585, 52.458272154619415 ], [ 16.991286686858501, 52.458320542577901 ], [ 16.99140891258174, 52.458481909255497 ], [ 16.991513132327182, 52.458644229160562 ], [ 16.991614324642914, 52.458801910412639 ], [ 16.991711582148216, 52.458955477271459 ], [ 16.991740369889968, 52.458966759455059 ], [ 16.991803132676367, 52.458965936585606 ], [ 16.992215571087737, 52.458862129845009 ], [ 16.992659015054148, 52.458749943611984 ], [ 16.992555449081447, 52.458576392884389 ], [ 16.992458226390788, 52.458415541874871 ], [ 16.99241290508202, 52.458340478876757 ], [ 16.99240976243297, 52.458335118839237 ], [ 16.992385174125793, 52.458250963749606 ], [ 16.992322903106455, 52.458098621089967 ], [ 16.992303438909556, 52.458050710364191 ], [ 16.992293353325234, 52.458026434194778 ], [ 16.992372058049213, 52.458005284601924 ], [ 16.992560273760652, 52.457962249057985 ], [ 16.992702127793446, 52.45794145178246 ], [ 16.992880730300332, 52.457925235656333 ], [ 16.993025436563528, 52.457912941120306 ], [ 16.993226553043115, 52.457906730586792 ], [ 16.99353975452269, 52.457915913290783 ], [ 16.993539533894253, 52.45785924500219 ], [ 16.993555910011438, 52.457369599415713 ], [ 16.993566314936299, 52.457059829880436 ], [ 16.99356622502777, 52.457055331168164 ], [ 16.993555182676751, 52.456543723707092 ], [ 16.993541668007769, 52.456083252242415 ] ], [ [ 16.99109562327342, 52.446941471231732 ], [ 16.991302902975935, 52.447057512844196 ], [ 16.991681665795454, 52.447283770154336 ], [ 16.991854611082911, 52.44740390463091 ], [ 16.991926070725583, 52.447460703666458 ], [ 16.992020279982341, 52.44753839623246 ], [ 16.992091090007435, 52.447609485208318 ], [ 16.992161336085335, 52.447692976817507 ], [ 16.992234221502073, 52.447792882987827 ], [ 16.992284128494259, 52.447880166543463 ], [ 16.992317308118277, 52.447963028612605 ], [ 16.992340207595969, 52.448051832290069 ], [ 16.992367212513013, 52.448186307215181 ], [ 16.992371888421182, 52.448300345494722 ], [ 16.992362366246269, 52.4483899477829 ], [ 16.9923334132538, 52.44839215446013 ], [ 16.992312480913327, 52.448396026374041 ], [ 16.992287650472242, 52.448404689059146 ], [ 16.992266918126813, 52.448417109028547 ], [ 16.992253961298552, 52.448430110752952 ], [ 16.992246120040686, 52.448443918896743 ], [ 16.992242940891398, 52.448455557612874 ], [ 16.992245526859595, 52.448473140580376 ], [ 16.992252848532925, 52.448486936380377 ], [ 16.992264930364396, 52.448499643743247 ], [ 16.992282368909628, 52.448511092909939 ], [ 16.992302594150967, 52.448519531303347 ], [ 16.992325160715698, 52.448525041303164 ], [ 16.992339228604664, 52.448526449455954 ], [ 16.992344666998225, 52.448526631747086 ], [ 16.992366575842929, 52.448527183657923 ], [ 16.99239190471263, 52.448523746163545 ], [ 16.992412784033259, 52.448517804626114 ], [ 16.992429471200971, 52.448510172913338 ], [ 16.992447559941432, 52.448497618084076 ], [ 16.992460320650984, 52.448482454356103 ], [ 16.992468141474305, 52.448465857591849 ], [ 16.992466723865999, 52.448454950313987 ], [ 16.992463994676964, 52.448443750934381 ], [ 16.992453579951313, 52.448426754593513 ], [ 16.992436999495176, 52.448412621706289 ], [ 16.99241078438012, 52.448399944209584 ], [ 16.992387948207622, 52.448393889984459 ], [ 16.992362366246269, 52.4483899477829 ] ], [ [ 16.988354618669504, 52.509217699214531 ], [ 16.988412608233265, 52.509258230646971 ], [ 16.988436469125805, 52.509310705162754 ], [ 16.988450308283454, 52.509367014556936 ], [ 16.988450023415613, 52.509445112888393 ], [ 16.988446550265429, 52.509521154360613 ], [ 16.98839593022381, 52.509910809478733 ], [ 16.988323733077202, 52.510197962737621 ], [ 16.988004856241112, 52.511430174653889 ], [ 16.987754270338602, 52.512244994428954 ], [ 16.987742053267844, 52.512296855392705 ], [ 16.987750246997997, 52.512333042369832 ], [ 16.987810101266891, 52.512367183021695 ], [ 16.991045851297045, 52.512612125666557 ] ], [ [ 16.991403420248052, 52.4425345369092 ], [ 16.991511394504247, 52.442538373954655 ], [ 16.991599720541526, 52.442541877121904 ], [ 16.991711151605585, 52.442541767379318 ], [ 16.99180611811034, 52.442543380528505 ], [ 16.991914183454274, 52.442545216088327 ], [ 16.992165789909677, 52.442561505389634 ], [ 16.992273855321766, 52.442563340621263 ], [ 16.992371732613339, 52.442573013403802 ], [ 16.992468790983878, 52.442600696177266 ], [ 16.992564484597075, 52.442658395659571 ], [ 16.992653538028744, 52.442717984983425 ], [ 16.993112635394237, 52.443072239920014 ], [ 16.993816440982307, 52.443594864105933 ] ], [ [ 16.991317133030158, 52.445881108421013 ], [ 16.991444923310507, 52.445838577347139 ], [ 16.991545167447732, 52.445799715611471 ], [ 16.991624418930982, 52.445766073711198 ], [ 16.99169842339418, 52.445757167149459 ], [ 16.991725805815168, 52.445753854633644 ], [ 16.991784974578827, 52.445760436197951 ], [ 16.991864289591035, 52.445777163806213 ], [ 16.991922824703497, 52.445797675844105 ], [ 16.992021358189618, 52.445841712934026 ], [ 16.992218989876193, 52.445917384194097 ], [ 16.992438043495127, 52.446001064100102 ], [ 16.99257792123953, 52.446052008873011 ], [ 16.992696970390259, 52.446094864677065 ], [ 16.993183481747792, 52.446259626021643 ], [ 16.993537903989587, 52.446370515961497 ], [ 16.993786183648929, 52.446446054704424 ], [ 16.994105397378338, 52.446534938830133 ], [ 16.994171068343331, 52.446557189794078 ], [ 16.994192003870747, 52.446559703625518 ], [ 16.994216665531436, 52.446557963361862 ], [ 16.994238634549191, 52.446550690837043 ], [ 16.994286016760984, 52.446531617066931 ], [ 16.994326228317373, 52.446508374160402 ] ], [ [ 16.989307479687302, 52.490194561841058 ], [ 16.989493072928688, 52.490250873227168 ], [ 16.989583976994744, 52.490289834814128 ] ], [ [ 16.991350202075502, 52.445422866328848 ], [ 16.991911112632305, 52.445071449660325 ], [ 16.992017831131218, 52.445003465727083 ] ], [ [ 16.988124590670921, 52.518160806579466 ], [ 16.988260141009771, 52.517840974277426 ], [ 16.988421823035498, 52.517607411533739 ], [ 16.988578201022939, 52.517489911695591 ], [ 16.98874359625556, 52.517390588735488 ], [ 16.988943976733268, 52.517315891959917 ], [ 16.98909979396576, 52.517282492916856 ], [ 16.989306907012665, 52.517275999825074 ], [ 16.989584997783783, 52.517296746867238 ], [ 16.990042224202593, 52.51734857372891 ], [ 16.991463114344199, 52.517504879121844 ] ], [ [ 16.987244534264907, 52.543476617679914 ], [ 16.987426475124977, 52.543527291743835 ], [ 16.98756896970286, 52.543553283082453 ], [ 16.987574389267081, 52.543554271619456 ], [ 16.987710310439759, 52.543578978693589 ], [ 16.988370608274742, 52.543698945554759 ], [ 16.988532769116151, 52.543727335654957 ], [ 16.98858973831544, 52.543736488757787 ], [ 16.988839882261136, 52.543776537373397 ], [ 16.989272231210844, 52.5438260674185 ], [ 16.989893608154635, 52.543884293357912 ], [ 16.990036795997568, 52.543908221746356 ], [ 16.990123735966623, 52.543945945245717 ], [ 16.990353317549161, 52.544090604434111 ], [ 16.990372348643415, 52.544103519585612 ], [ 16.990785626373089, 52.544386570958146 ], [ 16.990864372452528, 52.544438995308788 ], [ 16.990900884217538, 52.544456794225283 ], [ 16.990937400117222, 52.544474503257874 ], [ 16.990971963439677, 52.544486512746928 ], [ 16.991057784222992, 52.544516481479569 ], [ 16.991217825864375, 52.544571994548768 ], [ 16.991803202828148, 52.544355903981383 ], [ 16.99258064721867, 52.544068866165297 ], [ 16.992883888698458, 52.543954116285668 ], [ 16.993089702830506, 52.54387620883071 ], [ 16.9945370472857, 52.543346429476891 ], [ 16.994566720623865, 52.543391274023776 ], [ 16.994586677164914, 52.543435684070602 ], [ 16.994601330462643, 52.543499341893288 ], [ 16.994609599271648, 52.543589784345052 ], [ 16.994626288486621, 52.54377058186887 ], [ 16.994680696054971, 52.544360177826661 ], [ 16.994732885342263, 52.544953153925164 ], [ 16.994743868619995, 52.545077910445997 ], [ 16.994759424605228, 52.545254461401761 ], [ 16.994775679544386, 52.545483640572513 ], [ 16.994803682882981, 52.545879052698005 ], [ 16.99480663001394, 52.545927671596495 ], [ 16.994816462070911, 52.546087396222987 ], [ 16.994830195118585, 52.546310416531526 ], [ 16.994870235983402, 52.546817201488004 ], [ 16.994876479791223, 52.546864706981388 ], [ 16.994941592902702, 52.547672684383002 ], [ 16.994954653193876, 52.547810157906603 ], [ 16.994976993544459, 52.548109775078188 ], [ 16.994990690662018, 52.548343317952884 ], [ 16.994992299426425, 52.548547514650302 ], [ 16.994979558272671, 52.548584265148115 ], [ 16.994958659581066, 52.548612242958079 ], [ 16.99492670779906, 52.548639943553553 ], [ 16.994884432190844, 52.54865460744896 ], [ 16.994829653869697, 52.548665191963678 ], [ 16.994752134682642, 52.54867296268376 ], [ 16.994114438297466, 52.548686260332929 ], [ 16.993775060481152, 52.548693369327061 ], [ 16.993754977353749, 52.548693748408077 ], [ 16.993600713448568, 52.548692302389775 ], [ 16.993360179082309, 52.548689933062306 ], [ 16.993129964771665, 52.548687738252021 ], [ 16.992899040453743, 52.548707566867328 ], [ 16.99272603137252, 52.548722441157409 ], [ 16.992444197020149, 52.548761822328977 ], [ 16.992299475357211, 52.548803439067548 ] ], [ [ 16.991550138970076, 52.451759481042799 ], [ 16.991706049112377, 52.451775530985024 ], [ 16.99181953625413, 52.451782405474425 ], [ 16.991992629765825, 52.451783186605375 ], [ 16.993017007689851, 52.451792214451089 ], [ 16.993474234758612, 52.451796197071701 ], [ 16.993615802981648, 52.451797430202078 ], [ 16.993618041869514, 52.451712561244314 ], [ 16.993626772589241, 52.451381266474016 ], [ 16.99363519671698, 52.451063188225362 ], [ 16.99363228909602, 52.450891443785274 ], [ 16.993644662250553, 52.450835579230024 ], [ 16.99368041746548, 52.450770098136999 ], [ 16.993739463647522, 52.450697001601284 ], [ 16.993791413234526, 52.450635800590156 ], [ 16.993856645822625, 52.450570819613432 ], [ 16.993913182996668, 52.450496801447457 ], [ 16.994007308929447, 52.450501280079557 ], [ 16.994486048691979, 52.450497385537567 ], [ 16.994850061904227, 52.450493546117919 ], [ 16.994912474484536, 52.450490599238549 ], [ 16.994954871603206, 52.450495323546413 ], [ 16.994983803883748, 52.450507830148133 ], [ 16.994999362237181, 52.450526117934167 ], [ 16.995011099853542, 52.450556356893401 ], [ 16.995012738833424, 52.45059243258531 ], [ 16.994998379194662, 52.451069871436793 ], [ 16.99513314361311, 52.451072407897286 ], [ 16.995257044890096, 52.451070371360061 ], [ 16.99536957011027, 52.451065983166401 ], [ 16.995501790607811, 52.451059050569384 ], [ 16.995676208498669, 52.451040330976028 ], [ 16.995787813387327, 52.451020546396713 ], [ 16.995947581029526, 52.450984039029422 ], [ 16.996094750844186, 52.450949386641561 ], [ 16.996283299186054, 52.450885304150347 ], [ 16.996381311581892, 52.450847120020782 ], [ 16.996573403979873, 52.450756833547196 ], [ 16.996664014919148, 52.450706561250364 ], [ 16.996752655481597, 52.450647800786413 ], [ 16.99683070909305, 52.45059524689831 ], [ 16.996962605004089, 52.45048514167172 ], [ 16.997077874834062, 52.450533775240601 ], [ 16.997361733312729, 52.450653171878159 ], [ 16.998066388685039, 52.45094986699862 ], [ 16.998169161993786, 52.451004673900236 ], [ 16.998295671066305, 52.451048999361376 ], [ 16.998328724773337, 52.451053786305977 ], [ 16.998369754662288, 52.451057988721871 ], [ 16.998432447258779, 52.451042230559665 ], [ 16.998472395167941, 52.451018352175225 ], [ 16.99855576531354, 52.450945919649008 ], [ 16.99887300449565, 52.450653935320275 ], [ 16.998931743352717, 52.450592238671213 ], [ 16.99897689941098, 52.450528153467367 ], [ 16.998990254234482, 52.450506343268152 ], [ 16.99900773112855, 52.4504780369356 ], [ 16.999041739047861, 52.450406567537485 ], [ 16.999061813030895, 52.450333962882787 ], [ 16.999077869158214, 52.450252565685538 ], [ 16.999089936800512, 52.450168222787653 ], [ 16.999100472354534, 52.449896860904857 ], [ 16.999109931541764, 52.449707689386386 ], [ 16.999111267933205, 52.449678210451225 ], [ 16.999109923955501, 52.449649405705721 ], [ 16.999100373669037, 52.449577558912054 ], [ 16.999025888180572, 52.449570991671294 ], [ 16.998769723104601, 52.449551905312511 ], [ 16.998747131125345, 52.449550173761175 ], [ 16.998309005014413, 52.449518292419476 ], [ 16.998177751841524, 52.449507255748017 ], [ 16.998131999973193, 52.449503333079626 ], [ 16.998037080056836, 52.449492911420393 ], [ 16.997960662907364, 52.449493236469138 ], [ 16.997859750060293, 52.449494855598608 ], [ 16.997758612645654, 52.449498179770721 ], [ 16.997431332088144, 52.449534550750364 ], [ 16.997269469025692, 52.449552496174086 ], [ 16.997248037099308, 52.449499246198592 ], [ 16.997234546121032, 52.449465648531749 ], [ 16.997172542119312, 52.449342994229937 ], [ 16.997131733544183, 52.44927880262901 ], [ 16.997092642129672, 52.449225433356368 ], [ 16.997033621802494, 52.449153827645574 ], [ 16.996923830404004, 52.44904943171742 ], [ 16.996842222801575, 52.448972766157965 ], [ 16.996804743927225, 52.448945507804581 ], [ 16.996772254370612, 52.448921841781306 ], [ 16.996664367086751, 52.44885660341442 ], [ 16.996543421505766, 52.448793662100428 ], [ 16.996416584531261, 52.448734038688279 ], [ 16.996216235885974, 52.448652931942405 ], [ 16.996083598792577, 52.448610838853199 ], [ 16.995908790893679, 52.44857027940332 ], [ 16.995745461120951, 52.448536300278846 ], [ 16.995578569184737, 52.448512694019641 ], [ 16.99549705803949, 52.448502047901734 ], [ 16.995382724658135, 52.448494532931505 ], [ 16.995250213005939, 52.448488598441266 ], [ 16.995096499546467, 52.448485991975467 ], [ 16.994512029263049, 52.448483994546422 ], [ 16.993576261751826, 52.448483318625357 ], [ 16.99281544246638, 52.448474722245052 ], [ 16.992600946788158, 52.448471800190731 ], [ 16.992468141474305, 52.448465857591849 ] ], [ [ 16.991550138970076, 52.451759481042799 ], [ 16.991613482597455, 52.451493333903137 ], [ 16.991712621533718, 52.451094048244165 ], [ 16.991786375807301, 52.450796417596891 ], [ 16.991861967958947, 52.450493961144851 ], [ 16.991896369773219, 52.450352614044867 ], [ 16.991933607245546, 52.450207177676731 ], [ 16.992834843473126, 52.450407283488516 ], [ 16.993026902792113, 52.450436578360723 ], [ 16.993223602489479, 52.450435911754923 ], [ 16.993456421420639, 52.450433855140723 ], [ 16.993659034934382, 52.450447306803241 ], [ 16.993746831211283, 52.450462815229848 ], [ 16.993830988410149, 52.450486272489783 ], [ 16.993876478782504, 52.450495054993539 ], [ 16.993913182996668, 52.450496801447457 ] ], [ [ 16.991498037631473, 52.452914014375274 ], [ 16.991496426899495, 52.452929997013179 ], [ 16.991500565678191, 52.452945807486813 ], [ 16.991507634650223, 52.452955461612035 ], [ 16.991510613353455, 52.452961178671593 ], [ 16.991521208851655, 52.452970982644594 ], [ 16.991537369949729, 52.45298142082089 ], [ 16.991538375170208, 52.452981977559183 ] ], [ [ 16.99152706867018, 52.452877810446161 ], [ 16.991511756544114, 52.452890772082092 ], [ 16.991501368385304, 52.452905526292284 ], [ 16.991498037631473, 52.452914014375274 ], [ 16.991452939260473, 52.452944188951442 ], [ 16.991395770326662, 52.452961386435433 ], [ 16.991389350565967, 52.452963346084729 ], [ 16.99127224628316, 52.452993826381679 ], [ 16.991207815366693, 52.45301854562657 ], [ 16.991157391790832, 52.453055735180747 ] ], [ [ 16.991255024477585, 52.458272154619415 ], [ 16.991780982931182, 52.458142395315342 ], [ 16.992293353325234, 52.458026434194778 ] ], [ [ 16.990544726846103, 52.474005981519156 ], [ 16.990593563255306, 52.473933057616122 ], [ 16.990652679986741, 52.473773512840587 ], [ 16.99067975966441, 52.473680251766169 ], [ 16.99080648851692, 52.473336302121723 ], [ 16.990872271589481, 52.473175881112724 ], [ 16.990958338860306, 52.472971102717494 ], [ 16.990992856678627, 52.472895596867261 ], [ 16.991128770042035, 52.472627985091592 ], [ 16.991192048048951, 52.472545142640648 ], [ 16.991251587155897, 52.4724958755383 ], [ 16.991420662303504, 52.472412041741336 ], [ 16.991482718381338, 52.47237864734025 ] ], [ [ 16.991632207343699, 52.452854681933715 ], [ 16.991595834745773, 52.45285487360001 ], [ 16.991587514869821, 52.452856531152662 ], [ 16.991568374272212, 52.452859803775695 ], [ 16.991543381774921, 52.452868733395761 ], [ 16.99152706867018, 52.452877810446161 ], [ 16.991496010251449, 52.452741827467129 ], [ 16.991461176154161, 52.452607938988585 ], [ 16.991466427439441, 52.452508730213992 ] ], [ [ 16.99048620535628, 52.476350354686033 ], [ 16.990643753277254, 52.476393776026867 ], [ 16.990888299680826, 52.476461071090931 ], [ 16.990958706971348, 52.476480525712944 ], [ 16.991176658895903, 52.476539903076272 ], [ 16.991322155395178, 52.476579521056195 ], [ 16.99149218318507, 52.47662387276808 ], [ 16.991641858822515, 52.476662302116672 ], [ 16.991710140126674, 52.47669287317575 ], [ 16.991882277044997, 52.476765322505557 ], [ 16.991942381777204, 52.476791077527906 ], [ 16.992234173663583, 52.476911069358991 ], [ 16.992671314812945, 52.477083716058047 ], [ 16.992880374628943, 52.47716704416014 ], [ 16.993034313125861, 52.47722838970931 ], [ 16.993308051742623, 52.477334131235985 ], [ 16.993595901342946, 52.477456751056764 ], [ 16.993690552750536, 52.477497032501944 ] ], [ [ 16.989935460583137, 52.488802389204452 ], [ 16.990011464314183, 52.488832012985156 ], [ 16.990138828162504, 52.48884362137521 ], [ 16.990376277959328, 52.48885799955994 ], [ 16.990437323025571, 52.488876395814771 ], [ 16.990499438280178, 52.488910100589145 ], [ 16.990659679463949, 52.489018236537696 ], [ 16.990896572288616, 52.489209702643485 ] ], [ [ 16.991603564171989, 52.452998825055133 ], [ 16.991627857595965, 52.452998787985308 ], [ 16.991648166941275, 52.452995715092044 ], [ 16.991657201935926, 52.452994519400853 ], [ 16.99167420957215, 52.45298959154497 ], [ 16.991692377845219, 52.452981805198505 ] ], [ [ 16.991701584506107, 52.452876547426513 ], [ 16.991833320144291, 52.452880403916296 ], [ 16.991868479089561, 52.452881001058479 ], [ 16.991946005303781, 52.45288231773258 ], [ 16.992131300107172, 52.452909479495894 ], [ 16.992352150821318, 52.452925282179343 ], [ 16.993056082442106, 52.45297572866189 ], [ 16.993583619573844, 52.453016971644132 ], [ 16.993585764668534, 52.452934169817091 ], [ 16.993598986386509, 52.452432867602795 ], [ 16.993605960704556, 52.452169360686391 ], [ 16.993615802981648, 52.451797430202078 ], [ 16.99375523818064, 52.451797007980964 ], [ 16.994098160595243, 52.451795900562686 ], [ 16.994268075159685, 52.451795365215425 ], [ 16.994971437796906, 52.451793173641988 ], [ 16.995520324241866, 52.451801670798389 ], [ 16.995994326173832, 52.451809076084565 ], [ 16.996114560426925, 52.451813272545088 ], [ 16.996154103411751, 52.451817810301108 ], [ 16.996206971789736, 52.451823923031469 ], [ 16.996262971035659, 52.451842141261061 ], [ 16.996466157213973, 52.451916190313675 ], [ 16.996571829959606, 52.451942805385833 ], [ 16.996914069660786, 52.452076773738234 ], [ 16.997032619055116, 52.452004578470472 ], [ 16.997588185566475, 52.451534948261958 ], [ 16.998169161993786, 52.451004673900236 ] ], [ [ 16.991733578405267, 52.452933755452413 ], [ 16.991833719386165, 52.452913689907909 ], [ 16.99186766070904, 52.452911927830669 ], [ 16.991946756320832, 52.452907874529735 ], [ 16.992131300107172, 52.452909479495894 ] ], [ [ 16.991933607245546, 52.450207177676731 ], [ 16.992026856157022, 52.449807791682048 ], [ 16.992034636992202, 52.449775903813062 ], [ 16.992097099850874, 52.449519275465796 ], [ 16.992219599577343, 52.449033410337911 ], [ 16.992318437266647, 52.448614601166348 ], [ 16.992339228604664, 52.448526449455954 ] ], [ [ 16.988826513643566, 52.519556063666265 ], [ 16.988878817552362, 52.51966020728446 ], [ 16.988909648329315, 52.519734124811166 ], [ 16.988942336579402, 52.519812571049329 ], [ 16.988956295624515, 52.519845907331167 ], [ 16.98902231069474, 52.520004969250792 ], [ 16.989025497722647, 52.520012668572335 ], [ 16.989092953312614, 52.520175712419594 ], [ 16.989099061487554, 52.520190476938325 ], [ 16.989139802212655, 52.520286329021594 ], [ 16.989172016864963, 52.520362248732255 ], [ 16.989194373377405, 52.520402203595054 ], [ 16.989219521508186, 52.520439147838026 ], [ 16.989251251779095, 52.520467569417747 ], [ 16.989293144036921, 52.520496253633524 ], [ 16.989354743056278, 52.520519606333728 ], [ 16.989454684702618, 52.520552514933485 ], [ 16.989768396476993, 52.520621615114486 ], [ 16.989807958900084, 52.520630292227025 ], [ 16.989976677722119, 52.520664998518811 ], [ 16.990095877043128, 52.52068950927444 ], [ 16.990305431258875, 52.520737320923324 ], [ 16.990399165181987, 52.520773810929029 ], [ 16.990461841307511, 52.520799429912913 ], [ 16.99051425701721, 52.520826943282728 ], [ 16.990554472671601, 52.520853619821516 ], [ 16.990588286623669, 52.520888102597624 ], [ 16.990612928900134, 52.52092323908176 ], [ 16.990720177574929, 52.521077153973536 ], [ 16.990758098835492, 52.521131493891659 ], [ 16.990763909585564, 52.521139867319732 ], [ 16.990811786993824, 52.521208677220123 ], [ 16.990953948962762, 52.521392416216258 ], [ 16.990973305019416, 52.521417389249606 ], [ 16.991079387171201, 52.521554914370782 ], [ 16.991163466000561, 52.521664093558627 ], [ 16.991198687899917, 52.521709752973059 ], [ 16.991270384144844, 52.521802712004039 ], [ 16.991292097680898, 52.521830962950474 ], [ 16.991299336899335, 52.521840349973999 ], [ 16.991410560958062, 52.521984797732351 ], [ 16.991506758762394, 52.522109562631108 ], [ 16.991574973712041, 52.522198055163315 ], [ 16.991694826772655, 52.522347326143134 ], [ 16.991745199926434, 52.52240997193843 ], [ 16.991826540429226, 52.522511369050605 ], [ 16.991872588266286, 52.522568634743628 ], [ 16.991954215832006, 52.522670216519458 ], [ 16.992083283576477, 52.522830886326979 ], [ 16.992215699911377, 52.52299575017981 ], [ 16.992342027625124, 52.523151876043087 ], [ 16.992468499468799, 52.523308094149932 ], [ 16.992581978227349, 52.523448531550358 ], [ 16.992606271820414, 52.523478444983077 ], [ 16.992717230191385, 52.523619199253645 ], [ 16.992841849177758, 52.523799939894403 ], [ 16.992946280260835, 52.523951286399772 ], [ 16.993133765307178, 52.524205407156131 ], [ 16.993144533101059, 52.524221509678711 ], [ 16.993168859786515, 52.524260417831634 ], [ 16.99322600631853, 52.524336309488341 ], [ 16.99354025390986, 52.524714631920268 ], [ 16.993662158873526, 52.52485799932623 ], [ 16.994069569118803, 52.525334318697148 ], [ 16.99421132396748, 52.52551139080667 ], [ 16.994479554222689, 52.525822282834085 ], [ 16.994761175946319, 52.526198609688635 ], [ 16.994898892487974, 52.526354385975608 ], [ 16.994972539856146, 52.526459877701484 ], [ 16.995056621057195, 52.526572651659968 ], [ 16.995200782423375, 52.526742387966436 ], [ 16.995521964926414, 52.52709869634203 ], [ 16.995666878820117, 52.527264937023446 ], [ 16.995772452891597, 52.527368900358937 ], [ 16.995902869444595, 52.527461681760165 ], [ 16.996026638718199, 52.527528806687869 ], [ 16.996239249611698, 52.52762369932794 ], [ 16.996536344102623, 52.527761125953653 ], [ 16.996824401640023, 52.527873574627385 ], [ 16.996879318147208, 52.52789177335444 ], [ 16.99698682626682, 52.527927411831946 ], [ 16.997075185618616, 52.527952832364321 ], [ 16.997110523686526, 52.527963773970015 ], [ 16.997188510863815, 52.527993515977229 ], [ 16.997256887031327, 52.52802381479566 ], [ 16.997279237072544, 52.528034986223972 ], [ 16.997299609965804, 52.528044235385686 ], [ 16.997315189643242, 52.528055112326733 ], [ 16.997341657895262, 52.528073009208541 ], [ 16.997361396672616, 52.528089712872742 ], [ 16.997374402016575, 52.528108551136533 ], [ 16.997383768346811, 52.528126338437836 ], [ 16.997404933258899, 52.52817976286299 ], [ 16.997425386671104, 52.528248825275149 ], [ 16.997447163864255, 52.528444369550854 ], [ 16.997453212238309, 52.528499426917953 ], [ 16.997460382396138, 52.528649752606505 ], [ 16.99747257138997, 52.528715707022862 ], [ 16.997575642930823, 52.528972079213332 ], [ 16.997676668645337, 52.529305857343708 ], [ 16.997722013659622, 52.529424269742236 ], [ 16.997755477431511, 52.529499128686481 ], [ 16.99784342167073, 52.529656937240389 ], [ 16.997960940688323, 52.529790332005035 ], [ 16.997960936599821, 52.529790421878552 ], [ 16.998000793199715, 52.529831750344435 ], [ 16.998040510684259, 52.529872896556988 ], [ 16.99819317520738, 52.530031260180088 ], [ 16.998589200935935, 52.530419496340073 ], [ 16.998752168991167, 52.530581631188305 ], [ 16.998815356037454, 52.530674261506384 ], [ 16.99885261208518, 52.530733893990529 ], [ 16.998868727796008, 52.530778418336446 ], [ 16.998884843538299, 52.530822942680167 ], [ 16.998904200323221, 52.530906467007412 ], [ 16.998930346613069, 52.531019067689478 ], [ 16.998955698462218, 52.531126438253459 ], [ 16.999021674472409, 52.53127128235262 ], [ 16.999048392573854, 52.531309689976659 ], [ 16.999215337431892, 52.531533681982594 ], [ 16.999319487031663, 52.531662891753406 ], [ 16.999378237124727, 52.531778561975656 ], [ 16.999418199001553, 52.531911723150039 ], [ 16.999450798413424, 52.532112756465907 ], [ 16.999460661082207, 52.532262407881703 ], [ 16.999448626627721, 52.532368156842857 ], [ 16.999441608764069, 52.532447907253022 ], [ 16.999413962408994, 52.532621298945195 ], [ 16.99933545757003, 52.532972546736957 ], [ 16.999231467182188, 52.533520967491668 ], [ 16.999142761855751, 52.533931045012373 ], [ 16.999132791641202, 52.533962176453798 ], [ 16.999122968792108, 52.533993310386201 ], [ 16.999073886988537, 52.534200157933917 ], [ 16.999058372840555, 52.534275357446305 ], [ 16.999050928077352, 52.53435474082827 ], [ 16.99902877762155, 52.534536949769581 ], [ 16.999016126318327, 52.534630276150679 ], [ 16.999010563935443, 52.534700697097271 ], [ 16.998999993866523, 52.53476122961613 ], [ 16.998992832532775, 52.534801942460142 ], [ 16.998967760178214, 52.535061362671243 ], [ 16.998961112580311, 52.535129696580199 ], [ 16.998949836001053, 52.535325760651283 ], [ 16.998972997084067, 52.53539702709336 ], [ 16.998978427017466, 52.535413848240822 ], [ 16.999052033317366, 52.535572672377334 ], [ 16.999075363176221, 52.535705102615594 ], [ 16.999091027570088, 52.535817975625825 ], [ 16.999129063882755, 52.535954611998889 ], [ 16.999273295260032, 52.536373574874567 ], [ 16.999398404074974, 52.536677897211227 ], [ 16.999541954403156, 52.5369789334515 ], [ 16.999683688043184, 52.537316725290836 ], [ 16.999739911453219, 52.537471927193465 ], [ 16.999769655276349, 52.537554187762908 ], [ 16.999896622427215, 52.538087084918374 ], [ 17.000000062345904, 52.538491865817164 ], [ 17.000023514858881, 52.538621689519204 ], [ 17.000075456812176, 52.538802992130272 ], [ 17.000114923624682, 52.539025097674795 ], [ 17.000241935361807, 52.539596130669779 ], [ 17.000360131096233, 52.540091822536475 ], [ 17.000423813651633, 52.540339431075942 ], [ 17.000458251928514, 52.540490486820154 ], [ 17.000464409167503, 52.540559486825472 ], [ 17.000467340219235, 52.540592365368994 ], [ 17.000426663880187, 52.541045887725332 ], [ 17.000697835304209, 52.540879578743628 ], [ 17.000969008761587, 52.540713179242189 ], [ 17.00222484152226, 52.539984896390436 ], [ 17.002325647108698, 52.539931733260509 ], [ 17.002458692274079, 52.539880013691786 ], [ 17.002593462045265, 52.539835788312118 ], [ 17.002806635008554, 52.539786680021116 ], [ 17.007161314502646, 52.538781416105159 ], [ 17.009051831086047, 52.538347067226695 ], [ 17.011735168098866, 52.537729667943914 ], [ 17.011790321134175, 52.537716923384117 ], [ 17.013316230003255, 52.537368211416513 ], [ 17.013581455229893, 52.537302598868209 ], [ 17.013886276986376, 52.537202842634841 ], [ 17.0140575657169, 52.537133403786967 ], [ 17.014214099870156, 52.537067314786896 ], [ 17.01487518795869, 52.536737615337685 ], [ 17.015635847928724, 52.536345363216782 ], [ 17.018084904742828, 52.535079185516267 ], [ 17.018214127874383, 52.53502315711188 ], [ 17.018685423887337, 52.534747011513495 ], [ 17.019780244150958, 52.534174327084195 ], [ 17.020109133170571, 52.534004353048367 ], [ 17.020308656847345, 52.533900210245527 ], [ 17.020271598477073, 52.533819091860593 ], [ 17.020234237516284, 52.533767649366581 ], [ 17.020173926919625, 52.533695226086515 ], [ 17.020143210945601, 52.533666560208516 ], [ 17.020103131384644, 52.533636208629957 ], [ 17.020007658772521, 52.533578217288223 ], [ 17.019839559135686, 52.533560923646917 ], [ 17.019740716323728, 52.533545058642147 ], [ 17.019571052167905, 52.533503543946217 ], [ 17.01948909257516, 52.533427160276041 ], [ 17.019466859329114, 52.5333902715576 ], [ 17.019455513754295, 52.533357252705301 ], [ 17.01946024822972, 52.533330709016369 ], [ 17.019476904269855, 52.533304724634384 ], [ 17.019511317943394, 52.533261048996508 ], [ 17.019589770474997, 52.533182673133666 ], [ 17.019972637580114, 52.532812671708477 ], [ 17.020651508254574, 52.532173746478954 ], [ 17.021194990643004, 52.531691751313929 ], [ 17.021517643609876, 52.531400786674809 ], [ 17.021700234925074, 52.531210373593446 ], [ 17.021879227939674, 52.530988420262432 ], [ 17.022005270604939, 52.530756677240106 ], [ 17.022053652680555, 52.530667903439728 ], [ 17.022144975397516, 52.530503126579347 ], [ 17.022285432461288, 52.530190136439707 ], [ 17.022388323999834, 52.529928684850518 ], [ 17.022412140167273, 52.529848314670893 ], [ 17.022435645584757, 52.529748601687828 ], [ 17.022455973122277, 52.529673659676007 ], [ 17.022482573122129, 52.529567432610236 ], [ 17.02258343504586, 52.529318269026746 ], [ 17.022672225836004, 52.529085003315117 ], [ 17.022871247160055, 52.528482567265264 ], [ 17.022899078757522, 52.528424389897999 ], [ 17.023074704550531, 52.528057031666023 ], [ 17.02354684264029, 52.527175209330821 ], [ 17.023595362569793, 52.527070067692442 ], [ 17.02366102176568, 52.526934631909441 ], [ 17.023856424950047, 52.526553481910732 ], [ 17.023975170512429, 52.526303086791977 ], [ 17.024051981522106, 52.526224680613154 ], [ 17.024162029455606, 52.526259976916734 ], [ 17.024709134488198, 52.526378211839614 ], [ 17.025594747867626, 52.52652125104791 ], [ 17.02579605112939, 52.526567062777012 ], [ 17.02603604140478, 52.526615048605223 ], [ 17.02631278459728, 52.526685323116673 ], [ 17.026569112725969, 52.526734030091816 ], [ 17.026880655006487, 52.526347167148629 ], [ 17.027002737778862, 52.526225892001676 ], [ 17.027236074526012, 52.525971558227795 ], [ 17.027498833155768, 52.525699006489162 ], [ 17.027555887885612, 52.525738812713378 ], [ 17.027729190387447, 52.525803941693567 ], [ 17.027970933185731, 52.525872009965383 ], [ 17.02824239268617, 52.525928520685376 ], [ 17.028528650465773, 52.525980600348142 ], [ 17.028699056231314, 52.526011681429502 ], [ 17.028886350293462, 52.526047630665701 ], [ 17.029147336785591, 52.526097668859414 ] ], [ [ 16.991041340104779, 52.474453433211266 ], [ 16.990952876804563, 52.474681646197027 ], [ 16.990948873570012, 52.474691921695545 ], [ 16.990884764227658, 52.474857587884081 ], [ 16.99088127211769, 52.474866343023571 ], [ 16.990818339946763, 52.475028791206867 ], [ 16.990813817295372, 52.475040766803275 ], [ 16.990751604144521, 52.475203586940012 ], [ 16.990744680996528, 52.475222987062587 ], [ 16.990688023925777, 52.475380235119538 ], [ 16.990680752618029, 52.475407274522716 ], [ 16.990651969852141, 52.47551525738249 ], [ 16.990649967201975, 52.475559205740332 ], [ 16.990658438543182, 52.475664223823003 ], [ 16.990673583513079, 52.475700368608855 ], [ 16.990682220861391, 52.475720932540142 ], [ 16.990725702411982, 52.475765563735948 ], [ 16.990774209780238, 52.475796878716629 ], [ 16.990861917798028, 52.475824542365345 ], [ 16.991066217864532, 52.475840784975716 ], [ 16.99145616184305, 52.475888332624244 ], [ 16.991603047357991, 52.475913582905001 ], [ 16.991759274972736, 52.475943938534833 ], [ 16.99175493154474, 52.475893766246045 ], [ 16.991739764319405, 52.47571901828433 ], [ 16.991706068889393, 52.47553388200356 ], [ 16.991707018966963, 52.475351312808058 ], [ 16.991756306222921, 52.475171453259968 ], [ 16.99177431398968, 52.475125348200315 ], [ 16.991777810037981, 52.475116503159221 ], [ 16.991812216260048, 52.47499170615005 ], [ 16.991849995826378, 52.474854284375198 ], [ 16.99185985467803, 52.474818924094087 ], [ 16.991865574199657, 52.474738611708524 ], [ 16.991853423382832, 52.474659345027476 ], [ 16.991836294844259, 52.474624695748872 ], [ 16.991804541883816, 52.474597443330474 ], [ 16.991774984064651, 52.474576973943627 ], [ 16.991725785904617, 52.474554372154543 ], [ 16.991623095699286, 52.474532301022272 ], [ 16.991519853348489, 52.474515886864893 ], [ 16.991497154964645, 52.474512982947836 ], [ 16.991211925068072, 52.474475668755481 ], [ 16.991041340104779, 52.474453433211266 ], [ 16.990933457778752, 52.474438648644352 ], [ 16.9903478330049, 52.474360701049569 ] ], [ [ 16.987027228105003, 52.564073088190717 ], [ 16.987244057087935, 52.564072818131656 ], [ 16.987649628381842, 52.564072227454496 ], [ 16.98776539631114, 52.564072058594199 ], [ 16.98776645429313, 52.564072150843941 ] ], [ [ 16.9925666026008, 52.445346026915537 ], [ 16.992636283993999, 52.445305925779067 ], [ 16.992808286791288, 52.445207119473878 ], [ 16.99281463591446, 52.445203449620116 ], [ 16.993045283233517, 52.445070920231089 ], [ 16.993259419195738, 52.444951871562424 ], [ 16.99339167041768, 52.444879103032626 ], [ 16.993470232415365, 52.44483465494109 ], [ 16.993563146921034, 52.444782085591122 ], [ 16.993606535841646, 52.444760156069002 ], [ 16.993650321031836, 52.444739222638795 ], [ 16.99377008150973, 52.444682161791135 ], [ 16.993829448956518, 52.444658434619427 ], [ 16.993898413331646, 52.444630822784632 ], [ 16.994004417345959, 52.444591427116286 ], [ 16.994069189791173, 52.444568601027989 ], [ 16.994123715636842, 52.444550997693078 ], [ 16.994302540403012, 52.444502763510705 ], [ 16.994332009498336, 52.444495618209508 ], [ 16.994596667108492, 52.444430760936456 ], [ 16.994852618587675, 52.444392288865529 ], [ 16.995120446554861, 52.444358065116973 ], [ 16.99530928064096, 52.444342199066625 ], [ 16.995389096023345, 52.444338155769621 ], [ 16.995499773627046, 52.44433193736166 ], [ 16.995718955736834, 52.444328457782895 ], [ 16.995767492275441, 52.444329280598154 ], [ 16.996009880842731, 52.444333389389755 ], [ 16.996057910877362, 52.444335642602177 ], [ 16.996191570536467, 52.444341955508598 ], [ 16.996285718605431, 52.444346429361573 ], [ 16.99632458480621, 52.444349516539866 ], [ 16.996540463327968, 52.444366936369036 ], [ 16.9965454477538, 52.444367380609137 ], [ 16.99658926171174, 52.444371720813386 ], [ 16.996847745461352, 52.444397417315123 ], [ 16.997117544518812, 52.444446240622931 ], [ 16.997393604359981, 52.444506322395746 ], [ 16.997408888876283, 52.444510089101456 ], [ 16.997667598326601, 52.444573024374279 ], [ 16.997959055439679, 52.444644158844369 ], [ 16.998073614885257, 52.444675690224173 ], [ 16.99820602438805, 52.444706354452883 ], [ 16.998444486965916, 52.444761389912443 ], [ 16.998488477896935, 52.444771578753169 ], [ 16.998767140708864, 52.44483601865695 ], [ 16.998823809809156, 52.444849030342858 ], [ 16.999279807254077, 52.444953257540142 ], [ 16.999501251193433, 52.445003865433186 ], [ 17.000000083156369, 52.445117898926597 ], [ 17.000204124054019, 52.445169290418654 ], [ 17.00028999142215, 52.445190890209901 ], [ 17.000409619988442, 52.445221065938746 ], [ 17.000806059578537, 52.445320951961207 ], [ 17.000816829840836, 52.445323652506275 ], [ 17.000874015268323, 52.445338290918485 ], [ 17.001037148103713, 52.445109893671606 ], [ 17.001097972207152, 52.445024665950477 ], [ 17.001193155309927, 52.444889290789156 ], [ 17.00129715225528, 52.444741292536392 ], [ 17.001482380783592, 52.444453905318888 ], [ 17.001833597595926, 52.443930072809742 ], [ 17.00200609693109, 52.443663606438228 ], [ 17.002029708477959, 52.443629736875785 ], [ 17.002198104720904, 52.443388834869829 ], [ 17.002428798747214, 52.443443101435008 ], [ 17.002533277088801, 52.443463215191791 ], [ 17.002780173539765, 52.443510739190799 ], [ 17.002884676603696, 52.443530313389417 ] ], [ [ 16.991831674146386, 52.467099038636718 ], [ 16.992036831868674, 52.467157028272915 ], [ 16.992086848087155, 52.467171189204109 ], [ 16.992199973323121, 52.467203061217212 ], [ 16.992354388000528, 52.467246697184649 ], [ 16.992511423174708, 52.467291007039265 ], [ 16.992635013436228, 52.46732593448224 ], [ 16.992739351042715, 52.467353519395537 ], [ 16.992890979060707, 52.467393689495232 ], [ 16.993113912898181, 52.467452698500544 ], [ 16.993171246781671, 52.467467882591755 ], [ 16.993212438421224, 52.467478565369476 ], [ 16.993441537394375, 52.467538038147971 ], [ 16.993887527065773, 52.467514214667112 ] ], [ [ 16.992237072938995, 52.466527135212282 ], [ 16.992155549273836, 52.466642228018245 ], [ 16.992061757492387, 52.46677447157542 ], [ 16.991831674146386, 52.467099038636718 ], [ 16.991622232923735, 52.467044573635405 ], [ 16.991549309988638, 52.467025706157344 ], [ 16.991457110080457, 52.467000035271823 ], [ 16.991297579481795, 52.466955591667791 ], [ 16.99128012956626, 52.466950708128124 ], [ 16.991135723376981, 52.466910478735024 ], [ 16.990910146645028, 52.466844945112086 ], [ 16.990854728696842, 52.466810364637666 ], [ 16.990804465790127, 52.466769305838618 ], [ 16.99077607489993, 52.466742739797645 ], [ 16.990736277849361, 52.466682071191116 ], [ 16.990511760136499, 52.466253901991074 ] ], [ [ 16.988370608274742, 52.543698945554759 ], [ 16.988341485863952, 52.543629284608052 ], [ 16.988332444226749, 52.543607634615107 ], [ 16.988285075705772, 52.543464931038933 ], [ 16.988274226441117, 52.543432246148342 ], [ 16.987958273671108, 52.542712010353831 ], [ 16.987848409453626, 52.542440224387974 ], [ 16.987847842751282, 52.5424042376847 ], [ 16.98786966901703, 52.542372139503321 ], [ 16.987886317213693, 52.542353264789192 ], [ 16.987906817948822, 52.542337243800475 ], [ 16.987934478784403, 52.542329169562606 ], [ 16.988044969934357, 52.542300197838166 ], [ 16.988188144162038, 52.542272681077485 ], [ 16.989143903847523, 52.542089432984632 ], [ 16.989721908723979, 52.541982507843564 ], [ 16.989766787661789, 52.541968879404479 ], [ 16.989795583785526, 52.5419488616485 ], [ 16.98982866596489, 52.541906071260129 ], [ 16.989840263948306, 52.541891157908402 ], [ 16.989867337462289, 52.541831356223724 ], [ 16.989921892260718, 52.541783533994966 ], [ 16.989931724552559, 52.541774976570139 ], [ 16.98999439834181, 52.541668919439616 ], [ 16.990072800194191, 52.54146077468225 ], [ 16.990099156733272, 52.541368221642408 ], [ 16.990100295118548, 52.54130456158088 ], [ 16.990040297302123, 52.54102597949268 ], [ 16.990023867212933, 52.540985226227463 ], [ 16.989946993837094, 52.540698262593061 ] ], [ [ 16.99281544246638, 52.448474722245052 ], [ 16.992814493542934, 52.447971700862901 ], [ 16.992816495501557, 52.447927676274347 ], [ 16.992841059205112, 52.447892045357008 ], [ 16.992897736943608, 52.447870978244971 ], [ 16.992993169927136, 52.447862584965712 ], [ 16.993117987825308, 52.447856693059734 ], [ 16.993500538283012, 52.447877204545989 ], [ 16.993545934946255, 52.447887988271468 ], [ 16.993564403056773, 52.447914336293294 ], [ 16.993572772964644, 52.447946520929804 ], [ 16.993583963180974, 52.447988766737964 ], [ 16.993591332520516, 52.448042963677437 ], [ 16.993576261751826, 52.448483318625357 ] ], [ [ 16.991641858822515, 52.476662302116672 ], [ 16.991685838204514, 52.47653433982417 ], [ 16.991717493853038, 52.476418220669387 ], [ 16.991728851524599, 52.476346728569666 ], [ 16.991736045622346, 52.476301968928574 ], [ 16.991768242617038, 52.476148082680425 ], [ 16.991767487550842, 52.476044994604869 ], [ 16.991759274972736, 52.475943938534833 ] ], [ [ 16.991777810037981, 52.475116503159221 ], [ 16.992165323691285, 52.475172012215246 ], [ 16.992229421516424, 52.475181195356782 ], [ 16.992302460446474, 52.475197815678079 ], [ 16.992319656052608, 52.475205123194719 ], [ 16.992379918402644, 52.475230610858866 ] ], [ [ 16.992659015054148, 52.458749943611984 ], [ 16.99290039215796, 52.458690630732576 ], [ 16.993301991209133, 52.458582228999205 ], [ 16.993777887638018, 52.458475086530505 ], [ 16.993798734745411, 52.458469953672527 ], [ 16.994004017820718, 52.458420729456897 ], [ 16.994184423469239, 52.4586628602598 ], [ 16.994306187174949, 52.458854077323117 ], [ 16.994415735980038, 52.459038701064976 ], [ 16.994552959459824, 52.459275331798779 ], [ 16.99465644163087, 52.459480089729368 ], [ 16.994758248447138, 52.459660174576655 ], [ 16.994859091505162, 52.459838803883876 ], [ 16.994979683808623, 52.460017048424035 ], [ 16.995286132402832, 52.460019635941357 ], [ 16.995463643821733, 52.460021116269232 ], [ 16.995580364957604, 52.460022105529553 ], [ 16.995928899777184, 52.459986369243033 ], [ 16.99596629749983, 52.460171207681334 ], [ 16.995966102394092, 52.460347314052477 ], [ 16.995964697561252, 52.460368516945714 ], [ 16.995931789252207, 52.460538672263581 ], [ 16.995910799835048, 52.460572854889087 ], [ 16.995876817300118, 52.460601330731521 ], [ 16.995863281235824, 52.460607577254123 ], [ 16.995819215433151, 52.460627877194675 ], [ 16.995798024105792, 52.460630845930837 ], [ 16.995777274179929, 52.460633822144786 ], [ 16.995735181698166, 52.460639854460418 ], [ 16.995529704276709, 52.460644556320489 ], [ 16.995230857394684, 52.460643087726837 ], [ 16.995219389053407, 52.460642713402073 ], [ 16.994939779818974, 52.460632665809165 ], [ 16.994648616613794, 52.460624130538505 ], [ 16.994090396046552, 52.460598292519002 ], [ 16.994035780468661, 52.460588281702336 ], [ 16.993983498634616, 52.460578760170151 ] ], [ [ 16.990621862033272, 52.508702835523351 ], [ 16.990884556006201, 52.508686430432242 ], [ 16.990933490948731, 52.508683304003767 ], [ 16.991069296687492, 52.508685610299779 ], [ 16.9912659701764, 52.508710806160963 ], [ 16.991328775164874, 52.50871061337461 ], [ 16.991392091456049, 52.508712138154657 ], [ 16.991421661093305, 52.508710211751144 ], [ 16.99159272059871, 52.508699084886587 ], [ 16.991760413671937, 52.508674499110285 ], [ 16.991851381510717, 52.508661202730352 ], [ 16.992010109385838, 52.50864249060119 ], [ 16.992217469947171, 52.508607874256583 ], [ 16.992532605231478, 52.508566361993374 ], [ 16.993819147423753, 52.508353615369856 ], [ 16.996307290875603, 52.50797017412269 ], [ 16.997166331516151, 52.507822014153298 ], [ 16.997389461008517, 52.507787295989068 ], [ 16.999024593602762, 52.507535062342932 ], [ 16.99997053894343, 52.507384664381796 ], [ 17.000280572473905, 52.507338278342026 ], [ 17.00075873798534, 52.507263882608292 ], [ 17.00379029121741, 52.506788011470825 ], [ 17.004100414517204, 52.50673945835284 ], [ 17.006217310875552, 52.506415833425663 ], [ 17.008586678013675, 52.506033371204445 ], [ 17.00874843922141, 52.506005873375777 ], [ 17.010007954866953, 52.505810395281074 ], [ 17.011614417251828, 52.505556516799302 ], [ 17.012211635521552, 52.505456103810559 ], [ 17.013100007821102, 52.505325230849458 ], [ 17.013260770600702, 52.505300138568288 ], [ 17.013919617171723, 52.505192657150651 ], [ 17.013961639247512, 52.505185807456158 ], [ 17.014152768716023, 52.505157356239671 ], [ 17.014464090016627, 52.505111134709161 ], [ 17.015007023655389, 52.505040826793895 ], [ 17.015489653502918, 52.504957812210279 ], [ 17.015863335998226, 52.504898152365939 ], [ 17.016216418875448, 52.504831130365183 ], [ 17.016682950560831, 52.504774913750744 ], [ 17.017254439040212, 52.504675842906636 ], [ 17.017696114711583, 52.504605264576163 ], [ 17.019414421333568, 52.504336875185878 ], [ 17.019867748065302, 52.504262706261379 ], [ 17.021266303031116, 52.504047490125025 ], [ 17.022124874924437, 52.503896263839394 ], [ 17.023168205978614, 52.503736606341491 ], [ 17.024575769611516, 52.503520242614236 ], [ 17.025122956422312, 52.503426574408223 ], [ 17.026862444763289, 52.503153753956738 ], [ 17.028379584746013, 52.502912010172054 ], [ 17.029032781282858, 52.502810556872291 ], [ 17.029069289247705, 52.502804959103564 ], [ 17.029402711602749, 52.502748273559298 ], [ 17.029780220100392, 52.502694479974451 ], [ 17.030063401190972, 52.502650537122371 ], [ 17.030488383982405, 52.502586468918182 ], [ 17.031469247408541, 52.502431454830699 ], [ 17.032074615082216, 52.50235446275402 ], [ 17.032138454171026, 52.502344102045839 ], [ 17.033712202064535, 52.502087581867997 ], [ 17.034762856027211, 52.50191049546244 ], [ 17.035151142444448, 52.501855964445745 ], [ 17.035321081099855, 52.501812916288685 ], [ 17.035649516025167, 52.501771870337386 ], [ 17.035906271272335, 52.501728643996415 ], [ 17.036119562664791, 52.5016751616254 ], [ 17.036827539611284, 52.50146808297724 ], [ 17.037164545918515, 52.50137680727746 ], [ 17.037319661299541, 52.501335578986208 ], [ 17.037482177551489, 52.501303557470386 ], [ 17.037675702661055, 52.501280144957676 ], [ 17.037908880327262, 52.50125658035676 ], [ 17.03838730181954, 52.501216485500024 ], [ 17.039774846065022, 52.501088742847266 ], [ 17.041757702237497, 52.500893669701938 ], [ 17.042457222450992, 52.500822950244398 ], [ 17.043289830260012, 52.500732212382829 ], [ 17.044399602153185, 52.5006427231666 ], [ 17.045109130776126, 52.500552186311502 ], [ 17.04566684320416, 52.500455269613248 ], [ 17.045945923415918, 52.500406724041099 ], [ 17.046114350293021, 52.500354191545256 ], [ 17.046339192082396, 52.500262476229011 ], [ 17.046445376680431, 52.500230951179695 ], [ 17.046582913805267, 52.500203631416788 ], [ 17.047336696980839, 52.500088628181373 ], [ 17.047642843269532, 52.500034499267677 ], [ 17.047841719227083, 52.500013137231271 ], [ 17.048304934811728, 52.499939832534523 ], [ 17.048787532859016, 52.499871432806344 ], [ 17.050434170375176, 52.499612025981349 ], [ 17.050642919688425, 52.49962724863223 ], [ 17.050784915580753, 52.499628958925761 ], [ 17.050964396742639, 52.499612848495872 ], [ 17.05139277285301, 52.499553978097175 ], [ 17.0518091028896, 52.499484204624231 ], [ 17.054155360415958, 52.499083274522476 ], [ 17.055346043529479, 52.498905431360285 ], [ 17.056903875130423, 52.498649601649625 ], [ 17.057152356514766, 52.498559153691104 ], [ 17.05920357535835, 52.497182351034169 ], [ 17.059720383597103, 52.496841313577548 ], [ 17.061660801314957, 52.49556095838372 ], [ 17.06200073424824, 52.495340593277099 ], [ 17.062504183179975, 52.495014165444445 ], [ 17.064938996082212, 52.493394227426329 ], [ 17.065821048490161, 52.492823939294048 ], [ 17.065943413456608, 52.492748679733424 ], [ 17.065982365921446, 52.492717297192065 ], [ 17.065998134641877, 52.492700465990701 ], [ 17.066010774336714, 52.492681065244156 ], [ 17.066016678737078, 52.49266740061902 ], [ 17.066017566201101, 52.492647178124258 ], [ 17.065999769101882, 52.492565849174106 ] ], [ [ 16.993165967448363, 52.454887819787707 ], [ 16.99336697629996, 52.45482539242834 ], [ 16.993433582731978, 52.454804666447998 ], [ 16.993526020048606, 52.454776014002903 ], [ 16.993567984589617, 52.454762964720871 ], [ 16.994974952667281, 52.454794206907458 ], [ 16.99508092416437, 52.454781972629533 ], [ 16.995159425173782, 52.454748945191447 ], [ 16.995160668153236, 52.454549830821399 ], [ 16.995162821778173, 52.45422696929004 ], [ 16.995164286859271, 52.45417527647637 ], [ 16.995175602862084, 52.453764155573111 ], [ 16.995188726255925, 52.453287316402189 ], [ 16.995190391179392, 52.453227981750146 ], [ 16.995192794583094, 52.45313942789641 ], [ 16.996406177801017, 52.453237347102096 ], [ 16.996454732533909, 52.453241227961691 ], [ 16.996547920600964, 52.453212136185286 ], [ 16.996568596017511, 52.453188021815386 ], [ 16.996666406439115, 52.453001966494178 ], [ 16.996771607261085, 52.452857410426425 ], [ 16.996873344061722, 52.452737260279093 ], [ 16.997299933087369, 52.452355749757132 ], [ 16.997319822920943, 52.45232946330227 ], [ 16.997326006155706, 52.452290532448352 ], [ 16.997317255226395, 52.452266009471721 ], [ 16.997276614451419, 52.452236988815599 ], [ 16.996914069660786, 52.452076773738234 ] ], [ [ 16.993417506138542, 52.467069204123071 ], [ 16.993284123849747, 52.466877249684352 ], [ 16.99322177247231, 52.466758725233298 ], [ 16.993136110373381, 52.46659582271559 ], [ 16.993131099097774, 52.466586203646351 ], [ 16.993050722754543, 52.466433374503922 ], [ 16.993041636303136, 52.466416220947465 ], [ 16.992967228234491, 52.466274646041171 ], [ 16.992950486041273, 52.466244500602272 ], [ 16.992856074578299, 52.466073264485331 ], [ 16.992759476923766, 52.465904779426864 ], [ 16.99270469747475, 52.465823799743568 ] ], [ [ 16.991480945401126, 52.495953681309118 ], [ 16.991666802091395, 52.495959535363582 ], [ 16.991728148940211, 52.495961836144708 ], [ 16.991830803650142, 52.495972843146866 ], [ 16.991990984173611, 52.495998857775099 ], [ 16.992308159820624, 52.496043187135292 ], [ 16.992491999914463, 52.496060968109546 ], [ 16.9926123053589, 52.496063009840348 ], [ 16.992789160356804, 52.496056207253005 ], [ 16.992843513235844, 52.496050293881851 ], [ 16.992982733118811, 52.496035027318278 ], [ 16.993659885041442, 52.49594110157139 ], [ 16.993906660223587, 52.495906881333887 ], [ 16.994471209538368, 52.495839103472086 ], [ 16.994799197124479, 52.49580131143442 ], [ 16.995089741326584, 52.495767021225298 ], [ 16.995301726420593, 52.495742731752138 ], [ 16.996069223655951, 52.495625678976097 ], [ 16.996368040350063, 52.495587658231472 ], [ 16.99660652115967, 52.495567233077956 ], [ 16.996900772069296, 52.495525895707608 ], [ 16.99743666302335, 52.495446465475993 ], [ 16.998697111396083, 52.49528008679426 ], [ 16.999607601094926, 52.495168038765748 ], [ 16.99985582013586, 52.495137518255135 ], [ 16.999857031161405, 52.495140057140759 ], [ 16.999999993020538, 52.495461053035719 ], [ 17.000158578308042, 52.495785280995861 ], [ 17.000242861294321, 52.495957597852389 ], [ 17.000275355438376, 52.496024165445583 ], [ 17.000292478117704, 52.496059262903366 ], [ 17.000321339173734, 52.496118213840397 ], [ 17.000335229659704, 52.496146600858935 ], [ 17.000367504674301, 52.496224497550401 ], [ 17.000413589245706, 52.496335816685097 ], [ 17.000535518221486, 52.496630102936543 ], [ 17.000733214873957, 52.497063642384624 ], [ 17.000745100955577, 52.497087498314279 ], [ 17.000769638888134, 52.497141069413175 ], [ 17.000808948363932, 52.497229608196562 ], [ 17.000947602747789, 52.497541895412994 ], [ 17.001027434403834, 52.497721511725651 ], [ 17.001054314260944, 52.497785195957164 ], [ 17.001088649702641, 52.497866455128566 ], [ 17.001249697642209, 52.498247207256959 ], [ 17.001284701074148, 52.498359238177521 ], [ 17.00128942450241, 52.498378565805659 ] ], [ [ 16.99363519671698, 52.451063188225362 ], [ 16.993773064604749, 52.451064808110779 ], [ 16.994225944785406, 52.45107033310515 ], [ 16.994988406689536, 52.451069683733785 ], [ 16.994998379194662, 52.451069871436793 ], [ 16.994993474053846, 52.451232957398048 ], [ 16.994971437796906, 52.451793173641988 ] ], [ [ 16.992505450042223, 52.476135774534711 ], [ 16.992580796203615, 52.476163227053547 ], [ 16.992772054611486, 52.476233031532402 ], [ 16.992911761964177, 52.476283342515977 ], [ 16.993036252275861, 52.476328178373272 ], [ 16.993365217069972, 52.476453475310478 ], [ 16.993433846867237, 52.476479644051601 ], [ 16.993436602528977, 52.476480590241344 ], [ 16.99377415969353, 52.476601624577121 ], [ 16.993992778420779, 52.476691768692326 ], [ 16.994108509202679, 52.476712260030375 ], [ 16.994277174793272, 52.476747770148997 ] ], [ [ 16.993583619573844, 52.453016971644132 ], [ 16.993763219522801, 52.453030182856253 ], [ 16.994074576501699, 52.453053274377268 ], [ 16.994095114617561, 52.453054882022151 ], [ 16.995192794583094, 52.45313942789641 ], [ 16.995198937589691, 52.453065778170149 ], [ 16.995216100999446, 52.452979633229923 ], [ 16.99524953244968, 52.452901589224808 ], [ 16.995287798086352, 52.452827314868223 ], [ 16.995339813662543, 52.452742030653653 ], [ 16.995379208155565, 52.452697996512285 ], [ 16.995474117250385, 52.452605074688833 ], [ 16.99552074864755, 52.452567009536224 ], [ 16.995694701237692, 52.452441968461478 ], [ 16.996466157213973, 52.451916190313675 ] ], [ [ 16.993583619573844, 52.453016971644132 ], [ 16.993583624313128, 52.454052819552096 ], [ 16.993580167092613, 52.454200957756875 ], [ 16.993605370885003, 52.454223414707329 ], [ 16.993647407502653, 52.454236143981881 ], [ 16.993725839426784, 52.45424148016059 ], [ 16.993866962235032, 52.454237866665508 ], [ 16.993958678443843, 52.454239422759912 ], [ 16.994053579277722, 52.454243035471229 ], [ 16.994085789305966, 52.454255597878188 ], [ 16.994134013423871, 52.454276442589617 ], [ 16.994155305251883, 52.454312851676917 ], [ 16.994153486084276, 52.454352874019506 ], [ 16.994155215378825, 52.454386948578687 ], [ 16.994166498579727, 52.454427193193162 ], [ 16.994188336247671, 52.454451595571967 ], [ 16.994233557895711, 52.454466381325943 ], [ 16.994321817100641, 52.454471883811799 ], [ 16.994393789289482, 52.454475107307459 ], [ 16.994462758726868, 52.454472271847308 ], [ 16.994544921486678, 52.454467657459894 ], [ 16.994600970393996, 52.454460597453163 ], [ 16.994654289304403, 52.454441475159072 ], [ 16.994686224897777, 52.454387944965866 ], [ 16.994691864777632, 52.454335971457148 ], [ 16.994701143960125, 52.454276049029367 ], [ 16.994708968189176, 52.454248144485533 ], [ 16.994768928884863, 52.454227132123492 ], [ 16.994854184888219, 52.454226575303025 ], [ 16.99493925904617, 52.45423002065732 ], [ 16.995044168539049, 52.454229796976485 ], [ 16.995122873388187, 52.454229128875198 ], [ 16.995162821778173, 52.45422696929004 ] ], [ [ 17.004854224028627, 52.450467466069405 ], [ 17.004837264461791, 52.45049092501263 ], [ 17.00480730148508, 52.450525227594902 ], [ 17.003992827504522, 52.451516691138025 ], [ 17.003744495900836, 52.45181884677416 ], [ 17.003116805828206, 52.452605148311683 ], [ 17.002986017207832, 52.452769065319067 ], [ 17.002391380637174, 52.453501055708074 ], [ 17.002194262306421, 52.453760900417585 ], [ 17.002054154206242, 52.453948404071873 ], [ 17.001920421565497, 52.454102376373086 ], [ 17.001607444232185, 52.454488701744232 ], [ 17.001552554340648, 52.454556401032491 ], [ 17.001494082360026, 52.454634922932755 ], [ 17.001350659188645, 52.454827226693602 ], [ 17.001264494025129, 52.454987308982403 ], [ 17.001257042689019, 52.455025049301696 ], [ 17.001256131971083, 52.455051657227564 ], [ 17.001276405896295, 52.455124134746228 ], [ 17.001181104909811, 52.455134846026134 ], [ 17.000898259931013, 52.455151470855974 ], [ 17.000627598527085, 52.455178644548845 ], [ 17.00035827252038, 52.455228326123233 ], [ 17.000000103319472, 52.45533136999962 ], [ 16.999547913134887, 52.455501269274698 ], [ 16.999375324252377, 52.455566976223388 ], [ 16.999174588004848, 52.455646237839439 ], [ 16.99898657707708, 52.455694863792445 ], [ 16.998843466438796, 52.455717626041185 ], [ 16.998617544509177, 52.455741864651898 ], [ 16.998368970130379, 52.455765629420107 ], [ 16.997221770502975, 52.455833089156201 ], [ 16.99713106369148, 52.455833351590364 ], [ 16.996589898706127, 52.455874192305551 ], [ 16.996257419874695, 52.45589752036215 ], [ 16.995410258803702, 52.455952327803992 ], [ 16.995180725275144, 52.455971731618682 ], [ 16.995090398542267, 52.455979824037144 ], [ 16.994331849729736, 52.456047998831849 ], [ 16.993541668007769, 52.456083252242415 ] ], [ [ 16.99353975452269, 52.457915913290783 ], [ 16.994190707532734, 52.457938380354591 ], [ 16.994530588342922, 52.457950171649472 ], [ 16.994879999862043, 52.457962843133814 ], [ 16.99533248162459, 52.45798193813237 ], [ 16.995525670302843, 52.457988181396885 ], [ 16.995739734283514, 52.45798866201973 ], [ 16.995894383381927, 52.457977881664483 ], [ 16.99605402862397, 52.458297998646664 ], [ 16.99611637074463, 52.458390707790848 ], [ 16.996173416339957, 52.458480089168745 ], [ 16.996174924539552, 52.458482543206856 ], [ 16.996315801220291, 52.458716715346384 ], [ 16.996397453429136, 52.458847887658543 ], [ 16.9964174325683, 52.458884563438041 ], [ 16.996604424980269, 52.459244628229939 ], [ 16.996668459367893, 52.459364978427253 ], [ 16.99676080405591, 52.459536356540426 ], [ 16.996816357520864, 52.459639203842343 ], [ 16.996878102543171, 52.459735410228866 ], [ 16.996957196943228, 52.459828942334823 ], [ 16.997004512174041, 52.459882990472003 ], [ 16.99716773771982, 52.460020760699557 ], [ 16.997295113842746, 52.460121136573392 ], [ 16.997493803329363, 52.460246465147321 ], [ 16.99763800190625, 52.460378515854757 ], [ 16.997730917144334, 52.460469313314682 ], [ 16.997896760929997, 52.460714969231432 ], [ 16.997922915529323, 52.460771357001704 ], [ 16.997926132741835, 52.460778337132474 ], [ 16.997987542004633, 52.460911234206726 ], [ 16.998157689468609, 52.461247086083702 ], [ 16.998473769900993, 52.461868460435326 ], [ 16.998752256118181, 52.46241634327361 ], [ 16.999024183953978, 52.462956379236317 ], [ 16.999032618272544, 52.462974960392543 ], [ 16.999076503086588, 52.463072302388241 ], [ 16.99930080819431, 52.463639774041475 ], [ 16.999362592250584, 52.463797051334325 ], [ 16.999416273709656, 52.463876480272461 ], [ 16.999530004898357, 52.464125479300428 ], [ 16.999583085802399, 52.464201929857104 ], [ 16.999579137286972, 52.464201323399386 ], [ 16.999558127872842, 52.464200248435844 ], [ 16.999528604737275, 52.464201817689933 ], [ 16.999497410420194, 52.464207765898465 ], [ 16.999478135003375, 52.464213915739911 ], [ 16.999460241384298, 52.4642220677135 ], [ 16.999445062036585, 52.46423206447551 ], [ 16.9994392830877, 52.464141933209767 ], [ 16.999432807192463, 52.464067170499362 ], [ 16.999370937298952, 52.463882548959816 ], [ 16.999362592250584, 52.463797051334325 ] ], [ [ 16.992307377764877, 52.489044957548373 ], [ 16.992513542366261, 52.489267468869109 ], [ 16.992725646247109, 52.489518142915315 ], [ 16.992879308261845, 52.489693261843279 ], [ 16.993093702269011, 52.489948741041353 ], [ 16.993300251376859, 52.490166220602887 ], [ 16.993393975201965, 52.490263060613117 ], [ 16.993493458130441, 52.490349924595272 ], [ 16.99358216491963, 52.490427521418553 ], [ 16.993775452065591, 52.490586851661824 ], [ 16.99380114421956, 52.490605096212214 ], [ 16.993873648392611, 52.490656694207196 ], [ 16.994086000709203, 52.490788914585615 ], [ 16.994455573353072, 52.49098918924831 ], [ 16.994617770358762, 52.491077385436974 ], [ 16.994711265655539, 52.49113401584497 ], [ 16.995055706839342, 52.49129086963292 ], [ 16.995341974746275, 52.491417954630641 ], [ 16.995353770220419, 52.491424270684753 ], [ 16.9957017788402, 52.491599981150451 ], [ 16.996024514008081, 52.491767707142785 ], [ 16.996224901345553, 52.491865182658572 ], [ 16.996791545415601, 52.492165027478556 ], [ 16.997423970775223, 52.492492876266759 ], [ 16.997815602313349, 52.492698010796651 ], [ 16.998083076166964, 52.492862906790769 ], [ 16.998293342762974, 52.493012353197102 ], [ 16.998426840115762, 52.493119576006798 ], [ 16.998568212084834, 52.493277300082724 ], [ 16.998742155819038, 52.493490080635098 ], [ 16.999106148931826, 52.494012152542275 ], [ 16.999662139459002, 52.494800913772337 ], [ 16.99985582013586, 52.495137518255135 ], [ 17.00000011932794, 52.495123858384986 ], [ 17.000011072953416, 52.495122784388485 ], [ 17.000445754809704, 52.495061956416905 ], [ 17.000816836245907, 52.495003020054568 ], [ 17.000861958569022, 52.494992629732565 ], [ 17.000996007848151, 52.494958018556623 ], [ 17.001023415269028, 52.494948318165392 ], [ 17.001087056422971, 52.494926008455941 ], [ 17.001191732875956, 52.494889191760308 ], [ 17.001235030440458, 52.494876791713253 ], [ 17.002391656204065, 52.494392919108748 ], [ 17.002749330043613, 52.494245965832377 ], [ 17.003364043789176, 52.493990651914899 ], [ 17.003640379559489, 52.493869485771263 ], [ 17.004009252011915, 52.493722357964749 ], [ 17.004063572715015, 52.493700788822764 ], [ 17.004317808373145, 52.493517637175259 ] ], [ [ 16.993191199163189, 52.473140421860329 ], [ 16.993212098072206, 52.473147252435908 ], [ 16.993550700559485, 52.473257692055199 ], [ 16.993689263078267, 52.47329089351031 ], [ 16.993823586299701, 52.473323393280992 ], [ 16.993966826205838, 52.473344441438059 ], [ 16.994119747226289, 52.473363135209929 ], [ 16.994427114486125, 52.473389664859852 ], [ 16.994664936809944, 52.473416723382925 ], [ 16.994808071371949, 52.473449821157359 ] ], [ [ 16.994004017820718, 52.458420729456897 ], [ 16.994379121177694, 52.458334720293692 ], [ 16.994547707358425, 52.458295935765371 ], [ 16.994670913097568, 52.458267534403298 ], [ 16.994772265896177, 52.45822428138721 ], [ 16.994846698065814, 52.458167529935352 ], [ 16.994885381116642, 52.458064750656646 ], [ 16.99499233642663, 52.458283778338902 ], [ 16.995023157039316, 52.458334579473998 ], [ 16.995106856542193, 52.458472443264611 ], [ 16.995218500275399, 52.45865638222746 ], [ 16.995325183630506, 52.458845813484992 ], [ 16.995448221541906, 52.459080403784505 ], [ 16.995572641637462, 52.459304044240568 ], [ 16.995677631849318, 52.459491917396498 ], [ 16.99568662392242, 52.459507899903343 ], [ 16.995780983918465, 52.459676974427971 ], [ 16.995805634688725, 52.459721014926934 ], [ 16.99591365280542, 52.459939520013826 ], [ 16.995928899777184, 52.459986369243033 ] ], [ [ 16.994110379770152, 52.460009770237534 ], [ 16.994157658228616, 52.459999779008804 ], [ 16.994396997880486, 52.460004828164308 ], [ 16.994694299663934, 52.46001103970854 ], [ 16.994979683808623, 52.460017048424035 ] ], [ [ 16.991410098445357, 52.519842619690706 ], [ 16.991963149932005, 52.519914158137922 ], [ 16.992167240357006, 52.519942715931712 ], [ 16.992262767651926, 52.519965743464276 ], [ 16.992323111666025, 52.519981068398444 ], [ 16.992436581139859, 52.520001881853112 ], [ 16.992605614895322, 52.520036140029021 ], [ 16.992833204955698, 52.520082904073547 ], [ 16.992914953432184, 52.520100930342586 ], [ 16.993346422631575, 52.520200350641517 ], [ 16.993452044069787, 52.520208977659216 ], [ 16.993541717297827, 52.520201953884815 ], [ 16.993456784895237, 52.520269949395896 ], [ 16.993410361404823, 52.520295335439023 ], [ 16.993366868709739, 52.520308179167749 ], [ 16.99332958068192, 52.520314292457236 ], [ 16.993294363800626, 52.520313785090202 ], [ 16.993246398670742, 52.520308294511494 ], [ 16.993168766666479, 52.520293756129703 ], [ 16.9930847706867, 52.520279739345959 ], [ 16.993035070231663, 52.520276737645986 ], [ 16.992972502251362, 52.520281072846906 ], [ 16.992938631380948, 52.520289852325085 ], [ 16.992916125682182, 52.5202983748813 ], [ 16.992874089441301, 52.520318078797324 ], [ 16.992844735812213, 52.52034420391746 ], [ 16.992801134196707, 52.520398239436815 ], [ 16.992676694391761, 52.520601827621654 ], [ 16.992644670489064, 52.520654170713144 ], [ 16.992528457635501, 52.520822820598774 ], [ 16.992492623155137, 52.520874649279463 ], [ 16.992453977536822, 52.520916986246426 ], [ 16.992400848052554, 52.520956828860122 ], [ 16.992358671595714, 52.520979588276049 ], [ 16.992293010623165, 52.521012922194025 ], [ 16.992237111301176, 52.521035898412045 ], [ 16.992112912106503, 52.52107570409072 ], [ 16.991902695198412, 52.521136085729154 ], [ 16.991155649695767, 52.52135068972035 ], [ 16.990973305019416, 52.521417389249606 ] ], [ [ 16.994331147355147, 52.476639584081859 ], [ 16.994338739480902, 52.47658277862908 ], [ 16.994335505218984, 52.476543778260385 ], [ 16.994313520826321, 52.47648952928629 ], [ 16.994275857025951, 52.476452913137912 ], [ 16.994166901445741, 52.476380639492305 ], [ 16.993738376546148, 52.476096344730081 ], [ 16.993682155850344, 52.476059683407215 ] ], [ [ 16.991812772612409, 52.519335161624412 ], [ 16.991826956988039, 52.519286023721556 ], [ 16.991847973665543, 52.519264884090617 ], [ 16.991879462319012, 52.519253366206058 ], [ 16.992139097243754, 52.51928277688387 ], [ 16.992400758270968, 52.51931303085577 ], [ 16.992464122230295, 52.519320312107979 ], [ 16.99266330365592, 52.519343299250544 ], [ 16.992753653600083, 52.51935373648989 ], [ 16.992925849416984, 52.519373567066118 ], [ 16.993048174186782, 52.519387694507778 ], [ 16.99317972761903, 52.51940314761849 ], [ 16.993373020686096, 52.519425943737765 ], [ 16.993436282577051, 52.519435471307986 ], [ 16.993546174303102, 52.519457122456103 ], [ 16.993694690885071, 52.519495078563267 ], [ 16.993942455096775, 52.519558552200941 ], [ 16.993997982273484, 52.51957280523655 ], [ 16.994066771305885, 52.519512810386509 ], [ 16.994144764444925, 52.519444966627049 ], [ 16.994192686117628, 52.519522590305172 ], [ 16.994221660190473, 52.519569492043964 ], [ 16.994282346332451, 52.519667929001656 ], [ 16.993997982273484, 52.51957280523655 ] ], [ [ 16.994879999862043, 52.457962843133814 ], [ 16.99488473913777, 52.458052957145469 ], [ 16.994885381116642, 52.458064750656646 ] ], [ [ 16.991177012332681, 52.545520555790937 ], [ 16.991127537986692, 52.545437688325848 ], [ 16.991080880102942, 52.545364222677847 ], [ 16.991013681269642, 52.545262436158033 ], [ 16.990869483001312, 52.545044125903267 ], [ 16.990799808171428, 52.544938429682325 ], [ 16.990707914689619, 52.544799167351016 ], [ 16.990716263728647, 52.544768188970778 ], [ 16.991217825864375, 52.544571994548768 ] ], [ [ 16.99179940456051, 52.548277784830788 ], [ 16.991875562175984, 52.548244898976172 ], [ 16.991930501584413, 52.548221097008678 ], [ 16.992019552866356, 52.548164325244173 ], [ 16.992066096930039, 52.548094959789317 ], [ 16.992086966964283, 52.548038560150736 ], [ 16.992119605188716, 52.547950610460141 ], [ 16.992142989971136, 52.547842356636018 ], [ 16.992144481209856, 52.547835546304285 ], [ 16.992194806406228, 52.54760254953662 ], [ 16.992219089318567, 52.547474613516265 ], [ 16.992236870620374, 52.547375978396055 ], [ 16.992242254534329, 52.547293592428709 ], [ 16.992244706608624, 52.547256038047756 ], [ 16.992219578447525, 52.547166568615289 ], [ 16.992177259294863, 52.547075548315782 ], [ 16.992137341669032, 52.54701272076101 ], [ 16.992078016152497, 52.546919343202724 ], [ 16.992010157959573, 52.546812509335268 ], [ 16.991973540948049, 52.54675495439097 ], [ 16.991907341525227, 52.546650577053242 ], [ 16.991887790463522, 52.546619934658203 ], [ 16.991807682623293, 52.546493824979848 ], [ 16.991701563466364, 52.546326709729541 ], [ 16.991673074637358, 52.546281794636158 ], [ 16.991631225864108, 52.546216055958332 ], [ 16.991536813800014, 52.546067217679841 ], [ 16.991528272957492, 52.54605394111168 ], [ 16.991520157963194, 52.546041031540561 ], [ 16.991470604099167, 52.54596310972574 ], [ 16.991371742137847, 52.54581158744233 ], [ 16.991272336321501, 52.545659066468353 ], [ 16.991202192351732, 52.545557140132793 ], [ 16.991177012332681, 52.545520555790937 ], [ 16.990784853808108, 52.545601682255516 ], [ 16.990549227944911, 52.545650477818015 ], [ 16.990321202044758, 52.5456976031262 ], [ 16.989746609488076, 52.545806298342654 ], [ 16.989371717370094, 52.545867836142179 ], [ 16.989278237280558, 52.545866607639603 ] ], [ [ 16.995901016008617, 52.445061618413106 ], [ 16.995898276217652, 52.445021457008714 ], [ 16.995906887416528, 52.444932288722605 ], [ 16.995908364441934, 52.444899754081398 ], [ 16.995896321945079, 52.444863482459205 ], [ 16.995861331158792, 52.444836625712988 ], [ 16.995810983245573, 52.444820571720868 ], [ 16.995762584715976, 52.444813455196211 ], [ 16.995697970998595, 52.444816587192356 ], [ 16.995657327921332, 52.444826691435615 ], [ 16.995624080263973, 52.444845735541925 ], [ 16.995605124382919, 52.444870958231867 ], [ 16.995594858750774, 52.444899296398255 ], [ 16.99559549726078, 52.444920893751437 ], [ 16.995606055240682, 52.44493474421499 ], [ 16.995698500068016, 52.444999452040548 ], [ 16.99574821529275, 52.445022960694175 ], [ 16.9957933255569, 52.445037666708764 ], [ 16.995901016008617, 52.445061618413106 ], [ 16.996004817750315, 52.445096657142749 ], [ 16.996273371536486, 52.445169746082854 ], [ 16.996302919404926, 52.445177082585467 ], [ 16.996559081730183, 52.445241056421274 ], [ 16.996844339376068, 52.445312628225764 ], [ 16.997445852125779, 52.445463670177716 ], [ 16.997515857689834, 52.44548122568159 ], [ 16.997559323127973, 52.445418641402988 ], [ 16.997633042476906, 52.445312137249417 ], [ 16.997662495806544, 52.445269642925147 ], [ 16.997714163575317, 52.445194965144424 ], [ 16.997738420570752, 52.445159938080046 ], [ 16.997767567298432, 52.445117708369082 ], [ 16.997820329507746, 52.445041609975952 ], [ 16.997843642690977, 52.445007916064583 ], [ 16.997870415849491, 52.444969333830386 ], [ 16.997944288908023, 52.444862652201181 ], [ 16.997959885368203, 52.4448400705731 ], [ 16.998073614885257, 52.444675690224173 ] ], [ [ 16.996216235885974, 52.448652931942405 ], [ 16.996735360505173, 52.448098279006132 ], [ 16.997184198673807, 52.447460757942061 ] ], [ [ 16.996322223558106, 52.447239102431205 ], [ 16.996362126049082, 52.447183743653831 ], [ 16.99647478963664, 52.447026902035596 ], [ 16.996486571940608, 52.447010552032367 ], [ 16.996595675458245, 52.446847803623932 ], [ 16.996690446325374, 52.44669920327582 ], [ 16.996741239015389, 52.446624421142239 ], [ 16.996791569873643, 52.446550080881373 ], [ 16.996895854708871, 52.446396154994858 ], [ 16.997030577856894, 52.446197502939874 ], [ 16.996440962476242, 52.446046840454763 ], [ 16.996364745985392, 52.44602666063512 ], [ 16.996113992834331, 52.44596016972433 ], [ 16.9958557425925, 52.445883747310759 ], [ 16.99562612184495, 52.445808978962226 ], [ 16.995557513603629, 52.44578658905985 ], [ 16.995367378112565, 52.445714288497932 ], [ 16.995142081279621, 52.445628619357642 ], [ 16.994923325950236, 52.445528579756974 ], [ 16.994896225208716, 52.445515977723566 ], [ 16.994836548880865, 52.44548816235622 ], [ 16.99471421770556, 52.445423576567116 ], [ 16.994682304041486, 52.44540675543319 ], [ 16.994666921264418, 52.445398669403268 ], [ 16.994507851690049, 52.445310074846248 ], [ 16.994465911830034, 52.445287147283821 ], [ 16.994062490348519, 52.445052925152929 ], [ 16.993893809498093, 52.444945908066707 ], [ 16.993726347002667, 52.444841249948439 ], [ 16.993606535841646, 52.444760156069002 ] ], [ [ 16.995894383381927, 52.457977881664483 ], [ 16.998437763980448, 52.457537607364166 ], [ 16.998657781081995, 52.457457219887914 ], [ 16.998778433637963, 52.457399182224897 ], [ 16.998912189154197, 52.457341366190313 ] ], [ [ 16.995585679774631, 52.464964328317166 ], [ 16.995645597663181, 52.464955000428546 ], [ 16.995712926069018, 52.464944628847455 ], [ 16.996948165905373, 52.464737012400391 ], [ 16.997019842614097, 52.464724914863289 ], [ 16.99717609984345, 52.464698689623994 ], [ 16.997224797052716, 52.464689980384954 ], [ 16.997888563464191, 52.464571881682879 ], [ 16.997932621103402, 52.464649169596825 ], [ 16.998043144245745, 52.464845408827813 ], [ 16.998083776565277, 52.464917062187745 ], [ 16.99816706530347, 52.465064450586198 ], [ 16.998197882211237, 52.465118758519871 ], [ 16.998281723592232, 52.465266965675148 ], [ 16.998303534383457, 52.465305560889895 ], [ 16.998426370480527, 52.465522605219725 ], [ 16.998569990499032, 52.465528274070458 ], [ 16.998905342353062, 52.465446434418979 ], [ 16.999189229261113, 52.465382341362414 ], [ 16.999318851695165, 52.465342710752893 ], [ 16.99934152880882, 52.465307027062515 ], [ 16.999353914726516, 52.465280703271041 ], [ 16.999338774114307, 52.465244379752363 ], [ 16.999199075051376, 52.464941244924873 ] ], [ [ 16.995563126714366, 52.471478647617197 ], [ 16.995719625142215, 52.471444423273965 ], [ 16.995776452956147, 52.471431984816157 ], [ 16.995885942785183, 52.471408026600166 ], [ 16.995935481548813, 52.471397173465576 ], [ 16.99597521309671, 52.471388222816266 ], [ 16.996051847233819, 52.471370993087653 ], [ 16.996216418708105, 52.471334116644904 ], [ 16.996386794886096, 52.471295899226419 ], [ 16.996667281104255, 52.471233013588936 ], [ 16.996732843290559, 52.471329824099577 ], [ 16.99677618088911, 52.47139387844279 ], [ 16.996832908354357, 52.471477677317488 ], [ 16.996863686416667, 52.471523170407153 ], [ 16.996957536053642, 52.471636020154556 ], [ 16.996969551940179, 52.471650344805028 ], [ 16.997060916287964, 52.471759554629834 ], [ 16.997080336428414, 52.471782729191702 ], [ 16.997104384463, 52.471807781000663 ], [ 16.997204673450298, 52.471911835194234 ], [ 16.997314030976309, 52.472023778011049 ], [ 16.99744174897679, 52.471981148966627 ], [ 16.997450892811973, 52.471964664261989 ], [ 16.997445666264412, 52.471940291018477 ], [ 16.997321843184533, 52.471806337030927 ], [ 16.997282976030689, 52.4717865208574 ], [ 16.997245414259268, 52.471783366322292 ], [ 16.997080336428414, 52.471782729191702 ] ], [ [ 16.993541717297827, 52.520201953884815 ], [ 16.993628507925244, 52.520232297398422 ], [ 16.993744405325145, 52.520261335564065 ], [ 16.993795280069815, 52.520274160651894 ], [ 16.994212028350905, 52.520350482653804 ], [ 16.994281131674615, 52.520370991879034 ], [ 16.994326158036504, 52.52039891793558 ], [ 16.994346919200652, 52.520431919145402 ], [ 16.994360972684333, 52.520460039670695 ], [ 16.994372709317492, 52.520509887093439 ], [ 16.994350198330082, 52.520583258639938 ], [ 16.994242534048052, 52.520729479420588 ], [ 16.994234045621628, 52.520741028089191 ], [ 16.994086459250767, 52.52094143707285 ], [ 16.994060985339281, 52.520982738669659 ], [ 16.993972337896626, 52.521125773855466 ], [ 16.993936365504002, 52.521183896623484 ], [ 16.993854875749768, 52.521315450454566 ], [ 16.993801218126933, 52.521383077079875 ], [ 16.993723531894144, 52.521453803996756 ], [ 16.99364090158042, 52.52151976999334 ], [ 16.993550965813871, 52.521577787013349 ], [ 16.993472130008563, 52.521618723184098 ], [ 16.993455897956174, 52.521625463441829 ], [ 16.993367366464827, 52.521662367566314 ], [ 16.99327006431475, 52.521694355894233 ], [ 16.993232938517238, 52.521706588026952 ], [ 16.99314581088845, 52.521735330997771 ], [ 16.993134748045204, 52.521738651120408 ], [ 16.992994409867389, 52.521779892890336 ], [ 16.99271387187602, 52.521862558168486 ], [ 16.992703709395077, 52.521865533754976 ], [ 16.992449626437878, 52.521940372495436 ], [ 16.992436472052791, 52.521944286664379 ], [ 16.992185375978515, 52.522018276095238 ], [ 16.992158772434781, 52.522026099371026 ], [ 16.991574973712041, 52.522198055163315 ] ], [ [ 16.993541717297827, 52.520201953884815 ], [ 16.993664965793673, 52.519979096833545 ], [ 16.993725379233503, 52.519895844822976 ], [ 16.993733409243518, 52.519884648187642 ], [ 16.993828487371896, 52.519771943019343 ], [ 16.993997982273484, 52.51957280523655 ] ], [ [ 16.995785535207112, 52.47090803789844 ], [ 16.995794282025493, 52.470871129409971 ], [ 16.995846277582288, 52.470777030257864 ], [ 16.996028366422138, 52.470445346284585 ], [ 16.996079248955606, 52.470349789073431 ], [ 16.996136577369995, 52.470242018804235 ], [ 16.996228568904709, 52.470087705449444 ], [ 16.996266368678089, 52.470059653950422 ], [ 16.996325025518569, 52.470039331200979 ], [ 16.996367968557028, 52.470024498568378 ], [ 16.99647471908591, 52.469989430363434 ], [ 16.99664336392161, 52.469872482695372 ], [ 16.996694505710376, 52.469836022507735 ], [ 16.996700456621404, 52.46981849438896 ], [ 16.996702425691939, 52.469797840736732 ], [ 16.996663650175886, 52.469772809167722 ], [ 16.99661689591937, 52.469761313832556 ], [ 16.996579377139618, 52.469763736299086 ], [ 16.996541511339455, 52.469773798073795 ], [ 16.996500535589654, 52.469800446698891 ], [ 16.996344658408042, 52.469937847784358 ], [ 16.996331263479174, 52.469960376539724 ], [ 16.996325025518569, 52.470039331200979 ] ], [ [ 16.997030577856894, 52.446197502939874 ], [ 16.997048250519946, 52.446171358850485 ], [ 16.997154907018469, 52.446013785220735 ], [ 16.997187098262312, 52.445966120651825 ], [ 16.997296907491897, 52.445803923224055 ], [ 16.997357175580223, 52.445714910321406 ], [ 16.997398995005263, 52.445652927826437 ], [ 16.997458629487721, 52.445564893522864 ], [ 16.997511278312714, 52.445488073794294 ], [ 16.997515857689834, 52.44548122568159 ] ], [ [ 16.996962605004089, 52.45048514167172 ], [ 16.997031470958287, 52.450414443248611 ], [ 16.997100678742619, 52.45032971934819 ], [ 16.997161555117636, 52.45025016096065 ], [ 16.997210238001372, 52.450166798244716 ], [ 16.997234418481785, 52.450107575116846 ], [ 16.997255435826723, 52.450043441440513 ], [ 16.9972765343846, 52.449974272284464 ], [ 16.997293075439817, 52.449888746103781 ], [ 16.997298660305177, 52.449833795111559 ], [ 16.997298974646295, 52.449784691133608 ], [ 16.997299297718364, 52.449741883367665 ], [ 16.997293359983125, 52.449642394915706 ], [ 16.997269469025692, 52.449552496174086 ] ], [ [ 16.994743868619995, 52.545077910445997 ], [ 16.993851246623937, 52.545344481830703 ], [ 16.993560632344465, 52.545431296290637 ], [ 16.993008937393377, 52.545604254711343 ], [ 16.992906180169296, 52.545638219161205 ], [ 16.992810634229723, 52.545669337729635 ] ], [ [ 16.994144764444925, 52.519444966627049 ], [ 16.99432813883616, 52.519225916485809 ], [ 16.994410580883869, 52.519089521551564 ], [ 16.994426403378732, 52.519039961410506 ], [ 16.994428339899009, 52.518997451251586 ], [ 16.994428745216595, 52.518988553776424 ], [ 16.994417418114153, 52.518939432830926 ], [ 16.994401646595719, 52.518890776199889 ] ], [ [ 16.996474611928122, 52.470893091009827 ], [ 16.996508840386337, 52.470953393392733 ], [ 16.996667281104255, 52.471233013588936 ] ], [ [ 16.994282346332451, 52.519667929001656 ], [ 16.994568864399167, 52.519757871897411 ], [ 16.994827185946217, 52.519838881584036 ], [ 16.995077802146934, 52.519917511552336 ], [ 16.995358548852764, 52.520001508421053 ], [ 16.995378041838375, 52.520007325216056 ], [ 16.995634054022993, 52.520084066673611 ], [ 16.996018227464891, 52.520199045521323 ], [ 16.996100763340195, 52.520219241542442 ], [ 16.996112617132006, 52.520220855731843 ], [ 16.996146776604022, 52.520225507388666 ], [ 16.996190387405772, 52.520226246013792 ], [ 16.996241872278155, 52.520222440951351 ], [ 16.996296365022527, 52.520210861779347 ], [ 16.996366896254923, 52.52018381419861 ], [ 16.996416796609726, 52.52015650714408 ], [ 16.996464911740542, 52.520100388127098 ], [ 16.996493711181245, 52.519950311497666 ] ], [ [ 16.992925128368025, 52.549732994090498 ], [ 16.993061725167252, 52.549723977860062 ], [ 16.993362005332173, 52.549704065698052 ], [ 16.993802874732847, 52.549674933548374 ], [ 16.993821520885636, 52.549673720614422 ], [ 16.994134229805635, 52.549653027819197 ], [ 16.99414917784042, 52.549652021980904 ], [ 16.994444866206685, 52.54963247896211 ], [ 16.994500067402669, 52.549628827354823 ], [ 16.99483763856507, 52.549606485343546 ], [ 16.995354278106348, 52.549572335222223 ], [ 16.995536160209962, 52.549560305632568 ], [ 16.995576560695941, 52.549557662032569 ], [ 16.995994788392821, 52.549529937096914 ], [ 16.996424261366421, 52.549501501643171 ], [ 16.996696711000524, 52.549483538311783 ], [ 16.996886434963432, 52.549471009797124 ], [ 16.997545735908798, 52.549427392320808 ], [ 16.997714958115889, 52.549411457538127 ], [ 16.997949811683, 52.54939285523507 ], [ 16.99798718947233, 52.549388540715057 ], [ 16.998428851614612, 52.549358055640077 ], [ 16.999335128275455, 52.549295220013676 ], [ 16.999595031688873, 52.549277307752327 ], [ 16.999956420512582, 52.549256702894404 ], [ 17.000229256876569, 52.549243145159842 ], [ 17.000532852778296, 52.549228037813577 ], [ 17.000667866136116, 52.549221324570489 ], [ 17.000752829147714, 52.54923805011412 ], [ 17.000797171314641, 52.549259036229721 ], [ 17.000830325425923, 52.549282711489525 ], [ 17.000890564902008, 52.549333737046723 ], [ 17.000928089682688, 52.549365131210905 ], [ 17.000973644924695, 52.549391894062268 ], [ 17.001013633841666, 52.549411277541239 ], [ 17.001080950451019, 52.549426715411087 ], [ 17.001226430993128, 52.549446171671207 ], [ 17.001807578458582, 52.549508601686661 ], [ 17.002594054936448, 52.549565770081756 ], [ 17.00409860316886, 52.549688741233332 ], [ 17.004475853553007, 52.549725053733241 ], [ 17.004644546165903, 52.549750023877692 ], [ 17.004924671320357, 52.549803495284095 ], [ 17.00506045417281, 52.549828629574783 ], [ 17.005166047211151, 52.549859011144783 ], [ 17.005243325606898, 52.549892333181148 ], [ 17.005319883255925, 52.549925283248918 ], [ 17.005396352079622, 52.549982965906132 ], [ 17.005656456956551, 52.550259964549731 ], [ 17.005964646453542, 52.550595965444074 ], [ 17.00620770125342, 52.550839127047354 ], [ 17.006327644812661, 52.550943591935116 ], [ 17.006717377908277, 52.55126468485404 ], [ 17.00711600219552, 52.551545991786 ], [ 17.007550314022339, 52.551756214164762 ], [ 17.008375509192614, 52.551989023222887 ], [ 17.008644492150921, 52.552054350426367 ], [ 17.008801065283386, 52.552080010053977 ], [ 17.008947683271096, 52.552081127646233 ], [ 17.009090395748146, 52.552073994613501 ], [ 17.009280467732047, 52.552047421037749 ], [ 17.009445284359632, 52.552014845963747 ], [ 17.00956126523047, 52.551969127248007 ], [ 17.00971392916983, 52.551934458626796 ], [ 17.010059205695743, 52.551856168690378 ], [ 17.010338167699615, 52.551821644071815 ], [ 17.010426902550424, 52.551810633865358 ], [ 17.010698342604663, 52.551782547730625 ], [ 17.01105307277291, 52.55170396410486 ], [ 17.011376387916322, 52.551598948201764 ], [ 17.011474996707552, 52.551565347747179 ], [ 17.011640761010622, 52.551488893761707 ], [ 17.011826859805371, 52.551403247280412 ], [ 17.0119527196977, 52.551347798562006 ], [ 17.012179393190483, 52.551255637734101 ], [ 17.012340552985933, 52.55121571191787 ], [ 17.012524355081091, 52.551193884741494 ], [ 17.012616742853325, 52.551186891705662 ], [ 17.012696802197887, 52.551188236088343 ], [ 17.012829871765817, 52.551195237452355 ], [ 17.012943219184454, 52.551217467534379 ], [ 17.013027726746756, 52.551241192041068 ], [ 17.01317397655437, 52.551302649440757 ], [ 17.01334270484595, 52.551379324453869 ], [ 17.013582780198682, 52.551503247160383 ], [ 17.013740240859494, 52.55158440946574 ], [ 17.013852637141166, 52.55163099703109 ], [ 17.013932510395342, 52.551656082182085 ], [ 17.014186558294544, 52.551728791194883 ], [ 17.014276958430926, 52.551746227775148 ], [ 17.014366483479691, 52.551756903941374 ], [ 17.014423617543731, 52.551759481469155 ], [ 17.014499544256736, 52.551757607313853 ], [ 17.014559106351843, 52.551748892797875 ], [ 17.014620222624448, 52.551735167563322 ], [ 17.014657337127399, 52.551726885902895 ], [ 17.014699621482105, 52.55171194529305 ], [ 17.014758991277802, 52.551684609424058 ], [ 17.014789503266183, 52.551665693735963 ], [ 17.01481259044979, 52.551647822744584 ], [ 17.014839317538218, 52.551617960554431 ], [ 17.014911110814381, 52.551537677182054 ], [ 17.014995046177379, 52.55141721339082 ], [ 17.015035630692189, 52.551364738271431 ], [ 17.01508550673811, 52.551328698505259 ], [ 17.015160242877005, 52.551274727452451 ], [ 17.015248773222954, 52.551222426763019 ], [ 17.015344844649889, 52.551182844371787 ], [ 17.016236948122309, 52.550799897154363 ], [ 17.017198711323861, 52.550501306878758 ], [ 17.017255122983965, 52.550503511177794 ], [ 17.017284933634748, 52.5505033810133 ], [ 17.017330172501374, 52.550504678557708 ], [ 17.017361093767025, 52.550506095996418 ], [ 17.017387573232618, 52.550511126643869 ], [ 17.017417425070782, 52.550519901407654 ], [ 17.017467946259536, 52.550544762287423 ], [ 17.017567820578364, 52.550600760364226 ], [ 17.017779756028006, 52.550750106476634 ], [ 17.017912267571255, 52.550838220580161 ], [ 17.01797756643122, 52.55087241288593 ], [ 17.018063491391395, 52.550900744568068 ], [ 17.018221019795416, 52.550941248169607 ], [ 17.018249024245851, 52.550948462768638 ], [ 17.018670475041095, 52.551062010705657 ], [ 17.018889887792188, 52.551150319324307 ], [ 17.019036538082439, 52.551225986978729 ], [ 17.019113963302893, 52.551295638924891 ], [ 17.019149520475466, 52.551357934347806 ], [ 17.019177241623002, 52.551456615099404 ], [ 17.019203932915392, 52.551574885983243 ], [ 17.019146156840034, 52.551730688055059 ], [ 17.019120778290297, 52.551835495536373 ], [ 17.019137608903449, 52.551956479531007 ], [ 17.019220515842896, 52.552019117714039 ], [ 17.019287638769541, 52.552058736325705 ], [ 17.019352645160954, 52.552076553491048 ], [ 17.019441089211011, 52.552091614874264 ], [ 17.019540202410752, 52.552099119709133 ], [ 17.019716309040767, 52.552107283182323 ], [ 17.020161198244018, 52.552087294111772 ], [ 17.020438679588548, 52.552029785720734 ], [ 17.020571701870537, 52.551988748490317 ], [ 17.02072536345063, 52.55192188314151 ], [ 17.021326726991536, 52.551660943357646 ], [ 17.021438768084131, 52.551623781655366 ], [ 17.021529136128919, 52.551609192763429 ], [ 17.021654845504472, 52.55159618394255 ], [ 17.021808745993006, 52.551592820293081 ], [ 17.021916783435646, 52.551607844081538 ] ], [ [ 16.994350198330082, 52.520583258639938 ], [ 16.994422130231129, 52.520596710242756 ], [ 16.994737119054808, 52.520676791862229 ], [ 16.995486561137756, 52.52089788919973 ], [ 16.995852798750501, 52.520998893335083 ], [ 16.99606213606064, 52.521058113792719 ], [ 16.996043491675852, 52.521166448949053 ], [ 16.996006196514212, 52.521260167285966 ], [ 16.995811105736546, 52.521610248089551 ], [ 16.995724905947153, 52.521748199265474 ], [ 16.995682988622672, 52.521813866978846 ], [ 16.995656819845465, 52.521847781823418 ], [ 16.995627274476455, 52.521878131688801 ], [ 16.995595207928435, 52.521908798606205 ], [ 16.995562482352785, 52.521931269552297 ], [ 16.99551290277698, 52.521961190033615 ], [ 16.995445490966375, 52.521997374198634 ], [ 16.995320784346099, 52.522048327553861 ], [ 16.994991741083922, 52.522150323545254 ], [ 16.99425896443104, 52.522362400699414 ], [ 16.993981826515743, 52.52243190502881 ], [ 16.993890396667329, 52.522451491380153 ], [ 16.993575438546216, 52.522558129490314 ], [ 16.993173046828645, 52.522687208580962 ], [ 16.992768098595892, 52.522820560202213 ], [ 16.992370036364722, 52.522951598838794 ], [ 16.992215699911377, 52.52299575017981 ] ], [ [ 16.994479554222689, 52.525822282834085 ], [ 16.994626207492807, 52.525778627882168 ], [ 16.994710820842869, 52.525753438888223 ], [ 16.995518257115375, 52.525518968572015 ], [ 16.995968037655228, 52.525398868879442 ], [ 16.997017076337062, 52.525104531029896 ], [ 16.997820468356224, 52.524851448467388 ], [ 16.998179551329521, 52.524737720582252 ], [ 16.998296552094573, 52.524700664905225 ], [ 16.998601499201161, 52.524596992884 ], [ 16.998912664639164, 52.524473278078432 ], [ 16.999086581592696, 52.524390863713229 ], [ 16.99914366349179, 52.524354862564032 ], [ 16.999247409977563, 52.524278456718314 ], [ 16.999387843174969, 52.524131346520356 ], [ 16.999556696756603, 52.523939655362319 ], [ 16.999792135152529, 52.523690986622512 ], [ 16.999916993633384, 52.523568526650166 ], [ 17.000013177697056, 52.523457274405452 ], [ 17.000137634038975, 52.523337145918596 ], [ 17.000458729930042, 52.522984780614472 ], [ 17.000677371495954, 52.522755074027593 ], [ 17.000764035798781, 52.522642311175758 ], [ 17.00078796285753, 52.522612224888448 ], [ 17.000823520531277, 52.522572801187934 ], [ 17.000839435120497, 52.522553552518943 ], [ 17.000870309595498, 52.522506854253194 ], [ 17.000960497268736, 52.522397658560322 ], [ 17.001005441553634, 52.522343103133203 ], [ 17.001072730487476, 52.522273814820778 ], [ 17.001206219096311, 52.522227410999761 ], [ 17.001508838786968, 52.52215823030533 ], [ 17.001651809897684, 52.522114054840387 ], [ 17.001719851592359, 52.522080126379343 ], [ 17.001745571670114, 52.522059244345442 ], [ 17.001988301285582, 52.522107505509091 ], [ 17.002324699972217, 52.522187478565975 ], [ 17.002575741287014, 52.522247571405764 ], [ 17.00274165287567, 52.522282751627571 ], [ 17.003020185891817, 52.522338180859009 ], [ 17.003428811900541, 52.522405788459352 ], [ 17.003587606942734, 52.522438598825033 ], [ 17.00420364251919, 52.522566097377535 ], [ 17.004281799035194, 52.522585494210155 ], [ 17.004079394884322, 52.522636869468066 ], [ 17.002061280111437, 52.524781386575633 ], [ 17.00302435294655, 52.525123446100721 ], [ 17.003785377887308, 52.525408470800379 ], [ 17.0041817026149, 52.52566658112363 ], [ 17.004357616240149, 52.525769680100169 ], [ 17.004535801218658, 52.525832395896721 ], [ 17.003918122832417, 52.526311015587169 ] ], [ [ 16.997154801479759, 52.470885724732362 ], [ 16.997325134768758, 52.470747847857695 ], [ 16.997391033425512, 52.47069454801133 ], [ 16.997498361120332, 52.470607861087792 ], [ 16.997621508260629, 52.47051334701662 ], [ 16.997723885239971, 52.470435120696344 ], [ 16.997735461678865, 52.470426682127574 ], [ 16.997776269434851, 52.47039724198536 ], [ 16.997857124466723, 52.470338888445099 ], [ 16.997987015285418, 52.470245027834231 ], [ 16.998111662121165, 52.470166098874607 ], [ 16.998156039031212, 52.470145623429012 ], [ 16.998200481797056, 52.47013018591727 ], [ 16.998225850933878, 52.470122880212394 ], [ 16.99828459392571, 52.470113621004018 ], [ 16.998342773026057, 52.470107050526678 ], [ 16.998413428636638, 52.470101410744064 ], [ 16.998521243952691, 52.470098018831152 ], [ 16.998597803191924, 52.470098595013653 ], [ 16.998690726121122, 52.470095580507675 ], [ 16.998794315074754, 52.470097693317257 ], [ 16.99886744463376, 52.470099200664379 ], [ 16.998970865682406, 52.470098522229911 ], [ 16.99904629245578, 52.470098089581057 ], [ 16.999165918139528, 52.470097325390277 ], [ 16.999226383623029, 52.470102036097956 ], [ 16.999311922037176, 52.470118953560913 ], [ 16.999384244449256, 52.470138255740459 ], [ 16.999540333035387, 52.47018757693742 ], [ 16.999691630678797, 52.470235377791539 ], [ 16.999719797942831, 52.470244308921885 ], [ 16.999844536136557, 52.470289951403345 ], [ 16.999937382756016, 52.470324351105774 ], [ 16.999999085718645, 52.470347250924149 ], [ 17.000000087362167, 52.470347897468507 ], [ 17.000057115433169, 52.47038295050357 ], [ 17.000101623469497, 52.470427775503239 ], [ 17.000118098130148, 52.470457465623852 ], [ 17.000153897603933, 52.470522200720318 ], [ 17.000224804457456, 52.470640955901878 ], [ 16.999947972602403, 52.470698155349559 ], [ 16.999830523235417, 52.470722342452312 ], [ 16.999748752963246, 52.470739217909646 ], [ 16.999653451668166, 52.470758922509567 ], [ 16.999568128826805, 52.470776187467699 ], [ 16.999477757331515, 52.470794356336505 ], [ 16.999358671497667, 52.47081239913436 ], [ 16.999302907856841, 52.470820899794361 ], [ 16.999105218423988, 52.470847686153668 ], [ 16.998975036047582, 52.470853848163841 ], [ 16.99880529404863, 52.470861948956653 ], [ 16.99876211232182, 52.470862567364797 ], [ 16.998613255353927, 52.470864815211947 ], [ 16.998565078030609, 52.470865169115775 ], [ 16.998419380942952, 52.470865941158713 ], [ 16.998364409366175, 52.470866719644562 ], [ 16.998221594469108, 52.470868889380121 ], [ 16.998166909067024, 52.470869852505288 ], [ 16.998019944863998, 52.47087258136326 ], [ 16.997969825777123, 52.470873531756823 ], [ 16.997769349413698, 52.470877333118509 ], [ 16.997510974366055, 52.470881502891416 ], [ 16.997376997713182, 52.470883641380375 ], [ 16.997311282766802, 52.470884237443414 ], [ 16.997154801479759, 52.470885724732362 ], [ 16.99711144806432, 52.470886879290994 ], [ 16.996927442293781, 52.470891228012071 ], [ 16.996740063647358, 52.470892011514508 ], [ 16.996474611928122, 52.470893091009827 ], [ 16.996174428656367, 52.470900057334461 ], [ 16.996157622803736, 52.470900402169327 ], [ 16.996094814461781, 52.470901856299569 ], [ 16.99589992623179, 52.470905839128335 ], [ 16.995785535207112, 52.47090803789844 ], [ 16.995395145986539, 52.470932721323564 ], [ 16.995267894564105, 52.470955388603613 ], [ 16.995154538201202, 52.470976942161521 ], [ 16.995048012802066, 52.470997262271716 ], [ 16.994928785946403, 52.471024832245035 ], [ 16.994899274587453, 52.471032516733416 ], [ 16.994618983801434, 52.471116987946964 ], [ 16.994040542520203, 52.471338512251691 ], [ 16.993896107076058, 52.471402170662522 ], [ 16.993630557618278, 52.471505687824433 ], [ 16.993263331666025, 52.471636171068873 ], [ 16.993017741841289, 52.471725004994219 ], [ 16.99168932182635, 52.472295450541566 ], [ 16.991482718381338, 52.47237864734025 ] ], [ [ 16.997261907312648, 52.473288309987495 ], [ 16.997325190912047, 52.473364034752009 ], [ 16.997359265794859, 52.473408324308586 ], [ 16.997437700322198, 52.473529906909143 ], [ 16.997494734978606, 52.473623244619695 ], [ 16.997513249101303, 52.473653419344537 ], [ 16.99761023586025, 52.473859503029622 ], [ 16.997659819266662, 52.473964497077574 ], [ 16.997701891304455, 52.474053264048635 ], [ 16.997757273383584, 52.474170048875372 ], [ 16.997858159135276, 52.47433572379002 ], [ 16.997880925996441, 52.47436956818575 ], [ 16.99801732998591, 52.474554282660861 ], [ 16.998049542059373, 52.47459746114373 ], [ 16.99813581351151, 52.474715218384823 ], [ 16.998240955780993, 52.474858569078933 ], [ 16.99834866610761, 52.47500052404272 ], [ 16.998373543194596, 52.475033324730859 ], [ 16.998505456589726, 52.475203481700639 ], [ 16.998726558225275, 52.47546940851155 ], [ 16.998922393718789, 52.475642985203365 ], [ 16.999048399587103, 52.47574540412608 ], [ 16.99927941757046, 52.475906533673367 ], [ 16.999559268947838, 52.47605625648562 ], [ 17.000000089652946, 52.476284613157922 ], [ 17.000390845593742, 52.476506185398463 ], [ 17.000442460303375, 52.476540606968491 ], [ 17.000664069605346, 52.476688532859697 ], [ 17.000804182641843, 52.476782104056447 ], [ 17.001125683858142, 52.477040099383096 ], [ 17.002464601777916, 52.476478989524225 ], [ 17.002904965724582, 52.476288551312152 ], [ 17.003262220075538, 52.476183323740237 ], [ 17.00371489961276, 52.476101382254313 ], [ 17.004300483897129, 52.476025009793197 ], [ 17.004530979434566, 52.475963780218365 ], [ 17.004979151510625, 52.47575997461076 ], [ 17.005112110942825, 52.475718774847749 ], [ 17.005135919279347, 52.475706944157743 ], [ 17.005303627905473, 52.4756236971932 ], [ 17.00545520087211, 52.4755487224771 ], [ 17.007461676744565, 52.474554763270035 ], [ 17.008203704846768, 52.474187162641464 ], [ 17.010464812443718, 52.473050743964215 ], [ 17.01175319936841, 52.472409350134427 ], [ 17.01229123964767, 52.472141369469291 ], [ 17.012568767095608, 52.472003203925922 ], [ 17.012796968177721, 52.471881028271277 ], [ 17.013647670555745, 52.471384352592366 ], [ 17.013958058016591, 52.471203113288972 ], [ 17.014287042696928, 52.471011122435897 ], [ 17.014511609769375, 52.470884385338337 ], [ 17.01471513691893, 52.470806223738364 ], [ 17.015376960102213, 52.470552269644223 ], [ 17.015791411247779, 52.470421251368911 ], [ 17.016124694783535, 52.47029381690399 ], [ 17.016231363541944, 52.470247126911936 ], [ 17.016390636313556, 52.470160574911105 ], [ 17.016589077518439, 52.470054532352592 ], [ 17.016838004717982, 52.469886915517407 ], [ 17.017175667819785, 52.469697940459575 ], [ 17.017233047492702, 52.469669760927637 ], [ 17.017299674958554, 52.469635710220906 ], [ 17.017492863263019, 52.469515367067388 ], [ 17.017664383610633, 52.469385576119748 ], [ 17.018512810707779, 52.468878214505878 ], [ 17.018671361049613, 52.468781303903178 ], [ 17.018815848701198, 52.46866302083793 ], [ 17.018941916664989, 52.468531836977647 ], [ 17.019017004331729, 52.468414279849441 ], [ 17.019094941947717, 52.468220138787807 ], [ 17.019137410571108, 52.468113997624513 ], [ 17.019229466179635, 52.467969471789424 ], [ 17.019323815411536, 52.467777134503734 ], [ 17.019536748352149, 52.46749225284151 ], [ 17.019582599323602, 52.467399299875702 ], [ 17.019494890419441, 52.467394593021076 ], [ 17.019242887400317, 52.467382007536052 ], [ 17.018863785528538, 52.467362975000405 ], [ 17.018829549901707, 52.467361232178966 ], [ 17.018523031994881, 52.467345932967341 ], [ 17.018160388391472, 52.467327713604924 ], [ 17.018114025682472, 52.467320550627747 ], [ 17.018082234469116, 52.467303738090507 ], [ 17.018045021821578, 52.467269925349761 ], [ 17.017955719229533, 52.467153211289485 ], [ 17.017933458146725, 52.467124236217551 ], [ 17.017824521053463, 52.466988934473243 ], [ 17.017793973633768, 52.466951006037917 ], [ 17.017662510605536, 52.46678609498624 ], [ 17.017561722479133, 52.466659564139306 ], [ 17.017441812083977, 52.466516163049256 ], [ 17.017332012913329, 52.466383724549786 ], [ 17.017289908087164, 52.46629496413631 ], [ 17.017129560315947, 52.466320607667555 ], [ 17.016835415229721, 52.466367662296953 ], [ 17.016608170275994, 52.466403965778561 ], [ 17.016511088078946, 52.46641780768357 ], [ 17.016345677893803, 52.466441386491795 ], [ 17.016260007386911, 52.466453620751849 ], [ 17.015969205495683, 52.466495062892889 ], [ 17.015946079357384, 52.466498452503629 ], [ 17.015701644065309, 52.466533836228002 ], [ 17.015568237135049, 52.466553094027155 ], [ 17.015519765262045, 52.466560105669579 ], [ 17.015350037989045, 52.466584689963234 ], [ 17.015265102727671, 52.466596935845338 ], [ 17.015181348716073, 52.46660911155 ], [ 17.014943435658598, 52.466643523866317 ], [ 17.014854053123926, 52.466656414346971 ], [ 17.014618510259723, 52.466690506028129 ], [ 17.014555953032222, 52.466699619320877 ], [ 17.014313591960498, 52.466734675241206 ], [ 17.01423902994533, 52.466745475594543 ], [ 17.014164467894826, 52.466756275900494 ], [ 17.013995928555126, 52.466780608378315 ], [ 17.013917066465517, 52.466792055858683 ], [ 17.013683635337287, 52.46683481571138 ], [ 17.013603302956078, 52.466849476246416 ], [ 17.013442289935142, 52.466886526428851 ], [ 17.013407319412046, 52.466894573509109 ], [ 17.013213150382317, 52.466958229259575 ], [ 17.013173526191942, 52.466971504740847 ], [ 17.012925170407264, 52.467054576790517 ], [ 17.012906893263281, 52.467061465136048 ], [ 17.012768306482162, 52.467113911783564 ], [ 17.012630916885435, 52.467165928673602 ], [ 17.012606946407654, 52.467174969874634 ], [ 17.012449178434828, 52.467234738972088 ], [ 17.012365275385871, 52.46726651783495 ], [ 17.012339956074417, 52.467276075971007 ], [ 17.012178867542403, 52.46733434980522 ], [ 17.011820015461122, 52.467464041550684 ], [ 17.011714065914781, 52.467504623512646 ], [ 17.011491349216968, 52.467593790095776 ], [ 17.011448193414058, 52.467610243579209 ], [ 17.011274797614814, 52.467676853854314 ], [ 17.011180876418727, 52.467715209157738 ], [ 17.011076633606866, 52.467753840505473 ], [ 17.010941072075681, 52.467807685066745 ], [ 17.010716446990255, 52.467906442045596 ], [ 17.010691213318385, 52.467917350423356 ], [ 17.010638338673992, 52.467940295929225 ], [ 17.010572232916751, 52.46796598695299 ], [ 17.010403422347807, 52.468025567578671 ], [ 17.010171735751065, 52.468114310959052 ], [ 17.009257507119493, 52.468439719467824 ], [ 17.008623832463257, 52.468650760713707 ], [ 17.007961726048098, 52.468878139073411 ], [ 17.006806683375, 52.469252088901612 ], [ 17.006268875333891, 52.469433523081364 ], [ 17.006069976156926, 52.469513367226817 ], [ 17.005990930613475, 52.469551519555374 ], [ 17.005824606282268, 52.469643785084955 ], [ 17.005715244952754, 52.469730265270037 ], [ 17.005609919593052, 52.469838219949246 ], [ 17.005600430369835, 52.469849392781136 ], [ 17.005592352701701, 52.469865176531194 ], [ 17.005511212731722, 52.469995215366886 ], [ 17.00547503582569, 52.470078702281214 ], [ 17.005446169221219, 52.470166629764648 ], [ 17.00538018766672, 52.470427162200295 ], [ 17.00532206657957, 52.470735317285175 ], [ 17.004907861728178, 52.470641984423537 ], [ 17.004792099247162, 52.470615926539836 ], [ 17.004514067078624, 52.470553311785217 ], [ 17.004491324298314, 52.470548161019472 ], [ 17.004219221160724, 52.470487984141229 ], [ 17.004092940669107, 52.470460039133258 ], [ 17.003959714227587, 52.470429368391358 ], [ 17.003707251717891, 52.470371320700195 ], [ 17.003684950632984, 52.470366177234112 ], [ 17.003491575786221, 52.470323787305411 ], [ 17.002972268823946, 52.470209874963054 ], [ 17.002788802136553, 52.470195893430486 ], [ 17.002629775388414, 52.470191858410892 ], [ 17.002591511907362, 52.470191212131269 ], [ 17.002457902233012, 52.470198309450495 ], [ 17.002402241074016, 52.470201326745766 ], [ 17.002319726880831, 52.470208657399411 ], [ 17.002276747125752, 52.470214587161252 ], [ 17.002234356028701, 52.470220526851996 ], [ 17.002095525681803, 52.47024858233123 ], [ 17.002065647829301, 52.470254643423949 ], [ 17.001929196381944, 52.470282199239641 ], [ 17.001896048226207, 52.470288924582192 ], [ 17.001761971612666, 52.470316070614793 ], [ 17.00173120252094, 52.470322296450782 ], [ 17.001593115530728, 52.470350184017988 ], [ 17.001563981526633, 52.470356077668058 ], [ 17.00139021566218, 52.470391277077198 ], [ 17.001379664929406, 52.470393347349692 ], [ 17.001171156530578, 52.470437942985356 ], [ 17.00100815367772, 52.470472874039629 ], [ 17.000803503506585, 52.470516814702286 ], [ 17.000678570359007, 52.470543664371569 ], [ 17.000624434788424, 52.470555251253657 ], [ 17.000450872115245, 52.47059243148275 ], [ 17.000224804457456, 52.470640955901878 ], [ 17.000444835167464, 52.471014703851743 ], [ 17.000536380755712, 52.471165557829458 ], [ 17.000627549165614, 52.4713052523649 ], [ 17.000748650945656, 52.4714441936665 ], [ 17.000783049720088, 52.471481382179363 ], [ 17.000936303020634, 52.471502411308919 ], [ 17.000996595986805, 52.471514223710379 ], [ 17.001026351150209, 52.471527138872588 ], [ 17.001029000238074, 52.471527183651254 ], [ 17.001075231123902, 52.471569788798057 ], [ 17.001103585055922, 52.471613620795438 ], [ 17.001104616434471, 52.47164610780694 ], [ 17.001083610647722, 52.471664371039346 ], [ 17.000981184091096, 52.471695019320791 ], [ 17.001016290598518, 52.471732849329051 ], [ 17.00113552933551, 52.471864203469039 ] ], [ [ 16.997261907312648, 52.473288309987495 ], [ 16.997339993201386, 52.473239174065753 ], [ 16.997516963780726, 52.473120747146538 ], [ 16.997614181487538, 52.473065459072849 ], [ 16.997949840470508, 52.472919767161081 ], [ 16.99804401376511, 52.472889341536856 ], [ 16.998127574567373, 52.472865571895738 ], [ 16.998178053240679, 52.472752917734645 ], [ 16.998246089410554, 52.472629857473876 ], [ 16.998285738113626, 52.47256109224378 ], [ 16.998337440203183, 52.472466897131781 ], [ 16.998404126752149, 52.472347591562439 ], [ 16.998443028479389, 52.472295273290207 ], [ 16.998509154663907, 52.472178566538346 ], [ 16.998586722946211, 52.472059624923133 ], [ 16.998609059935323, 52.472015301052643 ], [ 16.998603991809315, 52.471987422751155 ], [ 16.998669306286907, 52.471972967888135 ], [ 16.998687095804122, 52.471954200930952 ], [ 16.99869866048639, 52.471910324345963 ], [ 16.998690693032373, 52.471874931675188 ], [ 16.99867012316956, 52.471851108322994 ], [ 16.998591362474489, 52.471782137919057 ], [ 16.998558125021873, 52.471771321848536 ], [ 16.99850043354439, 52.471770345447077 ], [ 16.998379789764236, 52.471773969954491 ], [ 16.998452410319974, 52.471848413073936 ], [ 16.998603991809315, 52.471987422751155 ] ], [ [ 16.998609696117214, 52.447810172509413 ], [ 16.999545996535488, 52.446397544849411 ] ], [ [ 16.997888563464191, 52.464571881682879 ], [ 16.997926551529872, 52.464565509258286 ], [ 16.998445356842243, 52.46447778245718 ], [ 16.998752987431196, 52.464425785033633 ], [ 16.998836242608366, 52.464411633763653 ], [ 16.998913260458195, 52.464398636094415 ], [ 16.998949275686964, 52.464406530983446 ], [ 16.999281320685228, 52.464364929068282 ], [ 16.999370646964881, 52.464363022522278 ], [ 16.999466913626296, 52.464360693663551 ], [ 16.999474549413062, 52.464364420585916 ], [ 16.999499798493616, 52.464372672828908 ], [ 16.999520812486576, 52.46437689590396 ], [ 16.999531370430422, 52.464377884007583 ], [ 16.999549261299762, 52.464379535823483 ], [ 16.999574913885546, 52.464378890464999 ], [ 16.999595796186888, 52.46437627558911 ], [ 16.9996087243664, 52.464373706040369 ], [ 16.99962528189716, 52.464369039240808 ], [ 16.999637118476993, 52.464364562408477 ], [ 16.999642963192247, 52.46436232274727 ], [ 16.999667751524303, 52.464348261160019 ], [ 16.999686947802783, 52.464330867005309 ], [ 16.999696424624744, 52.464316726289937 ], [ 16.999698283689629, 52.464311451068212 ], [ 16.999701638243124, 52.464302423514809 ], [ 16.999702890670797, 52.464284545934447 ], [ 16.999697697146981, 52.464265929710635 ], [ 16.999688792781409, 52.464251208230444 ], [ 16.999676275383976, 52.464238224502402 ], [ 16.999656294247011, 52.464224215079597 ], [ 16.999636387343667, 52.46421506386077 ], [ 16.999631768298109, 52.464213006965075 ], [ 16.999603269822224, 52.46420496961143 ], [ 16.999583085802399, 52.464201929857104 ] ], [ [ 16.99908114769805, 52.441279107478607 ], [ 16.999118875902955, 52.441313744793291 ], [ 16.999150441722218, 52.441334966110489 ], [ 16.999179117775665, 52.441345255305372 ], [ 16.999234201426116, 52.44135743050461 ], [ 16.99936631360011, 52.441371718696963 ], [ 16.999893141941527, 52.441406176719163 ], [ 17.000000186759646, 52.441418241235432 ], [ 17.000233608561413, 52.441444495856729 ], [ 17.000553134136045, 52.441480481086614 ], [ 17.00097165331848, 52.441527583444184 ], [ 17.001044871701776, 52.441535837066681 ], [ 17.001570825402869, 52.441592938641847 ], [ 17.002067336987484, 52.441646931945456 ], [ 17.003183356111226, 52.441769132136479 ], [ 17.003258487287845, 52.441777416688353 ], [ 17.003607408881219, 52.441817667737084 ], [ 17.003512631609055, 52.44205504792518 ], [ 17.003044087505852, 52.443159289657217 ], [ 17.002884676603696, 52.443530313389417 ] ], [ [ 16.997769349413698, 52.470877333118509 ], [ 16.997800935524701, 52.470947214330359 ], [ 16.997917637637283, 52.471140679812123 ], [ 16.99801007820006, 52.471291101235991 ], [ 16.998027634982591, 52.471319640705694 ], [ 16.998114106317541, 52.471455570030841 ], [ 16.998219036431994, 52.471596938520861 ], [ 16.998336463628476, 52.471729074374366 ], [ 16.998357826222605, 52.471751651995923 ], [ 16.998379789764236, 52.471773969954491 ] ], [ [ 16.9945370472857, 52.543346429476891 ], [ 16.998073351158318, 52.542040438615132 ], [ 16.998637206044553, 52.54183222523217 ], [ 16.998866470055653, 52.541747509030898 ], [ 16.9990729761799, 52.541673380572661 ], [ 16.999089939636772, 52.541666921713151 ], [ 16.999409718049414, 52.541544609912307 ], [ 16.999597977047948, 52.541472690452835 ], [ 16.999892582908071, 52.541345904421554 ], [ 17.000000076664723, 52.541291776975356 ], [ 17.000082660055327, 52.541250180165115 ], [ 17.000283392121506, 52.54113098078151 ], [ 17.000426663880187, 52.541045887725332 ] ], [ [ 16.999076554217691, 52.447959787002944 ], [ 16.999129293270364, 52.447884227320579 ], [ 16.999408573882722, 52.447480788473442 ], [ 16.999505605581298, 52.447340588964742 ], [ 16.999633829588952, 52.447155225687496 ], [ 16.999658719352446, 52.447119219566581 ], [ 16.999771815529957, 52.446955816308545 ], [ 16.999876401990186, 52.446804771170186 ], [ 17.000000169460616, 52.446620231547953 ], [ 17.000003645659778, 52.446614983668475 ], [ 17.000041238929889, 52.446561743267218 ], [ 17.000057712908283, 52.446536028182756 ], [ 17.000114903948258, 52.446446602089551 ], [ 17.000142627284749, 52.446403268408446 ], [ 16.998110399453573, 52.445892607128094 ] ], [ [ 16.998426370480527, 52.465522605219725 ], [ 16.998534209097667, 52.465726173867004 ], [ 16.998630212473049, 52.465904987509546 ], [ 16.998708884074635, 52.466073074293121 ], [ 16.998741531138563, 52.466142253724456 ], [ 16.998753130980209, 52.46617222134617 ], [ 16.998808542073213, 52.466314190547763 ], [ 16.998883469085982, 52.466467463086218 ], [ 16.998892901440314, 52.466486780675815 ], [ 16.998977936069828, 52.466660731314043 ], [ 16.999071456691521, 52.466829428860045 ], [ 16.999204136307746, 52.467086124040037 ], [ 16.999214286697661, 52.467125331266573 ], [ 16.999214803523493, 52.467139910860823 ], [ 16.999216834138434, 52.467199038108333 ], [ 16.999119596322114, 52.46754079720094 ], [ 16.999124373712135, 52.467565342670845 ], [ 16.999236529869822, 52.467777798075467 ] ], [ [ 16.998127574567373, 52.472865571895738 ], [ 16.998246923136218, 52.472838630347148 ], [ 16.998335165757691, 52.472825283305596 ], [ 16.998432009778561, 52.472810642683925 ], [ 16.99846238065135, 52.472806749483752 ], [ 16.998541633537076, 52.472796757932407 ], [ 16.998734432841815, 52.472793544833735 ], [ 16.998813441653933, 52.472795421505374 ], [ 16.998928941865714, 52.472798095487235 ], [ 16.999083619354501, 52.472800802625535 ], [ 16.999504686846024, 52.472824205964237 ], [ 16.999590650122443, 52.472828628230801 ], [ 17.000000095378503, 52.472851743262389 ], [ 17.000176977250209, 52.472861750128537 ], [ 17.000619770528736, 52.472883538121479 ], [ 17.000805237798073, 52.472892609874684 ], [ 17.001442352989603, 52.472939356012823 ], [ 17.001701427425921, 52.472962262349178 ], [ 17.001806455513496, 52.47297177214719 ], [ 17.002149874845262, 52.473018588459453 ], [ 17.00253618695562, 52.47307773095077 ], [ 17.002626082622317, 52.473096158649049 ], [ 17.002953920551047, 52.473168343310618 ], [ 17.003034595820527, 52.473218005231828 ], [ 17.003151960557464, 52.473254345386309 ], [ 17.003613512087416, 52.473349922595709 ], [ 17.004392592429657, 52.473511298538419 ] ], [ [ 16.99606213606064, 52.521058113792719 ], [ 16.996189427212276, 52.521086353142167 ], [ 16.996440731365318, 52.521127395688964 ], [ 16.997078957783529, 52.521236239558824 ], [ 16.997532220291198, 52.521320543195365 ], [ 16.997896262063822, 52.521382468595583 ], [ 16.998138913639437, 52.521425789545873 ], [ 16.998185999310973, 52.521434194305286 ], [ 16.999760993552513, 52.521715317078524 ], [ 16.99999560239641, 52.521757239020928 ], [ 17.000000137248151, 52.521758035220735 ], [ 17.000336932202089, 52.521816164586248 ], [ 17.000898306907214, 52.521913075537753 ], [ 17.001074606752777, 52.521943486791059 ], [ 17.001745571670114, 52.522059244345442 ] ], [ [ 16.998913260458195, 52.464398636094415 ], [ 16.998937766595009, 52.464381062084392 ], [ 16.999263268473012, 52.464314884849649 ], [ 16.999322431481836, 52.464296188205807 ], [ 16.999414272107028, 52.464268060650525 ], [ 16.999412984880429, 52.464270467348847 ], [ 16.999409435042327, 52.464287046849044 ], [ 16.999410339964903, 52.464299564312626 ], [ 16.999414175607029, 52.464312401189467 ], [ 16.999422499454393, 52.46432693298236 ], [ 16.999437539103333, 52.464342747659117 ], [ 16.999456105809006, 52.4643554739799 ], [ 16.999466913626296, 52.464360693663551 ] ], [ [ 16.996585541001636, 52.519163607371482 ], [ 16.997096058941061, 52.519220460435186 ], [ 16.997171467918793, 52.519228752556515 ], [ 16.997384864999237, 52.519253681293989 ], [ 16.997671592530345, 52.519287226038209 ], [ 16.997966534265544, 52.519321718567966 ], [ 16.998256197081563, 52.519355581386598 ], [ 16.998449648294017, 52.519378191981069 ], [ 16.99855231433423, 52.51939018228024 ], [ 16.99872391563493, 52.519410174222557 ], [ 16.998824085368202, 52.519421942173331 ], [ 16.998946698820681, 52.519436248267674 ], [ 16.9991668425676, 52.519462007425808 ], [ 16.998939124234834, 52.520225728112806 ] ], [ [ 17.000142627284749, 52.446403268408446 ], [ 17.000203457499026, 52.446308237370971 ], [ 17.000258748532595, 52.446221747216505 ], [ 17.000323695633856, 52.446120309798424 ], [ 17.00037422753595, 52.446041384319031 ], [ 17.000412088552451, 52.44598221204032 ], [ 17.000466918197716, 52.445902639658001 ], [ 17.000616268062103, 52.445686152291174 ], [ 17.000802071256263, 52.445412267408997 ], [ 17.000874015268323, 52.445338290918485 ] ], [ [ 17.000746640415638, 52.466900845257435 ], [ 17.000738158826078, 52.466902770563216 ], [ 17.000721792416435, 52.466906451375422 ], [ 17.000468092353731, 52.4669639530442 ], [ 17.000333130382916, 52.466994590231877 ], [ 17.000198021071707, 52.467025224774893 ], [ 17.000012242638679, 52.467069033409075 ], [ 16.999924351642903, 52.467084636165829 ], [ 16.99979802504188, 52.467106694280453 ], [ 16.999647753378685, 52.46713392371084 ], [ 16.999389977960099, 52.467180560922586 ], [ 16.999362160823559, 52.467176942286436 ], [ 16.999285302964356, 52.467166827498751 ], [ 16.999214803523493, 52.467139910860823 ] ], [ [ 16.999105218423988, 52.470847686153668 ], [ 16.99912921652221, 52.470929041315813 ], [ 16.999226400539492, 52.471127571834465 ], [ 16.999288537917376, 52.471254543950735 ], [ 16.999303720403443, 52.471283492773907 ], [ 16.999385896335504, 52.471397312325671 ], [ 16.999417359449424, 52.471440747622822 ], [ 16.999497907697641, 52.471545005548215 ], [ 16.999535054052959, 52.471593034123892 ], [ 16.99961109185341, 52.471683094545213 ], [ 16.999664981053016, 52.471745167635625 ], [ 16.999787589785086, 52.471886563888333 ], [ 16.999824404844205, 52.471928920325958 ], [ 16.999834233242296, 52.471933044070198 ], [ 16.999847625966709, 52.471933270586817 ], [ 16.999909852985912, 52.47191543491487 ], [ 16.99994762395497, 52.471891249332501 ], [ 16.999963838835544, 52.471871466177952 ], [ 16.999970868307365, 52.471856114790619 ], [ 16.999959193758361, 52.471834240976406 ], [ 16.999927527353581, 52.471805013457747 ], [ 16.999861615296641, 52.471748223695712 ], [ 16.999828176524268, 52.471732097915904 ], [ 16.999801815551514, 52.471725535900937 ], [ 16.999765022527278, 52.471724913586343 ], [ 16.999664981053016, 52.471745167635625 ] ], [ [ 16.999445062036585, 52.46423206447551 ], [ 16.999438534996465, 52.46423636128506 ], [ 16.999424190027245, 52.464250689451035 ], [ 16.999414272107028, 52.464268060650525 ] ], [ [ 16.999698283689629, 52.464311451068212 ], [ 16.999798293312249, 52.464272038570634 ], [ 16.999867221180779, 52.464255575529641 ], [ 16.99990563701823, 52.464243003603308 ], [ 16.999984851504426, 52.464217270410266 ], [ 16.999888927915212, 52.464215288201082 ], [ 16.999866271343091, 52.464214815036819 ], [ 16.99977337309431, 52.46421756097017 ], [ 16.999636387343667, 52.46421506386077 ] ], [ [ 17.000686583098108, 52.443005846769708 ], [ 17.000771997162271, 52.443027618466978 ], [ 17.001419228214271, 52.443192545255464 ], [ 17.00172783085323, 52.443271785413955 ], [ 17.002108444312483, 52.44336654273738 ], [ 17.002198104720904, 52.443388834869829 ] ], [ [ 17.000561110801879, 52.448538505652586 ], [ 17.000624310191601, 52.448475714341939 ], [ 17.000703440667746, 52.448389447242022 ], [ 17.000786984442293, 52.448283736921972 ], [ 17.000867215910201, 52.448140643881914 ], [ 17.000937604537278, 52.447977596741062 ], [ 17.000969347443753, 52.447904019793398 ], [ 17.001092707518328, 52.447617925682628 ], [ 17.001148350353258, 52.44748790830041 ], [ 17.001265859312671, 52.447213947437255 ], [ 17.001291446579149, 52.447156006496613 ], [ 17.001402155143406, 52.446905405855901 ], [ 17.001415273299635, 52.446875766278986 ], [ 17.001502121625919, 52.446680707224338 ], [ 17.001524739210339, 52.446629821592204 ], [ 17.001603581744757, 52.446452256115961 ], [ 17.001701195553874, 52.446220951653906 ], [ 17.001800850309159, 52.446006321200791 ], [ 17.001849562737011, 52.44589273600765 ], [ 17.001891981860066, 52.445794604707856 ], [ 17.001971501966995, 52.445608505777606 ], [ 17.001869890124208, 52.445583493101601 ], [ 17.001574661181738, 52.445510865518308 ], [ 17.00143549254706, 52.445476583036353 ], [ 17.001175934500452, 52.445412652366528 ], [ 17.000874015268323, 52.445338290918485 ] ], [ [ 16.999984851504426, 52.464217270410266 ], [ 17.000789922672688, 52.464080768413936 ], [ 17.00089688703185, 52.464063328855786 ], [ 17.001032037225844, 52.464041328836707 ], [ 17.001388084161469, 52.463983397277282 ], [ 17.001856803426417, 52.463905512323414 ], [ 17.002208159921665, 52.463847049332365 ], [ 17.002524794443413, 52.463794384774125 ], [ 17.002873623327389, 52.463736416780691 ], [ 17.003349163133613, 52.463657381925067 ], [ 17.003454506911698, 52.463639912701623 ], [ 17.003516824572607, 52.463629542040763 ], [ 17.0038588293719, 52.463572625206119 ], [ 17.00417412355819, 52.463520203458984 ], [ 17.004333037374117, 52.463493653875965 ], [ 17.004282956564307, 52.463380019521153 ], [ 17.004179176555354, 52.46314486458072 ], [ 17.004145654888912, 52.463068836195909 ], [ 17.004089674520742, 52.463014015165484 ], [ 17.004027588224183, 52.462960710025975 ], [ 17.003964692106987, 52.462922051974317 ], [ 17.003893343138486, 52.462881452329533 ], [ 17.003825222952511, 52.462857366808436 ], [ 17.003733445386189, 52.462832162319849 ], [ 17.003650675016537, 52.462819432085901 ], [ 17.003552738240675, 52.462813191496942 ], [ 17.003467229421243, 52.46281867343302 ], [ 17.00328153560643, 52.462854573487832 ], [ 17.003043133797497, 52.462880498849614 ], [ 17.002672616257389, 52.462916784348593 ], [ 17.002444914305443, 52.462963306418622 ], [ 17.002307107303402, 52.462985532975765 ], [ 17.001946137725938, 52.463051568932158 ], [ 17.001663571342743, 52.463103188665961 ], [ 17.001489396350848, 52.463135053236059 ], [ 17.001386047916217, 52.463153993527776 ], [ 17.00108298708221, 52.463209402891479 ], [ 17.001037995264973, 52.463217636682749 ], [ 17.001176925435637, 52.463521655803568 ], [ 17.001196098034065, 52.463563263968766 ], [ 17.001334490602993, 52.463866194464046 ], [ 17.001388084161469, 52.463983397277282 ] ], [ [ 17.001037995264973, 52.463217636682749 ], [ 17.001040214419, 52.463191410681794 ], [ 17.001077594971445, 52.463130161422463 ], [ 17.001145582324348, 52.463075905461274 ], [ 17.001388992126028, 52.462926486129248 ], [ 17.001448671840539, 52.462886570493389 ], [ 17.001718009729256, 52.462717351411705 ], [ 17.001780117003207, 52.462679095618284 ], [ 17.00203464397611, 52.462573485457142 ], [ 17.002150445270154, 52.462536406522418 ] ], [ [ 17.000783049720088, 52.471481382179363 ], [ 17.000884291906715, 52.471590576091003 ], [ 17.000981184091096, 52.471695019320791 ] ], [ [ 17.001971501966995, 52.445608505777606 ], [ 17.002036155034236, 52.445614275444534 ], [ 17.002317566219162, 52.445680012552693 ], [ 17.002712980031017, 52.445776726749102 ], [ 17.002812533609394, 52.445801703924047 ], [ 17.003127836828309, 52.445879704284891 ], [ 17.003425236528184, 52.445953264044682 ], [ 17.003592115667253, 52.445996556732091 ], [ 17.003754488283768, 52.446038603822849 ], [ 17.004447215054498, 52.446214265482695 ] ], [ [ 17.001971501966995, 52.445608505777606 ], [ 17.002270697737412, 52.444933227013607 ], [ 17.002540287747269, 52.444313482275994 ], [ 17.002631269731484, 52.444104910713236 ], [ 17.002884676603696, 52.443530313389417 ] ], [ [ 17.001379664929406, 52.470393347349692 ], [ 17.001569196220245, 52.470748049351918 ], [ 17.001609174684543, 52.470805119473638 ], [ 17.001651193260585, 52.470862673772139 ], [ 17.001706053489205, 52.470926111486826 ], [ 17.001807310749669, 52.470999237549776 ], [ 17.001849382125336, 52.471029629750056 ], [ 17.00203536749726, 52.471118128425836 ], [ 17.002225587594747, 52.471178186277101 ], [ 17.002304138999271, 52.471196602496882 ], [ 17.002450604386805, 52.471230916568665 ], [ 17.002671552574395, 52.471275932520768 ], [ 17.002800123412108, 52.471302118846211 ], [ 17.002847561448906, 52.471282322951403 ], [ 17.002874063245425, 52.471256507036792 ], [ 17.002880268316169, 52.471233316483612 ], [ 17.002871021116622, 52.471213102937789 ], [ 17.002823669603181, 52.471195214013349 ], [ 17.002476935405014, 52.471124328668147 ], [ 17.002434030870997, 52.471122074911911 ], [ 17.002398001050903, 52.471133878497149 ], [ 17.002304138999271, 52.471196602496882 ] ], [ [ 16.9991668425676, 52.519462007425808 ], [ 16.999227866989649, 52.519468885707937 ], [ 16.999549253371853, 52.519505530387647 ], [ 16.999604114488957, 52.519511764606946 ], [ 16.999898805533395, 52.519545348628476 ], [ 17.000000146403451, 52.519557315262482 ], [ 17.000167918435761, 52.519577240368051 ], [ 17.000220860338786, 52.519583531802176 ], [ 17.000264417912859, 52.519588675226267 ], [ 17.000310762559824, 52.519594135569236 ], [ 17.000474282661951, 52.519613538658731 ], [ 17.000684585572927, 52.519638499064136 ], [ 17.000763929078701, 52.519647844743169 ], [ 17.000959474188296, 52.519669856996011 ], [ 17.001251106071877, 52.519702666401429 ], [ 17.001631491179594, 52.51974542883525 ], [ 17.00165981216081, 52.519748425588311 ], [ 17.001969179083922, 52.519786839388679 ], [ 17.002273594857602, 52.519827147515706 ], [ 17.002295871207178, 52.519830131993729 ], [ 17.002318294892909, 52.519833118955269 ], [ 17.002603803209226, 52.519870948351453 ], [ 17.002852964989675, 52.519903936211954 ], [ 17.002890339290101, 52.519908884346059 ], [ 17.003283572152064, 52.519961032469887 ], [ 17.003448605654338, 52.519982885422095 ] ], [ [ 17.003607408881219, 52.441817667737084 ], [ 17.00396315179341, 52.4418502977515 ], [ 17.00402422521362, 52.441856995315447 ], [ 17.004669221258712, 52.441927965327935 ], [ 17.004887749447384, 52.441938668908854 ], [ 17.005034141038596, 52.441943207950523 ], [ 17.005186070956693, 52.441942443632229 ], [ 17.005526483032707, 52.441943060097685 ], [ 17.006026201875549, 52.441952298817718 ], [ 17.006424300175716, 52.441969445877127 ], [ 17.006597927989834, 52.441983616508608 ], [ 17.007188958278117, 52.442040531011493 ], [ 17.007900521031505, 52.442117191911322 ] ], [ [ 17.003034595820527, 52.473218005231828 ], [ 17.003121280044482, 52.473164243729293 ], [ 17.003463815078646, 52.47292484144306 ], [ 17.003469746197652, 52.472920714236736 ], [ 17.003696908350847, 52.472773354275439 ], [ 17.003914172766972, 52.472613594523693 ], [ 17.00422185962017, 52.47240849990731 ], [ 17.004358461971766, 52.472218236398476 ], [ 17.004435485967196, 52.47211097450846 ], [ 17.004487048939975, 52.47203908040477 ], [ 17.004581892795134, 52.471899289780573 ], [ 17.004615203181242, 52.471849933257218 ], [ 17.004792117897921, 52.471588934398135 ], [ 17.004909055945507, 52.471416507057128 ], [ 17.005040361330028, 52.471222735561952 ], [ 17.00516408509289, 52.471040258842301 ], [ 17.005317230054242, 52.470812946788797 ], [ 17.00532206657957, 52.470735317285175 ] ], [ [ 17.004333037374117, 52.463493653875965 ], [ 17.004816539051991, 52.46341753576796 ], [ 17.004881504702976, 52.463407209070184 ], [ 17.005118062087089, 52.463370005938827 ], [ 17.005463631824227, 52.46331557310122 ], [ 17.005571606343793, 52.463298506148426 ], [ 17.00590434905962, 52.463244395345249 ], [ 17.006075841281909, 52.463216436564373 ], [ 17.006161434076617, 52.463202589411239 ], [ 17.006263947483042, 52.463185789521681 ], [ 17.006552040805712, 52.463138839113753 ], [ 17.006515709303425, 52.463056468018088 ], [ 17.006463448677682, 52.462899714943951 ], [ 17.006409554451746, 52.462788895414796 ], [ 17.00631981946664, 52.462535990494565 ], [ 17.006268672052983, 52.462423058557498 ], [ 17.006229144993192, 52.462310412467993 ], [ 17.006141067960783, 52.462059963808869 ] ], [ [ 17.003111177560882, 52.522353235665385 ], [ 17.001121476740177, 52.524511468441531 ], [ 17.002061280111437, 52.524781386575633 ] ], [ [ 17.002595455557366, 52.521699343499378 ], [ 17.002665801440987, 52.521575600607605 ] ], [ [ 17.005786123385501, 52.462677106812293 ], [ 17.005603360876524, 52.462706853833225 ], [ 17.005385089706657, 52.462743556873193 ], [ 17.005369133497236, 52.46276100659103 ], [ 17.005357346889515, 52.462780685284173 ], [ 17.005424916189785, 52.462943993143611 ], [ 17.005532444844572, 52.463203854695728 ], [ 17.005571606343793, 52.463298506148426 ] ], [ [ 17.007790059344714, 52.471289686668676 ], [ 17.007155891834355, 52.471148763657354 ], [ 17.006869357544517, 52.471085111785705 ], [ 17.006672791421618, 52.471041504059265 ], [ 17.006633273830904, 52.471032743052248 ], [ 17.006390338691919, 52.470978819247087 ], [ 17.006122219152353, 52.470915116211017 ], [ 17.005852196197207, 52.470854438538787 ], [ 17.005618330644779, 52.470801925276923 ], [ 17.00532206657957, 52.470735317285175 ] ], [ [ 17.006552040805712, 52.463138839113753 ], [ 17.006858279035878, 52.463084638598026 ], [ 17.006917505134943, 52.463074214044546 ], [ 17.007555609496965, 52.462975416395565 ], [ 17.007892823700981, 52.462923264180127 ], [ 17.008535555323981, 52.462826248147806 ], [ 17.008883978566381, 52.462773652289066 ], [ 17.012702995086784, 52.462166469011976 ], [ 17.01332280435749, 52.462067872581606 ], [ 17.01389370394056, 52.461979514474322 ], [ 17.013910313189957, 52.461976915254908 ], [ 17.014198580040979, 52.461932287752411 ], [ 17.014486102533549, 52.4618878269387 ], [ 17.014711201085184, 52.461852930717896 ], [ 17.015704408969011, 52.461699159004255 ], [ 17.016106111385049, 52.461636912647684 ], [ 17.016349888504177, 52.461599178681062 ], [ 17.016456800634124, 52.461582623675568 ], [ 17.016618725771274, 52.46155754727161 ], [ 17.016777461489482, 52.461537903699082 ], [ 17.01680233851301, 52.461534813136467 ], [ 17.017039416358202, 52.461521609873756 ], [ 17.017213265586538, 52.461516250324252 ], [ 17.017388844726458, 52.461528098701464 ], [ 17.017546897651009, 52.461546578624663 ], [ 17.017693007644638, 52.46157196364851 ], [ 17.017995943738551, 52.461643150016712 ], [ 17.018047393401993, 52.461658223419086 ], [ 17.018238361729512, 52.461714310750274 ], [ 17.018566683724959, 52.461833411160562 ], [ 17.018863746466845, 52.461963319788403 ] ], [ [ 17.007095429386123, 52.463477551143903 ], [ 17.006917505134943, 52.463074214044546 ] ], [ [ 17.004281799035194, 52.522585494210155 ], [ 17.004437866482903, 52.522623204264299 ], [ 17.00482811915904, 52.522722156926896 ], [ 17.005222085415149, 52.522801023736875 ], [ 17.005929313103628, 52.522933828256285 ], [ 17.006019090077853, 52.522950631554707 ], [ 17.006429804104826, 52.523027707876842 ], [ 17.007133992974762, 52.523156136686914 ], [ 17.007484025714596, 52.523218695820205 ], [ 17.008619385068954, 52.52341886495585 ], [ 17.009062901330648, 52.523497923234487 ], [ 17.009200345610711, 52.52352371097362 ], [ 17.009679942648933, 52.523613627468464 ], [ 17.010318775401124, 52.523733382562469 ], [ 17.010774984342024, 52.523818853857662 ], [ 17.01125301180981, 52.523907748167495 ], [ 17.011637160149021, 52.523972667199367 ], [ 17.012885914043522, 52.524193318766088 ], [ 17.013734323058809, 52.524345356475187 ], [ 17.014197270659263, 52.524432096848649 ], [ 17.014475996072296, 52.524496946081229 ], [ 17.014684527996362, 52.524545506520184 ], [ 17.014870240207213, 52.524599799815888 ], [ 17.014970009201779, 52.524630615060403 ], [ 17.015060921106908, 52.524661641401472 ], [ 17.015265503928031, 52.52473567822846 ], [ 17.015552381073743, 52.524816041807206 ], [ 17.016745652200122, 52.525035182063313 ], [ 17.018185988030034, 52.525289209032337 ], [ 17.018815497693179, 52.525404174645494 ], [ 17.019507430044012, 52.525547704149055 ], [ 17.02030273546136, 52.525684774463997 ], [ 17.020321025386117, 52.525687958642479 ], [ 17.020750793699474, 52.525768721465681 ], [ 17.021201936263576, 52.5258464223704 ], [ 17.021424511621667, 52.525884682420013 ], [ 17.021810977989723, 52.525951225888299 ], [ 17.022017105218378, 52.525984712698353 ], [ 17.022580438392104, 52.526076336048241 ], [ 17.022709267615539, 52.526097286983955 ], [ 17.023046858025854, 52.526152216507946 ], [ 17.023327208381851, 52.52619782417824 ], [ 17.023975170512429, 52.526303086791977 ] ], [ [ 17.004281799035194, 52.522585494210155 ], [ 17.004254886631482, 52.522635947824078 ], [ 17.004260111182198, 52.522686583748673 ], [ 17.004298718054113, 52.522742459776282 ], [ 17.004387714812399, 52.522851262538232 ], [ 17.004390650122058, 52.522854819812601 ], [ 17.004421301484001, 52.522894281984968 ], [ 17.004479120412842, 52.522968740354457 ], [ 17.0045636828021, 52.523084303828348 ], [ 17.004701798954809, 52.523258383557206 ], [ 17.004547247442488, 52.523469847126407 ], [ 17.004331684214755, 52.523734564636968 ], [ 17.00302435294655, 52.525123446100721 ] ], [ [ 17.004281799035194, 52.522585494210155 ], [ 17.004400984962935, 52.522539025432479 ], [ 17.004479338587494, 52.522462996255747 ], [ 17.004738972182459, 52.522144930402654 ], [ 17.004778740424008, 52.522100359867466 ], [ 17.004984199322315, 52.521825811586531 ], [ 17.005156435384581, 52.521571749398163 ], [ 17.005293100796358, 52.521412786304431 ], [ 17.005413668518653, 52.521231490636438 ], [ 17.005508499937044, 52.521094907376998 ], [ 17.005603075692232, 52.521036422561458 ], [ 17.005752514282449, 52.520998888793621 ], [ 17.005845095295896, 52.520984428169122 ], [ 17.005987700466925, 52.520952786840041 ], [ 17.006088111323752, 52.520910421076074 ], [ 17.006156713368501, 52.520845490183781 ], [ 17.006184390026412, 52.520741819493892 ], [ 17.006271388141776, 52.520633140541129 ], [ 17.006346188057453, 52.520576324528768 ], [ 17.006456801774018, 52.520526119835651 ], [ 17.00651423937207, 52.520411087550485 ] ], [ [ 17.005826053989242, 52.52483257465412 ], [ 17.004535801218658, 52.525832395896721 ] ], [ [ 17.004701798954809, 52.523258383557206 ], [ 17.004751015173547, 52.523320414646982 ], [ 17.004763849867214, 52.523336550941082 ], [ 17.004953483616884, 52.523587001110187 ], [ 17.005107171234194, 52.523800957758326 ], [ 17.0051624657793, 52.523869347045846 ], [ 17.005190542937562, 52.523903818755016 ], [ 17.005229470430098, 52.523955922266531 ], [ 17.005275345583133, 52.523997889431683 ], [ 17.00530957818534, 52.52402994649119 ], [ 17.005337493792204, 52.524054971459684 ], [ 17.005156101504056, 52.524307202722106 ], [ 17.003785377887308, 52.525408470800379 ] ], [ [ 17.004984612851569, 52.52363033794267 ], [ 17.010103624821163, 52.524534704403827 ] ], [ [ 17.008102963793345, 52.459224640835217 ], [ 17.008168584283535, 52.458977861942877 ], [ 17.008235347982772, 52.45875466746466 ], [ 17.008356329286141, 52.458426342778395 ], [ 17.008412119818431, 52.458354877950356 ], [ 17.008436712105407, 52.458335234754543 ], [ 17.008523007656855, 52.458266442306012 ], [ 17.008630754454828, 52.458208444508905 ], [ 17.008752089834246, 52.45816254799248 ], [ 17.008798871972793, 52.45815038393836 ], [ 17.008885436008345, 52.458127826711312 ], [ 17.008926846677223, 52.458123757015052 ], [ 17.009057282328797, 52.458111112633162 ], [ 17.009214736039251, 52.458109896101114 ], [ 17.009231970236812, 52.458109736542013 ], [ 17.009487965863826, 52.458130505898723 ], [ 17.009670314443429, 52.458145358003328 ], [ 17.009775510264117, 52.458156932496109 ], [ 17.010875801114171, 52.458278432213604 ], [ 17.011396209419289, 52.45833584488706 ], [ 17.012255795683959, 52.458437183459743 ], [ 17.012557271326571, 52.45847148264572 ], [ 17.01276081924604, 52.458528959697624 ], [ 17.012817414210417, 52.45853755602247 ], [ 17.012903779106921, 52.458539007414458 ], [ 17.012875349258415, 52.458666788993661 ], [ 17.012849978657588, 52.45876260211265 ], [ 17.012565121123568, 52.459706088270359 ], [ 17.011036013096685, 52.459547037333579 ], [ 17.0104382837205, 52.459484858539966 ], [ 17.010022596483058, 52.459439547662775 ], [ 17.00942199784118, 52.459367557414033 ], [ 17.008801748690725, 52.459300359973028 ], [ 17.008102963793345, 52.459224640835217 ], [ 17.007659537768458, 52.459174177271827 ], [ 17.007020259661257, 52.459101343149158 ], [ 17.006569949511746, 52.459050129845018 ], [ 17.006205461687536, 52.459012414383302 ], [ 17.005840970453622, 52.458974787679011 ], [ 17.00555049206049, 52.458944794246563 ], [ 17.004909945653065, 52.458870847944404 ], [ 17.004740349818061, 52.458850717140422 ], [ 17.004450955013748, 52.458816332044435 ], [ 17.003948011261741, 52.458763500876714 ], [ 17.003376484876004, 52.458703483302187 ], [ 17.002430652630014, 52.458617892241513 ], [ 17.001759127986329, 52.458577943792335 ], [ 17.001504491660619, 52.458590808199673 ], [ 16.99924071844983, 52.459061200383843 ], [ 16.998299637058349, 52.45928158660567 ], [ 16.99785011082734, 52.459362092889734 ], [ 16.997288291623668, 52.459460722197704 ], [ 16.997037137425323, 52.459504531917055 ], [ 16.996871885008467, 52.459533775095167 ], [ 16.99676080405591, 52.459536356540426 ] ], [ [ 17.005293100796358, 52.521412786304431 ], [ 17.005397078888496, 52.52140572487945 ], [ 17.005451131783751, 52.521407085831029 ], [ 17.005540372364369, 52.521419383342113 ], [ 17.005727839573733, 52.521453933381309 ], [ 17.005879629161061, 52.521481855641213 ], [ 17.006066953647519, 52.521516312790602 ], [ 17.006437355922692, 52.521587852917705 ], [ 17.006446127089255, 52.521589529734229 ], [ 17.006917336353638, 52.521681744765381 ], [ 17.007005470103287, 52.521698969365481 ], [ 17.007435869963665, 52.521780691127724 ], [ 17.00762048793036, 52.521816359413712 ], [ 17.007750190276301, 52.5218403995476 ], [ 17.00813415876884, 52.521902269060703 ], [ 17.008196817914484, 52.521912228249981 ], [ 17.008344393813925, 52.521935579253544 ], [ 17.008701442285098, 52.521999332260727 ], [ 17.00905849588143, 52.522062994325715 ], [ 17.009260727276789, 52.522110289191474 ], [ 17.009438944722849, 52.522189738928482 ], [ 17.009571838555111, 52.522280208403586 ], [ 17.009835855238137, 52.522497094150744 ], [ 17.00985078581235, 52.522509307662403 ], [ 17.009899375146098, 52.522556535349025 ], [ 17.009953726969616, 52.522590458488089 ], [ 17.010051666420235, 52.522645261853022 ], [ 17.010130135896869, 52.522674104039773 ], [ 17.010282937781383, 52.522709143085727 ], [ 17.010562897779042, 52.522759361789788 ], [ 17.010967221165821, 52.52282462231841 ], [ 17.011157667732117, 52.522852198235363 ], [ 17.011276064489373, 52.522881800747975 ], [ 17.011332572811259, 52.522910452875898 ], [ 17.011364866852102, 52.522936539368366 ], [ 17.011376515826573, 52.522949596952174 ], [ 17.011398242910715, 52.522977844336104 ], [ 17.011407373175352, 52.522997695220589 ], [ 17.011424409128299, 52.523035127840537 ], [ 17.011413290765557, 52.523085398765595 ], [ 17.011391399958466, 52.523135848402276 ], [ 17.011389580219067, 52.523140225003985 ], [ 17.011260319227983, 52.523289065989445 ], [ 17.011156555699539, 52.523402268458163 ], [ 17.011003998486657, 52.523557553206814 ], [ 17.010774984342024, 52.523818853857662 ] ], [ [ 17.005337493792204, 52.524054971459684 ], [ 17.005374614945779, 52.524081860521733 ], [ 17.005392864554427, 52.524095659576545 ], [ 17.00545063889944, 52.524158154309603 ], [ 17.005611654093084, 52.524428537881477 ], [ 17.005686474983364, 52.524554189744919 ], [ 17.00584216081171, 52.524759994258588 ], [ 17.005933756593617, 52.52487018871355 ], [ 17.006095628943612, 52.525024110284818 ], [ 17.006188657208906, 52.52511247260864 ] ], [ [ 17.009437774401071, 52.456038024670335 ], [ 17.009553849199477, 52.456053110453254 ], [ 17.009996488802013, 52.456110569492367 ], [ 17.010554298680422, 52.456164028417689 ], [ 17.010904732366619, 52.4562093192826 ], [ 17.011019933527635, 52.456224209035099 ], [ 17.011159365254755, 52.456240495616441 ], [ 17.01161421198417, 52.456298333779088 ], [ 17.01177632252374, 52.456317789247649 ], [ 17.011886771841663, 52.456333587627576 ], [ 17.011985118095037, 52.456343515974815 ], [ 17.012118208144468, 52.456360054570077 ], [ 17.012465213994872, 52.456399796604131 ], [ 17.012566480089912, 52.45641355117116 ], [ 17.012678081236885, 52.456426669863696 ], [ 17.012845256839256, 52.45643829396338 ], [ 17.012917313184037, 52.456446790327469 ], [ 17.012922143937505, 52.456447411169947 ], [ 17.013018071989116, 52.456458737111298 ], [ 17.013124254146632, 52.456471224657264 ], [ 17.014728602444126, 52.456645949408184 ], [ 17.015167583888459, 52.456434530491769 ] ], [ [ 17.00942199784118, 52.459367557414033 ], [ 17.00954419870251, 52.458931689353761 ] ], [ [ 17.009996488802013, 52.456110569492367 ], [ 17.010050221550866, 52.456430683321848 ], [ 17.010061201591085, 52.45659204687545 ], [ 17.010086922377155, 52.45675302889353 ], [ 17.010112647388421, 52.456913921028438 ], [ 17.010140919482165, 52.457077104603918 ] ], [ [ 17.011159365254755, 52.456240495616441 ], [ 17.011148920047539, 52.456292577097521 ], [ 17.011177546704513, 52.456526372021919 ], [ 17.011196989808628, 52.456686258803806 ], [ 17.011268799545423, 52.457108582001332 ] ], [ [ 17.012066071736022, 52.464226439811462 ], [ 17.012650317809005, 52.464126889091133 ], [ 17.012728524706027, 52.464113542660272 ], [ 17.013226716778018, 52.464034758899935 ], [ 17.013312097375486, 52.464234878261969 ], [ 17.013333340932697, 52.46429288885723 ], [ 17.013387515948789, 52.464440406677866 ], [ 17.013430594134739, 52.464533502205178 ], [ 17.013484956490164, 52.464650712209846 ], [ 17.013513037012185, 52.464713874448343 ], [ 17.013522518519423, 52.464728964322241 ], [ 17.013557727823642, 52.46485619602273 ], [ 17.013672490155216, 52.465051412040928 ], [ 17.013695644934369, 52.465112782565264 ], [ 17.013690273745006, 52.465166658348409 ] ], [ [ 17.012903779106921, 52.458539007414458 ], [ 17.012986792856022, 52.458559290551975 ], [ 17.013143723508804, 52.458572990596252 ], [ 17.013450000263457, 52.458592257669281 ], [ 17.013783206073036, 52.458611886347853 ], [ 17.014429821475062, 52.458685346735436 ], [ 17.014699410416892, 52.458728099327004 ], [ 17.014766542469815, 52.458754500537218 ], [ 17.014822990401775, 52.458795832829601 ], [ 17.014897387250393, 52.458902945224096 ], [ 17.015018324753658, 52.459124347430865 ], [ 17.015029284359699, 52.459129478296326 ], [ 17.015021838832975, 52.459131332063663 ], [ 17.015136401856207, 52.45932753291715 ], [ 17.01526501510503, 52.459561655760574 ], [ 17.015354239092698, 52.459679630029015 ], [ 17.015402626005432, 52.459772544178968 ], [ 17.01544016958859, 52.459880656639235 ], [ 17.015444252115163, 52.459888100515158 ], [ 17.015431671308637, 52.460043401481947 ], [ 17.015422593436462, 52.460042259747283 ], [ 17.014945957766756, 52.4599801132848 ], [ 17.014041320566449, 52.459861488335214 ], [ 17.012565121123568, 52.459706088270359 ] ], [ [ 17.012903779106921, 52.458539007414458 ], [ 17.012924992199249, 52.458450499778515 ], [ 17.012988921146732, 52.458185071655485 ], [ 17.013004157555706, 52.458121377902962 ], [ 17.013009399665439, 52.458099789622068 ], [ 17.013099982367944, 52.457909462384869 ], [ 17.013107462504944, 52.45789375802994 ], [ 17.013235193351662, 52.457712239751601 ], [ 17.013263715971902, 52.457677191332415 ], [ 17.013357324340806, 52.457576588354435 ], [ 17.013440962682928, 52.457471770346565 ], [ 17.013512613556838, 52.457374845801873 ], [ 17.013535380543725, 52.457346626268965 ], [ 17.013686343879449, 52.457224590656395 ], [ 17.013843572471075, 52.457113813081151 ], [ 17.01398055045922, 52.457047307119886 ], [ 17.014114826320178, 52.457129162301925 ], [ 17.014366066294734, 52.457298068033317 ], [ 17.014633166387014, 52.457461393190691 ], [ 17.014822082987983, 52.457572407215963 ], [ 17.014874775422495, 52.457608819505268 ], [ 17.014966940941104, 52.457684210335998 ], [ 17.015078427335673, 52.457755608142932 ], [ 17.01513268603853, 52.457793215870204 ], [ 17.015389901318287, 52.457947289051475 ], [ 17.015493638187262, 52.458014239102489 ], [ 17.015661477953142, 52.458122559480081 ], [ 17.01569996817749, 52.458147400181879 ], [ 17.01581150060407, 52.458224374539725 ], [ 17.015892620483747, 52.458280241439503 ], [ 17.015928018868234, 52.458308358090228 ], [ 17.015963564426539, 52.458336477199381 ], [ 17.015982473841358, 52.458351455255332 ], [ 17.016073817500221, 52.458435376023715 ], [ 17.016125552804482, 52.458506219998377 ], [ 17.016142171652394, 52.458549221936387 ], [ 17.016173039928457, 52.458628979957311 ], [ 17.016249887055469, 52.458750433590723 ], [ 17.016271214999684, 52.458786948642683 ], [ 17.016414244561176, 52.459031295792677 ], [ 17.016419479985483, 52.459039298635659 ], [ 17.016505415280179, 52.459171517859765 ], [ 17.016522511489665, 52.459203914424236 ], [ 17.016606639765605, 52.459373069984096 ], [ 17.01666267793502, 52.459485809543935 ], [ 17.016724480255732, 52.459624279613799 ], [ 17.016745593587395, 52.459678689701171 ], [ 17.016759656029461, 52.459739277561496 ], [ 17.01676388664449, 52.459841704072765 ], [ 17.016758693402355, 52.459976891796906 ], [ 17.01673473188476, 52.460126695331205 ], [ 17.016694851091028, 52.460198250954292 ], [ 17.016036316561049, 52.460117497645818 ], [ 17.015431671308637, 52.460043401481947 ] ], [ [ 17.013124254146632, 52.456471224657264 ], [ 17.013424748383741, 52.456677477131826 ], [ 17.013649412592486, 52.456831546983267 ], [ 17.01398055045922, 52.457047307119886 ], [ 17.014728602444126, 52.456645949408184 ] ], [ [ 17.013547831945701, 52.46735852304873 ], [ 17.01378785532032, 52.467342767221567 ], [ 17.01410215661021, 52.467345437485072 ], [ 17.01443416458665, 52.467327717261213 ], [ 17.014763309331158, 52.467272171854425 ], [ 17.014914208513161, 52.46726679002257 ], [ 17.015069387395474, 52.46726121000443 ], [ 17.015102173886593, 52.467259151974581 ], [ 17.015321930386271, 52.467245391383798 ], [ 17.01537804878166, 52.467241925992049 ], [ 17.015607402772996, 52.467227606396449 ], [ 17.015700742537842, 52.467221707375813 ], [ 17.016043963811708, 52.467200213294127 ], [ 17.016038456939079, 52.467263710803749 ], [ 17.016024909209317, 52.467424122206864 ], [ 17.016016927340026, 52.467516449982 ], [ 17.016008890363622, 52.467580534642586 ], [ 17.016007318539955, 52.46759256067056 ], [ 17.015985685665438, 52.467762460346187 ] ], [ [ 17.011276064489373, 52.522881800747975 ], [ 17.01139328235422, 52.522865692487983 ], [ 17.011493090873767, 52.522843265366156 ], [ 17.011501603152901, 52.52284089003652 ], [ 17.011684547322762, 52.52278972918625 ], [ 17.011853695170721, 52.522730601164696 ], [ 17.012049037959571, 52.522653025090982 ], [ 17.012151811594588, 52.522626959591939 ], [ 17.012348272326768, 52.522648698427261 ], [ 17.012504901574335, 52.522680650898032 ], [ 17.012771809848282, 52.522735861780617 ], [ 17.012982818840694, 52.522781588745865 ], [ 17.0130919151763, 52.522804917146068 ], [ 17.013136767144612, 52.522810887013982 ], [ 17.013177504350324, 52.522813280007618 ], [ 17.013281357423619, 52.522825367305714 ], [ 17.013383730331622, 52.522840847476765 ], [ 17.013464459894401, 52.52286540813791 ], [ 17.013521172434153, 52.522889565510965 ], [ 17.01358845187686, 52.52293116923645 ], [ 17.013710582821286, 52.523038182594412 ], [ 17.013797340715193, 52.523148109772428 ], [ 17.013856973964749, 52.52326441718774 ], [ 17.013943623323399, 52.523406182090874 ], [ 17.014048346889489, 52.523555895416798 ], [ 17.014143507052843, 52.523698612495096 ], [ 17.014167103238552, 52.523737773771515 ], [ 17.014202046907172, 52.5238097746387 ], [ 17.014251769235649, 52.523926814913779 ], [ 17.014330336236533, 52.524094167419761 ], [ 17.014382082663726, 52.524195771483747 ], [ 17.0144348019729, 52.52434119386217 ], [ 17.014475996072296, 52.524496946081229 ] ], [ [ 17.014822082987983, 52.457572407215963 ], [ 17.014928076180478, 52.457532221903286 ], [ 17.015954369455063, 52.456959379252474 ] ], [ [ 17.015079799298249, 52.464500035170957 ], [ 17.015203488339246, 52.464480614848078 ], [ 17.015458876853181, 52.464440469157594 ], [ 17.015748184404078, 52.464395945201133 ], [ 17.015801864711158, 52.464387671724673 ], [ 17.01603749138857, 52.464351420530726 ], [ 17.016218488345913, 52.464321627765166 ], [ 17.016489241530884, 52.464277060564704 ], [ 17.016518169918953, 52.464272329085908 ], [ 17.016564308986791, 52.464264738261761 ], [ 17.016821284398137, 52.464215442042814 ], [ 17.016988541261458, 52.46418334897384 ], [ 17.017009037634299, 52.464179465350881 ], [ 17.01701275270641, 52.464178718160383 ], [ 17.01701661492687, 52.46417797343733 ], [ 17.017530521626888, 52.46407047336352 ], [ 17.017723966803636, 52.464025776524963 ], [ 17.017832219538302, 52.463999169068138 ], [ 17.018050661771014, 52.463945446660894 ], [ 17.018050808918797, 52.463945449127181 ], [ 17.018110209094715, 52.463934392291144 ], [ 17.018212648149099, 52.463906068071545 ], [ 17.018347294865645, 52.463868839460709 ], [ 17.018400244599501, 52.463857134723114 ], [ 17.018661715626301, 52.463792889336482 ], [ 17.018869103678885, 52.463739339984016 ], [ 17.018943401567071, 52.463727722833063 ], [ 17.019054037001247, 52.46371032839857 ], [ 17.019139591862405, 52.46371365040099 ], [ 17.019626029705229, 52.463732321270562 ], [ 17.019771213479125, 52.463739159833025 ], [ 17.01991639730273, 52.463745998217661 ], [ 17.020105080312387, 52.463754823953344 ], [ 17.020562524981223, 52.46377642336445 ], [ 17.020634101104154, 52.463779510287807 ], [ 17.020904080396232, 52.463791404435959 ], [ 17.021445069499485, 52.463815208121638 ], [ 17.021415893090623, 52.464061883990546 ], [ 17.021395226501841, 52.46423701746766 ], [ 17.021363628445361, 52.464449024644054 ], [ 17.021296812671132, 52.464628692551159 ], [ 17.021278789834827, 52.464679208905238 ], [ 17.021244796080985, 52.46477388997036 ], [ 17.021230645410728, 52.464813587979222 ], [ 17.021161891344832, 52.464993763032766 ], [ 17.021029191128733, 52.465358510753312 ], [ 17.021011212019452, 52.465408038421394 ] ], [ [ 17.015431589353785, 52.465606755923986 ], [ 17.015629980945633, 52.466296892316677 ], [ 17.015701644065309, 52.466533836228002 ] ], [ [ 17.015471091937638, 52.465599413913708 ], [ 17.015431589353785, 52.465606755923986 ], [ 17.015093461315821, 52.465662602043956 ], [ 17.014606761267594, 52.46576056474246 ], [ 17.014448451377607, 52.465790016470145 ], [ 17.014368865008425, 52.465804510152452 ], [ 17.014289278588247, 52.465819003780624 ], [ 17.013989500627222, 52.46587342203712 ], [ 17.013840426792967, 52.465900509658105 ], [ 17.013677546045319, 52.465930063474566 ], [ 17.013356684524712, 52.465988263381064 ] ], [ [ 17.015969205495683, 52.466495062892889 ], [ 17.016080247292017, 52.466724212562681 ], [ 17.016087481720668, 52.466779469167008 ], [ 17.016082515015995, 52.46682768538578 ], [ 17.016071092271623, 52.466937584328015 ], [ 17.01605409710805, 52.467102614954428 ], [ 17.016043963811708, 52.467200213294127 ] ], [ [ 17.018810397227444, 52.460423135945753 ], [ 17.01869012501653, 52.460412666087386 ], [ 17.018039341586398, 52.460355888850458 ], [ 17.017495829298198, 52.460307292535269 ], [ 17.016950978662077, 52.46022952961841 ], [ 17.016694851091028, 52.460198250954292 ] ], [ [ 17.017048468794226, 52.456173188732102 ], [ 17.017313252634157, 52.456263614832984 ], [ 17.01761692760773, 52.456363416875305 ], [ 17.017901040670644, 52.456462800268113 ], [ 17.018251647455923, 52.456550345574556 ], [ 17.018536379937608, 52.456613040898525 ], [ 17.01861997172033, 52.456623705836328 ], [ 17.018736531396659, 52.456398551907164 ], [ 17.018842166442028, 52.45621665747791 ], [ 17.018932700480246, 52.456056276249036 ], [ 17.018947015013438, 52.456026025269644 ], [ 17.019029536428267, 52.455883408456302 ], [ 17.019073263038916, 52.455804721010253 ], [ 17.01913804711528, 52.455696435169152 ], [ 17.019230394122339, 52.455502175427377 ], [ 17.019251929485652, 52.455465209675786 ], [ 17.019398043900683, 52.45523092624547 ], [ 17.019413054989446, 52.455204824273714 ], [ 17.019525117568399, 52.455010804602182 ], [ 17.019633027386899, 52.454824000687715 ], [ 17.019640857276887, 52.454810280544145 ], [ 17.019807752707841, 52.454516352417571 ], [ 17.019880860722932, 52.454386529216862 ], [ 17.01989302150221, 52.454364876621746 ], [ 17.019939727646385, 52.454285339320748 ], [ 17.020003803962435, 52.454176321610802 ], [ 17.020071406814594, 52.454060886993595 ], [ 17.020112368593079, 52.453991237152955 ], [ 17.020254251526364, 52.453749326576073 ], [ 17.020395973665423, 52.453507682968862 ], [ 17.020451916017421, 52.453412560007585 ], [ 17.020537958240997, 52.453263435228322 ], [ 17.020662983070082, 52.453019802845112 ], [ 17.020705853421635, 52.452933815050677 ], [ 17.020784463735282, 52.452776380834038 ], [ 17.020919493271293, 52.452539391576529 ], [ 17.020940187390494, 52.452501422062127 ], [ 17.021031143164087, 52.452341136243135 ], [ 17.021114583687012, 52.452194126144434 ], [ 17.021280193487584, 52.451902153196087 ], [ 17.021442093200182, 52.451614075444262 ], [ 17.021482427735368, 52.45154189622172 ], [ 17.021603891994918, 52.451324916463051 ], [ 17.021690306856279, 52.451170580369528 ], [ 17.021718043404832, 52.451120875388071 ] ], [ [ 17.017289908087164, 52.46629496413631 ], [ 17.017358046314268, 52.466282884903983 ], [ 17.01754325953166, 52.466228246473783 ], [ 17.017649222162603, 52.466197013656256 ], [ 17.017841105620821, 52.466134841402862 ], [ 17.017949751184641, 52.466099605842643 ], [ 17.018120544001626, 52.466041396913305 ], [ 17.018233160499726, 52.466002989689052 ], [ 17.018392171715309, 52.465951328671323 ], [ 17.018518451109063, 52.465910361890103 ], [ 17.018680729525347, 52.465854797730707 ], [ 17.01883149099406, 52.465803177790285 ], [ 17.018947555398977, 52.465763388565293 ], [ 17.019001823916632, 52.465745319668862 ], [ 17.018959653694896, 52.465697303061724 ], [ 17.01867399471455, 52.465371959388037 ], [ 17.018409919230791, 52.465071081461296 ], [ 17.018376472266198, 52.465058378631895 ], [ 17.018321895202323, 52.465057104263835 ], [ 17.018176513521162, 52.465084079306706 ], [ 17.018021175589929, 52.46511304593799 ], [ 17.017859902927913, 52.465142992208023 ], [ 17.01783242946528, 52.46514810817844 ], [ 17.017552054254899, 52.465200252291076 ], [ 17.017281328114958, 52.465250668718774 ], [ 17.017215689015991, 52.465262879745204 ], [ 17.017006474733346, 52.465304433164917 ], [ 17.016758470104119, 52.465347314411858 ], [ 17.016532717357276, 52.465389848832054 ], [ 17.016152057233164, 52.465461534123058 ], [ 17.015578215515152, 52.465568562206599 ], [ 17.015555430215283, 52.465574206040657 ], [ 17.015471091937638, 52.465599413913708 ], [ 17.01544637727563, 52.465530102570547 ], [ 17.015359962255232, 52.465287244437299 ], [ 17.015282315487735, 52.465068818086891 ], [ 17.015199418320549, 52.464836182445765 ], [ 17.015116673190327, 52.464603459341035 ], [ 17.015079799298249, 52.464500035170957 ], [ 17.013876565080164, 52.464689040231029 ], [ 17.013565541837295, 52.464734993710522 ], [ 17.013522518519423, 52.464728964322241 ] ], [ [ 17.01770136724744, 52.458134828502011 ], [ 17.017734665147579, 52.458101568007507 ], [ 17.017787381335854, 52.458049025371558 ], [ 17.017961965967007, 52.457735261295028 ], [ 17.018022827700765, 52.457625920933722 ], [ 17.018054864955339, 52.457568264563662 ], [ 17.018168719603199, 52.457370678467555 ], [ 17.018267724027702, 52.457198837015049 ], [ 17.018369291545472, 52.457022361379273 ], [ 17.01861997172033, 52.456623705836328 ] ], [ [ 17.018258790936457, 52.458581206907461 ], [ 17.018339805449205, 52.45854442866812 ], [ 17.018781836548559, 52.458344066666065 ], [ 17.018797182710905, 52.458336768551696 ], [ 17.018938746474298, 52.458269704112887 ], [ 17.019270014931582, 52.458112726056726 ], [ 17.019378478838984, 52.458061386380216 ], [ 17.019430081492885, 52.458036886700171 ], [ 17.019764953586083, 52.457829059697147 ], [ 17.019996566598312, 52.457664834172775 ], [ 17.020001284822975, 52.457661405388983 ], [ 17.020060055993952, 52.457618227314185 ], [ 17.020126588607784, 52.457569422793938 ], [ 17.020352529531209, 52.457403572573398 ], [ 17.020583791514067, 52.457233943439959 ], [ 17.020682904398349, 52.457161219415838 ], [ 17.020820092278832, 52.457060260808063 ], [ 17.020865471422212, 52.45702675194886 ], [ 17.020984666912895, 52.45694941692939 ], [ 17.021045993726421, 52.456924719532616 ], [ 17.021123117221414, 52.456902355170534 ], [ 17.021155631733983, 52.456896333453891 ], [ 17.021165728906116, 52.456894433736643 ], [ 17.021188444517453, 52.456890226776594 ], [ 17.021259338363095, 52.456885297024833 ], [ 17.021354675065265, 52.456886892400405 ], [ 17.021608713067447, 52.456908592134639 ], [ 17.021897210755007, 52.456930148259403 ], [ 17.021953998960832, 52.456934426165624 ], [ 17.022920430129052, 52.457007163634323 ], [ 17.023353952873332, 52.457041934185277 ], [ 17.023658188182303, 52.457054035202709 ], [ 17.023878042141771, 52.457063196220901 ], [ 17.024165859161528, 52.457060540668678 ], [ 17.024474796814889, 52.457046544657082 ], [ 17.02504428055131, 52.457007578374572 ], [ 17.02521294924302, 52.456995824624407 ], [ 17.02558085389655, 52.456970308405857 ], [ 17.025612904731208, 52.456968055342315 ], [ 17.026772228624186, 52.456885861698481 ], [ 17.026859374000786, 52.456879670758418 ], [ 17.027814324150921, 52.456814113680146 ], [ 17.027934861267624, 52.456465974965518 ], [ 17.027960729092271, 52.456391213823885 ], [ 17.028131318514681, 52.455924554951309 ], [ 17.028181309488552, 52.455787685478796 ], [ 17.028364971677881, 52.455285356897363 ], [ 17.028657440026034, 52.454492796303668 ], [ 17.028998850847437, 52.453560109697285 ], [ 17.029093598511491, 52.453271433153354 ] ], [ [ 17.018925157089978, 52.460835110289587 ], [ 17.019021491483738, 52.460844189499362 ], [ 17.019123077887137, 52.460867477713585 ], [ 17.019217123492211, 52.460904580737399 ], [ 17.019679675514137, 52.461120097172333 ], [ 17.02008811368583, 52.461307812656145 ], [ 17.020789721388326, 52.461630312177256 ], [ 17.020904756639442, 52.46167882817489 ], [ 17.020767746762893, 52.46212670113654 ], [ 17.020754281977247, 52.46215768608311 ], [ 17.020747517227278, 52.462183746349858 ], [ 17.02073750925976, 52.462213170175616 ], [ 17.020737444745141, 52.462214608188276 ], [ 17.020737380230514, 52.462216046200915 ], [ 17.020737343304777, 52.462282513667617 ], [ 17.020762924973184, 52.46238844532008 ], [ 17.020769584497941, 52.462410682832619 ], [ 17.020794696711818, 52.462510670361247 ], [ 17.020804923229672, 52.462624080112221 ], [ 17.020714613636244, 52.462976225477789 ], [ 17.020705675719359, 52.463011333635507 ], [ 17.02069500012767, 52.463058914821374 ], [ 17.020662434990754, 52.463203807999143 ], [ 17.02064795121321, 52.463287032914032 ], [ 17.020635295759242, 52.463359045521948 ], [ 17.020567897321481, 52.463745302981408 ], [ 17.020562524981223, 52.46377642336445 ] ], [ [ 17.020583246166407, 52.465191847423583 ], [ 17.020487199496081, 52.465228645431139 ], [ 17.02023697789711, 52.465324293525853 ], [ 17.020045716011875, 52.465389178333822 ], [ 17.019800471989331, 52.46547231680146 ], [ 17.019627431866184, 52.465531479873214 ], [ 17.019504793046824, 52.465573408232061 ], [ 17.019272976464595, 52.465652633108988 ], [ 17.019097544156246, 52.465712564833403 ], [ 17.019001823916632, 52.465745319668862 ] ], [ [ 17.019582599323602, 52.467399299875702 ], [ 17.019808854782237, 52.467080012700798 ], [ 17.019860072283514, 52.467008555980577 ], [ 17.019868392133372, 52.466997092617675 ], [ 17.019923167350992, 52.466928393740297 ], [ 17.019938371513508, 52.466911199335073 ], [ 17.020010503422967, 52.466829839214228 ], [ 17.020115204178499, 52.46671187778972 ], [ 17.020198662800663, 52.466617665426618 ], [ 17.020260575241284, 52.466544139009081 ], [ 17.02032108642646, 52.466472298022737 ], [ 17.020444436538547, 52.466325956628189 ], [ 17.020474606175416, 52.466290304483465 ], [ 17.02063189027913, 52.466103157050348 ], [ 17.02071822338192, 52.465994061865075 ], [ 17.020778636338648, 52.46591781178639 ], [ 17.020875273650407, 52.465795667296334 ], [ 17.020953494039777, 52.465670426269362 ], [ 17.021070717769046, 52.465525960454713 ], [ 17.02112200593006, 52.465462689214007 ] ], [ [ 17.020904756639442, 52.46167882817489 ], [ 17.021052239759925, 52.461693348873538 ], [ 17.021182570017515, 52.461709471154556 ], [ 17.021426297511681, 52.461735135925998 ], [ 17.021719575405122, 52.461755872804773 ], [ 17.021748787916046, 52.46175789055799 ], [ 17.022107672922328, 52.461783411708595 ], [ 17.022210044821183, 52.461789261385206 ], [ 17.022480064443752, 52.461786851713114 ], [ 17.022759690392189, 52.461780374719432 ], [ 17.022934068318246, 52.461776364742249 ], [ 17.023066514049425, 52.461794589003915 ], [ 17.023137616286949, 52.461814755728426 ], [ 17.023189092127673, 52.461829287656897 ], [ 17.02330135657526, 52.461867411504386 ], [ 17.023509941634323, 52.461967587113151 ], [ 17.023585686614187, 52.462028755342445 ], [ 17.023952710174349, 52.462086336744655 ], [ 17.024231412185038, 52.462130119086005 ], [ 17.024646982954543, 52.46219534514772 ], [ 17.025348462926175, 52.462301321788296 ], [ 17.025739717528289, 52.462360471502315 ], [ 17.026054038236119, 52.462407992207083 ], [ 17.026367918211204, 52.462455504714974 ], [ 17.02688247420733, 52.462533348001429 ], [ 17.027129222845577, 52.462570654037798 ], [ 17.027340576024777, 52.462602602100105 ], [ 17.027520335225979, 52.462629795449573 ], [ 17.028017783954216, 52.462705009880139 ], [ 17.028188035853127, 52.462730784455637 ], [ 17.02893633066266, 52.462843996210104 ], [ 17.029181766604683, 52.46288109616885 ], [ 17.030173766676899, 52.463040634791007 ], [ 17.030287368666372, 52.46305889678127 ], [ 17.03082637075719, 52.463143605900072 ], [ 17.030875650145045, 52.463151352138908 ], [ 17.031795850353625, 52.463289983873715 ], [ 17.032066290275285, 52.463327853751096 ], [ 17.032232587326327, 52.463349958924645 ], [ 17.032455602523278, 52.463388028093355 ], [ 17.033007875232915, 52.463475826188287 ], [ 17.033184188072116, 52.463507810471953 ], [ 17.03358402313626, 52.463566537119775 ], [ 17.034037116816879, 52.463632983534524 ], [ 17.035698524076516, 52.463876546540398 ], [ 17.036151343366917, 52.463952604151707 ], [ 17.036956713078403, 52.464074717606593 ], [ 17.037269590511919, 52.464125422297165 ], [ 17.039255582819255, 52.464435483239036 ], [ 17.039499526638192, 52.464466780552044 ], [ 17.039761726829777, 52.464491544324524 ], [ 17.040133958920098, 52.464552129633645 ], [ 17.040814595511083, 52.464638330747846 ], [ 17.041545090287684, 52.464762500107376 ], [ 17.042312401058751, 52.464890062651008 ], [ 17.043404281959528, 52.465057439048522 ], [ 17.044035121617995, 52.465164383874388 ], [ 17.044781978224904, 52.46526865651834 ], [ 17.045145622104577, 52.465320629314739 ], [ 17.045369460909651, 52.465383781646182 ], [ 17.046211494072079, 52.465497173555882 ], [ 17.046713745866636, 52.465568430701808 ], [ 17.047429609839195, 52.4656745131037 ], [ 17.048019670428996, 52.465764933249005 ], [ 17.048020330219313, 52.465764855059959 ] ], [ [ 17.018353426233244, 52.522441286414278 ], [ 17.018412303159163, 52.52235844610059 ], [ 17.018428363773616, 52.522335779748254 ], [ 17.01848990705658, 52.522249386352868 ], [ 17.018535454963349, 52.522177655504478 ], [ 17.018619111516426, 52.522045491872248 ], [ 17.018653843980221, 52.522001102263651 ], [ 17.018712761905753, 52.521920600994619 ], [ 17.018744545026607, 52.521879489843471 ], [ 17.018782850367607, 52.521850720080735 ], [ 17.018838320037776, 52.521820618754042 ], [ 17.019003863170354, 52.521772483156646 ], [ 17.019157185428394, 52.521740332378101 ], [ 17.019228304136952, 52.521722904931806 ], [ 17.01923693248602, 52.521649116646557 ], [ 17.019426137294744, 52.521366716605549 ], [ 17.019541544461536, 52.521203873781459 ], [ 17.019562842364557, 52.521143429150207 ], [ 17.019566217716019, 52.521133951743778 ], [ 17.019565544120908, 52.521070261175545 ], [ 17.019528970710812, 52.52100156250166 ], [ 17.019396559152828, 52.520821349761775 ], [ 17.019275148667422, 52.52063916241287 ], [ 17.019238052650046, 52.520578819543886 ], [ 17.019189092396811, 52.520451180913469 ] ], [ [ 17.018214127874383, 52.53502315711188 ], [ 17.018327999082796, 52.535016519639946 ], [ 17.018456491410841, 52.535012735230396 ], [ 17.018505305950644, 52.53501616098945 ], [ 17.018630865418885, 52.535025099089381 ], [ 17.018841337250148, 52.535054706398036 ], [ 17.019163014355506, 52.535113967121987 ], [ 17.019270386291684, 52.535133752929362 ], [ 17.01935479271339, 52.535149286718777 ], [ 17.019867812323731, 52.535243767558072 ], [ 17.020342885705475, 52.535329336635009 ], [ 17.020616198369282, 52.535378520180238 ], [ 17.020862590559855, 52.535422845663092 ], [ 17.02107255067088, 52.535460625165591 ], [ 17.021134586015059, 52.535471826086216 ], [ 17.021689049250497, 52.535573108103435 ], [ 17.022058303866661, 52.535640531573456 ], [ 17.022341386396086, 52.535692302850187 ], [ 17.022364348555911, 52.535696644071955 ], [ 17.022479024154535, 52.535718078027202 ], [ 17.022686142328944, 52.535756796515521 ], [ 17.022700620666786, 52.535759556830591 ], [ 17.022986285055755, 52.535812988655465 ], [ 17.023331477015169, 52.535877667594903 ], [ 17.023390864592741, 52.535888733151509 ], [ 17.023429934744176, 52.535895681729976 ], [ 17.023985087217536, 52.535994985687353 ], [ 17.024114876889858, 52.536018199450915 ], [ 17.024498793340953, 52.536087748852708 ], [ 17.024552195034094, 52.53609745469862 ], [ 17.025890495861493, 52.536339967429242 ], [ 17.027780509005794, 52.536680254493248 ], [ 17.027844746652228, 52.536691758400451 ], [ 17.028081932599736, 52.5367344762263 ], [ 17.028272148518912, 52.536768765856742 ], [ 17.028576644430061, 52.536823577165578 ], [ 17.028624638742194, 52.536832201708563 ], [ 17.028886849160209, 52.536879382200389 ], [ 17.029041253112776, 52.536906418327234 ], [ 17.029210295882368, 52.536935946609589 ], [ 17.030086379804402, 52.537089314919712 ] ], [ [ 17.021445069499485, 52.463815208121638 ], [ 17.021593085968973, 52.463821282349286 ], [ 17.02170391038598, 52.463825924697332 ], [ 17.02198905862533, 52.463837800303828 ], [ 17.022061525789397, 52.463834155522918 ], [ 17.022186976139572, 52.463827889097495 ], [ 17.022204281074625, 52.46382619977998 ], [ 17.022278082528473, 52.463819069396806 ], [ 17.022307366861455, 52.463816231268176 ], [ 17.02236918888276, 52.463810249625553 ], [ 17.022849660097297, 52.463751816019041 ], [ 17.023107309505157, 52.463710252584605 ], [ 17.023216185642404, 52.463692644967516 ], [ 17.023309726780923, 52.463688632167134 ], [ 17.023387857798276, 52.463726185306371 ], [ 17.023488672829796, 52.463743880323484 ], [ 17.02370494872288, 52.463767912195472 ], [ 17.024043707657995, 52.46381575666674 ], [ 17.024422476007889, 52.463871194218825 ], [ 17.024670304189357, 52.463907534004576 ], [ 17.024966541148409, 52.463951337599369 ], [ 17.025476564040574, 52.464025513447091 ], [ 17.026137750596892, 52.464134230188989 ], [ 17.026173728108354, 52.464139777598312 ], [ 17.027312134739244, 52.464302323440478 ], [ 17.028219970678919, 52.464431242667928 ], [ 17.028516776146184, 52.464455888903146 ], [ 17.028394772778505, 52.464866064231117 ], [ 17.02831159041159, 52.465145659677269 ], [ 17.028289752525872, 52.465215810979466 ], [ 17.028098203963886, 52.46581118856011 ], [ 17.027897685131464, 52.466363333459832 ], [ 17.02779599611458, 52.466691099231284 ], [ 17.027728313369387, 52.466936774349691 ], [ 17.027672075835085, 52.467097734012455 ], [ 17.027640977494784, 52.467157567163312 ], [ 17.027602961630897, 52.467210719079745 ], [ 17.027569894664548, 52.467235531503839 ], [ 17.02719430438415, 52.467404655344367 ], [ 17.026362404555531, 52.467690374704034 ], [ 17.025855744920531, 52.467872417215588 ], [ 17.025535608070275, 52.467993442560754 ], [ 17.025533213246753, 52.467994302006737 ], [ 17.0248565086379, 52.468237450558142 ], [ 17.024782717790234, 52.468263920547315 ], [ 17.024738414252091, 52.468269926276825 ], [ 17.024620173318208, 52.468285939834942 ] ], [ [ 17.021600378496867, 52.465707603942853 ], [ 17.021675372268444, 52.465673960613195 ], [ 17.022129386241179, 52.465470368546519 ], [ 17.022557848288834, 52.465278219980796 ], [ 17.022839332337039, 52.465148641465255 ], [ 17.023065195382731, 52.465018042488516 ], [ 17.023151228012232, 52.464954901521736 ], [ 17.023299619464435, 52.464831101857264 ], [ 17.023447326874351, 52.46466996414393 ], [ 17.023485963739187, 52.464606300548596 ], [ 17.023513298929732, 52.464518792977792 ], [ 17.023514904071202, 52.464413946020699 ], [ 17.023499983675162, 52.464339403541871 ], [ 17.023474571929903, 52.464236083758962 ], [ 17.023336128841652, 52.463776408374954 ], [ 17.023309726780923, 52.463688632167134 ], [ 17.023333444648355, 52.463333483054868 ], [ 17.023369497327256, 52.462923225017718 ], [ 17.023394318413775, 52.462642027642431 ], [ 17.023396500088982, 52.462616340343963 ], [ 17.023405795717416, 52.462484459048817 ], [ 17.023421224470255, 52.462422746053662 ], [ 17.023451573318738, 52.462327104016168 ], [ 17.023493764072583, 52.462233368827299 ], [ 17.023585686614187, 52.462028755342445 ], [ 17.023672713009304, 52.461765776731255 ], [ 17.023681092313996, 52.461736505335303 ], [ 17.023768634905071, 52.461429103311794 ], [ 17.023803033565187, 52.461298900710723 ], [ 17.023838209974926, 52.461200640950807 ], [ 17.023869474084261, 52.461137123837467 ], [ 17.023907090045476, 52.461086304920094 ], [ 17.02395492288969, 52.461034217634214 ], [ 17.024018668924747, 52.460985184488976 ], [ 17.024125059879587, 52.46092427184319 ], [ 17.024235041832849, 52.460885095427564 ], [ 17.024376149720599, 52.460838074229706 ], [ 17.024499088926699, 52.460818631738626 ], [ 17.024645609101952, 52.460808577373164 ], [ 17.024768179013208, 52.460810534926495 ], [ 17.024806179098238, 52.460813598149201 ], [ 17.024957721986844, 52.46082620304977 ], [ 17.025257708389105, 52.460854868292714 ], [ 17.025636132623685, 52.460891138488215 ], [ 17.02585034561168, 52.460911624302305 ], [ 17.025634957796825, 52.461447147904565 ], [ 17.026083187152402, 52.461509676285075 ], [ 17.026386834946265, 52.461552071110084 ], [ 17.026611751794935, 52.46158352735393 ] ], [ [ 17.019228304136952, 52.521722904931806 ], [ 17.019439294304949, 52.521752700233655 ], [ 17.019771915338136, 52.521822216840043 ], [ 17.019833707050942, 52.521835123430307 ], [ 17.019936255339513, 52.521856537070789 ], [ 17.020455838161755, 52.521972172984661 ], [ 17.021328819409071, 52.52214795253159 ], [ 17.021721221318103, 52.522216214784919 ], [ 17.021969870452825, 52.522267771681044 ], [ 17.022563407888121, 52.522375280604763 ], [ 17.022979152769189, 52.522465604913855 ], [ 17.023373354696261, 52.522543155792796 ], [ 17.024024873573996, 52.522692819594077 ], [ 17.024173894312714, 52.522723640115601 ], [ 17.024574513480637, 52.522806151011665 ], [ 17.024613743814314, 52.522812562311195 ], [ 17.024700984725634, 52.522826880593421 ], [ 17.025001058220596, 52.522876141596761 ], [ 17.025377561115175, 52.522940798363685 ], [ 17.025416046901864, 52.522947376854184 ], [ 17.025807657350239, 52.52301714125938 ], [ 17.02623277355724, 52.523092769906441 ], [ 17.026369845566812, 52.523117182285702 ], [ 17.026571872092937, 52.523153111221937 ], [ 17.026730285001811, 52.523194878234698 ], [ 17.026919653004818, 52.522957260580014 ], [ 17.027068086358085, 52.522770946744345 ], [ 17.02719216259705, 52.522608241213753 ], [ 17.027359944568005, 52.522388251416068 ], [ 17.027530546150185, 52.522164530810876 ], [ 17.027623138655688, 52.522042943283118 ], [ 17.027697662105069, 52.521939582608482 ], [ 17.027856451093264, 52.521719442207477 ], [ 17.027882703878689, 52.521683093364963 ], [ 17.027990844922797, 52.521553400078972 ], [ 17.028137319642809, 52.521354640231749 ], [ 17.028251241599257, 52.521224233576007 ], [ 17.028409573507801, 52.521007592580901 ], [ 17.028497501727561, 52.520878101668153 ], [ 17.028551876835422, 52.520780071097462 ], [ 17.028653472509653, 52.520562664271061 ], [ 17.028681483499465, 52.52049360552121 ], [ 17.02872109982977, 52.520395868620255 ], [ 17.028744072731016, 52.520310896053786 ], [ 17.028769914656589, 52.520204654937388 ], [ 17.028841825640988, 52.519935576146445 ], [ 17.028890165247706, 52.519616636292746 ], [ 17.029371740864125, 52.519777560443202 ], [ 17.030440513726305, 52.520141365330005 ], [ 17.031053735024212, 52.520365724692965 ], [ 17.031195035042234, 52.520417454422414 ], [ 17.031563812616287, 52.520552387902192 ], [ 17.032242983554028, 52.520772801438085 ], [ 17.032705616888954, 52.520955612527516 ], [ 17.03290390839642, 52.521032122514413 ], [ 17.033768685942391, 52.521359226428743 ], [ 17.034210325113371, 52.521520456255885 ], [ 17.034428097892619, 52.521599985588637 ], [ 17.034659365634013, 52.521684415677484 ], [ 17.035014824996608, 52.52180436646281 ], [ 17.035350679799031, 52.521917604730064 ], [ 17.035627083036115, 52.522011686650998 ], [ 17.035815615785026, 52.522075797506545 ], [ 17.035962862801345, 52.52213328653901 ], [ 17.036090029346429, 52.522184775713782 ], [ 17.036264952774093, 52.522273034294408 ], [ 17.036438685138471, 52.522364870533764 ], [ 17.036541480906866, 52.522417303892553 ], [ 17.036693439273051, 52.522494837360931 ], [ 17.036959763519718, 52.522653057569435 ], [ 17.037168604955863, 52.522823994782428 ], [ 17.037487244797905, 52.523115296721791 ] ], [ [ 17.023137616286949, 52.461814755728426 ], [ 17.023337846224077, 52.461799035003139 ], [ 17.023470756749763, 52.461797029348674 ], [ 17.023535409546714, 52.461786957041689 ], [ 17.02361183506283, 52.461767187710251 ], [ 17.023681092313996, 52.461736505335303 ] ], [ [ 17.019867812323731, 52.535243767558072 ], [ 17.019903304324234, 52.535185988913007 ], [ 17.020024754234839, 52.53498798944797 ], [ 17.020116601675323, 52.534838153350123 ], [ 17.020133637617416, 52.534810286448163 ], [ 17.020213240562047, 52.534640817864549 ], [ 17.020253534496312, 52.53455496751296 ], [ 17.020272937303151, 52.534513828728052 ], [ 17.02028060028054, 52.534497587432739 ], [ 17.020307023891924, 52.534441365852643 ], [ 17.020451873979837, 52.53413294851115 ], [ 17.020481720051908, 52.534062933029944 ], [ 17.020510574475434, 52.533962500448801 ], [ 17.02053574130823, 52.533842398746835 ], [ 17.020551118699689, 52.533749745569843 ] ], [ [ 17.024782717790234, 52.468263920547315 ], [ 17.025588997357175, 52.468429298958931 ], [ 17.025928439500529, 52.46849891537947 ], [ 17.026054379880019, 52.468524762641671 ], [ 17.026249055444104, 52.46856470881923 ], [ 17.026748419750064, 52.468661096686226 ], [ 17.026901687846575, 52.468691716300526 ], [ 17.027203464738037, 52.468750716897439 ], [ 17.027790344649503, 52.468866189109384 ], [ 17.02808526848559, 52.468930289845261 ], [ 17.02821899912708, 52.468956534512827 ], [ 17.028475272295672, 52.46900892681095 ], [ 17.02861852353297, 52.469039647013389 ], [ 17.028813899112677, 52.46909039377082 ], [ 17.029352356016187, 52.46918229540973 ], [ 17.029791068388441, 52.469271813296402 ], [ 17.030210625477618, 52.469354984292622 ], [ 17.030385863847236, 52.469391721660564 ], [ 17.030683322430555, 52.46946188426022 ], [ 17.031032313412215, 52.469535692354754 ], [ 17.031394717918367, 52.469609272987178 ], [ 17.031460496936219, 52.469623679543986 ], [ 17.03169830022588, 52.469670990361472 ], [ 17.031876747980565, 52.469705170570094 ], [ 17.031997655623247, 52.469731737176915 ], [ 17.032244157882712, 52.469782159771754 ], [ 17.032427951532828, 52.469818676670116 ], [ 17.032724512772347, 52.469879375140593 ], [ 17.032872154065377, 52.469907554827635 ], [ 17.033100713989196, 52.469950841495489 ], [ 17.033228558944305, 52.46998040039162 ], [ 17.033704058737911, 52.470074293053599 ], [ 17.033972268890768, 52.470130109760817 ], [ 17.034080962015441, 52.470149905315147 ], [ 17.034255117668121, 52.470184640154208 ], [ 17.034356750901043, 52.470204228157172 ], [ 17.03449044925085, 52.47023136456562 ], [ 17.034609042310944, 52.470253752632139 ], [ 17.034773076087014, 52.470287598937773 ], [ 17.035086456354016, 52.470351089335765 ], [ 17.035353161310454, 52.470411015251045 ], [ 17.035629616325416, 52.470470293028754 ], [ 17.036083815799998, 52.470559864733602 ], [ 17.03623150474062, 52.470590379499683 ], [ 17.036511175879703, 52.470650248261769 ], [ 17.037303598642492, 52.470834383942055 ] ], [ [ 17.025348462926175, 52.462301321788296 ], [ 17.025391105623441, 52.462023030012951 ], [ 17.025429266632184, 52.461907370664719 ], [ 17.02550302616029, 52.461716843364201 ], [ 17.025609147243408, 52.461480985317181 ], [ 17.025634957796825, 52.461447147904565 ] ], [ [ 17.022114441119676, 52.534795292956041 ], [ 17.023835581825907, 52.535116811267869 ], [ 17.025317063782182, 52.535385736412941 ], [ 17.025384070991144, 52.535397917489639 ], [ 17.026032493081171, 52.535515767307864 ], [ 17.02649569600673, 52.535599944295733 ], [ 17.027122901982956, 52.53571410639092 ], [ 17.029430741622559, 52.536127350213135 ], [ 17.029353616436836, 52.536298215132888 ], [ 17.029176497720947, 52.536649907300472 ], [ 17.029041253112776, 52.536906418327234 ] ], [ [ 17.022563095952719, 52.534018044932488 ], [ 17.024745051144087, 52.534429996985089 ], [ 17.025759868637174, 52.534616114087527 ], [ 17.025881876118394, 52.534638476561007 ], [ 17.02826995741265, 52.535076467185839 ], [ 17.029804563262498, 52.535351977425776 ], [ 17.029430741622559, 52.536127350213135 ] ], [ [ 17.02585034561168, 52.460911624302305 ], [ 17.026242995056172, 52.46094920935581 ], [ 17.026270839658505, 52.46094229878215 ], [ 17.026290755715216, 52.460925002337241 ], [ 17.026529562951602, 52.460250816199064 ], [ 17.026591420954766, 52.460076009544736 ], [ 17.026631936014525, 52.459966865006443 ], [ 17.026668070634226, 52.459870059517762 ], [ 17.02673978543093, 52.459678957664437 ], [ 17.026832558567758, 52.459431812759867 ], [ 17.026891236076654, 52.459275391233589 ], [ 17.026932358235953, 52.459165807003451 ], [ 17.026935368342471, 52.459157762339224 ], [ 17.026936196444776, 52.459155707462585 ], [ 17.026955665826197, 52.459122033785953 ], [ 17.027015737219948, 52.458950884763659 ], [ 17.027222180055841, 52.458423754014035 ], [ 17.027243032457243, 52.458339375375068 ], [ 17.027318757256914, 52.458150678586378 ], [ 17.027427954117986, 52.457878533146548 ], [ 17.027473414885169, 52.457727827092874 ], [ 17.027503175021252, 52.457631904379092 ], [ 17.027556740267926, 52.457487629514056 ], [ 17.02762904916084, 52.457292939285601 ], [ 17.027702196952468, 52.457105818237672 ], [ 17.027787654907328, 52.456883734655747 ], [ 17.027814324150921, 52.456814113680146 ], [ 17.027973046771493, 52.456810734718303 ], [ 17.028113297380507, 52.456802280503638 ], [ 17.028451676185565, 52.456781749515905 ], [ 17.028816870134616, 52.456764093055902 ], [ 17.029186195357152, 52.456746234497544 ], [ 17.029553099356963, 52.456736429329936 ], [ 17.029684212905838, 52.456744640375334 ], [ 17.029821893565106, 52.456767351613379 ], [ 17.029928217992527, 52.456806449589465 ], [ 17.030079334241908, 52.456871207976093 ], [ 17.030327112675671, 52.456977151397723 ], [ 17.030377827057613, 52.456998773058118 ], [ 17.030498452049066, 52.457057266625789 ], [ 17.030570792959139, 52.457092470070165 ], [ 17.03086481640381, 52.457237768212941 ], [ 17.030889449634753, 52.457249960991831 ], [ 17.030987553346545, 52.457298455078046 ], [ 17.031174708704665, 52.457380541594418 ], [ 17.031461074638976, 52.457522652650681 ], [ 17.031641711678216, 52.457612275066062 ], [ 17.031903232390043, 52.457763505414484 ], [ 17.032301412210522, 52.458046347668216 ], [ 17.032480000636959, 52.458172091834008 ], [ 17.032703002890539, 52.458335361417127 ], [ 17.032752103917822, 52.45837341479313 ], [ 17.033087203474732, 52.458618238179852 ], [ 17.033503006064471, 52.458915670343153 ], [ 17.034132648930452, 52.459351031366474 ], [ 17.03419104177895, 52.459388788884908 ], [ 17.034268048607277, 52.459441696430844 ], [ 17.034348722983093, 52.459491606825452 ], [ 17.034442572594049, 52.459539937307234 ], [ 17.034531417831044, 52.45958161868316 ], [ 17.034604550823076, 52.459612425547903 ], [ 17.03465195430109, 52.459632461266729 ], [ 17.034775333603328, 52.459672377911353 ], [ 17.034902704821224, 52.45971523894535 ], [ 17.035050030656592, 52.4597596906383 ], [ 17.035343280611851, 52.459830491611775 ], [ 17.036936161319922, 52.46023776538091 ], [ 17.037050074918774, 52.460265470105483 ], [ 17.037281986416431, 52.460321756502495 ], [ 17.037517099563846, 52.460378905063436 ], [ 17.03757770195174, 52.460390254281037 ], [ 17.037772128142215, 52.460438542268136 ], [ 17.037862336618961, 52.460452990973359 ], [ 17.038131469983192, 52.460483540003274 ], [ 17.03821502149615, 52.460498687478456 ], [ 17.038359304440021, 52.460518979777781 ], [ 17.038715878944654, 52.460510323758541 ], [ 17.039122551407857, 52.460444574113716 ], [ 17.039757500373174, 52.460364528979497 ], [ 17.04029786792092, 52.460315382438779 ], [ 17.040700593969071, 52.460258826119187 ], [ 17.040967178846373, 52.460240667282733 ], [ 17.041267010606823, 52.460236460084914 ], [ 17.041509718209749, 52.460251992910443 ], [ 17.041809134269855, 52.460263787308882 ], [ 17.042050587116545, 52.460267785536971 ], [ 17.042364730573073, 52.460236379908885 ], [ 17.042713528599993, 52.460187198698002 ], [ 17.043087313458042, 52.460119092234081 ], [ 17.043484460805892, 52.460085279660483 ], [ 17.043769318391536, 52.460089992546095 ], [ 17.044184380297729, 52.46010045611385 ], [ 17.044427878247113, 52.460082676788439 ] ], [ [ 17.02292358088545, 52.533403916479244 ], [ 17.025453651622399, 52.533896683413602 ], [ 17.026522194835742, 52.534091605469804 ], [ 17.02787836916897, 52.534338981265734 ], [ 17.028791710846562, 52.534505572460738 ], [ 17.029391696171984, 52.534621337821036 ], [ 17.030014923791267, 52.534728672724398 ], [ 17.030125378930158, 52.534748859749584 ], [ 17.029970819903195, 52.535054878264823 ], [ 17.029804563262498, 52.535351977425776 ] ], [ [ 17.023355684656952, 52.532685840796454 ], [ 17.024167266290714, 52.532831430585922 ], [ 17.024346441477078, 52.532877954363826 ], [ 17.024711436412126, 52.532951144831792 ], [ 17.02526924963853, 52.533039694385998 ], [ 17.025482458336946, 52.533067356864393 ], [ 17.025694151376268, 52.533099220953865 ], [ 17.026986724473158, 52.533339969636266 ], [ 17.027188065370119, 52.533375795764861 ], [ 17.027929783088275, 52.533511020630606 ], [ 17.029885693589886, 52.53385624065978 ], [ 17.030453961679662, 52.533972012260698 ], [ 17.030206799518837, 52.534570870455902 ], [ 17.030125378930158, 52.534748859749584 ] ], [ [ 17.023824265597565, 52.531910539865635 ], [ 17.023524053925232, 52.532427820596922 ], [ 17.023355684656952, 52.532685840796454 ], [ 17.02320193414705, 52.532940147521664 ], [ 17.02304260360965, 52.533203714820544 ], [ 17.022990976221998, 52.533289196852799 ], [ 17.02292358088545, 52.533403916479244 ], [ 17.022563095952719, 52.534018044932488 ], [ 17.02251693199667, 52.534096782447264 ], [ 17.022216645139238, 52.534608482220733 ], [ 17.022114441119676, 52.534795292956041 ], [ 17.021689049250497, 52.535573108103435 ] ], [ [ 17.023738746271032, 52.524927696649939 ], [ 17.024337414843878, 52.52504004900139 ], [ 17.024576838026203, 52.525087308861679 ], [ 17.025041681553166, 52.525185011195966 ], [ 17.025609531049263, 52.525313931678404 ], [ 17.025750067239294, 52.525336873509026 ], [ 17.0261084591864, 52.525394839670724 ], [ 17.026217621630405, 52.525416987712966 ], [ 17.026321523774964, 52.525438058541589 ], [ 17.026624808622543, 52.525491776013908 ], [ 17.027032711334524, 52.525563786624495 ], [ 17.027138179788338, 52.525576248383558 ], [ 17.027230475017568, 52.525586511678377 ], [ 17.027324530490301, 52.525596984132925 ], [ 17.027469726108372, 52.525608129202297 ], [ 17.027572106042957, 52.525617121275062 ], [ 17.027696776296875, 52.525474212457524 ], [ 17.027860374825984, 52.525291838088819 ], [ 17.027981721764096, 52.525140778774109 ], [ 17.028026770141157, 52.5250963785303 ], [ 17.028138290801422, 52.524970429083233 ], [ 17.028308609020279, 52.524786097419877 ], [ 17.028320534833206, 52.524773344457074 ], [ 17.028337118714191, 52.524755362517261 ], [ 17.028472208767123, 52.524590410776 ], [ 17.028602509548875, 52.524453351151301 ], [ 17.028640161743755, 52.524416022831559 ], [ 17.028671042221937, 52.524381729657286 ], [ 17.028718144660193, 52.524327649606278 ], [ 17.028764995665192, 52.524266010191958 ], [ 17.028448180393919, 52.524211622989064 ], [ 17.028217149282902, 52.524171256486021 ], [ 17.02787323439572, 52.524109580495214 ], [ 17.027666816487674, 52.524076099007551 ], [ 17.027431115965541, 52.524034663754662 ], [ 17.02697687214701, 52.523960532519162 ], [ 17.026739590069472, 52.523914932156451 ], [ 17.026544245286413, 52.523881183656712 ], [ 17.026272163911209, 52.523838869441022 ], [ 17.026330294737484, 52.523749357110518 ], [ 17.026378343327472, 52.523687378825144 ], [ 17.026556588365167, 52.523457850900961 ], [ 17.026730285001811, 52.523194878234698 ] ], [ [ 17.026955665826197, 52.459122033785953 ], [ 17.027066440546012, 52.459064969296904 ], [ 17.027216209379521, 52.458982111969704 ], [ 17.027316066597805, 52.458918928850991 ], [ 17.027384806764758, 52.458873305137381 ], [ 17.027538233679184, 52.458771170638514 ], [ 17.02774757775942, 52.458643435364152 ], [ 17.027827276034721, 52.458589809336651 ], [ 17.027877719261756, 52.458561509044557 ], [ 17.028100169933133, 52.458420500264992 ], [ 17.028237575720905, 52.458337435491991 ], [ 17.028273290414827, 52.458315815059727 ], [ 17.028306276412717, 52.458295947981405 ], [ 17.028563640330233, 52.458131415719286 ], [ 17.028765383914124, 52.458002292745896 ], [ 17.028792996529265, 52.457984044876376 ], [ 17.029008173032839, 52.457850828154164 ], [ 17.02908429429916, 52.457804696899252 ], [ 17.029160264263822, 52.457758653017478 ], [ 17.02946352994454, 52.457575006433757 ], [ 17.029878033398415, 52.457313792660592 ], [ 17.03006336883707, 52.457199144809493 ], [ 17.030095200257939, 52.457178718345205 ], [ 17.030216068194253, 52.457106438807465 ], [ 17.030377827057613, 52.456998773058118 ], [ 17.030625978114262, 52.456865473097466 ], [ 17.030796370421381, 52.456782055357799 ], [ 17.031018705959745, 52.456676207051018 ], [ 17.031080231435407, 52.456646920691611 ], [ 17.031249316733291, 52.456566358726931 ], [ 17.031378211863458, 52.456508782471182 ], [ 17.031480365283684, 52.456463173044511 ], [ 17.031704907243984, 52.45636059815206 ], [ 17.032279369898458, 52.456097361640495 ], [ 17.03301588402816, 52.45574921356495 ], [ 17.033313502067593, 52.455612323705246 ], [ 17.03361909189638, 52.455471608177419 ], [ 17.033813340884706, 52.455381207541571 ], [ 17.03413148684708, 52.455232874437471 ], [ 17.034574867379419, 52.455026270338571 ], [ 17.034812790635911, 52.454910510508178 ], [ 17.035001806485756, 52.454818491935058 ], [ 17.035206056678206, 52.454718271551897 ], [ 17.035292566509003, 52.454681464627996 ] ], [ [ 17.024051981522106, 52.526224680613154 ], [ 17.024195871476252, 52.526077689199226 ], [ 17.024342771891657, 52.525922743009751 ], [ 17.024537670628156, 52.525716881162104 ], [ 17.024819861503047, 52.525419116065386 ], [ 17.025041681553166, 52.525185011195966 ], [ 17.025472457857827, 52.52470426345549 ], [ 17.025494964739938, 52.524679185360277 ], [ 17.025697226780704, 52.524453567252301 ], [ 17.026199371513137, 52.523939649781767 ], [ 17.026272163911209, 52.523838869441022 ], [ 17.025786997158836, 52.523763857989891 ], [ 17.025391958875819, 52.523694755901474 ], [ 17.024942495629084, 52.523616109521214 ], [ 17.024574386465055, 52.523551591552504 ], [ 17.024549805525272, 52.523547313624853 ], [ 17.024492452707129, 52.523537271857307 ], [ 17.024430564416051, 52.523526434793112 ], [ 17.024130337719338, 52.523473931887942 ], [ 17.023792661272019, 52.523414776572402 ], [ 17.023721869908911, 52.523401901639481 ], [ 17.023703294046094, 52.523398533320083 ], [ 17.022871079001678, 52.523246747885736 ], [ 17.022505725245903, 52.523180110857716 ], [ 17.022266595238754, 52.52313644930242 ], [ 17.022084793135679, 52.523103369469709 ], [ 17.021466711282951, 52.522990590885783 ], [ 17.021195111131345, 52.522941077562905 ], [ 17.021121509650417, 52.522928423891216 ], [ 17.020934360445153, 52.522896242212404 ], [ 17.020888122700612, 52.522888273395509 ], [ 17.020722037935919, 52.522859861539636 ], [ 17.020398953733103, 52.522807596314692 ], [ 17.020325463684429, 52.522795753490847 ], [ 17.019931444408183, 52.522724041751438 ], [ 17.019883451032864, 52.522715773330496 ], [ 17.0196123103944, 52.522669232138718 ], [ 17.01957647391654, 52.522662786039156 ], [ 17.019191216854626, 52.52259301733001 ], [ 17.018663356930908, 52.522497384408908 ], [ 17.018419683174173, 52.52245327915837 ], [ 17.018353426233244, 52.522441286414278 ], [ 17.017755397531236, 52.522335479901628 ], [ 17.017671859741558, 52.522320858746269 ], [ 17.017419672892178, 52.522272651316442 ], [ 17.017251344625226, 52.522241768510504 ], [ 17.017016043937609, 52.52219843026058 ], [ 17.016664372069052, 52.522136141720004 ], [ 17.016615556668242, 52.522126509045805 ], [ 17.016257099577071, 52.522054481689722 ], [ 17.01619773246167, 52.522043412730042 ], [ 17.015970862261693, 52.522002822072515 ], [ 17.01583674511123, 52.521975209193982 ], [ 17.015687633228659, 52.52194986307228 ], [ 17.015392262146502, 52.52189804885834 ], [ 17.015202188531664, 52.521868777094689 ], [ 17.015066010973957, 52.521844366703078 ], [ 17.014969938926345, 52.521829803169702 ], [ 17.014597196447834, 52.521760769002668 ], [ 17.014238614785349, 52.521698177360584 ], [ 17.014144834536822, 52.521681852765752 ], [ 17.013721293452299, 52.521608005706874 ], [ 17.013367481942254, 52.521544322232572 ], [ 17.01316052543989, 52.521506938678002 ], [ 17.01245916375164, 52.52138794718536 ], [ 17.012108147250313, 52.52132448675421 ], [ 17.011961008001045, 52.521297999790775 ], [ 17.011579508931067, 52.521230427872595 ], [ 17.011393442196834, 52.521197439697339 ], [ 17.011242190531732, 52.521170612884468 ], [ 17.011030960814477, 52.521133243689974 ], [ 17.010933691575023, 52.52111586850878 ], [ 17.010552952737825, 52.521047856322902 ], [ 17.01046884680364, 52.521032860719188 ], [ 17.009996108546868, 52.520948369184069 ], [ 17.009904553800371, 52.520931808807127 ], [ 17.009684591833196, 52.520891951801119 ], [ 17.00933344021383, 52.520828390858497 ], [ 17.009152967620121, 52.520795673140888 ], [ 17.008773362275399, 52.52073531938327 ], [ 17.00874100820521, 52.520730187782696 ], [ 17.008285862323199, 52.520657857878028 ], [ 17.007855259879523, 52.520593854426771 ], [ 17.007690192359075, 52.520569398746908 ], [ 17.007537284756527, 52.520546676640926 ], [ 17.007493315850439, 52.520540809440256 ], [ 17.007317870150608, 52.520517617542296 ], [ 17.007254697958682, 52.520509268197237 ], [ 17.007131873431618, 52.520492988464511 ], [ 17.006919351600157, 52.520464764265554 ], [ 17.00666740028581, 52.520431378250308 ], [ 17.006539005952579, 52.52041437446001 ], [ 17.00651423937207, 52.520411087550485 ] ], [ [ 17.023824265597565, 52.531910539865635 ], [ 17.024165703474896, 52.531969487548984 ], [ 17.024743825919494, 52.532085001725889 ], [ 17.025160554654541, 52.532168678268917 ], [ 17.026381424519581, 52.532392856964314 ], [ 17.027344103046545, 52.53255344698286 ], [ 17.028882526166715, 52.532847022015133 ], [ 17.030581617151132, 52.533146489003251 ], [ 17.030628629646902, 52.533160492952852 ], [ 17.030669153421762, 52.533174478834987 ], [ 17.030704102049103, 52.53319439804482 ], [ 17.030716171994481, 52.533211418107591 ], [ 17.030719464625104, 52.533233418798019 ], [ 17.030717924999159, 52.533284300451015 ], [ 17.030702711981164, 52.533350694426325 ], [ 17.030453961679662, 52.533972012260698 ] ], [ [ 17.023824265597565, 52.531910539865635 ], [ 17.024125071254762, 52.531455418429545 ], [ 17.024226352962437, 52.531367617048573 ], [ 17.024058790354971, 52.531328662223721 ], [ 17.023729934697947, 52.531265517164819 ], [ 17.023473930833973, 52.531215640395416 ], [ 17.023264297561841, 52.531174272774109 ], [ 17.023080012782657, 52.53112676249836 ], [ 17.022917995761802, 52.531095723676721 ], [ 17.022694884112369, 52.531049093059892 ], [ 17.022282004692002, 52.530955578391101 ], [ 17.022220482118637, 52.530942947516358 ], [ 17.022128397550052, 52.5309048017862 ], [ 17.022064671191234, 52.530862453020809 ], [ 17.022029559131983, 52.530826608685565 ], [ 17.022016124800061, 52.530794094812642 ], [ 17.022005270604939, 52.530756677240106 ] ], [ [ 17.026912712846286, 52.471078989915469 ], [ 17.026997370642892, 52.471059895332047 ], [ 17.027135131240975, 52.471071907463859 ], [ 17.027708699341346, 52.471172856808728 ], [ 17.028202142128503, 52.471250881075484 ], [ 17.028282799028634, 52.471265267623814 ], [ 17.028420712450053, 52.47129365043368 ], [ 17.028619479079001, 52.471334650170739 ], [ 17.028879835130805, 52.471388278796475 ], [ 17.029128223990625, 52.47143945882776 ], [ 17.029297663018763, 52.471474302236636 ], [ 17.029381430020553, 52.471491618034037 ], [ 17.029787291993877, 52.471575191758753 ], [ 17.030083534707241, 52.471636611021133 ], [ 17.030124103979912, 52.471645021897658 ], [ 17.030472649568932, 52.471719273805199 ], [ 17.030502710706713, 52.471725530799098 ], [ 17.030813695745966, 52.47178998196685 ], [ 17.030840710447976, 52.471795198773734 ], [ 17.031170149583303, 52.471858697073316 ], [ 17.031194829627108, 52.47186342521551 ], [ 17.031512305708819, 52.471924384873532 ], [ 17.03153524780156, 52.47192845441424 ], [ 17.031880517341527, 52.472000309087456 ], [ 17.032064338711049, 52.472039705115201 ], [ 17.032101237367783, 52.472047874339907 ], [ 17.032398779122264, 52.472110028912212 ], [ 17.032503291266671, 52.472131195408174 ], [ 17.032730417412488, 52.472177157137324 ], [ 17.032782661607214, 52.472188009880497 ], [ 17.032902176980013, 52.472212933368702 ], [ 17.03306430734153, 52.47224666039147 ], [ 17.033271670011242, 52.472289953842967 ], [ 17.033395684311401, 52.472316390734569 ], [ 17.033734050726157, 52.472387945267393 ], [ 17.033763249773241, 52.472393737376805 ], [ 17.034119456886728, 52.472468195765749 ], [ 17.03389466812402, 52.472885122047302 ], [ 17.033745244646944, 52.473141133829238 ], [ 17.033612351473135, 52.473336888674396 ], [ 17.033589582101069, 52.473385079271246 ], [ 17.033501453951466, 52.473571144935931 ], [ 17.033415989680801, 52.473747001336172 ], [ 17.033428676481456, 52.473802707103673 ], [ 17.03339678829202, 52.474055366231653 ], [ 17.033352233582509, 52.474344331542191 ], [ 17.03335182698444, 52.474346843183092 ], [ 17.033307507693923, 52.474561159743168 ], [ 17.03328901684818, 52.474658710161442 ], [ 17.033279928349188, 52.474713873927428 ], [ 17.033302612919801, 52.474766687902068 ], [ 17.033379504924877, 52.474845857157057 ], [ 17.033594545075438, 52.475009784958296 ], [ 17.033690451786633, 52.475065450911231 ], [ 17.033795654995156, 52.475133287193586 ], [ 17.033859658212211, 52.475242493908745 ], [ 17.033890484391385, 52.47550735506502 ], [ 17.033918057705375, 52.47569806439288 ], [ 17.033916046619638, 52.475890284528759 ], [ 17.033863853888825, 52.475957506648299 ], [ 17.033807759630999, 52.476051790810821 ] ], [ [ 17.024226352962437, 52.531367617048573 ], [ 17.024556772623495, 52.531428808096351 ], [ 17.024660183276065, 52.531447983279953 ], [ 17.02584404352756, 52.531671459918165 ], [ 17.026559739081826, 52.531797535083065 ], [ 17.026692473431282, 52.531820615334659 ], [ 17.027649425952262, 52.531986953714863 ], [ 17.031071360157885, 52.532584405630423 ], [ 17.032210574129355, 52.532775325583088 ], [ 17.034200751540681, 52.533109531538756 ], [ 17.034896554444288, 52.533226321154864 ], [ 17.037544641869474, 52.533721238159906 ], [ 17.037811709245087, 52.533791594613731 ], [ 17.038013323769764, 52.533844675652631 ], [ 17.038209803900539, 52.533883910084434 ], [ 17.03857773384971, 52.533977972752396 ], [ 17.040691424958009, 52.534336241738785 ], [ 17.041147882000409, 52.534416561930726 ], [ 17.043142190049899, 52.534767144138861 ], [ 17.043316416654193, 52.534799526188458 ], [ 17.044528987553495, 52.535024908120029 ], [ 17.044695102703855, 52.535050678257292 ], [ 17.04504461756563, 52.535104931819589 ], [ 17.04552777876626, 52.535158873464368 ], [ 17.045584901500536, 52.535161256011222 ], [ 17.045585477470592, 52.535161280884672 ] ], [ [ 17.02831159041159, 52.465145659677269 ], [ 17.028469102482127, 52.46518651168725 ], [ 17.028688789381249, 52.465236584801175 ], [ 17.02949465465543, 52.465403728879082 ], [ 17.030181986738853, 52.465541010630531 ], [ 17.030780657002257, 52.465665389167349 ], [ 17.031631287460836, 52.46584945375907 ], [ 17.0324335567833, 52.466015168630037 ], [ 17.033000396453161, 52.466133699570044 ], [ 17.034219391259466, 52.466376488751308 ], [ 17.035735808131594, 52.466690314070469 ], [ 17.036750885047486, 52.466906214457069 ], [ 17.037627802237981, 52.467096338339324 ], [ 17.038197411165111, 52.467212821413149 ], [ 17.038330180769314, 52.467237509668493 ] ], [ [ 17.03049851766637, 52.527394019995633 ], [ 17.029426948118967, 52.527223816400728 ], [ 17.028940424076527, 52.527132066346333 ], [ 17.028445533229398, 52.527042783189202 ], [ 17.02833931360172, 52.527027252069956 ], [ 17.028276065007777, 52.527017023992649 ], [ 17.027688211802108, 52.526929066630814 ], [ 17.027155969949273, 52.526844102256405 ], [ 17.026838802706589, 52.526784038641658 ], [ 17.026569112725969, 52.526734030091816 ] ], [ [ 17.026986724473158, 52.533339969636266 ], [ 17.027344103046545, 52.53255344698286 ] ], [ [ 17.027498833155768, 52.525699006489162 ], [ 17.027521684820123, 52.525676092380159 ], [ 17.027572106042957, 52.525617121275062 ] ], [ [ 17.029853974261712, 52.525442514971573 ], [ 17.029695442645274, 52.525409744486574 ], [ 17.029527320191175, 52.525370518102747 ], [ 17.029371679832273, 52.525339054522561 ], [ 17.029231691763524, 52.525323591350194 ], [ 17.029180580709276, 52.525312396654058 ], [ 17.028667296137325, 52.525219390074994 ], [ 17.028026770141157, 52.5250963785303 ] ], [ [ 17.031024357581607, 52.47282153809126 ], [ 17.031474673721782, 52.472909353802329 ], [ 17.031540092346756, 52.472922045358317 ], [ 17.031916380320357, 52.472995405532927 ], [ 17.032330571316848, 52.473077579958087 ], [ 17.032552965483184, 52.473120764968556 ], [ 17.032742795587598, 52.473157651516111 ], [ 17.033047960152395, 52.473217502730272 ], [ 17.033162064859841, 52.473241616396862 ], [ 17.033612351473135, 52.473336888674396 ] ], [ [ 17.028764995665192, 52.524266010191958 ], [ 17.029004192437498, 52.524305162509073 ], [ 17.02913542007272, 52.524328484918634 ], [ 17.029289505776294, 52.524355066060458 ], [ 17.029449209596805, 52.524384618721882 ], [ 17.02958023001823, 52.524409286318075 ], [ 17.029692996672932, 52.524429962163538 ], [ 17.029944844322777, 52.524476428676103 ], [ 17.030246837277051, 52.524529305891285 ], [ 17.030408449927926, 52.524559068910229 ], [ 17.030841647998578, 52.524639132579956 ], [ 17.031170380698988, 52.524704144938298 ], [ 17.031221897456707, 52.524716155008221 ], [ 17.031421644795444, 52.524753836494668 ], [ 17.031588344086035, 52.52478530148079 ], [ 17.031633530281475, 52.524793788244956 ], [ 17.031879951564708, 52.524846276407615 ], [ 17.031995068750081, 52.524870496888994 ], [ 17.032289852142185, 52.52492972477588 ], [ 17.032429063333254, 52.524955964484157 ], [ 17.032801713113173, 52.525008481060063 ] ], [ [ 17.032912239639259, 52.485006397663049 ], [ 17.032969583207315, 52.484906615416726 ], [ 17.033102665190057, 52.484657978147069 ], [ 17.033192244274208, 52.484433351590177 ], [ 17.033271732045893, 52.484243365027936 ], [ 17.033409157880634, 52.483963319661804 ], [ 17.033536116786284, 52.483732928427649 ], [ 17.033630060918128, 52.483483010236966 ], [ 17.033638381552603, 52.483468218065305 ], [ 17.033823939508338, 52.483050280609092 ], [ 17.033932734299512, 52.482820756243115 ], [ 17.034859293490744, 52.482624519552054 ], [ 17.034944622225549, 52.482607319129301 ], [ 17.035094528687384, 52.482579049239455 ], [ 17.035356547798866, 52.482520981670838 ], [ 17.035652486939391, 52.482468693580373 ], [ 17.036232304808802, 52.482360317230139 ], [ 17.036494603187283, 52.482289300031141 ], [ 17.036483885426939, 52.482242171961346 ], [ 17.0364474901452, 52.482030651880009 ], [ 17.036434104509816, 52.481977273457929 ], [ 17.036424228299158, 52.481937714546063 ], [ 17.036342211910313, 52.48161930448952 ], [ 17.036338265852923, 52.48160205989776 ], [ 17.036327075668314, 52.481552315621613 ], [ 17.036268426071583, 52.481294735013819 ], [ 17.036169022672802, 52.480857401527977 ], [ 17.036110506010193, 52.480600182780989 ], [ 17.036014241712945, 52.480201576638791 ], [ 17.035936427391952, 52.479802197463357 ], [ 17.035894583907659, 52.47964032501396 ], [ 17.035835077563696, 52.479362402772757 ], [ 17.035763552429156, 52.479073217904087 ], [ 17.035600004237757, 52.478412749460439 ], [ 17.035530764278697, 52.478141770802964 ], [ 17.035495062719384, 52.477964440055359 ], [ 17.035504225561088, 52.477838132589063 ], [ 17.035479914123986, 52.477729167717428 ], [ 17.034784985054593, 52.47699097373566 ], [ 17.034250015892134, 52.476428574404196 ], [ 17.034125257543163, 52.47630291911571 ], [ 17.034028601382534, 52.476214337609775 ], [ 17.033924007851091, 52.476105566798871 ] ], [ [ 17.031221897456707, 52.524716155008221 ], [ 17.031300192072347, 52.524614114074254 ], [ 17.031424804634863, 52.524458968295889 ], [ 17.031553764481384, 52.524305513674811 ], [ 17.031701258762872, 52.524129971616851 ], [ 17.031870558178273, 52.523928438998432 ], [ 17.032030874470681, 52.523729904707963 ], [ 17.032093002818897, 52.523652958093656 ], [ 17.032145637857134, 52.5235937520726 ], [ 17.032354009263045, 52.523359230191545 ], [ 17.032379991507952, 52.52332557414806 ], [ 17.03251005750948, 52.523157116535629 ], [ 17.032549407539396, 52.523104794864061 ], [ 17.03264378587572, 52.522979275738678 ], [ 17.03272439095603, 52.522858384414654 ], [ 17.032771451201629, 52.522772102738458 ], [ 17.032833173250225, 52.522677790123581 ], [ 17.032887413304664, 52.522559518374322 ], [ 17.033340969467766, 52.522652233577588 ], [ 17.0334035072452, 52.522665055499324 ], [ 17.033569544133439, 52.522704601542799 ], [ 17.033725212122935, 52.522741906361603 ], [ 17.033879505620451, 52.522770373789506 ], [ 17.034135803813658, 52.522819423763238 ], [ 17.034560927442538, 52.522888546669819 ], [ 17.034756246247362, 52.522922911084954 ], [ 17.034927116801658, 52.522959927166909 ], [ 17.035201903534237, 52.52302097437159 ], [ 17.035219572017116, 52.523024865465715 ], [ 17.035363538269131, 52.523050191353938 ], [ 17.035546938343501, 52.523087324639391 ], [ 17.035855287763233, 52.523156302820652 ], [ 17.036185940742481, 52.523234374779683 ], [ 17.036311495823707, 52.523252648250825 ], [ 17.036397804388724, 52.523258218000194 ], [ 17.036544120487875, 52.523260646167955 ], [ 17.036719336622937, 52.523249882484023 ], [ 17.037090028487111, 52.523180751241071 ], [ 17.037353169439911, 52.523132680172637 ], [ 17.037487244797905, 52.523115296721791 ] ], [ [ 17.033113799122894, 52.482985316835943 ], [ 17.033932734299512, 52.482820756243115 ] ], [ [ 17.034119456886728, 52.472468195765749 ], [ 17.034167915225847, 52.472478085528749 ], [ 17.034491798719401, 52.472544180434859 ], [ 17.034495155772053, 52.472544865829931 ], [ 17.034815683204567, 52.472610274462738 ], [ 17.034855820788557, 52.472618496642397 ], [ 17.035434995535514, 52.472736590538283 ], [ 17.035543297296279, 52.472758716706963 ], [ 17.036180269193665, 52.472878846299999 ], [ 17.036467405700552, 52.472936770327379 ], [ 17.036848120945177, 52.473013426197625 ] ], [ [ 17.032887413304664, 52.522559518374322 ], [ 17.03296011155479, 52.522450547702235 ], [ 17.033000877336882, 52.522389614959359 ], [ 17.033037119803144, 52.522337511292235 ], [ 17.033119226916618, 52.522219253000188 ], [ 17.033237738970733, 52.522048533856086 ], [ 17.03335153184339, 52.52189761340162 ], [ 17.033503551803765, 52.521696330921998 ], [ 17.033525181762862, 52.521667639061938 ], [ 17.033639670827515, 52.521524195117166 ], [ 17.03370410483679, 52.521441709567931 ], [ 17.033768685942391, 52.521359226428743 ] ], [ [ 17.036239803927351, 52.478557209611488 ], [ 17.03577114084149, 52.478046466394439 ], [ 17.035479914123986, 52.477729167717428 ] ], [ [ 17.036239803927351, 52.478557209611488 ], [ 17.036538996459857, 52.478881114433598 ], [ 17.036571601787063, 52.478916373669513 ], [ 17.036732254361407, 52.479076530529646 ], [ 17.036818800127165, 52.479184009761489 ], [ 17.036861945705006, 52.479230686726801 ], [ 17.037051102364572, 52.479435568134036 ], [ 17.037292543252157, 52.479696991505179 ], [ 17.037593525660281, 52.479987644362389 ], [ 17.037821894712867, 52.480201989492322 ], [ 17.038114461208011, 52.480476671396609 ], [ 17.038266614880637, 52.480619506003137 ], [ 17.039008377575115, 52.481327424607535 ], [ 17.040789756354915, 52.483027273784629 ], [ 17.041441858934245, 52.483649414743894 ], [ 17.041944160754344, 52.484128671500997 ], [ 17.043776937072817, 52.485877173770369 ], [ 17.044068534934215, 52.486155421882408 ], [ 17.04447646215808, 52.486544782962461 ], [ 17.045408533167539, 52.487434341752973 ], [ 17.045728417844202, 52.487739676018116 ], [ 17.04586171669375, 52.487866898584294 ], [ 17.045950913273575, 52.487952018812344 ], [ 17.046091140840748, 52.488085831439754 ], [ 17.046442708549044, 52.488414532472973 ], [ 17.04657656455117, 52.488542572877741 ], [ 17.046620048263652, 52.488578728387935 ], [ 17.046894073538422, 52.488852001951273 ], [ 17.047179327623208, 52.489131306500582 ], [ 17.047629712845559, 52.48954465224746 ], [ 17.047698462514816, 52.489619180137048 ], [ 17.047810232451184, 52.489740378663441 ], [ 17.048331379181029, 52.490209754425592 ], [ 17.048713116678268, 52.490583287834362 ], [ 17.048991616237025, 52.490855910552973 ], [ 17.049068842403589, 52.490918794949273 ], [ 17.049369217768099, 52.491203290187826 ], [ 17.049480418957671, 52.491310896352786 ], [ 17.049751019598922, 52.491549118848091 ], [ 17.049760805481878, 52.491557734790518 ], [ 17.050174897338017, 52.49195320300003 ], [ 17.050567079996764, 52.492327801721913 ], [ 17.050750738922556, 52.492503068259644 ], [ 17.050968609930923, 52.492711097629574 ], [ 17.051295487934375, 52.493023276984822 ], [ 17.051615867303543, 52.493329232260095 ], [ 17.051887615540355, 52.493588694946602 ], [ 17.05224864587996, 52.493915285137781 ], [ 17.052745485941077, 52.494399980168986 ], [ 17.053173291781178, 52.494816439799379 ], [ 17.054390625356273, 52.495961558101584 ], [ 17.054645731287103, 52.496201492728787 ], [ 17.055451702391462, 52.496978894942252 ], [ 17.056268448030504, 52.497756558367385 ], [ 17.056680588831274, 52.498145404787721 ], [ 17.057022815794596, 52.498462226836118 ], [ 17.057152356514766, 52.498559153691104 ] ], [ [ 17.036239803927351, 52.478557209611488 ], [ 17.0364097010516, 52.478476653502462 ], [ 17.036515831184392, 52.478432094959956 ], [ 17.036821339374768, 52.478356128119941 ], [ 17.036838140765827, 52.478352629413287 ], [ 17.037216559372155, 52.478273464600157 ], [ 17.037439746767465, 52.47822671050406 ], [ 17.038026737053318, 52.478117994999032 ], [ 17.038052446055783, 52.478112934977801 ], [ 17.038511960792981, 52.47802197967421 ], [ 17.038648386574238, 52.477995010827179 ], [ 17.038917378563688, 52.477941728207853 ], [ 17.039105717556367, 52.477910043183613 ], [ 17.039188826785569, 52.477916008204424 ], [ 17.039293481210482, 52.477947604287763 ], [ 17.039397433757706, 52.47798836280829 ], [ 17.039775741167421, 52.478136833243362 ], [ 17.039889245813697, 52.478181437299646 ], [ 17.040457798906697, 52.478404562924602 ], [ 17.040795426812991, 52.478553705169162 ], [ 17.041012537769742, 52.478646974534122 ], [ 17.041511190902462, 52.478842224158917 ], [ 17.041540296902483, 52.478866810803382 ], [ 17.041556489281188, 52.478890284172934 ], [ 17.041579859985742, 52.47893123536079 ], [ 17.041593520541237, 52.478965280046374 ], [ 17.04159183732315, 52.479019757489837 ], [ 17.041580658793034, 52.479118869196299 ], [ 17.041113803048297, 52.479205847320394 ], [ 17.041038342231285, 52.479219977653067 ], [ 17.040906684920074, 52.479242351233587 ], [ 17.040666819373097, 52.479283169181635 ], [ 17.040525142988855, 52.479289006770337 ], [ 17.04031958075123, 52.479297113520232 ], [ 17.040160324978579, 52.479317320059124 ], [ 17.03985249955327, 52.479375808218535 ], [ 17.039368441223047, 52.479471848427551 ], [ 17.038983282775138, 52.479540115270495 ], [ 17.038749649094719, 52.479576535539998 ], [ 17.038579482171457, 52.479275733049107 ], [ 17.038546059121469, 52.479205832840229 ], [ 17.038522748569278, 52.479156967066857 ], [ 17.038478418097508, 52.479064040463911 ], [ 17.038422766657778, 52.478947451001666 ], [ 17.038298664388243, 52.478687436611828 ], [ 17.038176710764173, 52.478432134739933 ], [ 17.038026737053318, 52.478117994999032 ] ], [ [ 17.036494603187283, 52.482289300031141 ], [ 17.036549645672284, 52.482565078974119 ], [ 17.036603004093003, 52.482832375297356 ], [ 17.036623495043884, 52.482934620629123 ], [ 17.03669129910724, 52.4832844543335 ], [ 17.036734040495197, 52.483518925090564 ], [ 17.036727447015387, 52.483551195040434 ], [ 17.036688608560773, 52.483586347560973 ], [ 17.036623560432062, 52.483611261221419 ], [ 17.036027944055498, 52.483729990485351 ], [ 17.035450754544105, 52.483848393243633 ], [ 17.035174113182386, 52.483907117578738 ], [ 17.035128051602399, 52.483929107896508 ], [ 17.035108550968911, 52.4839435345501 ], [ 17.03509465954874, 52.483961022499535 ], [ 17.035031803897915, 52.484072226850579 ], [ 17.03471391632246, 52.484818147293915 ], [ 17.034616941340467, 52.48502376406168 ], [ 17.034566638114622, 52.485104506261649 ] ], [ [ 17.036734040495197, 52.483518925090564 ], [ 17.036771550147744, 52.483573153612809 ], [ 17.036797590786346, 52.48359049510055 ], [ 17.036807746863527, 52.483597319444044 ], [ 17.037133787655584, 52.483683049749487 ], [ 17.037454978791608, 52.483771846671118 ], [ 17.037637093141466, 52.483821009030834 ], [ 17.037814134550494, 52.48387161597276 ], [ 17.039617173045666, 52.484403215461484 ], [ 17.039929439504423, 52.484484212524812 ], [ 17.040053068061379, 52.48454337487798 ], [ 17.040186435725371, 52.48463201979952 ], [ 17.040465755932171, 52.484864292784152 ], [ 17.040485929986161, 52.484881086532212 ], [ 17.040705152269268, 52.485063434414442 ], [ 17.041184749755168, 52.485470274042484 ], [ 17.041590047140193, 52.485831899441266 ] ], [ [ 17.037292543252157, 52.479696991505179 ], [ 17.037435334057164, 52.479695943241147 ], [ 17.037551247634347, 52.479706321283388 ], [ 17.037665536433614, 52.479723417963875 ], [ 17.037768400349414, 52.479735737897833 ], [ 17.037896372645822, 52.47973003602057 ], [ 17.038127902982303, 52.479694571908212 ], [ 17.038316417226767, 52.479662441288255 ], [ 17.038749649094719, 52.479576535539998 ] ], [ [ 17.036185940742481, 52.523234374779683 ], [ 17.035414430201119, 52.524469035089183 ], [ 17.036192735997702, 52.524686223444249 ], [ 17.03631723168423, 52.524692294945694 ], [ 17.03647065262135, 52.524638767561989 ], [ 17.036566266764101, 52.524556243967794 ], [ 17.036670584479289, 52.524425801699898 ], [ 17.036791416583828, 52.524219533573977 ], [ 17.036859753903784, 52.524012394346826 ], [ 17.036906442171272, 52.52384895365946 ], [ 17.036919607857673, 52.523700977775171 ], [ 17.036879923383459, 52.523560135520839 ], [ 17.036827294414014, 52.523415073217777 ], [ 17.036719336622937, 52.523249882484023 ] ], [ [ 17.057996848745525, 52.527938723714271 ], [ 17.057996722651215, 52.52793856671147 ], [ 17.05789328153892, 52.527879845782451 ], [ 17.057780605559671, 52.527826549572779 ], [ 17.057638571980565, 52.527770163019596 ], [ 17.057462085672832, 52.527725892489684 ], [ 17.057331309927989, 52.527701799636773 ], [ 17.057254063304626, 52.527701160952752 ], [ 17.057150046292421, 52.527712314755362 ], [ 17.056964513538631, 52.527725997400395 ], [ 17.056767899492073, 52.527733471660781 ], [ 17.056575048337866, 52.527735880710608 ], [ 17.056075305907811, 52.527738374666235 ], [ 17.055892745924055, 52.527738163476236 ], [ 17.055751276742974, 52.52773916684972 ], [ 17.055660274534294, 52.527746126044541 ], [ 17.05557654169835, 52.527758781026321 ], [ 17.05546920406422, 52.527781661177002 ], [ 17.054985435993373, 52.527879841428785 ], [ 17.054797084516007, 52.527913891164474 ], [ 17.054663255823272, 52.52793219775419 ], [ 17.054441068462761, 52.527954357951295 ], [ 17.054088486484137, 52.527970505883054 ], [ 17.053886138675253, 52.527967537745482 ], [ 17.053708476026614, 52.527959938557487 ], [ 17.053546485481942, 52.527948099815433 ], [ 17.053377980873641, 52.52791016046335 ], [ 17.052851649523177, 52.527726922962621 ], [ 17.052767853444095, 52.527700989823103 ], [ 17.052645093791511, 52.527675764502163 ], [ 17.052248300386879, 52.527624622254137 ], [ 17.051953957631429, 52.527581101601129 ], [ 17.051719220849733, 52.527516975608584 ], [ 17.051539335881778, 52.52745968858612 ], [ 17.051157024646241, 52.527337996796646 ], [ 17.050522418843222, 52.527165827122914 ], [ 17.05024059824153, 52.527089409829237 ], [ 17.049636455593827, 52.526892193794303 ], [ 17.049411435909551, 52.52680528812494 ], [ 17.049292695505599, 52.526752693235629 ], [ 17.049210257636922, 52.52671616677906 ], [ 17.049132073397498, 52.526683487961328 ], [ 17.048991803393456, 52.526614258282713 ], [ 17.048704226739616, 52.526504823587459 ], [ 17.048487040862597, 52.526417595608237 ], [ 17.048292871537999, 52.526336772996899 ], [ 17.04820259369794, 52.526290852475512 ], [ 17.048079468388003, 52.526204185922843 ], [ 17.047967172449734, 52.526116078940724 ], [ 17.047901046410772, 52.526064260685452 ], [ 17.047791402956257, 52.525992836569223 ], [ 17.047572921374364, 52.525855128007805 ], [ 17.047478707908912, 52.525778291853143 ], [ 17.047449450203963, 52.525723124275494 ], [ 17.047430891390817, 52.525636203817143 ], [ 17.047419783058604, 52.525570812514303 ], [ 17.047399294671255, 52.525527392160697 ], [ 17.047369837873987, 52.52547671837678 ], [ 17.047322251898517, 52.525435818906537 ], [ 17.047254502041184, 52.525397374840999 ], [ 17.047166441167999, 52.5253580558606 ], [ 17.047111406892604, 52.525338799350564 ], [ 17.045548394984294, 52.525160539623997 ], [ 17.045401587691885, 52.525139136748557 ], [ 17.044828565531954, 52.525055736903091 ], [ 17.044477651754857, 52.525011532470785 ], [ 17.044442163759207, 52.525007078432218 ], [ 17.043157002426689, 52.524845161257666 ], [ 17.042061669324177, 52.524708946926758 ], [ 17.039302025782366, 52.52436580977421 ], [ 17.039114911715586, 52.524335726258741 ], [ 17.038986214689505, 52.524315065224691 ], [ 17.038804503511582, 52.524243157700191 ], [ 17.03868293926255, 52.52417494519856 ], [ 17.038559652195165, 52.524085837418625 ], [ 17.038182858736665, 52.523732593471927 ], [ 17.038027725213158, 52.52358719290023 ], [ 17.038024046366466, 52.523583714092965 ], [ 17.038020224177441, 52.523580142966431 ], [ 17.037760209483675, 52.523336404880489 ], [ 17.037550656457523, 52.523158171634854 ], [ 17.037487244797905, 52.523115296721791 ] ], [ [ 17.040457798906697, 52.478404562924602 ], [ 17.040999770283506, 52.477956272309108 ] ], [ [ 17.040768417253449, 52.477858584194351 ], [ 17.040881562614285, 52.477748172653691 ], [ 17.041110460500335, 52.477689882372921 ], [ 17.041788640564125, 52.477558925973504 ], [ 17.043341276995264, 52.477308259573292 ], [ 17.04470673100678, 52.47706248891604 ] ], [ [ 17.041580658793034, 52.479118869196299 ], [ 17.041751568015012, 52.47908500252116 ], [ 17.042349530141262, 52.478961426786519 ], [ 17.042705960530594, 52.478909582843151 ], [ 17.042853199628865, 52.478884586956013 ], [ 17.042969066689398, 52.478846209953687 ], [ 17.043112896695089, 52.478815041227016 ] ], [ [ 17.042720514447211, 52.478653406445126 ], [ 17.042819926929784, 52.47856129488995 ], [ 17.043002675447802, 52.478508245134833 ], [ 17.045434152492298, 52.478113881814259 ] ], [ [ 17.042937731907877, 52.477373412417357 ], [ 17.043418451789314, 52.478440814079178 ] ], [ [ 17.044157912239513, 52.479239768139308 ], [ 17.04426479164669, 52.479210140115192 ], [ 17.044552606883283, 52.479132670373318 ], [ 17.04772004057466, 52.478562178112377 ] ], [ [ 17.047629712845559, 52.48954465224746 ], [ 17.047752608262655, 52.489481202557542 ], [ 17.047907735421347, 52.489451833262088 ], [ 17.048033872620671, 52.489444920697636 ], [ 17.048398387986555, 52.489461818719846 ], [ 17.048859761038916, 52.489507476047322 ], [ 17.049252539034761, 52.489551640512595 ], [ 17.049436476821597, 52.489567086032395 ], [ 17.049520310030339, 52.489577192915846 ], [ 17.050208235243979, 52.489647627190415 ], [ 17.050375293832616, 52.489674935237019 ], [ 17.050490417586403, 52.489693831896986 ], [ 17.05073844016168, 52.489709522130305 ], [ 17.05108910225513, 52.48971655968608 ], [ 17.05155997919087, 52.489694006745083 ], [ 17.051893000261835, 52.489693465974419 ], [ 17.052087471610751, 52.48969064264044 ], [ 17.052392279986037, 52.489701688130559 ], [ 17.052641551846598, 52.489705792358755 ], [ 17.05276085242274, 52.489696873402444 ], [ 17.052943596478841, 52.489652661947147 ], [ 17.053212962675353, 52.489568772251552 ], [ 17.053433917150702, 52.489503422868246 ], [ 17.053621747815502, 52.489480790331704 ], [ 17.053749213843155, 52.489477131469933 ], [ 17.054091392316778, 52.489496072824835 ], [ 17.054350916864205, 52.489521568545733 ], [ 17.054706132129304, 52.489538923714704 ], [ 17.055195344827922, 52.489558211279522 ], [ 17.055526191406365, 52.489576872208488 ], [ 17.055771187940227, 52.489597718790598 ], [ 17.055989505376374, 52.489632157400102 ], [ 17.056237247929008, 52.489674274555753 ], [ 17.056409744099795, 52.489688621756784 ], [ 17.056797262095575, 52.489705242225867 ], [ 17.057073010866681, 52.48971705741954 ], [ 17.057549905170251, 52.489748454982795 ], [ 17.057859179862216, 52.489775209689917 ], [ 17.058168450990408, 52.489802053469262 ], [ 17.058596043013775, 52.489835515549821 ], [ 17.058811589638221, 52.489832577357333 ], [ 17.058997437791049, 52.489811432774715 ], [ 17.059167858280436, 52.48979264308494 ], [ 17.059287624862254, 52.489756382714226 ], [ 17.059429368252044, 52.489699526211929 ], [ 17.059557438653101, 52.48962859410733 ], [ 17.059596879693487, 52.489602888027797 ], [ 17.059665532518167, 52.489542853442337 ], [ 17.05985756337553, 52.489632258172051 ], [ 17.059905639885372, 52.489654722861125 ], [ 17.06008707072397, 52.489713822652 ], [ 17.060290315200096, 52.48976608449744 ], [ 17.060527097310217, 52.489799558306721 ], [ 17.060825028482331, 52.489809569846322 ], [ 17.061110451727021, 52.489802466441347 ], [ 17.061316777617996, 52.489784711933062 ], [ 17.06153724808398, 52.489760263314963 ], [ 17.061590911817593, 52.489752868077275 ], [ 17.061935575343615, 52.489705360027109 ], [ 17.062020368297329, 52.489693707705065 ], [ 17.062692936506338, 52.489601111893805 ], [ 17.062757630811241, 52.489594166622808 ], [ 17.062859607732722, 52.48958711237524 ], [ 17.062979496220802, 52.489581520617882 ], [ 17.063117109547168, 52.48957828766175 ], [ 17.063243923192466, 52.489576046960899 ], [ 17.063327748602656, 52.489576340191199 ], [ 17.063379144549579, 52.489583657554547 ], [ 17.063426813310404, 52.48959532104557 ], [ 17.063503882191185, 52.489608545165162 ], [ 17.063555176678452, 52.489668477046948 ], [ 17.063612057310177, 52.489725352374741 ], [ 17.063752167896169, 52.489843042029747 ], [ 17.063927011950245, 52.489985134756076 ], [ 17.064310412634867, 52.490290198071968 ], [ 17.064652782149032, 52.490583525846141 ], [ 17.064862771107656, 52.490737434956031 ], [ 17.065041350884734, 52.490868434241676 ], [ 17.065183275249939, 52.490985252378685 ], [ 17.065246417550174, 52.491037192540901 ], [ 17.065507526931444, 52.491251838181313 ], [ 17.065627842000911, 52.491350763603734 ], [ 17.065638506549767, 52.491359572465555 ], [ 17.065819880826709, 52.491500869648569 ], [ 17.066092514999372, 52.491731712119247 ], [ 17.06628639246896, 52.491903793346395 ], [ 17.066471988564807, 52.492042999892774 ], [ 17.066635288042043, 52.492142986651444 ], [ 17.066736311640391, 52.492204809201901 ] ], [ [ 17.04962983161861, 52.490518448365357 ], [ 17.049767205398577, 52.4906572461732 ], [ 17.050020791595973, 52.490900314278456 ], [ 17.050587840556584, 52.490675900664478 ] ], [ [ 17.049760805481878, 52.491557734790518 ], [ 17.050406306637448, 52.491288834770863 ], [ 17.050394005513734, 52.491277119380072 ], [ 17.050181544363898, 52.491070257328424 ], [ 17.050067281144592, 52.490941914575842 ], [ 17.050020791595973, 52.490900314278456 ] ], [ [ 17.050406306637448, 52.491288834770863 ], [ 17.05051769660535, 52.491372248526119 ], [ 17.050828423090628, 52.491652863144083 ], [ 17.050859182338769, 52.491680352756923 ], [ 17.051216192000567, 52.492037370589493 ], [ 17.051243322307766, 52.49206363105673 ], [ 17.051423245904601, 52.492236766329107 ], [ 17.051543102883347, 52.492352068243932 ], [ 17.051594397974139, 52.492381694784001 ], [ 17.051643208029699, 52.492384207692105 ], [ 17.051726118332112, 52.492371992039359 ], [ 17.052198658399917, 52.492192424268822 ] ], [ [ 17.056873133356039, 52.492776762051847 ], [ 17.057078877011818, 52.492775914442149 ], [ 17.058978966994523, 52.492753414070961 ], [ 17.059002554308915, 52.492753171533451 ], [ 17.060007874288821, 52.492711381447997 ], [ 17.061367199531283, 52.492634641469799 ], [ 17.061900516497335, 52.492586717431827 ], [ 17.062598051618576, 52.492550654974487 ], [ 17.063083534096652, 52.492511476000338 ], [ 17.063542773623773, 52.492482658487525 ], [ 17.064326880124984, 52.492428035907402 ], [ 17.064490634847882, 52.492420282258742 ] ], [ [ 17.079746583282443, 52.513560818051687 ], [ 17.077186658287552, 52.51296843944835 ], [ 17.075760094824403, 52.512566230622596 ], [ 17.073819234999021, 52.512079271510295 ], [ 17.072851884792549, 52.511849995901798 ], [ 17.071967638462755, 52.51159490421513 ], [ 17.071062856091622, 52.511334344317973 ], [ 17.07070289449825, 52.51124285002011 ], [ 17.070405334217362, 52.511177286325335 ], [ 17.069847198200996, 52.511036506694737 ], [ 17.069472835326266, 52.510940726270285 ], [ 17.069127093526834, 52.51085791370997 ], [ 17.068592782899831, 52.510728669754634 ], [ 17.068245287339995, 52.510578369482197 ], [ 17.067811516731918, 52.510287878659774 ], [ 17.067036193753989, 52.509601188007231 ], [ 17.066602489227126, 52.509242427682253 ], [ 17.066078314532284, 52.50883595660396 ], [ 17.065512931393446, 52.508381229940532 ], [ 17.065010074496382, 52.507983197310757 ], [ 17.064341479613301, 52.507429009595732 ], [ 17.06311941117761, 52.506519480429603 ], [ 17.062769719558762, 52.506232595553314 ], [ 17.06263854910906, 52.506088159077038 ], [ 17.061739895404983, 52.504657030013 ], [ 17.061577651950465, 52.504374831436493 ], [ 17.061432602074689, 52.504117288690459 ], [ 17.061264471621758, 52.503751257013263 ], [ 17.061052896553267, 52.5033744394633 ], [ 17.060869296588329, 52.503115544543199 ], [ 17.060803332419592, 52.50299016314662 ], [ 17.060709443429943, 52.502799385672418 ], [ 17.060641088065491, 52.502674774452551 ], [ 17.060560769089946, 52.502510572370461 ], [ 17.060453576863516, 52.502310672283237 ], [ 17.06030818032157, 52.501924055252495 ], [ 17.060291334183656, 52.501874850468852 ], [ 17.060282998209612, 52.50180977551463 ], [ 17.060319440282921, 52.500998824554344 ], [ 17.060316248837122, 52.500495545543089 ], [ 17.060298234598161, 52.500375806893992 ], [ 17.060267372798624, 52.500290125555964 ], [ 17.06013822009572, 52.500153993773274 ], [ 17.060065824038539, 52.500114581099865 ], [ 17.059833269753657, 52.500000587894235 ], [ 17.059743821552445, 52.499956847938996 ], [ 17.059004899295456, 52.499594850400001 ], [ 17.058208708478308, 52.499208343206121 ], [ 17.05796027638004, 52.499063595168295 ], [ 17.057152356514766, 52.498559153691104 ] ], [ [ 17.066312595884138, 52.492455117978821 ], [ 17.066393136496632, 52.492506892204119 ], [ 17.066494921720732, 52.492561442083087 ], [ 17.066647224407618, 52.492673661077106 ], [ 17.066857455096923, 52.492832517255906 ], [ 17.066957687356112, 52.492939297779159 ], [ 17.067021171835332, 52.493027219427709 ], [ 17.067072767837967, 52.493130866541676 ], [ 17.067106061504848, 52.493225130390542 ], [ 17.067198407898964, 52.493427750178185 ], [ 17.067231501004876, 52.493526597760052 ], [ 17.067297184279745, 52.493682011831069 ], [ 17.067357483035845, 52.493845972335272 ], [ 17.067412168630693, 52.494023692192826 ], [ 17.067477087168534, 52.494193214574601 ], [ 17.067502773359845, 52.494269455499278 ], [ 17.067597764736643, 52.494542902637647 ], [ 17.067644369639321, 52.494666345145333 ], [ 17.067736766174594, 52.494908269987974 ], [ 17.067792989753013, 52.495074502145251 ], [ 17.067865125063491, 52.495267707003094 ], [ 17.067927470259153, 52.495442223810592 ], [ 17.067998499590267, 52.495633791544591 ], [ 17.068036167884131, 52.495739279350211 ], [ 17.068088656498603, 52.495896635996786 ], [ 17.068128745996365, 52.495977159385873 ], [ 17.06816448787448, 52.496035845751479 ], [ 17.068209223491873, 52.496101154819279 ], [ 17.068249615365715, 52.496144536985668 ], [ 17.068391459632128, 52.496310817889068 ], [ 17.068519686789262, 52.496417964151917 ], [ 17.069035442510501, 52.496818712164107 ], [ 17.069110874413582, 52.496893156397064 ], [ 17.069170617297367, 52.496959069813876 ], [ 17.069214892295538, 52.497021492808678 ], [ 17.069253917848965, 52.497092734375379 ], [ 17.069272923757552, 52.497146650105506 ], [ 17.069287728139578, 52.497229188797306 ], [ 17.069299999268388, 52.497298914355532 ], [ 17.069307946811115, 52.497494218505615 ], [ 17.069291632688568, 52.497597475627266 ], [ 17.069256714747304, 52.497819242650287 ], [ 17.069196253378355, 52.498173257366332 ], [ 17.069156549507188, 52.498453768377338 ], [ 17.069145712881674, 52.498603525010694 ], [ 17.069133772858894, 52.498751554729289 ], [ 17.06913246916351, 52.498962897425578 ], [ 17.069138834373287, 52.499059779040003 ], [ 17.06917088730982, 52.499111929002318 ], [ 17.069193673660198, 52.499136765185277 ], [ 17.069248397894842, 52.499162572363623 ], [ 17.069968835660777, 52.499144198436134 ], [ 17.070557626510048, 52.499133476621417 ], [ 17.072436468432549, 52.499073805210692 ], [ 17.074548381058094, 52.499022484950338 ], [ 17.074913824281264, 52.499013412394646 ], [ 17.074997550104829, 52.499009648217786 ], [ 17.075484135133316, 52.498987075178114 ], [ 17.075839869914137, 52.498977571989187 ], [ 17.076190359657904, 52.49896330544528 ], [ 17.076114192656199, 52.498858093728735 ], [ 17.07582701937762, 52.498421431282985 ], [ 17.075632183931184, 52.498097708450096 ], [ 17.075491440548188, 52.49787173289269 ], [ 17.075309408644163, 52.49758563366516 ], [ 17.075219214331781, 52.497444036378006 ], [ 17.075183591533918, 52.497389131731936 ], [ 17.075120112029587, 52.497293839507265 ], [ 17.074915290414996, 52.496986412267283 ], [ 17.07489136499591, 52.496950495781398 ], [ 17.074874629988255, 52.496925399417229 ], [ 17.074846314231859, 52.496882036220967 ], [ 17.074828104669223, 52.496840096684913 ], [ 17.074829820728755, 52.496800819930293 ], [ 17.074845721086657, 52.496760694718944 ], [ 17.074867142780061, 52.496729113917944 ], [ 17.074894920254977, 52.49669035124262 ], [ 17.07493656781239, 52.496657930345577 ], [ 17.074983944793004, 52.49662929029801 ], [ 17.075022886619049, 52.496611575837861 ], [ 17.075059633251588, 52.496596883672808 ], [ 17.075155178423881, 52.496572085422628 ], [ 17.075322046977018, 52.496530459197473 ], [ 17.075523623833845, 52.496493804580012 ], [ 17.075662744364781, 52.49648014812847 ], [ 17.076028902270671, 52.496457592583198 ], [ 17.076130857956279, 52.496451335937152 ], [ 17.076151839705311, 52.496450058226216 ], [ 17.076546232360759, 52.496435605358961 ], [ 17.076649538929392, 52.496432158435994 ], [ 17.077059087454337, 52.49641822011445 ], [ 17.077147699197397, 52.496413814337679 ], [ 17.077568199673703, 52.496398793094556 ], [ 17.077651215406888, 52.496394295995174 ], [ 17.077718945582273, 52.496392248699976 ], [ 17.078079889426409, 52.496377696865494 ], [ 17.078149983583401, 52.496375507848526 ], [ 17.078312950342099, 52.496372579045783 ], [ 17.078649120966421, 52.496361760350801 ], [ 17.078893172510341, 52.496347915646005 ], [ 17.078986044421615, 52.496340429710948 ], [ 17.079095901618061, 52.49632530463046 ], [ 17.079378285839738, 52.496273856048198 ], [ 17.07967100593271, 52.496211781548574 ], [ 17.080029533471304, 52.496137642941733 ], [ 17.080165820682019, 52.496111163455183 ], [ 17.080729700382392, 52.495998082675349 ], [ 17.080709689513167, 52.495960162237807 ], [ 17.080683266387961, 52.495910445293873 ], [ 17.08060710636618, 52.495767730757528 ], [ 17.080551244085026, 52.495663121176513 ], [ 17.080524271424501, 52.495612495855198 ], [ 17.080361336979866, 52.495306927114434 ] ], [ [ 17.07521015260582, 52.494534262849342 ], [ 17.075022038906948, 52.494455200619413 ], [ 17.073513072593268, 52.49379807153845 ], [ 17.073423132007022, 52.493758830984909 ], [ 17.073369340505597, 52.493735379376787 ], [ 17.073227646776385, 52.493673259892759 ], [ 17.072948603389335, 52.493550800077216 ], [ 17.072857517249414, 52.493510820885398 ], [ 17.072606380385288, 52.493400597321717 ], [ 17.072466862198169, 52.493339321836721 ], [ 17.072416081427207, 52.49331780763309 ], [ 17.072368836505891, 52.493299678888214 ], [ 17.072259629605828, 52.493263001609598 ], [ 17.072064971368636, 52.493212519476813 ], [ 17.071610965598001, 52.493094759763068 ], [ 17.071428110219603, 52.493047347138877 ], [ 17.070948977763287, 52.492924678071397 ], [ 17.070679062181895, 52.492856506862744 ], [ 17.070399674671801, 52.492785931961016 ], [ 17.069978630877159, 52.492679496682833 ], [ 17.069626230302646, 52.49259045968163 ], [ 17.069288771675854, 52.492503464354726 ], [ 17.069035412096962, 52.4924342104567 ], [ 17.068955471238041, 52.49241239859704 ], [ 17.06883708802533, 52.492383483225829 ], [ 17.068577986305058, 52.492320880254447 ], [ 17.068337527538699, 52.492253184629043 ], [ 17.068038468041777, 52.49215422085922 ], [ 17.0678062435478, 52.49208360059572 ], [ 17.067495941992494, 52.491989038847954 ], [ 17.067327626895899, 52.491936191007923 ], [ 17.067276904342851, 52.49192016199251 ], [ 17.067173560926435, 52.491887713107197 ] ], [ [ 17.070730219748633, 52.490058789834968 ], [ 17.070654686772702, 52.490003682426455 ], [ 17.070180482450617, 52.489658213499702 ], [ 17.070067674863651, 52.489576144472771 ], [ 17.069996992191019, 52.489524713457683 ], [ 17.069773388948807, 52.489361777011403 ], [ 17.069472681024777, 52.489142716920327 ], [ 17.069378504960614, 52.489072643796938 ] ], [ [ 17.073124063209342, 52.496055668274529 ], [ 17.07330424031516, 52.49606354995381 ], [ 17.073348384534931, 52.496075151960859 ], [ 17.07359666666148, 52.49615330791373 ], [ 17.073961850402966, 52.49626088911603 ], [ 17.074471241424188, 52.496413808997012 ], [ 17.075059633251588, 52.496596883672808 ] ], [ [ 17.075491440548188, 52.49787173289269 ], [ 17.075502029911544, 52.497868847143472 ], [ 17.075568713606508, 52.497850324645405 ], [ 17.075676405671299, 52.497820776762246 ], [ 17.0758329071062, 52.497780420218945 ], [ 17.075903266371665, 52.497765465061427 ], [ 17.076073147091861, 52.497729193333711 ], [ 17.076172334933808, 52.497715516369325 ], [ 17.076309963180986, 52.497709120169453 ], [ 17.076456024767214, 52.497701961524918 ], [ 17.076602233576157, 52.497694805094063 ], [ 17.076750659171701, 52.497687504640545 ], [ 17.076896867894121, 52.497680347844593 ], [ 17.07719150203749, 52.497665889859327 ], [ 17.077714279464598, 52.497651091402666 ], [ 17.077913024239948, 52.497642268698677 ], [ 17.078219264391851, 52.497628626333103 ], [ 17.078740393192035, 52.497607680504544 ], [ 17.078857531315276, 52.497601398256023 ], [ 17.079251626664909, 52.497580455651985 ], [ 17.079385015686839, 52.497563104062642 ], [ 17.079710505345677, 52.497513523758577 ], [ 17.080124247452638, 52.497433985188174 ], [ 17.080190976426536, 52.497421127179386 ], [ 17.080225722294163, 52.497415125318668 ], [ 17.080360853291509, 52.497391594907903 ], [ 17.08041415992939, 52.497382386459407 ], [ 17.080742111513405, 52.497333742701777 ], [ 17.081329801743902, 52.497235975675331 ], [ 17.081492852685322, 52.497573024478072 ], [ 17.08161615502657, 52.497827940993147 ], [ 17.08179992020726, 52.498241056366858 ], [ 17.081824216238079, 52.498295685341368 ], [ 17.081949991225756, 52.498578523553086 ], [ 17.081996320876652, 52.498668677048911 ], [ 17.082545933178515, 52.498572535041035 ], [ 17.082603902064978, 52.498672950452423 ], [ 17.082599287729831, 52.498718026510907 ], [ 17.082570875556907, 52.498768113343658 ], [ 17.082493845299247, 52.498855097759311 ], [ 17.082386612420805, 52.499009588626166 ], [ 17.08235678279123, 52.499075302326737 ], [ 17.082338570910153, 52.499124655040994 ], [ 17.082325149659788, 52.499182450014203 ], [ 17.082320430733521, 52.499226535003778 ], [ 17.082317991762832, 52.499248711122384 ], [ 17.082321948713012, 52.499296624377422 ], [ 17.08233051779473, 52.499353696534961 ], [ 17.082345492763324, 52.499402417995839 ], [ 17.082368103583121, 52.499458548534072 ], [ 17.082408163920107, 52.499530252060786 ], [ 17.082491180747656, 52.499681620903807 ], [ 17.08255316092346, 52.499794873089094 ], [ 17.082584155039889, 52.499851409291416 ], [ 17.082686911652257, 52.50000300799816 ], [ 17.082727792693305, 52.500079581569366 ], [ 17.082753693999642, 52.500127850465105 ], [ 17.082942475192606, 52.500480334293847 ], [ 17.082982420031531, 52.500554733987954 ], [ 17.083081941963037, 52.500729934616167 ], [ 17.08317976250536, 52.500906996361735 ], [ 17.083193776689132, 52.50102864500419 ], [ 17.083180380383798, 52.50114346362021 ], [ 17.082961945994771, 52.501848306330174 ], [ 17.082865711926452, 52.502274870159759 ], [ 17.082858368360277, 52.502301373946153 ], [ 17.082842264738677, 52.502427571253861 ], [ 17.082500179728214, 52.504093596571835 ], [ 17.082477725499665, 52.50420988720699 ], [ 17.082278664590302, 52.505081884669153 ], [ 17.082245399185055, 52.50534829282725 ], [ 17.082149140757387, 52.505768289795498 ], [ 17.082083450068751, 52.505865351374759 ], [ 17.081818583162104, 52.506152918289864 ], [ 17.081339924598513, 52.506780235533945 ], [ 17.081170940121691, 52.507001629834889 ], [ 17.080910042801854, 52.507241769843297 ], [ 17.080783979721275, 52.507377875459945 ], [ 17.08074205476127, 52.507453735812724 ], [ 17.080726357326832, 52.507519678342888 ], [ 17.080691474201462, 52.507589536875059 ], [ 17.080340362098276, 52.507809324206399 ], [ 17.080129892675469, 52.50791024134022 ], [ 17.079998157518624, 52.507997145837876 ], [ 17.079770801233174, 52.507981583406519 ], [ 17.07938456120981, 52.507982508880772 ], [ 17.079189906119591, 52.507991130929675 ], [ 17.078971923712523, 52.507990469622662 ], [ 17.078649027236796, 52.507975422252649 ], [ 17.078480498690425, 52.507952807914769 ], [ 17.07834874553318, 52.507921796515589 ], [ 17.078201725130512, 52.507872458640399 ], [ 17.078113787862918, 52.507823720662799 ], [ 17.078049934190318, 52.50776017370719 ], [ 17.078011790919845, 52.507691827790516 ], [ 17.077996063419022, 52.507663780234346 ], [ 17.07800567121469, 52.507575343577912 ], [ 17.078070652443824, 52.50741711220865 ], [ 17.078099991961466, 52.507356158549335 ], [ 17.078235931900089, 52.507189815829001 ], [ 17.078381894146489, 52.507040364941247 ], [ 17.078514720889544, 52.506871003255149 ], [ 17.078397979944821, 52.506769631337413 ], [ 17.078222362189088, 52.50666298566312 ], [ 17.077825240389362, 52.506393363859004 ], [ 17.07759721165203, 52.50617388796784 ], [ 17.077095759440134, 52.505691114763792 ], [ 17.076840830231941, 52.505507266796712 ], [ 17.076480435360651, 52.505335374639685 ], [ 17.075803976811294, 52.505006069154589 ], [ 17.075193506335133, 52.504765706696404 ], [ 17.07499397678712, 52.504666941686068 ], [ 17.074621879792836, 52.504493324312712 ], [ 17.07259214131744, 52.50359368057385 ], [ 17.0721910474469, 52.503396018144493 ], [ 17.07160099858049, 52.503114326437071 ], [ 17.071158947652972, 52.502913114625372 ], [ 17.070316435859475, 52.50255408685571 ], [ 17.070268087484937, 52.502412898628805 ], [ 17.070195955846103, 52.502296506170637 ], [ 17.07007595830326, 52.502021214628449 ], [ 17.070034822962953, 52.501712042241785 ], [ 17.069956474814436, 52.501535736715766 ], [ 17.069885646338342, 52.501376193104569 ], [ 17.069746891511354, 52.501105272100304 ], [ 17.069722046729886, 52.501056747684807 ], [ 17.069355218964663, 52.500676602303791 ], [ 17.069268098586026, 52.500508877477046 ], [ 17.069248618625227, 52.50032786586533 ], [ 17.069252451054595, 52.500240414756895 ], [ 17.069255294296415, 52.500225980485581 ], [ 17.069254250612325, 52.500095097697994 ], [ 17.069229318695086, 52.499907341369443 ], [ 17.069165864841391, 52.499778048225565 ], [ 17.069197813723996, 52.499344958806638 ], [ 17.069248397894842, 52.499162572363623 ] ], [ [ 17.076190359657904, 52.49896330544528 ], [ 17.076564029406782, 52.498948065642523 ], [ 17.076755516923789, 52.498940206146372 ], [ 17.07848404734094, 52.498856228869194 ], [ 17.078621431383631, 52.498848746687699 ], [ 17.079350702585856, 52.498820205746895 ], [ 17.080033083266049, 52.498782084946264 ], [ 17.080214488686163, 52.498775585230895 ], [ 17.08060549833392, 52.498761423563174 ], [ 17.08112070732254, 52.498737942678517 ], [ 17.081537113291979, 52.498722660883871 ], [ 17.081658887367109, 52.498711504222385 ], [ 17.081859917544456, 52.49868751173215 ], [ 17.081996320876652, 52.498668677048911 ] ], [ [ 17.080729700382392, 52.495998082675349 ], [ 17.080901962063464, 52.49634337664147 ], [ 17.081044806812379, 52.49662991070393 ], [ 17.081053576458338, 52.49664849107559 ], [ 17.081146761206828, 52.496806411823236 ], [ 17.08118116840657, 52.496919847141655 ], [ 17.081329801743902, 52.497235975675331 ] ], [ [ 17.081888214577916, 52.494753728798266 ], [ 17.081915550739136, 52.494799412892434 ], [ 17.081978361402335, 52.494937413033618 ], [ 17.082418478799674, 52.495598876571108 ], [ 17.082480701625542, 52.495672558366635 ], [ 17.082612363609293, 52.495908092017864 ], [ 17.082670248241936, 52.496027303965853 ], [ 17.082748152352671, 52.496187674014408 ], [ 17.082835150806972, 52.496342255229663 ], [ 17.082985796272411, 52.49661236397133 ], [ 17.082997265644071, 52.496636654288615 ], [ 17.083177489458933, 52.496948435514255 ], [ 17.083204897334447, 52.496995919278348 ], [ 17.083485176190049, 52.497480750595031 ], [ 17.083674327731675, 52.497824605007381 ], [ 17.083760777379403, 52.497981784885575 ], [ 17.083946379714995, 52.498366684772449 ], [ 17.084076525599013, 52.498349365299667 ], [ 17.084366756743332, 52.498310803616533 ], [ 17.084481651623388, 52.498295125503212 ], [ 17.084707294196019, 52.498264241446762 ], [ 17.084913216985949, 52.498236095735578 ], [ 17.085542622517082, 52.498138173628803 ], [ 17.085815183964666, 52.498095814702246 ], [ 17.086386778704203, 52.497998751463598 ], [ 17.086524849833033, 52.497975351524637 ], [ 17.086852666033995, 52.49791958323901 ], [ 17.087090363545475, 52.49788250374808 ], [ 17.087406406753548, 52.497833109310307 ], [ 17.087576000739759, 52.497806620146143 ], [ 17.088150174593533, 52.497717864778153 ], [ 17.088757155416189, 52.497630356238908 ], [ 17.088992879957534, 52.497597918042231 ], [ 17.089430841574703, 52.497544011940377 ], [ 17.089860766461438, 52.497481699797738 ], [ 17.0900414493995, 52.497454306873216 ], [ 17.090104586729996, 52.497442644483073 ], [ 17.090131731176253, 52.497438585652525 ], [ 17.09015472490341, 52.497435089394429 ], [ 17.090177861997176, 52.497431685388399 ], [ 17.090275316855386, 52.497417069228526 ], [ 17.09044603749852, 52.497398509039712 ], [ 17.090598248523978, 52.497381988321784 ], [ 17.090710615191806, 52.497370130874344 ], [ 17.090849904876222, 52.497355919646999 ], [ 17.091327854548169, 52.497310926572119 ], [ 17.091404840743309, 52.497306142642181 ], [ 17.091481823029977, 52.497301448540981 ], [ 17.09162308703128, 52.497296082559075 ], [ 17.09170143942444, 52.497300584485743 ], [ 17.091772385093204, 52.497309374028148 ], [ 17.091834210716193, 52.497324582165824 ], [ 17.091929249724483, 52.497355526184499 ], [ 17.092060929574789, 52.497394526287614 ], [ 17.092081593492146, 52.497478865241177 ], [ 17.092089859547496, 52.497522800231827 ], [ 17.092112362522421, 52.497574879725207 ], [ 17.092150683930718, 52.497612194055264 ], [ 17.092181089255224, 52.497641735646624 ], [ 17.092267317004563, 52.49771283121197 ], [ 17.09239344994344, 52.497832329343737 ], [ 17.092480917616637, 52.49790884125062 ], [ 17.092496061062104, 52.497919878462675 ], [ 17.092522108338724, 52.497941164981981 ], [ 17.092705703140741, 52.498091629896798 ], [ 17.092846796434305, 52.498195808803885 ], [ 17.092883604641312, 52.498227252271612 ], [ 17.093100709301861, 52.498403710320993 ], [ 17.093110202922059, 52.498412497771987 ], [ 17.093291477346241, 52.498606456163394 ], [ 17.093377817872554, 52.498698868906317 ], [ 17.093466394523816, 52.498794105817602 ], [ 17.093499681866842, 52.498818386937437 ], [ 17.093574856073811, 52.498818069465756 ], [ 17.093635938952318, 52.498816445555775 ], [ 17.093713013121064, 52.498809682806787 ], [ 17.095908400370924, 52.498599050221664 ], [ 17.096376941101134, 52.498557123143222 ], [ 17.097272911193105, 52.498490140809047 ], [ 17.097706546448432, 52.498451064808236 ], [ 17.09780295393405, 52.498443797699856 ] ], [ [ 17.082480701625542, 52.495672558366635 ], [ 17.082704517028596, 52.495615655349546 ], [ 17.083862116087467, 52.495407489110363 ], [ 17.087149021018725, 52.494772901385417 ], [ 17.087193464324841, 52.494764086228884 ], [ 17.088340967882768, 52.494529450109901 ], [ 17.090012204605628, 52.494181839207819 ], [ 17.0905547591803, 52.494076822069303 ], [ 17.090893807821949, 52.494033096419457 ], [ 17.091112445387679, 52.494020435380868 ], [ 17.091310401027179, 52.494008969229277 ], [ 17.091530540019441, 52.494026282291777 ], [ 17.091759563191445, 52.494073239199878 ], [ 17.092064162187881, 52.494171692197611 ], [ 17.092365307805444, 52.494326122488658 ], [ 17.092428060054552, 52.494360682793122 ], [ 17.092532987909888, 52.494428572072479 ], [ 17.0927340737083, 52.494549098707175 ], [ 17.092873451658246, 52.494576889422014 ], [ 17.092994132019619, 52.49458045400425 ], [ 17.092931606553552, 52.494768773570208 ], [ 17.092885012717382, 52.494854546427469 ], [ 17.092866044259768, 52.494921696993089 ], [ 17.092888458551919, 52.494992842603828 ], [ 17.092987878580676, 52.495154002292956 ], [ 17.093217604474326, 52.495365381330345 ], [ 17.093321194274189, 52.495413191277706 ], [ 17.093332923945649, 52.495417967378522 ], [ 17.093449201650309, 52.495465442071989 ], [ 17.093564783706185, 52.49550175265049 ], [ 17.093737829827273, 52.495555268645376 ], [ 17.094126442429932, 52.495694554536932 ], [ 17.094235613023201, 52.495460036268632 ], [ 17.09430499806701, 52.49529359249577 ], [ 17.094401998204777, 52.495061036603623 ], [ 17.094678518196492, 52.494398212513865 ], [ 17.094688057772089, 52.494375251120914 ], [ 17.094781262751649, 52.494151987732494 ], [ 17.094878385146544, 52.493923300910623 ], [ 17.094972711786077, 52.493701314619706 ], [ 17.095070312749325, 52.49347173592669 ], [ 17.09525978279812, 52.493025797389095 ], [ 17.095360341959076, 52.492789070740557 ], [ 17.095837692116234, 52.491665377555577 ], [ 17.09594022153814, 52.491423825263325 ], [ 17.096059298980379, 52.49114368436075 ] ], [ [ 17.082545933178515, 52.498572535041035 ], [ 17.082694543708623, 52.498544093756379 ], [ 17.082962671297594, 52.498505537011376 ], [ 17.082975577537727, 52.498503587561785 ], [ 17.083218400489979, 52.498467408354699 ], [ 17.083474276521677, 52.498429281526676 ], [ 17.083946379714995, 52.498366684772449 ] ], [ [ 17.092060929574789, 52.497394526287614 ], [ 17.092110713850243, 52.497391731580763 ], [ 17.092135032798492, 52.497388256312817 ], [ 17.092190919072312, 52.497373867550998 ], [ 17.09231353858986, 52.497346434121958 ], [ 17.092419457377304, 52.497326915955959 ], [ 17.092519277693999, 52.497298485057954 ], [ 17.092588175432201, 52.497272883311133 ], [ 17.092647306305086, 52.497251621133245 ], [ 17.092702009785974, 52.497216886209038 ], [ 17.092739755478664, 52.497175581916359 ], [ 17.092759270882055, 52.497112847353947 ], [ 17.092765683931486, 52.497094062970746 ], [ 17.092768715956588, 52.497085297558293 ], [ 17.092777633636821, 52.497059717978651 ], [ 17.092797242221597, 52.497018660890838 ], [ 17.092817430916547, 52.496984628614825 ], [ 17.092840916624755, 52.496956135942938 ], [ 17.092890188038748, 52.496910700219502 ], [ 17.092971748535945, 52.496844468817116 ], [ 17.093113984770874, 52.496758708751528 ], [ 17.093241089602337, 52.496682058560744 ], [ 17.093275913105508, 52.49666058413851 ], [ 17.093561619591235, 52.496484316089621 ], [ 17.093774794335673, 52.496352928759769 ], [ 17.093817435839412, 52.496317639183964 ], [ 17.093851374212043, 52.496275733539044 ], [ 17.093909786154821, 52.496199504704478 ], [ 17.093920867711539, 52.496185202635878 ], [ 17.093944595222389, 52.496137466096229 ], [ 17.094126442429932, 52.495694554536932 ] ], [ [ 17.092496061062104, 52.497919878462675 ], [ 17.092509974853137, 52.497915066085241 ], [ 17.092924147826231, 52.497814893131768 ], [ 17.092974337097051, 52.497802750639892 ], [ 17.093214706499531, 52.497744655566642 ], [ 17.093222748385294, 52.497742716534475 ], [ 17.093268023227409, 52.497731753887194 ] ], [ [ 17.10347472423825, 52.514616968122795 ], [ 17.103366879490007, 52.514398379614164 ], [ 17.103137937725489, 52.513987454376149 ], [ 17.102726643691046, 52.513412159576205 ], [ 17.102379361249948, 52.512812436517045 ], [ 17.101403972728978, 52.511387854168511 ], [ 17.100396137608051, 52.510026600565354 ], [ 17.099512214879958, 52.508517755484846 ], [ 17.099487170218136, 52.508476429738508 ], [ 17.099341806138892, 52.508258324585611 ], [ 17.099264393585266, 52.508146182889945 ], [ 17.099205112579455, 52.507982795933046 ], [ 17.09915788100194, 52.507772473151853 ], [ 17.099133700308567, 52.507636003000222 ], [ 17.099041117997938, 52.50698738558841 ], [ 17.099020329047054, 52.506874804417556 ], [ 17.098929186617905, 52.506384147429578 ], [ 17.098881969067147, 52.50618722599318 ], [ 17.098749312871316, 52.505883250053294 ], [ 17.098690098759597, 52.505820868266539 ], [ 17.098563112043173, 52.50570658015166 ], [ 17.098363852946015, 52.505552455269381 ], [ 17.097169725212193, 52.504813720953315 ], [ 17.097143264999158, 52.504788201621714 ], [ 17.097116952107491, 52.504762684653599 ], [ 17.097094456261292, 52.504696575448641 ], [ 17.097038285383164, 52.504522893973025 ], [ 17.097023359287853, 52.504462392958274 ], [ 17.096960431498733, 52.504206306118419 ], [ 17.096897600636147, 52.504009402409082 ], [ 17.096838204409586, 52.503862651424555 ], [ 17.096802030799356, 52.503799290179444 ], [ 17.096508629059528, 52.50339558825852 ], [ 17.096225889147025, 52.503059063692298 ], [ 17.096142272833006, 52.502985135076237 ], [ 17.095768333006991, 52.502702545660952 ], [ 17.095511721338749, 52.502522128969389 ], [ 17.095360405448801, 52.502394853719011 ], [ 17.094973425994663, 52.502011856673839 ], [ 17.094889920760131, 52.501918411567708 ], [ 17.094798276458572, 52.50179506460497 ], [ 17.094581947873909, 52.501429744774164 ], [ 17.09405384254439, 52.500585678451479 ], [ 17.093941468879208, 52.500376102396807 ], [ 17.093814810251299, 52.500087956759302 ], [ 17.09379221178547, 52.500003946765617 ], [ 17.093746965045217, 52.499833677413449 ], [ 17.093605032616157, 52.499251445589927 ], [ 17.093588385493124, 52.49918318132147 ], [ 17.093515050473634, 52.498882133529349 ], [ 17.093509302733178, 52.49885829626367 ], [ 17.093499681866842, 52.498818386937437 ] ], [ [ 17.093817435839412, 52.496317639183964 ], [ 17.093909488392494, 52.49627792917051 ], [ 17.093959622161453, 52.496260208984047 ], [ 17.094012441128683, 52.496245140355235 ], [ 17.094085469500477, 52.496233005634778 ], [ 17.094187664427718, 52.496214325322988 ], [ 17.094295520412661, 52.496201042692334 ], [ 17.094572016432302, 52.496176265742349 ], [ 17.095237310155856, 52.496129867420272 ], [ 17.096001067323709, 52.496076056092008 ], [ 17.096252759000773, 52.496059150613995 ], [ 17.096531617096637, 52.496034227225422 ], [ 17.096752492361464, 52.496010888642296 ], [ 17.097202466471032, 52.49595121102675 ], [ 17.09720720600734, 52.49595065767366 ], [ 17.097207345047973, 52.495950642722029 ] ], [ [ 17.130810507182986, 52.520292754818726 ], [ 17.130831819588526, 52.520265845684747 ], [ 17.131149215501804, 52.519937088361125 ], [ 17.131453221846876, 52.519680521246421 ], [ 17.131838677411466, 52.519314701937461 ], [ 17.132226375853278, 52.519003600924059 ], [ 17.132230051405887, 52.519000658892182 ] ] ] } }
]
}
