{
"type": "FeatureCollection",
"name": "jeziora_2024",
"crs": { "type": "name", "properties": { "name": "urn:ogc:def:crs:OGC:1.3:CRS84" } },
"features": [
{ "type": "Feature", "properties": { "gml_id": null, "lokalnyId": null, "przestrzen": null, "wersjaId": null, "czyObiektB": null, "x_kod": null, "x_skrKarto": null, "x_katDoklG": null, "x_doklGeom": null, "x_doklGe_1": null, "x_zrodloDa": null, "x_zrodlo_1": null, "x_katIstni": null, "x_rodzajRe": null, "x_aktualno": null, "x_aktual_1": null, "poczatekWe": null, "x_dataUtwo": null, "x_kodKarto": null, "x_kodKar_1": null, "x_kodKar_2": null, "x_kodKar_3": null, "x_kodKar_4": null, "x_kodKar_5": null, "x_kodKar_6": null, "nazwa": null, "idPRG": null, "idTerytJed": null, "idTerytTer": null, "rodzaj": null, "PRG|BT_Ref": null, "PRG|BT_R_1": null, "x_informDo": null }, "geometry": { "type": "MultiPolygon", "coordinates": [ [ [ [ 16.979662134268931, 52.45432644172719 ], [ 16.979660171745998, 52.454292522778452 ], [ 16.979651214847571, 52.454259018709202 ], [ 16.979635404844657, 52.454226457897235 ], [ 16.979612991084121, 52.454195353843495 ], [ 16.979584327055491, 52.454166197073938 ], [ 16.979549864815514, 52.454139447404032 ], [ 16.979510147858456, 52.454115526687303 ], [ 16.97946580254461, 52.454094812162822 ], [ 16.979417528222211, 52.454077630506234 ], [ 16.979366086198546, 52.454064252678123 ], [ 16.979312287734142, 52.454054889651175 ], [ 16.979256981249417, 52.45404968908317 ], [ 16.979201038945401, 52.454048732988525 ], [ 16.979145343049595, 52.454052036444992 ], [ 16.979090771903699, 52.454059547355904 ], [ 16.979038186112646, 52.454071147271662 ], [ 16.97898841497328, 52.454086653257718 ], [ 16.978942243396595, 52.454105820779326 ], [ 16.978900399529881, 52.454128347557727 ], [ 16.978863543273729, 52.454153878337053 ], [ 16.978832255875183, 52.454182010486548 ], [ 16.97880703076099, 52.454212300350029 ], [ 16.978788265755611, 52.45424427024232 ], [ 16.97877625680669, 52.454277415982347 ], [ 16.978771193317034, 52.454311214844211 ], [ 16.978773155156684, 52.4543451338007 ], [ 16.978782111402332, 52.454378637929437 ], [ 16.978797920824, 52.454411198848909 ], [ 16.978820334111337, 52.454442303051401 ], [ 16.978848997804551, 52.454471460001592 ], [ 16.978883459867973, 52.454498209872703 ], [ 16.978923176818427, 52.45452213079853 ], [ 16.978967522296035, 52.454542845526888 ], [ 16.979015796942271, 52.454560027369318 ], [ 16.979067239429511, 52.454573405353557 ], [ 16.97912103846808, 52.454582768497097 ], [ 16.979176345601502, 52.454587969134856 ], [ 16.979232288587976, 52.454588925247997 ], [ 16.979287985157125, 52.454585621757623 ], [ 16.979342556924934, 52.454578110762569 ], [ 16.979395143247398, 52.454566510717662 ], [ 16.979444914794289, 52.454551004565594 ], [ 16.979491086628986, 52.454531836851551 ], [ 16.979532930588011, 52.454509309866374 ], [ 16.979569786764962, 52.454483778878917 ], [ 16.979601073917767, 52.454455646533013 ], [ 16.979626298635125, 52.454425356497204 ], [ 16.979645063117513, 52.454393386467459 ], [ 16.979657071450141, 52.454360240633527 ], [ 16.979662134268931, 52.45432644172719 ] ] ] ] } },
{ "type": "Feature", "properties": { "gml_id": null, "lokalnyId": null, "przestrzen": null, "wersjaId": null, "czyObiektB": null, "x_kod": null, "x_skrKarto": null, "x_katDoklG": null, "x_doklGeom": null, "x_doklGe_1": null, "x_zrodloDa": null, "x_zrodlo_1": null, "x_katIstni": null, "x_rodzajRe": null, "x_aktualno": null, "x_aktual_1": null, "poczatekWe": null, "x_dataUtwo": null, "x_kodKarto": null, "x_kodKar_1": null, "x_kodKar_2": null, "x_kodKar_3": null, "x_kodKar_4": null, "x_kodKar_5": null, "x_kodKar_6": null, "nazwa": null, "idPRG": null, "idTerytJed": null, "idTerytTer": null, "rodzaj": null, "PRG|BT_Ref": null, "PRG|BT_R_1": null, "x_informDo": null }, "geometry": { "type": "MultiPolygon", "coordinates": [ [ [ [ 16.980804576763571, 52.454361978449974 ], [ 16.980802598934662, 52.454327809005299 ], [ 16.980793575224087, 52.454294057574828 ], [ 16.980777647956735, 52.454261256437377 ], [ 16.980755068329014, 52.454229922883933 ], [ 16.980726192446433, 52.454200551059756 ], [ 16.980691475706919, 52.454173604171771 ], [ 16.980651465618411, 52.454149507183708 ], [ 16.980606793164064, 52.454128640114426 ], [ 16.980558162851256, 52.454111332045237 ], [ 16.980506341601334, 52.454097855930293 ], [ 16.980452146655299, 52.454088424292252 ], [ 16.980396432686113, 52.454083185870871 ], [ 16.980340078320857, 52.454082223277553 ], [ 16.980283972285246, 52.454085551692501 ], [ 16.980228999388888, 52.45409311862543 ], [ 16.980176026572359, 52.454104804743338 ], [ 16.980125889235925, 52.454120425752215 ], [ 16.9800793780656, 52.454139735303379 ], [ 16.980037226564168, 52.454162428878277 ], [ 16.980000099483775, 52.454188148590632 ], [ 16.979968582342558, 52.454216488830149 ], [ 16.979943172190524, 52.454247002659045 ], [ 16.979924269770429, 52.454279208860108 ], [ 16.979912173197214, 52.454312599525601 ], [ 16.979907073255792, 52.454346648067009 ], [ 16.979909050391299, 52.454380817519578 ], [ 16.979918073439439, 52.454414569010417 ], [ 16.979934000116955, 52.454447370256958 ], [ 16.979956579264496, 52.454478703961357 ], [ 16.979985454806723, 52.454508075968839 ], [ 16.980020171367094, 52.454535023061013 ], [ 16.980060181448927, 52.45455912026128 ], [ 16.980104854069488, 52.454579987537429 ], [ 16.980153484710954, 52.454597295795217 ], [ 16.98020530643133, 52.45461077206857 ], [ 16.980259501960049, 52.454620203824931 ], [ 16.980315216587545, 52.454625442317059 ], [ 16.980371571645364, 52.454626404929165 ], [ 16.980427678364283, 52.454623076479798 ], [ 16.980482651891748, 52.454615509461455 ], [ 16.980535625247541, 52.454603823212508 ], [ 16.980585762997507, 52.454588202035147 ], [ 16.980632274429642, 52.454568892288712 ], [ 16.980674426024727, 52.454546198503962 ], [ 16.980711553024712, 52.454520478580399 ], [ 16.980743069916524, 52.454492138141582 ], [ 16.980768479665826, 52.454461624137807 ], [ 16.980787381555171, 52.454429417797279 ], [ 16.980799477502952, 52.454396027036502 ], [ 16.980804576763571, 52.454361978449974 ] ] ] ] } },
{ "type": "Feature", "properties": { "gml_id": null, "lokalnyId": null, "przestrzen": null, "wersjaId": null, "czyObiektB": null, "x_kod": null, "x_skrKarto": null, "x_katDoklG": null, "x_doklGeom": null, "x_doklGe_1": null, "x_zrodloDa": null, "x_zrodlo_1": null, "x_katIstni": null, "x_rodzajRe": null, "x_aktualno": null, "x_aktual_1": null, "poczatekWe": null, "x_dataUtwo": null, "x_kodKarto": null, "x_kodKar_1": null, "x_kodKar_2": null, "x_kodKar_3": null, "x_kodKar_4": null, "x_kodKar_5": null, "x_kodKar_6": null, "nazwa": null, "idPRG": null, "idTerytJed": null, "idTerytTer": null, "rodzaj": null, "PRG|BT_Ref": null, "PRG|BT_R_1": null, "x_informDo": null }, "geometry": { "type": "MultiPolygon", "coordinates": [ [ [ [ 16.981930272465299, 52.454405228941795 ], [ 16.981928282327431, 52.454371309571975 ], [ 16.981919246490104, 52.454337804339843 ], [ 16.981903307469342, 52.454305241641471 ], [ 16.981880716646803, 52.454274135007509 ], [ 16.981851830304468, 52.454244975004599 ], [ 16.981817104005163, 52.454218221499083 ], [ 16.981777085407554, 52.454194296404935 ], [ 16.981732405628993, 52.454173577030168 ], [ 16.981683769292385, 52.454156390126862 ], [ 16.98163194341414, 52.454143006738278 ], [ 16.981577745308329, 52.454133637924762 ], [ 16.981522029697846, 52.454128431435272 ], [ 16.981465675235768, 52.454127469377624 ], [ 16.981409570649454, 52.454130766923612 ], [ 16.981354600725783, 52.454138272069748 ], [ 16.981301632358548, 52.454149866457435 ], [ 16.981251500877946, 52.454165367239334 ], [ 16.981204996877715, 52.454184529962816 ], [ 16.981162853747598, 52.454207052424877 ], [ 16.981125736107753, 52.454232579437779 ], [ 16.981094229327407, 52.454260708430276 ], [ 16.981068830293129, 52.454290995795979 ], [ 16.98104993957228, 52.454322963889211 ], [ 16.981037855095206, 52.454356108557299 ], [ 16.981032767455932, 52.454389907091276 ], [ 16.98103475690548, 52.454423826469124 ], [ 16.981043792085242, 52.454457331761795 ], [ 16.981059730520499, 52.454489894569406 ], [ 16.981082320866395, 52.454521001354429 ], [ 16.981111206870889, 52.454550161540745 ], [ 16.981145932992387, 52.454576915250499 ], [ 16.981185951583392, 52.454600840556857 ], [ 16.981230631526973, 52.454621560138484 ], [ 16.981279268189855, 52.454638747230312 ], [ 16.981331094535118, 52.45465213077722 ], [ 16.981385293219361, 52.454661499708948 ], [ 16.981441009483337, 52.454666706269052 ], [ 16.981497364632904, 52.454667668345316 ], [ 16.981553469897509, 52.454664370764789 ], [ 16.981608440447658, 52.454656865533082 ], [ 16.981661409350188, 52.454645271014229 ], [ 16.981711541241271, 52.454629770063761 ], [ 16.981758045501376, 52.454610607144922 ], [ 16.981800188724428, 52.454588084472981 ], [ 16.981837306284437, 52.454562557248856 ], [ 16.981868812817186, 52.45453442805713 ], [ 16.98189421145166, 52.45450414051659 ], [ 16.981913101645631, 52.454472172283999 ], [ 16.981925185501851, 52.454439027520749 ], [ 16.981930272465299, 52.454405228941795 ] ] ] ] } },
{ "type": "Feature", "properties": { "gml_id": null, "lokalnyId": null, "przestrzen": null, "wersjaId": null, "czyObiektB": null, "x_kod": null, "x_skrKarto": null, "x_katDoklG": null, "x_doklGeom": null, "x_doklGe_1": null, "x_zrodloDa": null, "x_zrodlo_1": null, "x_katIstni": null, "x_rodzajRe": null, "x_aktualno": null, "x_aktual_1": null, "poczatekWe": null, "x_dataUtwo": null, "x_kodKarto": null, "x_kodKar_1": null, "x_kodKar_2": null, "x_kodKar_3": null, "x_kodKar_4": null, "x_kodKar_5": null, "x_kodKar_6": null, "nazwa": null, "idPRG": null, "idTerytJed": null, "idTerytTer": null, "rodzaj": null, "PRG|BT_Ref": null, "PRG|BT_R_1": null, "x_informDo": null }, "geometry": { "type": "MultiPolygon", "coordinates": [ [ [ [ 16.979724847397328, 52.453672641890378 ], [ 16.979722795853718, 52.453638972805663 ], [ 16.979713596465626, 52.453605712016646 ], [ 16.979697394328483, 52.45357338406437 ], [ 16.979674444973547, 52.453542498777296 ], [ 16.979645110337149, 52.453513543231189 ], [ 16.97960985305204, 52.453486974067857 ], [ 16.979569229150876, 52.45346321029394 ], [ 16.979523879297009, 52.453442626673187 ], [ 16.979474518680814, 52.453425547816579 ], [ 16.979421925740969, 52.453412243063354 ], [ 16.979366929888478, 52.453402922233565 ], [ 16.979310398427096, 52.453397732319402 ], [ 16.979253222876245, 52.453396755167248 ], [ 16.979196304912229, 52.453400006186904 ], [ 16.979140542149267, 52.453407434108698 ], [ 16.979086813984594, 52.45341892179195 ], [ 16.97903596773078, 52.453434288072224 ], [ 16.978988805253895, 52.453453290618171 ], [ 16.97894607032821, 52.453475629753044 ], [ 16.978908436906828, 52.453500953180438 ], [ 16.978876498493172, 52.453528861539858 ], [ 16.978850758780975, 52.453558914704665 ], [ 16.978831623710345, 52.453590638722702 ], [ 16.978819395065255, 52.453623533290624 ], [ 16.97881426571346, 52.453657079643754 ], [ 16.978816316563915, 52.453690748737145 ], [ 16.978825515289795, 52.453724009588868 ], [ 16.97884171683728, 52.45375633765395 ], [ 16.978864665712159, 52.453787223096825 ], [ 16.978894000008271, 52.453816178831971 ], [ 16.978929257114249, 52.45384274820568 ], [ 16.97896988100868, 52.453866512198104 ], [ 16.979015231028647, 52.453887096031764 ], [ 16.97906459197333, 52.453904175082265 ], [ 16.979117185383419, 52.453917479998246 ], [ 16.979172181818349, 52.453926800949404 ], [ 16.979228713937786, 52.453931990935871 ], [ 16.97928589018095, 52.453932968106805 ], [ 16.979342808828036, 52.45392971705121 ], [ 16.979398572221911, 52.453922289040946 ], [ 16.97945230092569, 52.453910801222321 ], [ 16.979503147592929, 52.453895434768263 ], [ 16.979550310331593, 52.453876432021005 ], [ 16.979593045350949, 52.453854092669985 ], [ 16.979630678692015, 52.453828769025193 ], [ 16.979662616856412, 52.453800860460731 ], [ 16.979688356166072, 52.4537708071162 ], [ 16.979707490706176, 52.453739082954975 ], [ 16.979719718726084, 52.453706188289424 ], [ 16.979724847397328, 52.453672641890378 ] ] ] ] } },
{ "type": "Feature", "properties": { "gml_id": null, "lokalnyId": null, "przestrzen": null, "wersjaId": null, "czyObiektB": null, "x_kod": null, "x_skrKarto": null, "x_katDoklG": null, "x_doklGeom": null, "x_doklGe_1": null, "x_zrodloDa": null, "x_zrodlo_1": null, "x_katIstni": null, "x_rodzajRe": null, "x_aktualno": null, "x_aktual_1": null, "poczatekWe": null, "x_dataUtwo": null, "x_kodKarto": null, "x_kodKar_1": null, "x_kodKar_2": null, "x_kodKar_3": null, "x_kodKar_4": null, "x_kodKar_5": null, "x_kodKar_6": null, "nazwa": null, "idPRG": null, "idTerytJed": null, "idTerytTer": null, "rodzaj": null, "PRG|BT_Ref": null, "PRG|BT_R_1": null, "x_informDo": null }, "geometry": { "type": "MultiPolygon", "coordinates": [ [ [ [ 16.980857451124002, 52.453708010111924 ], [ 16.980855447401556, 52.453673840222692 ], [ 16.980846346574126, 52.453640087475392 ], [ 16.980830292182901, 52.453607284169564 ], [ 16.980807537429204, 52.453575947630327 ], [ 16.980778441180465, 52.45354657205003 ], [ 16.980743462309981, 52.453519620694735 ], [ 16.980703152459686, 52.45349551859853 ], [ 16.980658147340147, 52.45347464586083 ], [ 16.980609156705047, 52.45345733165221 ], [ 16.980556953158185, 52.453443849023579 ], [ 16.980502359969517, 52.453434410600302 ], [ 16.980446238092437, 52.453429165229075 ], [ 16.980389472586868, 52.453428195630906 ], [ 16.980332958662331, 52.453431517096462 ], [ 16.980277587560973, 52.453439077245065 ], [ 16.980224232503183, 52.453450756850721 ], [ 16.980173734917312, 52.453466371722179 ], [ 16.980126891170659, 52.453485675607617 ], [ 16.980084440010881, 52.453508364077926 ], [ 16.980047050915907, 52.453534079327355 ], [ 16.980015313536011, 52.453562415816101 ], [ 16.979989728394536, 52.453592926665578 ], [ 16.979970698993995, 52.453625130705646 ], [ 16.979958525451984, 52.45365852006266 ], [ 16.979953399767354, 52.453692568168805 ], [ 16.979955402791354, 52.453726738066159 ], [ 16.979964502951528, 52.453760490874863 ], [ 16.979980556748625, 52.453793294291515 ], [ 16.980003311018649, 52.453824630984023 ], [ 16.980032406924554, 52.453854006750404 ], [ 16.980067385614589, 52.453880958312922 ], [ 16.980107695458162, 52.453905060624457 ], [ 16.980152700745123, 52.453925933572066 ], [ 16.980201691711265, 52.453943247971978 ], [ 16.980253895732002, 52.453956730761249 ], [ 16.980308489507589, 52.453966169304472 ], [ 16.980364612047765, 52.453971414747365 ], [ 16.980421378250934, 52.453972384364441 ], [ 16.980477892863746, 52.453969062863841 ], [ 16.980533264600808, 52.453961502628438 ], [ 16.980586620201784, 52.453949822889697 ], [ 16.980637118204193, 52.453934207847198 ], [ 16.980683962214567, 52.45391490376354 ], [ 16.980726413468677, 52.453892215080288 ], [ 16.980763802482663, 52.453866499616552 ], [ 16.980795539611346, 52.453838162925614 ], [ 16.980821124347166, 52.453807651898764 ], [ 16.980840153213091, 52.453775447717284 ], [ 16.980852326125127, 52.453742058263714 ], [ 16.980857451124002, 52.453708010111924 ] ] ] ] } },
{ "type": "Feature", "properties": { "gml_id": null, "lokalnyId": null, "przestrzen": null, "wersjaId": null, "czyObiektB": null, "x_kod": null, "x_skrKarto": null, "x_katDoklG": null, "x_doklGeom": null, "x_doklGe_1": null, "x_zrodloDa": null, "x_zrodlo_1": null, "x_katIstni": null, "x_rodzajRe": null, "x_aktualno": null, "x_aktual_1": null, "poczatekWe": null, "x_dataUtwo": null, "x_kodKarto": null, "x_kodKar_1": null, "x_kodKar_2": null, "x_kodKar_3": null, "x_kodKar_4": null, "x_kodKar_5": null, "x_kodKar_6": null, "nazwa": null, "idPRG": null, "idTerytJed": null, "idTerytTer": null, "rodzaj": null, "PRG|BT_Ref": null, "PRG|BT_R_1": null, "x_informDo": null }, "geometry": { "type": "MultiPolygon", "coordinates": [ [ [ [ 16.98198685362031, 52.453741310164865 ], [ 16.981984811834636, 52.453707389911244 ], [ 16.981975622029498, 52.453673882051604 ], [ 16.98195942914932, 52.453641315023432 ], [ 16.981936488579468, 52.45361020242558 ], [ 16.981907162117817, 52.453581034918628 ], [ 16.981871912268247, 52.453554272487139 ], [ 16.98183129494619, 52.45353033718569 ], [ 16.981785950711238, 52.453509606483159 ], [ 16.981736594665119, 52.453492407310073 ], [ 16.98168400517438, 52.453479010903123 ], [ 16.981629011595547, 52.453469628527806 ], [ 16.981572481196416, 52.453464408146928 ], [ 16.98151530547954, 52.453463432087318 ], [ 16.981458386123716, 52.453466715741584 ], [ 16.981402620765, 52.453474207325357 ], [ 16.981348888841449, 52.453485788693961 ], [ 16.981298037724819, 52.45350127720549 ], [ 16.981250869357794, 52.453520428600953 ], [ 16.981208127607498, 52.453542940856167 ], [ 16.981170486534644, 52.453568458944432 ], [ 16.981138539763339, 52.453596580435452 ], [ 16.98111279111917, 52.453626861841272 ], [ 16.981093646683171, 52.453658825610304 ], [ 16.981081408387119, 52.453691967658173 ], [ 16.981076269251073, 52.453725765317287 ], [ 16.981078310338411, 52.453759685579449 ], [ 16.981087499476406, 52.453793193501674 ], [ 16.981103691762556, 52.453825760642523 ], [ 16.981126631848809, 52.453856873396099 ], [ 16.981155957967694, 52.453886041092005 ], [ 16.981191207636854, 52.453912803733829 ], [ 16.9812318249522, 52.453936739253763 ], [ 16.981277169354559, 52.453957470169222 ], [ 16.981326525731685, 52.453974669536258 ], [ 16.981379115696232, 52.453988066106014 ], [ 16.981434109861897, 52.453997448602792 ], [ 16.981490640924026, 52.454002669056109 ], [ 16.981547817338395, 52.454003645134605 ], [ 16.981604737382384, 52.454000361444507 ], [ 16.981660503376702, 52.453992869772406 ], [ 16.981714235843345, 52.453981288268508 ], [ 16.981765087376441, 52.45396579958328 ], [ 16.981812256007132, 52.453946647986562 ], [ 16.981854997851734, 52.453924135515258 ], [ 16.9818926388436, 52.45389861720956 ], [ 16.981924585363718, 52.453870495513513 ], [ 16.981950333602285, 52.453840213927876 ], [ 16.981969477503743, 52.453808250015591 ], [ 16.981981715169912, 52.453775107870008 ], [ 16.98198685362031, 52.453741310164865 ] ] ] ] } },
{ "type": "Feature", "properties": { "gml_id": null, "lokalnyId": null, "przestrzen": null, "wersjaId": null, "czyObiektB": null, "x_kod": null, "x_skrKarto": null, "x_katDoklG": null, "x_doklGeom": null, "x_doklGe_1": null, "x_zrodloDa": null, "x_zrodlo_1": null, "x_katIstni": null, "x_rodzajRe": null, "x_aktualno": null, "x_aktual_1": null, "poczatekWe": null, "x_dataUtwo": null, "x_kodKarto": null, "x_kodKar_1": null, "x_kodKar_2": null, "x_kodKar_3": null, "x_kodKar_4": null, "x_kodKar_5": null, "x_kodKar_6": null, "nazwa": null, "idPRG": null, "idTerytJed": null, "idTerytTer": null, "rodzaj": null, "PRG|BT_Ref": null, "PRG|BT_R_1": null, "x_informDo": null }, "geometry": { "type": "MultiPolygon", "coordinates": [ [ [ [ 16.979126417746304, 52.441542274977884 ], [ 16.980675552426248, 52.441348451601819 ], [ 16.980638403244239, 52.441157563575374 ], [ 16.979039057030054, 52.441374560126128 ], [ 16.979126417746304, 52.441542274977884 ] ] ] ] } },
{ "type": "Feature", "properties": { "gml_id": null, "lokalnyId": null, "przestrzen": null, "wersjaId": null, "czyObiektB": null, "x_kod": null, "x_skrKarto": null, "x_katDoklG": null, "x_doklGeom": null, "x_doklGe_1": null, "x_zrodloDa": null, "x_zrodlo_1": null, "x_katIstni": null, "x_rodzajRe": null, "x_aktualno": null, "x_aktual_1": null, "poczatekWe": null, "x_dataUtwo": null, "x_kodKarto": null, "x_kodKar_1": null, "x_kodKar_2": null, "x_kodKar_3": null, "x_kodKar_4": null, "x_kodKar_5": null, "x_kodKar_6": null, "nazwa": null, "idPRG": null, "idTerytJed": null, "idTerytTer": null, "rodzaj": null, "PRG|BT_Ref": null, "PRG|BT_R_1": null, "x_informDo": null }, "geometry": { "type": "MultiPolygon", "coordinates": [ [ [ [ 17.034990438085291, 52.462082894434715 ], [ 17.035102632482101, 52.4620667349648 ], [ 17.035210268927177, 52.462042489075394 ], [ 17.035226056765044, 52.462035292742513 ], [ 17.035305646921174, 52.461999014289141 ], [ 17.035369766834624, 52.461958024067521 ], [ 17.035426275278738, 52.46190389016342 ], [ 17.035449843100317, 52.461853214263925 ], [ 17.035452026308743, 52.461804185730735 ], [ 17.035433972974268, 52.46176783818639 ], [ 17.035404853913811, 52.461722294890002 ], [ 17.035349124191512, 52.461685321368556 ], [ 17.03526355219115, 52.46165586256766 ], [ 17.035129806842971, 52.461640623086183 ], [ 17.035012966616328, 52.461650697438358 ], [ 17.034928353647768, 52.46167332310668 ], [ 17.034852544155761, 52.461719125438577 ], [ 17.034787755569148, 52.461775124108854 ], [ 17.034739392505291, 52.46183039440924 ], [ 17.034677389534913, 52.46189745386517 ], [ 17.034659882961435, 52.461959244905479 ], [ 17.034668764528423, 52.462017469232151 ], [ 17.034709528142621, 52.462059200952801 ], [ 17.034794130975111, 52.4620736242045 ], [ 17.034897065177141, 52.462081342774425 ], [ 17.034990438085291, 52.462082894434715 ] ] ] ] } },
{ "type": "Feature", "properties": { "gml_id": "OT_ADJA_A.20", "lokalnyId": "322BD60C-5C60-598B-E053-CC2BA8C05138", "przestrzen": "PL.PZGiK.308.BDOT10k", "wersjaId": "2022-01-20T00:00:00", "czyObiektB": 0, "x_kod": "ADJA05", "x_skrKarto": null, "x_katDoklG": "Dok", "x_doklGeom": 1, "x_doklGe_1": "m", "x_zrodloDa": "PRG", "x_zrodlo_1": "PRG", "x_katIstni": null, "x_rodzajRe": "ZP", "x_aktualno": "2022-01-20", "x_aktual_1": "2022-01-20", "poczatekWe": "2022-01-20T00:00:00", "x_dataUtwo": "2012-11-13", "x_kodKarto": "0010_505", "x_kodKar_1": "0025_505", "x_kodKar_2": "0050_505", "x_kodKar_3": "0100_505", "x_kodKar_4": null, "x_kodKar_5": null, "x_kodKar_6": null, "nazwa": "Czerwonak", "idPRG": 1030210420, "idTerytJed": 3021, "idTerytTer": 3021042, "rodzaj": "GW", "PRG|BT_Ref": 1030210420, "PRG|BT_R_1": "PL.PZGiK.200", "x_informDo": null }, "geometry": { "type": "MultiPolygon", "coordinates": [ [ [ [ 16.954628755428221, 52.564942613589693 ], [ 16.954338967602627, 52.564696378739278 ], [ 16.954003742933086, 52.56442435361123 ], [ 16.953955954671727, 52.564357059748907 ], [ 16.953930481682512, 52.564289162255761 ], [ 16.953869775223207, 52.564109396339369 ], [ 16.953817771410161, 52.563882201053417 ], [ 16.953794719388778, 52.563540379372867 ], [ 16.953798728512915, 52.563355975836082 ], [ 16.953820383191605, 52.563245900343055 ], [ 16.953871297191636, 52.56316358336236 ], [ 16.953959322933709, 52.563041793381792 ], [ 16.954118141784441, 52.562816443589341 ], [ 16.954256560746146, 52.562686889934355 ], [ 16.954377884540541, 52.562544088885829 ], [ 16.954462280847661, 52.562449488503717 ], [ 16.954691277492564, 52.562282734351832 ], [ 16.955042405348003, 52.562019152812866 ], [ 16.955129239291804, 52.561926033168 ], [ 16.955319412555518, 52.561781542498196 ], [ 16.95561342437529, 52.561584429736804 ], [ 16.955838691980592, 52.561396112646101 ], [ 16.955951892345897, 52.561342123222232 ], [ 16.956115584987575, 52.561211564828469 ], [ 16.956199802270806, 52.561171465524083 ], [ 16.956305325703447, 52.561130205031986 ], [ 16.956358486358994, 52.561100992095042 ], [ 16.956436257682686, 52.561063029895301 ], [ 16.956472402688647, 52.561028396368371 ], [ 16.95648769170775, 52.561004285826549 ], [ 16.956501138051994, 52.56096584255102 ], [ 16.956535106396693, 52.560946281826702 ], [ 16.956620616970486, 52.560929139989064 ], [ 16.956699249604782, 52.560907562092083 ], [ 16.956807929245073, 52.560849176558193 ], [ 16.956923339009798, 52.560795224359786 ], [ 16.956973805247955, 52.560773160068976 ], [ 16.957030857338971, 52.560711004974152 ], [ 16.957106662159958, 52.56069945159971 ], [ 16.957199546722904, 52.560726868402988 ], [ 16.957296123059233, 52.560725657074556 ], [ 16.957327479546034, 52.560708299619563 ], [ 16.957358840184146, 52.560690852285177 ], [ 16.957374395861908, 52.560660989890607 ], [ 16.957370808658403, 52.560636553465159 ], [ 16.957357650032101, 52.560614830023901 ], [ 16.957267936531515, 52.560573167157386 ], [ 16.95725983096202, 52.560544335486668 ], [ 16.957325375016254, 52.56049950590527 ], [ 16.957447073629336, 52.560465808943654 ], [ 16.957575143136637, 52.560393456423284 ], [ 16.957671158878988, 52.560353469745344 ], [ 16.957758400567297, 52.560299030678415 ], [ 16.957897201628636, 52.560249798418276 ], [ 16.957983841677308, 52.560208300579212 ], [ 16.958031821037057, 52.560157141392679 ], [ 16.958022880345773, 52.560127216052933 ], [ 16.957950968295677, 52.560105828139697 ], [ 16.957893128000535, 52.560083333833823 ], [ 16.957897215807609, 52.560046168018509 ], [ 16.957961756535944, 52.560022907067371 ], [ 16.95805072290333, 52.560032986579408 ], [ 16.958171889546652, 52.560010702448523 ], [ 16.958266279135831, 52.559954857297718 ], [ 16.958328692729751, 52.559875704936765 ], [ 16.958624072052995, 52.559591363839374 ], [ 16.958648044326779, 52.559561376620969 ], [ 16.958647718743929, 52.559539784718716 ], [ 16.958633403762686, 52.559523887759546 ], [ 16.958604062957303, 52.559494689918012 ], [ 16.958605064552025, 52.559473120906532 ], [ 16.958617391504522, 52.559461910778381 ], [ 16.958649529802578, 52.559453111036447 ], [ 16.958693661163117, 52.55944029082012 ], [ 16.958750871997811, 52.55941276565278 ], [ 16.958805228037445, 52.559370440594087 ], [ 16.958980434655405, 52.559245833227806 ], [ 16.959145205649026, 52.559142542003435 ], [ 16.959344262873561, 52.55902230286037 ], [ 16.959357837210085, 52.559003289135156 ], [ 16.959350189774121, 52.558983639679276 ], [ 16.959333954479497, 52.55894234580802 ], [ 16.959326837225497, 52.558930350634768 ], [ 16.959338874364139, 52.55891265955006 ], [ 16.959358032919756, 52.558906873764919 ], [ 16.959416243140073, 52.558892766998667 ], [ 16.959510852354672, 52.558882975403726 ], [ 16.95956492087921, 52.558859533045592 ], [ 16.959630474042616, 52.558817580538872 ], [ 16.959761757859326, 52.558726662935229 ], [ 16.959827425930566, 52.55867904590221 ], [ 16.959848777462405, 52.55865144172688 ], [ 16.959899640147185, 52.55862074852854 ], [ 16.959976207993986, 52.55859265700996 ], [ 16.9600153193579, 52.558551237895109 ], [ 16.960046825680276, 52.558517872486917 ], [ 16.96005337725078, 52.558500716381708 ], [ 16.960049755337764, 52.558476998983615 ], [ 16.960024946772496, 52.558455075037813 ], [ 16.959984635738834, 52.558436481592516 ], [ 16.959968004166225, 52.55841325949158 ], [ 16.959965332601609, 52.558394505328238 ], [ 16.959976512597553, 52.558382555748629 ], [ 16.960001335633681, 52.558381904297619 ], [ 16.960036455396452, 52.558372436031988 ], [ 16.96008805341069, 52.558338607428865 ], [ 16.960160836055742, 52.558290303353516 ], [ 16.960275465477768, 52.558230668092257 ], [ 16.960383920175314, 52.558122806884043 ], [ 16.960545809305568, 52.557982857339397 ], [ 16.960582044397178, 52.557946155448718 ], [ 16.960595957718546, 52.55790709016923 ], [ 16.96059763411294, 52.557880495970927 ], [ 16.960583361721831, 52.557857314607574 ], [ 16.960568526523733, 52.557846265829738 ], [ 16.960551412780131, 52.557836616872081 ], [ 16.960494753725232, 52.557814144173925 ], [ 16.960476775687663, 52.557794496654175 ], [ 16.960482257258437, 52.557778131572256 ], [ 16.96055624870921, 52.557757820318685 ], [ 16.960604150228647, 52.557740027569231 ], [ 16.960622827293925, 52.557715974886371 ], [ 16.96065478957102, 52.557669575462086 ], [ 16.960704176309658, 52.557562495007517 ], [ 16.960756900794024, 52.557389813755428 ], [ 16.960780146288894, 52.557292716218058 ], [ 16.960739990460851, 52.557194436320422 ], [ 16.960770561291092, 52.557044398711426 ], [ 16.960779402668258, 52.556853782232949 ], [ 16.960796303700331, 52.556740745426346 ], [ 16.960770099494646, 52.556647113113748 ], [ 16.960739247788727, 52.556551871685798 ], [ 16.960663146955831, 52.556519080400939 ], [ 16.960633610810163, 52.556494106994194 ], [ 16.960675229421891, 52.556459026870442 ], [ 16.960695804046992, 52.556422684698973 ], [ 16.960700909872305, 52.556353966378531 ], [ 16.960651985604684, 52.556250678426466 ], [ 16.960606545859648, 52.556113631972963 ], [ 16.960528200684003, 52.556021079846531 ], [ 16.960465957736101, 52.555912255663415 ], [ 16.960244440509349, 52.555705886685253 ], [ 16.960005008185774, 52.555516747336753 ], [ 16.959777994206906, 52.5553748616991 ], [ 16.959595644865782, 52.555249935379194 ], [ 16.959315542386495, 52.555085097536818 ], [ 16.95910863512945, 52.554996533645564 ], [ 16.958930366715951, 52.55490774375275 ], [ 16.958511504164289, 52.554728188633348 ], [ 16.958060538035792, 52.554563188520902 ], [ 16.957384981011462, 52.554328382429787 ], [ 16.956973527679704, 52.554189693801789 ], [ 16.95638870404273, 52.553993594646414 ], [ 16.955427862364612, 52.553693588863439 ], [ 16.955004221239143, 52.553553873243139 ], [ 16.954650490349341, 52.553437130534327 ], [ 16.954436154440586, 52.553365878883135 ], [ 16.954355941913626, 52.553339218451768 ], [ 16.954195640036719, 52.553251541322901 ], [ 16.954016919687028, 52.553109399861121 ], [ 16.953939633776937, 52.552978635722774 ], [ 16.95383463465501, 52.552799722582641 ], [ 16.953656061521194, 52.552635457105538 ], [ 16.953521689707472, 52.552415561411543 ], [ 16.953456715899424, 52.552273946834944 ], [ 16.953436495323789, 52.552118715256178 ], [ 16.953507654981962, 52.551848407768396 ], [ 16.953630484018561, 52.551618748505959 ], [ 16.953860429451055, 52.551379698276754 ], [ 16.954091018454097, 52.55113310352035 ], [ 16.954168965568481, 52.551052962620346 ], [ 16.954241508205346, 52.551009694835727 ], [ 16.954367597345307, 52.5509286770803 ], [ 16.954486778755001, 52.550897817955708 ], [ 16.954556988227313, 52.550904697867928 ], [ 16.95464118690359, 52.550864599420976 ], [ 16.954768634831648, 52.550805101113745 ], [ 16.954793009438589, 52.550775931093298 ], [ 16.954797446085148, 52.550743988045802 ], [ 16.954781756722756, 52.55071331615995 ], [ 16.954769174463081, 52.550701496063098 ], [ 16.954756448957948, 52.550689583546195 ], [ 16.954750011739598, 52.550675711013078 ], [ 16.954768368168175, 52.55066172730676 ], [ 16.954804473786773, 52.550643643125625 ], [ 16.954910532695621, 52.550612556801099 ], [ 16.955105462097833, 52.550545589718325 ], [ 16.955363471915117, 52.550461093965048 ], [ 16.955411831259191, 52.550433327574147 ], [ 16.955441316983393, 52.550398939086641 ], [ 16.955445884447965, 52.550357824087612 ], [ 16.955444805327268, 52.550333430883072 ], [ 16.955464327114964, 52.550316589026735 ], [ 16.955512026072501, 52.550303022185723 ], [ 16.955618679392501, 52.550287685533078 ], [ 16.955737180200401, 52.550268236171526 ], [ 16.955860599208364, 52.550244554377855 ], [ 16.956035618530446, 52.550199547745912 ], [ 16.956164041612425, 52.550144382063799 ], [ 16.956352969626657, 52.550079467935738 ], [ 16.956457148758769, 52.55004115233649 ], [ 16.956542274717236, 52.550031829079927 ], [ 16.956670482320863, 52.550019382067241 ], [ 16.956784306289343, 52.549989417524166 ], [ 16.95682253558391, 52.549976406209247 ], [ 16.956875894856775, 52.549952143384886 ], [ 16.956909095374169, 52.549920337077005 ], [ 16.956927817227186, 52.549885762399349 ], [ 16.956924363888689, 52.549836234122843 ], [ 16.956879505340442, 52.549737871508725 ], [ 16.956909574395713, 52.549722650596749 ], [ 16.95698182610445, 52.549710946134219 ], [ 16.957026463675671, 52.549712436266049 ], [ 16.957128341085344, 52.54977445675344 ], [ 16.957160569386318, 52.549785806240337 ], [ 16.957233794470561, 52.549784911587508 ], [ 16.957293592503511, 52.549777669004392 ], [ 16.957339453062836, 52.5497623607842 ], [ 16.957371584464909, 52.549753561306446 ], [ 16.957435311961053, 52.549725249867635 ], [ 16.957525354670551, 52.549660875705158 ], [ 16.957552283185532, 52.549630669889972 ], [ 16.957570029197342, 52.549610738982601 ], [ 16.957577128433542, 52.549584957917332 ], [ 16.957559355325721, 52.549560996169184 ], [ 16.957424896681374, 52.549469811836254 ], [ 16.957423928992352, 52.549452526075598 ], [ 16.957436762434988, 52.54943988572532 ], [ 16.95746704948273, 52.549423139405015 ], [ 16.957496917765823, 52.549412232145436 ], [ 16.957535824895906, 52.54941002546429 ], [ 16.957637739243548, 52.549420418864898 ], [ 16.957682710443397, 52.549414719067961 ], [ 16.957752402273666, 52.549407287226536 ], [ 16.957803867365957, 52.549388837597931 ], [ 16.957865836164032, 52.549347543789125 ], [ 16.958001411840584, 52.54926533677574 ], [ 16.958061064630844, 52.549207183561606 ], [ 16.958089497355985, 52.549179521985081 ], [ 16.958107497477926, 52.549154108859717 ], [ 16.958104831335643, 52.549135264769468 ], [ 16.958099718801247, 52.549099199354309 ], [ 16.958063577110586, 52.549057741632154 ], [ 16.958042211405218, 52.549044421185272 ], [ 16.958013507758196, 52.549030254575925 ], [ 16.957992975193573, 52.549014879806272 ], [ 16.957998690188372, 52.548993482038405 ], [ 16.958022979500694, 52.548978790720042 ], [ 16.958065620586041, 52.548972420974152 ], [ 16.958100339527803, 52.54897778700149 ], [ 16.958143716304939, 52.548987349833943 ], [ 16.958175748224424, 52.548983855063 ], [ 16.958225864942165, 52.548965831705345 ], [ 16.958267282059463, 52.548934976271674 ], [ 16.958321957702935, 52.548872779567304 ], [ 16.958339792068525, 52.54885410927325 ], [ 16.958348538839171, 52.548830964933472 ], [ 16.958342993597412, 52.548797860182624 ], [ 16.958359456569415, 52.548773769645798 ], [ 16.958410820535367, 52.548757476646024 ], [ 16.958434962153969, 52.548742782696522 ], [ 16.958438084449391, 52.54872637698945 ], [ 16.958436010614729, 52.548694771217029 ], [ 16.958403964936814, 52.548676319725217 ], [ 16.958342915379962, 52.548650172410476 ], [ 16.958340340950077, 52.548629351160592 ], [ 16.958364482520331, 52.548614657224689 ], [ 16.958411198207958, 52.548593606997485 ], [ 16.958459872099198, 52.54857169110312 ], [ 16.958509127240713, 52.548540431142897 ], [ 16.958550710623914, 52.548505980760083 ], [ 16.958605917471829, 52.548381462584302 ], [ 16.95868220566306, 52.548257308022023 ], [ 16.958707737209547, 52.54819676705764 ], [ 16.958720667065045, 52.548166139631576 ], [ 16.958723759900337, 52.548140829050212 ], [ 16.958726995984083, 52.548115610882604 ], [ 16.958732916425948, 52.548102491380703 ], [ 16.958745776750277, 52.548076539789108 ], [ 16.958773945510497, 52.548054539908428 ], [ 16.958824500323662, 52.548030227849544 ], [ 16.958843922146787, 52.547993236487166 ], [ 16.958847628180472, 52.547964248815383 ], [ 16.958850201732464, 52.547908798364503 ], [ 16.958856966234414, 52.547890206890848 ], [ 16.958885486907363, 52.547882873765197 ], [ 16.958941638074215, 52.547865134077966 ], [ 16.958939464774268, 52.547810231356635 ], [ 16.958918270250695, 52.547783692392386 ], [ 16.958931078566007, 52.547736603275403 ], [ 16.958950680474562, 52.547670293578435 ], [ 16.958970404093652, 52.54764904742801 ], [ 16.95898135471305, 52.547629268942515 ], [ 16.958974789844028, 52.547605410762991 ], [ 16.958954371646023, 52.547590757671237 ], [ 16.958950655136285, 52.547569107248307 ], [ 16.958946867726073, 52.547548984633629 ], [ 16.958965788730779, 52.5475227777752 ], [ 16.959032837750264, 52.547445054123536 ], [ 16.959087009950416, 52.547393641552098 ], [ 16.959109202873137, 52.547347793577785 ], [ 16.959101371023507, 52.547325802357761 ], [ 16.959065235787886, 52.547306471021031 ], [ 16.959054939331221, 52.547274003902288 ], [ 16.959051117795426, 52.547216464405466 ], [ 16.959040278649301, 52.5471670786375 ], [ 16.959020561112396, 52.547127793250915 ], [ 16.958997058351507, 52.547109669130975 ], [ 16.958978890659765, 52.547097393373349 ], [ 16.958946654041529, 52.547083076103469 ], [ 16.95891847173576, 52.547083129692034 ], [ 16.958895325456275, 52.547089116430165 ], [ 16.958887481840609, 52.547105530662407 ], [ 16.958897898104471, 52.547160845391964 ], [ 16.958911997028714, 52.547209927625083 ], [ 16.958902974254741, 52.547328047077848 ], [ 16.958880091358257, 52.5474682333423 ], [ 16.95886153737348, 52.547486531532066 ], [ 16.958824990749111, 52.54748877935176 ], [ 16.958793461935439, 52.547484637812254 ], [ 16.958777947615143, 52.547462873831471 ], [ 16.958769896485155, 52.547356602195258 ], [ 16.958766178044367, 52.547284133923718 ], [ 16.958750385891694, 52.547169813773692 ], [ 16.958725081723848, 52.546996596748983 ], [ 16.958625926275666, 52.546845992301357 ], [ 16.958617700323412, 52.54701192358619 ], [ 16.958611077323358, 52.547437509682773 ], [ 16.958449618821511, 52.547956663773427 ], [ 16.957926680147434, 52.548675909906279 ], [ 16.95737521193222, 52.549195797342335 ], [ 16.956933281273422, 52.549447384516114 ], [ 16.956056454204401, 52.549773487714333 ], [ 16.954035346061463, 52.550712286936871 ], [ 16.953604877612861, 52.550903888122335 ], [ 16.953325945989203, 52.551073194325362 ], [ 16.953156538699496, 52.551387403661501 ], [ 16.952771997183071, 52.55211675619568 ], [ 16.952688543010765, 52.552327758000104 ], [ 16.952795922044764, 52.55253783367197 ], [ 16.95285255744162, 52.552719059204705 ], [ 16.953191174607767, 52.55327603449404 ], [ 16.953263003173941, 52.553313126503504 ], [ 16.953596612477575, 52.553449942532872 ], [ 16.953845003748793, 52.553601114245296 ], [ 16.954092478467434, 52.553740307156268 ], [ 16.954362987927503, 52.553863348177998 ], [ 16.954614925779509, 52.553963761739176 ], [ 16.955229717916172, 52.554159398135596 ], [ 16.955681410387569, 52.554279899929725 ], [ 16.956011177064408, 52.554398114395944 ], [ 16.956276709817246, 52.55450045150593 ], [ 16.956686812769636, 52.554624744924716 ], [ 16.958116965966326, 52.554851080043541 ], [ 16.958330021435753, 52.554988320934811 ], [ 16.959832669802623, 52.555904308686877 ], [ 16.959950449247177, 52.555996101946491 ], [ 16.960089900001613, 52.556193321904665 ], [ 16.960272328268559, 52.557229549972988 ], [ 16.960017838745891, 52.557666873172984 ], [ 16.959182217740953, 52.558551895837589 ], [ 16.95761750125715, 52.559827997015169 ], [ 16.956821794857028, 52.560544509582108 ], [ 16.956497378406443, 52.560684796095252 ], [ 16.95480755347652, 52.561696427216162 ], [ 16.954521068630502, 52.56188710225441 ], [ 16.954315316099727, 52.562045983082072 ], [ 16.953214526968967, 52.563435817566599 ], [ 16.953187246956919, 52.563603269182131 ], [ 16.953420434485029, 52.564272339156517 ], [ 16.953855512898311, 52.564897678878488 ], [ 16.954078287239067, 52.565039322297245 ], [ 16.954628892453155, 52.564942767258799 ], [ 16.954628755428221, 52.564942613589693 ] ] ] ] } },
{ "type": "Feature", "properties": { "gml_id": "OT_ADJA_A.20", "lokalnyId": "322BD60C-5C60-598B-E053-CC2BA8C05138", "przestrzen": "PL.PZGiK.308.BDOT10k", "wersjaId": "2022-01-20T00:00:00", "czyObiektB": 0, "x_kod": "ADJA05", "x_skrKarto": null, "x_katDoklG": "Dok", "x_doklGeom": 1, "x_doklGe_1": "m", "x_zrodloDa": "PRG", "x_zrodlo_1": "PRG", "x_katIstni": null, "x_rodzajRe": "ZP", "x_aktualno": "2022-01-20", "x_aktual_1": "2022-01-20", "poczatekWe": "2022-01-20T00:00:00", "x_dataUtwo": "2012-11-13", "x_kodKarto": "0010_505", "x_kodKar_1": "0025_505", "x_kodKar_2": "0050_505", "x_kodKar_3": "0100_505", "x_kodKar_4": null, "x_kodKar_5": null, "x_kodKar_6": null, "nazwa": "Czerwonak", "idPRG": 1030210420, "idTerytJed": 3021, "idTerytTer": 3021042, "rodzaj": "GW", "PRG|BT_Ref": 1030210420, "PRG|BT_R_1": "PL.PZGiK.200", "x_informDo": null }, "geometry": { "type": "MultiPolygon", "coordinates": [ [ [ [ 16.956913215236629, 52.544407079009794 ], [ 16.95679595007795, 52.544114448254902 ], [ 16.956752409959421, 52.543705174938502 ], [ 16.956793241235502, 52.543458176636236 ], [ 16.956946343749074, 52.543147548180876 ], [ 16.957048315186672, 52.543007108602914 ], [ 16.957148859138229, 52.542868802930435 ], [ 16.95735878384739, 52.542678239535945 ], [ 16.957531262086459, 52.542458517494104 ], [ 16.957865344538245, 52.541992621629326 ], [ 16.957925563210534, 52.54189346419831 ], [ 16.958047266549521, 52.541693282286076 ], [ 16.958063824258396, 52.541670272734805 ], [ 16.958190275237328, 52.541494906955947 ], [ 16.958304369948891, 52.541321936205328 ], [ 16.958407552187982, 52.541177468929142 ], [ 16.9585590660927, 52.540954685430449 ], [ 16.95866688906089, 52.540767395127588 ], [ 16.958721410982459, 52.540651049834075 ], [ 16.958738421709633, 52.540570574355556 ], [ 16.958701887995165, 52.540496370674198 ], [ 16.958686709713447, 52.540467416988555 ], [ 16.958716660121556, 52.540429168161523 ], [ 16.958781118594107, 52.54041022275419 ], [ 16.95886995187352, 52.540390528494179 ], [ 16.958924391145271, 52.540361786275128 ], [ 16.958980000344585, 52.540231518435029 ], [ 16.959060956071706, 52.540108163637107 ], [ 16.959073027805932, 52.540013301969573 ], [ 16.959038304068272, 52.539982752015746 ], [ 16.958999509159849, 52.539963644551086 ], [ 16.958988847399613, 52.53993908607228 ], [ 16.959030121893147, 52.539911106114189 ], [ 16.959116390933133, 52.539876706720278 ], [ 16.95921508174953, 52.539803486179956 ], [ 16.959241548603309, 52.539738553982154 ], [ 16.959332578969526, 52.539452036043905 ], [ 16.959408930113913, 52.539214823555625 ], [ 16.959493718115993, 52.539062842694747 ], [ 16.959560109068157, 52.538906766936989 ], [ 16.95966225658843, 52.538619001343726 ], [ 16.959683813760414, 52.538558121773534 ], [ 16.959763123568543, 52.538333372215789 ], [ 16.959841408840301, 52.538133878958504 ], [ 16.959903976069363, 52.538009307118408 ], [ 16.959941506675673, 52.537864785949374 ], [ 16.959983989001497, 52.537642099608263 ], [ 16.960047472351711, 52.537421394272847 ], [ 16.960069782893324, 52.537379235789572 ], [ 16.960154337876244, 52.537219425384968 ], [ 16.960260882624212, 52.537017990530813 ], [ 16.960369215223828, 52.5367302409838 ], [ 16.960637644583688, 52.53641260129627 ], [ 16.960799242467392, 52.536102114310644 ], [ 16.960809610659251, 52.536037533925601 ], [ 16.960836768980165, 52.535967126751764 ], [ 16.960894441614112, 52.535925757392427 ], [ 16.960921295745528, 52.535903284653408 ], [ 16.960973104331472, 52.535873866586215 ], [ 16.960992058023066, 52.535849998487457 ], [ 16.961006820740579, 52.535782885459334 ], [ 16.960992522873774, 52.535738117226025 ], [ 16.960934083029397, 52.535678287371809 ], [ 16.960931157735054, 52.535639561409049 ], [ 16.960980409584099, 52.535617564562457 ], [ 16.961125262137035, 52.535614214253016 ], [ 16.961202088615316, 52.535579650685193 ], [ 16.961239953649578, 52.535548733051108 ], [ 16.961249368877461, 52.535523801135163 ], [ 16.961245714558483, 52.535500802670676 ], [ 16.961227975698481, 52.535479360395598 ], [ 16.96120382357989, 52.535465812557156 ], [ 16.96113424717888, 52.535448963625733 ], [ 16.961061222063289, 52.535423780457769 ], [ 16.961031066487347, 52.535412467658041 ], [ 16.961023575276439, 52.535395878976722 ], [ 16.961037207026823, 52.535381812911602 ], [ 16.961065970682391, 52.535372234914959 ], [ 16.961095732677659, 52.535363393658947 ], [ 16.961119232931754, 52.535362359498166 ], [ 16.96114850928959, 52.535367181219577 ], [ 16.961238951982285, 52.535395272787085 ], [ 16.961308321175423, 52.535394309344618 ], [ 16.961345053341866, 52.535387836694717 ], [ 16.961374150058557, 52.535371068910294 ], [ 16.961400579756123, 52.535351376989802 ], [ 16.961432412109623, 52.53527556367586 ], [ 16.961405087140651, 52.535209524361413 ], [ 16.961387946285754, 52.535171992588467 ], [ 16.961370490636053, 52.535144439078515 ], [ 16.961340582485867, 52.535130971983712 ], [ 16.961284731229085, 52.535117147842982 ], [ 16.961240208207791, 52.535113502548803 ], [ 16.961219052053327, 52.535111698940646 ], [ 16.961179644997781, 52.535099507228857 ], [ 16.961166705784922, 52.535076348778126 ], [ 16.961186751516394, 52.535048002307249 ], [ 16.961249042815297, 52.53502470099108 ], [ 16.961303912547791, 52.53500558904588 ], [ 16.961336029186924, 52.534974572341646 ], [ 16.96137560562164, 52.534932171428174 ], [ 16.961398338175897, 52.534896765703699 ], [ 16.961431249959688, 52.534848583531534 ], [ 16.961473646432673, 52.534796247480386 ], [ 16.96152358333266, 52.534733967683948 ], [ 16.961580654988126, 52.534699153495112 ], [ 16.961580887514607, 52.534620906959454 ], [ 16.961579339046779, 52.534526979633135 ], [ 16.961578421684663, 52.534448083684246 ], [ 16.961584933854869, 52.534428498318682 ], [ 16.961668038644198, 52.534175570692604 ], [ 16.961760683539183, 52.533882242975075 ], [ 16.96174227271554, 52.533585563120923 ], [ 16.961691933410481, 52.533194882293223 ], [ 16.961689667003004, 52.533176944560786 ], [ 16.961613010553421, 52.53264756765536 ], [ 16.961559497493443, 52.532366832538919 ], [ 16.961464629476605, 52.532166963380384 ], [ 16.961397374262045, 52.532030080393426 ], [ 16.961327712127588, 52.531935609078651 ], [ 16.961319246762962, 52.531745862974091 ], [ 16.961254610857711, 52.53143786311432 ], [ 16.961136918629062, 52.531208638659763 ], [ 16.96105899666636, 52.530974163147306 ], [ 16.96104789719783, 52.530736251977935 ], [ 16.960959816635338, 52.530558715260952 ], [ 16.960896994532145, 52.530265766896029 ], [ 16.960848758449004, 52.530097281445968 ], [ 16.960807748060862, 52.529954284488838 ], [ 16.960797599011226, 52.529867764080024 ], [ 16.960783013978595, 52.529743301117989 ], [ 16.96072025119576, 52.529554148119637 ], [ 16.960558904330668, 52.529363295877026 ], [ 16.960319489751658, 52.529100402262202 ], [ 16.959901304964916, 52.528755455710886 ], [ 16.959340969876415, 52.528270352900762 ], [ 16.958741595798788, 52.527644712006136 ], [ 16.958455219787119, 52.52727873868443 ], [ 16.9583961799182, 52.52721943670322 ], [ 16.958132543180465, 52.526954681349771 ], [ 16.95767406017309, 52.526516029705554 ], [ 16.957520801422699, 52.52631029213596 ], [ 16.957366162455703, 52.526083483784774 ], [ 16.957282137272912, 52.525854026801426 ], [ 16.957173023303486, 52.52535493616147 ], [ 16.957229666241425, 52.524982829154219 ], [ 16.957374454822343, 52.524681410335859 ], [ 16.957606824988165, 52.524405608047083 ], [ 16.957821563088388, 52.524245977606562 ], [ 16.95791335215446, 52.524177765859228 ], [ 16.957980249849715, 52.524131160559783 ], [ 16.958453681100785, 52.523801953168928 ], [ 16.958933813005803, 52.523502990529778 ], [ 16.959022641279983, 52.523447678700528 ], [ 16.959168381725824, 52.523351165085238 ], [ 16.959569693881072, 52.523085468487523 ], [ 16.959945435498067, 52.522852788568052 ], [ 16.960176873713017, 52.522650628856802 ], [ 16.960431481070639, 52.522327084838572 ], [ 16.960552150274964, 52.522163669228327 ], [ 16.960639890656822, 52.521966226987409 ], [ 16.960684890747697, 52.521908359592068 ], [ 16.960857831026047, 52.52168603232456 ], [ 16.961232758035997, 52.521101206203255 ], [ 16.961470087015798, 52.520717370040593 ], [ 16.961488580016447, 52.520687377771871 ], [ 16.961547870284694, 52.520585144377641 ], [ 16.961614692402367, 52.520469908992951 ], [ 16.961856955623745, 52.52003030226237 ], [ 16.962017058554544, 52.519734628242794 ], [ 16.962191685964665, 52.519332171601427 ], [ 16.962348010764803, 52.519063864782353 ], [ 16.962444453449177, 52.518729047709535 ], [ 16.962621416597923, 52.51827275458681 ], [ 16.962778866427609, 52.517801554360354 ], [ 16.962941312839778, 52.517381617721178 ], [ 16.963199258854587, 52.517083579307894 ], [ 16.963645347862517, 52.516664027450204 ], [ 16.963931891415129, 52.516518933698059 ], [ 16.964455445454046, 52.516222135527379 ], [ 16.965028118929681, 52.515985272764567 ], [ 16.965250393341002, 52.515925865694065 ], [ 16.965539584054767, 52.515803029636487 ], [ 16.965823500695322, 52.515689006588502 ], [ 16.966621026203427, 52.515295003563885 ], [ 16.967053520476785, 52.515060218874851 ], [ 16.967878780083311, 52.514547149383475 ], [ 16.967929475477753, 52.514515640568355 ], [ 16.968413369779178, 52.514128290534416 ], [ 16.968650603638576, 52.513849762274127 ], [ 16.9689999482895, 52.513470622888292 ], [ 16.969016410541244, 52.513449319107245 ], [ 16.969105437150155, 52.51333464066348 ], [ 16.969371182600099, 52.512853238570457 ], [ 16.969505468826316, 52.512693735419042 ], [ 16.969683266666987, 52.512364266432556 ], [ 16.969860235437178, 52.512055919637405 ], [ 16.970216603244726, 52.511440706053733 ], [ 16.970426833445416, 52.51110459695623 ], [ 16.970698274400547, 52.510460582124757 ], [ 16.970853963968466, 52.510159424077933 ], [ 16.970877033504255, 52.510113049237319 ], [ 16.970871317838949, 52.510022738024503 ], [ 16.970855966950559, 52.509923986753812 ], [ 16.970893401555504, 52.509796189745742 ], [ 16.970978287986988, 52.509732706611437 ], [ 16.970995316246764, 52.50968946609045 ], [ 16.97099560503176, 52.50939202838218 ], [ 16.970967144392606, 52.509353853972279 ], [ 16.970937870031641, 52.509157365291884 ], [ 16.970876517237219, 52.508985240685433 ], [ 16.970785453680168, 52.508773301154676 ], [ 16.970732895023826, 52.508682276334611 ], [ 16.970584971141911, 52.508533490868068 ], [ 16.970517706471536, 52.508438525982093 ], [ 16.970182695324475, 52.508002489041218 ], [ 16.969856666110488, 52.507640358801261 ], [ 16.969642454552766, 52.507372428740155 ], [ 16.969597988524562, 52.507316979963676 ], [ 16.969338682609301, 52.507004113110824 ], [ 16.968984307049837, 52.506509007059108 ], [ 16.968897357187231, 52.506310448150444 ], [ 16.968784616933139, 52.506028698375538 ], [ 16.968722795969047, 52.505604902712584 ], [ 16.96874868537024, 52.505363129587188 ], [ 16.968859756584497, 52.505038542065954 ], [ 16.968976195768079, 52.504814873201219 ], [ 16.96916105566315, 52.50454578816867 ], [ 16.969274847113706, 52.504424249310901 ], [ 16.969304320806305, 52.504379603667907 ], [ 16.969385912210914, 52.504269114640806 ], [ 16.969439550042086, 52.504199069993049 ], [ 16.96950065868495, 52.504149210945975 ], [ 16.969569731311452, 52.504080060781057 ], [ 16.969601328604568, 52.504005320461758 ], [ 16.969635525994974, 52.503976495918693 ], [ 16.969684741894476, 52.503954405064015 ], [ 16.969727540600228, 52.503943626867972 ], [ 16.969777338160679, 52.503934497814178 ], [ 16.969854190924099, 52.50392358447796 ], [ 16.969943384946422, 52.503900740519484 ], [ 16.970055472358538, 52.503841682373789 ], [ 16.970107702819472, 52.503805342068929 ], [ 16.970155036066917, 52.503747331282185 ], [ 16.9701692136791, 52.503692349289267 ], [ 16.970165107550137, 52.503653513207382 ], [ 16.970122528778031, 52.503608350512366 ], [ 16.970113265434179, 52.503588673827899 ], [ 16.970118006738971, 52.503581739599369 ], [ 16.970137302980159, 52.503569208805516 ], [ 16.970171039992799, 52.503550359932802 ], [ 16.9702302626613, 52.503541392420139 ], [ 16.97027721046684, 52.503542917530098 ], [ 16.970340885045172, 52.503539692786944 ], [ 16.970378605973657, 52.503536742256919 ], [ 16.970392015238257, 52.503524020471936 ], [ 16.970432765713131, 52.50350969908736 ], [ 16.97047180748935, 52.503478079232664 ], [ 16.970534990587893, 52.503431133442113 ], [ 16.970594127895939, 52.503398419216389 ], [ 16.970633026890027, 52.503395488816764 ], [ 16.970657835368858, 52.503394475320917 ], [ 16.970688747779246, 52.503385741454068 ], [ 16.970714918391632, 52.503377555838725 ], [ 16.970725300375868, 52.503356957005153 ], [ 16.970729824470716, 52.503335538133072 ], [ 16.970728130492652, 52.503321118123345 ], [ 16.970703810579614, 52.503289130773005 ], [ 16.970667296471191, 52.50326269060384 ], [ 16.970656055091208, 52.503253953128095 ], [ 16.970609647630575, 52.503215110908478 ], [ 16.970584480857056, 52.503198309445224 ], [ 16.970577927451526, 52.503190192048898 ], [ 16.970581660779722, 52.503185938812592 ], [ 16.970617650190178, 52.503169377042845 ], [ 16.970661460494224, 52.503162213606721 ], [ 16.970721552001486, 52.503156768551186 ], [ 16.97076634175064, 52.503153939163681 ], [ 16.970802312742759, 52.503140974759923 ], [ 16.970831464701995, 52.503119258802663 ], [ 16.970883201024847, 52.5030936129547 ], [ 16.970914094107783, 52.503059694535992 ], [ 16.970995478865486, 52.503001547958789 ], [ 16.97105251965495, 52.502963131111038 ], [ 16.971121247035232, 52.502926983377762 ], [ 16.97119931462435, 52.502889646645883 ], [ 16.971252133454961, 52.502866087903904 ], [ 16.971296435889276, 52.502848229406347 ], [ 16.971325289413727, 52.502832984138692 ], [ 16.971351270564575, 52.502803298654591 ], [ 16.971354331896151, 52.502762426891465 ], [ 16.971338685409439, 52.502721324240682 ], [ 16.971331526629232, 52.502697546345942 ], [ 16.971312325280827, 52.502679228359426 ], [ 16.971282696551381, 52.502660101935184 ], [ 16.971251492324846, 52.502649583053106 ], [ 16.971218948509247, 52.502642548981981 ], [ 16.971179898533354, 52.502623171006967 ], [ 16.971165372751461, 52.502605742677211 ], [ 16.97115778361059, 52.502591311507508 ], [ 16.971169148834569, 52.502574956840824 ], [ 16.971181356962646, 52.502565902048453 ], [ 16.971218163724178, 52.502557179197311 ], [ 16.971246358986626, 52.502556223666851 ], [ 16.971290036138214, 52.502551935908642 ], [ 16.971310363186635, 52.502545808589609 ], [ 16.971346484239817, 52.502526370669621 ], [ 16.971352640013933, 52.502520719858417 ], [ 16.971378389190182, 52.502496067222772 ], [ 16.971416346388548, 52.502462359763584 ], [ 16.971464878146278, 52.502429463236062 ], [ 16.971521292882741, 52.502404616890303 ], [ 16.971556855055702, 52.502397311687538 ], [ 16.97161360075491, 52.502365275498533 ], [ 16.971663882967185, 52.502332768680063 ], [ 16.971717531911992, 52.502214333641604 ], [ 16.971727406814306, 52.50219192715825 ], [ 16.971727572915835, 52.502140302472284 ], [ 16.97170167355269, 52.502101002821483 ], [ 16.971681292648132, 52.502069892698437 ], [ 16.971639445045959, 52.502034456968232 ], [ 16.971597206088283, 52.50200432117493 ], [ 16.971582798640537, 52.50198752452782 ], [ 16.971580186964921, 52.501967422355641 ], [ 16.97160578500764, 52.501949243007971 ], [ 16.971663085106009, 52.501927559799924 ], [ 16.971708908034142, 52.501902261919305 ], [ 16.971744054664335, 52.501875161980252 ], [ 16.971804966501828, 52.501807039872688 ], [ 16.971823802665714, 52.501756454844369 ], [ 16.971871448941052, 52.501717156987461 ], [ 16.972082872373118, 52.501622743364294 ], [ 16.972128210798004, 52.501575940535439 ], [ 16.972168929159036, 52.501539851701729 ], [ 16.972181988175802, 52.501505897061527 ], [ 16.972170121493004, 52.501472324617076 ], [ 16.97214068762073, 52.501448974399921 ], [ 16.97209163813109, 52.501409907568011 ], [ 16.972033231404971, 52.50136600323588 ], [ 16.971985817627939, 52.501352238509327 ], [ 16.971968459844234, 52.501345105217645 ], [ 16.97195452322909, 52.501327687081748 ], [ 16.971962415439791, 52.501309923644712 ], [ 16.971978078880753, 52.501302636937375 ], [ 16.972003169160377, 52.501292273880281 ], [ 16.972114542942382, 52.501274125858913 ], [ 16.972150248896611, 52.501263674927877 ], [ 16.972181804865567, 52.501240920535615 ], [ 16.972253622051838, 52.501163181313132 ], [ 16.972384917659159, 52.501064425441548 ], [ 16.972453043298561, 52.500964406792519 ], [ 16.972486552626609, 52.500863974665513 ], [ 16.972461318891945, 52.500746165952954 ], [ 16.972454597542644, 52.500738495496158 ], [ 16.972441315384959, 52.500729273487586 ], [ 16.972371760065865, 52.500713060689158 ], [ 16.972348036921709, 52.500706537888561 ], [ 16.972331704410703, 52.500702750130408 ], [ 16.972324541291595, 52.500695072093336 ], [ 16.972325891470252, 52.500678545642735 ], [ 16.972334026656846, 52.500665103631697 ], [ 16.972352372842529, 52.500650757329886 ], [ 16.972369654267009, 52.500646736270731 ], [ 16.972400942519233, 52.500642595526934 ], [ 16.972446926707629, 52.500626564307268 ], [ 16.972471966765077, 52.500601269679734 ], [ 16.972483889446668, 52.500588792012216 ], [ 16.972488542320107, 52.500577359002243 ], [ 16.972492476173798, 52.500555929944994 ], [ 16.972498749731926, 52.500534900764357 ], [ 16.97249577189222, 52.500493925453824 ], [ 16.972491539947818, 52.50047379552786 ], [ 16.972506019661974, 52.50042817255293 ], [ 16.972518027290693, 52.500385025621142 ], [ 16.972533386516798, 52.500355517595388 ], [ 16.972548677916169, 52.500330685464611 ], [ 16.972592623945491, 52.500307693610807 ], [ 16.972622934697959, 52.500286356856932 ], [ 16.972644917492651, 52.500263438267758 ], [ 16.972663036671015, 52.500244410968648 ], [ 16.972671261763207, 52.500222605734706 ], [ 16.972682681730365, 52.500176210750332 ], [ 16.972673601170666, 52.500117322046734 ], [ 16.972626897362705, 52.50008495143971 ], [ 16.972591544631712, 52.500062129484881 ], [ 16.972541339690828, 52.500028979287698 ], [ 16.972535113118127, 52.500013762064086 ], [ 16.972545279981194, 52.4999945984801 ], [ 16.972608011647694, 52.499960505784813 ], [ 16.972615876747163, 52.499930509529442 ], [ 16.972629971359179, 52.499877234743586 ], [ 16.972640944862949, 52.499782892246337 ], [ 16.972650140372544, 52.499685551139834 ], [ 16.972667048496994, 52.499625578809876 ], [ 16.972677172779701, 52.499584917997808 ], [ 16.972684202191388, 52.499557066057335 ], [ 16.972697955323888, 52.499540032623905 ], [ 16.972711224589123, 52.499533514280941 ], [ 16.972727277815519, 52.499530551444153 ], [ 16.972742990117599, 52.499522186154749 ], [ 16.972749916293637, 52.49951259096359 ], [ 16.972744600625163, 52.49949999772145 ], [ 16.972732826094319, 52.499486844067569 ], [ 16.972710459475973, 52.499476477014028 ], [ 16.972668708013096, 52.499464608457643 ], [ 16.972630552901226, 52.499451452373165 ], [ 16.972616207166038, 52.499442931698788 ], [ 16.972615002476395, 52.499430678740232 ], [ 16.972618456410224, 52.499419674892501 ], [ 16.972628195496089, 52.499413006110451 ], [ 16.972655229514501, 52.499398808666051 ], [ 16.972685840776805, 52.499380535125951 ], [ 16.972713869986762, 52.499363926251242 ], [ 16.972732926795203, 52.499334121795791 ], [ 16.972755187315357, 52.499269923896975 ], [ 16.972747964106308, 52.499145048519317 ], [ 16.972742986469729, 52.49910268978239 ], [ 16.972724121534956, 52.499051458465388 ], [ 16.972720046556251, 52.499011903444362 ], [ 16.972742751634925, 52.49898288106062 ], [ 16.972763256258833, 52.498969651011038 ], [ 16.972783765005708, 52.498956331085132 ], [ 16.972790908417384, 52.498929200638358 ], [ 16.972771348763935, 52.498893067924008 ], [ 16.972756893837715, 52.498874111951245 ], [ 16.972737074820898, 52.49886603714782 ], [ 16.972722720074621, 52.49885131023062 ], [ 16.97271637528215, 52.498835461382761 ], [ 16.972726395428431, 52.498822681254126 ], [ 16.972748030960773, 52.498813697932491 ], [ 16.972786868350259, 52.498786391115871 ], [ 16.97281192850323, 52.498751023094009 ], [ 16.972831531694215, 52.498658087670336 ], [ 16.972870098899119, 52.498457275240931 ], [ 16.972887337008085, 52.498390113051165 ], [ 16.972876243137577, 52.498349358425898 ], [ 16.972841697984389, 52.498309011393268 ], [ 16.972807392282512, 52.498289085622531 ], [ 16.972775442743973, 52.498269200221962 ], [ 16.97277633594824, 52.498249787738999 ], [ 16.972802081775118, 52.498225134743393 ], [ 16.972849055262056, 52.498213167791327 ], [ 16.972884220736084, 52.498198390103184 ], [ 16.972896579337636, 52.498179623822189 ], [ 16.972916520080986, 52.498114576641946 ], [ 16.972921204904772, 52.498012750966602 ], [ 16.972924109081724, 52.497847124847937 ], [ 16.972929776447128, 52.497826445025709 ], [ 16.972936276133193, 52.497810096753611 ], [ 16.972962801130468, 52.49779732961575 ], [ 16.972970695753304, 52.497789100159601 ], [ 16.972974809421572, 52.497766954614391 ], [ 16.972970877080957, 52.497753125874937 ], [ 16.972967716643911, 52.497741738837114 ], [ 16.972939836197245, 52.497732716425389 ], [ 16.972884245804323, 52.497717372808346 ], [ 16.972868906730341, 52.497692015704366 ], [ 16.972868816166184, 52.497668359016373 ], [ 16.972888520890304, 52.497650078403701 ], [ 16.972949625901336, 52.497622433594778 ], [ 16.972974108920521, 52.497602795757125 ], [ 16.972987606625455, 52.497463164945493 ], [ 16.972980221663171, 52.49734179457505 ], [ 16.972980631660267, 52.497281629408846 ], [ 16.972992916807922, 52.497245232935178 ], [ 16.973014722288834, 52.497213316891695 ], [ 16.973002598420798, 52.497162920666284 ], [ 16.972961101608306, 52.497119936110927 ], [ 16.972949135540674, 52.497098144612607 ], [ 16.972952545951681, 52.497075267466698 ], [ 16.972991150117785, 52.497052993426244 ], [ 16.973018953488655, 52.497034851575258 ], [ 16.973022004154675, 52.497019793346269 ], [ 16.973033322610615, 52.496927525394874 ], [ 16.973042280533214, 52.496860940829507 ], [ 16.973034940368745, 52.496789849631938 ], [ 16.973027023946866, 52.496734488669404 ], [ 16.973027140305511, 52.496680704454263 ], [ 16.973042679748268, 52.496647241932074 ], [ 16.973052711688958, 52.496634192147404 ], [ 16.9730732192434, 52.496620872154494 ], [ 16.973103897435294, 52.496620318528528 ], [ 16.973134899071812, 52.496619140832514 ], [ 16.973148715652364, 52.496603907303943 ], [ 16.973154711294065, 52.496588899534146 ], [ 16.973127592230593, 52.496563340603927 ], [ 16.97308337475485, 52.496547472400046 ], [ 16.973028890354829, 52.496540152761412 ], [ 16.973008211071225, 52.496528375568424 ], [ 16.973012997872722, 52.496501204718051 ], [ 16.973027960987213, 52.496483472432928 ], [ 16.973061923766512, 52.496465975783579 ], [ 16.973075282293209, 52.496425460291654 ], [ 16.973072695797338, 52.496327917218537 ], [ 16.973072842961223, 52.49628627590068 ], [ 16.973073351208122, 52.496150290038997 ], [ 16.973095721136588, 52.49597474388036 ], [ 16.973095918851339, 52.495938410093359 ], [ 16.973086039333143, 52.495916114697067 ], [ 16.973072678592036, 52.49588620439107 ], [ 16.973088232659325, 52.495855620303878 ], [ 16.973127877919428, 52.49575943050241 ], [ 16.973138786052797, 52.495727327701402 ], [ 16.973164644344241, 52.495703396104552 ], [ 16.9731755002684, 52.49566922370493 ], [ 16.973165252446581, 52.495638917031251 ], [ 16.973181647130161, 52.495586850837995 ], [ 16.973176170939176, 52.495526494852733 ], [ 16.973184499942832, 52.495473570902703 ], [ 16.97319015067864, 52.495401982753052 ], [ 16.973196057518496, 52.495350456393453 ], [ 16.973208904115072, 52.495301837195107 ], [ 16.973218080307078, 52.49525612323891 ], [ 16.973225288931701, 52.495227554778324 ], [ 16.973237711093255, 52.495210588419546 ], [ 16.973268967026037, 52.495197452565591 ], [ 16.973304002343117, 52.495175836826945 ], [ 16.97335645117553, 52.495134462036233 ], [ 16.973386323982627, 52.495096927762418 ], [ 16.973408416345645, 52.495077968426301 ], [ 16.973427158171422, 52.495051756199963 ], [ 16.973427497147483, 52.495018752739512 ], [ 16.973432415769746, 52.494988705935206 ], [ 16.973441517227823, 52.494970243565021 ], [ 16.973473088610149, 52.494947039389707 ], [ 16.973486688572397, 52.494930093184351 ], [ 16.973494866725613, 52.4948836425595 ], [ 16.973518882429342, 52.494845288356743 ], [ 16.97352504918204, 52.494788099991368 ], [ 16.973514040785542, 52.494748696018917 ], [ 16.973497371433499, 52.494726644099529 ], [ 16.973465857590842, 52.494706946210691 ], [ 16.973412310556185, 52.494685701546196 ], [ 16.973370840343808, 52.494667811801946 ], [ 16.973363156703655, 52.494655447833978 ], [ 16.973355468934248, 52.494643173738197 ], [ 16.973360809100729, 52.494629593821351 ], [ 16.97338492649892, 52.494617864667823 ], [ 16.973452239169852, 52.494608944285773 ], [ 16.973510310944636, 52.494576660118696 ], [ 16.973540866772201, 52.494546692763471 ], [ 16.973571700517375, 52.49451708993584 ], [ 16.973607131901396, 52.494486846318054 ], [ 16.973617584642938, 52.49443899555461 ], [ 16.973605709635947, 52.494338325207401 ], [ 16.973600228839413, 52.494278059098164 ], [ 16.973604779182523, 52.494179109240257 ], [ 16.973589728561169, 52.494125065169619 ], [ 16.973602873518463, 52.49409237103977 ], [ 16.973628149384272, 52.494077873435799 ], [ 16.973665124835314, 52.494094157053468 ], [ 16.973685622866551, 52.494106650585699 ], [ 16.973705846480424, 52.494102679749339 ], [ 16.973732271345629, 52.494088831411467 ], [ 16.973737937801541, 52.494068151529397 ], [ 16.973707631659003, 52.494038220828109 ], [ 16.973662925625451, 52.494013799814766 ], [ 16.973628097967605, 52.494005288133877 ], [ 16.973599178157816, 52.493993279914712 ], [ 16.973580783930714, 52.493960675060336 ], [ 16.973586450439416, 52.493939995185649 ], [ 16.973583123161461, 52.493909807102412 ], [ 16.97359238963714, 52.493887749805836 ], [ 16.973617934021327, 52.493867410475673 ], [ 16.973646322054609, 52.493862140424547 ], [ 16.97368031573426, 52.49386955849166 ], [ 16.973701611271306, 52.493864706584823 ], [ 16.973732368046292, 52.493849583304836 ], [ 16.973759974204384, 52.493819655307526 ], [ 16.973806551249695, 52.493761720071312 ], [ 16.9738176366975, 52.493741762617958 ], [ 16.973817975344442, 52.493708759146436 ], [ 16.973828254307396, 52.493690316916741 ], [ 16.973857621132577, 52.493673370924583 ], [ 16.97390401743365, 52.493651409963384 ], [ 16.973979685082831, 52.493588936124183 ], [ 16.973992715394793, 52.493555520439614 ], [ 16.974009275769561, 52.493512631205107 ], [ 16.974040049151693, 52.493452266539506 ], [ 16.974079781306212, 52.493379733049139 ], [ 16.974041303868372, 52.493322409582923 ], [ 16.973992436497682, 52.49331158882692 ], [ 16.973916503800048, 52.493277278899335 ], [ 16.973869475601237, 52.493252098631274 ], [ 16.973825882077243, 52.493229135825189 ], [ 16.973823009451699, 52.493214695652114 ], [ 16.973828378215735, 52.493200486598688 ], [ 16.973846675292286, 52.493187128611908 ], [ 16.973879935738871, 52.493178434173963 ], [ 16.9739157545079, 52.493165376316369 ], [ 16.973978859855727, 52.493148558493075 ], [ 16.974009933796925, 52.493136138881944 ], [ 16.97402086158608, 52.493129220520402 ], [ 16.974072224736506, 52.493111392029299 ], [ 16.974084844280465, 52.493090111674135 ], [ 16.974090088612531, 52.493052964878615 ], [ 16.974078894171253, 52.493017605221283 ], [ 16.974070755741621, 52.492989493388542 ], [ 16.974060030090815, 52.492966374078286 ], [ 16.97406294786515, 52.49295419173454 ], [ 16.974086069525157, 52.492935249905322 ], [ 16.974116204630043, 52.492927221419642 ], [ 16.974173096539069, 52.492910926677467 ], [ 16.974186893897976, 52.492889666484267 ], [ 16.974201690018504, 52.492875528933972 ], [ 16.974294210342951, 52.492805428503026 ], [ 16.974314426012985, 52.492772765445054 ], [ 16.974321038581216, 52.492757138574838 ], [ 16.974318165819657, 52.492742698411369 ], [ 16.974295642894177, 52.492722974821994 ], [ 16.974280957906, 52.492709051906083 ], [ 16.974279258947266, 52.492694721787949 ], [ 16.974260930831573, 52.492660679068599 ], [ 16.974212031082409, 52.492650577391238 ], [ 16.974167681893448, 52.492644061430255 ], [ 16.974126899520815, 52.492636886995626 ], [ 16.974106353954902, 52.49262223407429 ], [ 16.974100927120084, 52.492612067448455 ], [ 16.974095746687254, 52.492599746397886 ], [ 16.974094977807116, 52.492590828818756 ], [ 16.974125088247359, 52.492573715612785 ], [ 16.974162700390742, 52.492572920719965 ], [ 16.974201618522976, 52.492569359933469 ], [ 16.974230384246987, 52.492559059378387 ], [ 16.974243755933657, 52.492547056071757 ], [ 16.974260771412297, 52.492535924661105 ], [ 16.974287034034095, 52.492525581222885 ], [ 16.974320155559042, 52.492497456482404 ], [ 16.974342271925366, 52.492449085852741 ], [ 16.974348136158305, 52.492424092037446 ], [ 16.974353537699351, 52.492409163973434 ], [ 16.974381621459393, 52.492333552698774 ], [ 16.974407286440488, 52.492288121021907 ], [ 16.974426848502684, 52.492244023922495 ], [ 16.974445735714188, 52.492217814026091 ], [ 16.974473601484089, 52.492198233817653 ], [ 16.974501321181819, 52.492185037092156 ], [ 16.974571220496717, 52.492145399704611 ], [ 16.974603957151253, 52.492135257002218 ], [ 16.974621511060604, 52.492099580176394 ], [ 16.974616807010356, 52.492073685832281 ], [ 16.974616252818482, 52.492060094869053 ], [ 16.974632226418144, 52.492045977428788 ], [ 16.974652610087958, 52.492038501379447 ], [ 16.974674028544538, 52.49203095310191 ], [ 16.974688625956652, 52.492021129379026 ], [ 16.974698507630631, 52.492011314850693 ], [ 16.974711523055582, 52.491981406629023 ], [ 16.974713493976168, 52.491964171218484 ], [ 16.974715163382392, 52.49195349652301 ], [ 16.974713204095039, 52.491944828395326 ], [ 16.974710086339726, 52.491929304722788 ], [ 16.974700974384742, 52.491919164967477 ], [ 16.974685810405905, 52.491915667347435 ], [ 16.974669413379576, 52.49191655584486 ], [ 16.974653210482934, 52.491913220318061 ], [ 16.974644110935724, 52.49190281094009 ], [ 16.974645183146563, 52.491892305906454 ], [ 16.974811135379678, 52.491667140600512 ], [ 16.975132394575116, 52.491166168738289 ], [ 16.975274992332253, 52.490894371996625 ], [ 16.975377889377206, 52.490582230415392 ], [ 16.975455551825632, 52.490049564949139 ], [ 16.975427997958743, 52.489786548088063 ], [ 16.975325651244486, 52.489438873247074 ], [ 16.975242797568587, 52.489260266110705 ], [ 16.975218820824182, 52.48918241424844 ], [ 16.975100644010393, 52.488829791096933 ], [ 16.975318406761438, 52.48959336220971 ], [ 16.97526252373995, 52.489773821737252 ], [ 16.975087454833282, 52.490338728278182 ], [ 16.974680039147803, 52.490851716322297 ], [ 16.974348747535657, 52.491561274151344 ], [ 16.973972516293355, 52.492244877096496 ], [ 16.9738292822224, 52.492555876781857 ], [ 16.973755663288273, 52.492718043058709 ], [ 16.97350943327892, 52.493262750085471 ], [ 16.973267446961238, 52.493916900642894 ], [ 16.972988945213839, 52.49464390879028 ], [ 16.972820576138595, 52.495190218467968 ], [ 16.972635697814852, 52.496098447440211 ], [ 16.972571806640119, 52.496490945125238 ], [ 16.972538815530655, 52.497099027305744 ], [ 16.972489411276534, 52.497660237369729 ], [ 16.972443135977542, 52.498211067564675 ], [ 16.972353575174573, 52.498837787566472 ], [ 16.97221146209986, 52.49938625519642 ], [ 16.972116721994603, 52.499962068105518 ], [ 16.971896770753194, 52.500574859598899 ], [ 16.971616942814119, 52.501197956823148 ], [ 16.971184881143738, 52.501874926995036 ], [ 16.970769697833081, 52.502521154664414 ], [ 16.970756696528056, 52.502544226986096 ], [ 16.970244405850256, 52.503173676469409 ], [ 16.970039464088678, 52.503354273972228 ], [ 16.969813781030126, 52.503553133451859 ], [ 16.969791962147561, 52.503562832651617 ], [ 16.969202722145617, 52.50382425759139 ], [ 16.969050352170811, 52.503989745993415 ], [ 16.969048501973059, 52.503991513096807 ], [ 16.968552766803974, 52.504436855562119 ], [ 16.968362512842003, 52.504610880148192 ], [ 16.968254220840929, 52.504710013332328 ], [ 16.968146271459709, 52.504954064614033 ], [ 16.968130953876841, 52.50500174137445 ], [ 16.968082984803171, 52.505150133616318 ], [ 16.968043319625178, 52.505313419200668 ], [ 16.968025327854793, 52.505425449521319 ], [ 16.968033796977938, 52.505471915872938 ], [ 16.968181576696363, 52.506131491054354 ], [ 16.968372553958108, 52.506605624947397 ], [ 16.968722893737159, 52.50707943692376 ], [ 16.96928409809237, 52.507583760791093 ], [ 16.969659020100895, 52.507972365672558 ], [ 16.969902958429479, 52.508241435403576 ], [ 16.970174861383473, 52.508524296054716 ], [ 16.970363871859526, 52.508920231804453 ], [ 16.970469795790365, 52.509327873539043 ], [ 16.970199059781663, 52.510340487889543 ], [ 16.969578838191463, 52.511310316979461 ], [ 16.969177880893664, 52.511990781689811 ], [ 16.968474667018473, 52.513087259693727 ], [ 16.967631674542016, 52.514132223328957 ], [ 16.9657120929242, 52.515295387692092 ], [ 16.964266853023613, 52.51592927289667 ], [ 16.963889983498444, 52.516143508404852 ], [ 16.962465401901866, 52.517161335922026 ], [ 16.962458544486342, 52.517401906280561 ], [ 16.96237140379295, 52.518026411306629 ], [ 16.962011665698284, 52.518930621688099 ], [ 16.961781341360403, 52.519513804136942 ], [ 16.961223596497415, 52.520474413069358 ], [ 16.961027060817315, 52.520802017655818 ], [ 16.960446548654549, 52.521642246186779 ], [ 16.959727521099438, 52.522438619472645 ], [ 16.959459550227173, 52.522700410287797 ], [ 16.959130781943582, 52.523001266522741 ], [ 16.958203486592446, 52.52368016973729 ], [ 16.957548921706525, 52.524010476734922 ], [ 16.957176101296131, 52.524284573539909 ], [ 16.956701278534549, 52.52485309113208 ], [ 16.956570926597092, 52.525123719926029 ], [ 16.956576236695597, 52.525132454305876 ], [ 16.956578557564985, 52.525155519887065 ], [ 16.956568172144429, 52.525166403553783 ], [ 16.956550492171139, 52.525166144317836 ], [ 16.956530578255492, 52.525207487981213 ], [ 16.956500161192015, 52.525504932922516 ], [ 16.95650129184714, 52.525504784593664 ], [ 16.95651633515654, 52.525507922599395 ], [ 16.956532793299345, 52.525521878240625 ], [ 16.956540470070696, 52.525547105020756 ], [ 16.956537155937774, 52.525554962796427 ], [ 16.956516130831574, 52.525563144285137 ], [ 16.95649386328521, 52.525566518851278 ], [ 16.956483853437835, 52.525664402675559 ], [ 16.956583495040473, 52.525989379969033 ], [ 16.956890303454522, 52.526305432570666 ], [ 16.957314738388476, 52.52670536355798 ], [ 16.957719118625306, 52.527064112521494 ], [ 16.957975195796209, 52.5273932276842 ], [ 16.958664757592782, 52.528226668549266 ], [ 16.959124856468147, 52.52869466542095 ], [ 16.959862973495945, 52.529292835316824 ], [ 16.960243548018912, 52.529781132702418 ], [ 16.96046904621798, 52.53036983074027 ], [ 16.960695608008262, 52.531101196519693 ], [ 16.960772426207836, 52.531362636218752 ], [ 16.960970771732306, 52.532203425584491 ], [ 16.961100117860269, 52.533104276834422 ], [ 16.961153219499224, 52.53391270163597 ], [ 16.961121705366075, 52.535159400411324 ], [ 16.960276558983896, 52.53617396446149 ], [ 16.959721873145366, 52.536948615969067 ], [ 16.959275172438716, 52.538399970654744 ], [ 16.959050244666383, 52.539118064896591 ], [ 16.958807965940526, 52.539650396670595 ], [ 16.957950447042588, 52.540988796060773 ], [ 16.957295034311553, 52.541855868561903 ], [ 16.957142134631585, 52.542120989763795 ], [ 16.956952505782876, 52.542328812490055 ], [ 16.956725241322708, 52.542660826124404 ], [ 16.956518919987445, 52.542926193366867 ], [ 16.95632616692345, 52.543236046593393 ], [ 16.956246931970274, 52.54345225056786 ], [ 16.956159495177499, 52.543708427458043 ], [ 16.956145373370894, 52.543952019319228 ], [ 16.956164253443681, 52.544034643344524 ], [ 16.956238049053329, 52.544094290937487 ], [ 16.956350035722203, 52.544246429939747 ], [ 16.956546516795136, 52.544497885988243 ], [ 16.956660942788272, 52.544584858054193 ], [ 16.956947854689925, 52.544798389813266 ], [ 16.957454438264566, 52.545171328017403 ], [ 16.956913215236629, 52.544407079009794 ] ] ] ] } },
{ "type": "Feature", "properties": { "gml_id": "OT_ADJA_A.20", "lokalnyId": "322BD60C-5C60-598B-E053-CC2BA8C05138", "przestrzen": "PL.PZGiK.308.BDOT10k", "wersjaId": "2022-01-20T00:00:00", "czyObiektB": 0, "x_kod": "ADJA05", "x_skrKarto": null, "x_katDoklG": "Dok", "x_doklGeom": 1, "x_doklGe_1": "m", "x_zrodloDa": "PRG", "x_zrodlo_1": "PRG", "x_katIstni": null, "x_rodzajRe": "ZP", "x_aktualno": "2022-01-20", "x_aktual_1": "2022-01-20", "poczatekWe": "2022-01-20T00:00:00", "x_dataUtwo": "2012-11-13", "x_kodKarto": "0010_505", "x_kodKar_1": "0025_505", "x_kodKar_2": "0050_505", "x_kodKar_3": "0100_505", "x_kodKar_4": null, "x_kodKar_5": null, "x_kodKar_6": null, "nazwa": "Czerwonak", "idPRG": 1030210420, "idTerytJed": 3021, "idTerytTer": 3021042, "rodzaj": "GW", "PRG|BT_Ref": 1030210420, "PRG|BT_R_1": "PL.PZGiK.200", "x_informDo": null }, "geometry": { "type": "MultiPolygon", "coordinates": [ [ [ [ 16.974293113688315, 52.487998286228176 ], [ 16.974259069532209, 52.487985650706804 ], [ 16.97417426597686, 52.487936168339964 ], [ 16.973690702918557, 52.487654006590894 ], [ 16.973529210928849, 52.487583692121547 ], [ 16.973280437763876, 52.487476174223438 ], [ 16.973173835564094, 52.487416963447792 ], [ 16.973094413286429, 52.487381873537714 ], [ 16.973045197404247, 52.487353147580073 ], [ 16.972986128149234, 52.487311210907926 ], [ 16.972928903603155, 52.487277220859774 ], [ 16.972872080319082, 52.487208879196579 ], [ 16.972851788214001, 52.487191981778182 ], [ 16.972816710068042, 52.487163408089231 ], [ 16.972756345228699, 52.487120819486513 ], [ 16.972689259542435, 52.487073798357613 ], [ 16.972612070171763, 52.487015810762919 ], [ 16.972577890578581, 52.48699013059889 ], [ 16.972551610649766, 52.486975289132403 ], [ 16.972529109541746, 52.486951967792002 ], [ 16.972489779627963, 52.48691333737461 ], [ 16.972465954518064, 52.486896379322808 ], [ 16.972447635366105, 52.486884642440913 ], [ 16.972425702777766, 52.486877790510817 ], [ 16.972399323744533, 52.486865105957676 ], [ 16.972384604054717, 52.486851991673944 ], [ 16.972370314343692, 52.486829530621584 ], [ 16.972360442146929, 52.486813531297514 ], [ 16.972357614224837, 52.486801340425984 ], [ 16.972349577161292, 52.486771071523478 ], [ 16.972251140702184, 52.486662530878043 ], [ 16.972159237218904, 52.486591338823189 ], [ 16.97202811312696, 52.486453545515644 ], [ 16.9719834577127, 52.486402591271293 ], [ 16.971946550416085, 52.486362563105025 ], [ 16.971918180229395, 52.486341929256753 ], [ 16.971904870172569, 52.486323802237244 ], [ 16.971898328866526, 52.486312267226594 ], [ 16.971895405990992, 52.486302143417703 ], [ 16.971897113043902, 52.486290659902444 ], [ 16.971902565875364, 52.486271415520584 ], [ 16.97190590967551, 52.486249976326242 ], [ 16.971888144202321, 52.48620380042977 ], [ 16.971879029063071, 52.48617135435542 ], [ 16.971861206597659, 52.486148832657037 ], [ 16.971824270672009, 52.48610943356347 ], [ 16.971770184850453, 52.486036101434074 ], [ 16.971718089167773, 52.485941936478845 ], [ 16.971683944153209, 52.485867507173339 ], [ 16.971674961566581, 52.485832185156227 ], [ 16.971661751013631, 52.485811901164816 ], [ 16.971639067321771, 52.485795772004984 ], [ 16.971624253088315, 52.485784724703159 ], [ 16.971611974627287, 52.485773001338849 ], [ 16.971609429869901, 52.485751461161229 ], [ 16.971616325168618, 52.485726485134776 ], [ 16.971617436944836, 52.485679913385376 ], [ 16.971593678446926, 52.485607101275754 ], [ 16.971572682276431, 52.485554304028526 ], [ 16.97156301426897, 52.485508266948855 ], [ 16.97153851396126, 52.485454779990661 ], [ 16.971536825367995, 52.485414636155085 ], [ 16.971532710039217, 52.485401613686044 ], [ 16.971535822336065, 52.485385207373447 ], [ 16.97154814714326, 52.485370308216908 ], [ 16.97155665174099, 52.485364787625237 ], [ 16.971569739010061, 52.485362133881793 ], [ 16.971583057877442, 52.485354447263603 ], [ 16.971588198871196, 52.485345181292239 ], [ 16.971592010792342, 52.485335982470303 ], [ 16.971591362441064, 52.485324458561578 ], [ 16.971586278635094, 52.485310070329589 ], [ 16.971586708747555, 52.485300723564833 ], [ 16.971596773196964, 52.485283716933004 ], [ 16.971604170359658, 52.485276648302829 ], [ 16.971613142259077, 52.485260972087147 ], [ 16.971608890444589, 52.485250915420792 ], [ 16.971574500192304, 52.485233056432449 ], [ 16.971550771452645, 52.485214031131513 ], [ 16.971510960700936, 52.485208311497836 ], [ 16.971472309453933, 52.485206209484545 ], [ 16.971458551551159, 52.485201026615343 ], [ 16.971445672156928, 52.485173552782072 ], [ 16.971455136267529, 52.485147181723271 ], [ 16.971471192699138, 52.485128029281228 ], [ 16.971491090770233, 52.485105434922659 ], [ 16.971505232602656, 52.48507986363775 ], [ 16.971523058117551, 52.485047879585515 ], [ 16.97152402274186, 52.485001305307918 ], [ 16.97150861355707, 52.48495516975202 ], [ 16.971497639812434, 52.484911898520565 ], [ 16.971496414475098, 52.484861688934679 ], [ 16.971503673949311, 52.484780774192458 ], [ 16.971513435709578, 52.48474793228872 ], [ 16.971518737937938, 52.484735161281918 ], [ 16.971534430244262, 52.484723917629665 ], [ 16.971544377104451, 52.484712665380073 ], [ 16.971556782756714, 52.484699206707845 ], [ 16.971544035781136, 52.484668856956077 ], [ 16.971503200160353, 52.484637395846946 ], [ 16.971460731954096, 52.484615800526385 ], [ 16.971435428843012, 52.484605382788089 ], [ 16.971404027992989, 52.484596209611048 ], [ 16.97139178300154, 52.48458376724367 ], [ 16.971390118312677, 52.484568718096256 ], [ 16.971397941389942, 52.484552392585208 ], [ 16.971412687574389, 52.484536095875015 ], [ 16.971428953045194, 52.484515597868636 ], [ 16.971458290651103, 52.484489567673052 ], [ 16.971490726377223, 52.484450638717355 ], [ 16.97149844484041, 52.484359748094619 ], [ 16.971500293511824, 52.484319574976276 ], [ 16.971481005769263, 52.484277690184769 ], [ 16.971476148120473, 52.48422957694266 ], [ 16.971465723957298, 52.484151956641028 ], [ 16.971463576377623, 52.484121788672439 ], [ 16.971473124625668, 52.484090382206496 ], [ 16.971493485411475, 52.484057722090917 ], [ 16.971509003086634, 52.484027857104607 ], [ 16.971509429059914, 52.484018600211016 ], [ 16.971507536885451, 52.484008494065144 ], [ 16.971493447019807, 52.483981719018352 ], [ 16.971477782459271, 52.483963551555156 ], [ 16.971441563131567, 52.483934238297614 ], [ 16.971415616253267, 52.483912206773731 ], [ 16.971414963823126, 52.483900772734842 ], [ 16.97142295219869, 52.483880852309092 ], [ 16.971442210346666, 52.483868950281298 ], [ 16.971469405525973, 52.483841444237989 ], [ 16.971486866601943, 52.483817368982507 ], [ 16.971493809591568, 52.483794552424136 ], [ 16.9715000473395, 52.48373583623767 ], [ 16.971501673622246, 52.483674882309181 ], [ 16.971489575568715, 52.483608026536039 ], [ 16.971501445937538, 52.483577379443602 ], [ 16.97150424063204, 52.483542259393083 ], [ 16.971509882797537, 52.483496484880867 ], [ 16.971509792785188, 52.483472828145985 ], [ 16.971526653323455, 52.483439388440445 ], [ 16.971531108553933, 52.483419407409308 ], [ 16.971537625494729, 52.483405847740769 ], [ 16.971540572208482, 52.483393036331975 ], [ 16.971541101552948, 52.483381532618075 ], [ 16.971538093759953, 52.48337005818216 ], [ 16.971528189523653, 52.483354777772803 ], [ 16.971508013006328, 52.483332215627676 ], [ 16.971489975116288, 52.483317605204718 ], [ 16.971474963226644, 52.483310871781256 ], [ 16.971473430885695, 52.483292946703749 ], [ 16.971473695565773, 52.483287194846959 ], [ 16.971482468578124, 52.483275832525216 ], [ 16.971502852806903, 52.483268267099859 ], [ 16.971525639518479, 52.483256515522882 ], [ 16.971547892018187, 52.483233961535895 ], [ 16.971563550688895, 52.483223436853734 ], [ 16.971574026525147, 52.483200680881019 ], [ 16.971571878899965, 52.483170512909538 ], [ 16.971570875855008, 52.483141084117953 ], [ 16.971570587306132, 52.483121741274445 ], [ 16.971561922803406, 52.483105132974053 ], [ 16.971566315948934, 52.483086500031582 ], [ 16.971583095422734, 52.483003589893571 ], [ 16.971603043887928, 52.482928649148235 ], [ 16.971622220651199, 52.48286727666266 ], [ 16.971630515631155, 52.482815071692166 ], [ 16.971653921565029, 52.482767443175334 ], [ 16.971662174264043, 52.482741770868664 ], [ 16.971677927837753, 52.482729179094513 ], [ 16.971677544131833, 52.482711903323533 ], [ 16.971657415784936, 52.482691500675159 ], [ 16.97163040517594, 52.482663784493568 ], [ 16.971629170522398, 52.482639388575585 ], [ 16.971658852425616, 52.482609046939743 ], [ 16.971689928614964, 52.482570814162735 ], [ 16.971749864413592, 52.482366410626064 ], [ 16.971771807821746, 52.482299329163624 ], [ 16.971803904983627, 52.482238897771047 ], [ 16.971845527262225, 52.482150747164781 ], [ 16.971870089662577, 52.482135608114049 ], [ 16.971880084601089, 52.482116891333533 ], [ 16.971870720454863, 52.482077065578892 ], [ 16.971852761455047, 52.482044737648465 ], [ 16.97181075449463, 52.482013166587173 ], [ 16.97181812701951, 52.481981003227283 ], [ 16.971952639845917, 52.481827077684208 ], [ 16.971958985081869, 52.4817884207528 ], [ 16.971963801072764, 52.481725362852622 ], [ 16.972036900593935, 52.481619043646461 ], [ 16.972064460648959, 52.481529122791208 ], [ 16.972064039581777, 52.481512655872145 ], [ 16.972063920308091, 52.481489628236979 ], [ 16.972066019840863, 52.48146960678995 ], [ 16.972075548872311, 52.481441797688966 ], [ 16.972090635240999, 52.481421279374374 ], [ 16.972108142232447, 52.481408987441078 ], [ 16.972125792281958, 52.481396787901886 ], [ 16.972128331764054, 52.481380011970877 ], [ 16.972130875378049, 52.48136314616692 ], [ 16.972102687646391, 52.48133540990073 ], [ 16.97206159419467, 52.481309610982997 ], [ 16.972051217919013, 52.481282180115379 ], [ 16.972079847236106, 52.481220250083673 ], [ 16.97211822628147, 52.481138519714804 ], [ 16.972175592104879, 52.481028332894638 ], [ 16.972189824719916, 52.480923882441694 ], [ 16.972203805625533, 52.480799280277232 ], [ 16.972233274548987, 52.480667838108538 ], [ 16.972252724710728, 52.480603681945375 ], [ 16.972280283635889, 52.480513761014386 ], [ 16.972301960695965, 52.480452431278756 ], [ 16.972398770945546, 52.48039104051194 ], [ 16.972421866300113, 52.480346914321196 ], [ 16.972430775245929, 52.48030695215698 ], [ 16.972370183209698, 52.480247090155089 ], [ 16.972385569036195, 52.48016559509243 ], [ 16.972415563618704, 52.480077154985437 ], [ 16.972496304860844, 52.479996780356039 ], [ 16.972513708501008, 52.479935467262877 ], [ 16.972533807731658, 52.479863587018421 ], [ 16.972496224277396, 52.479803130132254 ], [ 16.972509004982964, 52.479730224987684 ], [ 16.972518063144243, 52.479635759472963 ], [ 16.972525361270836, 52.479528311886419 ], [ 16.97255825853685, 52.479322275099911 ], [ 16.972597900956718, 52.479277083383899 ], [ 16.972666973736789, 52.479258210010968 ], [ 16.972696207856394, 52.479234336393091 ], [ 16.97269039467065, 52.47920698379265 ], [ 16.972657653395128, 52.479153355734134 ], [ 16.972690102123725, 52.479110828926956 ], [ 16.972694234213588, 52.479072223953629 ], [ 16.97271445747667, 52.479029667457787 ], [ 16.97275370886895, 52.479005785652674 ], [ 16.97280184970273, 52.478980796997647 ], [ 16.97282666931476, 52.47895360970427 ], [ 16.972832993643436, 52.478921788083127 ], [ 16.972789777285037, 52.478884530153657 ], [ 16.972707671436595, 52.478850473154161 ], [ 16.97268150879783, 52.478839591199822 ], [ 16.972666905771071, 52.478827198467116 ], [ 16.972673700102565, 52.478804379283957 ], [ 16.972681724118107, 52.478783649885827 ], [ 16.97273543177759, 52.478535066605666 ], [ 16.972740621636326, 52.478473454162199 ], [ 16.972794525748768, 52.478425628650434 ], [ 16.972804604759396, 52.478382628420874 ], [ 16.972775392397338, 52.478329150818517 ], [ 16.97274192435691, 52.478291340413662 ], [ 16.972747312517889, 52.478225414067438 ], [ 16.972758460365476, 52.478136740739409 ], [ 16.972755234369853, 52.478001859763999 ], [ 16.972718346485692, 52.47783339240231 ], [ 16.972704136900067, 52.477735559850494 ], [ 16.972701551199947, 52.47763801649802 ], [ 16.97267493964161, 52.477601672757302 ], [ 16.97266817091813, 52.477547050809555 ], [ 16.972649757203165, 52.477434935062711 ], [ 16.972643411822631, 52.477342274159383 ], [ 16.972616080555142, 52.477247904339585 ], [ 16.972588055878553, 52.477091731259577 ], [ 16.972574829190808, 52.477033400839964 ], [ 16.972578149483521, 52.476974004933027 ], [ 16.972592108312089, 52.476939525939898 ], [ 16.972600567109701, 52.476890111936257 ], [ 16.972609016419224, 52.476860125622409 ], [ 16.972623401412235, 52.476806765740434 ], [ 16.972621255055969, 52.476747725834933 ], [ 16.972595975675993, 52.476688829019267 ], [ 16.972599633710587, 52.476506755597796 ], [ 16.972613978841959, 52.476451056493509 ], [ 16.972611777206271, 52.476396422881628 ], [ 16.972551695884651, 52.476322358541026 ], [ 16.972540366834195, 52.476213152464979 ], [ 16.972511798043865, 52.476017574633588 ], [ 16.972489385605606, 52.475941187898776 ], [ 16.972458489994697, 52.475847476456629 ], [ 16.972425966911693, 52.475737906995725 ], [ 16.972420386988745, 52.475602985596943 ], [ 16.972390868367629, 52.475120560681951 ], [ 16.972376910161113, 52.474863531834274 ], [ 16.972377689044741, 52.474692831862988 ], [ 16.972363822162198, 52.474533123753837 ], [ 16.972356662274599, 52.4744357717451 ], [ 16.972400056729779, 52.474308885507021 ], [ 16.97244063739555, 52.474191934772342 ], [ 16.972461402330595, 52.474099109003383 ], [ 16.972493335504666, 52.474016458467069 ], [ 16.972524709603256, 52.473897910758488 ], [ 16.972567049350477, 52.473793942044608 ], [ 16.972633562234471, 52.473724836205271 ], [ 16.972756958594235, 52.473546164520613 ], [ 16.972814711093108, 52.473440121390006 ], [ 16.972872316133017, 52.473334075703796 ], [ 16.972935608055607, 52.473261316733705 ], [ 16.972993929430984, 52.473203762980752 ], [ 16.97303699926821, 52.47315116452927 ], [ 16.973143150638997, 52.473036776522072 ], [ 16.973214558863603, 52.472950844828368 ], [ 16.97323975473288, 52.472915389067538 ], [ 16.973280890307777, 52.472888841083396 ], [ 16.97335634534096, 52.472881499604682 ], [ 16.973404346895137, 52.472859386545757 ], [ 16.973417757407333, 52.472830384623457 ], [ 16.973389977002885, 52.472806703048093 ], [ 16.973368436829226, 52.472788255203952 ], [ 16.97337303016376, 52.472739584376718 ], [ 16.973394909503181, 52.472705780679462 ], [ 16.973441106091105, 52.47268768414601 ], [ 16.97357881704735, 52.472588407475676 ], [ 16.973720125765002, 52.472442871232062 ], [ 16.973849801373454, 52.472300463430635 ], [ 16.973919029837415, 52.472255508349981 ], [ 16.973945196503074, 52.472195694302215 ], [ 16.973991365168033, 52.472165364721327 ], [ 16.974125935053404, 52.472099132933749 ], [ 16.974215268421862, 52.472017285362149 ], [ 16.974258635321064, 52.471970987629824 ], [ 16.974325245955857, 52.471899633936943 ], [ 16.974437086917494, 52.471763845680009 ], [ 16.974481811497871, 52.471761733531608 ], [ 16.974508802342019, 52.471786570600578 ], [ 16.974525799152939, 52.471826976654889 ], [ 16.974557823035521, 52.471832022335263 ], [ 16.974640333524615, 52.471812118814967 ], [ 16.974689233152251, 52.471760788888282 ], [ 16.974687693289862, 52.471710933648666 ], [ 16.97463144464146, 52.471675341937917 ], [ 16.974555416155418, 52.471643908613423 ], [ 16.974533577877359, 52.471606297841014 ], [ 16.974564534697485, 52.471583262776583 ], [ 16.974615076225309, 52.471544283303089 ], [ 16.974706063883215, 52.471432782244463 ], [ 16.974859559683551, 52.471259031140484 ], [ 16.974920336698123, 52.471163921996869 ], [ 16.974938917063589, 52.471153806691966 ], [ 16.974961304492176, 52.471150592306174 ], [ 16.974999177563323, 52.471146923539315 ], [ 16.97508785106297, 52.471146732998626 ], [ 16.975123266293895, 52.471135646714359 ], [ 16.975136587076165, 52.471121393848961 ], [ 16.97513860757395, 52.471099841931711 ], [ 16.975139490595708, 52.471090233064075 ], [ 16.975121626929223, 52.471078324439347 ], [ 16.975103763272372, 52.471066415811997 ], [ 16.975024310748772, 52.471032585612726 ], [ 16.974983059931912, 52.471010382673448 ], [ 16.974966155070113, 52.470984009489655 ], [ 16.974981049400835, 52.470951524993502 ], [ 16.975042925928186, 52.470883777533736 ], [ 16.975126969480961, 52.470791944888241 ], [ 16.975186372620303, 52.470675405458195 ], [ 16.975195465302704, 52.470615298791508 ], [ 16.97523256210107, 52.470522662231438 ], [ 16.975281045552208, 52.470454685333827 ], [ 16.975319232932982, 52.470440948142901 ], [ 16.975386120509981, 52.470469346292901 ], [ 16.975421949095516, 52.470455658628737 ], [ 16.975437113891481, 52.470430104380057 ], [ 16.975401298838083, 52.470392164532562 ], [ 16.975335874671963, 52.470335099368725 ], [ 16.975351563449564, 52.470298131237278 ], [ 16.97539316706942, 52.470277346951114 ], [ 16.975424079828716, 52.470248824339741 ], [ 16.97544105161569, 52.470193529624161 ], [ 16.975476931722387, 52.470104919629321 ], [ 16.975506612716224, 52.469990929284712 ], [ 16.975539208104902, 52.469896866408021 ], [ 16.975571986207157, 52.469795611144505 ], [ 16.975612131521036, 52.469790541986789 ], [ 16.975668297124617, 52.469795820764602 ], [ 16.97570197258193, 52.469777688913659 ], [ 16.97570850517145, 52.469747669560313 ], [ 16.975686225309762, 52.469710051431527 ], [ 16.975604121493944, 52.469657018182431 ], [ 16.975596496176465, 52.469621000061331 ], [ 16.975628864702486, 52.469580000128055 ], [ 16.975672812301628, 52.46954342576057 ], [ 16.975701427386447, 52.469503980543848 ], [ 16.975703493987886, 52.469458954066411 ], [ 16.975724835674903, 52.469382237539328 ], [ 16.975758585714999, 52.469311130039706 ], [ 16.975800442328033, 52.469268763428595 ], [ 16.975820198834423, 52.469249044132795 ], [ 16.975811667296895, 52.469229560175421 ], [ 16.975769794896937, 52.469220928373147 ], [ 16.975738029700768, 52.469197448951313 ], [ 16.975735622194691, 52.469147219086516 ], [ 16.975790171376932, 52.469085012275322 ], [ 16.975847466814297, 52.469014307783688 ], [ 16.975877233133808, 52.468927301947311 ], [ 16.975913205145499, 52.468859110638121 ], [ 16.97593098646351, 52.468840706673461 ], [ 16.975954203307619, 52.468835437595743 ], [ 16.976003176195981, 52.468843381370746 ], [ 16.976041787519062, 52.468858882953107 ], [ 16.976073369266381, 52.468860682694064 ], [ 16.976095268603704, 52.468858449129442 ], [ 16.976116112860751, 52.468847113177382 ], [ 16.976111647930274, 52.468819244120205 ], [ 16.976108586012987, 52.468799314131395 ], [ 16.976095642236263, 52.468773278723674 ], [ 16.976082698474439, 52.468747243314581 ], [ 16.976065077495623, 52.468733270269055 ], [ 16.975986091969961, 52.468705384965546 ], [ 16.975912534791231, 52.46866832830829 ], [ 16.975904909370382, 52.468632310200583 ], [ 16.975956112029262, 52.468524264624477 ], [ 16.976006460916146, 52.468444446775777 ], [ 16.976062065795794, 52.468416976228397 ], [ 16.976179990198435, 52.468385805199084 ], [ 16.976271885922817, 52.468328104905652 ], [ 16.976298835825997, 52.468247886495547 ], [ 16.976289057675167, 52.468207424324248 ], [ 16.976209812434391, 52.468156329209684 ], [ 16.97609912398514, 52.468116478537468 ], [ 16.976069488196721, 52.468085120583893 ], [ 16.976075054621685, 52.46804725955657 ], [ 16.976108603984407, 52.467993327791653 ], [ 16.976178662558542, 52.467904403094678 ], [ 16.976232832264539, 52.467824740484488 ], [ 16.976277120642695, 52.467706862503881 ], [ 16.976306450381362, 52.467561925252461 ], [ 16.976324151700666, 52.467310925094708 ], [ 16.976364893169169, 52.467074530338891 ], [ 16.976383694899557, 52.466850891917957 ], [ 16.976334350522755, 52.46637280542587 ], [ 16.976349455496983, 52.466297151308318 ], [ 16.976381433945448, 52.466242113254047 ], [ 16.976408103588792, 52.466132658255681 ], [ 16.97638055159354, 52.466075162360305 ], [ 16.976334551192551, 52.466031381987591 ], [ 16.976304649809261, 52.465951269958282 ], [ 16.976253426654537, 52.465812689286643 ], [ 16.976235720700956, 52.465768493660825 ], [ 16.976236952537988, 52.465754483500227 ], [ 16.976251602600101, 52.465743311352469 ], [ 16.976735318443225, 52.465622429319744 ], [ 16.976793723737636, 52.465604450464546 ], [ 16.976784699394148, 52.465602137409839 ], [ 16.97677771865715, 52.465600219095208 ], [ 16.976770476599199, 52.465597576758164 ], [ 16.976766484199352, 52.465594720189877 ], [ 16.976761425903398, 52.465589416900094 ], [ 16.976760790339174, 52.465584009394313 ], [ 16.976761070649932, 52.4655778980081 ], [ 16.976768194037014, 52.465570284715639 ], [ 16.976777153292293, 52.465561173788217 ], [ 16.976777492560078, 52.465550566217829 ], [ 16.976713211381895, 52.46554254069639 ], [ 16.976709705000317, 52.465297923346746 ], [ 16.976674239875113, 52.465271682523912 ], [ 16.976504907816913, 52.465271213523224 ], [ 16.976325267131116, 52.465270747751404 ], [ 16.976290271350184, 52.465298481164304 ], [ 16.976287886380888, 52.465581583637189 ], [ 16.976262222071735, 52.465588879593788 ], [ 16.976226877072691, 52.465579280308425 ], [ 16.976230264383911, 52.465274338628255 ], [ 16.976238153435943, 52.465201888941358 ], [ 16.976241279876501, 52.465172260971009 ], [ 16.976248705541163, 52.465103491050719 ], [ 16.976231738172586, 52.465052832099133 ], [ 16.976218823712099, 52.465006919589172 ], [ 16.976204823845737, 52.46494614776195 ], [ 16.976191454876485, 52.464871625317066 ], [ 16.976182266410806, 52.464738081291443 ], [ 16.976176111286673, 52.464695702325479 ], [ 16.976173119968902, 52.464632510527402 ], [ 16.976176822617429, 52.464603162249603 ], [ 16.976177257642114, 52.464568001638462 ], [ 16.976164479929686, 52.464538371300449 ], [ 16.976148397514208, 52.464503737487099 ], [ 16.97612898413411, 52.46445825339508 ], [ 16.976129268977303, 52.464410318181528 ], [ 16.97612948760451, 52.464354196941024 ], [ 16.976150530259382, 52.464280713162992 ], [ 16.97617508577984, 52.464182015272044 ], [ 16.976279226830737, 52.463979175258601 ], [ 16.976375860629901, 52.463801930631796 ], [ 16.976544083942997, 52.463717293969587 ], [ 16.976596623909806, 52.463608821252251 ], [ 16.976586630313289, 52.463524912488467 ], [ 16.976622619176545, 52.463472281527871 ], [ 16.97664693406767, 52.463452640097266 ], [ 16.976673410729546, 52.463434025034267 ], [ 16.976723347697856, 52.463417610261381 ], [ 16.976769180747599, 52.463391141478112 ], [ 16.976811107699824, 52.463350304767403 ], [ 16.976846464288901, 52.463314662316591 ], [ 16.976883569212667, 52.463260161551766 ], [ 16.976948458654704, 52.463197051799241 ], [ 16.977007719096548, 52.463157141177092 ], [ 16.977062545807808, 52.463114366414885 ], [ 16.97707576365832, 52.463083022236034 ], [ 16.977058800623574, 52.463041897515296 ], [ 16.977033695858083, 52.463011336826881 ], [ 16.977040664165504, 52.462991038777091 ], [ 16.977052375617301, 52.462976488336245 ], [ 16.97706781580488, 52.462948060381393 ], [ 16.977118071837687, 52.462918249264604 ], [ 16.977221605040974, 52.462834483742874 ], [ 16.977279060766687, 52.462798589590527 ], [ 16.977306020597844, 52.462775845234823 ], [ 16.977470228877124, 52.46270157209235 ], [ 16.977565136660893, 52.46265174747608 ], [ 16.977649039925407, 52.462639600953139 ], [ 16.977686659452466, 52.462638085690095 ], [ 16.977721973004581, 52.462638689631298 ], [ 16.977757436040157, 52.462632820158866 ], [ 16.977781684044338, 52.462614616457351 ], [ 16.977782866396581, 52.46258882278326 ], [ 16.977771445351795, 52.462558496263895 ], [ 16.977756148088872, 52.462532420759246 ], [ 16.977737418373462, 52.462504127897454 ], [ 16.97768811432309, 52.462481068550083 ], [ 16.977690045372334, 52.462464641844647 ], [ 16.977709325307821, 52.462452019656759 ], [ 16.977747208336737, 52.462444752473388 ], [ 16.977805229984757, 52.462435041418395 ], [ 16.977886448356411, 52.462420420329479 ], [ 16.977910061159847, 52.462406433102338 ], [ 16.978025172302093, 52.462352726246827 ], [ 16.978060997348567, 52.462316461843081 ], [ 16.978088258995438, 52.462293542585257 ], [ 16.978117361562539, 52.462265797829204 ], [ 16.978157683243907, 52.462250297376585 ], [ 16.978183876183987, 52.462244269273562 ], [ 16.978240462025195, 52.462236961942125 ], [ 16.97828107338697, 52.462234418319454 ], [ 16.978319244038957, 52.462233721775291 ], [ 16.97836035820028, 52.462242699538351 ], [ 16.978413788961578, 52.462246401279451 ], [ 16.978473182757369, 52.462238872010822 ], [ 16.978536768980781, 52.462210547403856 ], [ 16.978569355013541, 52.462190327431031 ], [ 16.978586822831428, 52.462169039511757 ], [ 16.978599676759533, 52.462110256063923 ], [ 16.978586551379536, 52.462078551330841 ], [ 16.97856043179894, 52.462037989847239 ], [ 16.978544618700713, 52.462013524616196 ], [ 16.978486113208362, 52.461982393236433 ], [ 16.978434505671633, 52.461954977511169 ], [ 16.978430616806012, 52.461937012193886 ], [ 16.978467816361519, 52.461918939832294 ], [ 16.978508821983457, 52.461898144265724 ], [ 16.978540753025413, 52.461892214181034 ], [ 16.978671286623101, 52.461935729859064 ], [ 16.978781786926028, 52.461937618719318 ], [ 16.978887689379999, 52.461914514434731 ], [ 16.978996970204523, 52.461859447777769 ], [ 16.979143563525394, 52.461751681988012 ], [ 16.97927066305402, 52.461648349914221 ], [ 16.979305955688702, 52.461597954853772 ], [ 16.979313510204147, 52.461580904671649 ], [ 16.979306363740946, 52.461524747513074 ], [ 16.979269893710775, 52.46150118858754 ], [ 16.979221982161658, 52.461470238609934 ], [ 16.9791620363353, 52.46144483935403 ], [ 16.979125302974129, 52.461427032290509 ], [ 16.979107124154869, 52.461412420528688 ], [ 16.9791054945422, 52.461396562554867 ], [ 16.979113409238476, 52.461378079438362 ], [ 16.979135448951943, 52.461359837723563 ], [ 16.979175849652727, 52.461349015361954 ], [ 16.979253308864202, 52.461348900012638 ], [ 16.979328150459207, 52.461354496289026 ], [ 16.979410860314339, 52.461345835950929 ], [ 16.979435041065422, 52.461329069869223 ], [ 16.979443482474633, 52.461299082915708 ], [ 16.979476038707961, 52.461253767847147 ], [ 16.979501815346683, 52.461205368777321 ], [ 16.979532214852153, 52.461155699534828 ], [ 16.979552554545105, 52.461123127618912 ], [ 16.979589822960865, 52.461077803091932 ], [ 16.979614135198776, 52.461058161017 ], [ 16.979638071857792, 52.461049935392317 ], [ 16.979675722901451, 52.461047700493232 ], [ 16.979710822241135, 52.461049739291035 ], [ 16.979776591448086, 52.461050862974012 ], [ 16.979824050061087, 52.461040250921265 ], [ 16.979868733606452, 52.461016279746545 ], [ 16.9798971036548, 52.460985194122848 ], [ 16.9799146689525, 52.460936025075689 ], [ 16.979904507220123, 52.460900683419105 ], [ 16.979869379052939, 52.460873549844251 ], [ 16.979808515838648, 52.460842468773834 ], [ 16.979722887922794, 52.460815191919927 ], [ 16.979655735183417, 52.460796055789558 ], [ 16.979640042281684, 52.460778608378035 ], [ 16.979638264331395, 52.460765985856419 ], [ 16.979644787603188, 52.460752156012575 ], [ 16.979664670195888, 52.460742422012864 ], [ 16.979687673458912, 52.460738497737296 ], [ 16.979737189580781, 52.460734396834546 ], [ 16.979775445346512, 52.460731812461887 ], [ 16.979818837372136, 52.460719961664864 ], [ 16.979842526837704, 52.460704266434782 ], [ 16.979856654697951, 52.460694793862018 ], [ 16.979868376943905, 52.460679973500675 ], [ 16.979884490303299, 52.460620705936655 ], [ 16.979886720766768, 52.460584856434387 ], [ 16.979896482881166, 52.46056460595041 ], [ 16.979920502527769, 52.460551344830677 ], [ 16.979934239309905, 52.460537548261549 ], [ 16.979937750846553, 52.460521958016578 ], [ 16.979927766296775, 52.460508475749045 ], [ 16.979927720947053, 52.460496602382158 ], [ 16.979937779301309, 52.460469880996293 ], [ 16.979959654527381, 52.460439134121472 ], [ 16.979980520469596, 52.4604207822562 ], [ 16.980010960352331, 52.460408800067896 ], [ 16.980075897061717, 52.460389492108845 ], [ 16.980110674542885, 52.460359954991958 ], [ 16.980131737738827, 52.460324427189093 ], [ 16.980150832559922, 52.460283649013903 ], [ 16.980140952694406, 52.460248582020959 ], [ 16.980115080581829, 52.460199390486949 ], [ 16.98008901513786, 52.460154423006422 ], [ 16.980071132764461, 52.460133340493144 ], [ 16.980070124154317, 52.460103911613714 ], [ 16.980084906858703, 52.460064049168395 ], [ 16.980136236395307, 52.459994589878157 ], [ 16.980243334310764, 52.459906655291043 ], [ 16.980291222785088, 52.459835158391876 ], [ 16.980306485168054, 52.45976229470709 ], [ 16.980310319935239, 52.459704256457968 ], [ 16.980288731947631, 52.459638678401568 ], [ 16.980252047858674, 52.459542621335551 ], [ 16.980231588678823, 52.459474903894012 ], [ 16.980214479002374, 52.45944016312631 ], [ 16.980220569175792, 52.45938432205579 ], [ 16.98020344783513, 52.459320888985054 ], [ 16.980184605436563, 52.459272537086129 ], [ 16.98017709000996, 52.459230854630292 ], [ 16.980179383990869, 52.459200043060271 ], [ 16.980211492102956, 52.459061538261579 ], [ 16.980258582917205, 52.458962414971396 ], [ 16.980263561562168, 52.458892253829717 ], [ 16.980247745269487, 52.458851778745505 ], [ 16.980245410440013, 52.458828803169595 ], [ 16.980271216683985, 52.458782922865076 ], [ 16.980280325422616, 52.458731900374318 ], [ 16.980291745073572, 52.458688292755028 ], [ 16.980317553346897, 52.458648798491851 ], [ 16.980326740811936, 52.458634654340543 ], [ 16.980322591823352, 52.458596627147237 ], [ 16.980286662144433, 52.458535571135037 ], [ 16.980274768989361, 52.45849624238965 ], [ 16.980279486399315, 52.458438219207615 ], [ 16.980285479742378, 52.458390921143781 ], [ 16.980287376281115, 52.458349489399275 ], [ 16.98028088608822, 52.458336876336986 ], [ 16.980271279418346, 52.458318363687354 ], [ 16.980232462364146, 52.458278575039699 ], [ 16.980193551737745, 52.458237615509375 ], [ 16.980172424733389, 52.458190933506224 ], [ 16.980133010169869, 52.458074142630963 ], [ 16.980093800531581, 52.457956096024972 ], [ 16.980020975081779, 52.457765070283045 ], [ 16.979982863933646, 52.457664851292421 ], [ 16.979959059507422, 52.457634853071887 ], [ 16.979907103995984, 52.45758296725198 ], [ 16.979826668392853, 52.457516383686404 ], [ 16.979786228884929, 52.457467033104095 ], [ 16.979756581776542, 52.457394211651398 ], [ 16.979689926568994, 52.457238908891064 ], [ 16.979640029383955, 52.457142086150057 ], [ 16.979622724504917, 52.457095559284859 ], [ 16.97960247829268, 52.457071468140413 ], [ 16.979572085880434, 52.457056737677831 ], [ 16.979522260099131, 52.4570451829494 ], [ 16.979489919149838, 52.457027990682974 ], [ 16.979475771889462, 52.456999326650333 ], [ 16.979470468414274, 52.456944729999748 ], [ 16.979467553874724, 52.45688297865636 ], [ 16.979498977069316, 52.456830178866298 ], [ 16.979506487446947, 52.456794779348897 ], [ 16.979484696211514, 52.456720832839693 ], [ 16.97942216619332, 52.456642682346768 ], [ 16.979374127072905, 52.456592122413369 ], [ 16.9793119202863, 52.456551933725152 ], [ 16.979199523268967, 52.456504950933372 ], [ 16.979127553378895, 52.456465764559333 ], [ 16.979094369581603, 52.456428410329899 ], [ 16.979072813427031, 52.456387926900945 ], [ 16.979043867369793, 52.456351274693816 ], [ 16.979003934708341, 52.456319831330546 ], [ 16.978953012573204, 52.456277586727801 ], [ 16.978850419378592, 52.456209454451269 ], [ 16.978798473758232, 52.45617348836106 ], [ 16.978748312054137, 52.456143578987316 ], [ 16.978686905143743, 52.456085954504914 ], [ 16.978489646751079, 52.455943798679264 ], [ 16.978322136248927, 52.455872217498197 ], [ 16.978193471564026, 52.455794734404677 ], [ 16.978084958928186, 52.455727309720444 ], [ 16.9779802847052, 52.455669304747609 ], [ 16.977872485592592, 52.455631303744255 ], [ 16.977790097914767, 52.455613884697513 ], [ 16.977731080688972, 52.455610177012218 ], [ 16.977700823506513, 52.455598956181774 ], [ 16.977675431741105, 52.455581162705478 ], [ 16.977641888528556, 52.455548478989641 ], [ 16.977606323979526, 52.455511713211301 ], [ 16.977540587769425, 52.455465077171539 ], [ 16.977446029957118, 52.455427302260922 ], [ 16.977322808293906, 52.455391735253983 ], [ 16.977021501486391, 52.455325868327321 ], [ 16.976711076113869, 52.455266230614107 ], [ 16.976380928702429, 52.455209672417041 ], [ 16.97547127701565, 52.455063411891217 ], [ 16.975154956138873, 52.455020038927245 ], [ 16.974560824358871, 52.454941145653756 ], [ 16.974231368346452, 52.454885672584709 ], [ 16.973989896873871, 52.454818664348323 ], [ 16.973449713304596, 52.454664777063073 ], [ 16.973185925113892, 52.454577237195778 ], [ 16.972943576587927, 52.454487725746198 ], [ 16.972740080499911, 52.454395372127649 ], [ 16.972556646595972, 52.454292568874585 ], [ 16.972329325428639, 52.454154833962228 ], [ 16.972231426187655, 52.454061771856026 ], [ 16.97207817330289, 52.453933401653899 ], [ 16.971931119601052, 52.453798301825834 ], [ 16.971810990345446, 52.453666811702533 ], [ 16.971701269079428, 52.453520299442822 ], [ 16.971595536742512, 52.453357485679732 ], [ 16.971513832188613, 52.453171608630257 ], [ 16.971448721725412, 52.452922605624394 ], [ 16.97143907149372, 52.452722584258581 ], [ 16.971445280571142, 52.452587504795559 ], [ 16.971480081316127, 52.452419726492352 ], [ 16.971558825412593, 52.452186323321008 ], [ 16.971681006834668, 52.451933517787204 ], [ 16.971767615595127, 52.451782008590641 ], [ 16.97183334984004, 52.451658653541763 ], [ 16.971951644471645, 52.451493566512511 ], [ 16.972299753775157, 52.451097576791383 ], [ 16.972500530399472, 52.450867435048821 ], [ 16.973051799898766, 52.450230728543843 ], [ 16.973241882035044, 52.450021718979293 ], [ 16.97339929077598, 52.449847766942796 ], [ 16.973460940396489, 52.449813205777907 ], [ 16.973516085630589, 52.449795262703205 ], [ 16.97356708445292, 52.449784264177211 ], [ 16.973661120860235, 52.449765728380477 ], [ 16.973743608150336, 52.449742227544959 ], [ 16.973813146923344, 52.449708970675061 ], [ 16.973891089599157, 52.449659398007249 ], [ 16.974045561347502, 52.449549345060078 ], [ 16.974110354321958, 52.449491182122728 ], [ 16.974127540194168, 52.449453520183198 ], [ 16.974129875042536, 52.449402651823249 ], [ 16.974133453740798, 52.449375999741832 ], [ 16.974125821394615, 52.449365885167886 ], [ 16.974113433914656, 52.449353530456634 ], [ 16.97410008690419, 52.449339630252659 ], [ 16.974083091401173, 52.449325037921241 ], [ 16.974073534463415, 52.449315160198068 ], [ 16.974044710913834, 52.449298476358855 ], [ 16.974004000153119, 52.449284197196377 ], [ 16.973955478310046, 52.449266905956463 ], [ 16.973921242632482, 52.449246261746389 ], [ 16.973917426722526, 52.449226768426094 ], [ 16.973926518019027, 52.449208305786293 ], [ 16.973971941684333, 52.449190465743172 ], [ 16.974002406777863, 52.449190628012886 ], [ 16.974032871871824, 52.449190790274749 ], [ 16.974073343645934, 52.449181410030747 ], [ 16.974120812870499, 52.44915748878212 ], [ 16.974182659145381, 52.449099365259521 ], [ 16.974295632704568, 52.44896647469497 ], [ 16.974362599384559, 52.448886582389569 ], [ 16.974448195802911, 52.448811326531334 ], [ 16.974495455490032, 52.448779126686759 ], [ 16.974561993928454, 52.448763087255145 ], [ 16.974612199470993, 52.448740471906262 ], [ 16.974642875939633, 52.448713564456035 ], [ 16.974660067942384, 52.448698208685116 ], [ 16.974673715927388, 52.448667051982433 ], [ 16.974668454911939, 52.448643756279026 ], [ 16.974655208279703, 52.448624461208638 ], [ 16.974621088232894, 52.448601300743711 ], [ 16.974581166997936, 52.44857624200656 ], [ 16.974555285589055, 52.448549984669192 ], [ 16.974533378466077, 52.448517319434387 ], [ 16.9745334843569, 52.448489348627902 ], [ 16.974551776064899, 52.448472482662019 ], [ 16.974607727499905, 52.448456171894428 ], [ 16.9747358240583, 52.448401071812796 ], [ 16.974855808097313, 52.448320648285517 ], [ 16.974933389668305, 52.448266031889638 ], [ 16.975030438994207, 52.448175321507172 ], [ 16.975085734999499, 52.448112318295266 ], [ 16.975110073106634, 52.448056699941951 ], [ 16.975125370094524, 52.448018465844335 ], [ 16.975114864335207, 52.44798113899779 ], [ 16.975095761595309, 52.44796435205928 ], [ 16.975078051329945, 52.44793967388393 ], [ 16.975049407013064, 52.44792551178773 ], [ 16.97500693477312, 52.447904726815686 ], [ 16.974987558542214, 52.447887485454181 ], [ 16.974984733351569, 52.447862432600125 ], [ 16.974989693010695, 52.447844168946915 ], [ 16.975012858864432, 52.447826936672911 ], [ 16.975054694222923, 52.447816680014576 ], [ 16.975081905904176, 52.447817146067671 ], [ 16.975142755761816, 52.447809553582054 ], [ 16.975275752192026, 52.447775943544151 ], [ 16.975546149573372, 52.447676868280944 ], [ 16.975654512910758, 52.447599393020937 ], [ 16.975678239986426, 52.447557075820121 ], [ 16.975679950507374, 52.447519778299991 ], [ 16.975655144587744, 52.447460440179519 ], [ 16.975603966468686, 52.447427273956876 ], [ 16.975464780775638, 52.447371194031902 ], [ 16.975351662284961, 52.447346950832568 ], [ 16.975335793034439, 52.447336695279034 ], [ 16.975329260451591, 52.447325070562314 ], [ 16.975333841790832, 52.447302213265722 ], [ 16.975356777686311, 52.447286775870275 ], [ 16.975395787603794, 52.447280338307174 ], [ 16.975425777151312, 52.447281211628763 ], [ 16.975448518145853, 52.447282860261268 ], [ 16.975598403407069, 52.447259702755886 ], [ 16.97564188056052, 52.447239310319823 ], [ 16.975704832606599, 52.44717302003523 ], [ 16.975753824000698, 52.447125468903657 ], [ 16.9758361860534, 52.44702110473397 ], [ 16.975886072137182, 52.446931564962675 ], [ 16.975906108482523, 52.446870206320696 ], [ 16.975901147555305, 52.446830725864842 ], [ 16.975885849054539, 52.446782343847907 ], [ 16.975840667553779, 52.446743613903593 ], [ 16.975793471244273, 52.446716722070022 ], [ 16.975725189077757, 52.446677776459779 ], [ 16.975726763495086, 52.44664344476044 ], [ 16.975741791793443, 52.446620676371367 ], [ 16.975771600577172, 52.446612642045039 ], [ 16.975849231692916, 52.446608214732613 ], [ 16.975937923771756, 52.446580861091476 ], [ 16.97599129290619, 52.446505232298939 ], [ 16.976018353509474, 52.446451189416869 ], [ 16.9760718885126, 52.446410461748115 ], [ 16.976152816082074, 52.446343759392519 ], [ 16.976186192446114, 52.446280380452912 ], [ 16.97620258353156, 52.446208615786681 ], [ 16.976180065557308, 52.446128270003314 ], [ 16.976140319442887, 52.446044841033363 ], [ 16.976144106243563, 52.445962247202665 ], [ 16.976188264566265, 52.445856329366187 ], [ 16.976252050423785, 52.445707574301785 ], [ 16.976310089597263, 52.445616734802599 ], [ 16.9763395236082, 52.445539796717995 ], [ 16.976336011045682, 52.445462294697272 ], [ 16.976286684176468, 52.44541126155228 ], [ 16.976210435518912, 52.445385581517051 ], [ 16.976138633987503, 52.445365644039761 ], [ 16.9761185708258, 52.445340925729994 ], [ 16.976140735428995, 52.445319808502958 ], [ 16.976179357952077, 52.445296094786428 ], [ 16.976273586455271, 52.445260290987044 ], [ 16.976335736608831, 52.445208197820513 ], [ 16.97637241190353, 52.445072830038448 ], [ 16.97639406743281, 52.44498253700943 ], [ 16.976433445036609, 52.444884542277435 ], [ 16.976453733811223, 52.444820849308591 ], [ 16.976456543480346, 52.444759555494642 ], [ 16.976442483842195, 52.444687359540637 ], [ 16.976401988592123, 52.444523957469386 ], [ 16.976402952568222, 52.444406596859771 ], [ 16.976369552062064, 52.444184762561896 ], [ 16.976347998798257, 52.443987056176127 ], [ 16.976262243613931, 52.443764235731251 ], [ 16.976237649420852, 52.44353976383956 ], [ 16.97622213925527, 52.443406111149038 ], [ 16.97620694478665, 52.44325915212103 ], [ 16.976206330242068, 52.443083120870085 ], [ 16.976214253222746, 52.442813963657038 ], [ 16.976222813401723, 52.442534113984294 ], [ 16.976202489130809, 52.442309625186503 ], [ 16.976158584475165, 52.442127546144157 ], [ 16.976131671946909, 52.441953673053753 ], [ 16.976096169882652, 52.441585103629649 ], [ 16.976089460465648, 52.441497131661016 ], [ 16.975906075788327, 52.44149225153371 ], [ 16.975706361596057, 52.441486956515106 ], [ 16.975661084904608, 52.441485731532296 ], [ 16.975706391757068, 52.44199990875493 ], [ 16.975759630172281, 52.44278090620675 ], [ 16.975811714068069, 52.443291781429203 ], [ 16.975862659177704, 52.443792203561621 ], [ 16.975884986133963, 52.444011509901671 ], [ 16.975832777241724, 52.444623675401118 ], [ 16.975718692317674, 52.445445610486487 ], [ 16.975609023182155, 52.44619683496834 ], [ 16.97532944666521, 52.44665669894772 ], [ 16.974580288684201, 52.447835087404634 ], [ 16.973658035185274, 52.449044143782594 ], [ 16.973615589699424, 52.449099721335955 ], [ 16.972889341592918, 52.44992159363462 ], [ 16.971990133200411, 52.450969942434028 ], [ 16.971476127205207, 52.451685804630543 ], [ 16.971218296054801, 52.452170496927714 ], [ 16.971163910344725, 52.452440835169433 ], [ 16.97115513137835, 52.452484487311473 ], [ 16.971133246001294, 52.45305660602417 ], [ 16.971277642838928, 52.453524814249995 ], [ 16.971639125257461, 52.453978667782586 ], [ 16.972132621445279, 52.454337644734544 ], [ 16.972648513580069, 52.454597075707554 ], [ 16.973151222451534, 52.454781444936863 ], [ 16.973550551534071, 52.454918348673957 ], [ 16.974132652170823, 52.455086085499318 ], [ 16.975055310407544, 52.455244001995872 ], [ 16.97618494658694, 52.455498995872667 ], [ 16.977287105516986, 52.455820517069093 ], [ 16.97811901609311, 52.456243630799747 ], [ 16.97844533108152, 52.45650618014303 ], [ 16.97895343755674, 52.457129812867414 ], [ 16.979423023121196, 52.457755753140553 ], [ 16.979606093699864, 52.458172623422982 ], [ 16.979772073553587, 52.458676626848856 ], [ 16.979730761306495, 52.459553143874913 ], [ 16.97952236215766, 52.460335512805763 ], [ 16.979490183003392, 52.460456207309043 ], [ 16.979418783090434, 52.460542682532413 ], [ 16.978802363927489, 52.461289205231701 ], [ 16.97826297012303, 52.461723317482758 ], [ 16.977944492961992, 52.461957212528112 ], [ 16.977073772779125, 52.462596571624331 ], [ 16.977049625974374, 52.462614298023446 ], [ 16.976714901695399, 52.46286008345816 ], [ 16.976297891707091, 52.463354024884254 ], [ 16.976206485117633, 52.463462282007498 ], [ 16.9758605192307, 52.464840326985211 ], [ 16.975875587099051, 52.466084508646425 ], [ 16.97569456221871, 52.46758383203376 ], [ 16.975528576652572, 52.468597985508524 ], [ 16.975140646376126, 52.469153132819372 ], [ 16.975261674825379, 52.469763405269035 ], [ 16.974881294801797, 52.4705611695356 ], [ 16.974310480577241, 52.4713104289387 ], [ 16.973641026187067, 52.471968591315168 ], [ 16.972834573505214, 52.472754910129915 ], [ 16.972423300927431, 52.473210710344958 ], [ 16.972031404208224, 52.474023288760094 ], [ 16.972030464106588, 52.474162235826086 ], [ 16.972024454355182, 52.474923866849331 ], [ 16.971992681479364, 52.475304054087459 ], [ 16.971956182917445, 52.475738936027724 ], [ 16.972131023965673, 52.476834391357905 ], [ 16.972213785741676, 52.477523520494842 ], [ 16.972237133708315, 52.477717299908861 ], [ 16.972189818859086, 52.478598746916155 ], [ 16.972075242662076, 52.479590930488321 ], [ 16.971949767638314, 52.480397193151653 ], [ 16.971636649332627, 52.481036000334093 ], [ 16.971307481069402, 52.482090611014257 ], [ 16.971140460160818, 52.482745954028807 ], [ 16.970991071757624, 52.483639050643745 ], [ 16.970947693533667, 52.484450228168313 ], [ 16.971007619967683, 52.484940729769683 ], [ 16.971086480763162, 52.485564043135845 ], [ 16.9712524321384, 52.485921357827429 ], [ 16.971334732697173, 52.486098699308521 ], [ 16.971393574616979, 52.486225539749633 ], [ 16.971469925122523, 52.486349712310272 ], [ 16.97172404691959, 52.486763404067993 ], [ 16.972422803693735, 52.487443666131369 ], [ 16.973206560211661, 52.487935689379682 ], [ 16.974190782464273, 52.488349382262186 ], [ 16.975100644010393, 52.488829791096933 ], [ 16.9750302869178, 52.488677481358899 ], [ 16.975007758620379, 52.48858094597729 ], [ 16.974960492354683, 52.488484076989337 ], [ 16.974929388507181, 52.488442710063232 ], [ 16.974892330888547, 52.488409066279907 ], [ 16.974823711271913, 52.48834403142137 ], [ 16.97459946345726, 52.488183599750485 ], [ 16.974487813757015, 52.488118727252456 ], [ 16.974419355448731, 52.48807905900366 ], [ 16.974366146628718, 52.488041001037779 ], [ 16.974356963843253, 52.488035627041135 ], [ 16.974338021773757, 52.488024599341358 ], [ 16.974293113688315, 52.487998286228176 ] ] ] ] } },
{ "type": "Feature", "properties": { "gml_id": "OT_ADJA_A.20", "lokalnyId": "322BD60C-5C60-598B-E053-CC2BA8C05138", "przestrzen": "PL.PZGiK.308.BDOT10k", "wersjaId": "2022-01-20T00:00:00", "czyObiektB": 0, "x_kod": "ADJA05", "x_skrKarto": null, "x_katDoklG": "Dok", "x_doklGeom": 1, "x_doklGe_1": "m", "x_zrodloDa": "PRG", "x_zrodlo_1": "PRG", "x_katIstni": null, "x_rodzajRe": "ZP", "x_aktualno": "2022-01-20", "x_aktual_1": "2022-01-20", "poczatekWe": "2022-01-20T00:00:00", "x_dataUtwo": "2012-11-13", "x_kodKarto": "0010_505", "x_kodKar_1": "0025_505", "x_kodKar_2": "0050_505", "x_kodKar_3": "0100_505", "x_kodKar_4": null, "x_kodKar_5": null, "x_kodKar_6": null, "nazwa": "Czerwonak", "idPRG": 1030210420, "idTerytJed": 3021, "idTerytTer": 3021042, "rodzaj": "GW", "PRG|BT_Ref": 1030210420, "PRG|BT_R_1": "PL.PZGiK.200", "x_informDo": null }, "geometry": { "type": "MultiPolygon", "coordinates": [ [ [ [ 16.982447434898233, 52.466372657335278 ], [ 16.982428194757048, 52.466403719442063 ], [ 16.982433302191275, 52.466443381839767 ], [ 16.982459971249511, 52.466484941154 ], [ 16.982501505322546, 52.466517040148538 ], [ 16.982565290853309, 52.46653917521796 ], [ 16.982723793021201, 52.466551143441947 ], [ 16.982727606676431, 52.466551478330835 ], [ 16.982859976485635, 52.466564889392963 ], [ 16.982883376182624, 52.466539474684097 ], [ 16.982901713503118, 52.466521708781706 ], [ 16.982922516913053, 52.466482218552621 ], [ 16.982924958243821, 52.466444933536259 ], [ 16.982920208940254, 52.466426414054808 ], [ 16.982910793448664, 52.466400439591155 ], [ 16.982897322750027, 52.466392294762116 ], [ 16.982873035926985, 52.466385584419314 ], [ 16.982694408871716, 52.466349977639908 ], [ 16.982592469107676, 52.466331329135286 ], [ 16.982549610719651, 52.466331407445125 ], [ 16.982501464680841, 52.466340839621957 ], [ 16.982447434898233, 52.466372657335278 ] ] ] ] } },
{ "type": "Feature", "properties": { "gml_id": "OT_ADJA_A.20", "lokalnyId": "322BD60C-5C60-598B-E053-CC2BA8C05138", "przestrzen": "PL.PZGiK.308.BDOT10k", "wersjaId": "2022-01-20T00:00:00", "czyObiektB": 0, "x_kod": "ADJA05", "x_skrKarto": null, "x_katDoklG": "Dok", "x_doklGeom": 1, "x_doklGe_1": "m", "x_zrodloDa": "PRG", "x_zrodlo_1": "PRG", "x_katIstni": null, "x_rodzajRe": "ZP", "x_aktualno": "2022-01-20", "x_aktual_1": "2022-01-20", "poczatekWe": "2022-01-20T00:00:00", "x_dataUtwo": "2012-11-13", "x_kodKarto": "0010_505", "x_kodKar_1": "0025_505", "x_kodKar_2": "0050_505", "x_kodKar_3": "0100_505", "x_kodKar_4": null, "x_kodKar_5": null, "x_kodKar_6": null, "nazwa": "Czerwonak", "idPRG": 1030210420, "idTerytJed": 3021, "idTerytTer": 3021042, "rodzaj": "GW", "PRG|BT_Ref": 1030210420, "PRG|BT_R_1": "PL.PZGiK.200", "x_informDo": null }, "geometry": { "type": "MultiPolygon", "coordinates": [ [ [ [ 16.982097982809037, 52.4689186687499 ], [ 16.982089089948371, 52.468910242177586 ], [ 16.981746950770841, 52.468881647608228 ], [ 16.981735302706671, 52.46888837447792 ], [ 16.981726249024192, 52.468944614683096 ], [ 16.981737309005808, 52.468950739732328 ], [ 16.982076297511412, 52.468977391743415 ], [ 16.982085812142412, 52.468969009447981 ], [ 16.982097982809037, 52.4689186687499 ] ] ] ] } },
{ "type": "Feature", "properties": { "gml_id": "OT_ADJA_A.20", "lokalnyId": "322BD60C-5C60-598B-E053-CC2BA8C05138", "przestrzen": "PL.PZGiK.308.BDOT10k", "wersjaId": "2022-01-20T00:00:00", "czyObiektB": 0, "x_kod": "ADJA05", "x_skrKarto": null, "x_katDoklG": "Dok", "x_doklGeom": 1, "x_doklGe_1": "m", "x_zrodloDa": "PRG", "x_zrodlo_1": "PRG", "x_katIstni": null, "x_rodzajRe": "ZP", "x_aktualno": "2022-01-20", "x_aktual_1": "2022-01-20", "poczatekWe": "2022-01-20T00:00:00", "x_dataUtwo": "2012-11-13", "x_kodKarto": "0010_505", "x_kodKar_1": "0025_505", "x_kodKar_2": "0050_505", "x_kodKar_3": "0100_505", "x_kodKar_4": null, "x_kodKar_5": null, "x_kodKar_6": null, "nazwa": "Czerwonak", "idPRG": 1030210420, "idTerytJed": 3021, "idTerytTer": 3021042, "rodzaj": "GW", "PRG|BT_Ref": 1030210420, "PRG|BT_R_1": "PL.PZGiK.200", "x_informDo": null }, "geometry": { "type": "MultiPolygon", "coordinates": [ [ [ [ 16.982152550707287, 52.47184636839556 ], [ 16.982147525692916, 52.47183387042292 ], [ 16.981780483584455, 52.471702045544113 ], [ 16.981692561407392, 52.471759817906886 ], [ 16.981669865240644, 52.471785873997568 ], [ 16.981666234028989, 52.471804070594693 ], [ 16.982000638399949, 52.471931381361458 ], [ 16.982038753985325, 52.471938507720772 ], [ 16.982073931396663, 52.471926156093033 ], [ 16.982152550707287, 52.47184636839556 ] ] ] ] } },
{ "type": "Feature", "properties": { "gml_id": "OT_ADJA_A.20", "lokalnyId": "322BD60C-5C60-598B-E053-CC2BA8C05138", "przestrzen": "PL.PZGiK.308.BDOT10k", "wersjaId": "2022-01-20T00:00:00", "czyObiektB": 0, "x_kod": "ADJA05", "x_skrKarto": null, "x_katDoklG": "Dok", "x_doklGeom": 1, "x_doklGe_1": "m", "x_zrodloDa": "PRG", "x_zrodlo_1": "PRG", "x_katIstni": null, "x_rodzajRe": "ZP", "x_aktualno": "2022-01-20", "x_aktual_1": "2022-01-20", "poczatekWe": "2022-01-20T00:00:00", "x_dataUtwo": "2012-11-13", "x_kodKarto": "0010_505", "x_kodKar_1": "0025_505", "x_kodKar_2": "0050_505", "x_kodKar_3": "0100_505", "x_kodKar_4": null, "x_kodKar_5": null, "x_kodKar_6": null, "nazwa": "Czerwonak", "idPRG": 1030210420, "idTerytJed": 3021, "idTerytTer": 3021042, "rodzaj": "GW", "PRG|BT_Ref": 1030210420, "PRG|BT_R_1": "PL.PZGiK.200", "x_informDo": null }, "geometry": { "type": "MultiPolygon", "coordinates": [ [ [ [ 16.97561200072116, 52.489431182548223 ], [ 16.975620285499868, 52.489404790998769 ], [ 16.975613339649172, 52.489379577864732 ], [ 16.975601634332133, 52.489352124623174 ], [ 16.975594798527865, 52.489346970784084 ], [ 16.975577329233126, 52.489342354491328 ], [ 16.975558631187578, 52.48934203445522 ], [ 16.975551465132614, 52.489344070445441 ], [ 16.975544299076997, 52.489346106435235 ], [ 16.975524874454308, 52.489361604023422 ], [ 16.97548753317227, 52.489404677438287 ], [ 16.975458829912736, 52.489493859855131 ], [ 16.975451801294259, 52.489518563967863 ], [ 16.975447598981663, 52.489533062892797 ], [ 16.9754512575654, 52.489556061123182 ], [ 16.975461131478557, 52.489572060199791 ], [ 16.975479338341071, 52.48958307512607 ], [ 16.975507210084753, 52.489592186777003 ], [ 16.97553179741729, 52.489592607623344 ], [ 16.975553477348001, 52.489582545249128 ], [ 16.975557089292749, 52.489580898143984 ], [ 16.975565387843229, 52.489570246955978 ], [ 16.975566959215161, 52.48956811520631 ], [ 16.975569711195, 52.489559527728076 ], [ 16.975579270165525, 52.489537475281217 ], [ 16.97558419619741, 52.489523258569633 ], [ 16.975586218895884, 52.489517716689541 ], [ 16.97558809436455, 52.489512172289444 ], [ 16.975596657119858, 52.489486145273759 ], [ 16.975599966387026, 52.48946542495348 ], [ 16.97561200072116, 52.489431182548223 ] ] ] ] } },
{ "type": "Feature", "properties": { "gml_id": "OT_ADJA_A.20", "lokalnyId": "322BD60C-5C60-598B-E053-CC2BA8C05138", "przestrzen": "PL.PZGiK.308.BDOT10k", "wersjaId": "2022-01-20T00:00:00", "czyObiektB": 0, "x_kod": "ADJA05", "x_skrKarto": null, "x_katDoklG": "Dok", "x_doklGeom": 1, "x_doklGe_1": "m", "x_zrodloDa": "PRG", "x_zrodlo_1": "PRG", "x_katIstni": null, "x_rodzajRe": "ZP", "x_aktualno": "2022-01-20", "x_aktual_1": "2022-01-20", "poczatekWe": "2022-01-20T00:00:00", "x_dataUtwo": "2012-11-13", "x_kodKarto": "0010_505", "x_kodKar_1": "0025_505", "x_kodKar_2": "0050_505", "x_kodKar_3": "0100_505", "x_kodKar_4": null, "x_kodKar_5": null, "x_kodKar_6": null, "nazwa": "Czerwonak", "idPRG": 1030210420, "idTerytJed": 3021, "idTerytTer": 3021042, "rodzaj": "GW", "PRG|BT_Ref": 1030210420, "PRG|BT_R_1": "PL.PZGiK.200", "x_informDo": null }, "geometry": { "type": "MultiPolygon", "coordinates": [ [ [ [ 16.97940351773428, 52.495153909317864 ], [ 16.979373163594008, 52.495166702412234 ], [ 16.979348777325335, 52.495190750433174 ], [ 16.979346444639717, 52.495241618561039 ], [ 16.979369850953365, 52.495319279810182 ], [ 16.979372234315896, 52.495334790793265 ], [ 16.979376566007147, 52.495346377548728 ], [ 16.979380853484109, 52.495355714963175 ], [ 16.979387521677268, 52.495364553386054 ], [ 16.979391809928181, 52.495383514759205 ], [ 16.9794098103993, 52.495421598490417 ], [ 16.97942251137297, 52.495443491818435 ], [ 16.979454572104462, 52.495464186814523 ], [ 16.979500979316576, 52.495467677842527 ], [ 16.979527362814487, 52.49546435089237 ], [ 16.97954688960845, 52.495453081737445 ], [ 16.979553763393287, 52.495434940637232 ], [ 16.979530201820378, 52.495331732845628 ], [ 16.979495623479291, 52.495185973509663 ], [ 16.979475822753496, 52.495161440494762 ], [ 16.979449877386838, 52.495152002950647 ], [ 16.979436183280058, 52.495151769023934 ], [ 16.97940351773428, 52.495153909317864 ] ] ] ] } },
{ "type": "Feature", "properties": { "gml_id": "OT_ADJA_A.20", "lokalnyId": "322BD60C-5C60-598B-E053-CC2BA8C05138", "przestrzen": "PL.PZGiK.308.BDOT10k", "wersjaId": "2022-01-20T00:00:00", "czyObiektB": 0, "x_kod": "ADJA05", "x_skrKarto": null, "x_katDoklG": "Dok", "x_doklGeom": 1, "x_doklGe_1": "m", "x_zrodloDa": "PRG", "x_zrodlo_1": "PRG", "x_katIstni": null, "x_rodzajRe": "ZP", "x_aktualno": "2022-01-20", "x_aktual_1": "2022-01-20", "poczatekWe": "2022-01-20T00:00:00", "x_dataUtwo": "2012-11-13", "x_kodKarto": "0010_505", "x_kodKar_1": "0025_505", "x_kodKar_2": "0050_505", "x_kodKar_3": "0100_505", "x_kodKar_4": null, "x_kodKar_5": null, "x_kodKar_6": null, "nazwa": "Czerwonak", "idPRG": 1030210420, "idTerytJed": 3021, "idTerytTer": 3021042, "rodzaj": "GW", "PRG|BT_Ref": 1030210420, "PRG|BT_R_1": "PL.PZGiK.200", "x_informDo": null }, "geometry": { "type": "MultiPolygon", "coordinates": [ [ [ [ 16.979427631424176, 52.495588927844146 ], [ 16.979434502455589, 52.495757239404263 ], [ 16.979444514483632, 52.495795996156552 ], [ 16.979458707246241, 52.495833565115426 ], [ 16.979485886168995, 52.495861102351093 ], [ 16.979518782390272, 52.495879652955949 ], [ 16.979547023502317, 52.495887240883498 ], [ 16.9795917888882, 52.49588476756287 ], [ 16.979644142639838, 52.495867853006033 ], [ 16.979664962975161, 52.495854087510054 ], [ 16.979668703489914, 52.495631091739313 ], [ 16.979642866873949, 52.495577493881918 ], [ 16.979592565972034, 52.495536789772345 ], [ 16.979528063753442, 52.495519768010084 ], [ 16.979484200618597, 52.495528282925221 ], [ 16.979450743526758, 52.495547678849007 ], [ 16.979427631424176, 52.495588927844146 ] ] ] ] } },
{ "type": "Feature", "properties": { "gml_id": "OT_ADJA_A.20", "lokalnyId": "322BD60C-5C60-598B-E053-CC2BA8C05138", "przestrzen": "PL.PZGiK.308.BDOT10k", "wersjaId": "2022-01-20T00:00:00", "czyObiektB": 0, "x_kod": "ADJA05", "x_skrKarto": null, "x_katDoklG": "Dok", "x_doklGeom": 1, "x_doklGe_1": "m", "x_zrodloDa": "PRG", "x_zrodlo_1": "PRG", "x_katIstni": null, "x_rodzajRe": "ZP", "x_aktualno": "2022-01-20", "x_aktual_1": "2022-01-20", "poczatekWe": "2022-01-20T00:00:00", "x_dataUtwo": "2012-11-13", "x_kodKarto": "0010_505", "x_kodKar_1": "0025_505", "x_kodKar_2": "0050_505", "x_kodKar_3": "0100_505", "x_kodKar_4": null, "x_kodKar_5": null, "x_kodKar_6": null, "nazwa": "Czerwonak", "idPRG": 1030210420, "idTerytJed": 3021, "idTerytTer": 3021042, "rodzaj": "GW", "PRG|BT_Ref": 1030210420, "PRG|BT_R_1": "PL.PZGiK.200", "x_informDo": null }, "geometry": { "type": "MultiPolygon", "coordinates": [ [ [ [ 16.971543302252144, 52.50678218026048 ], [ 16.971547259612581, 52.506757063971833 ], [ 16.971533553998839, 52.506740998922957 ], [ 16.971526180695008, 52.506734666396966 ], [ 16.971525271439781, 52.506728804485839 ], [ 16.97153274509283, 52.506723356149756 ], [ 16.971535005774459, 52.506719077632141 ], [ 16.97153629753592, 52.50671343334939 ], [ 16.971532008971582, 52.506707333605412 ], [ 16.971522502599324, 52.506696107560032 ], [ 16.971518875265826, 52.506685252154725 ], [ 16.971523138451126, 52.506592683573899 ], [ 16.97153095809033, 52.506451696491659 ], [ 16.971551603495605, 52.506419490999761 ], [ 16.971560352582063, 52.506392747950052 ], [ 16.971560652594643, 52.506367029286281 ], [ 16.97155948034904, 52.506309265532018 ], [ 16.971554659505262, 52.506273115570103 ], [ 16.97155550070617, 52.506245247544484 ], [ 16.971563273984888, 52.506230090458622 ], [ 16.971604343434834, 52.506173680625523 ], [ 16.971630635125425, 52.506140492614911 ], [ 16.971661987264223, 52.506115846045297 ], [ 16.971661343390156, 52.506072212462307 ], [ 16.971654564695871, 52.506040166329413 ], [ 16.971649894959089, 52.50601993894103 ], [ 16.971631753733831, 52.505997771638199 ], [ 16.971602118253408, 52.505994745071149 ], [ 16.971547505580002, 52.505999564998845 ], [ 16.971471160762047, 52.506018583070372 ], [ 16.971368460303928, 52.506036969240384 ], [ 16.971332517114568, 52.506039680756281 ], [ 16.971278122409814, 52.506026965336318 ], [ 16.971238862472383, 52.506012080980824 ], [ 16.971200395852986, 52.506005574953456 ], [ 16.971133605838705, 52.506005958505426 ], [ 16.971099936410234, 52.506010507815368 ], [ 16.971036134736483, 52.506022815094134 ], [ 16.970988512445, 52.50604547351012 ], [ 16.97097781866691, 52.50604403088176 ], [ 16.970942192479416, 52.506043060037143 ], [ 16.970881165425794, 52.506046330541047 ], [ 16.970835238844778, 52.506057775057414 ], [ 16.970801739764486, 52.506109817320095 ], [ 16.970841037505011, 52.506130278960121 ], [ 16.970916786682501, 52.506146598830966 ], [ 16.970944441273527, 52.506151030686681 ], [ 16.970943783715782, 52.506194102294998 ], [ 16.970939086127029, 52.506225681795392 ], [ 16.97092569573196, 52.506247578192053 ], [ 16.970908284238437, 52.506260771048559 ], [ 16.970854274602072, 52.506306885021409 ], [ 16.970808697366611, 52.506352334125232 ], [ 16.970801541930538, 52.506366872157606 ], [ 16.970767750939327, 52.506383651591591 ], [ 16.970726841143389, 52.50638537829488 ], [ 16.970684811032545, 52.506385826557938 ], [ 16.970644892549199, 52.506407627616206 ], [ 16.970611686468288, 52.506424506983592 ], [ 16.970559659834318, 52.506427571955186 ], [ 16.970524762611134, 52.506439565342291 ], [ 16.970512903885844, 52.506473000725649 ], [ 16.970514770018362, 52.506486884024433 ], [ 16.970558477577907, 52.506523611222114 ], [ 16.970604890185271, 52.506559215544463 ], [ 16.970640837920662, 52.506578810286797 ], [ 16.97066827209056, 52.506597629367008 ], [ 16.970762435707545, 52.506646195127267 ], [ 16.970873097358957, 52.506691805839417 ], [ 16.970954628415758, 52.506723425286573 ], [ 16.97100897256686, 52.5067628531678 ], [ 16.971031534132447, 52.506781858417575 ], [ 16.9711363960139, 52.506825390648238 ], [ 16.971169517220783, 52.506829556430219 ], [ 16.971259782216844, 52.506841178135367 ], [ 16.971317587271425, 52.506843878380998 ], [ 16.971441465472175, 52.5068425848727 ], [ 16.971488925262264, 52.506826669239537 ], [ 16.971543302252144, 52.50678218026048 ] ] ] ] } },
{ "type": "Feature", "properties": { "gml_id": "OT_ADJA_A.20", "lokalnyId": "322BD60C-5C60-598B-E053-CC2BA8C05138", "przestrzen": "PL.PZGiK.308.BDOT10k", "wersjaId": "2022-01-20T00:00:00", "czyObiektB": 0, "x_kod": "ADJA05", "x_skrKarto": null, "x_katDoklG": "Dok", "x_doklGeom": 1, "x_doklGe_1": "m", "x_zrodloDa": "PRG", "x_zrodlo_1": "PRG", "x_katIstni": null, "x_rodzajRe": "ZP", "x_aktualno": "2022-01-20", "x_aktual_1": "2022-01-20", "poczatekWe": "2022-01-20T00:00:00", "x_dataUtwo": "2012-11-13", "x_kodKarto": "0010_505", "x_kodKar_1": "0025_505", "x_kodKar_2": "0050_505", "x_kodKar_3": "0100_505", "x_kodKar_4": null, "x_kodKar_5": null, "x_kodKar_6": null, "nazwa": "Czerwonak", "idPRG": 1030210420, "idTerytJed": 3021, "idTerytTer": 3021042, "rodzaj": "GW", "PRG|BT_Ref": 1030210420, "PRG|BT_R_1": "PL.PZGiK.200", "x_informDo": null }, "geometry": { "type": "MultiPolygon", "coordinates": [ [ [ [ 16.971400912345242, 52.507118195518082 ], [ 16.971349484564737, 52.50706343751925 ], [ 16.971167116119695, 52.506942484140566 ], [ 16.970909507572312, 52.506794156349201 ], [ 16.970723455117799, 52.506718020827563 ], [ 16.970553526096992, 52.506643870541204 ], [ 16.970511896867542, 52.506629215131284 ], [ 16.970425558287467, 52.50662836347923 ], [ 16.970340227458721, 52.506647226658984 ], [ 16.970295309122768, 52.50666876192966 ], [ 16.970268557682896, 52.506702301535249 ], [ 16.970259916986542, 52.506745865769489 ], [ 16.970289423761418, 52.506818866424986 ], [ 16.970315649431434, 52.506899096190843 ], [ 16.970414763971, 52.506984174244316 ], [ 16.970516540695982, 52.507072266014987 ], [ 16.970536314688736, 52.507145369456204 ], [ 16.970526650618606, 52.50722714208937 ], [ 16.97048728921343, 52.507320007931554 ], [ 16.970476564141233, 52.507440797786607 ], [ 16.970486862975665, 52.507549985857949 ], [ 16.970479670040536, 52.507638906405809 ], [ 16.970434151867504, 52.507692631173285 ], [ 16.970408056534097, 52.50778869271673 ], [ 16.970408573440608, 52.507867042271073 ], [ 16.97042622050957, 52.507931924382241 ], [ 16.970463423598645, 52.507991475565177 ], [ 16.970513349423072, 52.508046837778437 ], [ 16.970579537700495, 52.508104367766663 ], [ 16.970661291032737, 52.508182401986744 ], [ 16.970781215014703, 52.50829580905306 ], [ 16.970859985379864, 52.508390611370238 ], [ 16.970918272298146, 52.508443688347128 ], [ 16.970998029146081, 52.508501091047059 ], [ 16.971065648497476, 52.50856278268985 ], [ 16.971171963796852, 52.508597255495417 ], [ 16.9712999338673, 52.50859684176708 ], [ 16.971358973104028, 52.508575997980586 ], [ 16.971387627955867, 52.508549146584272 ], [ 16.97139039926823, 52.508546585750068 ], [ 16.971422593403091, 52.508404487651461 ], [ 16.971430615630069, 52.508268720798291 ], [ 16.971473769315718, 52.508090293610408 ], [ 16.971482424602694, 52.507902370452413 ], [ 16.971521170430012, 52.50777162758525 ], [ 16.971541048578295, 52.507698484708577 ], [ 16.971544078417224, 52.507632698116105 ], [ 16.971528368960808, 52.507506508026012 ], [ 16.971490627717603, 52.507410610830789 ], [ 16.971471093488596, 52.507345066918866 ], [ 16.971457800956493, 52.507275222809376 ], [ 16.971439351657697, 52.507208528230493 ], [ 16.971419847932829, 52.507155127185897 ], [ 16.971400912345242, 52.507118195518082 ] ] ] ] } },
{ "type": "Feature", "properties": { "gml_id": "OT_ADJA_A.20", "lokalnyId": "322BD60C-5C60-598B-E053-CC2BA8C05138", "przestrzen": "PL.PZGiK.308.BDOT10k", "wersjaId": "2022-01-20T00:00:00", "czyObiektB": 0, "x_kod": "ADJA05", "x_skrKarto": null, "x_katDoklG": "Dok", "x_doklGeom": 1, "x_doklGe_1": "m", "x_zrodloDa": "PRG", "x_zrodlo_1": "PRG", "x_katIstni": null, "x_rodzajRe": "ZP", "x_aktualno": "2022-01-20", "x_aktual_1": "2022-01-20", "poczatekWe": "2022-01-20T00:00:00", "x_dataUtwo": "2012-11-13", "x_kodKarto": "0010_505", "x_kodKar_1": "0025_505", "x_kodKar_2": "0050_505", "x_kodKar_3": "0100_505", "x_kodKar_4": null, "x_kodKar_5": null, "x_kodKar_6": null, "nazwa": "Czerwonak", "idPRG": 1030210420, "idTerytJed": 3021, "idTerytTer": 3021042, "rodzaj": "GW", "PRG|BT_Ref": 1030210420, "PRG|BT_R_1": "PL.PZGiK.200", "x_informDo": null }, "geometry": { "type": "MultiPolygon", "coordinates": [ [ [ [ 16.977407044831125, 52.51044658388313 ], [ 16.977778395261172, 52.510221598272807 ], [ 16.97870018192334, 52.509630504633385 ], [ 16.978804576621751, 52.509581740199771 ], [ 16.978886294469312, 52.509558132130273 ], [ 16.978989990648291, 52.509550279773563 ], [ 16.979128590779119, 52.509546351482015 ], [ 16.979453274766929, 52.509547760101341 ], [ 16.979586401283512, 52.509541039487907 ], [ 16.979624397069923, 52.509525768451155 ], [ 16.979636776742208, 52.509506552138824 ], [ 16.979634432791084, 52.509458032708366 ], [ 16.979585114152236, 52.509395579304865 ], [ 16.979502020246375, 52.509249981132434 ], [ 16.979496134816493, 52.509150133566244 ], [ 16.979491397910206, 52.509112006673661 ], [ 16.979468393721781, 52.509092905575663 ], [ 16.97942286946774, 52.509085921937512 ], [ 16.979275548387978, 52.509064697377568 ], [ 16.978704246729155, 52.50908263985162 ], [ 16.978217174305328, 52.509108944740738 ], [ 16.978052269101397, 52.509117549122557 ], [ 16.977855146237999, 52.509127941092494 ], [ 16.977616354028424, 52.509140498568577 ], [ 16.977600396640387, 52.509141305087404 ], [ 16.977434939966979, 52.509177961480347 ], [ 16.977359088073243, 52.509215070389111 ], [ 16.977286289278581, 52.509249892927748 ], [ 16.97726813089486, 52.509260105811606 ], [ 16.977048400512935, 52.509403225922014 ], [ 16.976590965031434, 52.509660285710105 ], [ 16.976236285594325, 52.509868913306619 ], [ 16.976195913675767, 52.509906988205728 ], [ 16.976178649452713, 52.509977927929562 ], [ 16.976210487399257, 52.510282750668914 ], [ 16.976220646415086, 52.510658347641773 ], [ 16.976242679430175, 52.510698569423724 ], [ 16.976247534810124, 52.510721228242076 ], [ 16.976266031278222, 52.510803123191813 ], [ 16.976294796183012, 52.510860459397769 ], [ 16.976324740925264, 52.510895329964129 ], [ 16.976384549262153, 52.51093475880775 ], [ 16.976420967024897, 52.510941048175276 ], [ 16.976516002329273, 52.510948520056168 ], [ 16.976562020761801, 52.510941572049717 ], [ 16.976610506062372, 52.51092585177939 ], [ 16.976707304393667, 52.510885323965077 ], [ 16.977038661544942, 52.510680703352982 ], [ 16.977407044831125, 52.51044658388313 ] ] ] ] } },
{ "type": "Feature", "properties": { "gml_id": "OT_ADJA_A.20", "lokalnyId": "322BD60C-5C60-598B-E053-CC2BA8C05138", "przestrzen": "PL.PZGiK.308.BDOT10k", "wersjaId": "2022-01-20T00:00:00", "czyObiektB": 0, "x_kod": "ADJA05", "x_skrKarto": null, "x_katDoklG": "Dok", "x_doklGeom": 1, "x_doklGe_1": "m", "x_zrodloDa": "PRG", "x_zrodlo_1": "PRG", "x_katIstni": null, "x_rodzajRe": "ZP", "x_aktualno": "2022-01-20", "x_aktual_1": "2022-01-20", "poczatekWe": "2022-01-20T00:00:00", "x_dataUtwo": "2012-11-13", "x_kodKarto": "0010_505", "x_kodKar_1": "0025_505", "x_kodKar_2": "0050_505", "x_kodKar_3": "0100_505", "x_kodKar_4": null, "x_kodKar_5": null, "x_kodKar_6": null, "nazwa": "Czerwonak", "idPRG": 1030210420, "idTerytJed": 3021, "idTerytTer": 3021042, "rodzaj": "GW", "PRG|BT_Ref": 1030210420, "PRG|BT_R_1": "PL.PZGiK.200", "x_informDo": null }, "geometry": { "type": "MultiPolygon", "coordinates": [ [ [ [ 16.97484776516184, 52.510619833198909 ], [ 16.974850223483941, 52.510630488589214 ], [ 16.974863416681057, 52.510644925476434 ], [ 16.974884769238091, 52.510658242831184 ], [ 16.974886473366091, 52.510662859110298 ], [ 16.974869966280369, 52.510701252145751 ], [ 16.974864720410089, 52.510728774931202 ], [ 16.974859113967042, 52.510837870097482 ], [ 16.974858341126971, 52.510854676260543 ], [ 16.974865156176957, 52.510876379310616 ], [ 16.974894545126183, 52.510907283228526 ], [ 16.974906035757126, 52.510913865899752 ], [ 16.974936573647391, 52.510919785243743 ], [ 16.97499815334394, 52.510930283384454 ], [ 16.975025533290935, 52.510934349784158 ], [ 16.975042406763695, 52.510936077700435 ], [ 16.975070070389243, 52.510937180817464 ], [ 16.975103518608147, 52.510940721464955 ], [ 16.97528376525667, 52.510944885829261 ], [ 16.975335824439874, 52.510944427657662 ], [ 16.975383165863111, 52.51094397866639 ], [ 16.975405513029067, 52.510938874576134 ], [ 16.97542328973233, 52.51093378220731 ], [ 16.975464983055467, 52.510918305940599 ], [ 16.975485430555104, 52.510906423580501 ], [ 16.975499160052472, 52.510893167045474 ], [ 16.975506135632052, 52.510885731184608 ], [ 16.975509365456151, 52.510873194399188 ], [ 16.975514795427966, 52.51084486524956 ], [ 16.975515696093591, 52.510825273030072 ], [ 16.97551372098523, 52.510804102561885 ], [ 16.975510797743777, 52.51076186914311 ], [ 16.975506187762225, 52.510740293810755 ], [ 16.975500845245023, 52.510728239928817 ], [ 16.975487540261419, 52.510716229669839 ], [ 16.975471550831212, 52.510704893015536 ], [ 16.975437135255813, 52.51068712487907 ], [ 16.975353641550925, 52.510656284515768 ], [ 16.975291182694857, 52.510636057637292 ], [ 16.975125955135539, 52.510574586650101 ], [ 16.97511605592786, 52.510568660841919 ], [ 16.975102964513649, 52.510555215101384 ], [ 16.975087769591209, 52.510542632787121 ], [ 16.975045614745255, 52.510529678944003 ], [ 16.975027506646395, 52.510525951141567 ], [ 16.975006631451503, 52.51052469438288 ], [ 16.97499329185262, 52.510526264909345 ], [ 16.974970973779591, 52.510530739815913 ], [ 16.974958922679519, 52.510533141884082 ], [ 16.974940733117375, 52.510537597512403 ], [ 16.974910453774623, 52.510548501986733 ], [ 16.974895625815684, 52.510556792770345 ], [ 16.974880230490623, 52.510571010096321 ], [ 16.974867450834097, 52.510582843728073 ], [ 16.974850315030608, 52.510609263542051 ], [ 16.97484776516184, 52.510619833198909 ] ] ] ] } },
{ "type": "Feature", "properties": { "gml_id": "OT_ADJA_A.20", "lokalnyId": "322BD60C-5C60-598B-E053-CC2BA8C05138", "przestrzen": "PL.PZGiK.308.BDOT10k", "wersjaId": "2022-01-20T00:00:00", "czyObiektB": 0, "x_kod": "ADJA05", "x_skrKarto": null, "x_katDoklG": "Dok", "x_doklGeom": 1, "x_doklGe_1": "m", "x_zrodloDa": "PRG", "x_zrodlo_1": "PRG", "x_katIstni": null, "x_rodzajRe": "ZP", "x_aktualno": "2022-01-20", "x_aktual_1": "2022-01-20", "poczatekWe": "2022-01-20T00:00:00", "x_dataUtwo": "2012-11-13", "x_kodKarto": "0010_505", "x_kodKar_1": "0025_505", "x_kodKar_2": "0050_505", "x_kodKar_3": "0100_505", "x_kodKar_4": null, "x_kodKar_5": null, "x_kodKar_6": null, "nazwa": "Czerwonak", "idPRG": 1030210420, "idTerytJed": 3021, "idTerytTer": 3021042, "rodzaj": "GW", "PRG|BT_Ref": 1030210420, "PRG|BT_R_1": "PL.PZGiK.200", "x_informDo": null }, "geometry": { "type": "MultiPolygon", "coordinates": [ [ [ [ 16.974536015435778, 52.513974866300828 ], [ 16.974501201843996, 52.514007369373282 ], [ 16.974487013686836, 52.5140273636855 ], [ 16.974484067052348, 52.514036937162381 ], [ 16.974437035058067, 52.514094684959232 ], [ 16.974420211347713, 52.514123898292475 ], [ 16.974392087282492, 52.5141840385009 ], [ 16.974382028965753, 52.514210399538321 ], [ 16.974378339641628, 52.514232912122701 ], [ 16.97438425473965, 52.514280593374579 ], [ 16.974423337262241, 52.514325154838794 ], [ 16.974492894754381, 52.514357825890315 ], [ 16.974605818150867, 52.514402842013752 ], [ 16.974670890762269, 52.514427251342561 ], [ 16.974734373441898, 52.514447765857973 ], [ 16.97478599826443, 52.514466458371807 ], [ 16.974824605882596, 52.51448609729389 ], [ 16.974829309789865, 52.514499219584657 ], [ 16.974829433113189, 52.514515771249897 ], [ 16.974812880466672, 52.51455191490524 ], [ 16.974796803146891, 52.514577723223816 ], [ 16.974840635938186, 52.514589536582321 ], [ 16.974860969933683, 52.514570546865571 ], [ 16.974889689832725, 52.514548732566304 ], [ 16.974935146347303, 52.514544473846549 ], [ 16.975014591671076, 52.514557706214184 ], [ 16.975083374121844, 52.514568777271563 ], [ 16.975145034793712, 52.514574419745813 ], [ 16.975242427883128, 52.514578874877749 ], [ 16.975355930608629, 52.514576050395739 ], [ 16.975414732058574, 52.5145701310649 ], [ 16.975493058759248, 52.514559598956659 ], [ 16.975530234091021, 52.514552679885774 ], [ 16.97558709041073, 52.514531346893769 ], [ 16.975630839967238, 52.514509699657069 ], [ 16.97567055434866, 52.514479618639079 ], [ 16.975701812735359, 52.514444266155905 ], [ 16.97571260988304, 52.514401817818275 ], [ 16.975708781479423, 52.514379266506879 ], [ 16.975681336997496, 52.51431241881172 ], [ 16.975655880118971, 52.514276095871125 ], [ 16.975597106340857, 52.514220494629051 ], [ 16.975562973105408, 52.514196525307135 ], [ 16.975482274918413, 52.514140009172934 ], [ 16.975393945886697, 52.514073108863791 ], [ 16.975313473505484, 52.514034135404174 ], [ 16.975254202632595, 52.514011804472069 ], [ 16.97515037803284, 52.513980526122182 ], [ 16.975111495276465, 52.513963670833853 ], [ 16.974952799834714, 52.513926596197663 ], [ 16.974813061933602, 52.513900459173279 ], [ 16.974773362447717, 52.51389816059563 ], [ 16.974718758288535, 52.513899384465155 ], [ 16.974676632697729, 52.513904959327 ], [ 16.974633800604447, 52.513916278445983 ], [ 16.974592795211578, 52.513932755587966 ], [ 16.974554234687414, 52.513953771735572 ], [ 16.974536015435778, 52.513974866300828 ] ] ] ] } },
{ "type": "Feature", "properties": { "gml_id": "OT_ADJA_A.20", "lokalnyId": "322BD60C-5C60-598B-E053-CC2BA8C05138", "przestrzen": "PL.PZGiK.308.BDOT10k", "wersjaId": "2022-01-20T00:00:00", "czyObiektB": 0, "x_kod": "ADJA05", "x_skrKarto": null, "x_katDoklG": "Dok", "x_doklGeom": 1, "x_doklGe_1": "m", "x_zrodloDa": "PRG", "x_zrodlo_1": "PRG", "x_katIstni": null, "x_rodzajRe": "ZP", "x_aktualno": "2022-01-20", "x_aktual_1": "2022-01-20", "poczatekWe": "2022-01-20T00:00:00", "x_dataUtwo": "2012-11-13", "x_kodKarto": "0010_505", "x_kodKar_1": "0025_505", "x_kodKar_2": "0050_505", "x_kodKar_3": "0100_505", "x_kodKar_4": null, "x_kodKar_5": null, "x_kodKar_6": null, "nazwa": "Czerwonak", "idPRG": 1030210420, "idTerytJed": 3021, "idTerytTer": 3021042, "rodzaj": "GW", "PRG|BT_Ref": 1030210420, "PRG|BT_R_1": "PL.PZGiK.200", "x_informDo": null }, "geometry": { "type": "MultiPolygon", "coordinates": [ [ [ [ 16.972963624989912, 52.514255271448619 ], [ 16.97292936592628, 52.514256483313574 ], [ 16.972903110582433, 52.514266376918563 ], [ 16.972888796626538, 52.514282681214773 ], [ 16.972864276964916, 52.514331729869681 ], [ 16.972840456748912, 52.514413619794233 ], [ 16.972825240129691, 52.514491159974895 ], [ 16.972819193841985, 52.514520018099837 ], [ 16.972838481364256, 52.514581420065383 ], [ 16.972880511329112, 52.514629180565059 ], [ 16.97291671657495, 52.51465615429764 ], [ 16.973013631581761, 52.514699818332282 ], [ 16.973153338693201, 52.514733062459044 ], [ 16.973215885726617, 52.514741869138433 ], [ 16.973248647208766, 52.514741171191588 ], [ 16.973302061518247, 52.514740197439814 ], [ 16.973366012730207, 52.514731309274879 ], [ 16.973407621928878, 52.514720959035934 ], [ 16.973449119428569, 52.514713035336726 ], [ 16.973523633845396, 52.514692455524077 ], [ 16.973558748782576, 52.514682263820404 ], [ 16.973581908104197, 52.514669169025339 ], [ 16.973598100753858, 52.51466009228605 ], [ 16.97360843396045, 52.514650195635362 ], [ 16.973613741974393, 52.514640572683078 ], [ 16.973609608570165, 52.514624671873044 ], [ 16.973595743631375, 52.514618408189342 ], [ 16.973583309496188, 52.514606682473818 ], [ 16.973570975247551, 52.514583175902587 ], [ 16.973556602134504, 52.514536698878331 ], [ 16.973547637909171, 52.514475204035278 ], [ 16.973528505984671, 52.51442001094054 ], [ 16.973501051465096, 52.51438869012852 ], [ 16.973477796495505, 52.514371832166681 ], [ 16.973449699333386, 52.514357679494758 ], [ 16.973415998600274, 52.514346758726333 ], [ 16.97337215084038, 52.514341690322404 ], [ 16.973317595747424, 52.514341835070432 ], [ 16.973244577010739, 52.514342742801624 ], [ 16.973176826798827, 52.514347698252465 ], [ 16.973154005842346, 52.514347037447401 ], [ 16.9731283023151, 52.514341740145973 ], [ 16.973098350666984, 52.514329444425776 ], [ 16.97305664538753, 52.514303455832319 ], [ 16.973013263432179, 52.514275459744553 ], [ 16.972990052593406, 52.51426085102235 ], [ 16.972963624989912, 52.514255271448619 ] ], [ [ 16.973336493348711, 52.514555863969377 ], [ 16.973349133835399, 52.514588729910109 ], [ 16.973346476738083, 52.514608022190764 ], [ 16.973330709449751, 52.514617465955673 ], [ 16.973305010135647, 52.514628088721501 ], [ 16.973275513763515, 52.514637926887289 ], [ 16.973231842002185, 52.514632231845816 ], [ 16.973206998967527, 52.514624251007106 ], [ 16.973171925862221, 52.514607910064115 ], [ 16.973163727390261, 52.514587442431065 ], [ 16.973164134210101, 52.514559387106097 ], [ 16.97316296448124, 52.51453355335245 ], [ 16.973166380514087, 52.514510586404086 ], [ 16.973171818460902, 52.51449493949896 ], [ 16.973189043014418, 52.514476256566041 ], [ 16.973211616527696, 52.51447268579178 ], [ 16.973238491976065, 52.51447494508075 ], [ 16.973265121760218, 52.514485744763952 ], [ 16.973297210649367, 52.514512467974164 ], [ 16.973318301433459, 52.514528299520826 ], [ 16.973336493348711, 52.514555863969377 ] ] ] ] } },
{ "type": "Feature", "properties": { "gml_id": "OT_ADJA_A.20", "lokalnyId": "322BD60C-5C60-598B-E053-CC2BA8C05138", "przestrzen": "PL.PZGiK.308.BDOT10k", "wersjaId": "2022-01-20T00:00:00", "czyObiektB": 0, "x_kod": "ADJA05", "x_skrKarto": null, "x_katDoklG": "Dok", "x_doklGeom": 1, "x_doklGe_1": "m", "x_zrodloDa": "PRG", "x_zrodlo_1": "PRG", "x_katIstni": null, "x_rodzajRe": "ZP", "x_aktualno": "2022-01-20", "x_aktual_1": "2022-01-20", "poczatekWe": "2022-01-20T00:00:00", "x_dataUtwo": "2012-11-13", "x_kodKarto": "0010_505", "x_kodKar_1": "0025_505", "x_kodKar_2": "0050_505", "x_kodKar_3": "0100_505", "x_kodKar_4": null, "x_kodKar_5": null, "x_kodKar_6": null, "nazwa": "Czerwonak", "idPRG": 1030210420, "idTerytJed": 3021, "idTerytTer": 3021042, "rodzaj": "GW", "PRG|BT_Ref": 1030210420, "PRG|BT_R_1": "PL.PZGiK.200", "x_informDo": null }, "geometry": { "type": "MultiPolygon", "coordinates": [ [ [ [ 16.976024280698283, 52.517961795120371 ], [ 16.975976080295744, 52.517887756783246 ], [ 16.975890634866872, 52.517796441730972 ], [ 16.975833090941897, 52.517762088300067 ], [ 16.975748936368262, 52.517742120161678 ], [ 16.975691160712699, 52.5177416712718 ], [ 16.975634340504886, 52.517746095633619 ], [ 16.97556556745603, 52.517766775039597 ], [ 16.975533813727832, 52.51779681236318 ], [ 16.975521782142312, 52.517824398922833 ], [ 16.975520633300206, 52.517849383466654 ], [ 16.97553423318617, 52.517883884533724 ], [ 16.975624867765497, 52.518029074653761 ], [ 16.97570713247762, 52.518122224279573 ], [ 16.975743054799715, 52.518133002489343 ], [ 16.975823791720881, 52.518127907952078 ], [ 16.975966631257993, 52.518093295150535 ], [ 16.976026921775606, 52.518071121248141 ], [ 16.976038082780054, 52.518059259800268 ], [ 16.976044306574043, 52.518023299063998 ], [ 16.976024280698283, 52.517961795120371 ] ] ] ] } },
{ "type": "Feature", "properties": { "gml_id": "OT_ADJA_A.20", "lokalnyId": "322BD60C-5C60-598B-E053-CC2BA8C05138", "przestrzen": "PL.PZGiK.308.BDOT10k", "wersjaId": "2022-01-20T00:00:00", "czyObiektB": 0, "x_kod": "ADJA05", "x_skrKarto": null, "x_katDoklG": "Dok", "x_doklGeom": 1, "x_doklGe_1": "m", "x_zrodloDa": "PRG", "x_zrodlo_1": "PRG", "x_katIstni": null, "x_rodzajRe": "ZP", "x_aktualno": "2022-01-20", "x_aktual_1": "2022-01-20", "poczatekWe": "2022-01-20T00:00:00", "x_dataUtwo": "2012-11-13", "x_kodKarto": "0010_505", "x_kodKar_1": "0025_505", "x_kodKar_2": "0050_505", "x_kodKar_3": "0100_505", "x_kodKar_4": null, "x_kodKar_5": null, "x_kodKar_6": null, "nazwa": "Czerwonak", "idPRG": 1030210420, "idTerytJed": 3021, "idTerytTer": 3021042, "rodzaj": "GW", "PRG|BT_Ref": 1030210420, "PRG|BT_R_1": "PL.PZGiK.200", "x_informDo": null }, "geometry": { "type": "MultiPolygon", "coordinates": [ [ [ [ 16.967487971801987, 52.51923511648009 ], [ 16.967469067541721, 52.519171921364929 ], [ 16.967431359660178, 52.519139163800304 ], [ 16.967415531154909, 52.519124321054804 ], [ 16.967364389666425, 52.519101496265826 ], [ 16.967320898901175, 52.519082220745851 ], [ 16.96727755965102, 52.519062857869486 ], [ 16.967192954103414, 52.518995205949906 ], [ 16.967152816408845, 52.518864997970667 ], [ 16.967034174878687, 52.518784079102502 ], [ 16.966932212682906, 52.51874428098747 ], [ 16.966787449227414, 52.518727762086151 ], [ 16.966710167334398, 52.518728232796065 ], [ 16.966665187214566, 52.518728449126918 ], [ 16.966599145422464, 52.51875690541948 ], [ 16.966571858533712, 52.518798619836744 ], [ 16.966562136454819, 52.518859074517437 ], [ 16.966606888175434, 52.518889345074413 ], [ 16.966693505703631, 52.518913409506368 ], [ 16.966753102431888, 52.518922348747736 ], [ 16.966774778091708, 52.518931895474338 ], [ 16.966788869501617, 52.518949226867235 ], [ 16.966774985342319, 52.518978489658089 ], [ 16.966751898535549, 52.518986727450674 ], [ 16.966713386032612, 52.518984176767496 ], [ 16.966607638544037, 52.518975253811533 ], [ 16.966578181335095, 52.518987339586729 ], [ 16.966571651052284, 52.519004226630322 ], [ 16.966588311086994, 52.519042558981049 ], [ 16.966653574651204, 52.519078848483701 ], [ 16.96674346057813, 52.519131121296127 ], [ 16.966823760003297, 52.519193033110938 ], [ 16.966909212011625, 52.519242351410846 ], [ 16.966926582151061, 52.519252543666099 ], [ 16.966943952298543, 52.519262735918879 ], [ 16.966966474766171, 52.519285878595099 ], [ 16.966966570188379, 52.519309355430501 ], [ 16.966945624621662, 52.519354236970592 ], [ 16.966911054294972, 52.519381255492227 ], [ 16.966870678015599, 52.519387127503272 ], [ 16.966757498757033, 52.519382664083061 ], [ 16.966635882520116, 52.519362945079365 ], [ 16.966586307500563, 52.519373246004434 ], [ 16.966574811615335, 52.519385910312067 ], [ 16.966563668427668, 52.519403707447651 ], [ 16.966571800412712, 52.51941598955753 ], [ 16.966579789224784, 52.519428179262775 ], [ 16.966662353102606, 52.519457030974529 ], [ 16.96679352096583, 52.519496611675336 ], [ 16.966862458124869, 52.519555539948676 ], [ 16.966863468188539, 52.519683726474121 ], [ 16.966844369169543, 52.519720544833476 ], [ 16.966825274268405, 52.519757273317275 ], [ 16.966785449413383, 52.519795894129601 ], [ 16.966694283150659, 52.519835161614907 ], [ 16.966622539552244, 52.519856144586683 ], [ 16.966578969445866, 52.519844962330239 ], [ 16.966491308200194, 52.519843455653778 ], [ 16.966423963812286, 52.519852191889534 ], [ 16.966350428919917, 52.519895989500718 ], [ 16.966286957451722, 52.519970900541416 ], [ 16.96629338001172, 52.520080831685192 ], [ 16.966309814286078, 52.52022619268584 ], [ 16.966373535519214, 52.5203948523124 ], [ 16.966397855888673, 52.520516333989931 ], [ 16.966414354398776, 52.520558171364719 ], [ 16.966431000271562, 52.520600011269607 ], [ 16.966447403358902, 52.520643915693832 ], [ 16.966492414165657, 52.520668614244471 ], [ 16.966519539965759, 52.520668720698772 ], [ 16.966549290806526, 52.520666263909334 ], [ 16.966583409904057, 52.520649041550648 ], [ 16.966628012878939, 52.520583609887652 ], [ 16.966688023217856, 52.520532564094133 ], [ 16.966785254798342, 52.520425853449332 ], [ 16.966952989136544, 52.520344189222918 ], [ 16.967072701180296, 52.520299835554695 ], [ 16.967134872863699, 52.520253054010091 ], [ 16.967202198712986, 52.520145739231857 ], [ 16.967239352832468, 52.520091512209703 ], [ 16.967270024249174, 52.520024401851906 ], [ 16.967349422448489, 52.519955790125678 ], [ 16.967348015045346, 52.519884081163774 ], [ 16.967355094817432, 52.519832935137103 ], [ 16.967347099065499, 52.519760213549525 ], [ 16.96734213519041, 52.519714437087217 ], [ 16.967320217556107, 52.519588769552158 ], [ 16.967316152115931, 52.51952672879127 ], [ 16.967348918842053, 52.519465320836389 ], [ 16.967425454059931, 52.519359693189131 ], [ 16.96747965565298, 52.51929388645511 ], [ 16.96749601702318, 52.519262057787778 ], [ 16.967487971801987, 52.51923511648009 ] ] ] ] } },
{ "type": "Feature", "properties": { "gml_id": "OT_ADJA_A.20", "lokalnyId": "322BD60C-5C60-598B-E053-CC2BA8C05138", "przestrzen": "PL.PZGiK.308.BDOT10k", "wersjaId": "2022-01-20T00:00:00", "czyObiektB": 0, "x_kod": "ADJA05", "x_skrKarto": null, "x_katDoklG": "Dok", "x_doklGeom": 1, "x_doklGe_1": "m", "x_zrodloDa": "PRG", "x_zrodlo_1": "PRG", "x_katIstni": null, "x_rodzajRe": "ZP", "x_aktualno": "2022-01-20", "x_aktual_1": "2022-01-20", "poczatekWe": "2022-01-20T00:00:00", "x_dataUtwo": "2012-11-13", "x_kodKarto": "0010_505", "x_kodKar_1": "0025_505", "x_kodKar_2": "0050_505", "x_kodKar_3": "0100_505", "x_kodKar_4": null, "x_kodKar_5": null, "x_kodKar_6": null, "nazwa": "Czerwonak", "idPRG": 1030210420, "idTerytJed": 3021, "idTerytTer": 3021042, "rodzaj": "GW", "PRG|BT_Ref": 1030210420, "PRG|BT_R_1": "PL.PZGiK.200", "x_informDo": null }, "geometry": { "type": "MultiPolygon", "coordinates": [ [ [ [ 16.970429422712087, 52.530538760289048 ], [ 16.970455902540113, 52.530533817904626 ], [ 16.97046790504238, 52.530526198730108 ], [ 16.970478667828935, 52.530510283527164 ], [ 16.970501875642334, 52.530378015553879 ], [ 16.970513278942285, 52.530322626322118 ], [ 16.970508670089433, 52.530307436832963 ], [ 16.970501973721358, 52.530299137155261 ], [ 16.970483577484224, 52.530291896000215 ], [ 16.970336856673278, 52.530272200168838 ], [ 16.970163192665467, 52.530245116326704 ], [ 16.970143408452909, 52.530245586412683 ], [ 16.970127194569525, 52.530251784160271 ], [ 16.970120443335215, 52.530260662648566 ], [ 16.970118048998376, 52.530274202978603 ], [ 16.970093474096146, 52.530468058445805 ], [ 16.970099370333859, 52.530493703435205 ], [ 16.970105788907514, 52.530508024556653 ], [ 16.970131908914098, 52.530523673037635 ], [ 16.970157878884567, 52.530529784972096 ], [ 16.970223299198583, 52.530534325083018 ], [ 16.97034313487055, 52.530538989097934 ], [ 16.970429422712087, 52.530538760289048 ] ] ] ] } },
{ "type": "Feature", "properties": { "gml_id": "OT_ADJA_A.20", "lokalnyId": "322BD60C-5C60-598B-E053-CC2BA8C05138", "przestrzen": "PL.PZGiK.308.BDOT10k", "wersjaId": "2022-01-20T00:00:00", "czyObiektB": 0, "x_kod": "ADJA05", "x_skrKarto": null, "x_katDoklG": "Dok", "x_doklGeom": 1, "x_doklGe_1": "m", "x_zrodloDa": "PRG", "x_zrodlo_1": "PRG", "x_katIstni": null, "x_rodzajRe": "ZP", "x_aktualno": "2022-01-20", "x_aktual_1": "2022-01-20", "poczatekWe": "2022-01-20T00:00:00", "x_dataUtwo": "2012-11-13", "x_kodKarto": "0010_505", "x_kodKar_1": "0025_505", "x_kodKar_2": "0050_505", "x_kodKar_3": "0100_505", "x_kodKar_4": null, "x_kodKar_5": null, "x_kodKar_6": null, "nazwa": "Czerwonak", "idPRG": 1030210420, "idTerytJed": 3021, "idTerytTer": 3021042, "rodzaj": "GW", "PRG|BT_Ref": 1030210420, "PRG|BT_R_1": "PL.PZGiK.200", "x_informDo": null }, "geometry": { "type": "MultiPolygon", "coordinates": [ [ [ [ 16.970096724282932, 52.531027470219747 ], [ 16.970282027943014, 52.531035685869988 ], [ 16.970338569223543, 52.53103449712993 ], [ 16.97036320404759, 52.531027994083949 ], [ 16.970377703661537, 52.531020597637848 ], [ 16.970390571201218, 52.531003819115455 ], [ 16.970397887619072, 52.530973094140272 ], [ 16.970405564634476, 52.530934550302511 ], [ 16.97039745536329, 52.530905719363986 ], [ 16.970395187789435, 52.530890929804151 ], [ 16.970377330171949, 52.530872005274148 ], [ 16.970345290758765, 52.530863180928868 ], [ 16.970174186653249, 52.530850891697675 ], [ 16.970061351419048, 52.530851114599621 ], [ 16.970025585358982, 52.530859135532232 ], [ 16.970006011584335, 52.530877417937234 ], [ 16.969990794740134, 52.530900362185669 ], [ 16.969992378512423, 52.530936366589295 ], [ 16.969994336561324, 52.530983440412562 ], [ 16.970004335710581, 52.531000071544931 ], [ 16.970037245433925, 52.531018804651751 ], [ 16.970096724282932, 52.531027470219747 ] ] ] ] } },
{ "type": "Feature", "properties": { "gml_id": "OT_ADJA_A.20", "lokalnyId": "322BD60C-5C60-598B-E053-CC2BA8C05138", "przestrzen": "PL.PZGiK.308.BDOT10k", "wersjaId": "2022-01-20T00:00:00", "czyObiektB": 0, "x_kod": "ADJA05", "x_skrKarto": null, "x_katDoklG": "Dok", "x_doklGeom": 1, "x_doklGe_1": "m", "x_zrodloDa": "PRG", "x_zrodlo_1": "PRG", "x_katIstni": null, "x_rodzajRe": "ZP", "x_aktualno": "2022-01-20", "x_aktual_1": "2022-01-20", "poczatekWe": "2022-01-20T00:00:00", "x_dataUtwo": "2012-11-13", "x_kodKarto": "0010_505", "x_kodKar_1": "0025_505", "x_kodKar_2": "0050_505", "x_kodKar_3": "0100_505", "x_kodKar_4": null, "x_kodKar_5": null, "x_kodKar_6": null, "nazwa": "Czerwonak", "idPRG": 1030210420, "idTerytJed": 3021, "idTerytTer": 3021042, "rodzaj": "GW", "PRG|BT_Ref": 1030210420, "PRG|BT_R_1": "PL.PZGiK.200", "x_informDo": null }, "geometry": { "type": "MultiPolygon", "coordinates": [ [ [ [ 16.967765836622974, 52.532293163618952 ], [ 16.967795802862906, 52.532292598969534 ], [ 16.96783407171629, 52.532291097588661 ], [ 16.967868803649154, 52.532289535451795 ], [ 16.967884163497175, 52.532289079698764 ], [ 16.967893121999932, 52.532286715145588 ], [ 16.967899133070162, 52.532284299972815 ], [ 16.967901657024868, 52.532280745595322 ], [ 16.967904164378233, 52.532277550705039 ], [ 16.96790689999354, 52.532269412864828 ], [ 16.967909353082511, 52.5322418424647 ], [ 16.967908638935111, 52.532231756573772 ], [ 16.967906123129801, 52.532222359286123 ], [ 16.967901062623863, 52.532216965735117 ], [ 16.967888326359009, 52.532211710189777 ], [ 16.96786679558252, 52.53220846223882 ], [ 16.967802053857358, 52.532201953747887 ], [ 16.967789429731571, 52.532200657613849 ], [ 16.9677770817013, 52.532202963944151 ], [ 16.96777046454859, 52.532205728473613 ], [ 16.96775529576388, 52.532214822030298 ], [ 16.967741144072161, 52.532227440834568 ], [ 16.967736239468898, 52.532247413906639 ], [ 16.967734770061917, 52.532266456605051 ], [ 16.967735488320358, 52.532276452624764 ], [ 16.967739058494619, 52.53228218035845 ], [ 16.967740837356246, 52.532285179032947 ], [ 16.967752378049223, 52.532290773832351 ], [ 16.967765836622974, 52.532293163618952 ] ] ] ] } },
{ "type": "Feature", "properties": { "gml_id": "OT_ADJA_A.20", "lokalnyId": "322BD60C-5C60-598B-E053-CC2BA8C05138", "przestrzen": "PL.PZGiK.308.BDOT10k", "wersjaId": "2022-01-20T00:00:00", "czyObiektB": 0, "x_kod": "ADJA05", "x_skrKarto": null, "x_katDoklG": "Dok", "x_doklGeom": 1, "x_doklGe_1": "m", "x_zrodloDa": "PRG", "x_zrodlo_1": "PRG", "x_katIstni": null, "x_rodzajRe": "ZP", "x_aktualno": "2022-01-20", "x_aktual_1": "2022-01-20", "poczatekWe": "2022-01-20T00:00:00", "x_dataUtwo": "2012-11-13", "x_kodKarto": "0010_505", "x_kodKar_1": "0025_505", "x_kodKar_2": "0050_505", "x_kodKar_3": "0100_505", "x_kodKar_4": null, "x_kodKar_5": null, "x_kodKar_6": null, "nazwa": "Czerwonak", "idPRG": 1030210420, "idTerytJed": 3021, "idTerytTer": 3021042, "rodzaj": "GW", "PRG|BT_Ref": 1030210420, "PRG|BT_R_1": "PL.PZGiK.200", "x_informDo": null }, "geometry": { "type": "MultiPolygon", "coordinates": [ [ [ [ 16.966036154897225, 52.533657471851143 ], [ 16.966036532933916, 52.533649293527304 ], [ 16.966018837936517, 52.533633249316161 ], [ 16.966015259776839, 52.533621315319692 ], [ 16.966020034368846, 52.533607366269379 ], [ 16.966024557725305, 52.533595661477769 ], [ 16.966025276814808, 52.533567341761767 ], [ 16.966016862365265, 52.53355154702114 ], [ 16.96597966045109, 52.53351717886472 ], [ 16.965965969381198, 52.533507049773775 ], [ 16.965954615342017, 52.533503796531015 ], [ 16.965941982594703, 52.53350267994027 ], [ 16.965925229458865, 52.53350455058257 ], [ 16.965898006320685, 52.533509569131759 ], [ 16.965842928977811, 52.533520494793734 ], [ 16.965828519183912, 52.53352591348812 ], [ 16.96582571247184, 52.53353557909255 ], [ 16.965833049290097, 52.53355873065609 ], [ 16.965861049765842, 52.53358475585555 ], [ 16.965888973525882, 52.533609250696493 ], [ 16.965907803959876, 52.533623065868753 ], [ 16.96592440933405, 52.53363396460901 ], [ 16.96595114626756, 52.533645846998432 ], [ 16.965984367759656, 52.533657840850736 ], [ 16.96600001849124, 52.533663866242449 ], [ 16.966022461189876, 52.533663352593841 ], [ 16.966036154897225, 52.533657471851143 ] ] ] ] } },
{ "type": "Feature", "properties": { "gml_id": "OT_ADJA_A.20", "lokalnyId": "322BD60C-5C60-598B-E053-CC2BA8C05138", "przestrzen": "PL.PZGiK.308.BDOT10k", "wersjaId": "2022-01-20T00:00:00", "czyObiektB": 0, "x_kod": "ADJA05", "x_skrKarto": null, "x_katDoklG": "Dok", "x_doklGeom": 1, "x_doklGe_1": "m", "x_zrodloDa": "PRG", "x_zrodlo_1": "PRG", "x_katIstni": null, "x_rodzajRe": "ZP", "x_aktualno": "2022-01-20", "x_aktual_1": "2022-01-20", "poczatekWe": "2022-01-20T00:00:00", "x_dataUtwo": "2012-11-13", "x_kodKarto": "0010_505", "x_kodKar_1": "0025_505", "x_kodKar_2": "0050_505", "x_kodKar_3": "0100_505", "x_kodKar_4": null, "x_kodKar_5": null, "x_kodKar_6": null, "nazwa": "Czerwonak", "idPRG": 1030210420, "idTerytJed": 3021, "idTerytTer": 3021042, "rodzaj": "GW", "PRG|BT_Ref": 1030210420, "PRG|BT_R_1": "PL.PZGiK.200", "x_informDo": null }, "geometry": { "type": "MultiPolygon", "coordinates": [ [ [ [ 16.968125990857139, 52.53437280641797 ], [ 16.968109758559955, 52.534379363353992 ], [ 16.968093127842586, 52.534394547979936 ], [ 16.968066579576355, 52.534439243508203 ], [ 16.968057167768297, 52.534563203308728 ], [ 16.968062855787778, 52.534593341965895 ], [ 16.968073753834069, 52.534612866865757 ], [ 16.96808984955052, 52.534628433581005 ], [ 16.96814228768536, 52.534636349591331 ], [ 16.968182397566689, 52.534626964708195 ], [ 16.968213172615997, 52.534612112884368 ], [ 16.968222091983154, 52.534601023155481 ], [ 16.968242717430112, 52.534409888541788 ], [ 16.968237031557628, 52.534389283894193 ], [ 16.968210534354739, 52.534378575406585 ], [ 16.968180761744936, 52.534374916172013 ], [ 16.968153162468795, 52.5343721037367 ], [ 16.968134420487406, 52.534372321566984 ], [ 16.968125990857139, 52.53437280641797 ] ] ] ] } },
{ "type": "Feature", "properties": { "gml_id": "OT_ADJA_A.20", "lokalnyId": "322BD60C-5C60-598B-E053-CC2BA8C05138", "przestrzen": "PL.PZGiK.308.BDOT10k", "wersjaId": "2022-01-20T00:00:00", "czyObiektB": 0, "x_kod": "ADJA05", "x_skrKarto": null, "x_katDoklG": "Dok", "x_doklGeom": 1, "x_doklGe_1": "m", "x_zrodloDa": "PRG", "x_zrodlo_1": "PRG", "x_katIstni": null, "x_rodzajRe": "ZP", "x_aktualno": "2022-01-20", "x_aktual_1": "2022-01-20", "poczatekWe": "2022-01-20T00:00:00", "x_dataUtwo": "2012-11-13", "x_kodKarto": "0010_505", "x_kodKar_1": "0025_505", "x_kodKar_2": "0050_505", "x_kodKar_3": "0100_505", "x_kodKar_4": null, "x_kodKar_5": null, "x_kodKar_6": null, "nazwa": "Czerwonak", "idPRG": 1030210420, "idTerytJed": 3021, "idTerytTer": 3021042, "rodzaj": "GW", "PRG|BT_Ref": 1030210420, "PRG|BT_R_1": "PL.PZGiK.200", "x_informDo": null }, "geometry": { "type": "MultiPolygon", "coordinates": [ [ [ [ 16.963090165885042, 52.540465226203487 ], [ 16.963134859447948, 52.540500353762056 ], [ 16.963230815976274, 52.540502005410417 ], [ 16.963356399649548, 52.540504166897286 ], [ 16.963443946785866, 52.540477161692699 ], [ 16.963484546207638, 52.540428661566196 ], [ 16.963489866852242, 52.54027549018145 ], [ 16.963466261813675, 52.540237307858099 ], [ 16.963410399261651, 52.540223574531083 ], [ 16.963381928917805, 52.540220386244833 ], [ 16.963063617310546, 52.540184776486647 ], [ 16.962785408042308, 52.540175130271805 ], [ 16.962759472998332, 52.540187275802786 ], [ 16.9627386732292, 52.540225503282898 ], [ 16.962737645222187, 52.54024770152018 ], [ 16.962769423805113, 52.540278199663248 ], [ 16.962968735018304, 52.540319227033827 ], [ 16.963015036149702, 52.540345118178763 ], [ 16.963041336720799, 52.540391981527108 ], [ 16.963061037049155, 52.540444397668047 ], [ 16.963090165885042, 52.540465226203487 ] ] ] ] } },
{ "type": "Feature", "properties": { "gml_id": "OT_ADJA_A.20", "lokalnyId": "322BD60C-5C60-598B-E053-CC2BA8C05138", "przestrzen": "PL.PZGiK.308.BDOT10k", "wersjaId": "2022-01-20T00:00:00", "czyObiektB": 0, "x_kod": "ADJA05", "x_skrKarto": null, "x_katDoklG": "Dok", "x_doklGeom": 1, "x_doklGe_1": "m", "x_zrodloDa": "PRG", "x_zrodlo_1": "PRG", "x_katIstni": null, "x_rodzajRe": "ZP", "x_aktualno": "2022-01-20", "x_aktual_1": "2022-01-20", "poczatekWe": "2022-01-20T00:00:00", "x_dataUtwo": "2012-11-13", "x_kodKarto": "0010_505", "x_kodKar_1": "0025_505", "x_kodKar_2": "0050_505", "x_kodKar_3": "0100_505", "x_kodKar_4": null, "x_kodKar_5": null, "x_kodKar_6": null, "nazwa": "Czerwonak", "idPRG": 1030210420, "idTerytJed": 3021, "idTerytTer": 3021042, "rodzaj": "GW", "PRG|BT_Ref": 1030210420, "PRG|BT_R_1": "PL.PZGiK.200", "x_informDo": null }, "geometry": { "type": "MultiPolygon", "coordinates": [ [ [ [ 16.977850025537467, 52.544803572156241 ], [ 16.977828102208967, 52.544712445268601 ], [ 16.977806621739024, 52.544659821453735 ], [ 16.977785501178882, 52.54462825039576 ], [ 16.977751741836276, 52.544611663686027 ], [ 16.977710255138089, 52.544605917934213 ], [ 16.977674114084653, 52.544615463851557 ], [ 16.977643402630189, 52.544635266081926 ], [ 16.977640453201239, 52.54465770137395 ], [ 16.977633216272281, 52.544670709344778 ], [ 16.977627246773991, 52.544678612236353 ], [ 16.97760898819228, 52.544687474366832 ], [ 16.977583411272484, 52.544698280108541 ], [ 16.977573483675268, 52.54471205157737 ], [ 16.977600238264408, 52.544823228379371 ], [ 16.977607518516866, 52.544873450927483 ], [ 16.977624719317735, 52.544887596072158 ], [ 16.977640943291345, 52.544897317324448 ], [ 16.977656091259323, 52.544904771616707 ], [ 16.977698572944991, 52.544911343873665 ], [ 16.977750192784917, 52.544902062458497 ], [ 16.977799115151647, 52.544900110234117 ], [ 16.977832926839305, 52.544899518751613 ], [ 16.977863686937191, 52.544901123684667 ], [ 16.977877805551351, 52.544892460601737 ], [ 16.977877846574874, 52.544872314120319 ], [ 16.977863545449193, 52.54483681217998 ], [ 16.977850025537467, 52.544803572156241 ] ] ] ] } },
{ "type": "Feature", "properties": { "gml_id": "OT_ADJA_A.20", "lokalnyId": "322BD60C-5C60-598B-E053-CC2BA8C05138", "przestrzen": "PL.PZGiK.308.BDOT10k", "wersjaId": "2022-01-20T00:00:00", "czyObiektB": 0, "x_kod": "ADJA05", "x_skrKarto": null, "x_katDoklG": "Dok", "x_doklGeom": 1, "x_doklGe_1": "m", "x_zrodloDa": "PRG", "x_zrodlo_1": "PRG", "x_katIstni": null, "x_rodzajRe": "ZP", "x_aktualno": "2022-01-20", "x_aktual_1": "2022-01-20", "poczatekWe": "2022-01-20T00:00:00", "x_dataUtwo": "2012-11-13", "x_kodKarto": "0010_505", "x_kodKar_1": "0025_505", "x_kodKar_2": "0050_505", "x_kodKar_3": "0100_505", "x_kodKar_4": null, "x_kodKar_5": null, "x_kodKar_6": null, "nazwa": "Czerwonak", "idPRG": 1030210420, "idTerytJed": 3021, "idTerytTer": 3021042, "rodzaj": "GW", "PRG|BT_Ref": 1030210420, "PRG|BT_R_1": "PL.PZGiK.200", "x_informDo": null }, "geometry": { "type": "MultiPolygon", "coordinates": [ [ [ [ 16.958968626975569, 52.546164507144596 ], [ 16.958945316755472, 52.546151782910883 ], [ 16.95891865349024, 52.546138191353201 ], [ 16.958900002098758, 52.546117272704485 ], [ 16.958886860815394, 52.546098427837286 ], [ 16.958882474245918, 52.546084860722544 ], [ 16.958864792400895, 52.546074841898104 ], [ 16.958850167489558, 52.546072071240609 ], [ 16.958834032311689, 52.546073232025442 ], [ 16.958816268641939, 52.546077692611497 ], [ 16.958800218450961, 52.546089737965318 ], [ 16.958793436507463, 52.546134142790052 ], [ 16.958800810778563, 52.546178701846856 ], [ 16.958813169357907, 52.546217590520278 ], [ 16.958825127414265, 52.546255572853305 ], [ 16.958836950442379, 52.54628374906487 ], [ 16.958867545586365, 52.546311169741728 ], [ 16.958914458109536, 52.546330327258936 ], [ 16.95894728223108, 52.546331972708387 ], [ 16.958977249405304, 52.546312522205021 ], [ 16.958981608682222, 52.546275810689096 ], [ 16.958982064022145, 52.546231026911485 ], [ 16.958985664072681, 52.546201137971259 ], [ 16.958968626975569, 52.546164507144596 ] ] ] ] } },
{ "type": "Feature", "properties": { "gml_id": "OT_ADJA_A.20", "lokalnyId": "322BD60C-5C60-598B-E053-CC2BA8C05138", "przestrzen": "PL.PZGiK.308.BDOT10k", "wersjaId": "2022-01-20T00:00:00", "czyObiektB": 0, "x_kod": "ADJA05", "x_skrKarto": null, "x_katDoklG": "Dok", "x_doklGeom": 1, "x_doklGe_1": "m", "x_zrodloDa": "PRG", "x_zrodlo_1": "PRG", "x_katIstni": null, "x_rodzajRe": "ZP", "x_aktualno": "2022-01-20", "x_aktual_1": "2022-01-20", "poczatekWe": "2022-01-20T00:00:00", "x_dataUtwo": "2012-11-13", "x_kodKarto": "0010_505", "x_kodKar_1": "0025_505", "x_kodKar_2": "0050_505", "x_kodKar_3": "0100_505", "x_kodKar_4": null, "x_kodKar_5": null, "x_kodKar_6": null, "nazwa": "Czerwonak", "idPRG": 1030210420, "idTerytJed": 3021, "idTerytTer": 3021042, "rodzaj": "GW", "PRG|BT_Ref": 1030210420, "PRG|BT_R_1": "PL.PZGiK.200", "x_informDo": null }, "geometry": { "type": "MultiPolygon", "coordinates": [ [ [ [ 16.957560761871967, 52.550887230002047 ], [ 16.957553934365638, 52.550869033629063 ], [ 16.957534011725116, 52.550853219600256 ], [ 16.957507602056999, 52.550837293610016 ], [ 16.957460877062648, 52.550833069351249 ], [ 16.957398821726233, 52.550834876487762 ], [ 16.95734175099102, 52.550850081190376 ], [ 16.957290812412776, 52.550873036865291 ], [ 16.957268748447976, 52.550893792630404 ], [ 16.957246831895201, 52.550914550935971 ], [ 16.957222263683676, 52.550960627391959 ], [ 16.957148990465324, 52.551235667472028 ], [ 16.957130026840773, 52.551348488411406 ], [ 16.957148237270328, 52.551420217491852 ], [ 16.957188615553381, 52.551557897657005 ], [ 16.957226412515404, 52.55158598268882 ], [ 16.957281553526933, 52.55157740050943 ], [ 16.957327903107586, 52.551548429391126 ], [ 16.957371653683335, 52.551489642267924 ], [ 16.957382289766574, 52.551429024384539 ], [ 16.957425430670245, 52.551383358395249 ], [ 16.957473456726333, 52.55131511107038 ], [ 16.957493229897651, 52.551226138945751 ], [ 16.957491260588203, 52.55114146860442 ], [ 16.957515161085983, 52.551090703535714 ], [ 16.957542619299058, 52.551045936100245 ], [ 16.957564607224107, 52.550995048070583 ], [ 16.957567646004637, 52.55092962201671 ], [ 16.957560761871967, 52.550887230002047 ] ] ] ] } },
{ "type": "Feature", "properties": { "gml_id": "OT_ADJA_A.20", "lokalnyId": "322BD60C-5C60-598B-E053-CC2BA8C05138", "przestrzen": "PL.PZGiK.308.BDOT10k", "wersjaId": "2022-01-20T00:00:00", "czyObiektB": 0, "x_kod": "ADJA05", "x_skrKarto": null, "x_katDoklG": "Dok", "x_doklGeom": 1, "x_doklGe_1": "m", "x_zrodloDa": "PRG", "x_zrodlo_1": "PRG", "x_katIstni": null, "x_rodzajRe": "ZP", "x_aktualno": "2022-01-20", "x_aktual_1": "2022-01-20", "poczatekWe": "2022-01-20T00:00:00", "x_dataUtwo": "2012-11-13", "x_kodKarto": "0010_505", "x_kodKar_1": "0025_505", "x_kodKar_2": "0050_505", "x_kodKar_3": "0100_505", "x_kodKar_4": null, "x_kodKar_5": null, "x_kodKar_6": null, "nazwa": "Czerwonak", "idPRG": 1030210420, "idTerytJed": 3021, "idTerytTer": 3021042, "rodzaj": "GW", "PRG|BT_Ref": 1030210420, "PRG|BT_R_1": "PL.PZGiK.200", "x_informDo": null }, "geometry": { "type": "MultiPolygon", "coordinates": [ [ [ [ 16.955556367135578, 52.551120201032802 ], [ 16.955532713300741, 52.551127527504867 ], [ 16.955462451880891, 52.551163010440575 ], [ 16.955409112358449, 52.551212187196704 ], [ 16.955358264198939, 52.551255380789932 ], [ 16.955309115284283, 52.551303280757118 ], [ 16.955296100333204, 52.551329319255252 ], [ 16.955301970015132, 52.55136809616625 ], [ 16.955315508251505, 52.55137840368819 ], [ 16.955341678709903, 52.551386770823548 ], [ 16.955381217385778, 52.551390062273846 ], [ 16.955417344811426, 52.551384210532255 ], [ 16.955460526432375, 52.551363100392209 ], [ 16.955523324542071, 52.55132946727084 ], [ 16.955593782543474, 52.551267544447477 ], [ 16.955648443989094, 52.551183582497607 ], [ 16.955639800829474, 52.551140980087588 ], [ 16.955615027774787, 52.55111842616018 ], [ 16.955584119853526, 52.551113574965413 ], [ 16.955556367135578, 52.551120201032802 ] ] ] ] } },
{ "type": "Feature", "properties": { "gml_id": "OT_ADJA_A.20", "lokalnyId": "322BD60C-5C60-598B-E053-CC2BA8C05138", "przestrzen": "PL.PZGiK.308.BDOT10k", "wersjaId": "2022-01-20T00:00:00", "czyObiektB": 0, "x_kod": "ADJA05", "x_skrKarto": null, "x_katDoklG": "Dok", "x_doklGeom": 1, "x_doklGe_1": "m", "x_zrodloDa": "PRG", "x_zrodlo_1": "PRG", "x_katIstni": null, "x_rodzajRe": "ZP", "x_aktualno": "2022-01-20", "x_aktual_1": "2022-01-20", "poczatekWe": "2022-01-20T00:00:00", "x_dataUtwo": "2012-11-13", "x_kodKarto": "0010_505", "x_kodKar_1": "0025_505", "x_kodKar_2": "0050_505", "x_kodKar_3": "0100_505", "x_kodKar_4": null, "x_kodKar_5": null, "x_kodKar_6": null, "nazwa": "Czerwonak", "idPRG": 1030210420, "idTerytJed": 3021, "idTerytTer": 3021042, "rodzaj": "GW", "PRG|BT_Ref": 1030210420, "PRG|BT_R_1": "PL.PZGiK.200", "x_informDo": null }, "geometry": { "type": "MultiPolygon", "coordinates": [ [ [ [ 16.96071908272836, 52.551660609011002 ], [ 16.960718640940048, 52.551670135349596 ], [ 16.960750599152121, 52.551785992875054 ], [ 16.960762137216935, 52.551794916153611 ], [ 16.960781451369431, 52.551795248955834 ], [ 16.960926604142969, 52.551780211111037 ], [ 16.960939135657391, 52.551770893073801 ], [ 16.960942144747083, 52.551756913821791 ], [ 16.960911019638438, 52.551648535968781 ], [ 16.960891976433562, 52.551642361564973 ], [ 16.960733588224691, 52.551656451757275 ], [ 16.96071908272836, 52.551660609011002 ] ] ] ] } },
{ "type": "Feature", "properties": { "gml_id": "OT_ADJA_A.20", "lokalnyId": "322BD60C-5C60-598B-E053-CC2BA8C05138", "przestrzen": "PL.PZGiK.308.BDOT10k", "wersjaId": "2022-01-20T00:00:00", "czyObiektB": 0, "x_kod": "ADJA05", "x_skrKarto": null, "x_katDoklG": "Dok", "x_doklGeom": 1, "x_doklGe_1": "m", "x_zrodloDa": "PRG", "x_zrodlo_1": "PRG", "x_katIstni": null, "x_rodzajRe": "ZP", "x_aktualno": "2022-01-20", "x_aktual_1": "2022-01-20", "poczatekWe": "2022-01-20T00:00:00", "x_dataUtwo": "2012-11-13", "x_kodKarto": "0010_505", "x_kodKar_1": "0025_505", "x_kodKar_2": "0050_505", "x_kodKar_3": "0100_505", "x_kodKar_4": null, "x_kodKar_5": null, "x_kodKar_6": null, "nazwa": "Czerwonak", "idPRG": 1030210420, "idTerytJed": 3021, "idTerytTer": 3021042, "rodzaj": "GW", "PRG|BT_Ref": 1030210420, "PRG|BT_R_1": "PL.PZGiK.200", "x_informDo": null }, "geometry": { "type": "MultiPolygon", "coordinates": [ [ [ [ 16.960734594719174, 52.552360182596793 ], [ 16.960647900579776, 52.552349154768422 ], [ 16.960601776394039, 52.552354206239713 ], [ 16.960574567998112, 52.552371366186115 ], [ 16.960564167541232, 52.552388815773071 ], [ 16.960609115697032, 52.552612738742184 ], [ 16.960639886519356, 52.552677848008216 ], [ 16.960658435129329, 52.552713785033603 ], [ 16.960655835730293, 52.552798466474385 ], [ 16.960699809537005, 52.552941603858052 ], [ 16.96072754909887, 52.552967085978409 ], [ 16.960770488064696, 52.552976640265832 ], [ 16.960917395325687, 52.552974764304224 ], [ 16.961026243161346, 52.552966296221186 ], [ 16.961045885468039, 52.552956381137932 ], [ 16.961048841440224, 52.552937184281156 ], [ 16.961021291917966, 52.55274531111602 ], [ 16.961036751063869, 52.552726959272661 ], [ 16.96107314975831, 52.552715264186297 ], [ 16.961169164549897, 52.55271305077386 ], [ 16.961199002455903, 52.552706009597479 ], [ 16.961219494310797, 52.552693680662763 ], [ 16.961222178713168, 52.55267079146369 ], [ 16.96117789839473, 52.552499227036016 ], [ 16.961154907182301, 52.552425437531561 ], [ 16.96112669265473, 52.552410200818983 ], [ 16.960734594719174, 52.552360182596793 ] ] ] ] } },
{ "type": "Feature", "properties": { "gml_id": "OT_ADJA_A.20", "lokalnyId": "322BD60C-5C60-598B-E053-CC2BA8C05138", "przestrzen": "PL.PZGiK.308.BDOT10k", "wersjaId": "2022-01-20T00:00:00", "czyObiektB": 0, "x_kod": "ADJA05", "x_skrKarto": null, "x_katDoklG": "Dok", "x_doklGeom": 1, "x_doklGe_1": "m", "x_zrodloDa": "PRG", "x_zrodlo_1": "PRG", "x_katIstni": null, "x_rodzajRe": "ZP", "x_aktualno": "2022-01-20", "x_aktual_1": "2022-01-20", "poczatekWe": "2022-01-20T00:00:00", "x_dataUtwo": "2012-11-13", "x_kodKarto": "0010_505", "x_kodKar_1": "0025_505", "x_kodKar_2": "0050_505", "x_kodKar_3": "0100_505", "x_kodKar_4": null, "x_kodKar_5": null, "x_kodKar_6": null, "nazwa": "Czerwonak", "idPRG": 1030210420, "idTerytJed": 3021, "idTerytTer": 3021042, "rodzaj": "GW", "PRG|BT_Ref": 1030210420, "PRG|BT_R_1": "PL.PZGiK.200", "x_informDo": null }, "geometry": { "type": "MultiPolygon", "coordinates": [ [ [ [ 16.95648772872952, 52.553091647485886 ], [ 16.956514208295729, 52.553121965774899 ], [ 16.956551406762397, 52.553147072557039 ], [ 16.956604588080399, 52.553152128175739 ], [ 16.956649158871169, 52.553136078391063 ], [ 16.956652969273911, 52.553120763931176 ], [ 16.956664709144032, 52.55307770405512 ], [ 16.956688390543075, 52.552990418522214 ], [ 16.956721400672603, 52.552908780567357 ], [ 16.956740277951408, 52.552848664802198 ], [ 16.95675068815056, 52.552799285951785 ], [ 16.956745172927576, 52.552765552057949 ], [ 16.956717447996777, 52.552749333365149 ], [ 16.956667140759418, 52.55274594638982 ], [ 16.956605868367131, 52.552753073283171 ], [ 16.956562421520978, 52.5527766976668 ], [ 16.956539490434999, 52.552812908520067 ], [ 16.956512772004, 52.552943314217785 ], [ 16.956482158124892, 52.553055933878241 ], [ 16.95648772872952, 52.553091647485886 ] ] ] ] } },
{ "type": "Feature", "properties": { "gml_id": "OT_ADJA_A.20", "lokalnyId": "322BD60C-5C60-598B-E053-CC2BA8C05138", "przestrzen": "PL.PZGiK.308.BDOT10k", "wersjaId": "2022-01-20T00:00:00", "czyObiektB": 0, "x_kod": "ADJA05", "x_skrKarto": null, "x_katDoklG": "Dok", "x_doklGeom": 1, "x_doklGe_1": "m", "x_zrodloDa": "PRG", "x_zrodlo_1": "PRG", "x_katIstni": null, "x_rodzajRe": "ZP", "x_aktualno": "2022-01-20", "x_aktual_1": "2022-01-20", "poczatekWe": "2022-01-20T00:00:00", "x_dataUtwo": "2012-11-13", "x_kodKarto": "0010_505", "x_kodKar_1": "0025_505", "x_kodKar_2": "0050_505", "x_kodKar_3": "0100_505", "x_kodKar_4": null, "x_kodKar_5": null, "x_kodKar_6": null, "nazwa": "Czerwonak", "idPRG": 1030210420, "idTerytJed": 3021, "idTerytTer": 3021042, "rodzaj": "GW", "PRG|BT_Ref": 1030210420, "PRG|BT_R_1": "PL.PZGiK.200", "x_informDo": null }, "geometry": { "type": "MultiPolygon", "coordinates": [ [ [ [ 16.959974869571944, 52.554439341460743 ], [ 16.959940336736516, 52.554436227801091 ], [ 16.959911828303554, 52.554433667693715 ], [ 16.959889909031403, 52.554432210535794 ], [ 16.959870581221907, 52.554432147189637 ], [ 16.959851229887441, 52.554435771094177 ], [ 16.95983458857614, 52.554450954405084 ], [ 16.959826130922384, 52.554480579711417 ], [ 16.959827251228429, 52.554497778119995 ], [ 16.959824221031763, 52.5545217406411 ], [ 16.959824940702237, 52.554538032714092 ], [ 16.959839402612253, 52.554572999979172 ], [ 16.959866017001698, 52.554587759689163 ], [ 16.959890952303155, 52.554597363703103 ], [ 16.959920041112429, 52.554606499651392 ], [ 16.959938128386874, 52.554611038750515 ], [ 16.959975821767969, 52.554616005747135 ], [ 16.959985106674875, 52.554616255736136 ], [ 16.959992385719005, 52.554615211948388 ], [ 16.959996113557846, 52.554614376776499 ], [ 16.960008398572306, 52.554607213215476 ], [ 16.960015522986382, 52.554599960700372 ], [ 16.960017335187292, 52.55459270656165 ], [ 16.960001412807806, 52.554525604527001 ], [ 16.959994501874213, 52.554512353737877 ], [ 16.959993433044129, 52.554497224905596 ], [ 16.960000934221402, 52.554485032025681 ], [ 16.960008261425035, 52.554470227802135 ], [ 16.960010097133068, 52.554459286409333 ], [ 16.960003559162999, 52.554450719080627 ], [ 16.959990728428831, 52.554444201912062 ], [ 16.959974869571944, 52.554439341460743 ] ] ] ] } },
{ "type": "Feature", "properties": { "gml_id": "OT_ADJA_A.20", "lokalnyId": "322BD60C-5C60-598B-E053-CC2BA8C05138", "przestrzen": "PL.PZGiK.308.BDOT10k", "wersjaId": "2022-01-20T00:00:00", "czyObiektB": 0, "x_kod": "ADJA05", "x_skrKarto": null, "x_katDoklG": "Dok", "x_doklGeom": 1, "x_doklGe_1": "m", "x_zrodloDa": "PRG", "x_zrodlo_1": "PRG", "x_katIstni": null, "x_rodzajRe": "ZP", "x_aktualno": "2022-01-20", "x_aktual_1": "2022-01-20", "poczatekWe": "2022-01-20T00:00:00", "x_dataUtwo": "2012-11-13", "x_kodKarto": "0010_505", "x_kodKar_1": "0025_505", "x_kodKar_2": "0050_505", "x_kodKar_3": "0100_505", "x_kodKar_4": null, "x_kodKar_5": null, "x_kodKar_6": null, "nazwa": "Czerwonak", "idPRG": 1030210420, "idTerytJed": 3021, "idTerytTer": 3021042, "rodzaj": "GW", "PRG|BT_Ref": 1030210420, "PRG|BT_R_1": "PL.PZGiK.200", "x_informDo": null }, "geometry": { "type": "MultiPolygon", "coordinates": [ [ [ [ 16.961035081053009, 52.555534588029737 ], [ 16.96100505511378, 52.555523367531386 ], [ 16.960919876590129, 52.555514524693187 ], [ 16.960843508036028, 52.555516177019193 ], [ 16.96079333428991, 52.555525745900212 ], [ 16.960758957334402, 52.555541523178036 ], [ 16.960750915348349, 52.555559013415611 ], [ 16.960761476386384, 52.555592204425977 ], [ 16.960797759765416, 52.555614865606188 ], [ 16.960847712184925, 52.555625979772088 ], [ 16.960920833420627, 52.555633895381874 ], [ 16.960977829008844, 52.555626782492347 ], [ 16.961023599636359, 52.555607154015171 ], [ 16.961049268722796, 52.555591406527526 ], [ 16.961064607018532, 52.555582046887146 ], [ 16.96107205075371, 52.555564726208353 ], [ 16.961064751174231, 52.555550299534296 ], [ 16.961035081053009, 52.555534588029737 ] ] ] ] } },
{ "type": "Feature", "properties": { "gml_id": "OT_ADJA_A.20", "lokalnyId": "322BD60C-5C60-598B-E053-CC2BA8C05138", "przestrzen": "PL.PZGiK.308.BDOT10k", "wersjaId": "2022-01-20T00:00:00", "czyObiektB": 0, "x_kod": "ADJA05", "x_skrKarto": null, "x_katDoklG": "Dok", "x_doklGeom": 1, "x_doklGe_1": "m", "x_zrodloDa": "PRG", "x_zrodlo_1": "PRG", "x_katIstni": null, "x_rodzajRe": "ZP", "x_aktualno": "2022-01-20", "x_aktual_1": "2022-01-20", "poczatekWe": "2022-01-20T00:00:00", "x_dataUtwo": "2012-11-13", "x_kodKarto": "0010_505", "x_kodKar_1": "0025_505", "x_kodKar_2": "0050_505", "x_kodKar_3": "0100_505", "x_kodKar_4": null, "x_kodKar_5": null, "x_kodKar_6": null, "nazwa": "Czerwonak", "idPRG": 1030210420, "idTerytJed": 3021, "idTerytTer": 3021042, "rodzaj": "GW", "PRG|BT_Ref": 1030210420, "PRG|BT_R_1": "PL.PZGiK.200", "x_informDo": null }, "geometry": { "type": "MultiPolygon", "coordinates": [ [ [ [ 16.960879098131748, 52.555754239429305 ], [ 16.9609063560736, 52.555815600394162 ], [ 16.960953130098865, 52.555872980333845 ], [ 16.960981005456429, 52.555879666647954 ], [ 16.961033350203834, 52.555880568461127 ], [ 16.961133933359374, 52.555859545729824 ], [ 16.961195164572928, 52.555847019186871 ], [ 16.961223984364455, 52.555830156680372 ], [ 16.961247744390594, 52.555804662432962 ], [ 16.961255965793018, 52.55576738782181 ], [ 16.961257316008105, 52.55573826958981 ], [ 16.961249372366861, 52.555725001090757 ], [ 16.961246500964208, 52.555720094711802 ], [ 16.961235833378488, 52.555701922372876 ], [ 16.961208504626175, 52.555692996962414 ], [ 16.961166510725207, 52.555691643939774 ], [ 16.961128065531142, 52.55569332015201 ], [ 16.961044367457159, 52.555697094913313 ], [ 16.961009184387926, 52.555701615516234 ], [ 16.96099893952632, 52.555702968042617 ], [ 16.960919074079687, 52.55571319469005 ], [ 16.960885869846045, 52.555732320096524 ], [ 16.960879098131748, 52.555754239429305 ] ] ] ] } },
{ "type": "Feature", "properties": { "gml_id": "OT_ADJA_A.20", "lokalnyId": "322BD60C-5C60-598B-E053-CC2BA8C05138", "przestrzen": "PL.PZGiK.308.BDOT10k", "wersjaId": "2022-01-20T00:00:00", "czyObiektB": 0, "x_kod": "ADJA05", "x_skrKarto": null, "x_katDoklG": "Dok", "x_doklGeom": 1, "x_doklGe_1": "m", "x_zrodloDa": "PRG", "x_zrodlo_1": "PRG", "x_katIstni": null, "x_rodzajRe": "ZP", "x_aktualno": "2022-01-20", "x_aktual_1": "2022-01-20", "poczatekWe": "2022-01-20T00:00:00", "x_dataUtwo": "2012-11-13", "x_kodKarto": "0010_505", "x_kodKar_1": "0025_505", "x_kodKar_2": "0050_505", "x_kodKar_3": "0100_505", "x_kodKar_4": null, "x_kodKar_5": null, "x_kodKar_6": null, "nazwa": "Czerwonak", "idPRG": 1030210420, "idTerytJed": 3021, "idTerytTer": 3021042, "rodzaj": "GW", "PRG|BT_Ref": 1030210420, "PRG|BT_R_1": "PL.PZGiK.200", "x_informDo": null }, "geometry": { "type": "MultiPolygon", "coordinates": [ [ [ [ 16.960630977820614, 52.555911411666827 ], [ 16.960662109558971, 52.55591788433992 ], [ 16.960695694831514, 52.555919182594522 ], [ 16.960786513689754, 52.555908245396409 ], [ 16.960838914736645, 52.555895207119349 ], [ 16.960854255264657, 52.555873075655391 ], [ 16.960858529739035, 52.55584454746765 ], [ 16.960849209651911, 52.555816414650565 ], [ 16.960836187704228, 52.555782191877334 ], [ 16.960807278208655, 52.55576280576404 ], [ 16.960779479032336, 52.555748115804384 ], [ 16.960737693515604, 52.555742269076248 ], [ 16.960650755601655, 52.555745897792477 ], [ 16.960553620647993, 52.555762572331886 ], [ 16.96054574945807, 52.555776377840772 ], [ 16.960555764279409, 52.555821341974323 ], [ 16.960585718672792, 52.555875464107579 ], [ 16.960630977820614, 52.555911411666827 ] ] ] ] } },
{ "type": "Feature", "properties": { "gml_id": "OT_ADJA_A.20", "lokalnyId": "322BD60C-5C60-598B-E053-CC2BA8C05138", "przestrzen": "PL.PZGiK.308.BDOT10k", "wersjaId": "2022-01-20T00:00:00", "czyObiektB": 0, "x_kod": "ADJA05", "x_skrKarto": null, "x_katDoklG": "Dok", "x_doklGeom": 1, "x_doklGe_1": "m", "x_zrodloDa": "PRG", "x_zrodlo_1": "PRG", "x_katIstni": null, "x_rodzajRe": "ZP", "x_aktualno": "2022-01-20", "x_aktual_1": "2022-01-20", "poczatekWe": "2022-01-20T00:00:00", "x_dataUtwo": "2012-11-13", "x_kodKarto": "0010_505", "x_kodKar_1": "0025_505", "x_kodKar_2": "0050_505", "x_kodKar_3": "0100_505", "x_kodKar_4": null, "x_kodKar_5": null, "x_kodKar_6": null, "nazwa": "Czerwonak", "idPRG": 1030210420, "idTerytJed": 3021, "idTerytTer": 3021042, "rodzaj": "GW", "PRG|BT_Ref": 1030210420, "PRG|BT_R_1": "PL.PZGiK.200", "x_informDo": null }, "geometry": { "type": "MultiPolygon", "coordinates": [ [ [ [ 16.968391868143126, 52.559117602847778 ], [ 16.968306417198871, 52.559092121312489 ], [ 16.968153032387086, 52.559077255984548 ], [ 16.968114972808824, 52.559048180692187 ], [ 16.96809758484407, 52.559015682681697 ], [ 16.968103132289993, 52.558994641377602 ], [ 16.968124277367689, 52.558974587390757 ], [ 16.968302279003233, 52.558881494348761 ], [ 16.968356714495506, 52.55882126772854 ], [ 16.968352799364364, 52.558794217703479 ], [ 16.968321319553546, 52.558769662615759 ], [ 16.968228290719452, 52.558751696067453 ], [ 16.968190636307941, 52.558697893500039 ], [ 16.968191874081096, 52.558671111814341 ], [ 16.968203620957237, 52.558640463116021 ], [ 16.968234043345188, 52.558627224135911 ], [ 16.968274586475044, 52.558621714075194 ], [ 16.968318681091116, 52.558615995137551 ], [ 16.968352455490095, 52.558594089223007 ], [ 16.968393752221232, 52.558549916682878 ], [ 16.968414514528504, 52.558493429267976 ], [ 16.968448714392473, 52.558452732598525 ], [ 16.96846916300138, 52.558399837498733 ], [ 16.968461575753778, 52.558356444809597 ], [ 16.968423381381829, 52.558301553731539 ], [ 16.96830690925071, 52.558209701608035 ], [ 16.968227194413977, 52.558197450106498 ], [ 16.968139734967593, 52.558202694371722 ], [ 16.968011304867979, 52.558229091252002 ], [ 16.967941955643408, 52.558263967633998 ], [ 16.967891962963673, 52.558275971096165 ], [ 16.967845717012274, 52.558277155797143 ], [ 16.967721619254441, 52.558260903947698 ], [ 16.967642575507856, 52.558230944853868 ], [ 16.967599416711217, 52.558152583137357 ], [ 16.96763798748086, 52.558042885722777 ], [ 16.967640376203931, 52.558010367465933 ], [ 16.967598511015126, 52.557977449048607 ], [ 16.967522474937915, 52.557965440125436 ], [ 16.96748057612529, 52.557971556243075 ], [ 16.967444915678701, 52.558015105723975 ], [ 16.967436055100091, 52.558059924932849 ], [ 16.967422810281803, 52.558100621423371 ], [ 16.967386103170998, 52.558128502872712 ], [ 16.967327919220228, 52.558145312270796 ], [ 16.967264730311264, 52.558142697988018 ], [ 16.967172654489428, 52.55812330787932 ], [ 16.967040828480368, 52.558057184225454 ], [ 16.966921677069198, 52.558026535708329 ], [ 16.966852058408694, 52.55802255155475 ], [ 16.96678058459397, 52.558036344157216 ], [ 16.966531746898934, 52.558199632444065 ], [ 16.966407307549943, 52.558283299754592 ], [ 16.966329437648561, 52.558317309253546 ], [ 16.966290739819957, 52.558349923128524 ], [ 16.966246754545896, 52.558423460035002 ], [ 16.96610610338055, 52.558564052055061 ], [ 16.966084911645272, 52.558680793358342 ], [ 16.966018388634684, 52.558766175085502 ], [ 16.965913909505176, 52.558858549589594 ], [ 16.965810839666858, 52.55892045762765 ], [ 16.965741099843708, 52.558982848508947 ], [ 16.965758745655574, 52.559054386470045 ], [ 16.965858176861783, 52.559160429020004 ], [ 16.965916109721604, 52.559260721492137 ], [ 16.965866023725699, 52.559440555692376 ], [ 16.965789947859303, 52.559553745308136 ], [ 16.965672578473619, 52.559653543190251 ], [ 16.9655022665569, 52.559726977103445 ], [ 16.965390555728266, 52.559793773044206 ], [ 16.965421058230174, 52.559855368530833 ], [ 16.965695316687452, 52.559882928274668 ], [ 16.965896271203562, 52.559912735343971 ], [ 16.966795098671099, 52.559895530262907 ], [ 16.967077255956184, 52.559879960031331 ], [ 16.967301354050342, 52.559961429583296 ], [ 16.967635532889453, 52.55997940065766 ], [ 16.967923192229399, 52.559988477248631 ], [ 16.968278895062138, 52.559978214266103 ], [ 16.968467045950025, 52.559822065458953 ], [ 16.968547208071278, 52.559390367203498 ], [ 16.968501221176091, 52.559226241893711 ], [ 16.96848217129612, 52.559191376906519 ], [ 16.968444221335847, 52.559143955288661 ], [ 16.968391868143126, 52.559117602847778 ] ] ] ] } },
{ "type": "Feature", "properties": { "gml_id": "OT_ADJA_A.20", "lokalnyId": "322BD60C-5C60-598B-E053-CC2BA8C05138", "przestrzen": "PL.PZGiK.308.BDOT10k", "wersjaId": "2022-01-20T00:00:00", "czyObiektB": 0, "x_kod": "ADJA05", "x_skrKarto": null, "x_katDoklG": "Dok", "x_doklGeom": 1, "x_doklGe_1": "m", "x_zrodloDa": "PRG", "x_zrodlo_1": "PRG", "x_katIstni": null, "x_rodzajRe": "ZP", "x_aktualno": "2022-01-20", "x_aktual_1": "2022-01-20", "poczatekWe": "2022-01-20T00:00:00", "x_dataUtwo": "2012-11-13", "x_kodKarto": "0010_505", "x_kodKar_1": "0025_505", "x_kodKar_2": "0050_505", "x_kodKar_3": "0100_505", "x_kodKar_4": null, "x_kodKar_5": null, "x_kodKar_6": null, "nazwa": "Czerwonak", "idPRG": 1030210420, "idTerytJed": 3021, "idTerytTer": 3021042, "rodzaj": "GW", "PRG|BT_Ref": 1030210420, "PRG|BT_R_1": "PL.PZGiK.200", "x_informDo": null }, "geometry": { "type": "MultiPolygon", "coordinates": [ [ [ [ 16.956491332625777, 52.561497415502522 ], [ 16.956491148213821, 52.561542653580311 ], [ 16.956526430251181, 52.561583737029885 ], [ 16.956531117070242, 52.561587685492285 ], [ 16.956558394967516, 52.561610462279283 ], [ 16.956623346405557, 52.561616530506697 ], [ 16.956719907990383, 52.561615679151537 ], [ 16.956815982760439, 52.561577672912378 ], [ 16.956895500750143, 52.561533894276742 ], [ 16.956912914937398, 52.561524391110559 ], [ 16.956954166136555, 52.561478332895881 ], [ 16.956965184279699, 52.561447672686135 ], [ 16.956955000404033, 52.561415926951526 ], [ 16.956888445777011, 52.561393551571555 ], [ 16.956742506274392, 52.561399396921729 ], [ 16.956678629615354, 52.561414663771451 ], [ 16.956627138990761, 52.561426996425595 ], [ 16.956550792167942, 52.561456528716903 ], [ 16.956491332625777, 52.561497415502522 ] ] ] ] } },
{ "type": "Feature", "properties": { "gml_id": "OT_ADJA_A.20", "lokalnyId": "322BD60C-5C60-598B-E053-CC2BA8C05138", "przestrzen": "PL.PZGiK.308.BDOT10k", "wersjaId": "2022-01-20T00:00:00", "czyObiektB": 0, "x_kod": "ADJA05", "x_skrKarto": null, "x_katDoklG": "Dok", "x_doklGeom": 1, "x_doklGe_1": "m", "x_zrodloDa": "PRG", "x_zrodlo_1": "PRG", "x_katIstni": null, "x_rodzajRe": "ZP", "x_aktualno": "2022-01-20", "x_aktual_1": "2022-01-20", "poczatekWe": "2022-01-20T00:00:00", "x_dataUtwo": "2012-11-13", "x_kodKarto": "0010_505", "x_kodKar_1": "0025_505", "x_kodKar_2": "0050_505", "x_kodKar_3": "0100_505", "x_kodKar_4": null, "x_kodKar_5": null, "x_kodKar_6": null, "nazwa": "Czerwonak", "idPRG": 1030210420, "idTerytJed": 3021, "idTerytTer": 3021042, "rodzaj": "GW", "PRG|BT_Ref": 1030210420, "PRG|BT_R_1": "PL.PZGiK.200", "x_informDo": null }, "geometry": { "type": "MultiPolygon", "coordinates": [ [ [ [ 16.955445367753658, 52.562135574895905 ], [ 16.955480076973764, 52.562144539156989 ], [ 16.955515878364487, 52.562133195184522 ], [ 16.955542129436299, 52.562114580747114 ], [ 16.955563033421971, 52.562084001482845 ], [ 16.955560361213141, 52.562058951206225 ], [ 16.955545669859845, 52.562038460289486 ], [ 16.955513099361063, 52.562024766018531 ], [ 16.95548002727336, 52.562021856218898 ], [ 16.955438202919957, 52.562038942423932 ], [ 16.955409113925587, 52.562074147246207 ], [ 16.95540177293022, 52.562105050724533 ], [ 16.955410825757394, 52.562123015798292 ], [ 16.955445367753658, 52.562135574895905 ] ] ] ] } },
{ "type": "Feature", "properties": { "gml_id": "OT_ADJA_A.20", "lokalnyId": "322BD60C-5C60-598B-E053-CC2BA8C05138", "przestrzen": "PL.PZGiK.308.BDOT10k", "wersjaId": "2022-01-20T00:00:00", "czyObiektB": 0, "x_kod": "ADJA05", "x_skrKarto": null, "x_katDoklG": "Dok", "x_doklGeom": 1, "x_doklGe_1": "m", "x_zrodloDa": "PRG", "x_zrodlo_1": "PRG", "x_katIstni": null, "x_rodzajRe": "ZP", "x_aktualno": "2022-01-20", "x_aktual_1": "2022-01-20", "poczatekWe": "2022-01-20T00:00:00", "x_dataUtwo": "2012-11-13", "x_kodKarto": "0010_505", "x_kodKar_1": "0025_505", "x_kodKar_2": "0050_505", "x_kodKar_3": "0100_505", "x_kodKar_4": null, "x_kodKar_5": null, "x_kodKar_6": null, "nazwa": "Czerwonak", "idPRG": 1030210420, "idTerytJed": 3021, "idTerytTer": 3021042, "rodzaj": "GW", "PRG|BT_Ref": 1030210420, "PRG|BT_R_1": "PL.PZGiK.200", "x_informDo": null }, "geometry": { "type": "MultiPolygon", "coordinates": [ [ [ [ 16.965321335814398, 52.561815395477026 ], [ 16.965285983285852, 52.561833046105548 ], [ 16.965275103339053, 52.561838525458178 ], [ 16.965209951995963, 52.56184630973658 ], [ 16.965170701338529, 52.561855708526153 ], [ 16.96514300514216, 52.561867374635035 ], [ 16.96512469481592, 52.561883519356115 ], [ 16.965109439307906, 52.561907001956534 ], [ 16.965106484843059, 52.561919812972555 ], [ 16.965105128038029, 52.561926805178807 ], [ 16.965090461428925, 52.561934378037371 ], [ 16.965076410111216, 52.561935035882151 ], [ 16.965057082187059, 52.561918963597982 ], [ 16.965026698145913, 52.561902611276487 ], [ 16.96498949766298, 52.561880475354997 ], [ 16.964937049948581, 52.561881642257156 ], [ 16.964794649407885, 52.561881172459266 ], [ 16.96463706255129, 52.561893123263751 ], [ 16.9645414304062, 52.561899393633276 ], [ 16.964486380685649, 52.561918504136855 ], [ 16.964435510756832, 52.561952527053627 ], [ 16.96442229031593, 52.561976674166949 ], [ 16.964409217331003, 52.562000823814834 ], [ 16.964410789993902, 52.562142150912592 ], [ 16.964465531568205, 52.56228268350845 ], [ 16.964548992660564, 52.562379907862656 ], [ 16.964584499345126, 52.562416315686434 ], [ 16.964634408171573, 52.562431744681973 ], [ 16.964698261341571, 52.562436080660085 ], [ 16.964770230161992, 52.562434080279296 ], [ 16.964844701358786, 52.562438598759407 ], [ 16.964869319467894, 52.562458359747971 ], [ 16.96489375724093, 52.562501142969566 ], [ 16.964897110626396, 52.562543473712267 ], [ 16.964881075785627, 52.562567842310585 ], [ 16.964857698734377, 52.562588217122659 ], [ 16.964786582398698, 52.562629177419609 ], [ 16.964768701889465, 52.56266790510314 ], [ 16.964787081132883, 52.562733159791343 ], [ 16.964808216866906, 52.562850448770369 ], [ 16.964843625632788, 52.563006928364594 ], [ 16.964865208701049, 52.563117749142386 ], [ 16.964843275122615, 52.563244011356119 ], [ 16.964852442454163, 52.56339347390125 ], [ 16.964856898065609, 52.563526755679774 ], [ 16.964844227816201, 52.563685646486114 ], [ 16.964845759777472, 52.563913947436184 ], [ 16.964837015594355, 52.564013543551226 ], [ 16.9648197849083, 52.564156166242277 ], [ 16.964784178401313, 52.564233444378942 ], [ 16.964694878377575, 52.564319602970933 ], [ 16.964616947417259, 52.564392915311721 ], [ 16.964620600277552, 52.564428775326057 ], [ 16.964634126687688, 52.564480904873399 ], [ 16.964685714497865, 52.564517499234171 ], [ 16.964758832562179, 52.564551315795725 ], [ 16.964838469119346, 52.564555923072113 ], [ 16.964912794111054, 52.564563676905742 ], [ 16.965029443433203, 52.564575396315277 ], [ 16.965173535540394, 52.564571397714239 ], [ 16.96540818005386, 52.56456895554107 ], [ 16.965498283211158, 52.56458021816379 ], [ 16.965706383710014, 52.564574081195758 ], [ 16.96591844586732, 52.564597153375708 ], [ 16.966093638629481, 52.564613205689213 ], [ 16.966226066540518, 52.564628432988663 ], [ 16.966385487793076, 52.564637648053264 ], [ 16.966411878102821, 52.564644667289052 ], [ 16.966576459056441, 52.564657208681687 ], [ 16.966613621802381, 52.564661085060941 ], [ 16.966676877771796, 52.564675213437319 ], [ 16.966735427334807, 52.564676219242983 ], [ 16.966837049588751, 52.564671399097691 ], [ 16.966853127089852, 52.564668437333218 ], [ 16.966964164515268, 52.564686624245951 ], [ 16.967101447013672, 52.564714975633471 ], [ 16.967239482011319, 52.564727060161161 ], [ 16.967303640207504, 52.564721686136636 ], [ 16.967384177130654, 52.564710027535327 ], [ 16.967563784702502, 52.564742343158883 ], [ 16.967875067372855, 52.56480938858418 ], [ 16.968207735730921, 52.56487680029111 ], [ 16.968302547229403, 52.564901183275204 ], [ 16.968449444416283, 52.564893990893111 ], [ 16.968676534267686, 52.56494007152876 ], [ 16.968687152905098, 52.56494025376535 ], [ 16.96886280288216, 52.564943268124075 ], [ 16.968990369996661, 52.564951933031111 ], [ 16.969117939179295, 52.564957359900809 ], [ 16.969310412128191, 52.564944472571923 ], [ 16.969498626074159, 52.564908756381534 ], [ 16.969514703492955, 52.564905794254699 ], [ 16.969753247891365, 52.564818954226197 ], [ 16.969785703705789, 52.564809707187067 ], [ 16.970158623356532, 52.564695939810512 ], [ 16.970174850071164, 52.56468974222058 ], [ 16.970630249689822, 52.564522163053198 ], [ 16.971025296054844, 52.564392582674579 ], [ 16.971041373186601, 52.564389620337181 ], [ 16.971241251423724, 52.564331345866677 ], [ 16.971435670569548, 52.564276215433715 ], [ 16.971918351946716, 52.564096147199962 ], [ 16.972108510834062, 52.56401494926115 ], [ 16.972342934323343, 52.563902040053101 ], [ 16.972348243528749, 52.563902131005868 ], [ 16.972474697581827, 52.563829285107651 ], [ 16.972496076463081, 52.563816969420351 ], [ 16.972569583740992, 52.563724058664079 ], [ 16.972575340628474, 52.563714443474147 ], [ 16.972576038040984, 52.56366732549607 ], [ 16.972622331029747, 52.563582043378787 ], [ 16.972667168878129, 52.563528306173438 ], [ 16.972692731688714, 52.563482873294788 ], [ 16.972732205878401, 52.563446223232361 ], [ 16.972768131379041, 52.563380910628105 ], [ 16.972819142910399, 52.5632957092525 ], [ 16.972980316406552, 52.562962803797632 ], [ 16.973089469607725, 52.562637731717714 ], [ 16.973130283788343, 52.562520785721773 ], [ 16.973153684850661, 52.562470998479498 ], [ 16.973217899590246, 52.562304265197113 ], [ 16.973304936724638, 52.562049059373692 ], [ 16.973316242412455, 52.561979907207949 ], [ 16.973318932233209, 52.561873551151301 ], [ 16.973304282220546, 52.56147746282447 ], [ 16.973311061535686, 52.561227988127555 ], [ 16.973280156570478, 52.561184466349374 ], [ 16.973214900968117, 52.561168958094356 ], [ 16.972922033077918, 52.56119263429067 ], [ 16.972629676463246, 52.561202017642707 ], [ 16.972490003699598, 52.561168055213543 ], [ 16.972341703908697, 52.561119554000463 ], [ 16.972201500978983, 52.561097094802605 ], [ 16.972136389224708, 52.561081678356032 ], [ 16.971906779661285, 52.561160941095061 ], [ 16.97176719892791, 52.561227355380446 ], [ 16.971694313745822, 52.561274855278647 ], [ 16.971671616612046, 52.56136054142825 ], [ 16.971611697980407, 52.561434077027158 ], [ 16.971568445257503, 52.561453482917848 ], [ 16.97147370020619, 52.561466160009275 ], [ 16.971431376409161, 52.561465434617652 ], [ 16.971402944264923, 52.561470703637525 ], [ 16.971358637937858, 52.561512936827242 ], [ 16.971324679777727, 52.561532411994584 ], [ 16.971253790987987, 52.561539831422245 ], [ 16.971192989176679, 52.561530154722469 ], [ 16.971109266494171, 52.561508662367061 ], [ 16.971066942665779, 52.561507936844777 ], [ 16.970911804467054, 52.561505277309763 ], [ 16.970874066925866, 52.561507508509131 ], [ 16.970683115740673, 52.56156449627354 ], [ 16.970653231296048, 52.561601220144482 ], [ 16.970638721399187, 52.561643784065105 ], [ 16.970652899190689, 52.561678745022114 ], [ 16.970656431171367, 52.561733310831428 ], [ 16.970625550804527, 52.561791603857309 ], [ 16.970585763312545, 52.561838231490647 ], [ 16.970551159524039, 52.561874874416567 ], [ 16.970496086018265, 52.561945704318177 ], [ 16.970452703670684, 52.561967895806198 ], [ 16.970376435171371, 52.561989523347783 ], [ 16.97035989601499, 52.562040866817043 ], [ 16.970353326166428, 52.562080868580736 ], [ 16.970290137673611, 52.562122867522348 ], [ 16.970213603227002, 52.562150246730383 ], [ 16.970098670647747, 52.562194146399271 ], [ 16.970041263347884, 52.562213219038945 ], [ 16.969997349250811, 52.562246913903103 ], [ 16.969954690751504, 52.562256615596475 ], [ 16.969886529546748, 52.56225607609953 ], [ 16.969804455680787, 52.562243605375429 ], [ 16.969605931945878, 52.562263135329815 ], [ 16.969506328510818, 52.562278695624784 ], [ 16.969480645792167, 52.562288328602897 ], [ 16.969481552133736, 52.562313438155826 ], [ 16.969467918810761, 52.562333801137584 ], [ 16.969398688178867, 52.562346824356375 ], [ 16.969300174918533, 52.562361143985463 ], [ 16.969182359016756, 52.562362000707147 ], [ 16.969140034417563, 52.562361274487927 ], [ 16.969111468558474, 52.562369418833534 ], [ 16.969092810090963, 52.562466596531543 ], [ 16.969118513359202, 52.562536383366357 ], [ 16.969123538967647, 52.56259052514276 ], [ 16.969127623488067, 52.562636286102638 ], [ 16.969109715310079, 52.562659723686934 ], [ 16.969076519693072, 52.562681819640559 ], [ 16.969035879648839, 52.562698930939831 ], [ 16.968935057870006, 52.562715279339308 ], [ 16.968816420594834, 52.562717920461786 ], [ 16.968636371727069, 52.562695312913114 ], [ 16.968604172596489, 52.56268945366665 ], [ 16.968557427281862, 52.562643859916093 ], [ 16.968483142122199, 52.562622527691076 ], [ 16.968422734071371, 52.562604311779403 ], [ 16.968372163119309, 52.562577630193083 ], [ 16.968341266320518, 52.562534017302937 ], [ 16.968329094477166, 52.562490815768406 ], [ 16.968327335062693, 52.562449052163281 ], [ 16.968352872529156, 52.562385091560252 ], [ 16.968355256821575, 52.562333505387244 ], [ 16.968356714808671, 52.562301960532061 ], [ 16.968391719512969, 52.562256690619101 ], [ 16.9684151944527, 52.562234158176352 ], [ 16.9684199445567, 52.5622048284527 ], [ 16.968435593009815, 52.562172807627988 ], [ 16.968461925856587, 52.562139531108606 ], [ 16.968489851686847, 52.562094139663202 ], [ 16.968490598870286, 52.562014103498605 ], [ 16.968476112471983, 52.561867697987182 ], [ 16.968479156582269, 52.561744348868821 ], [ 16.968505533801583, 52.561575979181143 ], [ 16.968553306128623, 52.561388549082693 ], [ 16.968573223567645, 52.561251368558551 ], [ 16.968545442685574, 52.561172281823232 ], [ 16.968511802655627, 52.561095433023482 ], [ 16.968465673925493, 52.561055696071612 ], [ 16.968413264515764, 52.561036897885735 ], [ 16.968312101500182, 52.561035161392802 ], [ 16.968219393967154, 52.56100056099293 ], [ 16.968037680394609, 52.560998161006744 ], [ 16.967945020830491, 52.560984877634645 ], [ 16.967838939938591, 52.560936286093281 ], [ 16.967766952943457, 52.560932351792104 ], [ 16.967584208798069, 52.560984168867428 ], [ 16.967415224342687, 52.561041618526112 ], [ 16.967361986186813, 52.561050328109467 ], [ 16.967256199687839, 52.561052828561202 ], [ 16.967112104925388, 52.561047565472307 ], [ 16.967050916068715, 52.561049482594498 ], [ 16.966992819031219, 52.561083472401066 ], [ 16.966903374624575, 52.561150652230467 ], [ 16.966899412667832, 52.561188450058353 ], [ 16.966848840756906, 52.561209707250384 ], [ 16.966769831517006, 52.561255479983551 ], [ 16.966713566810185, 52.561262608258986 ], [ 16.966657224630314, 52.561226742555704 ], [ 16.96661034416671, 52.561168193926456 ], [ 16.96659032160284, 52.561112894930702 ], [ 16.966553638445106, 52.561082763484542 ], [ 16.966480071504847, 52.561058744028742 ], [ 16.966359226100167, 52.5609720315883 ], [ 16.96626711512716, 52.560918192151881 ], [ 16.966178515848405, 52.560880962449033 ], [ 16.966090700395021, 52.560829984909674 ], [ 16.965943292212323, 52.560813420608788 ], [ 16.965828879643652, 52.560791846765802 ], [ 16.965741229230016, 52.560734126093045 ], [ 16.965679321756451, 52.560668663037106 ], [ 16.96559785889794, 52.560579298816435 ], [ 16.965527878269747, 52.560554351030937 ], [ 16.965432476434433, 52.560546145276732 ], [ 16.965148835447017, 52.560533084313995 ], [ 16.965075393310315, 52.560560603314698 ], [ 16.965019378940358, 52.560619721996893 ], [ 16.965008183133467, 52.560689415019503 ], [ 16.964994262159635, 52.56076059021138 ], [ 16.965054283591982, 52.560844459467909 ], [ 16.965091722031339, 52.560957081875308 ], [ 16.96512997865991, 52.561134926825368 ], [ 16.965170897464244, 52.561325409508903 ], [ 16.965214086155008, 52.561463674462175 ], [ 16.965262464637451, 52.561585479151162 ], [ 16.965292616800646, 52.561715245218046 ], [ 16.965325292336736, 52.561787311417362 ], [ 16.965321335814398, 52.561815395477026 ] ], [ [ 16.967831000634632, 52.562142371340848 ], [ 16.967861979943379, 52.56215864321058 ], [ 16.967898874763183, 52.562174656864961 ], [ 16.967939385775761, 52.562192261618669 ], [ 16.967979043073246, 52.562225141958628 ], [ 16.968029395284432, 52.562253348989358 ], [ 16.968069866894602, 52.562294158234245 ], [ 16.968092137201737, 52.562323232276221 ], [ 16.968094870536639, 52.562366271804471 ], [ 16.968101525362858, 52.562426647649332 ], [ 16.968100067186143, 52.562458192498873 ], [ 16.968089706646936, 52.562484367842771 ], [ 16.968082013086399, 52.562503933212277 ], [ 16.96806523020577, 52.562522173285252 ], [ 16.968063057511504, 52.562543632286925 ], [ 16.968061204628221, 52.562583714914453 ], [ 16.968055997246044, 52.562622930468855 ], [ 16.968054111199748, 52.562638188346035 ], [ 16.968037149658091, 52.562647521022278 ], [ 16.967995555904366, 52.562656520752277 ], [ 16.967956475431116, 52.562662235737641 ], [ 16.967916726031667, 52.562682419997707 ], [ 16.967893051162388, 52.562709266159814 ], [ 16.967871534498702, 52.562718160834983 ], [ 16.96780305480797, 52.562721302324469 ], [ 16.967718192797136, 52.562749976034539 ], [ 16.967546154958555, 52.56278075044829 ], [ 16.967439807538415, 52.562788907850432 ], [ 16.967352053624733, 52.562829044302447 ], [ 16.967324653951277, 52.562863021800332 ], [ 16.9673231993503, 52.562894476761009 ], [ 16.967321607598151, 52.562928897474912 ], [ 16.967315097174914, 52.562967550965368 ], [ 16.967299485015506, 52.562998762784979 ], [ 16.967281856052505, 52.563025712659368 ], [ 16.967242311255461, 52.563063798805317 ], [ 16.967194406489881, 52.563081594195076 ], [ 16.967144817427432, 52.563087937915789 ], [ 16.9670478701718, 52.56309706590509 ], [ 16.967002358143368, 52.563114182774072 ], [ 16.966950066576899, 52.563124707300666 ], [ 16.966928612060659, 52.563125867802491 ], [ 16.966872884990874, 52.56313408471587 ], [ 16.966838552250433, 52.563139251291027 ], [ 16.966812749876127, 52.563154637973405 ], [ 16.966796157445636, 52.563168743777688 ], [ 16.966779707905449, 52.56319571383959 ], [ 16.966780691068948, 52.563238273622879 ], [ 16.966785932830369, 52.563265346475355 ], [ 16.966793232500113, 52.563308554420601 ], [ 16.966791112349789, 52.563354388773242 ], [ 16.966789586669449, 52.56338737153262 ], [ 16.96679178664775, 52.563441914595074 ], [ 16.966775722778308, 52.56348607033506 ], [ 16.966751199544671, 52.563505706284751 ], [ 16.966734017054542, 52.563519801944324 ], [ 16.966723599422689, 52.563543997452022 ], [ 16.966729803274216, 52.563559843997012 ], [ 16.966719714060087, 52.563576939673609 ], [ 16.966688377957567, 52.563590702241498 ], [ 16.966646251800899, 52.563585661298184 ], [ 16.966575558543308, 52.563588764059197 ], [ 16.966506892276161, 52.563599097018304 ], [ 16.966441635603346, 52.563583585022677 ], [ 16.966400170605418, 52.563564254462477 ], [ 16.966382553528089, 52.563536699137167 ], [ 16.966381719905204, 52.563503675844878 ], [ 16.966361824194532, 52.563477520448423 ], [ 16.966337009690367, 52.563455597783054 ], [ 16.966295068885895, 52.563443364482282 ], [ 16.966229955838191, 52.563427944777871 ], [ 16.966188295635391, 52.563412838093967 ], [ 16.966142178225283, 52.563391988413827 ], [ 16.966068691483638, 52.563353399396618 ], [ 16.966041237035139, 52.563334309468118 ], [ 16.965928645565903, 52.563276430218487 ], [ 16.965864845246244, 52.563229462979891 ], [ 16.96583231875556, 52.563170081442372 ], [ 16.96582985379095, 52.563121290130546 ], [ 16.965836498634914, 52.56307976085678 ], [ 16.965873733058999, 52.563037408158692 ], [ 16.96588961657217, 52.563000354907459 ], [ 16.965879473898021, 52.562964383397585 ], [ 16.965852566511305, 52.562936668323417 ], [ 16.965827885652164, 52.562911869675602 ], [ 16.96580535038381, 52.562888546981227 ], [ 16.965750026985937, 52.562811504610487 ], [ 16.96569737844678, 52.562781907997127 ], [ 16.965686907388992, 52.56275303629856 ], [ 16.965693015751537, 52.562723100419568 ], [ 16.9657107786526, 52.562693274909797 ], [ 16.965712238555643, 52.562661730108275 ], [ 16.965697376233464, 52.562638449326478 ], [ 16.965641312622004, 52.562618867573271 ], [ 16.965581900288111, 52.562607862734531 ], [ 16.965443594131617, 52.562595411786418 ], [ 16.965303675625794, 52.562592287001536 ], [ 16.965227051697052, 52.562596006534527 ], [ 16.96511494868232, 52.562575461112033 ], [ 16.965034163624882, 52.562560670720472 ], [ 16.965007241759185, 52.562542848898033 ], [ 16.965000531996797, 52.562496502971364 ], [ 16.9650007816463, 52.562462418969183 ], [ 16.964983098836793, 52.562442687308959 ], [ 16.964977346969864, 52.562420282616102 ], [ 16.964983167740396, 52.562409319740631 ], [ 16.965000981373198, 52.56240072169026 ], [ 16.965165683234911, 52.562369015368816 ], [ 16.965283180487926, 52.562349539024311 ], [ 16.965339112133268, 52.562346453115978 ], [ 16.965368624652292, 52.56235613460963 ], [ 16.965398284656604, 52.562365818631108 ], [ 16.965450899332527, 52.562361056681574 ], [ 16.965480317789385, 52.562347261479175 ], [ 16.965547026658125, 52.562286707440762 ], [ 16.965592803057646, 52.562219227750276 ], [ 16.965639274752203, 52.562194123016425 ], [ 16.965656326592622, 52.562173279564334 ], [ 16.965651922452714, 52.562150448356682 ], [ 16.965672227688653, 52.562116709069464 ], [ 16.96571309496214, 52.562097893912522 ], [ 16.965759267005375, 52.562079259858344 ], [ 16.965795126946936, 52.562050644797495 ], [ 16.965778346448563, 52.562011411192977 ], [ 16.96575225726744, 52.561997921100534 ], [ 16.965680214324031, 52.562001539768559 ], [ 16.965586634183701, 52.562008116081202 ], [ 16.965482515140504, 52.562012802250273 ], [ 16.965413051756382, 52.562018084066324 ], [ 16.96533858120274, 52.562013565950124 ], [ 16.965283592441786, 52.561993103068907 ], [ 16.965247559464224, 52.561964871195286 ], [ 16.965237640897136, 52.561943204366763 ], [ 16.965258065717997, 52.561926016666803 ], [ 16.965264149879026, 52.561918925843244 ], [ 16.965282046036311, 52.561914916249819 ], [ 16.965310341883971, 52.561912614461299 ], [ 16.965363635548538, 52.561902737490783 ], [ 16.965405459361641, 52.561898329720464 ], [ 16.965471910751067, 52.56189434527613 ], [ 16.965553917612635, 52.561917790881317 ], [ 16.965674944546581, 52.561933632376586 ], [ 16.965736510897266, 52.561926775595381 ], [ 16.965976032773792, 52.561799485781108 ], [ 16.966044645127983, 52.56177431167054 ], [ 16.966142463922544, 52.56176861732078 ], [ 16.966253708858517, 52.561759825711903 ], [ 16.96631373062916, 52.561776776912737 ], [ 16.966400018161238, 52.561860826931856 ], [ 16.966514080911232, 52.561931502909651 ], [ 16.966643467917564, 52.561961248278571 ], [ 16.966760686297139, 52.561970097640781 ], [ 16.966997337780807, 52.561971824255458 ], [ 16.967135075976593, 52.561961418196823 ], [ 16.967386391777247, 52.561946036958368 ], [ 16.967521084627258, 52.561950418698018 ], [ 16.967653608267803, 52.562020870919078 ], [ 16.967712847341904, 52.562089884784072 ], [ 16.967785868234476, 52.562125766512487 ], [ 16.967831000634632, 52.562142371340848 ] ] ] ] } },
{ "type": "Feature", "properties": { "gml_id": "OT_ADJA_A.20", "lokalnyId": "322BD60C-5C60-598B-E053-CC2BA8C05138", "przestrzen": "PL.PZGiK.308.BDOT10k", "wersjaId": "2022-01-20T00:00:00", "czyObiektB": 0, "x_kod": "ADJA05", "x_skrKarto": null, "x_katDoklG": "Dok", "x_doklGeom": 1, "x_doklGe_1": "m", "x_zrodloDa": "PRG", "x_zrodlo_1": "PRG", "x_katIstni": null, "x_rodzajRe": "ZP", "x_aktualno": "2022-01-20", "x_aktual_1": "2022-01-20", "poczatekWe": "2022-01-20T00:00:00", "x_dataUtwo": "2012-11-13", "x_kodKarto": "0010_505", "x_kodKar_1": "0025_505", "x_kodKar_2": "0050_505", "x_kodKar_3": "0100_505", "x_kodKar_4": null, "x_kodKar_5": null, "x_kodKar_6": null, "nazwa": "Czerwonak", "idPRG": 1030210420, "idTerytJed": 3021, "idTerytTer": 3021042, "rodzaj": "GW", "PRG|BT_Ref": 1030210420, "PRG|BT_R_1": "PL.PZGiK.200", "x_informDo": null }, "geometry": { "type": "MultiPolygon", "coordinates": [ [ [ [ 16.956085927644541, 52.562734954659348 ], [ 16.956043090301016, 52.562770641757702 ], [ 16.955964460712693, 52.562865073005064 ], [ 16.955959020351173, 52.562874153222111 ], [ 16.955950815068984, 52.56291412603133 ], [ 16.955950426434626, 52.562944699890487 ], [ 16.95596404594297, 52.562959685725993 ], [ 16.955988933716679, 52.562967221016287 ], [ 16.956031370824533, 52.562975059366437 ], [ 16.956089249545617, 52.562958699903774 ], [ 16.956166618937427, 52.562907239497925 ], [ 16.956210425779712, 52.562850702354602 ], [ 16.95623549285505, 52.562809941377623 ], [ 16.956246138550398, 52.562761915833022 ], [ 16.956262920786692, 52.562718403448983 ], [ 16.956328662846992, 52.562640838624269 ], [ 16.956334365612264, 52.562613414579317 ], [ 16.956308038912162, 52.562589215086284 ], [ 16.956276571820421, 52.562586692997826 ], [ 16.956229305032721, 52.562597029735485 ], [ 16.956162890321522, 52.562635097977029 ], [ 16.956085927644541, 52.562734954659348 ] ] ] ] } },
{ "type": "Feature", "properties": { "gml_id": "OT_ADJA_A.20", "lokalnyId": "322BD60C-5C60-598B-E053-CC2BA8C05138", "przestrzen": "PL.PZGiK.308.BDOT10k", "wersjaId": "2022-01-20T00:00:00", "czyObiektB": 0, "x_kod": "ADJA05", "x_skrKarto": null, "x_katDoklG": "Dok", "x_doklGeom": 1, "x_doklGe_1": "m", "x_zrodloDa": "PRG", "x_zrodlo_1": "PRG", "x_katIstni": null, "x_rodzajRe": "ZP", "x_aktualno": "2022-01-20", "x_aktual_1": "2022-01-20", "poczatekWe": "2022-01-20T00:00:00", "x_dataUtwo": "2012-11-13", "x_kodKarto": "0010_505", "x_kodKar_1": "0025_505", "x_kodKar_2": "0050_505", "x_kodKar_3": "0100_505", "x_kodKar_4": null, "x_kodKar_5": null, "x_kodKar_6": null, "nazwa": "Czerwonak", "idPRG": 1030210420, "idTerytJed": 3021, "idTerytTer": 3021042, "rodzaj": "GW", "PRG|BT_Ref": 1030210420, "PRG|BT_R_1": "PL.PZGiK.200", "x_informDo": null }, "geometry": { "type": "MultiPolygon", "coordinates": [ [ [ [ 16.955354429562512, 52.563947791731266 ], [ 16.955315073935544, 52.563968878033528 ], [ 16.955256801825101, 52.564031730784492 ], [ 16.955194516142946, 52.564123745594905 ], [ 16.955179106720763, 52.564204338000941 ], [ 16.955190167933818, 52.564252108863982 ], [ 16.955202844565679, 52.564281019635388 ], [ 16.955240264366491, 52.564288861523288 ], [ 16.95528521767044, 52.564283881773356 ], [ 16.955319702231524, 52.564250119333522 ], [ 16.955362871024839, 52.564181968848359 ], [ 16.955417543393001, 52.564069585297176 ], [ 16.955452297086531, 52.564023685184104 ], [ 16.955457001012046, 52.564005058327098 ], [ 16.955459028289294, 52.563983686948212 ], [ 16.955452236232325, 52.5639615336246 ], [ 16.95543617220488, 52.563945156363737 ], [ 16.955414188683214, 52.563941808501582 ], [ 16.955389678318916, 52.563942014699371 ], [ 16.955354429562512, 52.563947791731266 ] ] ] ] } },
{ "type": "Feature", "properties": { "gml_id": "OT_ADJA_A.20", "lokalnyId": "322BD60C-5C60-598B-E053-CC2BA8C05138", "przestrzen": "PL.PZGiK.308.BDOT10k", "wersjaId": "2022-01-20T00:00:00", "czyObiektB": 0, "x_kod": "ADJA05", "x_skrKarto": null, "x_katDoklG": "Dok", "x_doklGeom": 1, "x_doklGe_1": "m", "x_zrodloDa": "PRG", "x_zrodlo_1": "PRG", "x_katIstni": null, "x_rodzajRe": "ZP", "x_aktualno": "2022-01-20", "x_aktual_1": "2022-01-20", "poczatekWe": "2022-01-20T00:00:00", "x_dataUtwo": "2012-11-13", "x_kodKarto": "0010_505", "x_kodKar_1": "0025_505", "x_kodKar_2": "0050_505", "x_kodKar_3": "0100_505", "x_kodKar_4": null, "x_kodKar_5": null, "x_kodKar_6": null, "nazwa": "Czerwonak", "idPRG": 1030210420, "idTerytJed": 3021, "idTerytTer": 3021042, "rodzaj": "GW", "PRG|BT_Ref": 1030210420, "PRG|BT_R_1": "PL.PZGiK.200", "x_informDo": null }, "geometry": { "type": "MultiPolygon", "coordinates": [ [ [ [ 16.985924240602959, 52.442224970190573 ], [ 16.986092046322646, 52.442202104806128 ], [ 16.986107346994295, 52.442195799530154 ], [ 16.986116459354299, 52.442183182700077 ], [ 16.986099805909948, 52.442141704649188 ], [ 16.986084581647589, 52.442130202306032 ], [ 16.986044002013127, 52.44212924120886 ], [ 16.985898814477228, 52.442143497448953 ], [ 16.985880853659278, 52.44215326519658 ], [ 16.985875638388258, 52.442167567394023 ], [ 16.985893464109861, 52.442209155392952 ], [ 16.985903871856777, 52.442219766209746 ], [ 16.985924240602959, 52.442224970190573 ] ] ] ] } },
{ "type": "Feature", "properties": { "gml_id": "OT_ADJA_A.20", "lokalnyId": "322BD60C-5C60-598B-E053-CC2BA8C05138", "przestrzen": "PL.PZGiK.308.BDOT10k", "wersjaId": "2022-01-20T00:00:00", "czyObiektB": 0, "x_kod": "ADJA05", "x_skrKarto": null, "x_katDoklG": "Dok", "x_doklGeom": 1, "x_doklGe_1": "m", "x_zrodloDa": "PRG", "x_zrodlo_1": "PRG", "x_katIstni": null, "x_rodzajRe": "ZP", "x_aktualno": "2022-01-20", "x_aktual_1": "2022-01-20", "poczatekWe": "2022-01-20T00:00:00", "x_dataUtwo": "2012-11-13", "x_kodKarto": "0010_505", "x_kodKar_1": "0025_505", "x_kodKar_2": "0050_505", "x_kodKar_3": "0100_505", "x_kodKar_4": null, "x_kodKar_5": null, "x_kodKar_6": null, "nazwa": "Czerwonak", "idPRG": 1030210420, "idTerytJed": 3021, "idTerytTer": 3021042, "rodzaj": "GW", "PRG|BT_Ref": 1030210420, "PRG|BT_R_1": "PL.PZGiK.200", "x_informDo": null }, "geometry": { "type": "MultiPolygon", "coordinates": [ [ [ [ 17.000541856366315, 52.444358672617824 ], [ 17.000527106492751, 52.444352846653089 ], [ 17.000508013932798, 52.444348656174689 ], [ 17.000451127076612, 52.444327456725269 ], [ 17.00042924655509, 52.444313325263423 ], [ 17.000399962632592, 52.444296909931943 ], [ 17.000348547946, 52.444284887307944 ], [ 17.00030304146005, 52.44427566290652 ], [ 17.000264445778285, 52.444279597230988 ], [ 17.000207744419797, 52.444293298998872 ], [ 17.000183580442588, 52.444306831560532 ], [ 17.000177107369613, 52.444323001898653 ], [ 17.000177143512307, 52.444344948799731 ], [ 17.000185098618864, 52.444374045266535 ], [ 17.000220086647495, 52.444420508422319 ], [ 17.0003162962552, 52.444486715381473 ], [ 17.000443016115387, 52.444545523218771 ], [ 17.000493345101038, 52.444562024627423 ], [ 17.000555655329993, 52.444567485663093 ], [ 17.00067210354467, 52.444547598601297 ], [ 17.000744786485146, 52.444525532256634 ], [ 17.00077653779206, 52.444490721257587 ], [ 17.000780946354908, 52.444468129968094 ], [ 17.000777086908698, 52.444452594371832 ], [ 17.000750071139834, 52.444441344279788 ], [ 17.000710819701759, 52.444433754855197 ], [ 17.000653009990614, 52.444416677313704 ], [ 17.000601451000581, 52.444398086463437 ], [ 17.000566712208883, 52.444378610779424 ], [ 17.000554772071229, 52.444365996606344 ], [ 17.000541856366315, 52.444358672617824 ] ] ] ] } },
{ "type": "Feature", "properties": { "gml_id": "OT_ADJA_A.20", "lokalnyId": "322BD60C-5C60-598B-E053-CC2BA8C05138", "przestrzen": "PL.PZGiK.308.BDOT10k", "wersjaId": "2022-01-20T00:00:00", "czyObiektB": 0, "x_kod": "ADJA05", "x_skrKarto": null, "x_katDoklG": "Dok", "x_doklGeom": 1, "x_doklGe_1": "m", "x_zrodloDa": "PRG", "x_zrodlo_1": "PRG", "x_katIstni": null, "x_rodzajRe": "ZP", "x_aktualno": "2022-01-20", "x_aktual_1": "2022-01-20", "poczatekWe": "2022-01-20T00:00:00", "x_dataUtwo": "2012-11-13", "x_kodKarto": "0010_505", "x_kodKar_1": "0025_505", "x_kodKar_2": "0050_505", "x_kodKar_3": "0100_505", "x_kodKar_4": null, "x_kodKar_5": null, "x_kodKar_6": null, "nazwa": "Czerwonak", "idPRG": 1030210420, "idTerytJed": 3021, "idTerytTer": 3021042, "rodzaj": "GW", "PRG|BT_Ref": 1030210420, "PRG|BT_R_1": "PL.PZGiK.200", "x_informDo": null }, "geometry": { "type": "MultiPolygon", "coordinates": [ [ [ [ 16.988572022989775, 52.445926270664359 ], [ 16.988575564285913, 52.445935775027195 ], [ 16.988582946522047, 52.445941746977184 ], [ 16.988599570554513, 52.445948415818734 ], [ 16.988611365693121, 52.445951224859961 ], [ 16.988632354167507, 52.445949333327938 ], [ 16.988638605457215, 52.445947820686271 ], [ 16.988657229294979, 52.445936444806847 ], [ 16.988683305994954, 52.445919799075789 ], [ 16.988701349324472, 52.445911471408252 ], [ 16.988712258856324, 52.44590464137088 ], [ 16.988719303224919, 52.44589864501912 ], [ 16.988726887457876, 52.445887261213848 ], [ 16.988728601571871, 52.445865793769393 ], [ 16.988731364090505, 52.445860084351402 ], [ 16.988734939836156, 52.445852679832569 ], [ 16.988736787748667, 52.445841198442672 ], [ 16.98873661299535, 52.445832111130741 ], [ 16.988732214065294, 52.445818814537063 ], [ 16.988729804045224, 52.44581355678951 ], [ 16.988725028385481, 52.445808528630337 ], [ 16.988716346625726, 52.445805232900497 ], [ 16.988707251943904, 52.445804538520058 ], [ 16.988686602755873, 52.445805446453399 ], [ 16.988663514215698, 52.445808201707443 ], [ 16.988642537756242, 52.445813061599438 ], [ 16.988624747674738, 52.445822293005818 ], [ 16.988619619503098, 52.445828232007507 ], [ 16.988615962177981, 52.445834196031882 ], [ 16.988577527628113, 52.445876535364391 ], [ 16.988571757521449, 52.445886870696576 ], [ 16.988573459736084, 52.445901200744785 ], [ 16.988572048938114, 52.445912779512902 ], [ 16.988570193133135, 52.445921202671755 ], [ 16.988572022989775, 52.445926270664359 ] ] ] ] } },
{ "type": "Feature", "properties": { "gml_id": "OT_ADJA_A.20", "lokalnyId": "322BD60C-5C60-598B-E053-CC2BA8C05138", "przestrzen": "PL.PZGiK.308.BDOT10k", "wersjaId": "2022-01-20T00:00:00", "czyObiektB": 0, "x_kod": "ADJA05", "x_skrKarto": null, "x_katDoklG": "Dok", "x_doklGeom": 1, "x_doklGe_1": "m", "x_zrodloDa": "PRG", "x_zrodlo_1": "PRG", "x_katIstni": null, "x_rodzajRe": "ZP", "x_aktualno": "2022-01-20", "x_aktual_1": "2022-01-20", "poczatekWe": "2022-01-20T00:00:00", "x_dataUtwo": "2012-11-13", "x_kodKarto": "0010_505", "x_kodKar_1": "0025_505", "x_kodKar_2": "0050_505", "x_kodKar_3": "0100_505", "x_kodKar_4": null, "x_kodKar_5": null, "x_kodKar_6": null, "nazwa": "Czerwonak", "idPRG": 1030210420, "idTerytJed": 3021, "idTerytTer": 3021042, "rodzaj": "GW", "PRG|BT_Ref": 1030210420, "PRG|BT_R_1": "PL.PZGiK.200", "x_informDo": null }, "geometry": { "type": "MultiPolygon", "coordinates": [ [ [ [ 16.988515487877471, 52.453120101688128 ], [ 16.98857123560428, 52.453143805865913 ], [ 16.988609927981582, 52.453157326057628 ], [ 16.988791678815325, 52.453223468405966 ], [ 16.988949405157499, 52.453261139369722 ], [ 16.989164124652007, 52.453340434020951 ], [ 16.989251273255206, 52.453359994815337 ], [ 16.989359924866147, 52.453376143565869 ], [ 16.989503785285351, 52.453388573602552 ], [ 16.989584586225298, 52.453427903802499 ], [ 16.98958960741604, 52.453485733122044 ], [ 16.989587965598545, 52.453521772684489 ], [ 16.98957130564035, 52.453564302677997 ], [ 16.989539685100745, 52.453608826883361 ], [ 16.989526237803073, 52.453642237225765 ], [ 16.989532673879179, 52.453688397905886 ], [ 16.989563981956788, 52.453712135760043 ], [ 16.989647768107655, 52.453734427340599 ], [ 16.989680144855459, 52.453734707993164 ], [ 16.989720057303803, 52.453731159230294 ], [ 16.989775118919177, 52.453718244023754 ], [ 16.989807635656284, 52.453705754997529 ], [ 16.989880709336678, 52.453652941076143 ], [ 16.989934197418002, 52.453590529938666 ], [ 16.990003129640343, 52.453505805421415 ], [ 16.990128991212657, 52.453502908098343 ], [ 16.990221130537808, 52.453516346882679 ], [ 16.990303598387236, 52.453515859803005 ], [ 16.990379248892765, 52.453474332354872 ], [ 16.990448055311106, 52.453421445559904 ], [ 16.990457358865385, 52.453378790420466 ], [ 16.990451644466148, 52.453342625825222 ], [ 16.990420141056944, 52.453303774323537 ], [ 16.990293221040059, 52.453258803844776 ], [ 16.990222412885114, 52.4532489656754 ], [ 16.990198082492732, 52.453249811323367 ], [ 16.990179464576276, 52.453254531708993 ], [ 16.990129167492764, 52.453279220788545 ], [ 16.990098490651004, 52.453283646232414 ], [ 16.9900694366018, 52.453281533354598 ], [ 16.989809103872091, 52.45319840679057 ], [ 16.989673506942907, 52.453182339980145 ], [ 16.989234438237176, 52.453008927518823 ], [ 16.988777671224693, 52.452833053696608 ], [ 16.988742656777994, 52.452819596120641 ], [ 16.988709643825679, 52.452813907752756 ], [ 16.988671509721815, 52.452817216589501 ], [ 16.988626533140884, 52.452838217898368 ], [ 16.988590497347083, 52.452860090839337 ], [ 16.988456220968029, 52.452995960266172 ], [ 16.988441011476336, 52.453032488547777 ], [ 16.988446031451332, 52.453051552106309 ], [ 16.988456899283729, 52.453068286668795 ], [ 16.9884710188093, 52.453094430711381 ], [ 16.988515487877471, 52.453120101688128 ] ] ] ] } },
{ "type": "Feature", "properties": { "gml_id": "OT_ADJA_A.20", "lokalnyId": "322BD60C-5C60-598B-E053-CC2BA8C05138", "przestrzen": "PL.PZGiK.308.BDOT10k", "wersjaId": "2022-01-20T00:00:00", "czyObiektB": 0, "x_kod": "ADJA05", "x_skrKarto": null, "x_katDoklG": "Dok", "x_doklGeom": 1, "x_doklGe_1": "m", "x_zrodloDa": "PRG", "x_zrodlo_1": "PRG", "x_katIstni": null, "x_rodzajRe": "ZP", "x_aktualno": "2022-01-20", "x_aktual_1": "2022-01-20", "poczatekWe": "2022-01-20T00:00:00", "x_dataUtwo": "2012-11-13", "x_kodKarto": "0010_505", "x_kodKar_1": "0025_505", "x_kodKar_2": "0050_505", "x_kodKar_3": "0100_505", "x_kodKar_4": null, "x_kodKar_5": null, "x_kodKar_6": null, "nazwa": "Czerwonak", "idPRG": 1030210420, "idTerytJed": 3021, "idTerytTer": 3021042, "rodzaj": "GW", "PRG|BT_Ref": 1030210420, "PRG|BT_R_1": "PL.PZGiK.200", "x_informDo": null }, "geometry": { "type": "MultiPolygon", "coordinates": [ [ [ [ 16.984243561330803, 52.45780538085782 ], [ 16.9842387479456, 52.457859175169439 ], [ 16.984277010587622, 52.457907947415109 ], [ 16.984324013848127, 52.457923319592169 ], [ 16.98437842742694, 52.457934410821927 ], [ 16.984413305544802, 52.457928349522241 ], [ 16.984431948582117, 52.457913466803397 ], [ 16.984453119954644, 52.457865797673946 ], [ 16.984460580066269, 52.457837862356499 ], [ 16.984474442509843, 52.457818041173851 ], [ 16.984501050717789, 52.457802844496911 ], [ 16.984540000259859, 52.457791455928927 ], [ 16.984595542638765, 52.457777831741552 ], [ 16.984667443194436, 52.457770332689961 ], [ 16.98470898128171, 52.457750623408181 ], [ 16.984739452625146, 52.457708869141307 ], [ 16.984757392457723, 52.457673916908661 ], [ 16.984765474321442, 52.457642034640102 ], [ 16.984754830406278, 52.457549480898159 ], [ 16.984730578172805, 52.457474414158462 ], [ 16.984651383596713, 52.457338598308439 ], [ 16.984605444035552, 52.457299948928387 ], [ 16.984549210880111, 52.457277134080627 ], [ 16.984487805971266, 52.457264394705589 ], [ 16.984430706691537, 52.457260543191218 ], [ 16.984382242548122, 52.457277166161475 ], [ 16.984342142515896, 52.457320195301868 ], [ 16.984283557138948, 52.457638947003794 ], [ 16.98429561857726, 52.457671442463216 ], [ 16.9842927945163, 52.457710699785522 ], [ 16.984259924970914, 52.457746926481576 ], [ 16.984243561330803, 52.45780538085782 ] ] ] ] } },
{ "type": "Feature", "properties": { "gml_id": "OT_ADJA_A.20", "lokalnyId": "322BD60C-5C60-598B-E053-CC2BA8C05138", "przestrzen": "PL.PZGiK.308.BDOT10k", "wersjaId": "2022-01-20T00:00:00", "czyObiektB": 0, "x_kod": "ADJA05", "x_skrKarto": null, "x_katDoklG": "Dok", "x_doklGeom": 1, "x_doklGe_1": "m", "x_zrodloDa": "PRG", "x_zrodlo_1": "PRG", "x_katIstni": null, "x_rodzajRe": "ZP", "x_aktualno": "2022-01-20", "x_aktual_1": "2022-01-20", "poczatekWe": "2022-01-20T00:00:00", "x_dataUtwo": "2012-11-13", "x_kodKarto": "0010_505", "x_kodKar_1": "0025_505", "x_kodKar_2": "0050_505", "x_kodKar_3": "0100_505", "x_kodKar_4": null, "x_kodKar_5": null, "x_kodKar_6": null, "nazwa": "Czerwonak", "idPRG": 1030210420, "idTerytJed": 3021, "idTerytTer": 3021042, "rodzaj": "GW", "PRG|BT_Ref": 1030210420, "PRG|BT_R_1": "PL.PZGiK.200", "x_informDo": null }, "geometry": { "type": "MultiPolygon", "coordinates": [ [ [ [ 16.985487174194731, 52.462274296272319 ], [ 16.985406285583476, 52.462288208633282 ], [ 16.985292236590798, 52.462305963199796 ], [ 16.985227157453128, 52.46231870570044 ], [ 16.985201545737599, 52.462324925148891 ], [ 16.985187107779065, 52.462334752845294 ], [ 16.98517893336593, 52.462355750349879 ], [ 16.985190600393416, 52.462387249579557 ], [ 16.985207187112621, 52.462404531572609 ], [ 16.985219139876893, 52.462416877642731 ], [ 16.98528273809525, 52.462433341641415 ], [ 16.985346077985266, 52.462432891774164 ], [ 16.985406879560824, 52.462433208121482 ], [ 16.98548556653267, 52.462435268242473 ], [ 16.985586962890658, 52.462433397879281 ], [ 16.985652140587231, 52.462418498208685 ], [ 16.985664760628239, 52.462403332805486 ], [ 16.985663453433563, 52.462354561012503 ], [ 16.985649818176306, 52.462311335612107 ], [ 16.985632945837107, 52.462290630952872 ], [ 16.985618740165354, 52.462282473903379 ], [ 16.985589652910694, 52.462274513055711 ], [ 16.985530327646746, 52.462270894031711 ], [ 16.985498900797136, 52.462272247456816 ], [ 16.985487174194731, 52.462274296272319 ] ] ] ] } },
{ "type": "Feature", "properties": { "gml_id": "OT_ADJA_A.20", "lokalnyId": "322BD60C-5C60-598B-E053-CC2BA8C05138", "przestrzen": "PL.PZGiK.308.BDOT10k", "wersjaId": "2022-01-20T00:00:00", "czyObiektB": 0, "x_kod": "ADJA05", "x_skrKarto": null, "x_katDoklG": "Dok", "x_doklGeom": 1, "x_doklGe_1": "m", "x_zrodloDa": "PRG", "x_zrodlo_1": "PRG", "x_katIstni": null, "x_rodzajRe": "ZP", "x_aktualno": "2022-01-20", "x_aktual_1": "2022-01-20", "poczatekWe": "2022-01-20T00:00:00", "x_dataUtwo": "2012-11-13", "x_kodKarto": "0010_505", "x_kodKar_1": "0025_505", "x_kodKar_2": "0050_505", "x_kodKar_3": "0100_505", "x_kodKar_4": null, "x_kodKar_5": null, "x_kodKar_6": null, "nazwa": "Czerwonak", "idPRG": 1030210420, "idTerytJed": 3021, "idTerytTer": 3021042, "rodzaj": "GW", "PRG|BT_Ref": 1030210420, "PRG|BT_R_1": "PL.PZGiK.200", "x_informDo": null }, "geometry": { "type": "MultiPolygon", "coordinates": [ [ [ [ 16.984240381923758, 52.462976736531282 ], [ 16.984387487878834, 52.462934901851305 ], [ 16.984467181680927, 52.462914943579527 ], [ 16.984547163436662, 52.462866118208318 ], [ 16.984570681985144, 52.462844482836445 ], [ 16.984579144947102, 52.46283329416314 ], [ 16.984582972626775, 52.462823645473669 ], [ 16.984577842468578, 52.462807008379116 ], [ 16.984563817491832, 52.46279489675657 ], [ 16.984551716326692, 52.462789024043303 ], [ 16.984537309508077, 52.462785270681174 ], [ 16.984512989522543, 52.462788993573312 ], [ 16.984467798120935, 52.462801534975512 ], [ 16.98422443399663, 52.462935810076694 ], [ 16.984213735755116, 52.462944352250361 ], [ 16.984207782995416, 52.462952165826074 ], [ 16.98420754682045, 52.462967002524657 ], [ 16.98421391768159, 52.462972597700471 ], [ 16.984220239962166, 52.46297603339692 ], [ 16.984230502908819, 52.462977017843471 ], [ 16.984240381923758, 52.462976736531282 ] ] ] ] } },
{ "type": "Feature", "properties": { "gml_id": "OT_ADJA_A.20", "lokalnyId": "322BD60C-5C60-598B-E053-CC2BA8C05138", "przestrzen": "PL.PZGiK.308.BDOT10k", "wersjaId": "2022-01-20T00:00:00", "czyObiektB": 0, "x_kod": "ADJA05", "x_skrKarto": null, "x_katDoklG": "Dok", "x_doklGeom": 1, "x_doklGe_1": "m", "x_zrodloDa": "PRG", "x_zrodlo_1": "PRG", "x_katIstni": null, "x_rodzajRe": "ZP", "x_aktualno": "2022-01-20", "x_aktual_1": "2022-01-20", "poczatekWe": "2022-01-20T00:00:00", "x_dataUtwo": "2012-11-13", "x_kodKarto": "0010_505", "x_kodKar_1": "0025_505", "x_kodKar_2": "0050_505", "x_kodKar_3": "0100_505", "x_kodKar_4": null, "x_kodKar_5": null, "x_kodKar_6": null, "nazwa": "Czerwonak", "idPRG": 1030210420, "idTerytJed": 3021, "idTerytTer": 3021042, "rodzaj": "GW", "PRG|BT_Ref": 1030210420, "PRG|BT_R_1": "PL.PZGiK.200", "x_informDo": null }, "geometry": { "type": "MultiPolygon", "coordinates": [ [ [ [ 17.00908851986755, 52.464998878659102 ], [ 17.009071237415682, 52.465032676237492 ], [ 17.009056056302516, 52.465055805927207 ], [ 17.009032938961965, 52.465072056239819 ], [ 17.009005259929911, 52.465088229743174 ], [ 17.008983569440257, 52.46510549344756 ], [ 17.008975638100416, 52.465124607795509 ], [ 17.008976326697166, 52.465141978467081 ], [ 17.008991932515411, 52.465164906962357 ], [ 17.009049977330701, 52.465206808500277 ], [ 17.009105512810205, 52.465226002023634 ], [ 17.009137968338734, 52.465227987537133 ], [ 17.009183373847456, 52.465220387229706 ], [ 17.0092082876841, 52.465210013453444 ], [ 17.009223357470837, 52.465195876210963 ], [ 17.00924034038113, 52.465158925549645 ], [ 17.009236180584839, 52.465104259873854 ], [ 17.009260650128013, 52.465074360888657 ], [ 17.00926891051051, 52.465038162814942 ], [ 17.00927137245699, 52.464983608614595 ], [ 17.009272560840195, 52.464957275203027 ], [ 17.009261694420264, 52.464940272852822 ], [ 17.009227299538086, 52.464932318457841 ], [ 17.009187103173812, 52.464932181402254 ], [ 17.009149194516954, 52.464940087811527 ], [ 17.009111498790112, 52.464972642287236 ], [ 17.00908851986755, 52.464998878659102 ] ] ] ] } },
{ "type": "Feature", "properties": { "gml_id": "OT_ADJA_A.20", "lokalnyId": "322BD60C-5C60-598B-E053-CC2BA8C05138", "przestrzen": "PL.PZGiK.308.BDOT10k", "wersjaId": "2022-01-20T00:00:00", "czyObiektB": 0, "x_kod": "ADJA05", "x_skrKarto": null, "x_katDoklG": "Dok", "x_doklGeom": 1, "x_doklGe_1": "m", "x_zrodloDa": "PRG", "x_zrodlo_1": "PRG", "x_katIstni": null, "x_rodzajRe": "ZP", "x_aktualno": "2022-01-20", "x_aktual_1": "2022-01-20", "poczatekWe": "2022-01-20T00:00:00", "x_dataUtwo": "2012-11-13", "x_kodKarto": "0010_505", "x_kodKar_1": "0025_505", "x_kodKar_2": "0050_505", "x_kodKar_3": "0100_505", "x_kodKar_4": null, "x_kodKar_5": null, "x_kodKar_6": null, "nazwa": "Czerwonak", "idPRG": 1030210420, "idTerytJed": 3021, "idTerytTer": 3021042, "rodzaj": "GW", "PRG|BT_Ref": 1030210420, "PRG|BT_R_1": "PL.PZGiK.200", "x_informDo": null }, "geometry": { "type": "MultiPolygon", "coordinates": [ [ [ [ 16.990796558014178, 52.468339587274059 ], [ 16.990802539026596, 52.468331144250527 ], [ 16.990816132309419, 52.468310778117079 ], [ 16.990819476941958, 52.468298782498429 ], [ 16.990813625091995, 52.468272059761603 ], [ 16.990804035592245, 52.468265960552856 ], [ 16.990767933007007, 52.468256712559551 ], [ 16.990726156485849, 52.468249167021085 ], [ 16.990682715952683, 52.468245820543956 ], [ 16.990643772339435, 52.468237513618902 ], [ 16.990594584170463, 52.468237487303952 ], [ 16.990573429308444, 52.468246032252146 ], [ 16.990519484279453, 52.468282532130786 ], [ 16.990495592785194, 52.468315585171581 ], [ 16.990477338624945, 52.468344506653914 ], [ 16.990453565812071, 52.468374953338028 ], [ 16.990444170627107, 52.468393681842493 ], [ 16.990428667148787, 52.468426877411446 ], [ 16.990402622627698, 52.4684942523104 ], [ 16.990418354993164, 52.468514217316127 ], [ 16.990449334246968, 52.468542176569123 ], [ 16.990476696191632, 52.468565487219308 ], [ 16.990497435929058, 52.468588685331774 ], [ 16.990518912724113, 52.468595706113341 ], [ 16.990570590984706, 52.468592806630184 ], [ 16.990605702443808, 52.468575324585316 ], [ 16.990673964936828, 52.46851550271515 ], [ 16.99074692252092, 52.46842050268144 ], [ 16.990778030416742, 52.468364816467144 ], [ 16.990771624972918, 52.468363178592597 ], [ 16.990783394590384, 52.468350516628746 ], [ 16.990796558014178, 52.468339587274059 ] ] ] ] } },
{ "type": "Feature", "properties": { "gml_id": "OT_ADJA_A.20", "lokalnyId": "322BD60C-5C60-598B-E053-CC2BA8C05138", "przestrzen": "PL.PZGiK.308.BDOT10k", "wersjaId": "2022-01-20T00:00:00", "czyObiektB": 0, "x_kod": "ADJA05", "x_skrKarto": null, "x_katDoklG": "Dok", "x_doklGeom": 1, "x_doklGe_1": "m", "x_zrodloDa": "PRG", "x_zrodlo_1": "PRG", "x_katIstni": null, "x_rodzajRe": "ZP", "x_aktualno": "2022-01-20", "x_aktual_1": "2022-01-20", "poczatekWe": "2022-01-20T00:00:00", "x_dataUtwo": "2012-11-13", "x_kodKarto": "0010_505", "x_kodKar_1": "0025_505", "x_kodKar_2": "0050_505", "x_kodKar_3": "0100_505", "x_kodKar_4": null, "x_kodKar_5": null, "x_kodKar_6": null, "nazwa": "Czerwonak", "idPRG": 1030210420, "idTerytJed": 3021, "idTerytTer": 3021042, "rodzaj": "GW", "PRG|BT_Ref": 1030210420, "PRG|BT_R_1": "PL.PZGiK.200", "x_informDo": null }, "geometry": { "type": "MultiPolygon", "coordinates": [ [ [ [ 16.982760954066837, 52.469068223372211 ], [ 16.982751603121631, 52.469060148811721 ], [ 16.982624015613975, 52.469051496343191 ], [ 16.982607837683013, 52.469060664444726 ], [ 16.98260971115737, 52.469151719456676 ], [ 16.982619197752207, 52.469156828199509 ], [ 16.982755085001248, 52.469161125065824 ], [ 16.982763585853508, 52.469152365648291 ], [ 16.982760954066837, 52.469068223372211 ] ] ] ] } },
{ "type": "Feature", "properties": { "gml_id": "OT_ADJA_A.20", "lokalnyId": "322BD60C-5C60-598B-E053-CC2BA8C05138", "przestrzen": "PL.PZGiK.308.BDOT10k", "wersjaId": "2022-01-20T00:00:00", "czyObiektB": 0, "x_kod": "ADJA05", "x_skrKarto": null, "x_katDoklG": "Dok", "x_doklGeom": 1, "x_doklGe_1": "m", "x_zrodloDa": "PRG", "x_zrodlo_1": "PRG", "x_katIstni": null, "x_rodzajRe": "ZP", "x_aktualno": "2022-01-20", "x_aktual_1": "2022-01-20", "poczatekWe": "2022-01-20T00:00:00", "x_dataUtwo": "2012-11-13", "x_kodKarto": "0010_505", "x_kodKar_1": "0025_505", "x_kodKar_2": "0050_505", "x_kodKar_3": "0100_505", "x_kodKar_4": null, "x_kodKar_5": null, "x_kodKar_6": null, "nazwa": "Czerwonak", "idPRG": 1030210420, "idTerytJed": 3021, "idTerytTer": 3021042, "rodzaj": "GW", "PRG|BT_Ref": 1030210420, "PRG|BT_R_1": "PL.PZGiK.200", "x_informDo": null }, "geometry": { "type": "MultiPolygon", "coordinates": [ [ [ [ 16.982929731917359, 52.469187399566572 ], [ 16.983159779991077, 52.469187365742151 ], [ 16.98318748013553, 52.469183880641964 ], [ 16.983248163746339, 52.469135446528504 ], [ 16.983255275848101, 52.469121626543981 ], [ 16.98324143909818, 52.46910214261262 ], [ 16.98293520666892, 52.469067687912208 ], [ 16.982916993192255, 52.469076281673104 ], [ 16.982913950996924, 52.469178225962438 ], [ 16.982929731917359, 52.469187399566572 ] ] ] ] } },
{ "type": "Feature", "properties": { "gml_id": "OT_ADJA_A.20", "lokalnyId": "322BD60C-5C60-598B-E053-CC2BA8C05138", "przestrzen": "PL.PZGiK.308.BDOT10k", "wersjaId": "2022-01-20T00:00:00", "czyObiektB": 0, "x_kod": "ADJA05", "x_skrKarto": null, "x_katDoklG": "Dok", "x_doklGeom": 1, "x_doklGe_1": "m", "x_zrodloDa": "PRG", "x_zrodlo_1": "PRG", "x_katIstni": null, "x_rodzajRe": "ZP", "x_aktualno": "2022-01-20", "x_aktual_1": "2022-01-20", "poczatekWe": "2022-01-20T00:00:00", "x_dataUtwo": "2012-11-13", "x_kodKarto": "0010_505", "x_kodKar_1": "0025_505", "x_kodKar_2": "0050_505", "x_kodKar_3": "0100_505", "x_kodKar_4": null, "x_kodKar_5": null, "x_kodKar_6": null, "nazwa": "Czerwonak", "idPRG": 1030210420, "idTerytJed": 3021, "idTerytTer": 3021042, "rodzaj": "GW", "PRG|BT_Ref": 1030210420, "PRG|BT_R_1": "PL.PZGiK.200", "x_informDo": null }, "geometry": { "type": "MultiPolygon", "coordinates": [ [ [ [ 17.004543222893247, 52.469485725842603 ], [ 17.00452796746703, 52.469471347305962 ], [ 17.004508356367047, 52.46946534994909 ], [ 17.004489514405449, 52.469461883983215 ], [ 17.004430550051598, 52.469459809655817 ], [ 17.004407310959682, 52.469462385627395 ], [ 17.004391157657217, 52.469471107378084 ], [ 17.004376583267458, 52.469483993168403 ], [ 17.004358478984379, 52.469522813034423 ], [ 17.004361485364786, 52.469547508263773 ], [ 17.004406414867343, 52.469596116359355 ], [ 17.004429424560943, 52.46960837717922 ], [ 17.004449954529051, 52.469610342600951 ], [ 17.004504698351223, 52.46962107020947 ], [ 17.004583036406778, 52.469660438145567 ], [ 17.004595959305405, 52.469664523767698 ], [ 17.004612535379032, 52.469662734765016 ], [ 17.004639635890381, 52.469652938490967 ], [ 17.004653263909685, 52.469631671963676 ], [ 17.004654697510773, 52.469609749961506 ], [ 17.004638190705705, 52.469593731343998 ], [ 17.004630431725971, 52.469576421234116 ], [ 17.00461827969718, 52.469565063206595 ], [ 17.004594858649721, 52.469542362047186 ], [ 17.004579467436471, 52.469524473433388 ], [ 17.004575606260826, 52.469515413940066 ], [ 17.004563336343768, 52.469506662276267 ], [ 17.004555415543038, 52.469496185129572 ], [ 17.004543222893247, 52.469485725842603 ] ] ] ] } },
{ "type": "Feature", "properties": { "gml_id": "OT_ADJA_A.20", "lokalnyId": "322BD60C-5C60-598B-E053-CC2BA8C05138", "przestrzen": "PL.PZGiK.308.BDOT10k", "wersjaId": "2022-01-20T00:00:00", "czyObiektB": 0, "x_kod": "ADJA05", "x_skrKarto": null, "x_katDoklG": "Dok", "x_doklGeom": 1, "x_doklGe_1": "m", "x_zrodloDa": "PRG", "x_zrodlo_1": "PRG", "x_katIstni": null, "x_rodzajRe": "ZP", "x_aktualno": "2022-01-20", "x_aktual_1": "2022-01-20", "poczatekWe": "2022-01-20T00:00:00", "x_dataUtwo": "2012-11-13", "x_kodKarto": "0010_505", "x_kodKar_1": "0025_505", "x_kodKar_2": "0050_505", "x_kodKar_3": "0100_505", "x_kodKar_4": null, "x_kodKar_5": null, "x_kodKar_6": null, "nazwa": "Czerwonak", "idPRG": 1030210420, "idTerytJed": 3021, "idTerytTer": 3021042, "rodzaj": "GW", "PRG|BT_Ref": 1030210420, "PRG|BT_R_1": "PL.PZGiK.200", "x_informDo": null }, "geometry": { "type": "MultiPolygon", "coordinates": [ [ [ [ 17.005181684050044, 52.469758952353445 ], [ 17.005179916402209, 52.469752446611118 ], [ 17.005167412941546, 52.469742341921091 ], [ 17.005152616632561, 52.46973408736347 ], [ 17.005133752529236, 52.469724594920351 ], [ 17.00512031648751, 52.469712315851908 ], [ 17.005108704999596, 52.469705284277801 ], [ 17.005091835375936, 52.469694026605026 ], [ 17.005044359348748, 52.469682162668526 ], [ 17.004996826433167, 52.46967155696067 ], [ 17.004979623492879, 52.469667669007421 ], [ 17.004920801955507, 52.469649407523512 ], [ 17.004864140773694, 52.469638737703839 ], [ 17.004842065934991, 52.469638365271365 ], [ 17.004814767920266, 52.469642761654981 ], [ 17.004797164102037, 52.469654247233727 ], [ 17.004787142173985, 52.469660913843811 ], [ 17.004790985474713, 52.469680136632803 ], [ 17.004883747761266, 52.469726223654597 ], [ 17.004893396468141, 52.469731063495274 ], [ 17.004900723853869, 52.469738382587565 ], [ 17.004908966761739, 52.469744997577806 ], [ 17.004926877906293, 52.469752765055325 ], [ 17.004976134602881, 52.469774103136096 ], [ 17.005037344325984, 52.469794923294188 ], [ 17.005076484027043, 52.469802239377067 ], [ 17.005122861693032, 52.469802572016235 ], [ 17.005129463845069, 52.46980313310506 ], [ 17.005151325738048, 52.469801703023165 ], [ 17.005180385748947, 52.469797426227238 ], [ 17.005187043153761, 52.469790253112691 ], [ 17.005184482688783, 52.469768713449398 ], [ 17.005181684050044, 52.469758952353445 ] ] ] ] } },
{ "type": "Feature", "properties": { "gml_id": "OT_ADJA_A.20", "lokalnyId": "322BD60C-5C60-598B-E053-CC2BA8C05138", "przestrzen": "PL.PZGiK.308.BDOT10k", "wersjaId": "2022-01-20T00:00:00", "czyObiektB": 0, "x_kod": "ADJA05", "x_skrKarto": null, "x_katDoklG": "Dok", "x_doklGeom": 1, "x_doklGe_1": "m", "x_zrodloDa": "PRG", "x_zrodlo_1": "PRG", "x_katIstni": null, "x_rodzajRe": "ZP", "x_aktualno": "2022-01-20", "x_aktual_1": "2022-01-20", "poczatekWe": "2022-01-20T00:00:00", "x_dataUtwo": "2012-11-13", "x_kodKarto": "0010_505", "x_kodKar_1": "0025_505", "x_kodKar_2": "0050_505", "x_kodKar_3": "0100_505", "x_kodKar_4": null, "x_kodKar_5": null, "x_kodKar_6": null, "nazwa": "Czerwonak", "idPRG": 1030210420, "idTerytJed": 3021, "idTerytTer": 3021042, "rodzaj": "GW", "PRG|BT_Ref": 1030210420, "PRG|BT_R_1": "PL.PZGiK.200", "x_informDo": null }, "geometry": { "type": "MultiPolygon", "coordinates": [ [ [ [ 17.007933638885358, 52.470086954453052 ], [ 17.008007197019687, 52.470059411659413 ], [ 17.008013144517484, 52.47004512090578 ], [ 17.008010168618167, 52.470032748538493 ], [ 17.007944681158506, 52.470012037760355 ], [ 17.007914187094407, 52.470005677761698 ], [ 17.007878224526337, 52.470003003255464 ], [ 17.007753796294246, 52.470005764050995 ], [ 17.007589934476957, 52.469978358917416 ], [ 17.00740548168957, 52.469950336775064 ], [ 17.007228503587125, 52.469887272444247 ], [ 17.00711974508382, 52.469836600431805 ], [ 17.006983260793817, 52.46978024433367 ], [ 17.006830319840947, 52.469713267217415 ], [ 17.006642605100314, 52.469666210840586 ], [ 17.006449692308024, 52.469652705359501 ], [ 17.006253940181622, 52.469659658784629 ], [ 17.006160068265231, 52.469670668187938 ], [ 17.006122466477049, 52.469681457014886 ], [ 17.00607962082001, 52.469710505864164 ], [ 17.006057568427721, 52.469732439997273 ], [ 17.00604471790427, 52.469769100110241 ], [ 17.006053618234414, 52.469787238857705 ], [ 17.006089677530788, 52.469800798701648 ], [ 17.006149591344371, 52.469804687073491 ], [ 17.006426576611826, 52.469773109637316 ], [ 17.006570266068799, 52.469797118280248 ], [ 17.006676983184601, 52.469831026926315 ], [ 17.006784913793506, 52.469890230016176 ], [ 17.007105800193337, 52.470093063802487 ], [ 17.00722798501042, 52.470146480485717 ], [ 17.007279708718809, 52.470155626869179 ], [ 17.007385221807262, 52.470151018816793 ], [ 17.007513860545217, 52.470133308807071 ], [ 17.007621303013366, 52.47011533149162 ], [ 17.007716931401411, 52.470111096267743 ], [ 17.007933638885358, 52.470086954453052 ] ] ] ] } },
{ "type": "Feature", "properties": { "gml_id": "OT_ADJA_A.20", "lokalnyId": "322BD60C-5C60-598B-E053-CC2BA8C05138", "przestrzen": "PL.PZGiK.308.BDOT10k", "wersjaId": "2022-01-20T00:00:00", "czyObiektB": 0, "x_kod": "ADJA05", "x_skrKarto": null, "x_katDoklG": "Dok", "x_doklGeom": 1, "x_doklGe_1": "m", "x_zrodloDa": "PRG", "x_zrodlo_1": "PRG", "x_katIstni": null, "x_rodzajRe": "ZP", "x_aktualno": "2022-01-20", "x_aktual_1": "2022-01-20", "poczatekWe": "2022-01-20T00:00:00", "x_dataUtwo": "2012-11-13", "x_kodKarto": "0010_505", "x_kodKar_1": "0025_505", "x_kodKar_2": "0050_505", "x_kodKar_3": "0100_505", "x_kodKar_4": null, "x_kodKar_5": null, "x_kodKar_6": null, "nazwa": "Czerwonak", "idPRG": 1030210420, "idTerytJed": 3021, "idTerytTer": 3021042, "rodzaj": "GW", "PRG|BT_Ref": 1030210420, "PRG|BT_R_1": "PL.PZGiK.200", "x_informDo": null }, "geometry": { "type": "MultiPolygon", "coordinates": [ [ [ [ 17.006967440000334, 52.470413898560039 ], [ 17.006983818446358, 52.470406709291211 ], [ 17.007131652620124, 52.470189109267892 ], [ 17.007113218364303, 52.470170090392685 ], [ 17.007081412381954, 52.470137354664367 ], [ 17.006815037455137, 52.469930852490037 ], [ 17.006690215372853, 52.469899966704659 ], [ 17.00645352347107, 52.469870972584651 ], [ 17.006360125149222, 52.469881270585972 ], [ 17.006302834076017, 52.469900811817588 ], [ 17.00620232606353, 52.469938062789851 ], [ 17.006150081414024, 52.469950223729604 ], [ 17.006095798580525, 52.469939054944994 ], [ 17.005997482864721, 52.469891975814114 ], [ 17.005785273080878, 52.469858985932483 ], [ 17.005739091555263, 52.469873857294054 ], [ 17.005707217393329, 52.469871970618755 ], [ 17.005684515715231, 52.469882201093355 ], [ 17.00565452910098, 52.469906969479311 ], [ 17.005624229755455, 52.469954937978073 ], [ 17.005587850746622, 52.470046156648721 ], [ 17.005582490277554, 52.47005721922406 ], [ 17.005575840384161, 52.47007725439164 ], [ 17.005576804031637, 52.470088513567212 ], [ 17.005582515101519, 52.4700892394889 ], [ 17.005607693737097, 52.470092632258513 ], [ 17.005620428191524, 52.470094376060693 ], [ 17.005632725209505, 52.470096022540865 ], [ 17.005641069034521, 52.470097152633826 ], [ 17.005649412859984, 52.470098282726177 ], [ 17.005882910886505, 52.470210961883033 ], [ 17.00592228448534, 52.47021963077669 ], [ 17.005970524368898, 52.470211359916718 ], [ 17.005996048120348, 52.470190833482889 ], [ 17.006055897939873, 52.470183118123344 ], [ 17.006111238780939, 52.470190437197239 ], [ 17.006234057345289, 52.470233072393754 ], [ 17.00628872701639, 52.470251982763713 ], [ 17.006772230927741, 52.47035988041484 ], [ 17.006842217725104, 52.470375540903596 ], [ 17.006946407108458, 52.470413274253616 ], [ 17.006967440000334, 52.470413898560039 ] ] ] ] } },
{ "type": "Feature", "properties": { "gml_id": "OT_ADJA_A.20", "lokalnyId": "322BD60C-5C60-598B-E053-CC2BA8C05138", "przestrzen": "PL.PZGiK.308.BDOT10k", "wersjaId": "2022-01-20T00:00:00", "czyObiektB": 0, "x_kod": "ADJA05", "x_skrKarto": null, "x_katDoklG": "Dok", "x_doklGeom": 1, "x_doklGe_1": "m", "x_zrodloDa": "PRG", "x_zrodlo_1": "PRG", "x_katIstni": null, "x_rodzajRe": "ZP", "x_aktualno": "2022-01-20", "x_aktual_1": "2022-01-20", "poczatekWe": "2022-01-20T00:00:00", "x_dataUtwo": "2012-11-13", "x_kodKarto": "0010_505", "x_kodKar_1": "0025_505", "x_kodKar_2": "0050_505", "x_kodKar_3": "0100_505", "x_kodKar_4": null, "x_kodKar_5": null, "x_kodKar_6": null, "nazwa": "Czerwonak", "idPRG": 1030210420, "idTerytJed": 3021, "idTerytTer": 3021042, "rodzaj": "GW", "PRG|BT_Ref": 1030210420, "PRG|BT_R_1": "PL.PZGiK.200", "x_informDo": null }, "geometry": { "type": "MultiPolygon", "coordinates": [ [ [ [ 17.007384670710383, 52.47027405204863 ], [ 17.007421558774382, 52.470321444147331 ], [ 17.007493312617484, 52.470366455557865 ], [ 17.007593827357177, 52.470417078263011 ], [ 17.007660083565789, 52.470437082635918 ], [ 17.007730684866335, 52.470442409462642 ], [ 17.007764012954894, 52.470438203934421 ], [ 17.007884054662387, 52.470405418090536 ], [ 17.007963086040714, 52.470387141743423 ], [ 17.008081114978406, 52.470376088086617 ], [ 17.008101648395268, 52.470361683238885 ], [ 17.008118497491054, 52.470344068313238 ], [ 17.00811570107496, 52.470317937640239 ], [ 17.008097365524012, 52.470264112508289 ], [ 17.008027695923019, 52.470218596914563 ], [ 17.007887442828089, 52.470170633071845 ], [ 17.00780439762876, 52.470150615822448 ], [ 17.007729748152755, 52.470153405682574 ], [ 17.007607776600569, 52.470183280665665 ], [ 17.007480438894468, 52.470204790320459 ], [ 17.007418737897538, 52.470227405806099 ], [ 17.007391018453056, 52.470244387754633 ], [ 17.007384670710383, 52.47027405204863 ] ] ] ] } },
{ "type": "Feature", "properties": { "gml_id": "OT_ADJA_A.20", "lokalnyId": "322BD60C-5C60-598B-E053-CC2BA8C05138", "przestrzen": "PL.PZGiK.308.BDOT10k", "wersjaId": "2022-01-20T00:00:00", "czyObiektB": 0, "x_kod": "ADJA05", "x_skrKarto": null, "x_katDoklG": "Dok", "x_doklGeom": 1, "x_doklGe_1": "m", "x_zrodloDa": "PRG", "x_zrodlo_1": "PRG", "x_katIstni": null, "x_rodzajRe": "ZP", "x_aktualno": "2022-01-20", "x_aktual_1": "2022-01-20", "poczatekWe": "2022-01-20T00:00:00", "x_dataUtwo": "2012-11-13", "x_kodKarto": "0010_505", "x_kodKar_1": "0025_505", "x_kodKar_2": "0050_505", "x_kodKar_3": "0100_505", "x_kodKar_4": null, "x_kodKar_5": null, "x_kodKar_6": null, "nazwa": "Czerwonak", "idPRG": 1030210420, "idTerytJed": 3021, "idTerytTer": 3021042, "rodzaj": "GW", "PRG|BT_Ref": 1030210420, "PRG|BT_R_1": "PL.PZGiK.200", "x_informDo": null }, "geometry": { "type": "MultiPolygon", "coordinates": [ [ [ [ 16.990332875092243, 52.47043548925145 ], [ 16.990340543628363, 52.470441735735896 ], [ 16.990368802998407, 52.470451839938647 ], [ 16.990427042736425, 52.470473066948593 ], [ 16.990522620290893, 52.470518493620055 ], [ 16.990575345143647, 52.470544393854283 ], [ 16.990632117525493, 52.470565505884373 ], [ 16.9906515267635, 52.470572671389071 ], [ 16.990667923767901, 52.470571600842042 ], [ 16.99068998778694, 52.470556055719676 ], [ 16.990706207224733, 52.470523322005938 ], [ 16.99074292954807, 52.470467281484062 ], [ 16.990742914805104, 52.470444975222591 ], [ 16.990727475725585, 52.470428253224149 ], [ 16.990440849804081, 52.47029287471819 ], [ 16.990414842288803, 52.470291533327796 ], [ 16.990400803625519, 52.470299029911274 ], [ 16.990392831287028, 52.470309148002933 ], [ 16.990374121632797, 52.470348045465968 ], [ 16.990349197915435, 52.470390794842871 ], [ 16.990340325376931, 52.470410971316142 ], [ 16.990333301266208, 52.470422904390063 ], [ 16.990332875092243, 52.47043548925145 ] ] ] ] } },
{ "type": "Feature", "properties": { "gml_id": "OT_ADJA_A.20", "lokalnyId": "322BD60C-5C60-598B-E053-CC2BA8C05138", "przestrzen": "PL.PZGiK.308.BDOT10k", "wersjaId": "2022-01-20T00:00:00", "czyObiektB": 0, "x_kod": "ADJA05", "x_skrKarto": null, "x_katDoklG": "Dok", "x_doklGeom": 1, "x_doklGe_1": "m", "x_zrodloDa": "PRG", "x_zrodlo_1": "PRG", "x_katIstni": null, "x_rodzajRe": "ZP", "x_aktualno": "2022-01-20", "x_aktual_1": "2022-01-20", "poczatekWe": "2022-01-20T00:00:00", "x_dataUtwo": "2012-11-13", "x_kodKarto": "0010_505", "x_kodKar_1": "0025_505", "x_kodKar_2": "0050_505", "x_kodKar_3": "0100_505", "x_kodKar_4": null, "x_kodKar_5": null, "x_kodKar_6": null, "nazwa": "Czerwonak", "idPRG": 1030210420, "idTerytJed": 3021, "idTerytTer": 3021042, "rodzaj": "GW", "PRG|BT_Ref": 1030210420, "PRG|BT_R_1": "PL.PZGiK.200", "x_informDo": null }, "geometry": { "type": "MultiPolygon", "coordinates": [ [ [ [ 17.00759983183428, 52.470994885571642 ], [ 17.007534569402722, 52.470991987152019 ], [ 17.007512812554065, 52.470991080920797 ], [ 17.007386821580898, 52.470985989947437 ], [ 17.007355327134515, 52.470985459271276 ], [ 17.007339603167217, 52.470994458487084 ], [ 17.007302879918377, 52.471060757544265 ], [ 17.007298539720527, 52.471078583136887 ], [ 17.007314491846888, 52.471093872475507 ], [ 17.007338512041962, 52.471103361498741 ], [ 17.007372756059713, 52.471111493749881 ], [ 17.007437281810276, 52.471111141884592 ], [ 17.007473780153084, 52.47111175684875 ], [ 17.007515907529065, 52.471111657152903 ], [ 17.007548178525603, 52.471111301435727 ], [ 17.007593444207842, 52.471106937306757 ], [ 17.007621678679481, 52.47110138679168 ], [ 17.007660306460959, 52.471087466752472 ], [ 17.007676417111753, 52.471073167351548 ], [ 17.007682821604671, 52.471055286580309 ], [ 17.007680955114388, 52.471034658109062 ], [ 17.007663481447434, 52.471017184546263 ], [ 17.007641354141825, 52.471008177196381 ], [ 17.00759983183428, 52.470994885571642 ] ] ] ] } },
{ "type": "Feature", "properties": { "gml_id": "OT_ADJA_A.20", "lokalnyId": "322BD60C-5C60-598B-E053-CC2BA8C05138", "przestrzen": "PL.PZGiK.308.BDOT10k", "wersjaId": "2022-01-20T00:00:00", "czyObiektB": 0, "x_kod": "ADJA05", "x_skrKarto": null, "x_katDoklG": "Dok", "x_doklGeom": 1, "x_doklGe_1": "m", "x_zrodloDa": "PRG", "x_zrodlo_1": "PRG", "x_katIstni": null, "x_rodzajRe": "ZP", "x_aktualno": "2022-01-20", "x_aktual_1": "2022-01-20", "poczatekWe": "2022-01-20T00:00:00", "x_dataUtwo": "2012-11-13", "x_kodKarto": "0010_505", "x_kodKar_1": "0025_505", "x_kodKar_2": "0050_505", "x_kodKar_3": "0100_505", "x_kodKar_4": null, "x_kodKar_5": null, "x_kodKar_6": null, "nazwa": "Czerwonak", "idPRG": 1030210420, "idTerytJed": 3021, "idTerytTer": 3021042, "rodzaj": "GW", "PRG|BT_Ref": 1030210420, "PRG|BT_R_1": "PL.PZGiK.200", "x_informDo": null }, "geometry": { "type": "MultiPolygon", "coordinates": [ [ [ [ 16.984879508818153, 52.479895509462104 ], [ 16.98488648946352, 52.479949054871362 ], [ 16.984954437138697, 52.480090074805396 ], [ 16.984974326792212, 52.48010291583806 ], [ 16.985008040079943, 52.480100162326124 ], [ 16.985065483116216, 52.480087469586479 ], [ 16.985124932724446, 52.48005988037621 ], [ 16.985188481154836, 52.480023186723081 ], [ 16.985229820271815, 52.479979278976408 ], [ 16.985276303028066, 52.479935638726637 ], [ 16.985307189807944, 52.479917366690302 ], [ 16.985311597338111, 52.479898283798391 ], [ 16.985254992582423, 52.479831390899662 ], [ 16.985225985574814, 52.479814976737373 ], [ 16.984944931738703, 52.479850033410415 ], [ 16.984895923764945, 52.479865118400802 ], [ 16.984879508818153, 52.479895509462104 ] ] ] ] } },
{ "type": "Feature", "properties": { "gml_id": "OT_ADJA_A.20", "lokalnyId": "322BD60C-5C60-598B-E053-CC2BA8C05138", "przestrzen": "PL.PZGiK.308.BDOT10k", "wersjaId": "2022-01-20T00:00:00", "czyObiektB": 0, "x_kod": "ADJA05", "x_skrKarto": null, "x_katDoklG": "Dok", "x_doklGeom": 1, "x_doklGe_1": "m", "x_zrodloDa": "PRG", "x_zrodlo_1": "PRG", "x_katIstni": null, "x_rodzajRe": "ZP", "x_aktualno": "2022-01-20", "x_aktual_1": "2022-01-20", "poczatekWe": "2022-01-20T00:00:00", "x_dataUtwo": "2012-11-13", "x_kodKarto": "0010_505", "x_kodKar_1": "0025_505", "x_kodKar_2": "0050_505", "x_kodKar_3": "0100_505", "x_kodKar_4": null, "x_kodKar_5": null, "x_kodKar_6": null, "nazwa": "Czerwonak", "idPRG": 1030210420, "idTerytJed": 3021, "idTerytTer": 3021042, "rodzaj": "GW", "PRG|BT_Ref": 1030210420, "PRG|BT_R_1": "PL.PZGiK.200", "x_informDo": null }, "geometry": { "type": "MultiPolygon", "coordinates": [ [ [ [ 16.984620547055346, 52.480285139488473 ], [ 16.984511832522941, 52.480281847750753 ], [ 16.984424899389822, 52.480279017068717 ], [ 16.98433375912634, 52.480274765466056 ], [ 16.984272965846003, 52.480273729331998 ], [ 16.98416497283592, 52.480280433306937 ], [ 16.984093656324095, 52.480290460658956 ], [ 16.984080515634968, 52.480303998034756 ], [ 16.984082256283099, 52.480327143198494 ], [ 16.984103228595387, 52.480396847158808 ], [ 16.984144545311729, 52.480511329998386 ], [ 16.984163547291534, 52.480543583843698 ], [ 16.984182809656808, 52.480563699744486 ], [ 16.984206485405142, 52.480577504873189 ], [ 16.98426457170164, 52.480599091973758 ], [ 16.984297263224605, 52.480596141359889 ], [ 16.984335516443057, 52.480571429244314 ], [ 16.984375510645499, 52.480550524417026 ], [ 16.984645449903642, 52.480391337463097 ], [ 16.984677827789923, 52.480363017320677 ], [ 16.984694201277911, 52.480336762983953 ], [ 16.984680836362674, 52.480310091839144 ], [ 16.984620547055346, 52.480285139488473 ] ] ] ] } },
{ "type": "Feature", "properties": { "gml_id": "OT_ADJA_A.20", "lokalnyId": "322BD60C-5C60-598B-E053-CC2BA8C05138", "przestrzen": "PL.PZGiK.308.BDOT10k", "wersjaId": "2022-01-20T00:00:00", "czyObiektB": 0, "x_kod": "ADJA05", "x_skrKarto": null, "x_katDoklG": "Dok", "x_doklGeom": 1, "x_doklGe_1": "m", "x_zrodloDa": "PRG", "x_zrodlo_1": "PRG", "x_katIstni": null, "x_rodzajRe": "ZP", "x_aktualno": "2022-01-20", "x_aktual_1": "2022-01-20", "poczatekWe": "2022-01-20T00:00:00", "x_dataUtwo": "2012-11-13", "x_kodKarto": "0010_505", "x_kodKar_1": "0025_505", "x_kodKar_2": "0050_505", "x_kodKar_3": "0100_505", "x_kodKar_4": null, "x_kodKar_5": null, "x_kodKar_6": null, "nazwa": "Czerwonak", "idPRG": 1030210420, "idTerytJed": 3021, "idTerytTer": 3021042, "rodzaj": "GW", "PRG|BT_Ref": 1030210420, "PRG|BT_R_1": "PL.PZGiK.200", "x_informDo": null }, "geometry": { "type": "MultiPolygon", "coordinates": [ [ [ [ 16.983222061141706, 52.480604704318921 ], [ 16.983204753388797, 52.480471022868223 ], [ 16.983196191795056, 52.480435978765001 ], [ 16.983169985951893, 52.480387322124564 ], [ 16.983156111326853, 52.480375033079859 ], [ 16.983114487586221, 52.480370365735311 ], [ 16.98262577649357, 52.480365448293107 ], [ 16.982571417091886, 52.48037189640506 ], [ 16.982541891538311, 52.480386143494975 ], [ 16.982520365631274, 52.480409071680612 ], [ 16.98250618544748, 52.480454970839709 ], [ 16.982513484926372, 52.480498268275518 ], [ 16.982517219729026, 52.48060014811221 ], [ 16.982526095600612, 52.480650847810089 ], [ 16.982547557037584, 52.480671181381986 ], [ 16.982575094141637, 52.480677857222979 ], [ 16.982634788449491, 52.480677166552859 ], [ 16.982708632134152, 52.480669881487984 ], [ 16.982816062156555, 52.480662629571945 ], [ 16.983000641591957, 52.480640233657724 ], [ 16.983188469970223, 52.480624098966473 ], [ 16.983207633097798, 52.480614172186371 ], [ 16.983222061141706, 52.480604704318921 ] ] ] ] } },
{ "type": "Feature", "properties": { "gml_id": "OT_ADJA_A.20", "lokalnyId": "322BD60C-5C60-598B-E053-CC2BA8C05138", "przestrzen": "PL.PZGiK.308.BDOT10k", "wersjaId": "2022-01-20T00:00:00", "czyObiektB": 0, "x_kod": "ADJA05", "x_skrKarto": null, "x_katDoklG": "Dok", "x_doklGeom": 1, "x_doklGe_1": "m", "x_zrodloDa": "PRG", "x_zrodlo_1": "PRG", "x_katIstni": null, "x_rodzajRe": "ZP", "x_aktualno": "2022-01-20", "x_aktual_1": "2022-01-20", "poczatekWe": "2022-01-20T00:00:00", "x_dataUtwo": "2012-11-13", "x_kodKarto": "0010_505", "x_kodKar_1": "0025_505", "x_kodKar_2": "0050_505", "x_kodKar_3": "0100_505", "x_kodKar_4": null, "x_kodKar_5": null, "x_kodKar_6": null, "nazwa": "Czerwonak", "idPRG": 1030210420, "idTerytJed": 3021, "idTerytTer": 3021042, "rodzaj": "GW", "PRG|BT_Ref": 1030210420, "PRG|BT_R_1": "PL.PZGiK.200", "x_informDo": null }, "geometry": { "type": "MultiPolygon", "coordinates": [ [ [ [ 16.985906441944223, 52.481881506558501 ], [ 16.985959381813025, 52.48186423951023 ], [ 16.985967878161262, 52.481845945777692 ], [ 16.985913337955147, 52.481611253805262 ], [ 16.985989777483002, 52.481460101272546 ], [ 16.985995606446231, 52.481448597821299 ], [ 16.986262479776997, 52.480921126244787 ], [ 16.986258811993064, 52.480853066495442 ], [ 16.986212286407259, 52.48081701643985 ], [ 16.985621942651527, 52.480605309602822 ], [ 16.985173930699055, 52.480454398002742 ], [ 16.985145089726092, 52.480444012870429 ], [ 16.98493435146386, 52.480368377681749 ], [ 16.984874789031235, 52.480366193563583 ], [ 16.984835418954241, 52.480376675741034 ], [ 16.984547460560858, 52.480517567343689 ], [ 16.98434956867143, 52.480650729117038 ], [ 16.984349924968548, 52.480684823793567 ], [ 16.98436028220053, 52.480703168908754 ], [ 16.984654120828424, 52.480833287903629 ], [ 16.984841804252401, 52.480923461374594 ], [ 16.985148035503396, 52.481072588470745 ], [ 16.985260899493841, 52.481130186243675 ], [ 16.985290937958375, 52.48116595581719 ], [ 16.985342410860149, 52.48130327697703 ], [ 16.985413031601009, 52.481630884988554 ], [ 16.985457056671351, 52.481699092539365 ], [ 16.985517860072143, 52.481741862013983 ], [ 16.985865621680826, 52.481878562805342 ], [ 16.985906441944223, 52.481881506558501 ] ] ] ] } },
{ "type": "Feature", "properties": { "gml_id": "OT_ADJA_A.20", "lokalnyId": "322BD60C-5C60-598B-E053-CC2BA8C05138", "przestrzen": "PL.PZGiK.308.BDOT10k", "wersjaId": "2022-01-20T00:00:00", "czyObiektB": 0, "x_kod": "ADJA05", "x_skrKarto": null, "x_katDoklG": "Dok", "x_doklGeom": 1, "x_doklGe_1": "m", "x_zrodloDa": "PRG", "x_zrodlo_1": "PRG", "x_katIstni": null, "x_rodzajRe": "ZP", "x_aktualno": "2022-01-20", "x_aktual_1": "2022-01-20", "poczatekWe": "2022-01-20T00:00:00", "x_dataUtwo": "2012-11-13", "x_kodKarto": "0010_505", "x_kodKar_1": "0025_505", "x_kodKar_2": "0050_505", "x_kodKar_3": "0100_505", "x_kodKar_4": null, "x_kodKar_5": null, "x_kodKar_6": null, "nazwa": "Czerwonak", "idPRG": 1030210420, "idTerytJed": 3021, "idTerytTer": 3021042, "rodzaj": "GW", "PRG|BT_Ref": 1030210420, "PRG|BT_R_1": "PL.PZGiK.200", "x_informDo": null }, "geometry": { "type": "MultiPolygon", "coordinates": [ [ [ [ 16.989867080185597, 52.481316946080547 ], [ 16.989942748304692, 52.481301952369364 ], [ 16.989999639315972, 52.48129167632456 ], [ 16.990054095977396, 52.481296019664946 ], [ 16.990125710465492, 52.481295617730161 ], [ 16.990230083072657, 52.481281111640165 ], [ 16.99034149057757, 52.481244778795187 ], [ 16.990411016394997, 52.481186777386917 ], [ 16.990384575512877, 52.481110775606091 ], [ 16.990370974657647, 52.481027796521019 ], [ 16.990353137900229, 52.480989267466775 ], [ 16.99029598098296, 52.480960143925913 ], [ 16.99023356350758, 52.480955935244424 ], [ 16.990158205451028, 52.480941522895471 ], [ 16.990112069883693, 52.480896846453788 ], [ 16.990029959836637, 52.480852817820498 ], [ 16.989913850188625, 52.480853362895992 ], [ 16.989804959033243, 52.480879754381093 ], [ 16.989761335857615, 52.480902757989071 ], [ 16.989691399598851, 52.480892215122012 ], [ 16.989617877255156, 52.480882780520453 ], [ 16.989527814730291, 52.480877471933347 ], [ 16.989472808737251, 52.480891647362775 ], [ 16.98941122839091, 52.480936921385904 ], [ 16.989292636128557, 52.481014505203284 ], [ 16.989133495709854, 52.481105790443934 ], [ 16.989053252024981, 52.481156503340152 ], [ 16.989042781205143, 52.481182588796095 ], [ 16.98904570172537, 52.481208991892018 ], [ 16.989087875467721, 52.481243617665257 ], [ 16.989121030395044, 52.4812660376545 ], [ 16.989160676831119, 52.481304398055521 ], [ 16.989167469061538, 52.481336353526892 ], [ 16.989143309474802, 52.481388020026102 ], [ 16.989098178363871, 52.481431145091975 ], [ 16.989061065095587, 52.481479353360243 ], [ 16.989046306691876, 52.481489625806454 ], [ 16.988974000589106, 52.481492263916188 ], [ 16.98887257561357, 52.481571308494956 ], [ 16.988814066987786, 52.481629946080474 ], [ 16.988897286334883, 52.481665809559047 ], [ 16.989016201166873, 52.481716850771228 ], [ 16.989050198340713, 52.481707894828197 ], [ 16.989064018163972, 52.481647148138229 ], [ 16.989079420994948, 52.481616289593092 ], [ 16.989138630237001, 52.481577811127323 ], [ 16.98916616744355, 52.481561909612893 ], [ 16.989181902981237, 52.481552823030242 ], [ 16.989228649044431, 52.481584108635587 ], [ 16.989491019270705, 52.481593875740998 ], [ 16.989560878383443, 52.481570598665726 ], [ 16.989613451693771, 52.481522563098395 ], [ 16.989703024308291, 52.481493414938342 ], [ 16.989741914972388, 52.481451442783161 ], [ 16.989743495861099, 52.481426465372365 ], [ 16.989758729788623, 52.481402529517027 ], [ 16.989813269273764, 52.48135659598158 ], [ 16.989867080185597, 52.481316946080547 ] ] ] ] } },
{ "type": "Feature", "properties": { "gml_id": "OT_ADJA_A.20", "lokalnyId": "322BD60C-5C60-598B-E053-CC2BA8C05138", "przestrzen": "PL.PZGiK.308.BDOT10k", "wersjaId": "2022-01-20T00:00:00", "czyObiektB": 0, "x_kod": "ADJA05", "x_skrKarto": null, "x_katDoklG": "Dok", "x_doklGeom": 1, "x_doklGe_1": "m", "x_zrodloDa": "PRG", "x_zrodlo_1": "PRG", "x_katIstni": null, "x_rodzajRe": "ZP", "x_aktualno": "2022-01-20", "x_aktual_1": "2022-01-20", "poczatekWe": "2022-01-20T00:00:00", "x_dataUtwo": "2012-11-13", "x_kodKarto": "0010_505", "x_kodKar_1": "0025_505", "x_kodKar_2": "0050_505", "x_kodKar_3": "0100_505", "x_kodKar_4": null, "x_kodKar_5": null, "x_kodKar_6": null, "nazwa": "Czerwonak", "idPRG": 1030210420, "idTerytJed": 3021, "idTerytTer": 3021042, "rodzaj": "GW", "PRG|BT_Ref": 1030210420, "PRG|BT_R_1": "PL.PZGiK.200", "x_informDo": null }, "geometry": { "type": "MultiPolygon", "coordinates": [ [ [ [ 16.982197543189841, 52.485624427384806 ], [ 16.982210801061175, 52.48557941198429 ], [ 16.9821916403275, 52.485557048932336 ], [ 16.98212295402217, 52.485531952109653 ], [ 16.982062407257583, 52.485515718641835 ], [ 16.982019250437705, 52.485521907956681 ], [ 16.981976156355348, 52.485581434830543 ], [ 16.981903647134999, 52.485684891878144 ], [ 16.981875247485863, 52.485738823117615 ], [ 16.981885943137442, 52.485775522685913 ], [ 16.981941730765676, 52.48578951639373 ], [ 16.981997736501178, 52.48579874679023 ], [ 16.982048588242098, 52.485798265268357 ], [ 16.982102292398114, 52.485790187192201 ], [ 16.982126571146242, 52.485745809548831 ], [ 16.982186249721014, 52.485649059120746 ], [ 16.982197543189841, 52.485624427384806 ] ] ] ] } },
{ "type": "Feature", "properties": { "gml_id": "OT_ADJA_A.20", "lokalnyId": "322BD60C-5C60-598B-E053-CC2BA8C05138", "przestrzen": "PL.PZGiK.308.BDOT10k", "wersjaId": "2022-01-20T00:00:00", "czyObiektB": 0, "x_kod": "ADJA05", "x_skrKarto": null, "x_katDoklG": "Dok", "x_doklGeom": 1, "x_doklGe_1": "m", "x_zrodloDa": "PRG", "x_zrodlo_1": "PRG", "x_katIstni": null, "x_rodzajRe": "ZP", "x_aktualno": "2022-01-20", "x_aktual_1": "2022-01-20", "poczatekWe": "2022-01-20T00:00:00", "x_dataUtwo": "2012-11-13", "x_kodKarto": "0010_505", "x_kodKar_1": "0025_505", "x_kodKar_2": "0050_505", "x_kodKar_3": "0100_505", "x_kodKar_4": null, "x_kodKar_5": null, "x_kodKar_6": null, "nazwa": "Czerwonak", "idPRG": 1030210420, "idTerytJed": 3021, "idTerytTer": 3021042, "rodzaj": "GW", "PRG|BT_Ref": 1030210420, "PRG|BT_R_1": "PL.PZGiK.200", "x_informDo": null }, "geometry": { "type": "MultiPolygon", "coordinates": [ [ [ [ 16.982782076366867, 52.485774260523407 ], [ 16.982748757147139, 52.485723233936945 ], [ 16.982715171198464, 52.485707010926234 ], [ 16.982662270003559, 52.48571042591302 ], [ 16.982564800102224, 52.485754094896244 ], [ 16.98252367060633, 52.485748176603913 ], [ 16.982485765666173, 52.485703997368653 ], [ 16.982449612194749, 52.485685931614533 ], [ 16.982408166024054, 52.485686933529458 ], [ 16.982360006648399, 52.485712285542597 ], [ 16.982337159481286, 52.485741487201473 ], [ 16.982322562037837, 52.485780363603681 ], [ 16.982332621298855, 52.485872817245813 ], [ 16.982343241253115, 52.485888648584613 ], [ 16.982375749944655, 52.485896218747229 ], [ 16.982505999193972, 52.485889626130039 ], [ 16.982611882570904, 52.485887474713152 ], [ 16.982634497573507, 52.485869781810749 ], [ 16.982673405906578, 52.485863070088286 ], [ 16.982709874774098, 52.485864591547269 ], [ 16.982738693991223, 52.485875516534492 ], [ 16.982769332591992, 52.485872441359504 ], [ 16.982781923531867, 52.485858085258528 ], [ 16.982797702327485, 52.48583523889404 ], [ 16.982782076366867, 52.485774260523407 ] ] ] ] } },
{ "type": "Feature", "properties": { "gml_id": "OT_ADJA_A.20", "lokalnyId": "322BD60C-5C60-598B-E053-CC2BA8C05138", "przestrzen": "PL.PZGiK.308.BDOT10k", "wersjaId": "2022-01-20T00:00:00", "czyObiektB": 0, "x_kod": "ADJA05", "x_skrKarto": null, "x_katDoklG": "Dok", "x_doklGeom": 1, "x_doklGe_1": "m", "x_zrodloDa": "PRG", "x_zrodlo_1": "PRG", "x_katIstni": null, "x_rodzajRe": "ZP", "x_aktualno": "2022-01-20", "x_aktual_1": "2022-01-20", "poczatekWe": "2022-01-20T00:00:00", "x_dataUtwo": "2012-11-13", "x_kodKarto": "0010_505", "x_kodKar_1": "0025_505", "x_kodKar_2": "0050_505", "x_kodKar_3": "0100_505", "x_kodKar_4": null, "x_kodKar_5": null, "x_kodKar_6": null, "nazwa": "Czerwonak", "idPRG": 1030210420, "idTerytJed": 3021, "idTerytTer": 3021042, "rodzaj": "GW", "PRG|BT_Ref": 1030210420, "PRG|BT_R_1": "PL.PZGiK.200", "x_informDo": null }, "geometry": { "type": "MultiPolygon", "coordinates": [ [ [ [ 16.994378935907363, 52.491481678272748 ], [ 16.994392183274602, 52.491446375313807 ], [ 16.994397512512464, 52.491416694459573 ], [ 16.994436485446577, 52.491392441009388 ], [ 16.994491327237377, 52.49139507981765 ], [ 16.994530156983032, 52.491399875581443 ], [ 16.994578912949464, 52.491387300695038 ], [ 16.994606135439103, 52.491371932231289 ], [ 16.994629157545319, 52.491351725553805 ], [ 16.99464831462398, 52.491322548960902 ], [ 16.994659635389187, 52.491290721095901 ], [ 16.994652281559656, 52.491248323086552 ], [ 16.994642571980403, 52.491212361050884 ], [ 16.99463241252738, 52.491176571273314 ], [ 16.994600200439443, 52.491175305585976 ], [ 16.994525167095585, 52.491208391721351 ], [ 16.994408310183488, 52.4912636142328 ], [ 16.994262267118547, 52.491361154702126 ], [ 16.994190059369615, 52.491390420982555 ], [ 16.99402136113671, 52.491500079081575 ], [ 16.993881132663571, 52.491573433019127 ], [ 16.993855717519228, 52.49159117049723 ], [ 16.99385914039285, 52.491619560680554 ], [ 16.993903634551195, 52.491645589389265 ], [ 16.993976341478788, 52.491650690072923 ], [ 16.994038991133589, 52.491666323395421 ], [ 16.99408890883538, 52.49168003184289 ], [ 16.994155513801292, 52.491663802323714 ], [ 16.994208552445581, 52.491634840598529 ], [ 16.994292208510657, 52.49156772243893 ], [ 16.994378935907363, 52.491481678272748 ] ] ] ] } },
{ "type": "Feature", "properties": { "gml_id": "OT_ADJA_A.20", "lokalnyId": "322BD60C-5C60-598B-E053-CC2BA8C05138", "przestrzen": "PL.PZGiK.308.BDOT10k", "wersjaId": "2022-01-20T00:00:00", "czyObiektB": 0, "x_kod": "ADJA05", "x_skrKarto": null, "x_katDoklG": "Dok", "x_doklGeom": 1, "x_doklGe_1": "m", "x_zrodloDa": "PRG", "x_zrodlo_1": "PRG", "x_katIstni": null, "x_rodzajRe": "ZP", "x_aktualno": "2022-01-20", "x_aktual_1": "2022-01-20", "poczatekWe": "2022-01-20T00:00:00", "x_dataUtwo": "2012-11-13", "x_kodKarto": "0010_505", "x_kodKar_1": "0025_505", "x_kodKar_2": "0050_505", "x_kodKar_3": "0100_505", "x_kodKar_4": null, "x_kodKar_5": null, "x_kodKar_6": null, "nazwa": "Czerwonak", "idPRG": 1030210420, "idTerytJed": 3021, "idTerytTer": 3021042, "rodzaj": "GW", "PRG|BT_Ref": 1030210420, "PRG|BT_R_1": "PL.PZGiK.200", "x_informDo": null }, "geometry": { "type": "MultiPolygon", "coordinates": [ [ [ [ 16.983893443447382, 52.495806700842628 ], [ 16.983618590769805, 52.495803814655616 ], [ 16.983607242599732, 52.495810277012659 ], [ 16.983607184498553, 52.495879172631021 ], [ 16.983613772175083, 52.495886570342158 ], [ 16.983887013040139, 52.495892487137951 ], [ 16.983907118139442, 52.495887882934817 ], [ 16.983923857800185, 52.495879533689646 ], [ 16.983928020199759, 52.495869081262811 ], [ 16.983930454565741, 52.495815876292077 ], [ 16.983921465595589, 52.495809427047348 ], [ 16.983908908919975, 52.495806874499948 ], [ 16.983893443447382, 52.495806700842628 ] ] ] ] } },
{ "type": "Feature", "properties": { "gml_id": "OT_ADJA_A.20", "lokalnyId": "322BD60C-5C60-598B-E053-CC2BA8C05138", "przestrzen": "PL.PZGiK.308.BDOT10k", "wersjaId": "2022-01-20T00:00:00", "czyObiektB": 0, "x_kod": "ADJA05", "x_skrKarto": null, "x_katDoklG": "Dok", "x_doklGeom": 1, "x_doklGe_1": "m", "x_zrodloDa": "PRG", "x_zrodlo_1": "PRG", "x_katIstni": null, "x_rodzajRe": "ZP", "x_aktualno": "2022-01-20", "x_aktual_1": "2022-01-20", "poczatekWe": "2022-01-20T00:00:00", "x_dataUtwo": "2012-11-13", "x_kodKarto": "0010_505", "x_kodKar_1": "0025_505", "x_kodKar_2": "0050_505", "x_kodKar_3": "0100_505", "x_kodKar_4": null, "x_kodKar_5": null, "x_kodKar_6": null, "nazwa": "Czerwonak", "idPRG": 1030210420, "idTerytJed": 3021, "idTerytTer": 3021042, "rodzaj": "GW", "PRG|BT_Ref": 1030210420, "PRG|BT_R_1": "PL.PZGiK.200", "x_informDo": null }, "geometry": { "type": "MultiPolygon", "coordinates": [ [ [ [ 16.983160666885166, 52.500003286864562 ], [ 16.983242870938046, 52.500045882451964 ], [ 16.983241027806532, 52.500086145627115 ], [ 16.983234352973547, 52.500112834929254 ], [ 16.983233583626127, 52.500129641209732 ], [ 16.983286979093105, 52.50016410041016 ], [ 16.983301168979501, 52.500214710579897 ], [ 16.9833254872566, 52.500282312819529 ], [ 16.983351182943352, 52.500323045489793 ], [ 16.983389158640101, 52.500333766557311 ], [ 16.983432730470028, 52.500344583013806 ], [ 16.983431352350777, 52.500374690524055 ], [ 16.983401509800043, 52.500424550018813 ], [ 16.983392542117627, 52.50044337517317 ], [ 16.983575807486339, 52.500461160099142 ], [ 16.983607873787161, 52.500481854009173 ], [ 16.983673849245964, 52.500482978621008 ], [ 16.983686746035684, 52.500439486015061 ], [ 16.983641867350524, 52.500338074481647 ], [ 16.9836422498927, 52.500329716276205 ], [ 16.98364930302818, 52.500326958317828 ], [ 16.983664324173599, 52.500327214365292 ], [ 16.983686011805094, 52.500333160529109 ], [ 16.983699957715693, 52.500347249511023 ], [ 16.983712522272956, 52.500356098234668 ], [ 16.983720516658884, 52.500368196959066 ], [ 16.983732775970257, 52.500370834390395 ], [ 16.983761547172687, 52.500366917575164 ], [ 16.983779079995887, 52.500350936683652 ], [ 16.983781630374402, 52.500343514861093 ], [ 16.983778012025095, 52.500335628120908 ], [ 16.983747048226078, 52.500323047944811 ], [ 16.983708759033991, 52.500322395297843 ], [ 16.983698827202627, 52.500320427139911 ], [ 16.983690409165785, 52.500317585351638 ], [ 16.983617548557699, 52.500270472302468 ], [ 16.983670406923494, 52.50019752987771 ], [ 16.983745055480266, 52.500128286749366 ], [ 16.983883552174206, 52.500090532648017 ], [ 16.983884149461307, 52.500090362941542 ], [ 16.98392350207024, 52.500074214261929 ], [ 16.983971703993703, 52.500003171095337 ], [ 16.983974292250796, 52.49992406510956 ], [ 16.98379298992414, 52.499850549400833 ], [ 16.983759566594681, 52.499843413843855 ], [ 16.983726952019822, 52.499841149000929 ], [ 16.983667749251392, 52.499849853734233 ], [ 16.983634561258, 52.49985045727702 ], [ 16.983605318132387, 52.499845371684835 ], [ 16.983474108792912, 52.499797983438555 ], [ 16.983452303882899, 52.499739868118183 ], [ 16.983439819395542, 52.499706736037396 ], [ 16.983412779649768, 52.499676054117415 ], [ 16.983357810014304, 52.499640578754345 ], [ 16.983294295059508, 52.499605047619504 ], [ 16.983200554036344, 52.499585910447706 ], [ 16.983127028352836, 52.499585556261088 ], [ 16.983106840896021, 52.499585481885006 ], [ 16.983037875925223, 52.499617495054373 ], [ 16.983002741245159, 52.499647746518143 ], [ 16.982984287621719, 52.49968062093761 ], [ 16.982969609344384, 52.499714728993432 ], [ 16.982967876618833, 52.499723603835228 ], [ 16.982951434637215, 52.499805891428799 ], [ 16.982950072674747, 52.499835639440292 ], [ 16.982949591255423, 52.499846154598394 ], [ 16.982957871024272, 52.499906737687084 ], [ 16.982962854653884, 52.499933086112719 ], [ 16.982958513614097, 52.499966740830793 ], [ 16.982983677525688, 52.499990105460583 ], [ 16.983016229588127, 52.49999695655071 ], [ 16.983036353117299, 52.499991993025752 ], [ 16.983082380846405, 52.499949155337184 ], [ 16.983115373132897, 52.499946389972607 ], [ 16.983133353343348, 52.499956050645558 ], [ 16.98315451820358, 52.499973410795285 ], [ 16.983160666885166, 52.500003286864562 ] ] ] ] } },
{ "type": "Feature", "properties": { "gml_id": "OT_ADJA_A.20", "lokalnyId": "322BD60C-5C60-598B-E053-CC2BA8C05138", "przestrzen": "PL.PZGiK.308.BDOT10k", "wersjaId": "2022-01-20T00:00:00", "czyObiektB": 0, "x_kod": "ADJA05", "x_skrKarto": null, "x_katDoklG": "Dok", "x_doklGeom": 1, "x_doklGe_1": "m", "x_zrodloDa": "PRG", "x_zrodlo_1": "PRG", "x_katIstni": null, "x_rodzajRe": "ZP", "x_aktualno": "2022-01-20", "x_aktual_1": "2022-01-20", "poczatekWe": "2022-01-20T00:00:00", "x_dataUtwo": "2012-11-13", "x_kodKarto": "0010_505", "x_kodKar_1": "0025_505", "x_kodKar_2": "0050_505", "x_kodKar_3": "0100_505", "x_kodKar_4": null, "x_kodKar_5": null, "x_kodKar_6": null, "nazwa": "Czerwonak", "idPRG": 1030210420, "idTerytJed": 3021, "idTerytTer": 3021042, "rodzaj": "GW", "PRG|BT_Ref": 1030210420, "PRG|BT_R_1": "PL.PZGiK.200", "x_informDo": null }, "geometry": { "type": "MultiPolygon", "coordinates": [ [ [ [ 16.980827866951415, 52.503178603267429 ], [ 16.980875893164463, 52.50318553917436 ], [ 16.981100671381185, 52.503166080358028 ], [ 16.981310402614664, 52.503146903996615 ], [ 16.981419837419818, 52.503145353627723 ], [ 16.981467189875435, 52.503134828799396 ], [ 16.981495133732761, 52.503113629294589 ], [ 16.981519536583804, 52.503018525923224 ], [ 16.981531191241857, 52.50297968940464 ], [ 16.981535261939069, 52.502951966388437 ], [ 16.981517548555505, 52.502936463722122 ], [ 16.98144790823617, 52.502934825678942 ], [ 16.981404523187702, 52.502948836045043 ], [ 16.981270154569128, 52.502989535937488 ], [ 16.981175341770289, 52.503016160059289 ], [ 16.981132632052379, 52.50301543115205 ], [ 16.981075611790608, 52.502989273866966 ], [ 16.981031429353507, 52.502988519787742 ], [ 16.980921330784984, 52.503033501076985 ], [ 16.980799388202879, 52.503118214917393 ], [ 16.980784266230135, 52.503136215280655 ], [ 16.980784861507907, 52.50315538336389 ], [ 16.980799879473814, 52.503168591548828 ], [ 16.980827866951415, 52.503178603267429 ] ] ] ] } },
{ "type": "Feature", "properties": { "gml_id": "OT_ADJA_A.20", "lokalnyId": "322BD60C-5C60-598B-E053-CC2BA8C05138", "przestrzen": "PL.PZGiK.308.BDOT10k", "wersjaId": "2022-01-20T00:00:00", "czyObiektB": 0, "x_kod": "ADJA05", "x_skrKarto": null, "x_katDoklG": "Dok", "x_doklGeom": 1, "x_doklGe_1": "m", "x_zrodloDa": "PRG", "x_zrodlo_1": "PRG", "x_katIstni": null, "x_rodzajRe": "ZP", "x_aktualno": "2022-01-20", "x_aktual_1": "2022-01-20", "poczatekWe": "2022-01-20T00:00:00", "x_dataUtwo": "2012-11-13", "x_kodKarto": "0010_505", "x_kodKar_1": "0025_505", "x_kodKar_2": "0050_505", "x_kodKar_3": "0100_505", "x_kodKar_4": null, "x_kodKar_5": null, "x_kodKar_6": null, "nazwa": "Czerwonak", "idPRG": 1030210420, "idTerytJed": 3021, "idTerytTer": 3021042, "rodzaj": "GW", "PRG|BT_Ref": 1030210420, "PRG|BT_R_1": "PL.PZGiK.200", "x_informDo": null }, "geometry": { "type": "MultiPolygon", "coordinates": [ [ [ [ 17.007779926538269, 52.509084410452111 ], [ 17.007703341825369, 52.509047053640948 ], [ 17.007497296414687, 52.508997442783254 ], [ 17.00709099881232, 52.508832119639656 ], [ 17.006816017740729, 52.508726031405537 ], [ 17.006655634309944, 52.508683754218076 ], [ 17.006522340970037, 52.508671524508912 ], [ 17.005702846284436, 52.508636845607825 ], [ 17.005307536492559, 52.508645740951117 ], [ 17.005133595696648, 52.508675007505893 ], [ 17.005048489379842, 52.508718453843144 ], [ 17.004994153361608, 52.508788772294665 ], [ 17.00497281718286, 52.508830235918346 ], [ 17.004960854678398, 52.508853509271447 ], [ 17.004962271284572, 52.508929624833456 ], [ 17.00497775586614, 52.509010834553209 ], [ 17.005012873613008, 52.509081672157585 ], [ 17.005044645806887, 52.509122232528064 ], [ 17.005105674375454, 52.509151503724958 ], [ 17.005198560027694, 52.509180412643524 ], [ 17.005333529974248, 52.50920121667739 ], [ 17.005542400530221, 52.509214452084997 ], [ 17.005849722306483, 52.509241129232166 ], [ 17.006220048248867, 52.509289284461097 ], [ 17.006694806577144, 52.509358805738195 ], [ 17.007119803316378, 52.50946931025203 ], [ 17.007424069122134, 52.509531009511356 ], [ 17.007513788657768, 52.509525684990365 ], [ 17.007573648419488, 52.509509154310742 ], [ 17.007653482081018, 52.509445380232883 ], [ 17.007719313394048, 52.509365270526139 ], [ 17.007756492605598, 52.509276583417275 ], [ 17.007798138370067, 52.509141291184704 ], [ 17.007779926538269, 52.509084410452111 ] ] ] ] } },
{ "type": "Feature", "properties": { "gml_id": "OT_ADJA_A.20", "lokalnyId": "322BD60C-5C60-598B-E053-CC2BA8C05138", "przestrzen": "PL.PZGiK.308.BDOT10k", "wersjaId": "2022-01-20T00:00:00", "czyObiektB": 0, "x_kod": "ADJA05", "x_skrKarto": null, "x_katDoklG": "Dok", "x_doklGeom": 1, "x_doklGe_1": "m", "x_zrodloDa": "PRG", "x_zrodlo_1": "PRG", "x_katIstni": null, "x_rodzajRe": "ZP", "x_aktualno": "2022-01-20", "x_aktual_1": "2022-01-20", "poczatekWe": "2022-01-20T00:00:00", "x_dataUtwo": "2012-11-13", "x_kodKarto": "0010_505", "x_kodKar_1": "0025_505", "x_kodKar_2": "0050_505", "x_kodKar_3": "0100_505", "x_kodKar_4": null, "x_kodKar_5": null, "x_kodKar_6": null, "nazwa": "Czerwonak", "idPRG": 1030210420, "idTerytJed": 3021, "idTerytTer": 3021042, "rodzaj": "GW", "PRG|BT_Ref": 1030210420, "PRG|BT_R_1": "PL.PZGiK.200", "x_informDo": null }, "geometry": { "type": "MultiPolygon", "coordinates": [ [ [ [ 16.98415804188323, 52.50923928892216 ], [ 16.984150446721134, 52.509244196316736 ], [ 16.984141075778087, 52.509249253337394 ], [ 16.984131700719203, 52.509254400230347 ], [ 16.984123590414047, 52.509257679868014 ], [ 16.984130904257722, 52.509265359724651 ], [ 16.984140017770187, 52.509275588656294 ], [ 16.984148368396809, 52.509276720327748 ], [ 16.984157409459659, 52.509282091092508 ], [ 16.98415963456123, 52.509285007189781 ], [ 16.984161650662571, 52.509289268873111 ], [ 16.984169845913478, 52.509306677608286 ], [ 16.984208716440818, 52.509471935945044 ], [ 16.984222946815457, 52.509573274538241 ], [ 16.984235161253697, 52.509602714192866 ], [ 16.984239123569107, 52.509612765399062 ], [ 16.98425124482414, 52.509621696423565 ], [ 16.984264156833124, 52.509626233705731 ], [ 16.98428156670478, 52.509625900751963 ], [ 16.984307384860678, 52.509625441233503 ], [ 16.984345371884942, 52.509623210299495 ], [ 16.984407591247724, 52.509613297340998 ], [ 16.984486791663731, 52.509599536276951 ], [ 16.984534908218599, 52.509585335535476 ], [ 16.984715678928101, 52.509552168074791 ], [ 16.984752427311555, 52.509544789150148 ], [ 16.984853436427009, 52.509527981512399 ], [ 16.984866606799653, 52.509530094664527 ], [ 16.984876037919896, 52.509530165371459 ], [ 16.984894794726195, 52.509526167602147 ], [ 16.984913290571832, 52.509518207886089 ], [ 16.984930068192647, 52.509509139581922 ], [ 16.984954569565314, 52.509505239653407 ], [ 16.984979684058665, 52.50950404845775 ], [ 16.984996957451497, 52.509509919151725 ], [ 16.985009183830488, 52.509506889449369 ], [ 16.985052733916959, 52.509492610718667 ], [ 16.985060010487725, 52.509484999545826 ], [ 16.985384221869637, 52.509383938587924 ], [ 16.985641573671753, 52.509291092400005 ], [ 16.985852943482385, 52.509217340221952 ], [ 16.985968241806088, 52.509187823111134 ], [ 16.986042205409024, 52.509166056860884 ], [ 16.986095217250082, 52.509138267471343 ], [ 16.986126393783902, 52.509123777704453 ], [ 16.986252822967394, 52.509082937082631 ], [ 16.986597112641562, 52.508968183483603 ], [ 16.986667578073039, 52.508942309867876 ], [ 16.986695001453025, 52.50893252306426 ], [ 16.986741620192333, 52.508912359695735 ], [ 16.986811958181026, 52.508866696336824 ], [ 16.98683159539172, 52.508856327283119 ], [ 16.986971642948205, 52.508798088798045 ], [ 16.987016583670172, 52.508779155972611 ], [ 16.9870570485885, 52.508758168222691 ], [ 16.987124981809011, 52.508726404946984 ], [ 16.987146553101891, 52.508722094940047 ], [ 16.987161627003303, 52.508718034150107 ], [ 16.987176423885785, 52.50870713296699 ], [ 16.987198482110767, 52.508679266135594 ], [ 16.987275175292041, 52.508646122787574 ], [ 16.987370181354063, 52.508592873859577 ], [ 16.9875286426687, 52.508538096005722 ], [ 16.987646770443398, 52.508527243636301 ], [ 16.98785371070224, 52.508527705592158 ], [ 16.988124307594685, 52.508522234227776 ], [ 16.988188231042326, 52.508510459470379 ], [ 16.988217952407769, 52.508479394878023 ], [ 16.98823253171081, 52.508444205222652 ], [ 16.988242112204517, 52.508402274766489 ], [ 16.988241130248142, 52.508375365074976 ], [ 16.988223453399399, 52.508358964647719 ], [ 16.988190981050082, 52.508346989646405 ], [ 16.988139822496152, 52.508337485085804 ], [ 16.988036422598494, 52.508335726561789 ], [ 16.98788394224146, 52.508327376800352 ], [ 16.98779057221919, 52.508315804969264 ], [ 16.987153634384544, 52.508312344570392 ], [ 16.987006269071191, 52.508301742185793 ], [ 16.986862254601832, 52.508292006127945 ], [ 16.986685592137121, 52.508293496817686 ], [ 16.98656427075867, 52.508296828588676 ], [ 16.986488258097477, 52.508302190627788 ], [ 16.986440054419671, 52.508311893512456 ], [ 16.986407827599781, 52.508323577244369 ], [ 16.986361798514377, 52.508343750516623 ], [ 16.986350598861367, 52.508350125729535 ], [ 16.986340138515434, 52.508362899489164 ], [ 16.986270011070353, 52.508400741098782 ], [ 16.98619011089281, 52.508449209483757 ], [ 16.98611767990749, 52.508485842530156 ], [ 16.986045278224125, 52.508518608476287 ], [ 16.985873712251021, 52.508582695213235 ], [ 16.985711029967391, 52.508620129908451 ], [ 16.985483090670627, 52.50864368120947 ], [ 16.985200024167089, 52.508657478762501 ], [ 16.984980760823081, 52.508652484992879 ], [ 16.984795416291856, 52.508647169190574 ], [ 16.984575080117608, 52.508646293778213 ], [ 16.984278087629143, 52.50863583704573 ], [ 16.984162346700739, 52.508636383264616 ], [ 16.984141688526041, 52.508636840732294 ], [ 16.984125268170885, 52.508641327910674 ], [ 16.984114632617157, 52.508648252185885 ], [ 16.984105027320815, 52.508658431970723 ], [ 16.984108123939823, 52.508677732578462 ], [ 16.984103483232275, 52.508714710085506 ], [ 16.984112659489021, 52.508868489393727 ], [ 16.984146465452234, 52.50912828167607 ], [ 16.984161455960756, 52.509232331531457 ], [ 16.98415804188323, 52.50923928892216 ] ] ] ] } },
{ "type": "Feature", "properties": { "gml_id": "OT_ADJA_A.20", "lokalnyId": "322BD60C-5C60-598B-E053-CC2BA8C05138", "przestrzen": "PL.PZGiK.308.BDOT10k", "wersjaId": "2022-01-20T00:00:00", "czyObiektB": 0, "x_kod": "ADJA05", "x_skrKarto": null, "x_katDoklG": "Dok", "x_doklGeom": 1, "x_doklGe_1": "m", "x_zrodloDa": "PRG", "x_zrodlo_1": "PRG", "x_katIstni": null, "x_rodzajRe": "ZP", "x_aktualno": "2022-01-20", "x_aktual_1": "2022-01-20", "poczatekWe": "2022-01-20T00:00:00", "x_dataUtwo": "2012-11-13", "x_kodKarto": "0010_505", "x_kodKar_1": "0025_505", "x_kodKar_2": "0050_505", "x_kodKar_3": "0100_505", "x_kodKar_4": null, "x_kodKar_5": null, "x_kodKar_6": null, "nazwa": "Czerwonak", "idPRG": 1030210420, "idTerytJed": 3021, "idTerytTer": 3021042, "rodzaj": "GW", "PRG|BT_Ref": 1030210420, "PRG|BT_R_1": "PL.PZGiK.200", "x_informDo": null }, "geometry": { "type": "MultiPolygon", "coordinates": [ [ [ [ 17.008095172562779, 52.509173815414741 ], [ 17.008042705402026, 52.509212686710349 ], [ 17.007917766362173, 52.509357909264764 ], [ 17.007808103331065, 52.509484770773611 ], [ 17.007773904388273, 52.509536901354785 ], [ 17.007781275336534, 52.509585774495086 ], [ 17.00785139301157, 52.509625990456762 ], [ 17.007931569042494, 52.509655672552256 ], [ 17.008612722969332, 52.509865104621902 ], [ 17.009408047406971, 52.510118726961224 ], [ 17.009568951023152, 52.510175759721925 ], [ 17.009701291002017, 52.510245083589012 ], [ 17.009790630060007, 52.510297134430516 ], [ 17.009869897182025, 52.510317625736356 ], [ 17.009952064307495, 52.510322875498169 ], [ 17.010033940548912, 52.510314988663325 ], [ 17.010102566950376, 52.510280615611549 ], [ 17.010197388051036, 52.510198293892387 ], [ 17.010306578461222, 52.510091569451021 ], [ 17.010318819123864, 52.510075135908409 ], [ 17.010350845926411, 52.510031872416931 ], [ 17.010374863839861, 52.509996209301434 ], [ 17.010347799712505, 52.509955729589265 ], [ 17.009967886023002, 52.509803092443725 ], [ 17.009276990530051, 52.509512285937419 ], [ 17.008496911738014, 52.509208641225534 ], [ 17.008285561088883, 52.509142662793138 ], [ 17.008199521938401, 52.509138336034582 ], [ 17.008123696870435, 52.509152619471713 ], [ 17.008095172562779, 52.509173815414741 ] ] ] ] } },
{ "type": "Feature", "properties": { "gml_id": "OT_ADJA_A.20", "lokalnyId": "322BD60C-5C60-598B-E053-CC2BA8C05138", "przestrzen": "PL.PZGiK.308.BDOT10k", "wersjaId": "2022-01-20T00:00:00", "czyObiektB": 0, "x_kod": "ADJA05", "x_skrKarto": null, "x_katDoklG": "Dok", "x_doklGeom": 1, "x_doklGe_1": "m", "x_zrodloDa": "PRG", "x_zrodlo_1": "PRG", "x_katIstni": null, "x_rodzajRe": "ZP", "x_aktualno": "2022-01-20", "x_aktual_1": "2022-01-20", "poczatekWe": "2022-01-20T00:00:00", "x_dataUtwo": "2012-11-13", "x_kodKarto": "0010_505", "x_kodKar_1": "0025_505", "x_kodKar_2": "0050_505", "x_kodKar_3": "0100_505", "x_kodKar_4": null, "x_kodKar_5": null, "x_kodKar_6": null, "nazwa": "Czerwonak", "idPRG": 1030210420, "idTerytJed": 3021, "idTerytTer": 3021042, "rodzaj": "GW", "PRG|BT_Ref": 1030210420, "PRG|BT_R_1": "PL.PZGiK.200", "x_informDo": null }, "geometry": { "type": "MultiPolygon", "coordinates": [ [ [ [ 16.984423279788423, 52.509966231750923 ], [ 16.984423263881542, 52.509947253474699 ], [ 16.984426453302717, 52.509938763215743 ], [ 16.984424994988036, 52.509928754679372 ], [ 16.984421988877425, 52.509923576702235 ], [ 16.984411445877139, 52.50991880997163 ], [ 16.98440157689388, 52.50991864182479 ], [ 16.984383937343278, 52.509920769746806 ], [ 16.98434884588691, 52.50992736730214 ], [ 16.984331774956736, 52.509929954620574 ], [ 16.984314882661316, 52.509938301342146 ], [ 16.984302200309859, 52.50994806894105 ], [ 16.984292738735888, 52.50995510317928 ], [ 16.984279857175071, 52.509959560735425 ], [ 16.984256256525867, 52.509959878147427 ], [ 16.984216782935466, 52.509949491682605 ], [ 16.98419699638697, 52.509946995892101 ], [ 16.983989024456658, 52.509972143801946 ], [ 16.983971147057311, 52.50997624635886 ], [ 16.983970956998096, 52.509983618458989 ], [ 16.983975235261909, 52.509989987388415 ], [ 16.983995454675302, 52.509995908432593 ], [ 16.984045843190255, 52.510012597107149 ], [ 16.984118036050543, 52.510029567372108 ], [ 16.984149932433997, 52.510038025890481 ], [ 16.984171240713771, 52.510058806079158 ], [ 16.984192630493382, 52.510081026743009 ], [ 16.984212631955511, 52.510091711022802 ], [ 16.984231334001116, 52.510095357591936 ], [ 16.984251956627226, 52.510092471033047 ], [ 16.984268144620309, 52.510086630727812 ], [ 16.984286408706275, 52.510074080058274 ], [ 16.984314990160122, 52.510051901376897 ], [ 16.984326608541451, 52.510042835193261 ], [ 16.984339425873937, 52.510033339721041 ], [ 16.984373911556879, 52.510010991795035 ], [ 16.984409444747126, 52.509988301933838 ], [ 16.984416991429903, 52.509981235060842 ], [ 16.984423279788423, 52.509966231750923 ] ] ] ] } },
{ "type": "Feature", "properties": { "gml_id": "OT_ADJA_A.20", "lokalnyId": "322BD60C-5C60-598B-E053-CC2BA8C05138", "przestrzen": "PL.PZGiK.308.BDOT10k", "wersjaId": "2022-01-20T00:00:00", "czyObiektB": 0, "x_kod": "ADJA05", "x_skrKarto": null, "x_katDoklG": "Dok", "x_doklGeom": 1, "x_doklGe_1": "m", "x_zrodloDa": "PRG", "x_zrodlo_1": "PRG", "x_katIstni": null, "x_rodzajRe": "ZP", "x_aktualno": "2022-01-20", "x_aktual_1": "2022-01-20", "poczatekWe": "2022-01-20T00:00:00", "x_dataUtwo": "2012-11-13", "x_kodKarto": "0010_505", "x_kodKar_1": "0025_505", "x_kodKar_2": "0050_505", "x_kodKar_3": "0100_505", "x_kodKar_4": null, "x_kodKar_5": null, "x_kodKar_6": null, "nazwa": "Czerwonak", "idPRG": 1030210420, "idTerytJed": 3021, "idTerytTer": 3021042, "rodzaj": "GW", "PRG|BT_Ref": 1030210420, "PRG|BT_R_1": "PL.PZGiK.200", "x_informDo": null }, "geometry": { "type": "MultiPolygon", "coordinates": [ [ [ [ 16.994542817638116, 52.510981248444857 ], [ 16.994576954332221, 52.511053871462579 ], [ 16.99465502855319, 52.511110150094382 ], [ 16.994718548652795, 52.511155838530627 ], [ 16.994741490694345, 52.511228271740961 ], [ 16.994745201647905, 52.511273036307628 ], [ 16.994769756151694, 52.511310059305295 ], [ 16.994819667514619, 52.511330872635959 ], [ 16.994881510569201, 52.511345412281834 ], [ 16.994891682650874, 52.51137130838223 ], [ 16.994872749926511, 52.511388886144402 ], [ 16.994867819290732, 52.511400045447367 ], [ 16.994873077205281, 52.511407599832232 ], [ 16.99489728009441, 52.511410258622114 ], [ 16.994919089306716, 52.511407210429304 ], [ 16.994964872274171, 52.511402140089935 ], [ 16.994986317297322, 52.511413566532553 ], [ 16.995005892377044, 52.511446637538072 ], [ 16.994975572172635, 52.51150386706184 ], [ 16.994923172604317, 52.511537696960708 ], [ 16.994843558532104, 52.511541114558582 ], [ 16.994745379662216, 52.511592876581943 ], [ 16.994644729061982, 52.511650352977639 ], [ 16.99455756492852, 52.51169654520691 ], [ 16.994460003543878, 52.511725022231033 ], [ 16.994317247648492, 52.511771531051039 ], [ 16.99424715498154, 52.511763327142361 ], [ 16.994181203013365, 52.511767785415735 ], [ 16.994131843052784, 52.511786646026017 ], [ 16.994106972119717, 52.511827777989666 ], [ 16.994113469191873, 52.511863145802572 ], [ 16.99409852888251, 52.5119128108403 ], [ 16.994084206768967, 52.511945667019191 ], [ 16.99408550337542, 52.511968984237967 ], [ 16.994118969949962, 52.511994825661702 ], [ 16.994161683650944, 52.512044209037725 ], [ 16.994157341203167, 52.512094233654182 ], [ 16.994092897940924, 52.5121302874498 ], [ 16.994049024282887, 52.512167859249111 ], [ 16.993909830457319, 52.512217036332096 ], [ 16.99385383270231, 52.512242440052276 ], [ 16.993804631749089, 52.51225779544918 ], [ 16.993780788034076, 52.512273131127358 ], [ 16.99376791053399, 52.512287213682235 ], [ 16.993781069433858, 52.512305785203999 ], [ 16.993872710131164, 52.512332883039441 ], [ 16.993924811344353, 52.512354183588684 ], [ 16.993942156102936, 52.512381190768778 ], [ 16.993954881208751, 52.512406050923325 ], [ 16.993982742313911, 52.512425501322802 ], [ 16.994029704600965, 52.512433403124746 ], [ 16.994058957027526, 52.512451438009492 ], [ 16.994086879615249, 52.512469540281529 ], [ 16.994103316735885, 52.512467930179106 ], [ 16.994112748657852, 52.512461524263763 ], [ 16.994115629653979, 52.512446822463261 ], [ 16.994144576161755, 52.512419790706211 ], [ 16.994195704523314, 52.512400960070195 ], [ 16.994250965400344, 52.512394971379145 ], [ 16.994308705928695, 52.512389564359623 ], [ 16.994353736920793, 52.512394555114788 ], [ 16.99439275697042, 52.512398814348373 ], [ 16.994411272449682, 52.512416307349035 ], [ 16.994429211038401, 52.512430282790696 ], [ 16.994501902926221, 52.512455889639547 ], [ 16.994557249494449, 52.512473917032054 ], [ 16.994611450518125, 52.512478253648027 ], [ 16.994651117286171, 52.512471550715517 ], [ 16.994671932805598, 52.512457962393242 ], [ 16.994693587139249, 52.512445377658381 ], [ 16.994738659344662, 52.512423565959068 ], [ 16.99487400237259, 52.512400675927367 ], [ 16.994906037667796, 52.512399689857368 ], [ 16.994925068962154, 52.512405858704319 ], [ 16.994935261732842, 52.512441019271485 ], [ 16.994948752579116, 52.512474976532758 ], [ 16.994973798891497, 52.512530356176313 ], [ 16.995016735048473, 52.512552220451646 ], [ 16.995061958611966, 52.512552986879506 ], [ 16.995160511786839, 52.512557805056552 ], [ 16.995240798797713, 52.51256555156413 ], [ 16.995287438284887, 52.512587028781006 ], [ 16.995333255236051, 52.512590953163688 ], [ 16.995408492871857, 52.512589799584617 ], [ 16.995465955156241, 52.512571075726612 ], [ 16.995498190828943, 52.512546258006253 ], [ 16.995502732568234, 52.512520971045085 ], [ 16.995479915916015, 52.512491083155084 ], [ 16.995411446084915, 52.512450438034591 ], [ 16.995326322502791, 52.512419404400603 ], [ 16.995281377165597, 52.512389861038798 ], [ 16.995258695747943, 52.512357007277764 ], [ 16.995270848419494, 52.512319976824855 ], [ 16.995315383896454, 52.512251655299451 ], [ 16.995428604811938, 52.512147980759934 ], [ 16.99551928801931, 52.51210868318288 ], [ 16.995628036711533, 52.512080574714076 ], [ 16.995722733841326, 52.512050249342565 ], [ 16.995801083595783, 52.512000129330403 ], [ 16.995837299835927, 52.511965575172205 ], [ 16.995908354309556, 52.511952657830932 ], [ 16.995979674933071, 52.511950088396254 ], [ 16.996061617269284, 52.511918197549157 ], [ 16.996132837744476, 52.511840074239771 ], [ 16.996187591361416, 52.511718859125317 ], [ 16.99620073524278, 52.511601706189758 ], [ 16.996102512557481, 52.511476280946994 ], [ 16.996000971236114, 52.511316890900744 ], [ 16.995937506075471, 52.511234327477915 ], [ 16.995875289738226, 52.511182635614055 ], [ 16.995854662108069, 52.511127331009277 ], [ 16.99588066808526, 52.511064451716457 ], [ 16.995902803538073, 52.511018596014615 ], [ 16.995910989767754, 52.510952086948407 ], [ 16.995823277877822, 52.510880805289545 ], [ 16.995690365281146, 52.510830973683468 ], [ 16.995509678263389, 52.510804077400678 ], [ 16.995312796513147, 52.510789678317366 ], [ 16.995185028248031, 52.510782296457386 ], [ 16.995060021932584, 52.510766056911613 ], [ 16.994974897737219, 52.510735112925026 ], [ 16.994923771772378, 52.510689184972769 ], [ 16.994887282029108, 52.51061967017592 ], [ 16.99484233494757, 52.51052221963289 ], [ 16.994783079538557, 52.510399072675398 ], [ 16.994769704059962, 52.510349647138916 ], [ 16.9947019051057, 52.510310541969304 ], [ 16.994604584756104, 52.510278761370472 ], [ 16.994523426548309, 52.510257867951026 ], [ 16.994432615646502, 52.51027737512883 ], [ 16.994343591874753, 52.510354745889032 ], [ 16.994207215032475, 52.510410177119098 ], [ 16.994117667533715, 52.510453720261722 ], [ 16.994068786959392, 52.510510634859969 ], [ 16.994045729084707, 52.510563759976264 ], [ 16.994068056103355, 52.510630246666651 ], [ 16.994262721044866, 52.510764504268074 ], [ 16.994342062429201, 52.51084472943711 ], [ 16.99445635986179, 52.510921319834623 ], [ 16.994542817638116, 52.510981248444857 ] ] ] ] } },
{ "type": "Feature", "properties": { "gml_id": "OT_ADJA_A.20", "lokalnyId": "322BD60C-5C60-598B-E053-CC2BA8C05138", "przestrzen": "PL.PZGiK.308.BDOT10k", "wersjaId": "2022-01-20T00:00:00", "czyObiektB": 0, "x_kod": "ADJA05", "x_skrKarto": null, "x_katDoklG": "Dok", "x_doklGeom": 1, "x_doklGe_1": "m", "x_zrodloDa": "PRG", "x_zrodlo_1": "PRG", "x_katIstni": null, "x_rodzajRe": "ZP", "x_aktualno": "2022-01-20", "x_aktual_1": "2022-01-20", "poczatekWe": "2022-01-20T00:00:00", "x_dataUtwo": "2012-11-13", "x_kodKarto": "0010_505", "x_kodKar_1": "0025_505", "x_kodKar_2": "0050_505", "x_kodKar_3": "0100_505", "x_kodKar_4": null, "x_kodKar_5": null, "x_kodKar_6": null, "nazwa": "Czerwonak", "idPRG": 1030210420, "idTerytJed": 3021, "idTerytTer": 3021042, "rodzaj": "GW", "PRG|BT_Ref": 1030210420, "PRG|BT_R_1": "PL.PZGiK.200", "x_informDo": null }, "geometry": { "type": "MultiPolygon", "coordinates": [ [ [ [ 16.998473833666441, 52.512275182807372 ], [ 16.998580872016177, 52.512265211167197 ], [ 16.998622340491249, 52.512283721405808 ], [ 16.998636214009977, 52.512309320010075 ], [ 16.998597308313109, 52.512357680721131 ], [ 16.998538417422768, 52.512401386052609 ], [ 16.998489823189971, 52.512413155936194 ], [ 16.998417721685222, 52.512432892774946 ], [ 16.998373094400169, 52.512470903117404 ], [ 16.998298691553838, 52.512525049085838 ], [ 16.998292423103706, 52.512585114837293 ], [ 16.998277801796771, 52.512627860159348 ], [ 16.998308716149943, 52.512683967953706 ], [ 16.998368278450897, 52.512745507307251 ], [ 16.998467639657569, 52.512816894150397 ], [ 16.998589140722256, 52.512865000473326 ], [ 16.998681889256225, 52.512877542540977 ], [ 16.998783528689792, 52.512879351840581 ], [ 16.99886014835414, 52.512860770516518 ], [ 16.998953660533317, 52.5127624256831 ], [ 16.99905622493533, 52.512678984519496 ], [ 16.999145336496984, 52.512658005950485 ], [ 16.999232510702829, 52.512618016597081 ], [ 16.999284646990411, 52.512589936701559 ], [ 16.999314711131472, 52.512557705913324 ], [ 16.999331815235216, 52.512515452171442 ], [ 16.99932289036429, 52.512468530929283 ], [ 16.999367268043088, 52.512397057251682 ], [ 16.999379465960814, 52.512355709906302 ], [ 16.999437037394255, 52.512302088129587 ], [ 16.999509720764792, 52.512256546898548 ], [ 16.99956172523278, 52.512185921659587 ], [ 16.999685989875445, 52.512059584356663 ], [ 16.99969776451443, 52.512004828328941 ], [ 16.99967988051797, 52.511940936305031 ], [ 16.999673559935808, 52.51187562082491 ], [ 16.99971145088195, 52.511804127282048 ], [ 16.999742251037091, 52.5117751467766 ], [ 16.999906881541513, 52.511665591520966 ], [ 16.999999065546337, 52.511625596370152 ], [ 17.000024278152871, 52.511615769113313 ], [ 17.000046635543377, 52.511613628672926 ], [ 17.000059860741256, 52.511617809736386 ], [ 17.000068622625065, 52.511629380606799 ], [ 17.000087084785875, 52.511664320729821 ], [ 17.000110101578862, 52.511702845618018 ], [ 17.000113745273932, 52.511719996365862 ], [ 17.000111598404285, 52.511731562708384 ], [ 17.000095438938963, 52.511759531607773 ], [ 17.000081991813232, 52.511854373935215 ], [ 17.000081645252479, 52.51193666583341 ], [ 17.000054796095394, 52.512021477817918 ], [ 17.000000048302837, 52.512103839411154 ], [ 16.999996562645066, 52.512109177057965 ], [ 16.999874258635021, 52.512159905847938 ], [ 16.999739099226435, 52.512263213641361 ], [ 16.999708768875688, 52.512288334544891 ], [ 16.99968067430261, 52.512329143309259 ], [ 16.99961940270504, 52.512409055907924 ], [ 16.999526644326647, 52.512494102454234 ], [ 16.999500219816287, 52.512543573935297 ], [ 16.999496063496686, 52.512635065527533 ], [ 16.999447750344409, 52.512757470326591 ], [ 16.999458914912097, 52.512816751606806 ], [ 16.999505428073089, 52.512860530845771 ], [ 16.999611999406991, 52.512912790852447 ], [ 16.999730723505596, 52.512921454048161 ], [ 16.999882607252559, 52.512917366194507 ], [ 16.999995367737245, 52.512946974936519 ], [ 17.000000093896077, 52.512946785006037 ], [ 17.00012131278946, 52.512942718093903 ], [ 17.000187939450605, 52.512923427328502 ], [ 17.000243496007094, 52.512927154668475 ], [ 17.000298617419837, 52.512953450291526 ], [ 17.00039354131102, 52.512947319661691 ], [ 17.000452098474302, 52.512927172812802 ], [ 17.000535636965481, 52.512941266670921 ], [ 17.000713102016121, 52.512925737636508 ], [ 17.000852476805409, 52.512953636692686 ], [ 17.001027015167171, 52.513022064377331 ], [ 17.001094810820426, 52.513054959722261 ], [ 17.001206470624272, 52.513076363901952 ], [ 17.001275055166992, 52.513101627326272 ], [ 17.001276391858063, 52.513120897683493 ], [ 17.001339413577028, 52.513132305828364 ], [ 17.001437000954304, 52.513093480152676 ], [ 17.001547774365839, 52.513040216454456 ], [ 17.001708675185405, 52.512996613769616 ], [ 17.001779559404248, 52.512993943513493 ], [ 17.00187450753063, 52.513039259422698 ], [ 17.001981251395883, 52.513074790811991 ], [ 17.002082136666768, 52.513115979507539 ], [ 17.002255364817184, 52.51313860231943 ], [ 17.002393114883983, 52.513179603768243 ], [ 17.002516716547145, 52.513204266400962 ], [ 17.002613275586178, 52.513210843537777 ], [ 17.002737586311348, 52.513193874370657 ], [ 17.002866796605122, 52.513185892126081 ], [ 17.002920513880373, 52.513152170930915 ], [ 17.002988453245617, 52.51315592612238 ], [ 17.00301243813319, 52.513189429956334 ], [ 17.00297919885157, 52.513233210695695 ], [ 17.002972177985107, 52.513261244291776 ], [ 17.003045851044703, 52.513291359545555 ], [ 17.003146231792254, 52.513317698236591 ], [ 17.003248283661932, 52.513329944020839 ], [ 17.003342695345204, 52.513361128653784 ], [ 17.003455828337742, 52.513372841732419 ], [ 17.003519207105008, 52.51336338799657 ], [ 17.003572815968464, 52.513341806961101 ], [ 17.003594034151433, 52.513264004697113 ], [ 17.00359185928059, 52.513211171551447 ], [ 17.003590654470557, 52.51315970391768 ], [ 17.003712375149416, 52.513020997364599 ], [ 17.003732641706122, 52.512954421871669 ], [ 17.003716496928973, 52.512881295745736 ], [ 17.003682698127506, 52.512758583040501 ], [ 17.003627464459417, 52.512627413757549 ], [ 17.003591441103655, 52.512531016733099 ], [ 17.003599155945615, 52.5124128720798 ], [ 17.003636034672688, 52.512363576127967 ], [ 17.003761649363987, 52.512291762769763 ], [ 17.003860472810018, 52.512274362371151 ], [ 17.003968264213999, 52.512270514682271 ], [ 17.004072943668984, 52.512296295530923 ], [ 17.004131048724091, 52.512338109865524 ], [ 17.004231971043655, 52.512378487868631 ], [ 17.004270257597856, 52.512450998075693 ], [ 17.004275056983875, 52.512546778216198 ], [ 17.004205243291484, 52.512636442744387 ], [ 17.004140347482576, 52.512744448594916 ], [ 17.004101585798427, 52.512809273042848 ], [ 17.004068469693475, 52.512928428254121 ], [ 17.004064862954831, 52.51306004371105 ], [ 17.004066531765531, 52.51327692402883 ], [ 17.004014622366785, 52.513404126839006 ], [ 17.004008074147372, 52.513499805471525 ], [ 17.004028280614342, 52.513561397447667 ], [ 17.00409908587185, 52.513628789923537 ], [ 17.004245769623044, 52.513677674988429 ], [ 17.004481070841923, 52.51372949373966 ], [ 17.004676056869087, 52.513756797231245 ], [ 17.004890959843195, 52.513751247383517 ], [ 17.005090202131537, 52.51370738726343 ], [ 17.005255447291056, 52.513626436812153 ], [ 17.005360537434854, 52.513483760536545 ], [ 17.00556833620012, 52.513361613756736 ], [ 17.005682970232659, 52.513333685228602 ], [ 17.005794576618758, 52.513291224763563 ], [ 17.005861156951568, 52.513224080463736 ], [ 17.005895516664584, 52.51315549360573 ], [ 17.005963356642429, 52.513054012330251 ], [ 17.006002369848659, 52.512957531663794 ], [ 17.006003634974981, 52.512828664945758 ], [ 17.006016768692842, 52.512691633585554 ], [ 17.006081520764049, 52.512485766536933 ], [ 17.006146584839428, 52.512448817308858 ], [ 17.006210234226423, 52.512368221940811 ], [ 17.00626657741071, 52.512295958035082 ], [ 17.006254151912263, 52.512189436229356 ], [ 17.006217769110673, 52.512100859003255 ], [ 17.006133624737672, 52.512022000120552 ], [ 17.00602452638978, 52.511934265960853 ], [ 17.005833145212566, 52.511827515944795 ], [ 17.005526156345066, 52.511727990811437 ], [ 17.005341729150274, 52.511620727619075 ], [ 17.005206325761975, 52.51158003897838 ], [ 17.005094805000613, 52.511568624557697 ], [ 17.004964682767671, 52.511538278175017 ], [ 17.004815095324282, 52.511504815140491 ], [ 17.004681881154731, 52.5115166894347 ], [ 17.004559567086453, 52.511564544685761 ], [ 17.00453816857609, 52.511591076662427 ], [ 17.004524121015269, 52.511608288628594 ], [ 17.00450912371079, 52.511737553356554 ], [ 17.004517424849901, 52.511808118621744 ], [ 17.004548513415582, 52.511935372465544 ], [ 17.004494076843056, 52.512017561445262 ], [ 17.004401033206097, 52.512060333802843 ], [ 17.004272355266398, 52.51207291376592 ], [ 17.004096069824193, 52.512091795897945 ], [ 17.003973551029105, 52.512069311794995 ], [ 17.003894985299976, 52.511997560955763 ], [ 17.003761356141933, 52.511761634666023 ], [ 17.003662717378702, 52.511609136037777 ], [ 17.003543046608506, 52.511536871192035 ], [ 17.003426816602008, 52.511460257090413 ], [ 17.003204588875136, 52.511227691745944 ], [ 17.003083513832529, 52.511163677460459 ], [ 17.002921149807012, 52.511103193367248 ], [ 17.002846650769811, 52.511078370685659 ], [ 17.002836659191185, 52.511058144748915 ], [ 17.002855666064193, 52.511038858070911 ], [ 17.002964192175071, 52.511018744059797 ], [ 17.003122953273401, 52.510979870350447 ], [ 17.003421217061561, 52.510913939564354 ], [ 17.00347592645894, 52.510907037846465 ], [ 17.003509330783643, 52.510882327641326 ], [ 17.003507681952538, 52.510840656267092 ], [ 17.003456787886744, 52.510792667295313 ], [ 17.003370164792905, 52.510765391755449 ], [ 17.003259894739468, 52.510732950061282 ], [ 17.003098406098186, 52.510708458124043 ], [ 17.002637809162529, 52.510687281020942 ], [ 17.002035009843524, 52.510645442191901 ], [ 17.001772846132322, 52.510598021603251 ], [ 17.001677308248794, 52.510595058701895 ], [ 17.001624608984507, 52.510635632186826 ], [ 17.001566918886219, 52.510711468899736 ], [ 17.001504629061628, 52.510839934419579 ], [ 17.001506895191223, 52.510890700495587 ], [ 17.00154994248258, 52.510932891364398 ], [ 17.001678369348795, 52.510955028095523 ], [ 17.00181766102197, 52.511010627067783 ], [ 17.001898260438303, 52.51106343573246 ], [ 17.001909063022786, 52.511091770309058 ], [ 17.001909746509497, 52.511118944605158 ], [ 17.00189282742879, 52.511147440570952 ], [ 17.001865641898988, 52.51117477376264 ], [ 17.001684127154533, 52.51125697369789 ], [ 17.001365474942155, 52.511362760161504 ], [ 17.001219631645466, 52.511422266818776 ], [ 17.001189611381097, 52.511430843841971 ], [ 17.001160964446331, 52.511428650913956 ], [ 17.001146453796476, 52.51142031088164 ], [ 17.001142548644854, 52.511408912095185 ], [ 17.001140744304905, 52.511380459653957 ], [ 17.001143625689963, 52.511268259603625 ], [ 17.001176018598919, 52.511139199197885 ], [ 17.00115719454865, 52.511095978385399 ], [ 17.001060308176573, 52.511083728090142 ], [ 17.000943222891429, 52.511117007279196 ], [ 17.000780086908545, 52.511167766552134 ], [ 17.000644010746793, 52.511164747353547 ], [ 17.000531768079142, 52.511120577194305 ], [ 17.000472352166245, 52.511059041395576 ], [ 17.000485377003468, 52.51099944950338 ], [ 17.000611212343596, 52.510948779781621 ], [ 17.000786901604883, 52.510839050451963 ], [ 17.000853590694653, 52.510792327797851 ], [ 17.000887742539465, 52.510747933458617 ], [ 17.000925063871417, 52.510692169918578 ], [ 17.000899562259704, 52.510646677591417 ], [ 17.000838932815299, 52.51062811417615 ], [ 17.000741989178444, 52.51060740801006 ], [ 17.000565000288763, 52.510593173971337 ], [ 17.00037091870681, 52.510598258310573 ], [ 17.00021740201937, 52.51063523824201 ], [ 17.000040166447505, 52.510717328115476 ], [ 17.000000172536598, 52.510741026522197 ], [ 16.999904886608192, 52.510797428777728 ], [ 16.999697144090359, 52.510824137186624 ], [ 16.999492527143762, 52.510807995310195 ], [ 16.999366143130374, 52.510822047798257 ], [ 16.99928197428833, 52.510844639133616 ], [ 16.999218671439564, 52.510891418182794 ], [ 16.99919945095743, 52.510960798885975 ], [ 16.99907993160901, 52.511099538127731 ], [ 16.99897733979649, 52.511199888112699 ], [ 16.998901547081541, 52.511236022356009 ], [ 16.998759602183846, 52.511268069405226 ], [ 16.998649959323807, 52.511371088064763 ], [ 16.998600462927669, 52.511444903347915 ], [ 16.99857588418184, 52.511554307850226 ], [ 16.99858369180421, 52.511661472022752 ], [ 16.998588178705361, 52.511841703612937 ], [ 16.998566215923358, 52.511919492454872 ], [ 16.998476264887245, 52.511968698457231 ], [ 16.998404502667309, 52.51197449987086 ], [ 16.998264182675189, 52.511938307150267 ], [ 16.997860562911825, 52.511856914379678 ], [ 16.997766828569336, 52.511810986135153 ], [ 16.997726759414967, 52.511777928516977 ], [ 16.997731478987948, 52.511738973159851 ], [ 16.997772970172576, 52.511675905842587 ], [ 16.997795885462487, 52.511629073628171 ], [ 16.9977972316542, 52.51156379783712 ], [ 16.997839582092645, 52.511504522642483 ], [ 16.997911310976505, 52.511437829641466 ], [ 16.997974008085659, 52.511417394311501 ], [ 16.998063863830286, 52.511418914896161 ], [ 16.998167595422483, 52.511371381480259 ], [ 16.998266568359131, 52.511327994774234 ], [ 16.998317565876899, 52.511295758662463 ], [ 16.99834137499472, 52.511229243965417 ], [ 16.998358005533177, 52.511142280700348 ], [ 16.998429736115813, 52.511062545693491 ], [ 16.998467307442787, 52.510968921160845 ], [ 16.998518319183813, 52.510916897758783 ], [ 16.998542166358725, 52.510872239799184 ], [ 16.998535292339845, 52.510822385057544 ], [ 16.998411581209055, 52.51080032468554 ], [ 16.99828937351398, 52.510800325643046 ], [ 16.998146428236542, 52.510847915154379 ], [ 16.998024219656745, 52.510896574957869 ], [ 16.997873875656087, 52.511003131454174 ], [ 16.997761360768926, 52.511068774374856 ], [ 16.997674147905883, 52.511184224119859 ], [ 16.99759168508799, 52.511298944715207 ], [ 16.997539830145243, 52.511372719645863 ], [ 16.997558930121631, 52.511435733174771 ], [ 16.997505803692832, 52.511459658176904 ], [ 16.997460347160789, 52.511444587804021 ], [ 16.997393120550136, 52.511396049890891 ], [ 16.997422046802349, 52.511272148447013 ], [ 16.997434714585495, 52.511116761576737 ], [ 16.997377343814776, 52.511036280848629 ], [ 16.997271866180959, 52.510947160666426 ], [ 16.997149699452422, 52.510871699000241 ], [ 16.997089047222151, 52.51077587226505 ], [ 16.997085185692526, 52.510711677555797 ], [ 16.997116312679342, 52.510652842192911 ], [ 16.997192337657214, 52.510588920644437 ], [ 16.997202102745348, 52.510552479177768 ], [ 16.997192862331339, 52.510525519738344 ], [ 16.997149976227718, 52.510505815718879 ], [ 16.997077323954848, 52.510505305236791 ], [ 16.996988338901353, 52.510533299923871 ], [ 16.99689858113554, 52.510578280681713 ], [ 16.996797014784025, 52.510630076969939 ], [ 16.996751639982392, 52.51068777155983 ], [ 16.99667802356548, 52.510734374623432 ], [ 16.996602818788794, 52.510764041465748 ], [ 16.996495057114014, 52.510825626309767 ], [ 16.996449554958836, 52.510886106861435 ], [ 16.996440329733716, 52.510936588515143 ], [ 16.996424166553957, 52.511039119587501 ], [ 16.996439918442935, 52.511123842806725 ], [ 16.996468627954421, 52.511176495944731 ], [ 16.996444182065698, 52.511250464766441 ], [ 16.996433924995451, 52.511281501262168 ], [ 16.996426865893266, 52.511384816116951 ], [ 16.996362964619244, 52.511522425916752 ], [ 16.99635322391623, 52.511584231643155 ], [ 16.996353917993275, 52.511669419381711 ], [ 16.996389254187818, 52.511780557745602 ], [ 16.996404239271513, 52.511807614536835 ], [ 16.996455739216707, 52.511816221828411 ], [ 16.996579324382072, 52.511811928811532 ], [ 16.996632215419531, 52.511815882549996 ], [ 16.996654487915464, 52.511835057791487 ], [ 16.996633808690824, 52.511858632433565 ], [ 16.9966506160786, 52.511920168201883 ], [ 16.996629904102033, 52.511944461832272 ], [ 16.996595790982081, 52.511958724736914 ], [ 16.996539055447553, 52.512013348682316 ], [ 16.996480077461904, 52.512068654167827 ], [ 16.996452036997411, 52.512098490062399 ], [ 16.996465430785356, 52.512134604132065 ], [ 16.996436355849934, 52.512190416016693 ], [ 16.996387565528746, 52.512222688711098 ], [ 16.996352680024977, 52.512279841253793 ], [ 16.996347693077134, 52.512314924486347 ], [ 16.996362462257331, 52.512369410222803 ], [ 16.996328595580025, 52.512430087788431 ], [ 16.996301247344064, 52.512496542152412 ], [ 16.99629086363521, 52.512549792396179 ], [ 16.99630652838167, 52.512584595800213 ], [ 16.996345226512407, 52.512621857996201 ], [ 16.996452107998852, 52.512657486690877 ], [ 16.996586475042701, 52.512694929886919 ], [ 16.996787135104299, 52.51272692963353 ], [ 16.996932386333658, 52.512745488828344 ], [ 16.996992037955366, 52.512740202798483 ], [ 16.9970360138019, 52.512742476374569 ], [ 16.997108330482664, 52.512750446438162 ], [ 16.9971473964087, 52.512760192054088 ], [ 16.99722701350645, 52.512776200616187 ], [ 16.997337070498507, 52.512793893674512 ], [ 16.997410263348598, 52.512808534161032 ], [ 16.997494558280714, 52.512835145047767 ], [ 16.997584969532205, 52.512840722810616 ], [ 16.99770605771587, 52.51284277228136 ], [ 16.997796447778065, 52.512835847457232 ], [ 16.997885669521398, 52.512796253511411 ], [ 16.997920780102159, 52.512763298987075 ], [ 16.997936522222723, 52.512708880094848 ], [ 16.997935750027494, 52.512664255336958 ], [ 16.9979082208033, 52.512618008507786 ], [ 16.997868013497634, 52.512549061381861 ], [ 16.997882799033462, 52.512509197060368 ], [ 16.99792986478996, 52.512459715471884 ], [ 16.998108905766802, 52.51240949905258 ], [ 16.998473833666441, 52.512275182807372 ] ], [ [ 17.001212459667769, 52.511836872315932 ], [ 17.001199178995115, 52.511817669983067 ], [ 17.001188310071321, 52.511810290915101 ], [ 17.001175915962925, 52.511810531222572 ], [ 17.001156628373863, 52.511819739289201 ], [ 17.001120416387263, 52.511854295119392 ], [ 17.001092507494146, 52.511865066423027 ], [ 17.001071717356574, 52.511868402800452 ], [ 17.00105073822952, 52.511866159521759 ], [ 17.001008676234232, 52.511850967996175 ], [ 17.000992185358641, 52.511814802132548 ], [ 17.001007491762095, 52.51177638532485 ], [ 17.001055773362935, 52.511732499520207 ], [ 17.001215980910199, 52.51170732410548 ], [ 17.001439713121858, 52.511734399150235 ], [ 17.001577446520638, 52.511752915591011 ], [ 17.001639417754546, 52.511784183223384 ], [ 17.001634940599931, 52.511834115838788 ], [ 17.001577351086979, 52.511881712187993 ], [ 17.001472317279806, 52.511906021311759 ], [ 17.001339198988333, 52.511915734844479 ], [ 17.001245130865154, 52.511880327062578 ], [ 17.001212459667769, 52.511836872315932 ] ], [ [ 17.002235996405737, 52.512879869423941 ], [ 17.002201361252062, 52.512873168434382 ], [ 17.00212779956864, 52.512840626067302 ], [ 17.00189565454513, 52.512774644907942 ], [ 17.001662189008616, 52.512711788982401 ], [ 17.001454432297606, 52.512696407021998 ], [ 17.001171690927929, 52.512676609805148 ], [ 17.001090985114885, 52.512668320599872 ], [ 17.00103161157362, 52.51263826584038 ], [ 17.000985334608369, 52.512595750400621 ], [ 17.000993028908653, 52.512546411827813 ], [ 17.001066730025453, 52.512501156675434 ], [ 17.001162970052007, 52.512462758179097 ], [ 17.001297563061687, 52.512423838312898 ], [ 17.001377029177739, 52.512407462088333 ], [ 17.001526564662889, 52.512419342296646 ], [ 17.001657966761005, 52.512470221051281 ], [ 17.001854575675221, 52.512588309020074 ], [ 17.001962399044199, 52.512626017297976 ], [ 17.002141872053951, 52.512715663251228 ], [ 17.002250646287159, 52.512784417606419 ], [ 17.00229340662268, 52.512832989272198 ], [ 17.00227359036316, 52.512863594994506 ], [ 17.002235996405737, 52.512879869423941 ] ] ] ] } },
{ "type": "Feature", "properties": { "gml_id": "OT_ADJA_A.20", "lokalnyId": "322BD60C-5C60-598B-E053-CC2BA8C05138", "przestrzen": "PL.PZGiK.308.BDOT10k", "wersjaId": "2022-01-20T00:00:00", "czyObiektB": 0, "x_kod": "ADJA05", "x_skrKarto": null, "x_katDoklG": "Dok", "x_doklGeom": 1, "x_doklGe_1": "m", "x_zrodloDa": "PRG", "x_zrodlo_1": "PRG", "x_katIstni": null, "x_rodzajRe": "ZP", "x_aktualno": "2022-01-20", "x_aktual_1": "2022-01-20", "poczatekWe": "2022-01-20T00:00:00", "x_dataUtwo": "2012-11-13", "x_kodKarto": "0010_505", "x_kodKar_1": "0025_505", "x_kodKar_2": "0050_505", "x_kodKar_3": "0100_505", "x_kodKar_4": null, "x_kodKar_5": null, "x_kodKar_6": null, "nazwa": "Czerwonak", "idPRG": 1030210420, "idTerytJed": 3021, "idTerytTer": 3021042, "rodzaj": "GW", "PRG|BT_Ref": 1030210420, "PRG|BT_R_1": "PL.PZGiK.200", "x_informDo": null }, "geometry": { "type": "MultiPolygon", "coordinates": [ [ [ [ 16.981439812126023, 52.513336081233305 ], [ 16.981427759585603, 52.5133417218915 ], [ 16.981415040531999, 52.513345822142469 ], [ 16.981401675565678, 52.513347932621699 ], [ 16.98138087920686, 52.513351355388558 ], [ 16.98136469063785, 52.513353957343504 ], [ 16.981343035136494, 52.51335682578523 ], [ 16.981320053847067, 52.513359671600462 ], [ 16.981307805547374, 52.513363150270614 ], [ 16.981295936359817, 52.513371222509271 ], [ 16.98129179318569, 52.513377987490983 ], [ 16.981293190092501, 52.513386106211016 ], [ 16.98129504230225, 52.513390724917251 ], [ 16.98129827284659, 52.513397435835351 ], [ 16.981307084677603, 52.513404601762758 ], [ 16.981317173869712, 52.513409630850092 ], [ 16.981322672755706, 52.513411883315719 ], [ 16.981341618021855, 52.513413465789611 ], [ 16.981358289742666, 52.513409972650287 ], [ 16.98137586280594, 52.513402897162194 ], [ 16.98140693991478, 52.51339389345253 ], [ 16.981477151803361, 52.513373774911514 ], [ 16.98149425406713, 52.51336732097522 ], [ 16.981504093842041, 52.513358494546097 ], [ 16.981511404634233, 52.513350164625933 ], [ 16.981513124906854, 52.513344797388022 ], [ 16.98151576611226, 52.513338636374527 ], [ 16.981515432291339, 52.513333054203699 ], [ 16.981512069890005, 52.513329219222712 ], [ 16.981503788604478, 52.513326559520237 ], [ 16.981496775429108, 52.513325180657716 ], [ 16.981469858009007, 52.513327059912172 ], [ 16.981450690307948, 52.513330330593405 ], [ 16.981439812126023, 52.513336081233305 ] ] ] ] } },
{ "type": "Feature", "properties": { "gml_id": "OT_ADJA_A.20", "lokalnyId": "322BD60C-5C60-598B-E053-CC2BA8C05138", "przestrzen": "PL.PZGiK.308.BDOT10k", "wersjaId": "2022-01-20T00:00:00", "czyObiektB": 0, "x_kod": "ADJA05", "x_skrKarto": null, "x_katDoklG": "Dok", "x_doklGeom": 1, "x_doklGe_1": "m", "x_zrodloDa": "PRG", "x_zrodlo_1": "PRG", "x_katIstni": null, "x_rodzajRe": "ZP", "x_aktualno": "2022-01-20", "x_aktual_1": "2022-01-20", "poczatekWe": "2022-01-20T00:00:00", "x_dataUtwo": "2012-11-13", "x_kodKarto": "0010_505", "x_kodKar_1": "0025_505", "x_kodKar_2": "0050_505", "x_kodKar_3": "0100_505", "x_kodKar_4": null, "x_kodKar_5": null, "x_kodKar_6": null, "nazwa": "Czerwonak", "idPRG": 1030210420, "idTerytJed": 3021, "idTerytTer": 3021042, "rodzaj": "GW", "PRG|BT_Ref": 1030210420, "PRG|BT_R_1": "PL.PZGiK.200", "x_informDo": null }, "geometry": { "type": "MultiPolygon", "coordinates": [ [ [ [ 17.005027550349308, 52.514019691532056 ], [ 17.004879793625062, 52.513994444317078 ], [ 17.004764888210811, 52.513989268548748 ], [ 17.004730713558637, 52.513998406010735 ], [ 17.004708459796785, 52.514011252284924 ], [ 17.004708303801028, 52.514027709188106 ], [ 17.004720179382513, 52.514048686264033 ], [ 17.00472536263614, 52.514061185789167 ], [ 17.004724621462433, 52.514077542880159 ], [ 17.004720504270246, 52.514168405620978 ], [ 17.004693299163538, 52.514313294369153 ], [ 17.004647263500608, 52.514388969326902 ], [ 17.004502252470616, 52.514540595515093 ], [ 17.004476364472534, 52.514591336311454 ], [ 17.004495126988221, 52.514727106646966 ], [ 17.004550656007833, 52.514799817608349 ], [ 17.004705459087944, 52.514887604355948 ], [ 17.004895377400807, 52.514883701768532 ], [ 17.005046835492877, 52.514814301592899 ], [ 17.005112775257061, 52.514758119925133 ], [ 17.005130863016689, 52.514707067583572 ], [ 17.005139388944926, 52.514590465598118 ], [ 17.005217698612721, 52.514462987928319 ], [ 17.005262700606227, 52.514345022212574 ], [ 17.005290962168242, 52.514228842912118 ], [ 17.005283337934106, 52.514172590056653 ], [ 17.005225957425584, 52.514111450838612 ], [ 17.005147679592099, 52.514052747453661 ], [ 17.005027550349308, 52.514019691532056 ] ] ] ] } },
{ "type": "Feature", "properties": { "gml_id": "OT_ADJA_A.20", "lokalnyId": "322BD60C-5C60-598B-E053-CC2BA8C05138", "przestrzen": "PL.PZGiK.308.BDOT10k", "wersjaId": "2022-01-20T00:00:00", "czyObiektB": 0, "x_kod": "ADJA05", "x_skrKarto": null, "x_katDoklG": "Dok", "x_doklGeom": 1, "x_doklGe_1": "m", "x_zrodloDa": "PRG", "x_zrodlo_1": "PRG", "x_katIstni": null, "x_rodzajRe": "ZP", "x_aktualno": "2022-01-20", "x_aktual_1": "2022-01-20", "poczatekWe": "2022-01-20T00:00:00", "x_dataUtwo": "2012-11-13", "x_kodKarto": "0010_505", "x_kodKar_1": "0025_505", "x_kodKar_2": "0050_505", "x_kodKar_3": "0100_505", "x_kodKar_4": null, "x_kodKar_5": null, "x_kodKar_6": null, "nazwa": "Czerwonak", "idPRG": 1030210420, "idTerytJed": 3021, "idTerytTer": 3021042, "rodzaj": "GW", "PRG|BT_Ref": 1030210420, "PRG|BT_R_1": "PL.PZGiK.200", "x_informDo": null }, "geometry": { "type": "MultiPolygon", "coordinates": [ [ [ [ 17.001362666106836, 52.516550167028178 ], [ 17.001401958440226, 52.516538778464522 ], [ 17.001409210197018, 52.51648295653299 ], [ 17.001460451742584, 52.516442178619272 ], [ 17.001536708025334, 52.516421970426315 ], [ 17.001657194274411, 52.516408265618743 ], [ 17.001744831841254, 52.516393915930102 ], [ 17.00187461601308, 52.516383246115453 ], [ 17.002190294399945, 52.516421766114298 ], [ 17.002339782044576, 52.516431755584037 ], [ 17.002499962007274, 52.516436798651647 ], [ 17.002628902204535, 52.516444731921013 ], [ 17.002781918883841, 52.5164386806482 ], [ 17.003042982941288, 52.51638435484066 ], [ 17.003167555848588, 52.51638780660948 ], [ 17.003243729172709, 52.516366156836661 ], [ 17.00330831233622, 52.516339994154656 ], [ 17.003368197594746, 52.516336147910415 ], [ 17.003428986724224, 52.516351384762423 ], [ 17.003462272208196, 52.516368406013555 ], [ 17.003556864130985, 52.516408767621719 ], [ 17.003620342857261, 52.516406960629965 ], [ 17.003673222258435, 52.516382039340932 ], [ 17.003705926373595, 52.516333842188352 ], [ 17.003722994909364, 52.516269551269779 ], [ 17.003735023142806, 52.516212370725114 ], [ 17.003721640364464, 52.516143338673849 ], [ 17.003714292729285, 52.516048504929422 ], [ 17.003686636888279, 52.515982110202685 ], [ 17.003638519287517, 52.515954045596672 ], [ 17.003556705838868, 52.515944030519563 ], [ 17.003480969842443, 52.515936546401889 ], [ 17.003399639611384, 52.515906122354025 ], [ 17.003328650275417, 52.515852487642661 ], [ 17.003248410890233, 52.515811018933533 ], [ 17.003169785258052, 52.515798988704027 ], [ 17.003083489161291, 52.515800050545543 ], [ 17.003023849776412, 52.515778986633002 ], [ 17.002976980674653, 52.51574941379873 ], [ 17.002912014027078, 52.515732037503241 ], [ 17.002855049784454, 52.515726758653912 ], [ 17.002770643248994, 52.515744671469896 ], [ 17.002672522599475, 52.515756146644812 ], [ 17.002449946900782, 52.515748611214569 ], [ 17.002367813426872, 52.515729415739045 ], [ 17.002311876274703, 52.515698250437687 ], [ 17.002262800576659, 52.515684829764453 ], [ 17.002214425325217, 52.515675468325604 ], [ 17.002163194459211, 52.51567055578591 ], [ 17.002125693852154, 52.515671721372371 ], [ 17.002076240010766, 52.515699128277632 ], [ 17.002011717244912, 52.515717466282013 ], [ 17.001935247829262, 52.515726158492207 ], [ 17.001816678191194, 52.515736658000122 ], [ 17.001534724501251, 52.515725059898344 ], [ 17.001204318785156, 52.515738276250623 ], [ 17.001162185485633, 52.515737564406521 ], [ 17.001110258442029, 52.515728502277781 ], [ 17.001065305846804, 52.515698961056913 ], [ 17.00104121053764, 52.515664645488521 ], [ 17.00103879110388, 52.515627008502143 ], [ 17.001077962183466, 52.515511104420717 ], [ 17.001192356498056, 52.51534574348571 ], [ 17.001320365718563, 52.515218208560434 ], [ 17.0013607356642, 52.515196045080621 ], [ 17.001403226508081, 52.515182372043213 ], [ 17.001478753592398, 52.515171685521253 ], [ 17.001565541548754, 52.515156512141814 ], [ 17.001616935854955, 52.515164305876986 ], [ 17.001666376671537, 52.515189155732237 ], [ 17.001728362645952, 52.515259188878915 ], [ 17.001780140812414, 52.515287765820268 ], [ 17.001860128192241, 52.515302248439234 ], [ 17.001944393996144, 52.515303671607327 ], [ 17.002010345509198, 52.51529282302635 ], [ 17.002109981775021, 52.515270670804021 ], [ 17.002318314463654, 52.515254131543074 ], [ 17.002445275185877, 52.515240625221516 ], [ 17.002568090308944, 52.51525025402082 ], [ 17.002645609976948, 52.515286640492327 ], [ 17.002717231642691, 52.515267792392223 ], [ 17.002778775040429, 52.515159101119522 ], [ 17.002867015261014, 52.514864858727066 ], [ 17.002941722582232, 52.514667436134332 ], [ 17.003003390959091, 52.514442180950347 ], [ 17.003065914200644, 52.514376858510552 ], [ 17.003227467472151, 52.514279928661082 ], [ 17.003305188875906, 52.514263071965615 ], [ 17.003385719173973, 52.51425579656366 ], [ 17.003510374146693, 52.514270312366271 ], [ 17.003604187787612, 52.514308232390043 ], [ 17.003660797399707, 52.514350561349438 ], [ 17.003708113976881, 52.514350730174876 ], [ 17.003737231141915, 52.514319831447921 ], [ 17.003760828866593, 52.514251333426166 ], [ 17.003774073627209, 52.514141287012926 ], [ 17.003850722423582, 52.514083038165744 ], [ 17.00392735637201, 52.513992589489469 ], [ 17.003926553496711, 52.513968021553111 ], [ 17.00392340995937, 52.513861746042153 ], [ 17.003878708107273, 52.513735611519614 ], [ 17.003826382277744, 52.513667091631682 ], [ 17.003760084863682, 52.51361083802194 ], [ 17.003628237483262, 52.513572905906081 ], [ 17.003492901522218, 52.513543639223485 ], [ 17.00294536537616, 52.513478633249726 ], [ 17.00269776402742, 52.51345754410012 ], [ 17.002384649260556, 52.513405217382946 ], [ 17.002205236990207, 52.51338240039653 ], [ 17.002023698340277, 52.513393455682341 ], [ 17.001907616913165, 52.513391495205809 ], [ 17.001785769599994, 52.513360655512621 ], [ 17.001692981238012, 52.513368442307538 ], [ 17.001591746907181, 52.513403159162628 ], [ 17.001606483814495, 52.513442263413182 ], [ 17.001604864587538, 52.513477943377254 ], [ 17.001534564942396, 52.513509944781681 ], [ 17.001473017160315, 52.513508275473846 ], [ 17.001439866393287, 52.513468860138047 ], [ 17.001294617911487, 52.513385187923433 ], [ 17.001006878944789, 52.513296769444949 ], [ 17.000807769019129, 52.513272718069402 ], [ 17.000620261783009, 52.513262623705721 ], [ 17.000464002450975, 52.513265649188796 ], [ 17.000275906221805, 52.513291251647686 ], [ 17.000185178298278, 52.513318589693803 ], [ 17.000071427807271, 52.51333672407781 ], [ 17.000000173052321, 52.513324816302884 ], [ 16.999955107399376, 52.513317308723003 ], [ 16.99989370781725, 52.513283171713887 ], [ 16.9997998921414, 52.513251904442569 ], [ 16.999636724872442, 52.513247976379049 ], [ 16.9992537826888, 52.513201116408347 ], [ 16.999040823254457, 52.513180155714174 ], [ 16.998804071653758, 52.513186404650604 ], [ 16.998636858193461, 52.513187173735339 ], [ 16.998493083184915, 52.513184741406363 ], [ 16.99841469645909, 52.513167585264746 ], [ 16.998273415754912, 52.51313947119602 ], [ 16.998206470830258, 52.513130063715515 ], [ 16.998142010684006, 52.513134099736625 ], [ 16.998049606084901, 52.513130197588666 ], [ 16.997827911782132, 52.513116552154173 ], [ 16.997545348312642, 52.513073364125496 ], [ 16.997304352625179, 52.513056243002062 ], [ 16.997028824308728, 52.513017220257325 ], [ 16.996807547315594, 52.512978216060937 ], [ 16.996752633417586, 52.512973328729025 ], [ 16.996687837764455, 52.512975019759324 ], [ 16.996642622248121, 52.512983788044245 ], [ 16.996622192104279, 52.513008356274277 ], [ 16.996622905035721, 52.513034811570741 ], [ 16.996651508597495, 52.513060659849891 ], [ 16.996658900026773, 52.51309910070561 ], [ 16.99664377789853, 52.513146334500568 ], [ 16.996627497011161, 52.513173671282352 ], [ 16.996583141496224, 52.513208897332163 ], [ 16.996546920046935, 52.513224113895994 ], [ 16.996517212307214, 52.513219293540487 ], [ 16.996424282101881, 52.513155659110609 ], [ 16.996356224807659, 52.513154506491695 ], [ 16.996322597567158, 52.513167788178762 ], [ 16.996297117533913, 52.513186694363547 ], [ 16.996294462669244, 52.513215880854077 ], [ 16.996295630951867, 52.513290643223492 ], [ 16.996274212216868, 52.513388767974419 ], [ 16.996239415573747, 52.513443943241604 ], [ 16.996168732223335, 52.513500489405928 ], [ 16.996167247320937, 52.513520161758223 ], [ 16.996151985535825, 52.51357368913208 ], [ 16.99609152757127, 52.513622583412491 ], [ 16.996062257533879, 52.513621098247185 ], [ 16.996031076536848, 52.513619490762004 ], [ 16.995999060618896, 52.513610313918825 ], [ 16.995972069211795, 52.513578196787108 ], [ 16.995954030862219, 52.513533999070802 ], [ 16.995936864270625, 52.51349656183919 ], [ 16.995891467383146, 52.513470428907169 ], [ 16.995798967660914, 52.513432974674807 ], [ 16.99570945154986, 52.513423902944112 ], [ 16.995643423290076, 52.513407314106317 ], [ 16.99560627611671, 52.513384558777467 ], [ 16.995568220245111, 52.513333186183083 ], [ 16.995520041012224, 52.513287218515096 ], [ 16.995473658447864, 52.513263317291717 ], [ 16.995425090929739, 52.513251791154865 ], [ 16.995388492421277, 52.513242896266696 ], [ 16.995348534369001, 52.513223601000718 ], [ 16.995324117571748, 52.513202950095675 ], [ 16.995317210175962, 52.513170093814253 ], [ 16.99531577351776, 52.513101263109647 ], [ 16.995308620584513, 52.513060847458149 ], [ 16.995277828414533, 52.512989180796716 ], [ 16.995203236443139, 52.512934040946767 ], [ 16.995085970033792, 52.512896616155352 ], [ 16.994678406630385, 52.512879095171236 ], [ 16.994468438346875, 52.512850801593203 ], [ 16.994418782803578, 52.512859943476137 ], [ 16.994394611357396, 52.512892183000126 ], [ 16.994385747204081, 52.512960569270085 ], [ 16.994362066880594, 52.512982023957072 ], [ 16.994331601949412, 52.513013257343843 ], [ 16.994296599144825, 52.513037308294436 ], [ 16.994248273236476, 52.513046382706534 ], [ 16.994209170882407, 52.513037444999632 ], [ 16.99417683679205, 52.513019088079041 ], [ 16.994100064689004, 52.51298594658919 ], [ 16.99407335702125, 52.512970293384036 ], [ 16.994040707797833, 52.512958856691107 ], [ 16.994003446813672, 52.512954807058016 ], [ 16.993960391564215, 52.512954976425142 ], [ 16.993853277078554, 52.512960085688761 ], [ 16.993772518364558, 52.512975625475157 ], [ 16.993744156690887, 52.512993043162155 ], [ 16.9937360091449, 52.513010084101346 ], [ 16.993729501388142, 52.513062320552997 ], [ 16.993689295559314, 52.513404411397744 ], [ 16.993666816091515, 52.513603343798998 ], [ 16.993686750918041, 52.513774123800495 ], [ 16.99371382584205, 52.513833495599428 ], [ 16.993875421961928, 52.514030512726585 ], [ 16.993866610226807, 52.514088016743607 ], [ 16.993830164344295, 52.514166368638669 ], [ 16.993783550274777, 52.514221972408563 ], [ 16.993765360417669, 52.514245858602372 ], [ 16.993751270654762, 52.514273591927925 ], [ 16.993750070479582, 52.514312876649285 ], [ 16.993721333382222, 52.514529421680301 ], [ 16.993723931504714, 52.51454034883816 ], [ 16.993736297535829, 52.514547214323798 ], [ 16.993767924930438, 52.514555215929889 ], [ 16.993892385218508, 52.514561014119025 ], [ 16.994048194362158, 52.514590638944483 ], [ 16.994107405526311, 52.514643629916158 ], [ 16.994151067428966, 52.514672252513932 ], [ 16.994177809030141, 52.514680710829502 ], [ 16.994223795894282, 52.514680950846198 ], [ 16.994354387089817, 52.514655732229947 ], [ 16.994376365841379, 52.514645761394469 ], [ 16.994401818998792, 52.514621008868858 ], [ 16.994405555707321, 52.514581047603855 ], [ 16.99438282474015, 52.514549272164281 ], [ 16.9943457118741, 52.514418945258271 ], [ 16.994391762689432, 52.514242988053248 ], [ 16.994423341962186, 52.514180833166058 ], [ 16.994424099689148, 52.514135065048009 ], [ 16.994368494711342, 52.514032037138037 ], [ 16.994378018096562, 52.513955657131362 ], [ 16.994406303334728, 52.513878425929931 ], [ 16.994398562084431, 52.513825048463573 ], [ 16.994400379356403, 52.513798096383724 ], [ 16.994404119567768, 52.51379042469604 ], [ 16.994415012526371, 52.513787551300091 ], [ 16.99443214570843, 52.513790090325081 ], [ 16.994439838589443, 52.513795977087504 ], [ 16.994485660228705, 52.513841905230187 ], [ 16.994502482309414, 52.513854512582128 ], [ 16.994528446035687, 52.513860619119129 ], [ 16.99456005679556, 52.513862504113625 ], [ 16.994635566545647, 52.513874847067193 ], [ 16.99472888900117, 52.51387157199526 ], [ 16.994831115688672, 52.513863770735192 ], [ 16.994909833669368, 52.513873649486968 ], [ 16.994999428276294, 52.513874538339103 ], [ 16.995178769047182, 52.513944225332338 ], [ 16.99537902093844, 52.514059777506134 ], [ 16.995416451070241, 52.514105473145193 ], [ 16.995422249690737, 52.514133543651731 ], [ 16.995418984603955, 52.514182597172876 ], [ 16.995411803249215, 52.514207569571347 ], [ 16.99535403212969, 52.514268651304761 ], [ 16.995319921070369, 52.514321679293403 ], [ 16.995303229747169, 52.514358003235863 ], [ 16.995299907134612, 52.514388887304868 ], [ 16.995333580930048, 52.514432900342392 ], [ 16.99538721188625, 52.514488674283818 ], [ 16.995412496932069, 52.514509699650105 ], [ 16.995447312425647, 52.51452863791944 ], [ 16.995504262039514, 52.514553617609721 ], [ 16.995554467833507, 52.514564811687023 ], [ 16.9955916812388, 52.514569939328965 ], [ 16.995617796910146, 52.514572720308017 ], [ 16.995707286737709, 52.514585659191084 ], [ 16.995754288320541, 52.514583037630402 ], [ 16.995779012528224, 52.514574282305823 ], [ 16.995794558159165, 52.514563122910644 ], [ 16.995808450491385, 52.514546179157989 ], [ 16.995838305655788, 52.51450890889182 ], [ 16.995854059866154, 52.51449316593304 ], [ 16.995875436560521, 52.514476978560495 ], [ 16.995912130092304, 52.514474092374577 ], [ 16.995990677891371, 52.514500696898189 ], [ 16.996138289883781, 52.514619763260271 ], [ 16.996277332894099, 52.514703606561675 ], [ 16.996509637661852, 52.514860083997746 ], [ 16.996514950034673, 52.514885897634684 ], [ 16.996525614551107, 52.514901008758017 ], [ 16.996556551549027, 52.514920960328368 ], [ 16.996585364919984, 52.51494546301727 ], [ 16.996629507279913, 52.514966807445596 ], [ 16.99666272340114, 52.514978792662227 ], [ 16.99669982689338, 52.514986346549144 ], [ 16.996781960135294, 52.514995742209535 ], [ 16.99686996115193, 52.514996062987287 ], [ 16.996971895220547, 52.514981779018477 ], [ 16.997015529052028, 52.514972174331703 ], [ 16.997056986111218, 52.514968289121974 ], [ 16.997077712594152, 52.514966391448489 ], [ 16.99710403709387, 52.514964588544139 ], [ 16.997141455428682, 52.514965222018617 ], [ 16.997198721349839, 52.514983280631917 ], [ 16.997235453108161, 52.515002250805658 ], [ 16.997251674891967, 52.515015117422294 ], [ 16.997275454950312, 52.515030360557517 ], [ 16.997293955675474, 52.515035260828355 ], [ 16.997314633129186, 52.515034441598047 ], [ 16.997353036631317, 52.515013415442965 ], [ 16.997390142360675, 52.514982023874339 ], [ 16.997421347381053, 52.51495395024336 ], [ 16.997438090339831, 52.514916457632054 ], [ 16.997438405067609, 52.514909537356075 ], [ 16.997422285451723, 52.514894423921824 ], [ 16.997346952984419, 52.514878128280564 ], [ 16.9973449600488, 52.514876565515522 ], [ 16.997252211658832, 52.514860694544609 ], [ 16.997176457351877, 52.514834228104419 ], [ 16.997085644370681, 52.51481146416257 ], [ 16.996996225580371, 52.514758053222877 ], [ 16.996921027230176, 52.514709649958881 ], [ 16.996851698659526, 52.514700741027475 ], [ 16.996791925665768, 52.514705395348081 ], [ 16.996717290515171, 52.514719152041728 ], [ 16.996587007095464, 52.514737632752485 ], [ 16.99650380616281, 52.514722552467845 ], [ 16.996400780300601, 52.514608558938434 ], [ 16.996339252254735, 52.514480067783431 ], [ 16.996343792009142, 52.514393259806454 ], [ 16.996435102410295, 52.514262500183321 ], [ 16.996652565727384, 52.514132707527324 ], [ 16.996692482998352, 52.514117283681969 ], [ 16.996759510233058, 52.514108704819584 ], [ 16.996833826196244, 52.514121385919296 ], [ 16.996931634683065, 52.514136173648048 ], [ 16.997001591680302, 52.514124766079803 ], [ 16.997072301706805, 52.514116249392586 ], [ 16.997121122731279, 52.514093061167991 ], [ 16.99716359181674, 52.514047459546518 ], [ 16.997175436659809, 52.514013931477535 ], [ 16.997216984787858, 52.513965885787428 ], [ 16.997348529279673, 52.513851546597401 ], [ 16.997385863069777, 52.51381836003371 ], [ 16.997435007869118, 52.513813975231976 ], [ 16.997712808632922, 52.513855014192991 ], [ 16.99788497420705, 52.513891296738542 ], [ 16.99800092610564, 52.513960985972204 ], [ 16.998087979139168, 52.514011298070415 ], [ 16.998173756948599, 52.514021563933646 ], [ 16.998384708076404, 52.514060840534178 ], [ 16.998515682679816, 52.514072500423836 ], [ 16.998634252609314, 52.514061914311007 ], [ 16.998724527132136, 52.514064071040011 ], [ 16.998815469891728, 52.514080719809144 ], [ 16.998949774463604, 52.514126164127987 ], [ 16.999107962506468, 52.514148896910179 ], [ 16.999292570744565, 52.514190424630492 ], [ 16.999450275793034, 52.514207572324985 ], [ 16.999526227073392, 52.514236199268751 ], [ 16.999563444308606, 52.514276943104633 ], [ 16.999543445998771, 52.514353685998906 ], [ 16.99955359289963, 52.514380210837075 ], [ 16.999651232651622, 52.514489613357256 ], [ 16.999808736937833, 52.514569627237456 ], [ 16.99990560109492, 52.514611739158191 ], [ 17.000000059171796, 52.514615944375294 ], [ 17.000041990987047, 52.514617822492383 ], [ 17.000151463760279, 52.514629027124009 ], [ 17.000312363341752, 52.514618075538259 ], [ 17.000366722341326, 52.514615756390818 ], [ 17.000419298397485, 52.514623480684229 ], [ 17.000523092774472, 52.514678571055057 ], [ 17.00061041333387, 52.514739319153897 ], [ 17.000725191635677, 52.514796034056815 ], [ 17.000827206227282, 52.514815656592774 ], [ 17.000854791766542, 52.514883489932572 ], [ 17.000923160689634, 52.514929796519631 ], [ 17.001080788957847, 52.515020154195653 ], [ 17.001219211368479, 52.515095166722411 ], [ 17.001259670044863, 52.515152244421479 ], [ 17.001228511688549, 52.515205323947228 ], [ 17.001116019138109, 52.515328803684191 ], [ 17.001036211152151, 52.515368828954983 ], [ 17.000946719118421, 52.515394839342747 ], [ 17.000772941296688, 52.515361412247998 ], [ 17.000686080436619, 52.515322977880153 ], [ 17.000594192935715, 52.515304335866595 ], [ 17.000417877533561, 52.515261871074493 ], [ 17.000226317894374, 52.515207725598238 ], [ 17.000137502984714, 52.515179871048666 ], [ 17.00006151403586, 52.515161767193518 ], [ 16.999921741974468, 52.515152208887017 ], [ 16.99963520274401, 52.515115074871893 ], [ 16.999362129200005, 52.51509957427519 ], [ 16.99908334668142, 52.515076691118338 ], [ 16.998923351719188, 52.515113110179946 ], [ 16.998793888697278, 52.515158949834188 ], [ 16.998685570374107, 52.515316946037011 ], [ 16.998641251303177, 52.515354601925324 ], [ 16.998626080663783, 52.515393200611619 ], [ 16.998634697157641, 52.515476093820709 ], [ 16.998632709553569, 52.515542527982177 ], [ 16.998663549472248, 52.515610057127766 ], [ 16.99874151765653, 52.515659225649834 ], [ 16.998889457643816, 52.515748612879804 ], [ 16.998918553575173, 52.515753961932774 ], [ 16.998961681868909, 52.515761976777902 ], [ 16.998963774895394, 52.515784048181501 ], [ 16.998891831192985, 52.515845611438849 ], [ 16.998773323114378, 52.515919608608662 ], [ 16.998693275549488, 52.515971320837224 ], [ 16.998573386046687, 52.516023798095915 ], [ 16.998463835802955, 52.516056392894498 ], [ 16.99834181874246, 52.516064851862808 ], [ 16.998291848332368, 52.516003025133088 ], [ 16.998192043386446, 52.515944492547277 ], [ 16.998053748110738, 52.515895921826818 ], [ 16.997945989103641, 52.51584696826469 ], [ 16.997804950041989, 52.515823085109886 ], [ 16.997447380331, 52.515788431359191 ], [ 16.997189829700552, 52.515781643152934 ], [ 16.997014573924254, 52.515793696612484 ], [ 16.99675875545358, 52.5158168877782 ], [ 16.996591042401068, 52.515860818172179 ], [ 16.996503571988999, 52.515871479218397 ], [ 16.996401602069074, 52.515854102288159 ], [ 16.996308331381584, 52.515804313270856 ], [ 16.996154516955087, 52.51575340878599 ], [ 16.995873792325845, 52.515721311010019 ], [ 16.995626530108893, 52.515708757446809 ], [ 16.995435404692987, 52.515709926437211 ], [ 16.995295067483131, 52.515745144666347 ], [ 16.995147114485867, 52.515769530464972 ], [ 16.994994938331249, 52.515750671904691 ], [ 16.994804446842867, 52.515776764810724 ], [ 16.994616034012161, 52.515799294928712 ], [ 16.994514216275181, 52.515794780783025 ], [ 16.99445009595162, 52.515781551537124 ], [ 16.994386233738492, 52.515752946390322 ], [ 16.994345959013202, 52.515721143369397 ], [ 16.99433964186488, 52.515655917590898 ], [ 16.994380528880907, 52.515535097834416 ], [ 16.994366715265738, 52.515446719578719 ], [ 16.994315016162155, 52.515380904323528 ], [ 16.994232793104384, 52.51535405649841 ], [ 16.994094626301145, 52.515331926503272 ], [ 16.993992404774794, 52.515320119675302 ], [ 16.993798334730219, 52.515321236079288 ], [ 16.993705390303241, 52.515306438316138 ], [ 16.993666245225604, 52.515295161204733 ], [ 16.993624042925315, 52.515295974530837 ], [ 16.993583746987436, 52.515313189789616 ], [ 16.993557694464691, 52.515367253379253 ], [ 16.993560225448039, 52.515424949734232 ], [ 16.993582113072073, 52.51546228748898 ], [ 16.993639659599413, 52.515506525986652 ], [ 16.993708546361365, 52.515528381087734 ], [ 16.993756906150715, 52.515573632992805 ], [ 16.993719936063119, 52.515618157410159 ], [ 16.993656473285853, 52.515658454933067 ], [ 16.993534087713314, 52.515681473447408 ], [ 16.993294130857901, 52.515673625988214 ], [ 16.993039794262476, 52.515664274903827 ], [ 16.992839040983704, 52.515650255896198 ], [ 16.992699602116016, 52.515613981647725 ], [ 16.992616609347476, 52.515604028912826 ], [ 16.992426932916121, 52.515541088291016 ], [ 16.99234088070196, 52.515446267228441 ], [ 16.992324431795069, 52.515357574154663 ], [ 16.992205729519824, 52.515254553756442 ], [ 16.992133053902084, 52.51518325477587 ], [ 16.992092662173967, 52.515099102173274 ], [ 16.992100789075263, 52.514920883183223 ], [ 16.992121387696066, 52.514695475907459 ], [ 16.992181218479541, 52.514689565723472 ], [ 16.992201349702036, 52.514655459215447 ], [ 16.992202601093492, 52.514605382213794 ], [ 16.992172170814115, 52.514506468150977 ], [ 16.992187373946486, 52.514489906832132 ], [ 16.992202678449669, 52.514487288393831 ], [ 16.992231093917713, 52.514484892460182 ], [ 16.992251668106096, 52.51449603478013 ], [ 16.992283637533127, 52.514525628905027 ], [ 16.992320943515907, 52.514548118145143 ], [ 16.992421417011158, 52.514601450427215 ], [ 16.992485596448148, 52.514613332650185 ], [ 16.992551007891549, 52.514620828537332 ], [ 16.992612172180877, 52.514621236771731 ], [ 16.992680657677116, 52.514613044726445 ], [ 16.992755900004973, 52.514589227261766 ], [ 16.992857102718972, 52.51455865475026 ], [ 16.992949188343356, 52.514524329764058 ], [ 16.993057634962103, 52.514467436741732 ], [ 16.993193306013588, 52.514405159135642 ], [ 16.993269121261584, 52.51436552110421 ], [ 16.993321660269459, 52.514338440007975 ], [ 16.993342228032802, 52.514310906552289 ], [ 16.993365772497626, 52.514237462725923 ], [ 16.993346178819071, 52.514055985247857 ], [ 16.993246744628689, 52.513908680968633 ], [ 16.993158819347734, 52.513819405160895 ], [ 16.993024177317086, 52.513703882908878 ], [ 16.992914344298029, 52.513616573774279 ], [ 16.992876003626886, 52.5135100604138 ], [ 16.992894866747427, 52.513445531546132 ], [ 16.992879393666335, 52.513390403814881 ], [ 16.992853870413331, 52.513342301010105 ], [ 16.992804318748352, 52.513303864142415 ], [ 16.992799071006413, 52.513260512529946 ], [ 16.992828109315784, 52.513225028005685 ], [ 16.992866104972236, 52.513187087096796 ], [ 16.992877355878488, 52.513144015399369 ], [ 16.992859676717615, 52.513101712081976 ], [ 16.992811070451964, 52.513065180056252 ], [ 16.992800545166411, 52.513001771557349 ], [ 16.992776515115349, 52.512966196141214 ], [ 16.992674410061689, 52.512951961644241 ], [ 16.992566772148553, 52.512949145878551 ], [ 16.992490853551796, 52.512968454584396 ], [ 16.992361869988592, 52.513000534071068 ], [ 16.992168015352711, 52.513055347355746 ], [ 16.991977084571527, 52.513071894233974 ], [ 16.991856716571895, 52.513066972947641 ], [ 16.991791533464045, 52.513048057771968 ], [ 16.991692767491337, 52.513034958423326 ], [ 16.991606538246817, 52.513034663843406 ], [ 16.991530619097098, 52.513053971927071 ], [ 16.99145778332311, 52.513096177835848 ], [ 16.991406851724008, 52.513136507020015 ], [ 16.991387606948763, 52.513189966197494 ], [ 16.99139322007974, 52.513251132802289 ], [ 16.991386787696882, 52.513346902838379 ], [ 16.991406066796507, 52.513373493521385 ], [ 16.991428709464859, 52.513400680965546 ], [ 16.991492751338129, 52.513418767475429 ], [ 16.991611833148706, 52.513451909393801 ], [ 16.991675930556713, 52.513494641128581 ], [ 16.991679957235814, 52.513545347394462 ], [ 16.991612463439221, 52.513606172342492 ], [ 16.991490486971301, 52.513688198270913 ], [ 16.991421735769027, 52.513757186577841 ], [ 16.991371722757641, 52.513812911597505 ], [ 16.99135606558383, 52.513874976263438 ], [ 16.991383439969468, 52.513985891039717 ], [ 16.991426600966278, 52.514054530792819 ], [ 16.991481737033293, 52.514103046717274 ], [ 16.991584938786819, 52.514145003286188 ], [ 16.991662521804255, 52.514170065298998 ], [ 16.991692367481491, 52.514191258838899 ], [ 16.991688351378766, 52.514214665784039 ], [ 16.991654007695328, 52.51425653586616 ], [ 16.991567016859065, 52.514334298862941 ], [ 16.991515570418535, 52.514398814020346 ], [ 16.991509820419299, 52.514456999460712 ], [ 16.99153277024951, 52.514538877428883 ], [ 16.991592637747136, 52.514583875898339 ], [ 16.991719970637341, 52.514639823384975 ], [ 16.991797201122768, 52.514685566202957 ], [ 16.991836677171765, 52.514744519340191 ], [ 16.991800363843865, 52.514800477078374 ], [ 16.991816729781036, 52.51488772974519 ], [ 16.991860519223088, 52.51505576697879 ], [ 16.991909878482385, 52.51516633522516 ], [ 16.991960929075638, 52.515262451335843 ], [ 16.991939403602242, 52.515330352696076 ], [ 16.991918757864589, 52.515398358927328 ], [ 16.991952480177336, 52.515470346026852 ], [ 16.992042567917487, 52.515544548987059 ], [ 16.992143738697525, 52.515602030694687 ], [ 16.992284323133941, 52.515697237684179 ], [ 16.992345026455954, 52.51576275692809 ], [ 16.992424312806957, 52.515824903816863 ], [ 16.992525456045737, 52.515883014320877 ], [ 16.992640997327239, 52.515916364890899 ], [ 16.992727210511944, 52.515939773743625 ], [ 16.99282929671276, 52.515977213102012 ], [ 16.993007395968892, 52.51601279389017 ], [ 16.99318727212296, 52.516035272878668 ], [ 16.993356975487384, 52.516051283043858 ], [ 16.993555488807036, 52.516049792983054 ], [ 16.993716545246393, 52.516074380447805 ], [ 16.993849983460017, 52.516100028402064 ], [ 16.993941455608507, 52.516143942584108 ], [ 16.993993703860422, 52.516191239059957 ], [ 16.99406157178446, 52.516258138077596 ], [ 16.994142232757159, 52.51630312799437 ], [ 16.994221061159276, 52.516320384363951 ], [ 16.994328466277466, 52.516309073578228 ], [ 16.994478437883622, 52.516356947176703 ], [ 16.994652283615643, 52.516437424821071 ], [ 16.994874312184791, 52.51652501483516 ], [ 16.995192317605493, 52.516648319210766 ], [ 16.995404244220705, 52.516685818715928 ], [ 16.995550526788158, 52.516701428869283 ], [ 16.995696539171892, 52.516700304884019 ], [ 16.996013092946754, 52.516693614946639 ], [ 16.996352359206885, 52.516702958881154 ], [ 16.996478651283986, 52.516714002011987 ], [ 16.996601502068859, 52.516732631879378 ], [ 16.996744356186205, 52.516755557812168 ], [ 16.99679587423033, 52.516763895386305 ], [ 16.996955740528502, 52.51679529391339 ], [ 16.997117558187121, 52.516806488109822 ], [ 16.99724593479873, 52.516839781598001 ], [ 16.997351214167967, 52.516862250600447 ], [ 16.997432188652581, 52.516868028451633 ], [ 16.997511062476882, 52.51684867662992 ], [ 16.997569487009635, 52.516828349044388 ], [ 16.99764361459702, 52.516825826062757 ], [ 16.997735876810875, 52.516852481608602 ], [ 16.997941570299457, 52.516894188311163 ], [ 16.998046914706386, 52.516902266932824 ], [ 16.998120627949515, 52.516882917324601 ], [ 16.998173399545703, 52.51684423538881 ], [ 16.998178822523897, 52.51673468679499 ], [ 16.998230280074051, 52.516575728988357 ], [ 16.998296649899785, 52.516481152729938 ], [ 16.99845445587486, 52.516376250931181 ], [ 16.998475849567289, 52.516314282461771 ], [ 16.998464096768938, 52.5162614670515 ], [ 16.998540905079786, 52.516222651948205 ], [ 16.998551736855184, 52.516217888334658 ], [ 16.998689521615059, 52.516157708899371 ], [ 16.998882126251864, 52.516059151534961 ], [ 16.999060652677166, 52.515958916672076 ], [ 16.99920980285307, 52.515885437431834 ], [ 16.999273376824462, 52.515858810158427 ], [ 16.999333585257823, 52.515857579767498 ], [ 16.999364556256097, 52.515870335732963 ], [ 16.999397987724805, 52.515893836497355 ], [ 16.999426459057016, 52.515955119320232 ], [ 16.999473018478255, 52.51602066548223 ], [ 16.999562091690212, 52.516081803742395 ], [ 16.999741889037725, 52.516135301686042 ], [ 16.999837495573065, 52.51613377008421 ], [ 16.99993250198148, 52.516145449858406 ], [ 17.000000087482789, 52.516166829550713 ], [ 17.00003075572937, 52.516176522163448 ], [ 17.00006111807383, 52.516231900562723 ], [ 17.000066877891602, 52.516286863064764 ], [ 17.00005283173229, 52.516346167785116 ], [ 17.000000078703053, 52.516384491089383 ], [ 16.999955100251089, 52.516417189460519 ], [ 16.999938811275481, 52.516438230543109 ], [ 16.999949339589705, 52.516466110924696 ], [ 17.00000009826266, 52.516487925690342 ], [ 17.00007473607285, 52.516516350152408 ], [ 17.000209575918188, 52.516550199385335 ], [ 17.000320050611634, 52.516549188533645 ], [ 17.000497227107047, 52.516530596796386 ], [ 17.000681483493047, 52.51648271313266 ], [ 17.000797990393895, 52.516452752240134 ], [ 17.000863603532139, 52.516436412056045 ], [ 17.00100255953361, 52.516431564576401 ], [ 17.001106691676313, 52.516466333013433 ], [ 17.001176540677381, 52.516483343069538 ], [ 17.001261706180529, 52.516523457323451 ], [ 17.00132401426443, 52.516547445375899 ], [ 17.001362666106836, 52.516550167028178 ] ] ] ] } },
{ "type": "Feature", "properties": { "gml_id": "OT_ADJA_A.20", "lokalnyId": "322BD60C-5C60-598B-E053-CC2BA8C05138", "przestrzen": "PL.PZGiK.308.BDOT10k", "wersjaId": "2022-01-20T00:00:00", "czyObiektB": 0, "x_kod": "ADJA05", "x_skrKarto": null, "x_katDoklG": "Dok", "x_doklGeom": 1, "x_doklGe_1": "m", "x_zrodloDa": "PRG", "x_zrodlo_1": "PRG", "x_katIstni": null, "x_rodzajRe": "ZP", "x_aktualno": "2022-01-20", "x_aktual_1": "2022-01-20", "poczatekWe": "2022-01-20T00:00:00", "x_dataUtwo": "2012-11-13", "x_kodKarto": "0010_505", "x_kodKar_1": "0025_505", "x_kodKar_2": "0050_505", "x_kodKar_3": "0100_505", "x_kodKar_4": null, "x_kodKar_5": null, "x_kodKar_6": null, "nazwa": "Czerwonak", "idPRG": 1030210420, "idTerytJed": 3021, "idTerytTer": 3021042, "rodzaj": "GW", "PRG|BT_Ref": 1030210420, "PRG|BT_R_1": "PL.PZGiK.200", "x_informDo": null }, "geometry": { "type": "MultiPolygon", "coordinates": [ [ [ [ 16.987389386516906, 52.522029341398067 ], [ 16.987400807402089, 52.522063354223434 ], [ 16.98742085383768, 52.522108666697584 ], [ 16.987456398497795, 52.522137513407692 ], [ 16.987489080890882, 52.52215156077694 ], [ 16.987558875737893, 52.522147261437134 ], [ 16.987634370896902, 52.522124710650381 ], [ 16.987790501662992, 52.522102631809233 ], [ 16.987820380332092, 52.522094145667275 ], [ 16.987805329040107, 52.522058901883696 ], [ 16.987740763211836, 52.521977844505507 ], [ 16.987667562683772, 52.521963108064277 ], [ 16.987616360311424, 52.521950994315617 ], [ 16.98758408419944, 52.521931287485188 ], [ 16.987550562413102, 52.521896898757056 ], [ 16.98751803287896, 52.521898863847973 ], [ 16.987405375836452, 52.521921501962311 ], [ 16.987339711520814, 52.52194511926583 ], [ 16.987359289418162, 52.522000677277859 ], [ 16.987389386516906, 52.522029341398067 ] ] ] ] } },
{ "type": "Feature", "properties": { "gml_id": "OT_ADJA_A.20", "lokalnyId": "322BD60C-5C60-598B-E053-CC2BA8C05138", "przestrzen": "PL.PZGiK.308.BDOT10k", "wersjaId": "2022-01-20T00:00:00", "czyObiektB": 0, "x_kod": "ADJA05", "x_skrKarto": null, "x_katDoklG": "Dok", "x_doklGeom": 1, "x_doklGe_1": "m", "x_zrodloDa": "PRG", "x_zrodlo_1": "PRG", "x_katIstni": null, "x_rodzajRe": "ZP", "x_aktualno": "2022-01-20", "x_aktual_1": "2022-01-20", "poczatekWe": "2022-01-20T00:00:00", "x_dataUtwo": "2012-11-13", "x_kodKarto": "0010_505", "x_kodKar_1": "0025_505", "x_kodKar_2": "0050_505", "x_kodKar_3": "0100_505", "x_kodKar_4": null, "x_kodKar_5": null, "x_kodKar_6": null, "nazwa": "Czerwonak", "idPRG": 1030210420, "idTerytJed": 3021, "idTerytTer": 3021042, "rodzaj": "GW", "PRG|BT_Ref": 1030210420, "PRG|BT_R_1": "PL.PZGiK.200", "x_informDo": null }, "geometry": { "type": "MultiPolygon", "coordinates": [ [ [ [ 16.989188635432381, 52.544205733904064 ], [ 16.989179214585818, 52.544250455195318 ], [ 16.989186662491338, 52.544281162242108 ], [ 16.989253456921638, 52.544365853885374 ], [ 16.989306607371333, 52.544397247519498 ], [ 16.98934133450614, 52.544405662567222 ], [ 16.98939758097114, 52.544408057296565 ], [ 16.989438812216729, 52.54440650924758 ], [ 16.989469406416312, 52.544395606319441 ], [ 16.989486847885544, 52.5443851994686 ], [ 16.989499824096509, 52.544359516451365 ], [ 16.989501035935938, 52.544333003967068 ], [ 16.989477300708423, 52.544287449525811 ], [ 16.989447587300475, 52.544240354429732 ], [ 16.989386901664918, 52.544186617005508 ], [ 16.989349473883124, 52.544166283657972 ], [ 16.989307150799192, 52.544159448458934 ], [ 16.9892458710844, 52.544163893744319 ], [ 16.989216768053058, 52.544171224246739 ], [ 16.989188635432381, 52.544205733904064 ] ] ] ] } },
{ "type": "Feature", "properties": { "gml_id": "OT_ADJA_A.20", "lokalnyId": "322BD60C-5C60-598B-E053-CC2BA8C05138", "przestrzen": "PL.PZGiK.308.BDOT10k", "wersjaId": "2022-01-20T00:00:00", "czyObiektB": 0, "x_kod": "ADJA05", "x_skrKarto": null, "x_katDoklG": "Dok", "x_doklGeom": 1, "x_doklGe_1": "m", "x_zrodloDa": "PRG", "x_zrodlo_1": "PRG", "x_katIstni": null, "x_rodzajRe": "ZP", "x_aktualno": "2022-01-20", "x_aktual_1": "2022-01-20", "poczatekWe": "2022-01-20T00:00:00", "x_dataUtwo": "2012-11-13", "x_kodKarto": "0010_505", "x_kodKar_1": "0025_505", "x_kodKar_2": "0050_505", "x_kodKar_3": "0100_505", "x_kodKar_4": null, "x_kodKar_5": null, "x_kodKar_6": null, "nazwa": "Czerwonak", "idPRG": 1030210420, "idTerytJed": 3021, "idTerytTer": 3021042, "rodzaj": "GW", "PRG|BT_Ref": 1030210420, "PRG|BT_R_1": "PL.PZGiK.200", "x_informDo": null }, "geometry": { "type": "MultiPolygon", "coordinates": [ [ [ [ 16.985099486860996, 52.544179263247003 ], [ 16.985079793682896, 52.544184054672399 ], [ 16.985065678419105, 52.544202342528607 ], [ 16.985039998485718, 52.544257309972657 ], [ 16.985012944874018, 52.544319719263939 ], [ 16.98501337898805, 52.544336006281384 ], [ 16.985028847569556, 52.54434292542566 ], [ 16.985073187828643, 52.544354023810733 ], [ 16.985087744718758, 52.544355081149746 ], [ 16.985101147797987, 52.544352341249017 ], [ 16.985113959487904, 52.544339967410622 ], [ 16.985185672650484, 52.544204385583853 ], [ 16.985181417295234, 52.544191001616028 ], [ 16.985168340284009, 52.544183403668583 ], [ 16.985136929757996, 52.544179900762707 ], [ 16.985099486860996, 52.544179263247003 ] ] ] ] } },
{ "type": "Feature", "properties": { "gml_id": "OT_ADJA_A.20", "lokalnyId": "322BD60C-5C60-598B-E053-CC2BA8C05138", "przestrzen": "PL.PZGiK.308.BDOT10k", "wersjaId": "2022-01-20T00:00:00", "czyObiektB": 0, "x_kod": "ADJA05", "x_skrKarto": null, "x_katDoklG": "Dok", "x_doklGeom": 1, "x_doklGe_1": "m", "x_zrodloDa": "PRG", "x_zrodlo_1": "PRG", "x_katIstni": null, "x_rodzajRe": "ZP", "x_aktualno": "2022-01-20", "x_aktual_1": "2022-01-20", "poczatekWe": "2022-01-20T00:00:00", "x_dataUtwo": "2012-11-13", "x_kodKarto": "0010_505", "x_kodKar_1": "0025_505", "x_kodKar_2": "0050_505", "x_kodKar_3": "0100_505", "x_kodKar_4": null, "x_kodKar_5": null, "x_kodKar_6": null, "nazwa": "Czerwonak", "idPRG": 1030210420, "idTerytJed": 3021, "idTerytTer": 3021042, "rodzaj": "GW", "PRG|BT_Ref": 1030210420, "PRG|BT_R_1": "PL.PZGiK.200", "x_informDo": null }, "geometry": { "type": "MultiPolygon", "coordinates": [ [ [ [ 16.999114792818212, 52.547963495085334 ], [ 16.999073006029729, 52.547970703507637 ], [ 16.998987581507144, 52.547986887860304 ], [ 16.998929238516666, 52.548004519441243 ], [ 16.998913697767129, 52.548012081654683 ], [ 16.998881256693537, 52.548027902625513 ], [ 16.998864827696501, 52.548042015610733 ], [ 16.998854795519843, 52.548058215494791 ], [ 16.998861025528591, 52.548076938925313 ], [ 16.998869319314434, 52.548092459325055 ], [ 16.99889101242848, 52.548105328139386 ], [ 16.998919143076392, 52.548116147183613 ], [ 16.998983258085989, 52.548124066911427 ], [ 16.999026703760045, 52.548119315014127 ], [ 16.999111051786954, 52.548107339725362 ], [ 16.999133734702781, 52.548101697088832 ], [ 16.999155696831089, 52.548095682491933 ], [ 16.999188805487414, 52.548081401754288 ], [ 16.999207183660577, 52.548066602139222 ], [ 16.999211621653085, 52.548050127763204 ], [ 16.999201819595374, 52.548019111790296 ], [ 16.999185625270837, 52.547992394923121 ], [ 16.99917351487769, 52.547979688176987 ], [ 16.999162764276409, 52.54796952280757 ], [ 16.999146231551883, 52.547963217145387 ], [ 16.999131701707245, 52.547961532408053 ], [ 16.999114792818212, 52.547963495085334 ] ] ] ] } },
{ "type": "Feature", "properties": { "gml_id": "OT_ADJA_A.20", "lokalnyId": "322BD60C-5C60-598B-E053-CC2BA8C05138", "przestrzen": "PL.PZGiK.308.BDOT10k", "wersjaId": "2022-01-20T00:00:00", "czyObiektB": 0, "x_kod": "ADJA05", "x_skrKarto": null, "x_katDoklG": "Dok", "x_doklGeom": 1, "x_doklGe_1": "m", "x_zrodloDa": "PRG", "x_zrodlo_1": "PRG", "x_katIstni": null, "x_rodzajRe": "ZP", "x_aktualno": "2022-01-20", "x_aktual_1": "2022-01-20", "poczatekWe": "2022-01-20T00:00:00", "x_dataUtwo": "2012-11-13", "x_kodKarto": "0010_505", "x_kodKar_1": "0025_505", "x_kodKar_2": "0050_505", "x_kodKar_3": "0100_505", "x_kodKar_4": null, "x_kodKar_5": null, "x_kodKar_6": null, "nazwa": "Czerwonak", "idPRG": 1030210420, "idTerytJed": 3021, "idTerytTer": 3021042, "rodzaj": "GW", "PRG|BT_Ref": 1030210420, "PRG|BT_R_1": "PL.PZGiK.200", "x_informDo": null }, "geometry": { "type": "MultiPolygon", "coordinates": [ [ [ [ 16.996940501209135, 52.551316014575605 ], [ 16.997112782067578, 52.551301121741488 ], [ 16.997140549209465, 52.551287560645633 ], [ 16.997158314885361, 52.551263576849742 ], [ 16.997156240370927, 52.551173059670347 ], [ 16.997144346742353, 52.551158827371808 ], [ 16.997115702564884, 52.551143052397094 ], [ 16.997080055536205, 52.551144967497777 ], [ 16.996893060253967, 52.551162219560545 ], [ 16.996861222182631, 52.551174452500533 ], [ 16.996843546394448, 52.551193221113977 ], [ 16.996850182538456, 52.551277519543781 ], [ 16.996863906879025, 52.551296909576429 ], [ 16.996901131061488, 52.551308962309214 ], [ 16.996940501209135, 52.551316014575605 ] ] ] ] } },
{ "type": "Feature", "properties": { "gml_id": "OT_ADJA_A.20", "lokalnyId": "322BD60C-5C60-598B-E053-CC2BA8C05138", "przestrzen": "PL.PZGiK.308.BDOT10k", "wersjaId": "2022-01-20T00:00:00", "czyObiektB": 0, "x_kod": "ADJA05", "x_skrKarto": null, "x_katDoklG": "Dok", "x_doklGeom": 1, "x_doklGe_1": "m", "x_zrodloDa": "PRG", "x_zrodlo_1": "PRG", "x_katIstni": null, "x_rodzajRe": "ZP", "x_aktualno": "2022-01-20", "x_aktual_1": "2022-01-20", "poczatekWe": "2022-01-20T00:00:00", "x_dataUtwo": "2012-11-13", "x_kodKarto": "0010_505", "x_kodKar_1": "0025_505", "x_kodKar_2": "0050_505", "x_kodKar_3": "0100_505", "x_kodKar_4": null, "x_kodKar_5": null, "x_kodKar_6": null, "nazwa": "Czerwonak", "idPRG": 1030210420, "idTerytJed": 3021, "idTerytTer": 3021042, "rodzaj": "GW", "PRG|BT_Ref": 1030210420, "PRG|BT_R_1": "PL.PZGiK.200", "x_informDo": null }, "geometry": { "type": "MultiPolygon", "coordinates": [ [ [ [ 16.996645498983561, 52.557036573557468 ], [ 16.996666466528499, 52.557033060947795 ], [ 16.996776071812736, 52.557001547532515 ], [ 16.996793819806186, 52.556994202828811 ], [ 16.996804178607597, 52.55699033075112 ], [ 16.996811551372502, 52.556983979689406 ], [ 16.996819788317765, 52.556971617116716 ], [ 16.996825047457154, 52.556959833739718 ], [ 16.996833566936182, 52.556941269926249 ], [ 16.996831203489137, 52.55693808194232 ], [ 16.996744546665486, 52.556815732709723 ], [ 16.996734662956761, 52.556812417435665 ], [ 16.996715821302391, 52.556811378980314 ], [ 16.996705908965822, 52.55681193074026 ], [ 16.996698765539357, 52.556813248905804 ], [ 16.996684122345904, 52.556817228339206 ], [ 16.99666773833912, 52.556820548708281 ], [ 16.996641736902653, 52.556824425821517 ], [ 16.996565551187921, 52.556835008603166 ], [ 16.996545153079079, 52.556838980545415 ], [ 16.996527802406984, 52.556844083378863 ], [ 16.996520847401712, 52.556847743224388 ], [ 16.996516292673704, 52.556853782202296 ], [ 16.996517451909462, 52.556863965311329 ], [ 16.996520765616605, 52.556868968234639 ], [ 16.996606377669195, 52.557020711096392 ], [ 16.996617572201703, 52.557030884187512 ], [ 16.996632137720063, 52.557035088200664 ], [ 16.996645498983561, 52.557036573557468 ] ] ] ] } },
{ "type": "Feature", "properties": { "gml_id": "OT_ADJA_A.20", "lokalnyId": "322BD60C-5C60-598B-E053-CC2BA8C05138", "przestrzen": "PL.PZGiK.308.BDOT10k", "wersjaId": "2022-01-20T00:00:00", "czyObiektB": 0, "x_kod": "ADJA05", "x_skrKarto": null, "x_katDoklG": "Dok", "x_doklGeom": 1, "x_doklGe_1": "m", "x_zrodloDa": "PRG", "x_zrodlo_1": "PRG", "x_katIstni": null, "x_rodzajRe": "ZP", "x_aktualno": "2022-01-20", "x_aktual_1": "2022-01-20", "poczatekWe": "2022-01-20T00:00:00", "x_dataUtwo": "2012-11-13", "x_kodKarto": "0010_505", "x_kodKar_1": "0025_505", "x_kodKar_2": "0050_505", "x_kodKar_3": "0100_505", "x_kodKar_4": null, "x_kodKar_5": null, "x_kodKar_6": null, "nazwa": "Czerwonak", "idPRG": 1030210420, "idTerytJed": 3021, "idTerytTer": 3021042, "rodzaj": "GW", "PRG|BT_Ref": 1030210420, "PRG|BT_R_1": "PL.PZGiK.200", "x_informDo": null }, "geometry": { "type": "MultiPolygon", "coordinates": [ [ [ [ 17.015658293164616, 52.451049172818152 ], [ 17.015708691526559, 52.450998930726008 ], [ 17.015823574007626, 52.45077177257555 ], [ 17.015831712895633, 52.450738090400272 ], [ 17.015838456910863, 52.450725611483634 ], [ 17.015834214252571, 52.450715196782852 ], [ 17.015826577741208, 52.450708232924747 ], [ 17.015687905840178, 52.450668848998717 ], [ 17.015635016485028, 52.450656628480807 ], [ 17.015589520318642, 52.450646960497529 ], [ 17.015570469635424, 52.450645021775777 ], [ 17.015551559600969, 52.450646503264942 ], [ 17.015521259581948, 52.450652470643846 ], [ 17.015459856118603, 52.450675724775706 ], [ 17.01540921942852, 52.450698529992373 ], [ 17.015289601578552, 52.450749408930015 ], [ 17.015248766514819, 52.450770309907902 ], [ 17.015239531180441, 52.450802174770317 ], [ 17.015243173863585, 52.450839022814264 ], [ 17.015273818185747, 52.450884329086442 ], [ 17.015312254959657, 52.450962595533582 ], [ 17.015357744038322, 52.451014986668625 ], [ 17.015398842733102, 52.451047156746853 ], [ 17.015433228827479, 52.451064913123673 ], [ 17.015478023812815, 52.451077087813054 ], [ 17.015494275647583, 52.451079069515352 ], [ 17.01556503299761, 52.451080257101999 ], [ 17.015599250186721, 52.451078852628726 ], [ 17.01563080410515, 52.451071197346018 ], [ 17.015658293164616, 52.451049172818152 ] ] ] ] } },
{ "type": "Feature", "properties": { "gml_id": "OT_ADJA_A.20", "lokalnyId": "322BD60C-5C60-598B-E053-CC2BA8C05138", "przestrzen": "PL.PZGiK.308.BDOT10k", "wersjaId": "2022-01-20T00:00:00", "czyObiektB": 0, "x_kod": "ADJA05", "x_skrKarto": null, "x_katDoklG": "Dok", "x_doklGeom": 1, "x_doklGe_1": "m", "x_zrodloDa": "PRG", "x_zrodlo_1": "PRG", "x_katIstni": null, "x_rodzajRe": "ZP", "x_aktualno": "2022-01-20", "x_aktual_1": "2022-01-20", "poczatekWe": "2022-01-20T00:00:00", "x_dataUtwo": "2012-11-13", "x_kodKarto": "0010_505", "x_kodKar_1": "0025_505", "x_kodKar_2": "0050_505", "x_kodKar_3": "0100_505", "x_kodKar_4": null, "x_kodKar_5": null, "x_kodKar_6": null, "nazwa": "Czerwonak", "idPRG": 1030210420, "idTerytJed": 3021, "idTerytTer": 3021042, "rodzaj": "GW", "PRG|BT_Ref": 1030210420, "PRG|BT_R_1": "PL.PZGiK.200", "x_informDo": null }, "geometry": { "type": "MultiPolygon", "coordinates": [ [ [ [ 17.024188224993306, 52.456482129217129 ], [ 17.024194602315688, 52.456490960281833 ], [ 17.024213275401344, 52.456498107994335 ], [ 17.024264152450197, 52.456506153582268 ], [ 17.024295296607608, 52.456510991249338 ], [ 17.024313796684051, 52.456522003617245 ], [ 17.024335463810928, 52.45654449169912 ], [ 17.024361517769172, 52.456557788912797 ], [ 17.024389074669866, 52.456563825824013 ], [ 17.024406721471049, 52.456564300553502 ], [ 17.024429398646838, 52.456564229723526 ], [ 17.024454012062133, 52.456557085717805 ], [ 17.024468067021957, 52.456552283715546 ], [ 17.024473433633407, 52.456547516439095 ], [ 17.024476687688413, 52.456537317268882 ], [ 17.024484230715661, 52.456529977998187 ], [ 17.024499726462793, 52.456522591707994 ], [ 17.024529705217724, 52.456520574151234 ], [ 17.024570275122574, 52.456522061431286 ], [ 17.02461867369702, 52.456509828215687 ], [ 17.024640539985167, 52.456501558957875 ], [ 17.024652597269124, 52.456492046508941 ], [ 17.024664522430601, 52.456469040355977 ], [ 17.024664585716689, 52.456454470597883 ], [ 17.024667119652609, 52.456437333758018 ], [ 17.024694705603171, 52.456357205397531 ], [ 17.024698303943723, 52.456319579264573 ], [ 17.024690261101984, 52.456301905959876 ], [ 17.024682280353723, 52.45627955663992 ], [ 17.024680929276919, 52.4562702699087 ], [ 17.024680684502048, 52.456259292736135 ], [ 17.024679379967029, 52.456252255365058 ], [ 17.024672309483979, 52.456245751272846 ], [ 17.024655919167753, 52.45623036698376 ], [ 17.02463778981376, 52.456217651939113 ], [ 17.024572976235966, 52.456178882897071 ], [ 17.024546087981271, 52.45616449247003 ], [ 17.024533479712101, 52.456163292448899 ], [ 17.024513978558861, 52.456158199647568 ], [ 17.02449390553463, 52.456159303377042 ], [ 17.024410385290146, 52.456170050300358 ], [ 17.024387753586502, 52.456182264232218 ], [ 17.024333854948587, 52.456189098798134 ], [ 17.024288495191605, 52.45619265817006 ], [ 17.024269730153122, 52.456194143489959 ], [ 17.024260752141288, 52.456200649279886 ], [ 17.024249486805914, 52.456208915715834 ], [ 17.024212422018056, 52.456263971293886 ], [ 17.024204666183834, 52.456282639849064 ], [ 17.024217564018247, 52.456329985663032 ], [ 17.02420494246876, 52.456368540329343 ], [ 17.024195164649051, 52.456435654542013 ], [ 17.024192862163677, 52.45645090643098 ], [ 17.024190346388767, 52.456470921751325 ], [ 17.024188224993306, 52.456482129217129 ] ] ] ] } },
{ "type": "Feature", "properties": { "gml_id": "OT_ADJA_A.20", "lokalnyId": "322BD60C-5C60-598B-E053-CC2BA8C05138", "przestrzen": "PL.PZGiK.308.BDOT10k", "wersjaId": "2022-01-20T00:00:00", "czyObiektB": 0, "x_kod": "ADJA05", "x_skrKarto": null, "x_katDoklG": "Dok", "x_doklGeom": 1, "x_doklGe_1": "m", "x_zrodloDa": "PRG", "x_zrodlo_1": "PRG", "x_katIstni": null, "x_rodzajRe": "ZP", "x_aktualno": "2022-01-20", "x_aktual_1": "2022-01-20", "poczatekWe": "2022-01-20T00:00:00", "x_dataUtwo": "2012-11-13", "x_kodKarto": "0010_505", "x_kodKar_1": "0025_505", "x_kodKar_2": "0050_505", "x_kodKar_3": "0100_505", "x_kodKar_4": null, "x_kodKar_5": null, "x_kodKar_6": null, "nazwa": "Czerwonak", "idPRG": 1030210420, "idTerytJed": 3021, "idTerytTer": 3021042, "rodzaj": "GW", "PRG|BT_Ref": 1030210420, "PRG|BT_R_1": "PL.PZGiK.200", "x_informDo": null }, "geometry": { "type": "MultiPolygon", "coordinates": [ [ [ [ 17.027584123004992, 52.458311156916054 ], [ 17.027579437294708, 52.458340220364107 ], [ 17.027587439949048, 52.458362120118188 ], [ 17.027603886795088, 52.458379573620853 ], [ 17.027627141816108, 52.458396241251918 ], [ 17.027637310844042, 52.458402616958153 ], [ 17.027653209916824, 52.458409268128193 ], [ 17.027671809565501, 52.458414795079655 ], [ 17.027683826032348, 52.45841607483262 ], [ 17.027725046594945, 52.458416222721084 ], [ 17.02775317006283, 52.458412914188806 ], [ 17.027774514995251, 52.458406434519937 ], [ 17.027786003709078, 52.45839646255569 ], [ 17.027794429298201, 52.458389137797646 ], [ 17.027796380157913, 52.458375139191311 ], [ 17.027793701196284, 52.458346132787213 ], [ 17.027775411400178, 52.458323791637746 ], [ 17.027756987541014, 52.458307744275722 ], [ 17.027727599760514, 52.458293222959391 ], [ 17.027698607682353, 52.458283025511243 ], [ 17.027670823278516, 52.458275456553849 ], [ 17.027655089949953, 52.458271686334001 ], [ 17.027641537945545, 52.458271820056432 ], [ 17.027626378046712, 52.458274985027089 ], [ 17.027609259744086, 52.458282434604058 ], [ 17.027591235523175, 52.458296974583099 ], [ 17.027584123004992, 52.458311156916054 ] ] ] ] } },
{ "type": "Feature", "properties": { "gml_id": "OT_ADJA_A.20", "lokalnyId": "322BD60C-5C60-598B-E053-CC2BA8C05138", "przestrzen": "PL.PZGiK.308.BDOT10k", "wersjaId": "2022-01-20T00:00:00", "czyObiektB": 0, "x_kod": "ADJA05", "x_skrKarto": null, "x_katDoklG": "Dok", "x_doklGeom": 1, "x_doklGe_1": "m", "x_zrodloDa": "PRG", "x_zrodlo_1": "PRG", "x_katIstni": null, "x_rodzajRe": "ZP", "x_aktualno": "2022-01-20", "x_aktual_1": "2022-01-20", "poczatekWe": "2022-01-20T00:00:00", "x_dataUtwo": "2012-11-13", "x_kodKarto": "0010_505", "x_kodKar_1": "0025_505", "x_kodKar_2": "0050_505", "x_kodKar_3": "0100_505", "x_kodKar_4": null, "x_kodKar_5": null, "x_kodKar_6": null, "nazwa": "Czerwonak", "idPRG": 1030210420, "idTerytJed": 3021, "idTerytTer": 3021042, "rodzaj": "GW", "PRG|BT_Ref": 1030210420, "PRG|BT_R_1": "PL.PZGiK.200", "x_informDo": null }, "geometry": { "type": "MultiPolygon", "coordinates": [ [ [ [ 17.028377223018939, 52.460161473941653 ], [ 17.028424175495875, 52.460161897033927 ], [ 17.028454339856342, 52.460159072073004 ], [ 17.02848670869729, 52.460153045904079 ], [ 17.028509836070818, 52.46014623604465 ], [ 17.028601399430517, 52.460090738623229 ], [ 17.028671642821624, 52.460027960076076 ], [ 17.028754230766953, 52.459962419154138 ], [ 17.028824585014704, 52.459890558102565 ], [ 17.028891456242476, 52.459807665879424 ], [ 17.028924038352955, 52.459767194901914 ], [ 17.028935374463924, 52.459714497263107 ], [ 17.028933202930748, 52.459687298218746 ], [ 17.028911300484502, 52.459666695901497 ], [ 17.028855035986872, 52.459627532135833 ], [ 17.028772125377913, 52.459594849768003 ], [ 17.02868320554667, 52.459591208758759 ], [ 17.028593755648213, 52.459599431348629 ], [ 17.028514674891753, 52.459639216932608 ], [ 17.028409247049229, 52.459691964705577 ], [ 17.028284057513758, 52.459775053503314 ], [ 17.028179138957125, 52.459852633892133 ], [ 17.028106923635434, 52.459913400516406 ], [ 17.028071454652178, 52.459942670173 ], [ 17.028016897256087, 52.459990509560427 ], [ 17.027964939021842, 52.460059259094876 ], [ 17.027923727552427, 52.460114876242592 ], [ 17.027893684763356, 52.460174277374712 ], [ 17.02788788219658, 52.460201973051923 ], [ 17.027900882922584, 52.460217480221502 ], [ 17.02793901734222, 52.460230708262145 ], [ 17.028010917842547, 52.460252774181974 ], [ 17.028060966815421, 52.46025639706987 ], [ 17.028122760520482, 52.46024762374234 ], [ 17.02819062040632, 52.460234904094193 ], [ 17.028302595036031, 52.460174080842236 ], [ 17.028377223018939, 52.460161473941653 ] ] ] ] } },
{ "type": "Feature", "properties": { "gml_id": "OT_ADJA_A.20", "lokalnyId": "322BD60C-5C60-598B-E053-CC2BA8C05138", "przestrzen": "PL.PZGiK.308.BDOT10k", "wersjaId": "2022-01-20T00:00:00", "czyObiektB": 0, "x_kod": "ADJA05", "x_skrKarto": null, "x_katDoklG": "Dok", "x_doklGeom": 1, "x_doklGe_1": "m", "x_zrodloDa": "PRG", "x_zrodlo_1": "PRG", "x_katIstni": null, "x_rodzajRe": "ZP", "x_aktualno": "2022-01-20", "x_aktual_1": "2022-01-20", "poczatekWe": "2022-01-20T00:00:00", "x_dataUtwo": "2012-11-13", "x_kodKarto": "0010_505", "x_kodKar_1": "0025_505", "x_kodKar_2": "0050_505", "x_kodKar_3": "0100_505", "x_kodKar_4": null, "x_kodKar_5": null, "x_kodKar_6": null, "nazwa": "Czerwonak", "idPRG": 1030210420, "idTerytJed": 3021, "idTerytTer": 3021042, "rodzaj": "GW", "PRG|BT_Ref": 1030210420, "PRG|BT_R_1": "PL.PZGiK.200", "x_informDo": null }, "geometry": { "type": "MultiPolygon", "coordinates": [ [ [ [ 17.020374021411357, 52.460239126115809 ], [ 17.020390434011198, 52.460244167881562 ], [ 17.020416867970596, 52.46024901764099 ], [ 17.020445299481047, 52.460245446163903 ], [ 17.020553085742819, 52.460222426197952 ], [ 17.020586149109363, 52.460207509423753 ], [ 17.020599496296775, 52.460192262601417 ], [ 17.02060737131314, 52.460170987917671 ], [ 17.020600024887482, 52.460147659567475 ], [ 17.020594468667579, 52.46009099221537 ], [ 17.020598129015656, 52.460081609440451 ], [ 17.020620257859242, 52.460070826895979 ], [ 17.020635116663403, 52.460054705940138 ], [ 17.020634929348127, 52.460042470514139 ], [ 17.02062820152992, 52.460034892599985 ], [ 17.020615229532609, 52.460028649254305 ], [ 17.020600911185486, 52.460019595127115 ], [ 17.020584301145615, 52.460012391445382 ], [ 17.020571436053689, 52.460000483455588 ], [ 17.020561737330709, 52.459993485408127 ], [ 17.020541148577028, 52.45998963296266 ], [ 17.02050509042207, 52.45999253712894 ], [ 17.020484443066344, 52.459999836663599 ], [ 17.020443041425526, 52.460020100360985 ], [ 17.020377836250368, 52.460032680131377 ], [ 17.020349364433443, 52.460043716211906 ], [ 17.020324645524333, 52.460056434096352 ], [ 17.020319265582895, 52.460081168380945 ], [ 17.020324699766281, 52.460179927176846 ], [ 17.020354998853275, 52.460223337398432 ], [ 17.020374021411357, 52.460239126115809 ] ] ] ] } },
{ "type": "Feature", "properties": { "gml_id": "OT_ADJA_A.20", "lokalnyId": "322BD60C-5C60-598B-E053-CC2BA8C05138", "przestrzen": "PL.PZGiK.308.BDOT10k", "wersjaId": "2022-01-20T00:00:00", "czyObiektB": 0, "x_kod": "ADJA05", "x_skrKarto": null, "x_katDoklG": "Dok", "x_doklGeom": 1, "x_doklGe_1": "m", "x_zrodloDa": "PRG", "x_zrodlo_1": "PRG", "x_katIstni": null, "x_rodzajRe": "ZP", "x_aktualno": "2022-01-20", "x_aktual_1": "2022-01-20", "poczatekWe": "2022-01-20T00:00:00", "x_dataUtwo": "2012-11-13", "x_kodKarto": "0010_505", "x_kodKar_1": "0025_505", "x_kodKar_2": "0050_505", "x_kodKar_3": "0100_505", "x_kodKar_4": null, "x_kodKar_5": null, "x_kodKar_6": null, "nazwa": "Czerwonak", "idPRG": 1030210420, "idTerytJed": 3021, "idTerytTer": 3021042, "rodzaj": "GW", "PRG|BT_Ref": 1030210420, "PRG|BT_R_1": "PL.PZGiK.200", "x_informDo": null }, "geometry": { "type": "MultiPolygon", "coordinates": [ [ [ [ 17.024382645887449, 52.461110620861142 ], [ 17.024345233795625, 52.461130592798995 ], [ 17.024325298190401, 52.461168035881819 ], [ 17.024322516992797, 52.461200548868717 ], [ 17.024331342745608, 52.461220483842233 ], [ 17.024347152951446, 52.46124557233103 ], [ 17.024361986812092, 52.461259581486132 ], [ 17.024380605578937, 52.461267987450995 ], [ 17.024406308938406, 52.461272734160538 ], [ 17.024444097861373, 52.461277233060841 ], [ 17.024472999325546, 52.461273038861869 ], [ 17.024519457662645, 52.461254926934259 ], [ 17.024564644759913, 52.461219164876105 ], [ 17.024605761209443, 52.461195387193115 ], [ 17.024638170177177, 52.461145740268663 ], [ 17.024639051447007, 52.461126057420543 ], [ 17.024631163511295, 52.461114772688319 ], [ 17.024599255723114, 52.461103896181392 ], [ 17.024574360569421, 52.461097544036519 ], [ 17.024553396171857, 52.461095484885973 ], [ 17.024518229985016, 52.461094897395185 ], [ 17.02447067370483, 52.461091494543155 ], [ 17.024442453477743, 52.461093631427602 ], [ 17.024419675617725, 52.461099187131779 ], [ 17.024382645887449, 52.461110620861142 ] ] ] ] } },
{ "type": "Feature", "properties": { "gml_id": "OT_ADJA_A.20", "lokalnyId": "322BD60C-5C60-598B-E053-CC2BA8C05138", "przestrzen": "PL.PZGiK.308.BDOT10k", "wersjaId": "2022-01-20T00:00:00", "czyObiektB": 0, "x_kod": "ADJA05", "x_skrKarto": null, "x_katDoklG": "Dok", "x_doklGeom": 1, "x_doklGe_1": "m", "x_zrodloDa": "PRG", "x_zrodlo_1": "PRG", "x_katIstni": null, "x_rodzajRe": "ZP", "x_aktualno": "2022-01-20", "x_aktual_1": "2022-01-20", "poczatekWe": "2022-01-20T00:00:00", "x_dataUtwo": "2012-11-13", "x_kodKarto": "0010_505", "x_kodKar_1": "0025_505", "x_kodKar_2": "0050_505", "x_kodKar_3": "0100_505", "x_kodKar_4": null, "x_kodKar_5": null, "x_kodKar_6": null, "nazwa": "Czerwonak", "idPRG": 1030210420, "idTerytJed": 3021, "idTerytTer": 3021042, "rodzaj": "GW", "PRG|BT_Ref": 1030210420, "PRG|BT_R_1": "PL.PZGiK.200", "x_informDo": null }, "geometry": { "type": "MultiPolygon", "coordinates": [ [ [ [ 17.032732097857625, 52.463560911839295 ], [ 17.032736824337768, 52.463544081168521 ], [ 17.032736872433986, 52.463519887275595 ], [ 17.032729495586327, 52.463506992631821 ], [ 17.032708202703127, 52.463495755278096 ], [ 17.032654613525093, 52.463482271691269 ], [ 17.032465933816262, 52.463470048215477 ], [ 17.03233535339966, 52.463459330868112 ], [ 17.032255638403583, 52.463460432867798 ], [ 17.032221753222622, 52.463464096325232 ], [ 17.032203781643588, 52.463474140721182 ], [ 17.032188924657451, 52.463493591027301 ], [ 17.032188519007988, 52.46351589016691 ], [ 17.032198700424029, 52.463548439112792 ], [ 17.032208915843473, 52.463563719547466 ], [ 17.03224025595248, 52.463570896857412 ], [ 17.032312505521283, 52.463572099106642 ], [ 17.032515915274494, 52.463587536029067 ], [ 17.032606943697008, 52.463590309746202 ], [ 17.032694323788458, 52.463585737306254 ], [ 17.032718339242891, 52.463578851450592 ], [ 17.032732097857625, 52.463560911839295 ] ] ] ] } },
{ "type": "Feature", "properties": { "gml_id": "OT_ADJA_A.20", "lokalnyId": "322BD60C-5C60-598B-E053-CC2BA8C05138", "przestrzen": "PL.PZGiK.308.BDOT10k", "wersjaId": "2022-01-20T00:00:00", "czyObiektB": 0, "x_kod": "ADJA05", "x_skrKarto": null, "x_katDoklG": "Dok", "x_doklGeom": 1, "x_doklGe_1": "m", "x_zrodloDa": "PRG", "x_zrodlo_1": "PRG", "x_katIstni": null, "x_rodzajRe": "ZP", "x_aktualno": "2022-01-20", "x_aktual_1": "2022-01-20", "poczatekWe": "2022-01-20T00:00:00", "x_dataUtwo": "2012-11-13", "x_kodKarto": "0010_505", "x_kodKar_1": "0025_505", "x_kodKar_2": "0050_505", "x_kodKar_3": "0100_505", "x_kodKar_4": null, "x_kodKar_5": null, "x_kodKar_6": null, "nazwa": "Czerwonak", "idPRG": 1030210420, "idTerytJed": 3021, "idTerytTer": 3021042, "rodzaj": "GW", "PRG|BT_Ref": 1030210420, "PRG|BT_R_1": "PL.PZGiK.200", "x_informDo": null }, "geometry": { "type": "MultiPolygon", "coordinates": [ [ [ [ 17.021893479801381, 52.464672133948199 ], [ 17.021793514665987, 52.464707698195063 ], [ 17.021699326645837, 52.464752353330418 ], [ 17.021663422429601, 52.464810845368099 ], [ 17.021667190459652, 52.464868022359738 ], [ 17.021713027455412, 52.464906565352571 ], [ 17.021867035846508, 52.465008978706898 ], [ 17.022007604843612, 52.465059719530728 ], [ 17.022079965460986, 52.465071633121113 ], [ 17.022213272709884, 52.465061000900235 ], [ 17.022406826850517, 52.4650270014724 ], [ 17.022622883495263, 52.464950924812833 ], [ 17.022891348860878, 52.46480619791307 ], [ 17.022967467957049, 52.464747388490522 ], [ 17.023043907454522, 52.464641993790281 ], [ 17.023077253088641, 52.464568258167368 ], [ 17.023079867088189, 52.464509928719771 ], [ 17.023055513904431, 52.464343576342948 ], [ 17.02303758311928, 52.46427707836127 ], [ 17.02299671617725, 52.46423277266517 ], [ 17.022951571278966, 52.464172205650428 ], [ 17.02283840868802, 52.464088285402525 ], [ 17.022761555925943, 52.464005781662131 ], [ 17.022744452429851, 52.463947122522526 ], [ 17.022683507586901, 52.463907247981908 ], [ 17.022618590699697, 52.463893570412765 ], [ 17.02251020093777, 52.463887170773901 ], [ 17.02240767595022, 52.463917476013172 ], [ 17.022358514990202, 52.463939949148177 ], [ 17.022288614461168, 52.463975027227882 ], [ 17.022245988497705, 52.464002826320048 ], [ 17.022203366509903, 52.464030535520372 ], [ 17.022172311559245, 52.464095854558877 ], [ 17.022142610026513, 52.464206527617058 ], [ 17.022130843901401, 52.464291597004078 ], [ 17.022142905130409, 52.464341177574603 ], [ 17.022201116414621, 52.464458447793191 ], [ 17.022197425374966, 52.464540774058243 ], [ 17.022104403881972, 52.464618548131654 ], [ 17.022012003925493, 52.464639758237446 ], [ 17.021893479801381, 52.464672133948199 ] ] ] ] } },
{ "type": "Feature", "properties": { "gml_id": "OT_ADJA_A.20", "lokalnyId": "322BD60C-5C60-598B-E053-CC2BA8C05138", "przestrzen": "PL.PZGiK.308.BDOT10k", "wersjaId": "2022-01-20T00:00:00", "czyObiektB": 0, "x_kod": "ADJA05", "x_skrKarto": null, "x_katDoklG": "Dok", "x_doklGeom": 1, "x_doklGe_1": "m", "x_zrodloDa": "PRG", "x_zrodlo_1": "PRG", "x_katIstni": null, "x_rodzajRe": "ZP", "x_aktualno": "2022-01-20", "x_aktual_1": "2022-01-20", "poczatekWe": "2022-01-20T00:00:00", "x_dataUtwo": "2012-11-13", "x_kodKarto": "0010_505", "x_kodKar_1": "0025_505", "x_kodKar_2": "0050_505", "x_kodKar_3": "0100_505", "x_kodKar_4": null, "x_kodKar_5": null, "x_kodKar_6": null, "nazwa": "Czerwonak", "idPRG": 1030210420, "idTerytJed": 3021, "idTerytTer": 3021042, "rodzaj": "GW", "PRG|BT_Ref": 1030210420, "PRG|BT_R_1": "PL.PZGiK.200", "x_informDo": null }, "geometry": { "type": "MultiPolygon", "coordinates": [ [ [ [ 17.014944234980405, 52.471511357006193 ], [ 17.01496573875777, 52.471494988517208 ], [ 17.014984958070229, 52.471480290600432 ], [ 17.014992008452847, 52.47145126733426 ], [ 17.014993011664647, 52.471428978250508 ], [ 17.014993707439803, 52.471413519692355 ], [ 17.014986057342263, 52.471393693714106 ], [ 17.014975608476615, 52.471377148656629 ], [ 17.014958014445885, 52.47136228252748 ], [ 17.014863600853452, 52.471303493802985 ], [ 17.014771826635709, 52.471284234392151 ], [ 17.01460518701872, 52.471272532488449 ], [ 17.014452518660573, 52.471274376526111 ], [ 17.014368570433145, 52.471284119980304 ], [ 17.01434682075601, 52.47129940491417 ], [ 17.014390290788889, 52.471364354279267 ], [ 17.014491174783075, 52.471465885117702 ], [ 17.014593464742994, 52.47151329363794 ], [ 17.01462370949524, 52.471515420380278 ], [ 17.01465442156427, 52.471520253257474 ], [ 17.014678073393526, 52.471524877656947 ], [ 17.014747180854148, 52.471520911041814 ], [ 17.014766831698545, 52.471519532003747 ], [ 17.014789579730845, 52.471514787111744 ], [ 17.014799517170939, 52.471513245009263 ], [ 17.014812214481935, 52.471512558724456 ], [ 17.014834584737436, 52.47151293424681 ], [ 17.014858426720817, 52.471513334469925 ], [ 17.014868287294352, 52.471513499992895 ], [ 17.014911850426351, 52.471514231248726 ], [ 17.014944234980405, 52.471511357006193 ] ] ] ] } },
{ "type": "Feature", "properties": { "gml_id": "OT_ADJA_A.20", "lokalnyId": "322BD60C-5C60-598B-E053-CC2BA8C05138", "przestrzen": "PL.PZGiK.308.BDOT10k", "wersjaId": "2022-01-20T00:00:00", "czyObiektB": 0, "x_kod": "ADJA05", "x_skrKarto": null, "x_katDoklG": "Dok", "x_doklGeom": 1, "x_doklGe_1": "m", "x_zrodloDa": "PRG", "x_zrodlo_1": "PRG", "x_katIstni": null, "x_rodzajRe": "ZP", "x_aktualno": "2022-01-20", "x_aktual_1": "2022-01-20", "poczatekWe": "2022-01-20T00:00:00", "x_dataUtwo": "2012-11-13", "x_kodKarto": "0010_505", "x_kodKar_1": "0025_505", "x_kodKar_2": "0050_505", "x_kodKar_3": "0100_505", "x_kodKar_4": null, "x_kodKar_5": null, "x_kodKar_6": null, "nazwa": "Czerwonak", "idPRG": 1030210420, "idTerytJed": 3021, "idTerytTer": 3021042, "rodzaj": "GW", "PRG|BT_Ref": 1030210420, "PRG|BT_R_1": "PL.PZGiK.200", "x_informDo": null }, "geometry": { "type": "MultiPolygon", "coordinates": [ [ [ [ 17.030874562141808, 52.484903594282812 ], [ 17.030901016044982, 52.484908351960044 ], [ 17.030944440272133, 52.484912492728661 ], [ 17.03097905683396, 52.484922513022653 ], [ 17.030998402786235, 52.484931379658704 ], [ 17.031017252264107, 52.484948063052826 ], [ 17.031030582389903, 52.484966273531967 ], [ 17.031051020505171, 52.484980375025017 ], [ 17.031079890269961, 52.484993717447985 ], [ 17.031102185984057, 52.484999215343684 ], [ 17.031138579928214, 52.485002429522822 ], [ 17.031176320228273, 52.485001888503589 ], [ 17.031195806651841, 52.484997715734899 ], [ 17.031217865341006, 52.484988728867805 ], [ 17.031236602206469, 52.484978247617477 ], [ 17.031246761404969, 52.48495530141679 ], [ 17.031254721636358, 52.484928810842 ], [ 17.031245097174907, 52.484896900818789 ], [ 17.031236449883021, 52.484879397912977 ], [ 17.031171260985023, 52.484834780451209 ], [ 17.031075884474472, 52.484799734018608 ], [ 17.031053615649792, 52.484796934849705 ], [ 17.031011564665388, 52.484791737667614 ], [ 17.030982080823421, 52.484792146257092 ], [ 17.030940919912521, 52.484800005578641 ], [ 17.030898241312858, 52.48481215687471 ], [ 17.030874853695966, 52.484831105212002 ], [ 17.030859928459702, 52.484851903348009 ], [ 17.03085904921193, 52.484871586190394 ], [ 17.030865156169217, 52.484893184201709 ], [ 17.030874562141808, 52.484903594282812 ] ] ] ] } },
{ "type": "Feature", "properties": { "gml_id": "OT_ADJA_A.20", "lokalnyId": "322BD60C-5C60-598B-E053-CC2BA8C05138", "przestrzen": "PL.PZGiK.308.BDOT10k", "wersjaId": "2022-01-20T00:00:00", "czyObiektB": 0, "x_kod": "ADJA05", "x_skrKarto": null, "x_katDoklG": "Dok", "x_doklGeom": 1, "x_doklGe_1": "m", "x_zrodloDa": "PRG", "x_zrodlo_1": "PRG", "x_katIstni": null, "x_rodzajRe": "ZP", "x_aktualno": "2022-01-20", "x_aktual_1": "2022-01-20", "poczatekWe": "2022-01-20T00:00:00", "x_dataUtwo": "2012-11-13", "x_kodKarto": "0010_505", "x_kodKar_1": "0025_505", "x_kodKar_2": "0050_505", "x_kodKar_3": "0100_505", "x_kodKar_4": null, "x_kodKar_5": null, "x_kodKar_6": null, "nazwa": "Czerwonak", "idPRG": 1030210420, "idTerytJed": 3021, "idTerytTer": 3021042, "rodzaj": "GW", "PRG|BT_Ref": 1030210420, "PRG|BT_R_1": "PL.PZGiK.200", "x_informDo": null }, "geometry": { "type": "MultiPolygon", "coordinates": [ [ [ [ 17.014064565486077, 52.502347051351592 ], [ 17.014056697886257, 52.502354834237842 ], [ 17.014029053605782, 52.502369750359513 ], [ 17.014005189854846, 52.502385809259138 ], [ 17.013995075408033, 52.502400929732126 ], [ 17.013986244690294, 52.502423537011893 ], [ 17.013986195023172, 52.502440985087915 ], [ 17.01399392526006, 52.502455865494298 ], [ 17.014026457810179, 52.502495986518639 ], [ 17.014093566711541, 52.502543973373321 ], [ 17.014143301961948, 52.502565405223159 ], [ 17.01419630593087, 52.502596066092458 ], [ 17.014203509126364, 52.502603022667707 ], [ 17.014219832741958, 52.502613640116323 ], [ 17.01425697502652, 52.502623437781097 ], [ 17.01431495337739, 52.502625490336641 ], [ 17.014348679711958, 52.502626056463704 ], [ 17.014430216269449, 52.502605748867907 ], [ 17.014460680519992, 52.502593668213173 ], [ 17.01448449676737, 52.502572121912834 ], [ 17.014491277840541, 52.502559014135031 ], [ 17.014492219068345, 52.502541401139297 ], [ 17.014475052253722, 52.502484089248647 ], [ 17.014351109241804, 52.502330185338984 ], [ 17.014338082601466, 52.502272583149519 ], [ 17.014318077085804, 52.50220631924099 ], [ 17.01434270010547, 52.502094933620995 ], [ 17.014345754713524, 52.502082752669864 ], [ 17.014362644867163, 52.502015399173295 ], [ 17.014314137991978, 52.501930758216353 ], [ 17.014264442195259, 52.501895385954441 ], [ 17.014247298817029, 52.501889881489703 ], [ 17.014228635518194, 52.501888668763947 ], [ 17.014180586504178, 52.501895237473185 ], [ 17.014166525390895, 52.501903096279719 ], [ 17.014153910079578, 52.501914846898131 ], [ 17.014146884724966, 52.501939912954512 ], [ 17.014220974161823, 52.502039014520264 ], [ 17.014224666988035, 52.502100957182542 ], [ 17.014195990302774, 52.502158398972625 ], [ 17.014153613118793, 52.502225504471568 ], [ 17.014101837115817, 52.502288584627564 ], [ 17.014076591845502, 52.502335290855065 ], [ 17.014064565486077, 52.502347051351592 ] ] ] ] } },
{ "type": "Feature", "properties": { "gml_id": "OT_ADJA_A.20", "lokalnyId": "322BD60C-5C60-598B-E053-CC2BA8C05138", "przestrzen": "PL.PZGiK.308.BDOT10k", "wersjaId": "2022-01-20T00:00:00", "czyObiektB": 0, "x_kod": "ADJA05", "x_skrKarto": null, "x_katDoklG": "Dok", "x_doklGeom": 1, "x_doklGe_1": "m", "x_zrodloDa": "PRG", "x_zrodlo_1": "PRG", "x_katIstni": null, "x_rodzajRe": "ZP", "x_aktualno": "2022-01-20", "x_aktual_1": "2022-01-20", "poczatekWe": "2022-01-20T00:00:00", "x_dataUtwo": "2012-11-13", "x_kodKarto": "0010_505", "x_kodKar_1": "0025_505", "x_kodKar_2": "0050_505", "x_kodKar_3": "0100_505", "x_kodKar_4": null, "x_kodKar_5": null, "x_kodKar_6": null, "nazwa": "Czerwonak", "idPRG": 1030210420, "idTerytJed": 3021, "idTerytTer": 3021042, "rodzaj": "GW", "PRG|BT_Ref": 1030210420, "PRG|BT_R_1": "PL.PZGiK.200", "x_informDo": null }, "geometry": { "type": "MultiPolygon", "coordinates": [ [ [ [ 17.014907315110019, 52.504803593499922 ], [ 17.015015206159603, 52.504826540492104 ], [ 17.01514518162076, 52.504814060705385 ], [ 17.015354739014036, 52.504775663278245 ], [ 17.015598102891097, 52.504696818677644 ], [ 17.015715476080992, 52.504656514432035 ], [ 17.015852745627221, 52.504635881486266 ], [ 17.015905733483883, 52.504608078478661 ], [ 17.01593457707234, 52.504592732318834 ], [ 17.015966134063738, 52.504536777525068 ], [ 17.015989855408964, 52.504461713380699 ], [ 17.016041324356696, 52.504415266683928 ], [ 17.016151132885021, 52.504343265228627 ], [ 17.016186308527931, 52.50427567850155 ], [ 17.016193603898465, 52.504218417351417 ], [ 17.016130800526522, 52.504149996985682 ], [ 17.016082205192308, 52.50408028583918 ], [ 17.016010382525927, 52.504005957805497 ], [ 17.01587322766645, 52.503945554394761 ], [ 17.015670080179934, 52.503877747859214 ], [ 17.015505163558306, 52.503851236471768 ], [ 17.015280615132689, 52.503833168377788 ], [ 17.01512677331776, 52.503806212669197 ], [ 17.015007640889269, 52.503771114735983 ], [ 17.014910992418052, 52.503698258233911 ], [ 17.014756061831996, 52.503659501259406 ], [ 17.014529951358913, 52.503640146316556 ], [ 17.01438708077945, 52.50365429775816 ], [ 17.014262432798702, 52.503689261881135 ], [ 17.014196446942705, 52.503734025038035 ], [ 17.0141797865295, 52.503786451849479 ], [ 17.014210518771577, 52.503814220420139 ], [ 17.014242553233274, 52.503826180907204 ], [ 17.014269192427776, 52.503840119503963 ], [ 17.01427537607049, 52.503863158720783 ], [ 17.014235538963781, 52.503932735336477 ], [ 17.014106342386704, 52.50399010864755 ], [ 17.013959463281029, 52.504027757303994 ], [ 17.013800029542207, 52.504039831111804 ], [ 17.013706125009996, 52.504046709025268 ], [ 17.013622562654422, 52.504062844751907 ], [ 17.013525816495896, 52.50407390211948 ], [ 17.013447953468731, 52.504100926567581 ], [ 17.013381825935138, 52.504220699209178 ], [ 17.013345096426534, 52.504358594319875 ], [ 17.013385298120049, 52.504460724956076 ], [ 17.01347429107452, 52.504543167968897 ], [ 17.013550475858697, 52.50458932876748 ], [ 17.013643375281731, 52.504621109501151 ], [ 17.013786333432535, 52.504641048731429 ], [ 17.013936428642513, 52.504646536877274 ], [ 17.014027012099874, 52.504657771464636 ], [ 17.014074741608344, 52.504671434566511 ], [ 17.0141469191888, 52.504701877654583 ], [ 17.014230245408015, 52.504713889684538 ], [ 17.014327300723075, 52.504696001269821 ], [ 17.014404347757857, 52.504654391811734 ], [ 17.014453857010075, 52.504622033920157 ], [ 17.014476040951227, 52.504607295875573 ], [ 17.014503017799331, 52.504597405240155 ], [ 17.014554746602538, 52.504597553910109 ], [ 17.014589768201809, 52.504618468769173 ], [ 17.014595108919796, 52.504640594389578 ], [ 17.014614752645887, 52.504672404054077 ], [ 17.01468125395531, 52.504697984579281 ], [ 17.014700098474009, 52.504708284488281 ], [ 17.014771906149978, 52.504733864072584 ], [ 17.014854057262102, 52.504788308938011 ], [ 17.014907315110019, 52.504803593499922 ] ] ] ] } },
{ "type": "Feature", "properties": { "gml_id": "OT_ADJA_A.20", "lokalnyId": "322BD60C-5C60-598B-E053-CC2BA8C05138", "przestrzen": "PL.PZGiK.308.BDOT10k", "wersjaId": "2022-01-20T00:00:00", "czyObiektB": 0, "x_kod": "ADJA05", "x_skrKarto": null, "x_katDoklG": "Dok", "x_doklGeom": 1, "x_doklGe_1": "m", "x_zrodloDa": "PRG", "x_zrodlo_1": "PRG", "x_katIstni": null, "x_rodzajRe": "ZP", "x_aktualno": "2022-01-20", "x_aktual_1": "2022-01-20", "poczatekWe": "2022-01-20T00:00:00", "x_dataUtwo": "2012-11-13", "x_kodKarto": "0010_505", "x_kodKar_1": "0025_505", "x_kodKar_2": "0050_505", "x_kodKar_3": "0100_505", "x_kodKar_4": null, "x_kodKar_5": null, "x_kodKar_6": null, "nazwa": "Czerwonak", "idPRG": 1030210420, "idTerytJed": 3021, "idTerytTer": 3021042, "rodzaj": "GW", "PRG|BT_Ref": 1030210420, "PRG|BT_R_1": "PL.PZGiK.200", "x_informDo": null }, "geometry": { "type": "MultiPolygon", "coordinates": [ [ [ [ 17.011144517042339, 52.510639020188464 ], [ 17.010910639200112, 52.510438383262546 ], [ 17.010595366103789, 52.510199140804104 ], [ 17.010453078337033, 52.51023578312946 ], [ 17.010274476873889, 52.510332256078719 ], [ 17.010093019791654, 52.510456023334832 ], [ 17.010074865436508, 52.51050545632576 ], [ 17.010308479508947, 52.510640072493295 ], [ 17.010545869081287, 52.510802094280173 ], [ 17.010667231956965, 52.510876269232718 ], [ 17.010738409845892, 52.510893116151145 ], [ 17.01083319872366, 52.510880049316441 ], [ 17.01098279130353, 52.510818795080539 ], [ 17.011155775919971, 52.510712872590766 ], [ 17.011171825834118, 52.510674107253529 ], [ 17.011144517042339, 52.510639020188464 ] ] ] ] } },
{ "type": "Feature", "properties": { "gml_id": "OT_ADJA_A.20", "lokalnyId": "322BD60C-5C60-598B-E053-CC2BA8C05138", "przestrzen": "PL.PZGiK.308.BDOT10k", "wersjaId": "2022-01-20T00:00:00", "czyObiektB": 0, "x_kod": "ADJA05", "x_skrKarto": null, "x_katDoklG": "Dok", "x_doklGeom": 1, "x_doklGe_1": "m", "x_zrodloDa": "PRG", "x_zrodlo_1": "PRG", "x_katIstni": null, "x_rodzajRe": "ZP", "x_aktualno": "2022-01-20", "x_aktual_1": "2022-01-20", "poczatekWe": "2022-01-20T00:00:00", "x_dataUtwo": "2012-11-13", "x_kodKarto": "0010_505", "x_kodKar_1": "0025_505", "x_kodKar_2": "0050_505", "x_kodKar_3": "0100_505", "x_kodKar_4": null, "x_kodKar_5": null, "x_kodKar_6": null, "nazwa": "Czerwonak", "idPRG": 1030210420, "idTerytJed": 3021, "idTerytTer": 3021042, "rodzaj": "GW", "PRG|BT_Ref": 1030210420, "PRG|BT_R_1": "PL.PZGiK.200", "x_informDo": null }, "geometry": { "type": "MultiPolygon", "coordinates": [ [ [ [ 17.012994422322809, 52.51141672018823 ], [ 17.012920563904142, 52.511423304669741 ], [ 17.01286633197283, 52.511455582620613 ], [ 17.01285626863687, 52.511502183806186 ], [ 17.012864639546258, 52.511600901641096 ], [ 17.012838116441724, 52.511692107770784 ], [ 17.012754069446196, 52.511852592901988 ], [ 17.012755152586159, 52.51190046062581 ], [ 17.012784526755713, 52.511958427442941 ], [ 17.013006841093219, 52.512098784551348 ], [ 17.013179224891449, 52.512192431915608 ], [ 17.013565065644656, 52.512410456394946 ], [ 17.013773653746096, 52.512534931513784 ], [ 17.013820971364897, 52.512551375952135 ], [ 17.013898058827575, 52.512541876997354 ], [ 17.014156874247654, 52.512405821156918 ], [ 17.014401838750558, 52.512227079335659 ], [ 17.014474343502776, 52.512136104954003 ], [ 17.014476414667822, 52.512054201917437 ], [ 17.014389333377562, 52.51196495630915 ], [ 17.014252823936584, 52.51190609110494 ], [ 17.014053017133957, 52.511835370072248 ], [ 17.013694477324751, 52.511737699168435 ], [ 17.01339517532536, 52.511588315491224 ], [ 17.013231275025337, 52.511483118336663 ], [ 17.013080596240897, 52.511418167518521 ], [ 17.012994422322809, 52.51141672018823 ] ] ] ] } },
{ "type": "Feature", "properties": { "gml_id": "OT_ADJA_A.20", "lokalnyId": "322BD60C-5C60-598B-E053-CC2BA8C05138", "przestrzen": "PL.PZGiK.308.BDOT10k", "wersjaId": "2022-01-20T00:00:00", "czyObiektB": 0, "x_kod": "ADJA05", "x_skrKarto": null, "x_katDoklG": "Dok", "x_doklGeom": 1, "x_doklGe_1": "m", "x_zrodloDa": "PRG", "x_zrodlo_1": "PRG", "x_katIstni": null, "x_rodzajRe": "ZP", "x_aktualno": "2022-01-20", "x_aktual_1": "2022-01-20", "poczatekWe": "2022-01-20T00:00:00", "x_dataUtwo": "2012-11-13", "x_kodKarto": "0010_505", "x_kodKar_1": "0025_505", "x_kodKar_2": "0050_505", "x_kodKar_3": "0100_505", "x_kodKar_4": null, "x_kodKar_5": null, "x_kodKar_6": null, "nazwa": "Czerwonak", "idPRG": 1030210420, "idTerytJed": 3021, "idTerytTer": 3021042, "rodzaj": "GW", "PRG|BT_Ref": 1030210420, "PRG|BT_R_1": "PL.PZGiK.200", "x_informDo": null }, "geometry": { "type": "MultiPolygon", "coordinates": [ [ [ [ 17.018885762476007, 52.520215939260332 ], [ 17.018934011213293, 52.520225021867859 ], [ 17.018981252885123, 52.520233547938368 ], [ 17.019028925651721, 52.520252154770454 ], [ 17.019046377745557, 52.520254245826457 ], [ 17.019073621009976, 52.520251733860043 ], [ 17.019096416423615, 52.520243211211501 ], [ 17.019102685947033, 52.520234951526092 ], [ 17.019105211948901, 52.520221412497349 ], [ 17.0191047669698, 52.520208363381371 ], [ 17.019099526368151, 52.52019703282388 ], [ 17.01907745485455, 52.52018946788143 ], [ 17.019043341717367, 52.520187367698455 ], [ 17.018982300249583, 52.520187335017518 ], [ 17.018949535663555, 52.520181479801195 ], [ 17.018928628995521, 52.520170966231603 ], [ 17.018913421634213, 52.520164865330877 ], [ 17.018892167167166, 52.520162080988321 ], [ 17.018867804214207, 52.520162842292244 ], [ 17.018858697144733, 52.520168626003112 ], [ 17.018855258745468, 52.520182779346925 ], [ 17.018856373309198, 52.520200606630411 ], [ 17.018865777958059, 52.520207869568921 ], [ 17.018885762476007, 52.520215939260332 ] ] ] ] } },
{ "type": "Feature", "properties": { "gml_id": "OT_ADJA_A.20", "lokalnyId": "322BD60C-5C60-598B-E053-CC2BA8C05138", "przestrzen": "PL.PZGiK.308.BDOT10k", "wersjaId": "2022-01-20T00:00:00", "czyObiektB": 0, "x_kod": "ADJA05", "x_skrKarto": null, "x_katDoklG": "Dok", "x_doklGeom": 1, "x_doklGe_1": "m", "x_zrodloDa": "PRG", "x_zrodlo_1": "PRG", "x_katIstni": null, "x_rodzajRe": "ZP", "x_aktualno": "2022-01-20", "x_aktual_1": "2022-01-20", "poczatekWe": "2022-01-20T00:00:00", "x_dataUtwo": "2012-11-13", "x_kodKarto": "0010_505", "x_kodKar_1": "0025_505", "x_kodKar_2": "0050_505", "x_kodKar_3": "0100_505", "x_kodKar_4": null, "x_kodKar_5": null, "x_kodKar_6": null, "nazwa": "Czerwonak", "idPRG": 1030210420, "idTerytJed": 3021, "idTerytTer": 3021042, "rodzaj": "GW", "PRG|BT_Ref": 1030210420, "PRG|BT_R_1": "PL.PZGiK.200", "x_informDo": null }, "geometry": { "type": "MultiPolygon", "coordinates": [ [ [ [ 17.01969346769112, 52.52509022272482 ], [ 17.019572425895237, 52.525102767465967 ], [ 17.019462044432629, 52.525081582222327 ], [ 17.019318906439878, 52.525060837897129 ], [ 17.01926913029282, 52.525052809230019 ], [ 17.019227530785333, 52.52504986426171 ], [ 17.01919076908985, 52.525054105723846 ], [ 17.019170344442802, 52.525068874120983 ], [ 17.019157485022188, 52.525085927787181 ], [ 17.019150042318032, 52.525090750019928 ], [ 17.019091576583303, 52.525128356511118 ], [ 17.019063778579042, 52.525185724111694 ], [ 17.01908270460083, 52.525253407874473 ], [ 17.019149132087485, 52.525330521366136 ], [ 17.019309808343017, 52.525371166939728 ], [ 17.01939019739234, 52.52538708331619 ], [ 17.019470733854298, 52.525403002105101 ], [ 17.019644983485012, 52.525414013528525 ], [ 17.019689980579926, 52.525416835327711 ], [ 17.019801281255859, 52.52544055412335 ], [ 17.019813152185375, 52.525442191873843 ], [ 17.019908374367567, 52.525449631723987 ], [ 17.019982802622753, 52.525440713769328 ], [ 17.02008027035583, 52.52540151093315 ], [ 17.02019338761562, 52.525329111290475 ], [ 17.02026657670757, 52.525242821927385 ], [ 17.020272459150675, 52.525200557464153 ], [ 17.020277053239599, 52.5251672656876 ], [ 17.020270638224396, 52.525100061290814 ], [ 17.020262342882393, 52.525051713343643 ], [ 17.020245646283598, 52.525006552693554 ], [ 17.020232502997544, 52.524984027049385 ], [ 17.020204529745364, 52.524960084007738 ], [ 17.020152009028852, 52.524940946867744 ], [ 17.020070665849843, 52.524923306131662 ], [ 17.02006115267573, 52.52492170786045 ], [ 17.019987772407863, 52.524907348302719 ], [ 17.019922840248697, 52.524914986093989 ], [ 17.019888801152788, 52.524927548040061 ], [ 17.019880394507403, 52.524950522560822 ], [ 17.019868955471356, 52.524981900922484 ], [ 17.019828357813157, 52.525028801048045 ], [ 17.01969346769112, 52.52509022272482 ] ] ] ] } },
{ "type": "Feature", "properties": { "gml_id": "OT_ADJA_A.20", "lokalnyId": "322BD60C-5C60-598B-E053-CC2BA8C05138", "przestrzen": "PL.PZGiK.308.BDOT10k", "wersjaId": "2022-01-20T00:00:00", "czyObiektB": 0, "x_kod": "ADJA05", "x_skrKarto": null, "x_katDoklG": "Dok", "x_doklGeom": 1, "x_doklGe_1": "m", "x_zrodloDa": "PRG", "x_zrodlo_1": "PRG", "x_katIstni": null, "x_rodzajRe": "ZP", "x_aktualno": "2022-01-20", "x_aktual_1": "2022-01-20", "poczatekWe": "2022-01-20T00:00:00", "x_dataUtwo": "2012-11-13", "x_kodKarto": "0010_505", "x_kodKar_1": "0025_505", "x_kodKar_2": "0050_505", "x_kodKar_3": "0100_505", "x_kodKar_4": null, "x_kodKar_5": null, "x_kodKar_6": null, "nazwa": "Czerwonak", "idPRG": 1030210420, "idTerytJed": 3021, "idTerytTer": 3021042, "rodzaj": "GW", "PRG|BT_Ref": 1030210420, "PRG|BT_R_1": "PL.PZGiK.200", "x_informDo": null }, "geometry": { "type": "MultiPolygon", "coordinates": [ [ [ [ 17.031029093978304, 52.525479255001358 ], [ 17.030996068351715, 52.525521967655109 ], [ 17.030999208056148, 52.525537489976749 ], [ 17.031007731722919, 52.525544737261598 ], [ 17.031055178194482, 52.525568641985338 ], [ 17.031115790329235, 52.525585030734447 ], [ 17.031135093813532, 52.525585351948351 ], [ 17.031158945346746, 52.525576304898813 ], [ 17.031258761850193, 52.525497557396584 ], [ 17.031285398587006, 52.525465801268055 ], [ 17.031291255562643, 52.525440355113474 ], [ 17.031273841232924, 52.525417579787771 ], [ 17.031215826882697, 52.525389272020206 ], [ 17.031169472002116, 52.525383823691726 ], [ 17.031118611928488, 52.525390082816607 ], [ 17.031097404662859, 52.525409247395402 ], [ 17.031029093978304, 52.525479255001358 ] ] ] ] } },
{ "type": "Feature", "properties": { "gml_id": "OT_ADJA_A.20", "lokalnyId": "322BD60C-5C60-598B-E053-CC2BA8C05138", "przestrzen": "PL.PZGiK.308.BDOT10k", "wersjaId": "2022-01-20T00:00:00", "czyObiektB": 0, "x_kod": "ADJA05", "x_skrKarto": null, "x_katDoklG": "Dok", "x_doklGeom": 1, "x_doklGe_1": "m", "x_zrodloDa": "PRG", "x_zrodlo_1": "PRG", "x_katIstni": null, "x_rodzajRe": "ZP", "x_aktualno": "2022-01-20", "x_aktual_1": "2022-01-20", "poczatekWe": "2022-01-20T00:00:00", "x_dataUtwo": "2012-11-13", "x_kodKarto": "0010_505", "x_kodKar_1": "0025_505", "x_kodKar_2": "0050_505", "x_kodKar_3": "0100_505", "x_kodKar_4": null, "x_kodKar_5": null, "x_kodKar_6": null, "nazwa": "Czerwonak", "idPRG": 1030210420, "idTerytJed": 3021, "idTerytTer": 3021042, "rodzaj": "GW", "PRG|BT_Ref": 1030210420, "PRG|BT_R_1": "PL.PZGiK.200", "x_informDo": null }, "geometry": { "type": "MultiPolygon", "coordinates": [ [ [ [ 17.030705176474228, 52.525642685909638 ], [ 17.030749767325062, 52.525648015116744 ], [ 17.030791751211787, 52.525658877340952 ], [ 17.030827329305559, 52.525664596172561 ], [ 17.03085902031934, 52.525651722192336 ], [ 17.030871464313687, 52.525627375046483 ], [ 17.0308608658388, 52.525610469397527 ], [ 17.030843214443184, 52.525592996657423 ], [ 17.030803406385488, 52.52556975862769 ], [ 17.030747752179568, 52.52555462148414 ], [ 17.030689850077994, 52.525543584245661 ], [ 17.03059735729391, 52.525527833887551 ], [ 17.030549261095274, 52.525515160949602 ], [ 17.030526111781931, 52.525511807529377 ], [ 17.030510254935727, 52.525516850181781 ], [ 17.030494334288079, 52.525549683938095 ], [ 17.03050038471816, 52.525566064205314 ], [ 17.030519551165941, 52.525579334928551 ], [ 17.030603926901293, 52.525615007372402 ], [ 17.030705176474228, 52.525642685909638 ] ] ] ] } },
{ "type": "Feature", "properties": { "gml_id": "OT_ADJA_A.20", "lokalnyId": "322BD60C-5C60-598B-E053-CC2BA8C05138", "przestrzen": "PL.PZGiK.308.BDOT10k", "wersjaId": "2022-01-20T00:00:00", "czyObiektB": 0, "x_kod": "ADJA05", "x_skrKarto": null, "x_katDoklG": "Dok", "x_doklGeom": 1, "x_doklGe_1": "m", "x_zrodloDa": "PRG", "x_zrodlo_1": "PRG", "x_katIstni": null, "x_rodzajRe": "ZP", "x_aktualno": "2022-01-20", "x_aktual_1": "2022-01-20", "poczatekWe": "2022-01-20T00:00:00", "x_dataUtwo": "2012-11-13", "x_kodKarto": "0010_505", "x_kodKar_1": "0025_505", "x_kodKar_2": "0050_505", "x_kodKar_3": "0100_505", "x_kodKar_4": null, "x_kodKar_5": null, "x_kodKar_6": null, "nazwa": "Czerwonak", "idPRG": 1030210420, "idTerytJed": 3021, "idTerytTer": 3021042, "rodzaj": "GW", "PRG|BT_Ref": 1030210420, "PRG|BT_R_1": "PL.PZGiK.200", "x_informDo": null }, "geometry": { "type": "MultiPolygon", "coordinates": [ [ [ [ 17.030365837917724, 52.525883749258405 ], [ 17.030390272596204, 52.5258715640894 ], [ 17.030432356326592, 52.525863720106194 ], [ 17.030454276133607, 52.525864894462323 ], [ 17.030470558787961, 52.525870112325393 ], [ 17.030504985169838, 52.525868616698915 ], [ 17.030531027212657, 52.525860055947817 ], [ 17.030540265528906, 52.525844739647695 ], [ 17.030548925331576, 52.525822578103707 ], [ 17.030548631770124, 52.525782998611106 ], [ 17.03054454919274, 52.525765481852574 ], [ 17.030525551558192, 52.525748436368197 ], [ 17.030490774018723, 52.525714938604523 ], [ 17.030468220932168, 52.525704849426567 ], [ 17.030438998102611, 52.525692220778105 ], [ 17.030422127542494, 52.525683665258974 ], [ 17.030385816735507, 52.52567784416587 ], [ 17.030361046115548, 52.525684357376946 ], [ 17.030347798460106, 52.525696998594732 ], [ 17.03026268913268, 52.525799645000752 ], [ 17.030233256823241, 52.525837830208886 ], [ 17.030248008865495, 52.525864069117638 ], [ 17.030287604070644, 52.525882177079566 ], [ 17.030308182705404, 52.525890254692179 ], [ 17.03034060097983, 52.52589079435694 ], [ 17.030365837917724, 52.525883749258405 ] ] ] ] } },
{ "type": "Feature", "properties": { "gml_id": "OT_ADJA_A.20", "lokalnyId": "322BD60C-5C60-598B-E053-CC2BA8C05138", "przestrzen": "PL.PZGiK.308.BDOT10k", "wersjaId": "2022-01-20T00:00:00", "czyObiektB": 0, "x_kod": "ADJA05", "x_skrKarto": null, "x_katDoklG": "Dok", "x_doklGeom": 1, "x_doklGe_1": "m", "x_zrodloDa": "PRG", "x_zrodlo_1": "PRG", "x_katIstni": null, "x_rodzajRe": "ZP", "x_aktualno": "2022-01-20", "x_aktual_1": "2022-01-20", "poczatekWe": "2022-01-20T00:00:00", "x_dataUtwo": "2012-11-13", "x_kodKarto": "0010_505", "x_kodKar_1": "0025_505", "x_kodKar_2": "0050_505", "x_kodKar_3": "0100_505", "x_kodKar_4": null, "x_kodKar_5": null, "x_kodKar_6": null, "nazwa": "Czerwonak", "idPRG": 1030210420, "idTerytJed": 3021, "idTerytTer": 3021042, "rodzaj": "GW", "PRG|BT_Ref": 1030210420, "PRG|BT_R_1": "PL.PZGiK.200", "x_informDo": null }, "geometry": { "type": "MultiPolygon", "coordinates": [ [ [ [ 17.033878810781435, 52.53227041899062 ], [ 17.033863340042618, 52.532204054447014 ], [ 17.033817607698516, 52.532174603002069 ], [ 17.033744810640844, 52.532153426196523 ], [ 17.033645022743325, 52.532145472026798 ], [ 17.033587468180613, 52.532149552340258 ], [ 17.033539507081887, 52.532169981646184 ], [ 17.033523540743065, 52.532207132242817 ], [ 17.033558935205601, 52.532240189572711 ], [ 17.033640472864857, 52.532290203290444 ], [ 17.033714606506805, 52.53232768189892 ], [ 17.033768280066219, 52.532360952968375 ], [ 17.033809026203926, 52.532366666791482 ], [ 17.033851022407244, 52.532341101502681 ], [ 17.03388764265727, 52.532300516476354 ], [ 17.033878810781435, 52.53227041899062 ] ] ] ] } },
{ "type": "Feature", "properties": { "gml_id": "OT_ADJA_A.20", "lokalnyId": "322BD60C-5C60-598B-E053-CC2BA8C05138", "przestrzen": "PL.PZGiK.308.BDOT10k", "wersjaId": "2022-01-20T00:00:00", "czyObiektB": 0, "x_kod": "ADJA05", "x_skrKarto": null, "x_katDoklG": "Dok", "x_doklGeom": 1, "x_doklGe_1": "m", "x_zrodloDa": "PRG", "x_zrodlo_1": "PRG", "x_katIstni": null, "x_rodzajRe": "ZP", "x_aktualno": "2022-01-20", "x_aktual_1": "2022-01-20", "poczatekWe": "2022-01-20T00:00:00", "x_dataUtwo": "2012-11-13", "x_kodKarto": "0010_505", "x_kodKar_1": "0025_505", "x_kodKar_2": "0050_505", "x_kodKar_3": "0100_505", "x_kodKar_4": null, "x_kodKar_5": null, "x_kodKar_6": null, "nazwa": "Czerwonak", "idPRG": 1030210420, "idTerytJed": 3021, "idTerytTer": 3021042, "rodzaj": "GW", "PRG|BT_Ref": 1030210420, "PRG|BT_R_1": "PL.PZGiK.200", "x_informDo": null }, "geometry": { "type": "MultiPolygon", "coordinates": [ [ [ [ 17.021260592415931, 52.532302477507606 ], [ 17.021279572760019, 52.532326449738918 ], [ 17.021306170362344, 52.53234830078619 ], [ 17.021341247139041, 52.532371822634865 ], [ 17.021357860045732, 52.53237956564594 ], [ 17.021382792122321, 52.532402378190405 ], [ 17.021389585233283, 52.532412025668009 ], [ 17.021400589519093, 52.532426420562828 ], [ 17.021402967270969, 52.532439142190036 ], [ 17.021405405398205, 52.532457081481603 ], [ 17.021400173253873, 52.532491441903723 ], [ 17.021400003529838, 52.532495216643348 ], [ 17.02138325360422, 52.532533162048708 ], [ 17.021381753442171, 52.532537004483707 ], [ 17.021346529028182, 52.53256924442158 ], [ 17.021304392608773, 52.532584639493251 ], [ 17.021253908447985, 52.532592159914536 ], [ 17.021200037018986, 52.532589730013058 ], [ 17.021135898242502, 52.532572917492821 ], [ 17.021071404426905, 52.532550882344616 ], [ 17.021001665122, 52.53254054187672 ], [ 17.020934225120747, 52.532534826882902 ], [ 17.020888636743308, 52.532541709493039 ], [ 17.020878340228322, 52.532547653354889 ], [ 17.020865332147611, 52.532558138921509 ], [ 17.020862483150779, 52.532565736367701 ], [ 17.020851293304645, 52.532591542540786 ], [ 17.020846003562294, 52.532597660085351 ], [ 17.020799325542683, 52.532632046789722 ], [ 17.020784086877889, 52.532636378959289 ], [ 17.020743587865951, 52.532644875661369 ], [ 17.020728486634418, 52.532646152083359 ], [ 17.020675872849267, 52.532645271999712 ], [ 17.020658334921489, 52.532644978633307 ], [ 17.020567658779477, 52.53265416494073 ], [ 17.020461252863221, 52.532675320189838 ], [ 17.020390345048554, 52.53269095314905 ], [ 17.020333102477469, 52.532714279905228 ], [ 17.020269354181018, 52.532751079080633 ], [ 17.020223874373123, 52.532791601687428 ], [ 17.020196788865299, 52.532826495848248 ], [ 17.020190959936688, 52.5328642640455 ], [ 17.020205063045879, 52.532908122044589 ], [ 17.020220729344999, 52.532943461673796 ], [ 17.020257696830488, 52.532980686711277 ], [ 17.020297865686189, 52.532995929425702 ], [ 17.020407422049548, 52.533006396783435 ], [ 17.020499479748544, 52.532999302379672 ], [ 17.020611747036934, 52.532982292545682 ], [ 17.020682966527438, 52.532959739105912 ], [ 17.02078210550258, 52.532929647755665 ], [ 17.020815284685821, 52.532913383508124 ], [ 17.02087999134012, 52.532884784821867 ], [ 17.020967025094727, 52.532848374771177 ], [ 17.021018002705649, 52.532829889759249 ], [ 17.021146847438139, 52.532788602415707 ], [ 17.021220725348016, 52.53276267530515 ], [ 17.021349610610976, 52.532707357418396 ], [ 17.021405086013559, 52.532687238548242 ], [ 17.021545092395552, 52.532643708969424 ], [ 17.021647816041458, 52.532599465950526 ], [ 17.021676016150415, 52.532582398679558 ], [ 17.021700479475268, 52.532559872388227 ], [ 17.021713990489484, 52.532534914425995 ], [ 17.021726334785413, 52.532503101339984 ], [ 17.021731524156802, 52.532472967479229 ], [ 17.02172339264084, 52.532457001683163 ], [ 17.021717596842372, 52.532444852514111 ], [ 17.021681872609896, 52.532393078065091 ], [ 17.021635702593159, 52.532350572901528 ], [ 17.021637312233629, 52.532331172271775 ], [ 17.021620412831592, 52.532316678835706 ], [ 17.021599211238424, 52.532302743062083 ], [ 17.021585209201202, 52.532279573658272 ], [ 17.021587002602526, 52.532259366620394 ], [ 17.021609749800941, 52.532235642404068 ], [ 17.02162776840067, 52.532225240530352 ], [ 17.021687966589063, 52.532224717978082 ], [ 17.021755622286438, 52.532228907131554 ], [ 17.021890089528785, 52.532249503365946 ], [ 17.022039314594327, 52.532276462216835 ], [ 17.022205675676496, 52.532315939455707 ], [ 17.022351091141818, 52.532371885601457 ], [ 17.022439863865078, 52.532418160528273 ], [ 17.022587432034697, 52.532478729413164 ], [ 17.022613323940671, 52.532483479329208 ], [ 17.022652724100926, 52.532486296358279 ], [ 17.022686614721831, 52.532496846287955 ], [ 17.022714303398924, 52.532507562398848 ], [ 17.022748220279613, 52.532520811018607 ], [ 17.022758173286206, 52.532522506351725 ], [ 17.022838071959363, 52.532529957498255 ], [ 17.022899247704594, 52.532527381987897 ], [ 17.022935494470531, 52.532521601714464 ], [ 17.022976289742097, 52.532509781350065 ], [ 17.023008950980657, 52.532491888878567 ], [ 17.023021649650129, 52.532484995602303 ], [ 17.023026365720337, 52.532471942820507 ], [ 17.023025826681895, 52.532447829277338 ], [ 17.023014109197749, 52.532426317179585 ], [ 17.022996769187415, 52.532415054505137 ], [ 17.022970635023409, 52.532402565587169 ], [ 17.02293449133332, 52.532402771170105 ], [ 17.022860564647569, 52.53240027675789 ], [ 17.022827968086595, 52.532403599615705 ], [ 17.022770563699581, 52.532414153029748 ], [ 17.022711485686514, 52.532419281910876 ], [ 17.022674825167538, 52.532417859816668 ], [ 17.022642499160419, 52.532415161009979 ], [ 17.022611212934482, 52.53240573389715 ], [ 17.022547278066241, 52.53236140320422 ], [ 17.022479863072878, 52.532296057756021 ], [ 17.022421347757348, 52.532203338657744 ], [ 17.022419048346805, 52.532198713170132 ], [ 17.022408924541342, 52.53214502829502 ], [ 17.022414278634997, 52.532137472680446 ], [ 17.022443215200795, 52.532107285959661 ], [ 17.022453648723957, 52.53209828621435 ], [ 17.022502143693565, 52.532079219425825 ], [ 17.022551335251528, 52.532047932103971 ], [ 17.022570658019468, 52.532008500515481 ], [ 17.022568427258854, 52.532002347158581 ], [ 17.022547457903869, 52.53196682928052 ], [ 17.022545158491702, 52.531962203795189 ], [ 17.022508116963998, 52.531946294566204 ], [ 17.022498370072377, 52.531940015597385 ], [ 17.022470871544996, 52.531931641110319 ], [ 17.022444543952837, 52.531923466070815 ], [ 17.0224222297892, 52.531917876486048 ], [ 17.022386936466063, 52.531915577726032 ], [ 17.022356371369089, 52.531906522363869 ], [ 17.022326010308852, 52.531889645422034 ], [ 17.02229871390859, 52.531870211367242 ], [ 17.022287275629029, 52.531842497838539 ], [ 17.022263831108212, 52.531829244233265 ], [ 17.022241670506734, 52.53182023937228 ], [ 17.022205321531917, 52.531811896777235 ], [ 17.02217997305085, 52.531811473083188 ], [ 17.022153637252533, 52.53181660930467 ], [ 17.022133561820077, 52.531823559068336 ], [ 17.022106234645509, 52.531834345074628 ], [ 17.022070803643349, 52.531854799326389 ], [ 17.022052991321377, 52.531860617656008 ], [ 17.022005114483118, 52.531865933417848 ], [ 17.021904106181207, 52.531858938287463 ], [ 17.021851832317523, 52.531863640827368 ], [ 17.02178958349301, 52.531863859349805 ], [ 17.021712318964159, 52.531850335446109 ], [ 17.021637913296487, 52.531832272231348 ], [ 17.021591001926708, 52.531822673540809 ], [ 17.021555373357199, 52.531827834140067 ], [ 17.021527127335936, 52.531842652055225 ], [ 17.021481654130813, 52.531869953724311 ], [ 17.021469532093498, 52.531896823675872 ], [ 17.021449912480978, 52.531969079079119 ], [ 17.021435975302293, 52.532000235908036 ], [ 17.021402876900456, 52.532040965990518 ], [ 17.021368452055111, 52.532081673883532 ], [ 17.0213643778227, 52.532087002295256 ], [ 17.02135373798669, 52.53210058555495 ], [ 17.021353484303603, 52.532135748764276 ], [ 17.021350816276058, 52.532165565003694 ], [ 17.021336984031088, 52.532194385075051 ], [ 17.021306966782117, 52.532219066976879 ], [ 17.021268145185704, 52.532246030083577 ], [ 17.02125493118098, 52.53226109930754 ], [ 17.021257700101614, 52.532284800443961 ], [ 17.021260592415931, 52.532302477507606 ] ] ] ] } },
{ "type": "Feature", "properties": { "gml_id": "OT_ADJA_A.20", "lokalnyId": "322BD60C-5C60-598B-E053-CC2BA8C05138", "przestrzen": "PL.PZGiK.308.BDOT10k", "wersjaId": "2022-01-20T00:00:00", "czyObiektB": 0, "x_kod": "ADJA05", "x_skrKarto": null, "x_katDoklG": "Dok", "x_doklGeom": 1, "x_doklGe_1": "m", "x_zrodloDa": "PRG", "x_zrodlo_1": "PRG", "x_katIstni": null, "x_rodzajRe": "ZP", "x_aktualno": "2022-01-20", "x_aktual_1": "2022-01-20", "poczatekWe": "2022-01-20T00:00:00", "x_dataUtwo": "2012-11-13", "x_kodKarto": "0010_505", "x_kodKar_1": "0025_505", "x_kodKar_2": "0050_505", "x_kodKar_3": "0100_505", "x_kodKar_4": null, "x_kodKar_5": null, "x_kodKar_6": null, "nazwa": "Czerwonak", "idPRG": 1030210420, "idTerytJed": 3021, "idTerytTer": 3021042, "rodzaj": "GW", "PRG|BT_Ref": 1030210420, "PRG|BT_R_1": "PL.PZGiK.200", "x_informDo": null }, "geometry": { "type": "MultiPolygon", "coordinates": [ [ [ [ 17.015191458451113, 52.533944633479365 ], [ 17.015000816831897, 52.533923537033722 ], [ 17.014865078645737, 52.533921259912162 ], [ 17.014727125541778, 52.533909231694551 ], [ 17.014534049050237, 52.533879998826229 ], [ 17.014364626868559, 52.533859347336929 ], [ 17.014188275129872, 52.53381249601253 ], [ 17.013920403019142, 52.533790191640705 ], [ 17.013702647345454, 52.533775113850282 ], [ 17.01342195375226, 52.53374278939669 ], [ 17.013275604853455, 52.533740332306429 ], [ 17.013037664533655, 52.533760711474358 ], [ 17.012847403547301, 52.53378674776858 ], [ 17.012673206844227, 52.533813053558376 ], [ 17.012439471456759, 52.533857876548325 ], [ 17.012251862577262, 52.533883956436711 ], [ 17.011945694014408, 52.533942132339298 ], [ 17.011774518594489, 52.533960302811508 ], [ 17.0114369520252, 52.534004998122086 ], [ 17.010483499522508, 52.534126942864731 ], [ 17.009452727403769, 52.53419406352964 ], [ 17.00890566269257, 52.534279029237183 ], [ 17.008178635820826, 52.534338297774354 ], [ 17.007653967000998, 52.534400879254257 ], [ 17.006734753272209, 52.534469854593901 ], [ 17.00638715773184, 52.534504562877714 ], [ 17.006047372946309, 52.534539401762011 ], [ 17.005635368275989, 52.534582826209778 ], [ 17.005380304166181, 52.534661903709022 ], [ 17.005285768139267, 52.534762574772252 ], [ 17.005210585297625, 52.534888576038441 ], [ 17.005243902190735, 52.535227321558487 ], [ 17.005283643589131, 52.535512209840505 ], [ 17.005302583555704, 52.535647532822942 ], [ 17.00537222984784, 52.53582589357169 ], [ 17.005478214469154, 52.535924997832808 ], [ 17.005632656186091, 52.535947568156843 ], [ 17.006114345369532, 52.535968097711915 ], [ 17.00650957552573, 52.536002189175711 ], [ 17.007145764880523, 52.536135226954976 ], [ 17.007718100709031, 52.53623219861128 ], [ 17.008465210642541, 52.536378429448085 ], [ 17.008770277880572, 52.536413514216747 ], [ 17.009408482054337, 52.536414268301975 ], [ 17.009698430127283, 52.536421663888184 ], [ 17.009906534656089, 52.536435147572831 ], [ 17.010075839850508, 52.536487912866868 ], [ 17.010362962750364, 52.536652388728491 ], [ 17.01060783603122, 52.536756341873925 ], [ 17.010760930352863, 52.536808833632776 ], [ 17.010932383325304, 52.536814144191396 ], [ 17.01120315748847, 52.536798728165756 ], [ 17.01160631886076, 52.536745691680203 ], [ 17.012295719829915, 52.536654829643282 ], [ 17.012914943694248, 52.536530495861314 ], [ 17.013433523363485, 52.536459424072085 ], [ 17.013800660735431, 52.536390665043534 ], [ 17.014051901715707, 52.536245847341966 ], [ 17.014258950362116, 52.536142200671037 ], [ 17.014432262661117, 52.53607684266688 ], [ 17.014648019613894, 52.536015524419767 ], [ 17.014669536907505, 52.536012647507661 ], [ 17.014820448267262, 52.535972996389546 ], [ 17.014945416029107, 52.535916630299909 ], [ 17.015094244114938, 52.535805439704703 ], [ 17.01524925306768, 52.535674925044979 ], [ 17.015440346331783, 52.535453993694588 ], [ 17.015446090037962, 52.535444376247995 ], [ 17.015666487130524, 52.535162325474467 ], [ 17.015749405222547, 52.534978614537216 ], [ 17.015827786075651, 52.534892235049576 ], [ 17.015990771228264, 52.534820225781573 ], [ 17.016100475137605, 52.534762073548215 ], [ 17.016128016395776, 52.534720442268217 ], [ 17.016201475699702, 52.534609065988576 ], [ 17.016253463718186, 52.53454535893475 ], [ 17.016256243286172, 52.534483705066869 ], [ 17.016257633066385, 52.534452878132626 ], [ 17.016257997731334, 52.534444789432655 ], [ 17.016209495579229, 52.534398465465742 ], [ 17.016073003417688, 52.534353994126981 ], [ 17.015913077262919, 52.534299325982488 ], [ 17.015790512222615, 52.534243665152651 ], [ 17.015614959895181, 52.534179020792344 ], [ 17.015511549383934, 52.534110729184434 ], [ 17.015411302806015, 52.534031157807021 ], [ 17.015309670224859, 52.533982323392038 ], [ 17.015191458451113, 52.533944633479365 ] ] ] ] } },
{ "type": "Feature", "properties": { "gml_id": "OT_ADJA_A.20", "lokalnyId": "322BD60C-5C60-598B-E053-CC2BA8C05138", "przestrzen": "PL.PZGiK.308.BDOT10k", "wersjaId": "2022-01-20T00:00:00", "czyObiektB": 0, "x_kod": "ADJA05", "x_skrKarto": null, "x_katDoklG": "Dok", "x_doklGeom": 1, "x_doklGe_1": "m", "x_zrodloDa": "PRG", "x_zrodlo_1": "PRG", "x_katIstni": null, "x_rodzajRe": "ZP", "x_aktualno": "2022-01-20", "x_aktual_1": "2022-01-20", "poczatekWe": "2022-01-20T00:00:00", "x_dataUtwo": "2012-11-13", "x_kodKarto": "0010_505", "x_kodKar_1": "0025_505", "x_kodKar_2": "0050_505", "x_kodKar_3": "0100_505", "x_kodKar_4": null, "x_kodKar_5": null, "x_kodKar_6": null, "nazwa": "Czerwonak", "idPRG": 1030210420, "idTerytJed": 3021, "idTerytTer": 3021042, "rodzaj": "GW", "PRG|BT_Ref": 1030210420, "PRG|BT_R_1": "PL.PZGiK.200", "x_informDo": null }, "geometry": { "type": "MultiPolygon", "coordinates": [ [ [ [ 17.01791433486758, 52.543724278861589 ], [ 17.01793205940724, 52.543704158844996 ], [ 17.018015677228821, 52.543658969251794 ], [ 17.018089740531408, 52.543619555772224 ], [ 17.018108855524769, 52.543571846754219 ], [ 17.01808103223339, 52.543541070252999 ], [ 17.018014650594385, 52.543514774673312 ], [ 17.017928773216134, 52.543528266756375 ], [ 17.017875573049086, 52.543543385412804 ], [ 17.017799960245746, 52.54357135014218 ], [ 17.017736361671819, 52.543574961841657 ], [ 17.017699058626082, 52.543584320575185 ], [ 17.017651905491462, 52.543606016265414 ], [ 17.017627302610226, 52.54362817963208 ], [ 17.017616118440049, 52.543650477837012 ], [ 17.01761827689451, 52.543668052729004 ], [ 17.017637391943872, 52.543702191212091 ], [ 17.017679921613539, 52.543737261566569 ], [ 17.017725650753917, 52.543766809080402 ], [ 17.017757322186821, 52.543771117166564 ], [ 17.017804920096154, 52.543762470506458 ], [ 17.017870330037585, 52.543744858120924 ], [ 17.01791433486758, 52.543724278861589 ] ] ] ] } },
{ "type": "Feature", "properties": { "gml_id": "OT_ADJA_A.20", "lokalnyId": "322BD60C-5C60-598B-E053-CC2BA8C05138", "przestrzen": "PL.PZGiK.308.BDOT10k", "wersjaId": "2022-01-20T00:00:00", "czyObiektB": 0, "x_kod": "ADJA05", "x_skrKarto": null, "x_katDoklG": "Dok", "x_doklGeom": 1, "x_doklGe_1": "m", "x_zrodloDa": "PRG", "x_zrodlo_1": "PRG", "x_katIstni": null, "x_rodzajRe": "ZP", "x_aktualno": "2022-01-20", "x_aktual_1": "2022-01-20", "poczatekWe": "2022-01-20T00:00:00", "x_dataUtwo": "2012-11-13", "x_kodKarto": "0010_505", "x_kodKar_1": "0025_505", "x_kodKar_2": "0050_505", "x_kodKar_3": "0100_505", "x_kodKar_4": null, "x_kodKar_5": null, "x_kodKar_6": null, "nazwa": "Czerwonak", "idPRG": 1030210420, "idTerytJed": 3021, "idTerytTer": 3021042, "rodzaj": "GW", "PRG|BT_Ref": 1030210420, "PRG|BT_R_1": "PL.PZGiK.200", "x_informDo": null }, "geometry": { "type": "MultiPolygon", "coordinates": [ [ [ [ 17.019105881144341, 52.543796756381589 ], [ 17.01908091031369, 52.54378779388346 ], [ 17.019030784200147, 52.543777241044403 ], [ 17.019012167772949, 52.54377459091387 ], [ 17.01898981975738, 52.54376962975865 ], [ 17.018927693427788, 52.543770028825676 ], [ 17.018834915307693, 52.543766406968153 ], [ 17.018762018258542, 52.543779937079307 ], [ 17.01871361560768, 52.543799903368736 ], [ 17.01871612494012, 52.543845725965753 ], [ 17.018737238277744, 52.54387809887541 ], [ 17.018769964050311, 52.543901582031403 ], [ 17.018821698989193, 52.543918997521963 ], [ 17.018955664624297, 52.543925287611295 ], [ 17.019008273948806, 52.543923290140661 ], [ 17.019079623086554, 52.543901549225581 ], [ 17.019110989222131, 52.543870054840042 ], [ 17.019129483985314, 52.543836096441076 ], [ 17.019123022185411, 52.543812513362958 ], [ 17.019105881144341, 52.543796756381589 ] ] ] ] } },
{ "type": "Feature", "properties": { "gml_id": "OT_ADJA_A.20", "lokalnyId": "322BD60C-5C60-598B-E053-CC2BA8C05138", "przestrzen": "PL.PZGiK.308.BDOT10k", "wersjaId": "2022-01-20T00:00:00", "czyObiektB": 0, "x_kod": "ADJA05", "x_skrKarto": null, "x_katDoklG": "Dok", "x_doklGeom": 1, "x_doklGe_1": "m", "x_zrodloDa": "PRG", "x_zrodlo_1": "PRG", "x_katIstni": null, "x_rodzajRe": "ZP", "x_aktualno": "2022-01-20", "x_aktual_1": "2022-01-20", "poczatekWe": "2022-01-20T00:00:00", "x_dataUtwo": "2012-11-13", "x_kodKarto": "0010_505", "x_kodKar_1": "0025_505", "x_kodKar_2": "0050_505", "x_kodKar_3": "0100_505", "x_kodKar_4": null, "x_kodKar_5": null, "x_kodKar_6": null, "nazwa": "Czerwonak", "idPRG": 1030210420, "idTerytJed": 3021, "idTerytTer": 3021042, "rodzaj": "GW", "PRG|BT_Ref": 1030210420, "PRG|BT_R_1": "PL.PZGiK.200", "x_informDo": null }, "geometry": { "type": "MultiPolygon", "coordinates": [ [ [ [ 17.019737988150105, 52.543876321175411 ], [ 17.019718752575681, 52.543887421952043 ], [ 17.01970673399433, 52.543902061297487 ], [ 17.019702275794842, 52.543919165653755 ], [ 17.019729145432148, 52.543948216902571 ], [ 17.01975880897071, 52.543964363220574 ], [ 17.019837156036566, 52.5439805146708 ], [ 17.019909296548025, 52.543983790428726 ], [ 17.019964751808189, 52.543974285007074 ], [ 17.020018774628447, 52.543973659869899 ], [ 17.020060876221752, 52.543956016066815 ], [ 17.020072947291983, 52.543940208315924 ], [ 17.020059403702845, 52.543906793052365 ], [ 17.020008052601437, 52.543880840020364 ], [ 17.019963408826847, 52.543869749710282 ], [ 17.019903564633371, 52.543865330596375 ], [ 17.019811878806351, 52.543860378650692 ], [ 17.019772211496473, 52.543866550498208 ], [ 17.019737988150105, 52.543876321175411 ] ] ] ] } },
{ "type": "Feature", "properties": { "gml_id": "OT_ADJA_A.20", "lokalnyId": "322BD60C-5C60-598B-E053-CC2BA8C05138", "przestrzen": "PL.PZGiK.308.BDOT10k", "wersjaId": "2022-01-20T00:00:00", "czyObiektB": 0, "x_kod": "ADJA05", "x_skrKarto": null, "x_katDoklG": "Dok", "x_doklGeom": 1, "x_doklGe_1": "m", "x_zrodloDa": "PRG", "x_zrodlo_1": "PRG", "x_katIstni": null, "x_rodzajRe": "ZP", "x_aktualno": "2022-01-20", "x_aktual_1": "2022-01-20", "poczatekWe": "2022-01-20T00:00:00", "x_dataUtwo": "2012-11-13", "x_kodKarto": "0010_505", "x_kodKar_1": "0025_505", "x_kodKar_2": "0050_505", "x_kodKar_3": "0100_505", "x_kodKar_4": null, "x_kodKar_5": null, "x_kodKar_6": null, "nazwa": "Czerwonak", "idPRG": 1030210420, "idTerytJed": 3021, "idTerytTer": 3021042, "rodzaj": "GW", "PRG|BT_Ref": 1030210420, "PRG|BT_R_1": "PL.PZGiK.200", "x_informDo": null }, "geometry": { "type": "MultiPolygon", "coordinates": [ [ [ [ 17.020027020620571, 52.544285357573479 ], [ 17.020101689587264, 52.54432096475837 ], [ 17.020158974801735, 52.544339641762804 ], [ 17.020233180227546, 52.544336386085469 ], [ 17.020298050761284, 52.544320921948177 ], [ 17.020356836700618, 52.544276754377229 ], [ 17.020376179664051, 52.544230487900975 ], [ 17.020373198027453, 52.544185287048379 ], [ 17.020332163295336, 52.544162834596229 ], [ 17.020263248090153, 52.544150169125793 ], [ 17.020151678427229, 52.544147762957159 ], [ 17.020011583679398, 52.544159629944971 ], [ 17.019932036411266, 52.544173409280511 ], [ 17.019916416867758, 52.544192665389403 ], [ 17.019956466533571, 52.544233719537928 ], [ 17.020027020620571, 52.544285357573479 ] ] ] ] } },
{ "type": "Feature", "properties": { "gml_id": "OT_ADJA_A.20", "lokalnyId": "322BD60C-5C60-598B-E053-CC2BA8C05138", "przestrzen": "PL.PZGiK.308.BDOT10k", "wersjaId": "2022-01-20T00:00:00", "czyObiektB": 0, "x_kod": "ADJA05", "x_skrKarto": null, "x_katDoklG": "Dok", "x_doklGeom": 1, "x_doklGe_1": "m", "x_zrodloDa": "PRG", "x_zrodlo_1": "PRG", "x_katIstni": null, "x_rodzajRe": "ZP", "x_aktualno": "2022-01-20", "x_aktual_1": "2022-01-20", "poczatekWe": "2022-01-20T00:00:00", "x_dataUtwo": "2012-11-13", "x_kodKarto": "0010_505", "x_kodKar_1": "0025_505", "x_kodKar_2": "0050_505", "x_kodKar_3": "0100_505", "x_kodKar_4": null, "x_kodKar_5": null, "x_kodKar_6": null, "nazwa": "Czerwonak", "idPRG": 1030210420, "idTerytJed": 3021, "idTerytTer": 3021042, "rodzaj": "GW", "PRG|BT_Ref": 1030210420, "PRG|BT_R_1": "PL.PZGiK.200", "x_informDo": null }, "geometry": { "type": "MultiPolygon", "coordinates": [ [ [ [ 17.012088520680621, 52.546989050693405 ], [ 17.01202852180899, 52.547007560299782 ], [ 17.011964456988661, 52.547005045025578 ], [ 17.011920488358857, 52.546995312168562 ], [ 17.011899820445429, 52.5469955945577 ], [ 17.011879001044395, 52.546995964340553 ], [ 17.011848511987793, 52.547004626244423 ], [ 17.011841818097199, 52.547009100843503 ], [ 17.011820504202394, 52.54702367318653 ], [ 17.011825563756322, 52.547074935335701 ], [ 17.011866416818531, 52.547098107226503 ], [ 17.011991691129708, 52.547110824913418 ], [ 17.01205810102806, 52.547120215176271 ], [ 17.012113545112623, 52.547120876688474 ], [ 17.012150592346874, 52.547117271700074 ], [ 17.012180161991772, 52.547102837970435 ], [ 17.012196838248524, 52.547083150899141 ], [ 17.012206622546604, 52.547052734876367 ], [ 17.012191148918404, 52.546957675826143 ], [ 17.012152316966059, 52.546951806910606 ], [ 17.012135126335064, 52.546953496883404 ], [ 17.01212505796099, 52.546957555046603 ], [ 17.012088520680621, 52.546989050693405 ] ] ] ] } },
{ "type": "Feature", "properties": { "gml_id": "OT_ADJA_A.20", "lokalnyId": "322BD60C-5C60-598B-E053-CC2BA8C05138", "przestrzen": "PL.PZGiK.308.BDOT10k", "wersjaId": "2022-01-20T00:00:00", "czyObiektB": 0, "x_kod": "ADJA05", "x_skrKarto": null, "x_katDoklG": "Dok", "x_doklGeom": 1, "x_doklGe_1": "m", "x_zrodloDa": "PRG", "x_zrodlo_1": "PRG", "x_katIstni": null, "x_rodzajRe": "ZP", "x_aktualno": "2022-01-20", "x_aktual_1": "2022-01-20", "poczatekWe": "2022-01-20T00:00:00", "x_dataUtwo": "2012-11-13", "x_kodKarto": "0010_505", "x_kodKar_1": "0025_505", "x_kodKar_2": "0050_505", "x_kodKar_3": "0100_505", "x_kodKar_4": null, "x_kodKar_5": null, "x_kodKar_6": null, "nazwa": "Czerwonak", "idPRG": 1030210420, "idTerytJed": 3021, "idTerytTer": 3021042, "rodzaj": "GW", "PRG|BT_Ref": 1030210420, "PRG|BT_R_1": "PL.PZGiK.200", "x_informDo": null }, "geometry": { "type": "MultiPolygon", "coordinates": [ [ [ [ 17.010407240161385, 52.547509804605383 ], [ 17.010287140786449, 52.547532699452532 ], [ 17.010145192121644, 52.547614588708818 ], [ 17.010034747508605, 52.547684955278434 ], [ 17.009934443473011, 52.547746408099528 ], [ 17.009836051670245, 52.547847107829469 ], [ 17.009757497095777, 52.547949580167227 ], [ 17.009684701920261, 52.548084528536471 ], [ 17.009640273824804, 52.548166438294466 ], [ 17.009594522901782, 52.548222152584188 ], [ 17.009567388429272, 52.548303363804905 ], [ 17.009531414414283, 52.548351687355741 ], [ 17.009533453586833, 52.548417469458904 ], [ 17.009520740673562, 52.548479945405347 ], [ 17.009497566356991, 52.548535589666812 ], [ 17.009493217277463, 52.54858930199925 ], [ 17.009521275426554, 52.548634385288764 ], [ 17.009574639908269, 52.548658218107434 ], [ 17.009595787296266, 52.548696259591999 ], [ 17.009585032429626, 52.548800231862103 ], [ 17.00960319232313, 52.548897764881943 ], [ 17.009647965035423, 52.549026685618152 ], [ 17.009715557590429, 52.549091501503575 ], [ 17.009817000681309, 52.549190794840015 ], [ 17.009856675149344, 52.549226989219434 ], [ 17.009909577914637, 52.549264305453534 ], [ 17.009958752339745, 52.549335107432611 ], [ 17.009989511918388, 52.549359639247747 ], [ 17.010079554001049, 52.549443540394726 ], [ 17.010175613663982, 52.549518368536965 ], [ 17.010621356172301, 52.549831306089942 ], [ 17.010827639609868, 52.5500006269748 ], [ 17.010968686033323, 52.550088892432413 ], [ 17.011064639257366, 52.550143301149305 ], [ 17.011208023823198, 52.550251662725188 ], [ 17.011431361207084, 52.550363706078457 ], [ 17.011596850283095, 52.550436821464025 ], [ 17.011731739324865, 52.550488376049636 ], [ 17.011821424257413, 52.55050850078505 ], [ 17.012106958138368, 52.550553591378197 ], [ 17.012408264766567, 52.55058923241603 ], [ 17.012697266416474, 52.550639236694366 ], [ 17.012849411452784, 52.550658340791955 ], [ 17.013024363801826, 52.550665775359263 ], [ 17.013056687850771, 52.550662270654136 ], [ 17.013257238026316, 52.550651786428624 ], [ 17.013565036043062, 52.550631949207038 ], [ 17.013635185130269, 52.550627280377675 ], [ 17.013705231584701, 52.550611816721499 ], [ 17.013749879525427, 52.550600064099825 ], [ 17.013867317202866, 52.550551307624779 ], [ 17.014038903447503, 52.550469911264813 ], [ 17.01416310515765, 52.550388978760367 ], [ 17.014326344667698, 52.550250598472147 ], [ 17.014461636693643, 52.550133155324872 ], [ 17.01451551816535, 52.550060666471389 ], [ 17.014562652688785, 52.550013428100911 ], [ 17.014630474103523, 52.54998839270467 ], [ 17.014732691124433, 52.549969510675552 ], [ 17.014817473955596, 52.549921734500188 ], [ 17.014852464040764, 52.549852616235626 ], [ 17.014876348626579, 52.549738610414259 ], [ 17.014845348961551, 52.549676839799773 ], [ 17.014821526429511, 52.549629310490829 ], [ 17.014736958563596, 52.549584090050445 ], [ 17.014585416661088, 52.549502668536896 ], [ 17.014566829167734, 52.549486257053836 ], [ 17.014561372702104, 52.549463320196573 ], [ 17.014579105128114, 52.549423503465071 ], [ 17.014576793411099, 52.549389736360219 ], [ 17.014547310729736, 52.549349937004884 ], [ 17.014539737393964, 52.549298722782609 ], [ 17.01449647319151, 52.54923737590331 ], [ 17.014399950860852, 52.54916937915808 ], [ 17.014382279280301, 52.549149025554051 ], [ 17.014386318123996, 52.549121660946923 ], [ 17.014347410976786, 52.549068391967509 ], [ 17.014283813772536, 52.549035845122127 ], [ 17.014101016893413, 52.548878796790497 ], [ 17.014002629376964, 52.548812927022013 ], [ 17.013886419027966, 52.548766005695292 ], [ 17.013736472942124, 52.5487212163168 ], [ 17.013597124283383, 52.548693333874162 ], [ 17.0134717034963, 52.54865435233819 ], [ 17.013380444907327, 52.548613605642451 ], [ 17.013230943471918, 52.548467548134084 ], [ 17.013003497859135, 52.548309388713378 ], [ 17.012856383044578, 52.548208521781902 ], [ 17.01261183723598, 52.54807948556266 ], [ 17.012505859741655, 52.548031475501453 ], [ 17.012296514473846, 52.547936488285671 ], [ 17.012251606492857, 52.547892022075558 ], [ 17.012165192554384, 52.547855133365296 ], [ 17.012019042673238, 52.5478080670363 ], [ 17.011820861668145, 52.547743577040769 ], [ 17.011672581835956, 52.547681634022126 ], [ 17.011455068839972, 52.54759442297911 ], [ 17.011250518911094, 52.54753378245556 ], [ 17.011083085176523, 52.547500658101384 ], [ 17.010994584249996, 52.547487118437544 ], [ 17.01078555506286, 52.547486393314735 ], [ 17.010695632028636, 52.54748146398088 ], [ 17.010567539097089, 52.547491902651416 ], [ 17.010495970332961, 52.547498704379535 ], [ 17.010407240161385, 52.547509804605383 ] ] ] ] } },
{ "type": "Feature", "properties": { "gml_id": "OT_ADJA_A.20", "lokalnyId": "322BD60C-5C60-598B-E053-CC2BA8C05138", "przestrzen": "PL.PZGiK.308.BDOT10k", "wersjaId": "2022-01-20T00:00:00", "czyObiektB": 0, "x_kod": "ADJA05", "x_skrKarto": null, "x_katDoklG": "Dok", "x_doklGeom": 1, "x_doklGe_1": "m", "x_zrodloDa": "PRG", "x_zrodlo_1": "PRG", "x_katIstni": null, "x_rodzajRe": "ZP", "x_aktualno": "2022-01-20", "x_aktual_1": "2022-01-20", "poczatekWe": "2022-01-20T00:00:00", "x_dataUtwo": "2012-11-13", "x_kodKarto": "0010_505", "x_kodKar_1": "0025_505", "x_kodKar_2": "0050_505", "x_kodKar_3": "0100_505", "x_kodKar_4": null, "x_kodKar_5": null, "x_kodKar_6": null, "nazwa": "Czerwonak", "idPRG": 1030210420, "idTerytJed": 3021, "idTerytTer": 3021042, "rodzaj": "GW", "PRG|BT_Ref": 1030210420, "PRG|BT_R_1": "PL.PZGiK.200", "x_informDo": null }, "geometry": { "type": "MultiPolygon", "coordinates": [ [ [ [ 17.011256596547312, 52.554192217279066 ], [ 17.01123804532083, 52.554152151106429 ], [ 17.011166931105929, 52.554106254829783 ], [ 17.011070104748541, 52.554087268834877 ], [ 17.011012067565289, 52.554111117531527 ], [ 17.011022251673708, 52.554153471565499 ], [ 17.011052703534943, 52.554201202969843 ], [ 17.011116273149092, 52.55423447056581 ], [ 17.011200448046029, 52.554265655944064 ], [ 17.011232659214532, 52.554271233982782 ], [ 17.011269935012681, 52.554259448334612 ], [ 17.011279504013658, 52.554227319886571 ], [ 17.011256596547312, 52.554192217279066 ] ] ] ] } },
{ "type": "Feature", "properties": { "gml_id": "OT_ADJA_A.20", "lokalnyId": "322BD60C-5C60-598B-E053-CC2BA8C05138", "przestrzen": "PL.PZGiK.308.BDOT10k", "wersjaId": "2022-01-20T00:00:00", "czyObiektB": 0, "x_kod": "ADJA05", "x_skrKarto": null, "x_katDoklG": "Dok", "x_doklGeom": 1, "x_doklGe_1": "m", "x_zrodloDa": "PRG", "x_zrodlo_1": "PRG", "x_katIstni": null, "x_rodzajRe": "ZP", "x_aktualno": "2022-01-20", "x_aktual_1": "2022-01-20", "poczatekWe": "2022-01-20T00:00:00", "x_dataUtwo": "2012-11-13", "x_kodKarto": "0010_505", "x_kodKar_1": "0025_505", "x_kodKar_2": "0050_505", "x_kodKar_3": "0100_505", "x_kodKar_4": null, "x_kodKar_5": null, "x_kodKar_6": null, "nazwa": "Czerwonak", "idPRG": 1030210420, "idTerytJed": 3021, "idTerytTer": 3021042, "rodzaj": "GW", "PRG|BT_Ref": 1030210420, "PRG|BT_R_1": "PL.PZGiK.200", "x_informDo": null }, "geometry": { "type": "MultiPolygon", "coordinates": [ [ [ [ 17.060055415246314, 52.484584697844795 ], [ 17.060078763075758, 52.484583102057186 ], [ 17.060106705496842, 52.484577534213422 ], [ 17.060125159889104, 52.48456326621627 ], [ 17.060126223821356, 52.484539089151156 ], [ 17.060110644846699, 52.484488016158785 ], [ 17.060096022610391, 52.484458724925418 ], [ 17.060090843548867, 52.484449196024798 ], [ 17.060080429611848, 52.484444797924567 ], [ 17.060060964946299, 52.484445198209087 ], [ 17.060035587753628, 52.484446041167509 ], [ 17.060013251629787, 52.4844514311228 ], [ 17.05999396360933, 52.484457860437047 ], [ 17.059986305958027, 52.484464480515648 ], [ 17.059987426995868, 52.484475831650613 ], [ 17.059991731498798, 52.484488494196292 ], [ 17.060003077020323, 52.484525286861803 ], [ 17.060016000685639, 52.484556349095072 ], [ 17.060020114474867, 52.484569997878118 ], [ 17.060026005904067, 52.484580078120622 ], [ 17.060037497873385, 52.48458341459807 ], [ 17.060055415246314, 52.484584697844795 ] ] ] ] } },
{ "type": "Feature", "properties": { "gml_id": "OT_ADJA_A.20", "lokalnyId": "322BD60C-5C60-598B-E053-CC2BA8C05138", "przestrzen": "PL.PZGiK.308.BDOT10k", "wersjaId": "2022-01-20T00:00:00", "czyObiektB": 0, "x_kod": "ADJA05", "x_skrKarto": null, "x_katDoklG": "Dok", "x_doklGeom": 1, "x_doklGe_1": "m", "x_zrodloDa": "PRG", "x_zrodlo_1": "PRG", "x_katIstni": null, "x_rodzajRe": "ZP", "x_aktualno": "2022-01-20", "x_aktual_1": "2022-01-20", "poczatekWe": "2022-01-20T00:00:00", "x_dataUtwo": "2012-11-13", "x_kodKarto": "0010_505", "x_kodKar_1": "0025_505", "x_kodKar_2": "0050_505", "x_kodKar_3": "0100_505", "x_kodKar_4": null, "x_kodKar_5": null, "x_kodKar_6": null, "nazwa": "Czerwonak", "idPRG": 1030210420, "idTerytJed": 3021, "idTerytTer": 3021042, "rodzaj": "GW", "PRG|BT_Ref": 1030210420, "PRG|BT_R_1": "PL.PZGiK.200", "x_informDo": null }, "geometry": { "type": "MultiPolygon", "coordinates": [ [ [ [ 17.040121225367155, 52.52016819829425 ], [ 17.040145693069693, 52.520065709687564 ], [ 17.040135397466987, 52.519998891949591 ], [ 17.040073980306783, 52.519967564033763 ], [ 17.040027117067645, 52.519976951188646 ], [ 17.039985418782237, 52.52002267060864 ], [ 17.039923381731736, 52.520078126600787 ], [ 17.039893807892508, 52.52014626258152 ], [ 17.039890394598, 52.520222926758017 ], [ 17.039900869939931, 52.520285700094568 ], [ 17.039955356383036, 52.520326986809877 ], [ 17.040029781846407, 52.520347647265652 ], [ 17.040165677504984, 52.520358712734037 ], [ 17.040304077297492, 52.520373147385037 ], [ 17.040404224043076, 52.520352590382963 ], [ 17.040442232736563, 52.520316883239545 ], [ 17.040424193631392, 52.520278269083228 ], [ 17.040322906658769, 52.520248259684841 ], [ 17.040223148892192, 52.520256770801723 ], [ 17.040151951709944, 52.520223212261612 ], [ 17.040121225367155, 52.52016819829425 ] ] ] ] } },
{ "type": "Feature", "properties": { "gml_id": "OT_ADJA_A.20", "lokalnyId": "322BD60C-5C60-598B-E053-CC2BA8C05138", "przestrzen": "PL.PZGiK.308.BDOT10k", "wersjaId": "2022-01-20T00:00:00", "czyObiektB": 0, "x_kod": "ADJA05", "x_skrKarto": null, "x_katDoklG": "Dok", "x_doklGeom": 1, "x_doklGe_1": "m", "x_zrodloDa": "PRG", "x_zrodlo_1": "PRG", "x_katIstni": null, "x_rodzajRe": "ZP", "x_aktualno": "2022-01-20", "x_aktual_1": "2022-01-20", "poczatekWe": "2022-01-20T00:00:00", "x_dataUtwo": "2012-11-13", "x_kodKarto": "0010_505", "x_kodKar_1": "0025_505", "x_kodKar_2": "0050_505", "x_kodKar_3": "0100_505", "x_kodKar_4": null, "x_kodKar_5": null, "x_kodKar_6": null, "nazwa": "Czerwonak", "idPRG": 1030210420, "idTerytJed": 3021, "idTerytTer": 3021042, "rodzaj": "GW", "PRG|BT_Ref": 1030210420, "PRG|BT_R_1": "PL.PZGiK.200", "x_informDo": null }, "geometry": { "type": "MultiPolygon", "coordinates": [ [ [ [ 17.037425467070278, 52.528866524665403 ], [ 17.03741412602804, 52.528872812392585 ], [ 17.037388517569774, 52.528881561734558 ], [ 17.037376900898881, 52.528890723035239 ], [ 17.037366399327965, 52.528914563401251 ], [ 17.037356384860576, 52.52893409462272 ], [ 17.03734997067777, 52.528968795842488 ], [ 17.037353186208527, 52.528992593905841 ], [ 17.037338189299437, 52.529011412886867 ], [ 17.03732219072641, 52.529022929937128 ], [ 17.037317285676448, 52.529030403716241 ], [ 17.037318757483895, 52.529037083848536 ], [ 17.037324403663238, 52.529042753916343 ], [ 17.037335156513802, 52.529046350077451 ], [ 17.037367521137352, 52.529048146099441 ], [ 17.037393496880458, 52.529051005390592 ], [ 17.037430403072978, 52.529063399955795 ], [ 17.037512060789261, 52.529077616055901 ], [ 17.037584924256777, 52.529077385445859 ], [ 17.03767008602512, 52.529065936098078 ], [ 17.037694145630937, 52.529055542050131 ], [ 17.037718057858445, 52.529045145553241 ], [ 17.037750305048863, 52.529009883360082 ], [ 17.037771414212134, 52.528966431601091 ], [ 17.037844826460464, 52.528894346160804 ], [ 17.037949473937864, 52.528846073636636 ], [ 17.038053634141615, 52.528802110164335 ], [ 17.038117988401677, 52.528761174231157 ], [ 17.038136589784216, 52.528740885900682 ], [ 17.038134159281839, 52.528729243065705 ], [ 17.03811708346306, 52.528718616593807 ], [ 17.038080861231236, 52.528710730689404 ], [ 17.038037677633017, 52.528700210965852 ], [ 17.038017821930872, 52.528689088674653 ], [ 17.037983891241602, 52.528676114035001 ], [ 17.03790160056813, 52.528662877123409 ], [ 17.03782275946088, 52.528648348226469 ], [ 17.037621785801655, 52.528611197046374 ], [ 17.037621646829674, 52.528624236353316 ], [ 17.037632738797946, 52.528640070244684 ], [ 17.037683983558356, 52.528694705516422 ], [ 17.037694291049924, 52.528724827193116 ], [ 17.037694121844048, 52.528731929816651 ], [ 17.037689297035566, 52.528737606098659 ], [ 17.037673744759907, 52.528749040654958 ], [ 17.037642276037431, 52.528763539102201 ], [ 17.037612590809022, 52.528781035211018 ], [ 17.037590839653394, 52.528812424048098 ], [ 17.037569277369332, 52.528823039377528 ], [ 17.037556077615168, 52.528824709241491 ], [ 17.037478072778512, 52.528824494787877 ], [ 17.037462024049653, 52.528830524553655 ], [ 17.037450077525815, 52.528837162010248 ], [ 17.037442564010863, 52.528843603166294 ], [ 17.037431757575106, 52.528861052588788 ], [ 17.037425467070278, 52.528866524665403 ] ] ] ] } },
{ "type": "Feature", "properties": { "gml_id": "OT_ADJA_A.20", "lokalnyId": "322BD60C-5C60-598B-E053-CC2BA8C05138", "przestrzen": "PL.PZGiK.308.BDOT10k", "wersjaId": "2022-01-20T00:00:00", "czyObiektB": 0, "x_kod": "ADJA05", "x_skrKarto": null, "x_katDoklG": "Dok", "x_doklGeom": 1, "x_doklGe_1": "m", "x_zrodloDa": "PRG", "x_zrodlo_1": "PRG", "x_katIstni": null, "x_rodzajRe": "ZP", "x_aktualno": "2022-01-20", "x_aktual_1": "2022-01-20", "poczatekWe": "2022-01-20T00:00:00", "x_dataUtwo": "2012-11-13", "x_kodKarto": "0010_505", "x_kodKar_1": "0025_505", "x_kodKar_2": "0050_505", "x_kodKar_3": "0100_505", "x_kodKar_4": null, "x_kodKar_5": null, "x_kodKar_6": null, "nazwa": "Czerwonak", "idPRG": 1030210420, "idTerytJed": 3021, "idTerytTer": 3021042, "rodzaj": "GW", "PRG|BT_Ref": 1030210420, "PRG|BT_R_1": "PL.PZGiK.200", "x_informDo": null }, "geometry": { "type": "MultiPolygon", "coordinates": [ [ [ [ 17.036875073878573, 52.529035479811967 ], [ 17.036815537653759, 52.529034492029844 ], [ 17.036750807736365, 52.529060670517076 ], [ 17.036698718256638, 52.52909110610365 ], [ 17.036687496449687, 52.529111246832549 ], [ 17.036694350921518, 52.529165865512411 ], [ 17.036701389740362, 52.529203128414196 ], [ 17.036719830923762, 52.529229427680214 ], [ 17.036749462101, 52.529262748212304 ], [ 17.036785283618077, 52.529279622089106 ], [ 17.036824910598479, 52.529290532968687 ], [ 17.036881658245001, 52.52929453251177 ], [ 17.036931940637533, 52.529288081418557 ], [ 17.036993091008462, 52.529272726447104 ], [ 17.037071453184645, 52.529251720796012 ], [ 17.037143519510273, 52.529226383372496 ], [ 17.037188490423183, 52.52921336822547 ], [ 17.03726737627111, 52.529170695075074 ], [ 17.037291813724408, 52.529148524954408 ], [ 17.037297549680641, 52.529132340570634 ], [ 17.037291058162666, 52.529115863421893 ], [ 17.037267065763917, 52.529085064999435 ], [ 17.037203773761391, 52.529012870872734 ], [ 17.037203105757442, 52.528994781419421 ], [ 17.037192326753054, 52.528985158688151 ], [ 17.037159565118756, 52.528979038808686 ], [ 17.037124132022814, 52.528983217950923 ], [ 17.037096148593761, 52.528995615460282 ], [ 17.037004586101837, 52.529021618778586 ], [ 17.036875073878573, 52.529035479811967 ] ] ] ] } },
{ "type": "Feature", "properties": { "gml_id": "OT_ADJA_A.20", "lokalnyId": "322BD60C-5C60-598B-E053-CC2BA8C05138", "przestrzen": "PL.PZGiK.308.BDOT10k", "wersjaId": "2022-01-20T00:00:00", "czyObiektB": 0, "x_kod": "ADJA05", "x_skrKarto": null, "x_katDoklG": "Dok", "x_doklGeom": 1, "x_doklGe_1": "m", "x_zrodloDa": "PRG", "x_zrodlo_1": "PRG", "x_katIstni": null, "x_rodzajRe": "ZP", "x_aktualno": "2022-01-20", "x_aktual_1": "2022-01-20", "poczatekWe": "2022-01-20T00:00:00", "x_dataUtwo": "2012-11-13", "x_kodKarto": "0010_505", "x_kodKar_1": "0025_505", "x_kodKar_2": "0050_505", "x_kodKar_3": "0100_505", "x_kodKar_4": null, "x_kodKar_5": null, "x_kodKar_6": null, "nazwa": "Czerwonak", "idPRG": 1030210420, "idTerytJed": 3021, "idTerytTer": 3021042, "rodzaj": "GW", "PRG|BT_Ref": 1030210420, "PRG|BT_R_1": "PL.PZGiK.200", "x_informDo": null }, "geometry": { "type": "MultiPolygon", "coordinates": [ [ [ [ 17.034878446899715, 52.530315852369029 ], [ 17.034876978061249, 52.530348746807448 ], [ 17.034848130930467, 52.53039036065217 ], [ 17.034801549251579, 52.530426193477744 ], [ 17.034751939796941, 52.530463774841024 ], [ 17.03475096050337, 52.530485704464468 ], [ 17.034773450054786, 52.530517108032704 ], [ 17.034818153600021, 52.53052333695814 ], [ 17.034869144208116, 52.530524183808851 ], [ 17.034936159089938, 52.530499753182809 ], [ 17.034980282899383, 52.530452906543672 ], [ 17.034995402294069, 52.53038183349306 ], [ 17.03498648701521, 52.530313958990121 ], [ 17.034985586480161, 52.530291188667576 ], [ 17.034983627112062, 52.530242587359787 ], [ 17.034976840633806, 52.530193096408858 ], [ 17.03496407909152, 52.530145305072558 ], [ 17.034943900030036, 52.530124912853601 ], [ 17.034905078527991, 52.530122379345677 ], [ 17.034851475762029, 52.530180041476044 ], [ 17.034855479226422, 52.530225798586358 ], [ 17.034862261558843, 52.530275379418228 ], [ 17.034878446899715, 52.530315852369029 ] ] ] ] } },
{ "type": "Feature", "properties": { "gml_id": "OT_ADJA_A.20", "lokalnyId": "322BD60C-5C60-598B-E053-CC2BA8C05138", "przestrzen": "PL.PZGiK.308.BDOT10k", "wersjaId": "2022-01-20T00:00:00", "czyObiektB": 0, "x_kod": "ADJA05", "x_skrKarto": null, "x_katDoklG": "Dok", "x_doklGeom": 1, "x_doklGe_1": "m", "x_zrodloDa": "PRG", "x_zrodlo_1": "PRG", "x_katIstni": null, "x_rodzajRe": "ZP", "x_aktualno": "2022-01-20", "x_aktual_1": "2022-01-20", "poczatekWe": "2022-01-20T00:00:00", "x_dataUtwo": "2012-11-13", "x_kodKarto": "0010_505", "x_kodKar_1": "0025_505", "x_kodKar_2": "0050_505", "x_kodKar_3": "0100_505", "x_kodKar_4": null, "x_kodKar_5": null, "x_kodKar_6": null, "nazwa": "Czerwonak", "idPRG": 1030210420, "idTerytJed": 3021, "idTerytTer": 3021042, "rodzaj": "GW", "PRG|BT_Ref": 1030210420, "PRG|BT_R_1": "PL.PZGiK.200", "x_informDo": null }, "geometry": { "type": "MultiPolygon", "coordinates": [ [ [ [ 17.066971500276253, 52.490286227272222 ], [ 17.066880026209812, 52.49028895961024 ], [ 17.066804658390609, 52.490324244390671 ], [ 17.066775757678894, 52.490348236333418 ], [ 17.066767694087211, 52.490374187797698 ], [ 17.066854547824679, 52.490466718832316 ], [ 17.066984906387336, 52.490561759622523 ], [ 17.067027087304673, 52.490577649190897 ], [ 17.067068056004516, 52.490587582745363 ], [ 17.06712065651665, 52.490587632830682 ], [ 17.067182097709622, 52.490574246074686 ], [ 17.067297395237205, 52.490528910371225 ], [ 17.067337711853916, 52.490493232453986 ], [ 17.067357078302809, 52.490461529444559 ], [ 17.067347071809408, 52.49043771113282 ], [ 17.067275298946466, 52.49040110114484 ], [ 17.067028508581831, 52.490293274989348 ], [ 17.066971500276253, 52.490286227272222 ] ] ] ] } },
{ "type": "Feature", "properties": { "gml_id": "OT_ADJA_A.20", "lokalnyId": "322BD60C-5C60-598B-E053-CC2BA8C05138", "przestrzen": "PL.PZGiK.308.BDOT10k", "wersjaId": "2022-01-20T00:00:00", "czyObiektB": 0, "x_kod": "ADJA05", "x_skrKarto": null, "x_katDoklG": "Dok", "x_doklGeom": 1, "x_doklGe_1": "m", "x_zrodloDa": "PRG", "x_zrodlo_1": "PRG", "x_katIstni": null, "x_rodzajRe": "ZP", "x_aktualno": "2022-01-20", "x_aktual_1": "2022-01-20", "poczatekWe": "2022-01-20T00:00:00", "x_dataUtwo": "2012-11-13", "x_kodKarto": "0010_505", "x_kodKar_1": "0025_505", "x_kodKar_2": "0050_505", "x_kodKar_3": "0100_505", "x_kodKar_4": null, "x_kodKar_5": null, "x_kodKar_6": null, "nazwa": "Czerwonak", "idPRG": 1030210420, "idTerytJed": 3021, "idTerytTer": 3021042, "rodzaj": "GW", "PRG|BT_Ref": 1030210420, "PRG|BT_R_1": "PL.PZGiK.200", "x_informDo": null }, "geometry": { "type": "MultiPolygon", "coordinates": [ [ [ [ 17.092218342796826, 52.491624596356061 ], [ 17.092235506602758, 52.491636565631417 ], [ 17.092267353486395, 52.491642925493913 ], [ 17.092288309203955, 52.491642184168349 ], [ 17.092341190468936, 52.49161875271642 ], [ 17.092467787154956, 52.491601187019349 ], [ 17.092492986928587, 52.491594308108596 ], [ 17.092550044375805, 52.491552685705287 ], [ 17.092565187543148, 52.491529634949387 ], [ 17.092577485762924, 52.491511035409921 ], [ 17.092579811964253, 52.491457287665661 ], [ 17.092565329805979, 52.491420807545005 ], [ 17.09255473039309, 52.491406965452001 ], [ 17.092528451749647, 52.491401325053168 ], [ 17.092469332228717, 52.491402080568363 ], [ 17.092410405464996, 52.491408595444376 ], [ 17.092336349389011, 52.491379968832405 ], [ 17.092302909292179, 52.491355954678426 ], [ 17.092281513164629, 52.491349853317921 ], [ 17.092205226128048, 52.49133872931273 ], [ 17.092155667196057, 52.491333073112045 ], [ 17.092131413249803, 52.491338528135678 ], [ 17.092114876502425, 52.491352921936809 ], [ 17.092115714743734, 52.491367595988166 ], [ 17.092169116645859, 52.491444458236664 ], [ 17.092170092896861, 52.4914457331694 ], [ 17.092188061020028, 52.491510601265283 ], [ 17.0921913649914, 52.491584047148166 ], [ 17.092201330137542, 52.491612539574035 ], [ 17.092218342796826, 52.491624596356061 ] ] ] ] } },
{ "type": "Feature", "properties": { "gml_id": "OT_ADJA_A.20", "lokalnyId": "322BD60C-5C60-598B-E053-CC2BA8C05138", "przestrzen": "PL.PZGiK.308.BDOT10k", "wersjaId": "2022-01-20T00:00:00", "czyObiektB": 0, "x_kod": "ADJA05", "x_skrKarto": null, "x_katDoklG": "Dok", "x_doklGeom": 1, "x_doklGe_1": "m", "x_zrodloDa": "PRG", "x_zrodlo_1": "PRG", "x_katIstni": null, "x_rodzajRe": "ZP", "x_aktualno": "2022-01-20", "x_aktual_1": "2022-01-20", "poczatekWe": "2022-01-20T00:00:00", "x_dataUtwo": "2012-11-13", "x_kodKarto": "0010_505", "x_kodKar_1": "0025_505", "x_kodKar_2": "0050_505", "x_kodKar_3": "0100_505", "x_kodKar_4": null, "x_kodKar_5": null, "x_kodKar_6": null, "nazwa": "Czerwonak", "idPRG": 1030210420, "idTerytJed": 3021, "idTerytTer": 3021042, "rodzaj": "GW", "PRG|BT_Ref": 1030210420, "PRG|BT_R_1": "PL.PZGiK.200", "x_informDo": null }, "geometry": { "type": "MultiPolygon", "coordinates": [ [ [ [ 17.073005112522132, 52.492989762182965 ], [ 17.072973504965105, 52.49298807801172 ], [ 17.07295380051, 52.493000618725972 ], [ 17.072925470392107, 52.493031816819055 ], [ 17.072926906168803, 52.493066377993792 ], [ 17.072951745520193, 52.493084681152162 ], [ 17.072987990207839, 52.49309489543446 ], [ 17.073007876802286, 52.493095039523844 ], [ 17.073023756464416, 52.493089092210091 ], [ 17.073049814673897, 52.493066041818153 ], [ 17.073052643521685, 52.49302156654106 ], [ 17.073052400612692, 52.49300690201455 ], [ 17.073037297037462, 52.492998471232049 ], [ 17.073005112522132, 52.492989762182965 ] ] ] ] } },
{ "type": "Feature", "properties": { "gml_id": "OT_ADJA_A.20", "lokalnyId": "322BD60C-5C60-598B-E053-CC2BA8C05138", "przestrzen": "PL.PZGiK.308.BDOT10k", "wersjaId": "2022-01-20T00:00:00", "czyObiektB": 0, "x_kod": "ADJA05", "x_skrKarto": null, "x_katDoklG": "Dok", "x_doklGeom": 1, "x_doklGe_1": "m", "x_zrodloDa": "PRG", "x_zrodlo_1": "PRG", "x_katIstni": null, "x_rodzajRe": "ZP", "x_aktualno": "2022-01-20", "x_aktual_1": "2022-01-20", "poczatekWe": "2022-01-20T00:00:00", "x_dataUtwo": "2012-11-13", "x_kodKarto": "0010_505", "x_kodKar_1": "0025_505", "x_kodKar_2": "0050_505", "x_kodKar_3": "0100_505", "x_kodKar_4": null, "x_kodKar_5": null, "x_kodKar_6": null, "nazwa": "Czerwonak", "idPRG": 1030210420, "idTerytJed": 3021, "idTerytTer": 3021042, "rodzaj": "GW", "PRG|BT_Ref": 1030210420, "PRG|BT_R_1": "PL.PZGiK.200", "x_informDo": null }, "geometry": { "type": "MultiPolygon", "coordinates": [ [ [ [ 17.069380667093963, 52.494593421848549 ], [ 17.069430354077589, 52.494599539388872 ], [ 17.069433725183007, 52.494599954177353 ], [ 17.069529015459885, 52.494594403938287 ], [ 17.0696083770199, 52.494585805467629 ], [ 17.069692366434285, 52.494575843390322 ], [ 17.069741830503542, 52.494556773355029 ], [ 17.069749432555774, 52.494541337412976 ], [ 17.069734041647944, 52.494522648113772 ], [ 17.069655386551631, 52.494518486408772 ], [ 17.069568852178374, 52.494532724150083 ], [ 17.069503664936153, 52.494537326643012 ], [ 17.06945709473743, 52.494540793871685 ], [ 17.069387031509361, 52.494552422152026 ], [ 17.06935241408091, 52.494558872632147 ], [ 17.069348809004836, 52.494577251936633 ], [ 17.069380667093963, 52.494593421848549 ] ] ] ] } },
{ "type": "Feature", "properties": { "gml_id": "OT_ADJA_A.20", "lokalnyId": "322BD60C-5C60-598B-E053-CC2BA8C05138", "przestrzen": "PL.PZGiK.308.BDOT10k", "wersjaId": "2022-01-20T00:00:00", "czyObiektB": 0, "x_kod": "ADJA05", "x_skrKarto": null, "x_katDoklG": "Dok", "x_doklGeom": 1, "x_doklGe_1": "m", "x_zrodloDa": "PRG", "x_zrodlo_1": "PRG", "x_katIstni": null, "x_rodzajRe": "ZP", "x_aktualno": "2022-01-20", "x_aktual_1": "2022-01-20", "poczatekWe": "2022-01-20T00:00:00", "x_dataUtwo": "2012-11-13", "x_kodKarto": "0010_505", "x_kodKar_1": "0025_505", "x_kodKar_2": "0050_505", "x_kodKar_3": "0100_505", "x_kodKar_4": null, "x_kodKar_5": null, "x_kodKar_6": null, "nazwa": "Czerwonak", "idPRG": 1030210420, "idTerytJed": 3021, "idTerytTer": 3021042, "rodzaj": "GW", "PRG|BT_Ref": 1030210420, "PRG|BT_R_1": "PL.PZGiK.200", "x_informDo": null }, "geometry": { "type": "MultiPolygon", "coordinates": [ [ [ [ 17.091556338344638, 52.495727319341697 ], [ 17.091566543971265, 52.495757074865516 ], [ 17.09160419910511, 52.495782506322364 ], [ 17.091669565227914, 52.495794174009738 ], [ 17.09172618137568, 52.49578330498354 ], [ 17.091764226440734, 52.495755497102778 ], [ 17.091773573199486, 52.495716613119328 ], [ 17.091752601858957, 52.495666626908871 ], [ 17.091740486283989, 52.495633332857629 ], [ 17.091702628794298, 52.495612575155249 ], [ 17.091666066825532, 52.495606139095777 ], [ 17.09160980511211, 52.495608829101315 ], [ 17.091576355021736, 52.495622410310702 ], [ 17.091547417970713, 52.495664485949668 ], [ 17.091555901116873, 52.495723804555254 ], [ 17.091556338344638, 52.495727319341697 ] ] ] ] } },
{ "type": "Feature", "properties": { "gml_id": "OT_ADJA_A.20", "lokalnyId": "322BD60C-5C60-598B-E053-CC2BA8C05138", "przestrzen": "PL.PZGiK.308.BDOT10k", "wersjaId": "2022-01-20T00:00:00", "czyObiektB": 0, "x_kod": "ADJA05", "x_skrKarto": null, "x_katDoklG": "Dok", "x_doklGeom": 1, "x_doklGe_1": "m", "x_zrodloDa": "PRG", "x_zrodlo_1": "PRG", "x_katIstni": null, "x_rodzajRe": "ZP", "x_aktualno": "2022-01-20", "x_aktual_1": "2022-01-20", "poczatekWe": "2022-01-20T00:00:00", "x_dataUtwo": "2012-11-13", "x_kodKarto": "0010_505", "x_kodKar_1": "0025_505", "x_kodKar_2": "0050_505", "x_kodKar_3": "0100_505", "x_kodKar_4": null, "x_kodKar_5": null, "x_kodKar_6": null, "nazwa": "Czerwonak", "idPRG": 1030210420, "idTerytJed": 3021, "idTerytTer": 3021042, "rodzaj": "GW", "PRG|BT_Ref": 1030210420, "PRG|BT_R_1": "PL.PZGiK.200", "x_informDo": null }, "geometry": { "type": "MultiPolygon", "coordinates": [ [ [ [ 17.079802858541118, 52.499289937945392 ], [ 17.079808463677971, 52.499228958335536 ], [ 17.079768154598472, 52.499210405560142 ], [ 17.079685276235733, 52.49922515979231 ], [ 17.079606966134179, 52.499266970719695 ], [ 17.079545313759027, 52.499332347000511 ], [ 17.079538016466302, 52.499364517697764 ], [ 17.079577698771871, 52.499397451090452 ], [ 17.079613925968964, 52.499401457007274 ], [ 17.079696503793574, 52.499400369123236 ], [ 17.079741017470738, 52.499386701009414 ], [ 17.079769537291401, 52.499371424125471 ], [ 17.079802858541118, 52.499289937945392 ] ] ] ] } },
{ "type": "Feature", "properties": { "gml_id": "OT_ADJA_A.20", "lokalnyId": "322BD60C-5C60-598B-E053-CC2BA8C05138", "przestrzen": "PL.PZGiK.308.BDOT10k", "wersjaId": "2022-01-20T00:00:00", "czyObiektB": 0, "x_kod": "ADJA05", "x_skrKarto": null, "x_katDoklG": "Dok", "x_doklGeom": 1, "x_doklGe_1": "m", "x_zrodloDa": "PRG", "x_zrodlo_1": "PRG", "x_katIstni": null, "x_rodzajRe": "ZP", "x_aktualno": "2022-01-20", "x_aktual_1": "2022-01-20", "poczatekWe": "2022-01-20T00:00:00", "x_dataUtwo": "2012-11-13", "x_kodKarto": "0010_505", "x_kodKar_1": "0025_505", "x_kodKar_2": "0050_505", "x_kodKar_3": "0100_505", "x_kodKar_4": null, "x_kodKar_5": null, "x_kodKar_6": null, "nazwa": "Czerwonak", "idPRG": 1030210420, "idTerytJed": 3021, "idTerytTer": 3021042, "rodzaj": "GW", "PRG|BT_Ref": 1030210420, "PRG|BT_R_1": "PL.PZGiK.200", "x_informDo": null }, "geometry": { "type": "MultiPolygon", "coordinates": [ [ [ [ 17.080083913781493, 52.49956702399011 ], [ 17.080399003481698, 52.499509537911187 ], [ 17.080488712811285, 52.49947330795262 ], [ 17.080513682039324, 52.499441423956661 ], [ 17.080527988515296, 52.499316007188433 ], [ 17.080510103673507, 52.499252937494809 ], [ 17.080487762863619, 52.499231258734348 ], [ 17.080450037799039, 52.499214277136772 ], [ 17.080300419877133, 52.499208251503084 ], [ 17.080091345328881, 52.499213852582223 ], [ 17.079996058709412, 52.499242796357905 ], [ 17.07994131225141, 52.499284989961673 ], [ 17.079873965010698, 52.499497958678965 ], [ 17.079880482534602, 52.499517491934419 ], [ 17.079935700872429, 52.499545640631091 ], [ 17.080083913781493, 52.49956702399011 ] ] ] ] } }
]
}
