{
"type": "FeatureCollection",
"name": "kolej_2024",
"crs": { "type": "name", "properties": { "name": "urn:ogc:def:crs:OGC:1.3:CRS84" } },
"features": [
{ "type": "Feature", "properties": { "TERYT": "3021", "LOKALNYID": "322BD613-D178-598B-E053-CC2BA8C05138", "WERSJAID": "2022-01-20T00:00:00", "PNAZW": "PL.PZGiK.308.BDOT10k", "GMLID": "OT_SKTR_L.673", "X_KOD": "SKTR01", "X_SKRKARTO": null, "X_SKRK_NIL": "inapplicable", "X_KATDOKG": "dokladny", "X_DOKLGEOM": 1.0, "X_ZRODLOG": "ortofotomapa", "X_ZRODLOA": "pomiarTerenowy", "X_KATIST": "eksploatowany", "X_KATI_NIL": null, "X_RODZREPG": "osGeometryczna", "X_UWAGI": null, "X_UZYTKOWN": "Uzytkownik30.xml", "X_AKTG": "2022-01-20", "X_AKTA": "2022-01-20", "POCZWERS": "2022-01-20", "KONIECWERS": null, "X_DATAUTW": "2012-11-13", "X_INFDOD": null, "KOD10K": "0010_208", "KOD10K_NIL": null, "KOD25K": "0025_208", "KOD25K_NIL": null, "KOD50K": "0050_208", "KOD50K_NIL": null, "KOD100K": "0100_208", "KOD100_NIL": null, "KOD250K": null, "KOD250_NIL": "inapplicable", "KOD500K": null, "KOD500_NIL": "inapplicable", "KOD1000K": null, "KOD1000_NI": "inapplicable", "FUNKCTORU": "torSzlakowyZwykly", "FTORU_NIL": null, "LICZBATOR": 1, "LTOROW_NIL": null, "POLOZENIE": "naPowierzchniGruntu", "POLOZ_NIL": null, "RODZPOJSZ": "kolej", "RODPSZ_NIL": null, "RODZAJTOR": "torNormalny", "RODZTOR_NI": null, "RODZAJTRAK": "niezelektryfikowana", "RODTRA_NIL": null, "LINKOL_NIL": null, "LIN_LOKID": "0E826BC32B539ED3E0636547A8C01DE2", "LIN_PNAZW": null, "LIN_WERID": "0", "LIN_NRLINI": "356", "W1_NAZWA": "POZNAĹ WSCHĂ“D", "W1_NRWEZ": "321", "WEZEL1_OZN": "R44", "W1_LOKID": "0E826BC337329ED3E0636547A8C01DE2", "W1_PNAZW": null, "W1_WERID": "0", "W2_NAZWA": "BYDGOSZCZ GĹĂ“WNA", "W2_NRWEZ": "1058", "WEZEL2_OZN": "R63", "W2_LOKID": "0E826BC337269ED3E0636547A8C01DE2", "W2_PNAZW": null, "W2_WERID": "0", "BD500_ID": null, "BD500_PNA": null, "BD500_WEID": null, "length": 222.47 }, "geometry": { "type": "MultiLineString", "coordinates": [ [ [ 16.981726558229354, 52.457868758656041 ], [ 16.981657148035673, 52.458336811135602 ], [ 16.981449965270954, 52.459685670603413 ], [ 16.98142591819138, 52.459860470748183 ] ] ] } },
{ "type": "Feature", "properties": { "TERYT": "3021", "LOKALNYID": "322BD613-D17E-598B-E053-CC2BA8C05138", "WERSJAID": "2022-01-20T00:00:00", "PNAZW": "PL.PZGiK.308.BDOT10k", "GMLID": "OT_SKTR_L.346", "X_KOD": "SKTR01", "X_SKRKARTO": null, "X_SKRK_NIL": "inapplicable", "X_KATDOKG": "dokladny", "X_DOKLGEOM": 1.0, "X_ZRODLOG": "ortofotomapa", "X_ZRODLOA": "pomiarTerenowy", "X_KATIST": "eksploatowany", "X_KATI_NIL": null, "X_RODZREPG": "osGeometryczna", "X_UWAGI": null, "X_UZYTKOWN": "Uzytkownik30.xml", "X_AKTG": "2011-01-01", "X_AKTA": "2022-01-20", "POCZWERS": "2022-01-20", "KONIECWERS": null, "X_DATAUTW": "2012-11-13", "X_INFDOD": null, "KOD10K": "0010_208", "KOD10K_NIL": null, "KOD25K": "0025_208", "KOD25K_NIL": null, "KOD50K": "0050_208", "KOD50K_NIL": null, "KOD100K": "0100_208", "KOD100_NIL": null, "KOD250K": null, "KOD250_NIL": "inapplicable", "KOD500K": null, "KOD500_NIL": "inapplicable", "KOD1000K": null, "KOD1000_NI": "inapplicable", "FUNKCTORU": "torSzlakowyStacyjny", "FTORU_NIL": null, "LICZBATOR": 1, "LTOROW_NIL": null, "POLOZENIE": "naPowierzchniGruntu", "POLOZ_NIL": null, "RODZPOJSZ": "kolej", "RODPSZ_NIL": null, "RODZAJTOR": "torNormalny", "RODZTOR_NI": null, "RODZAJTRAK": "niezelektryfikowana", "RODTRA_NIL": null, "LINKOL_NIL": null, "LIN_LOKID": "0E826BC32B539ED3E0636547A8C01DE2", "LIN_PNAZW": null, "LIN_WERID": "0", "LIN_NRLINI": "356", "W1_NAZWA": "POZNAĹ WSCHĂ“D", "W1_NRWEZ": "321", "WEZEL1_OZN": "R44", "W1_LOKID": "0E826BC337329ED3E0636547A8C01DE2", "W1_PNAZW": null, "W1_WERID": "0", "W2_NAZWA": "BYDGOSZCZ GĹĂ“WNA", "W2_NRWEZ": "1058", "WEZEL2_OZN": "R63", "W2_LOKID": "0E826BC337269ED3E0636547A8C01DE2", "W2_PNAZW": null, "W2_WERID": "0", "BD500_ID": null, "BD500_PNA": null, "BD500_WEID": null, "length": 653.22 }, "geometry": { "type": "MultiLineString", "coordinates": [ [ [ 16.978719767651206, 52.472694557308877 ], [ 16.978808661872527, 52.471728731747433 ], [ 16.978853523903481, 52.471444017043908 ], [ 16.978906369377182, 52.471206839115176 ], [ 16.97904795388251, 52.470627322727665 ], [ 16.979251611040127, 52.469846943110241 ], [ 16.97945742111882, 52.469022617382663 ], [ 16.979960493384567, 52.46706800915041 ], [ 16.980017722336129, 52.466879565121204 ] ] ] } },
{ "type": "Feature", "properties": { "TERYT": "3021", "LOKALNYID": "322BD613-D17F-598B-E053-CC2BA8C05138", "WERSJAID": "2022-01-20T00:00:00", "PNAZW": "PL.PZGiK.308.BDOT10k", "GMLID": "OT_SKTR_L.347", "X_KOD": "SKTR01", "X_SKRKARTO": null, "X_SKRK_NIL": "inapplicable", "X_KATDOKG": "dokladny", "X_DOKLGEOM": 1.0, "X_ZRODLOG": "ortofotomapa", "X_ZRODLOA": "pomiarTerenowy", "X_KATIST": "eksploatowany", "X_KATI_NIL": null, "X_RODZREPG": "osGeometryczna", "X_UWAGI": null, "X_UZYTKOWN": "Uzytkownik30.xml", "X_AKTG": "2011-01-01", "X_AKTA": "2022-01-20", "POCZWERS": "2022-01-20", "KONIECWERS": null, "X_DATAUTW": "2012-11-13", "X_INFDOD": null, "KOD10K": "0010_208", "KOD10K_NIL": null, "KOD25K": "0025_208", "KOD25K_NIL": null, "KOD50K": "0050_208", "KOD50K_NIL": null, "KOD100K": "0100_208", "KOD100_NIL": null, "KOD250K": null, "KOD250_NIL": "inapplicable", "KOD500K": null, "KOD500_NIL": "inapplicable", "KOD1000K": null, "KOD1000_NI": "inapplicable", "FUNKCTORU": "torSzlakowyStacyjny", "FTORU_NIL": null, "LICZBATOR": 1, "LTOROW_NIL": null, "POLOZENIE": "naPowierzchniGruntu", "POLOZ_NIL": null, "RODZPOJSZ": "kolej", "RODPSZ_NIL": null, "RODZAJTOR": "torNormalny", "RODZTOR_NI": null, "RODZAJTRAK": "niezelektryfikowana", "RODTRA_NIL": null, "LINKOL_NIL": null, "LIN_LOKID": "0E826BC32B539ED3E0636547A8C01DE2", "LIN_PNAZW": null, "LIN_WERID": "0", "LIN_NRLINI": "356", "W1_NAZWA": "POZNAĹ WSCHĂ“D", "W1_NRWEZ": "321", "WEZEL1_OZN": "R44", "W1_LOKID": "0E826BC337329ED3E0636547A8C01DE2", "W1_PNAZW": null, "W1_WERID": "0", "W2_NAZWA": "BYDGOSZCZ GĹĂ“WNA", "W2_NRWEZ": "1058", "WEZEL2_OZN": "R63", "W2_LOKID": "0E826BC337269ED3E0636547A8C01DE2", "W2_PNAZW": null, "W2_WERID": "0", "BD500_ID": null, "BD500_PNA": null, "BD500_WEID": null, "length": 56.26 }, "geometry": { "type": "MultiLineString", "coordinates": [ [ [ 16.978672316557944, 52.473199589806391 ], [ 16.978719767651206, 52.472694557308877 ] ] ] } },
{ "type": "Feature", "properties": { "TERYT": "3021", "LOKALNYID": "3b00cec8-b0d5-4a2d-bca4-48061e6aac8d", "WERSJAID": "2022-01-20T00:00:00", "PNAZW": "PL.PZGiK.308.BDOT10k", "GMLID": "OT_SKTR_L.81da1c7e-86b8-4da0-9fe3-c29e72d78861", "X_KOD": "SKTR01", "X_SKRKARTO": null, "X_SKRK_NIL": "inapplicable", "X_KATDOKG": "dokladny", "X_DOKLGEOM": 1.0, "X_ZRODLOG": "ortofotomapa", "X_ZRODLOA": "pomiarTerenowy", "X_KATIST": "eksploatowany", "X_KATI_NIL": null, "X_RODZREPG": "osGeometryczna", "X_UWAGI": null, "X_UZYTKOWN": "Uzytkownik30.xml", "X_AKTG": "2022-01-20", "X_AKTA": "2022-01-20", "POCZWERS": "2022-01-20", "KONIECWERS": null, "X_DATAUTW": "2022-01-20", "X_INFDOD": null, "KOD10K": "0010_208", "KOD10K_NIL": null, "KOD25K": "0025_208", "KOD25K_NIL": null, "KOD50K": "0050_208", "KOD50K_NIL": null, "KOD100K": "0100_208", "KOD100_NIL": null, "KOD250K": null, "KOD250_NIL": "inapplicable", "KOD500K": null, "KOD500_NIL": "inapplicable", "KOD1000K": null, "KOD1000_NI": "inapplicable", "FUNKCTORU": "torSzlakowyZwykly", "FTORU_NIL": null, "LICZBATOR": 1, "LTOROW_NIL": null, "POLOZENIE": "naPowierzchniGruntu", "POLOZ_NIL": null, "RODZPOJSZ": "kolej", "RODPSZ_NIL": null, "RODZAJTOR": "torNormalny", "RODZTOR_NI": null, "RODZAJTRAK": "niezelektryfikowana", "RODTRA_NIL": null, "LINKOL_NIL": null, "LIN_LOKID": "0E826BC32B539ED3E0636547A8C01DE2", "LIN_PNAZW": null, "LIN_WERID": "0", "LIN_NRLINI": "356", "W1_NAZWA": "POZNAĹ WSCHĂ“D", "W1_NRWEZ": "321", "WEZEL1_OZN": "R44", "W1_LOKID": "0E826BC337329ED3E0636547A8C01DE2", "W1_PNAZW": null, "W1_WERID": "0", "W2_NAZWA": "BYDGOSZCZ GĹĂ“WNA", "W2_NRWEZ": "1058", "WEZEL2_OZN": "R63", "W2_LOKID": "0E826BC337269ED3E0636547A8C01DE2", "W2_PNAZW": null, "W2_WERID": "0", "BD500_ID": null, "BD500_PNA": null, "BD500_WEID": null, "length": 3591.28 }, "geometry": { "type": "MultiLineString", "coordinates": [ [ [ 16.98296270678463, 52.54764693937144 ], [ 16.983140236090005, 52.547784429333838 ], [ 16.984581989525974, 52.548901794630936 ], [ 16.985882832583446, 52.54991447886276 ], [ 16.986101007318155, 52.550083056536813 ], [ 16.986327025064206, 52.550257613510674 ], [ 16.987362758373727, 52.551058362028272 ], [ 16.987961858502544, 52.551528245316618 ], [ 16.988191317930028, 52.551708523478887 ], [ 16.988691996912621, 52.55209173410465 ], [ 16.988943988696249, 52.552292450863092 ], [ 16.989135573503891, 52.552436376342243 ], [ 16.989886704815401, 52.553019012137547 ], [ 16.990335722198676, 52.553367699574316 ], [ 16.990756030052985, 52.553695750722461 ], [ 16.990948793726176, 52.55384320092039 ], [ 16.991547348541733, 52.554300823888553 ], [ 16.99172106616852, 52.554426003600447 ], [ 16.991778439722026, 52.55446862050421 ], [ 16.992006912957237, 52.55461946305514 ], [ 16.992117779808037, 52.55468952038607 ], [ 16.992395748258012, 52.554851994954156 ], [ 16.992670242547245, 52.555000109080062 ], [ 16.993041717973838, 52.555179907925435 ], [ 16.993268044035393, 52.555280973400514 ], [ 16.993600272060007, 52.555415493544977 ], [ 16.993658624782416, 52.555436719814715 ], [ 16.993784029687479, 52.555485795586726 ], [ 16.994038654073258, 52.555574747310921 ], [ 16.994362892703624, 52.555680708065374 ], [ 16.994475164168637, 52.555713640724733 ], [ 16.994733003014627, 52.555787175311266 ], [ 16.99517044354829, 52.555908992836827 ], [ 16.995979862500636, 52.556128849078249 ], [ 16.996441984026905, 52.55625000044855 ], [ 16.996551301238352, 52.556279823061971 ], [ 16.996939092064228, 52.556387122266685 ], [ 16.997112762113332, 52.55643287395889 ], [ 16.997277007672022, 52.556478196089813 ], [ 16.997541098263373, 52.556557226812465 ], [ 16.997735901377684, 52.556618535388751 ], [ 16.997852130611253, 52.556655399280423 ], [ 16.997962121869683, 52.556693146902361 ], [ 16.998161612618471, 52.556768205296478 ], [ 16.998296332715373, 52.556820311924668 ], [ 16.998419879155925, 52.556871509892034 ], [ 16.998555386771105, 52.556932264001162 ], [ 16.99875163668283, 52.557026694118605 ], [ 16.998994248416796, 52.557153027787095 ], [ 16.999121631788316, 52.557223717415987 ], [ 16.999265147104708, 52.557312847954741 ], [ 16.999393716058293, 52.55739641907364 ], [ 16.999610528086283, 52.557544980795811 ], [ 16.999706197562897, 52.557615403582808 ], [ 17.000016815634488, 52.557849466053355 ], [ 17.000419750495904, 52.558159649525621 ], [ 17.000632741742503, 52.558327482344517 ], [ 17.001224905434128, 52.558792861862337 ], [ 17.001245693438982, 52.558809048030298 ] ] ] } },
{ "type": "Feature", "properties": { "TERYT": "3021", "LOKALNYID": "5599c286-3ab1-4fa7-9c96-0b8f0a91568c", "WERSJAID": "2022-01-20T00:00:00", "PNAZW": "PL.PZGiK.308.BDOT10k", "GMLID": "OT_SKTR_L.5edb6ba9-c59b-417d-be81-cfcc234e0dad", "X_KOD": "SKTR01", "X_SKRKARTO": null, "X_SKRK_NIL": "inapplicable", "X_KATDOKG": "dokladny", "X_DOKLGEOM": 1.0, "X_ZRODLOG": "ortofotomapa", "X_ZRODLOA": "pomiarTerenowy", "X_KATIST": "eksploatowany", "X_KATI_NIL": null, "X_RODZREPG": "osGeometryczna", "X_UWAGI": null, "X_UZYTKOWN": "Uzytkownik30.xml", "X_AKTG": "2022-01-20", "X_AKTA": "2022-01-20", "POCZWERS": "2022-01-20", "KONIECWERS": null, "X_DATAUTW": "2022-01-20", "X_INFDOD": null, "KOD10K": "0010_208", "KOD10K_NIL": null, "KOD25K": "0025_208", "KOD25K_NIL": null, "KOD50K": "0050_208", "KOD50K_NIL": null, "KOD100K": "0100_208", "KOD100_NIL": null, "KOD250K": null, "KOD250_NIL": "inapplicable", "KOD500K": null, "KOD500_NIL": "inapplicable", "KOD1000K": null, "KOD1000_NI": "inapplicable", "FUNKCTORU": "torSzlakowyZwykly", "FTORU_NIL": null, "LICZBATOR": 1, "LTOROW_NIL": null, "POLOZENIE": "naPowierzchniGruntu", "POLOZ_NIL": null, "RODZPOJSZ": "kolej", "RODPSZ_NIL": null, "RODZAJTOR": "torNormalny", "RODZTOR_NI": null, "RODZAJTRAK": "niezelektryfikowana", "RODTRA_NIL": null, "LINKOL_NIL": null, "LIN_LOKID": "0E826BC32B539ED3E0636547A8C01DE2", "LIN_PNAZW": null, "LIN_WERID": "0", "LIN_NRLINI": "356", "W1_NAZWA": "POZNAĹ WSCHĂ“D", "W1_NRWEZ": "321", "WEZEL1_OZN": "R44", "W1_LOKID": "0E826BC337329ED3E0636547A8C01DE2", "W1_PNAZW": null, "W1_WERID": "0", "W2_NAZWA": "BYDGOSZCZ GĹĂ“WNA", "W2_NRWEZ": "1058", "WEZEL2_OZN": "R63", "W2_LOKID": "0E826BC337269ED3E0636547A8C01DE2", "W2_PNAZW": null, "W2_WERID": "0", "BD500_ID": null, "BD500_PNA": null, "BD500_WEID": null, "length": 734.6 }, "geometry": { "type": "MultiLineString", "coordinates": [ [ [ 16.978469661939112, 52.541834084208261 ], [ 16.978450453100749, 52.541898964600769 ], [ 16.978440659456275, 52.541938731902221 ], [ 16.978406389814197, 52.542077737702982 ], [ 16.978387464010616, 52.542171764389238 ], [ 16.978368329776547, 52.542254274831699 ], [ 16.978355441243217, 52.542322860893528 ], [ 16.978339305641029, 52.542494196106489 ], [ 16.978328858115159, 52.542715097029884 ], [ 16.978331957035852, 52.54284026040699 ], [ 16.97834215427585, 52.542939371694246 ], [ 16.978365315544174, 52.543099865553572 ], [ 16.978380349778131, 52.543196451124977 ], [ 16.978395882030696, 52.543266152305449 ], [ 16.978404631118241, 52.543300480029956 ], [ 16.978428797647492, 52.543384539666683 ], [ 16.978461406938571, 52.543480705913709 ], [ 16.978483471886982, 52.543536667484993 ], [ 16.978531495892742, 52.543669793687016 ], [ 16.978589993664549, 52.543815780706545 ], [ 16.978690860634057, 52.543993251826478 ], [ 16.978825204833147, 52.54420952031041 ], [ 16.978906785025622, 52.54432837889653 ], [ 16.979050733830164, 52.544512251852282 ], [ 16.979278568437085, 52.544735962612428 ], [ 16.979480601585497, 52.544920826825013 ], [ 16.979709298548883, 52.545116219469406 ], [ 16.979942440063599, 52.545301613932679 ], [ 16.980887534864696, 52.546034226607169 ], [ 16.981127712800696, 52.546220818005914 ], [ 16.981420332604841, 52.546447788271877 ], [ 16.981894410904644, 52.546816544010056 ], [ 16.982526935866094, 52.547307892633178 ], [ 16.982873171355102, 52.547575707725166 ] ] ] } },
{ "type": "Feature", "properties": { "TERYT": "3021", "LOKALNYID": "a865efd4-e9fe-4e92-9945-804cc8be0b1f", "WERSJAID": "2022-01-20T00:00:00", "PNAZW": "PL.PZGiK.308.BDOT10k", "GMLID": "OT_SKTR_L.fb1c35a3-137e-4813-902c-4db4aa4a01f8", "X_KOD": "SKTR01", "X_SKRKARTO": null, "X_SKRK_NIL": "inapplicable", "X_KATDOKG": "dokladny", "X_DOKLGEOM": 1.0, "X_ZRODLOG": "ortofotomapa", "X_ZRODLOA": "pomiarTerenowy", "X_KATIST": "eksploatowany", "X_KATI_NIL": null, "X_RODZREPG": "osGeometryczna", "X_UWAGI": null, "X_UZYTKOWN": "Uzytkownik30.xml", "X_AKTG": "2022-01-20", "X_AKTA": "2022-01-20", "POCZWERS": "2022-01-20", "KONIECWERS": null, "X_DATAUTW": "2022-01-20", "X_INFDOD": null, "KOD10K": "0010_208", "KOD10K_NIL": null, "KOD25K": "0025_208", "KOD25K_NIL": null, "KOD50K": "0050_208", "KOD50K_NIL": null, "KOD100K": "0100_208", "KOD100_NIL": null, "KOD250K": null, "KOD250_NIL": "inapplicable", "KOD500K": null, "KOD500_NIL": "inapplicable", "KOD1000K": null, "KOD1000_NI": "inapplicable", "FUNKCTORU": "torSzlakowyZwykly", "FTORU_NIL": null, "LICZBATOR": 1, "LTOROW_NIL": null, "POLOZENIE": "ponadPowierzchniaGruntuPoziom1", "POLOZ_NIL": null, "RODZPOJSZ": "kolej", "RODPSZ_NIL": null, "RODZAJTOR": "torNormalny", "RODZTOR_NI": null, "RODZAJTRAK": "niezelektryfikowana", "RODTRA_NIL": null, "LINKOL_NIL": null, "LIN_LOKID": "0E826BC32B539ED3E0636547A8C01DE2", "LIN_PNAZW": null, "LIN_WERID": "0", "LIN_NRLINI": "356", "W1_NAZWA": "POZNAĹ WSCHĂ“D", "W1_NRWEZ": "321", "WEZEL1_OZN": "R44", "W1_LOKID": "0E826BC337329ED3E0636547A8C01DE2", "W1_PNAZW": null, "W1_WERID": "0", "W2_NAZWA": "BYDGOSZCZ GĹĂ“WNA", "W2_NRWEZ": "1058", "WEZEL2_OZN": "R63", "W2_LOKID": "0E826BC337269ED3E0636547A8C01DE2", "W2_PNAZW": null, "W2_WERID": "0", "BD500_ID": null, "BD500_PNA": null, "BD500_WEID": null, "length": 9.98 }, "geometry": { "type": "MultiLineString", "coordinates": [ [ [ 16.98296270678463, 52.54764693937144 ], [ 16.982915987963722, 52.547610435846323 ], [ 16.982873171355102, 52.547575707725166 ] ] ] } },
{ "type": "Feature", "properties": { "TERYT": "3021", "LOKALNYID": "322BD613-D00E-598B-E053-CC2BA8C05138", "WERSJAID": "2022-01-20T00:00:00", "PNAZW": "PL.PZGiK.308.BDOT10k", "GMLID": "OT_SKTR_L.230", "X_KOD": "SKTR01", "X_SKRKARTO": null, "X_SKRK_NIL": "inapplicable", "X_KATDOKG": "dokladny", "X_DOKLGEOM": 1.0, "X_ZRODLOG": "ortofotomapa", "X_ZRODLOA": "pomiarTerenowy", "X_KATIST": "eksploatowany", "X_KATI_NIL": null, "X_RODZREPG": "osGeometryczna", "X_UWAGI": null, "X_UZYTKOWN": "Uzytkownik30.xml", "X_AKTG": "2022-01-20", "X_AKTA": "2022-01-20", "POCZWERS": "2022-01-20", "KONIECWERS": null, "X_DATAUTW": "2012-11-13", "X_INFDOD": null, "KOD10K": "0010_208", "KOD10K_NIL": null, "KOD25K": "0025_208", "KOD25K_NIL": null, "KOD50K": "0050_208", "KOD50K_NIL": null, "KOD100K": "0100_208", "KOD100_NIL": null, "KOD250K": null, "KOD250_NIL": "inapplicable", "KOD500K": null, "KOD500_NIL": "inapplicable", "KOD1000K": null, "KOD1000_NI": "inapplicable", "FUNKCTORU": "torSzlakowyZwykly", "FTORU_NIL": null, "LICZBATOR": 1, "LTOROW_NIL": null, "POLOZENIE": "naPowierzchniGruntu", "POLOZ_NIL": null, "RODZPOJSZ": "kolej", "RODPSZ_NIL": null, "RODZAJTOR": "torNormalny", "RODZTOR_NI": null, "RODZAJTRAK": "niezelektryfikowana", "RODTRA_NIL": null, "LINKOL_NIL": null, "LIN_LOKID": "0E826BC32B539ED3E0636547A8C01DE2", "LIN_PNAZW": null, "LIN_WERID": "0", "LIN_NRLINI": "356", "W1_NAZWA": "POZNAĹ WSCHĂ“D", "W1_NRWEZ": "321", "WEZEL1_OZN": "R44", "W1_LOKID": "0E826BC337329ED3E0636547A8C01DE2", "W1_PNAZW": null, "W1_WERID": "0", "W2_NAZWA": "BYDGOSZCZ GĹĂ“WNA", "W2_NRWEZ": "1058", "WEZEL2_OZN": "R63", "W2_LOKID": "0E826BC337269ED3E0636547A8C01DE2", "W2_PNAZW": null, "W2_WERID": "0", "BD500_ID": null, "BD500_PNA": null, "BD500_WEID": null, "length": 776.91 }, "geometry": { "type": "MultiLineString", "coordinates": [ [ [ 16.981413587526383, 52.459949754395716 ], [ 16.981315449519986, 52.460582093305071 ], [ 16.981276963154855, 52.460853606372531 ], [ 16.981266966323656, 52.460911179658581 ], [ 16.981158849826478, 52.461619890235454 ], [ 16.981091026447608, 52.462081943058436 ], [ 16.981066238029939, 52.46223748244747 ], [ 16.981044672823231, 52.462383722702917 ], [ 16.981002301941079, 52.462662814532436 ], [ 16.980969800727934, 52.462887119177815 ], [ 16.980952077166787, 52.463004103311867 ], [ 16.98094070701363, 52.463072356425052 ], [ 16.980901581843334, 52.463303023895328 ], [ 16.980844658291353, 52.46358150737899 ], [ 16.980814341110737, 52.463725889195544 ], [ 16.980767982750336, 52.463905434948629 ], [ 16.980727591777921, 52.464070421740438 ], [ 16.980667852701512, 52.464297768953962 ], [ 16.980432979327365, 52.465214332764518 ], [ 16.980307570513677, 52.465711558895102 ], [ 16.980241064384003, 52.465970810282236 ], [ 16.980074523288231, 52.466620058153261 ], [ 16.980017722336129, 52.466879565121204 ] ] ] } },
{ "type": "Feature", "properties": { "TERYT": "3021", "LOKALNYID": "322BD613-D00F-598B-E053-CC2BA8C05138", "WERSJAID": "2022-01-20T00:00:00", "PNAZW": "PL.PZGiK.308.BDOT10k", "GMLID": "OT_SKTR_L.231", "X_KOD": "SKTR01", "X_SKRKARTO": null, "X_SKRK_NIL": "inapplicable", "X_KATDOKG": "dokladny", "X_DOKLGEOM": 1.0, "X_ZRODLOG": "ortofotomapa", "X_ZRODLOA": "pomiarTerenowy", "X_KATIST": "eksploatowany", "X_KATI_NIL": null, "X_RODZREPG": "osGeometryczna", "X_UWAGI": null, "X_UZYTKOWN": "Uzytkownik30.xml", "X_AKTG": "2022-01-20", "X_AKTA": "2022-01-20", "POCZWERS": "2022-01-20", "KONIECWERS": null, "X_DATAUTW": "2012-11-13", "X_INFDOD": null, "KOD10K": "0010_208", "KOD10K_NIL": null, "KOD25K": "0025_208", "KOD25K_NIL": null, "KOD50K": "0050_208", "KOD50K_NIL": null, "KOD100K": "0100_208", "KOD100_NIL": null, "KOD250K": null, "KOD250_NIL": "inapplicable", "KOD500K": null, "KOD500_NIL": "inapplicable", "KOD1000K": null, "KOD1000_NI": "inapplicable", "FUNKCTORU": "torSzlakowyZwykly", "FTORU_NIL": null, "LICZBATOR": 1, "LTOROW_NIL": null, "POLOZENIE": "ponadPowierzchniaGruntuPoziom1", "POLOZ_NIL": null, "RODZPOJSZ": "kolej", "RODPSZ_NIL": null, "RODZAJTOR": "torNormalny", "RODZTOR_NI": null, "RODZAJTRAK": "niezelektryfikowana", "RODTRA_NIL": null, "LINKOL_NIL": null, "LIN_LOKID": "0E826BC32B539ED3E0636547A8C01DE2", "LIN_PNAZW": null, "LIN_WERID": "0", "LIN_NRLINI": "356", "W1_NAZWA": "POZNAĹ WSCHĂ“D", "W1_NRWEZ": "321", "WEZEL1_OZN": "R44", "W1_LOKID": "0E826BC337329ED3E0636547A8C01DE2", "W1_PNAZW": null, "W1_WERID": "0", "W2_NAZWA": "BYDGOSZCZ GĹĂ“WNA", "W2_NRWEZ": "1058", "WEZEL2_OZN": "R63", "W2_LOKID": "0E826BC337269ED3E0636547A8C01DE2", "W2_PNAZW": null, "W2_WERID": "0", "BD500_ID": null, "BD500_PNA": null, "BD500_WEID": null, "length": 9.97 }, "geometry": { "type": "MultiLineString", "coordinates": [ [ [ 16.98142591819138, 52.459860470748183 ], [ 16.981420844198869, 52.459897351058281 ], [ 16.98141424273895, 52.459945088499992 ], [ 16.981413587526383, 52.459949754395716 ] ] ] } },
{ "type": "Feature", "properties": { "TERYT": "3021", "LOKALNYID": "322BD613-D0D8-598B-E053-CC2BA8C05138", "WERSJAID": "2022-01-20T00:00:00", "PNAZW": "PL.PZGiK.308.BDOT10k", "GMLID": "OT_SKTR_L.69", "X_KOD": "SKTR01", "X_SKRKARTO": null, "X_SKRK_NIL": "inapplicable", "X_KATDOKG": "dokladny", "X_DOKLGEOM": 1.0, "X_ZRODLOG": "ortofotomapa", "X_ZRODLOA": "pomiarTerenowy", "X_KATIST": "eksploatowany", "X_KATI_NIL": null, "X_RODZREPG": "osGeometryczna", "X_UWAGI": null, "X_UZYTKOWN": "Uzytkownik30.xml", "X_AKTG": "2022-01-20", "X_AKTA": "2022-01-20", "POCZWERS": "2022-01-20", "KONIECWERS": null, "X_DATAUTW": "2012-11-13", "X_INFDOD": null, "KOD10K": "0010_208", "KOD10K_NIL": null, "KOD25K": "0025_208", "KOD25K_NIL": null, "KOD50K": "0050_208", "KOD50K_NIL": null, "KOD100K": "0100_208", "KOD100_NIL": null, "KOD250K": null, "KOD250_NIL": "inapplicable", "KOD500K": null, "KOD500_NIL": "inapplicable", "KOD1000K": null, "KOD1000_NI": "inapplicable", "FUNKCTORU": "torSzlakowyZwykly", "FTORU_NIL": null, "LICZBATOR": 1, "LTOROW_NIL": null, "POLOZENIE": "naPowierzchniGruntu", "POLOZ_NIL": null, "RODZPOJSZ": "kolej", "RODPSZ_NIL": null, "RODZAJTOR": "torNormalny", "RODZTOR_NI": null, "RODZAJTRAK": "niezelektryfikowana", "RODTRA_NIL": null, "LINKOL_NIL": null, "LIN_LOKID": "0E826BC32B539ED3E0636547A8C01DE2", "LIN_PNAZW": null, "LIN_WERID": "0", "LIN_NRLINI": "356", "W1_NAZWA": "POZNAĹ WSCHĂ“D", "W1_NRWEZ": "321", "WEZEL1_OZN": "R44", "W1_LOKID": "0E826BC337329ED3E0636547A8C01DE2", "W1_PNAZW": null, "W1_WERID": "0", "W2_NAZWA": "BYDGOSZCZ GĹĂ“WNA", "W2_NRWEZ": "1058", "WEZEL2_OZN": "R63", "W2_LOKID": "0E826BC337269ED3E0636547A8C01DE2", "W2_PNAZW": null, "W2_WERID": "0", "BD500_ID": null, "BD500_PNA": null, "BD500_WEID": null, "length": 1926.48 }, "geometry": { "type": "MultiLineString", "coordinates": [ [ [ 16.98198803372032, 52.440646876524404 ], [ 16.982007063834871, 52.440723204135885 ], [ 16.982167747613609, 52.441364909743882 ], [ 16.982174465291326, 52.441391827743359 ], [ 16.982339865664819, 52.442027047602068 ], [ 16.982561267327352, 52.442873422090138 ], [ 16.982832448582112, 52.443954499902738 ], [ 16.983163676840284, 52.445248689221266 ], [ 16.983419130095267, 52.446371770489989 ], [ 16.983509934614034, 52.446874847089411 ], [ 16.983520043790296, 52.446962894806163 ], [ 16.983549936172498, 52.447181788685697 ], [ 16.983579459678026, 52.447444209154895 ], [ 16.983605248371067, 52.447672387188177 ], [ 16.983606914755615, 52.447693912223748 ], [ 16.98364560603882, 52.448261579029442 ], [ 16.983655329743147, 52.448451526678078 ], [ 16.983661703909185, 52.448637459661363 ], [ 16.983662121361689, 52.448708882305027 ], [ 16.983663930987589, 52.449046293045335 ], [ 16.983658886118612, 52.449356513735438 ], [ 16.983647569319935, 52.449665458178323 ], [ 16.983642093895455, 52.449740198184735 ], [ 16.983636618449005, 52.449814938189832 ], [ 16.983630648128408, 52.44991017697933 ], [ 16.983619609987549, 52.450084120255426 ], [ 16.983586560557089, 52.450420846489102 ], [ 16.983553192888053, 52.45071619305142 ], [ 16.983510704899405, 52.451027484016137 ], [ 16.983405222342125, 52.451631637381524 ], [ 16.983368356590539, 52.451810176947959 ], [ 16.983334189911591, 52.451977969263005 ], [ 16.983248126099458, 52.452327822348181 ], [ 16.983213366372617, 52.45247635650243 ], [ 16.983200712914726, 52.452521292526711 ], [ 16.983154650589707, 52.452685194170307 ], [ 16.983073202315836, 52.452979090769013 ], [ 16.983002004273938, 52.453209751691432 ], [ 16.982931932023078, 52.453428649118543 ], [ 16.982866700152087, 52.453618936965071 ], [ 16.982806303969213, 52.453783943085462 ], [ 16.982754354900727, 52.453928406186414 ], [ 16.982473719868114, 52.454643798988783 ], [ 16.982430293742752, 52.454753149354218 ], [ 16.982332822291873, 52.455010884376485 ], [ 16.982289157910756, 52.455122209389557 ], [ 16.982235246925324, 52.455270866140978 ], [ 16.982177206375603, 52.455442208204531 ], [ 16.982128216803577, 52.455599133788006 ], [ 16.98210230900612, 52.455689175221835 ], [ 16.982039724294818, 52.455934103726911 ], [ 16.982010742704855, 52.456072032783531 ], [ 16.981979001676958, 52.456228443180969 ], [ 16.981942824132691, 52.456440003406463 ], [ 16.981922738087235, 52.456579793192738 ], [ 16.981737362648847, 52.457796718132286 ] ] ] } },
{ "type": "Feature", "properties": { "TERYT": "3021", "LOKALNYID": "322BD613-D0E5-598B-E053-CC2BA8C05138", "WERSJAID": "2022-01-20T00:00:00", "PNAZW": "PL.PZGiK.308.BDOT10k", "GMLID": "OT_SKTR_L.82", "X_KOD": "SKTR01", "X_SKRKARTO": null, "X_SKRK_NIL": "inapplicable", "X_KATDOKG": "dokladny", "X_DOKLGEOM": 1.0, "X_ZRODLOG": "ortofotomapa", "X_ZRODLOA": "pomiarTerenowy", "X_KATIST": "eksploatowany", "X_KATI_NIL": null, "X_RODZREPG": "osGeometryczna", "X_UWAGI": null, "X_UZYTKOWN": "Uzytkownik30.xml", "X_AKTG": "2022-01-20", "X_AKTA": "2022-01-20", "POCZWERS": "2022-01-20", "KONIECWERS": null, "X_DATAUTW": "2012-11-13", "X_INFDOD": null, "KOD10K": "0010_208", "KOD10K_NIL": null, "KOD25K": "0025_208", "KOD25K_NIL": null, "KOD50K": "0050_208", "KOD50K_NIL": null, "KOD100K": "0100_208", "KOD100_NIL": null, "KOD250K": null, "KOD250_NIL": "inapplicable", "KOD500K": null, "KOD500_NIL": "inapplicable", "KOD1000K": null, "KOD1000_NI": "inapplicable", "FUNKCTORU": "torSzlakowyZwykly", "FTORU_NIL": null, "LICZBATOR": 1, "LTOROW_NIL": null, "POLOZENIE": "naPowierzchniGruntu", "POLOZ_NIL": null, "RODZPOJSZ": "kolej", "RODPSZ_NIL": null, "RODZAJTOR": "torNormalny", "RODZTOR_NI": null, "RODZAJTRAK": "niezelektryfikowana", "RODTRA_NIL": null, "LINKOL_NIL": null, "LIN_LOKID": "0E826BC32B539ED3E0636547A8C01DE2", "LIN_PNAZW": null, "LIN_WERID": "0", "LIN_NRLINI": "356", "W1_NAZWA": "POZNAĹ WSCHĂ“D", "W1_NRWEZ": "321", "WEZEL1_OZN": "R44", "W1_LOKID": "0E826BC337329ED3E0636547A8C01DE2", "W1_PNAZW": null, "W1_WERID": "0", "W2_NAZWA": "BYDGOSZCZ GĹĂ“WNA", "W2_NRWEZ": "1058", "WEZEL2_OZN": "R63", "W2_LOKID": "0E826BC337269ED3E0636547A8C01DE2", "W2_PNAZW": null, "W2_WERID": "0", "BD500_ID": null, "BD500_PNA": null, "BD500_WEID": null, "length": 6798.62 }, "geometry": { "type": "MultiLineString", "coordinates": [ [ [ 16.978393677147118, 52.476202904359106 ], [ 16.978386000645919, 52.476290018515051 ], [ 16.978093815048194, 52.479439977680286 ], [ 16.978023872333878, 52.480287310272459 ], [ 16.977706755030308, 52.483658281881709 ], [ 16.977543339741377, 52.48550535739659 ], [ 16.977485773161995, 52.486127412145542 ], [ 16.977485395011218, 52.486132442519036 ], [ 16.97717122281917, 52.48953026387251 ], [ 16.977142816279567, 52.489799248860713 ], [ 16.977092988707295, 52.490271679494349 ], [ 16.977039815084797, 52.490845868911748 ], [ 16.977042099948122, 52.491056105980341 ], [ 16.977047053540488, 52.491240305068395 ], [ 16.977062255475573, 52.491458048469923 ], [ 16.977074489732889, 52.4915478414433 ], [ 16.977093381573702, 52.491691624435084 ], [ 16.977124724250956, 52.491843445444786 ], [ 16.977184001000271, 52.492038377388099 ], [ 16.977214587090284, 52.492139277405357 ], [ 16.977262487200463, 52.492289942424961 ], [ 16.977309077974816, 52.492411353394743 ], [ 16.977329611897058, 52.492458385210028 ], [ 16.97735931538179, 52.492527160261197 ], [ 16.977406436810213, 52.492620967609078 ], [ 16.977443191541276, 52.492690222985374 ], [ 16.977513026953734, 52.492822105002467 ], [ 16.977571226700867, 52.492921768142693 ], [ 16.97764578777986, 52.493040599125571 ], [ 16.977708032505227, 52.493142040277327 ], [ 16.977803068403574, 52.493273903243214 ], [ 16.977894040577794, 52.493391575529607 ], [ 16.977961818781523, 52.493475212383593 ], [ 16.978065790907344, 52.493601831278731 ], [ 16.978149603302075, 52.493695725832254 ], [ 16.978235883282977, 52.493787234026996 ], [ 16.978367295563121, 52.493919628327468 ], [ 16.978559431791336, 52.494106396723694 ], [ 16.978881470602406, 52.494416808176744 ], [ 16.979063304318863, 52.494590537757709 ], [ 16.979367170113193, 52.494886066483225 ], [ 16.979781757758779, 52.495283412638599 ], [ 16.980101809827712, 52.495592527452381 ], [ 16.980482077501566, 52.495948000925303 ], [ 16.980759391655102, 52.496215549875636 ], [ 16.982108015403607, 52.4974980413959 ], [ 16.983118099384612, 52.498460662827675 ], [ 16.984209945371276, 52.499495813686693 ], [ 16.984737130896466, 52.499998135332369 ], [ 16.984940441819425, 52.500189850187404 ], [ 16.985453983581788, 52.500678264671812 ], [ 16.986353455891628, 52.501535988167149 ], [ 16.986445520375458, 52.501624170662126 ], [ 16.986757938954455, 52.501921713788654 ], [ 16.987036899533845, 52.502187116630324 ], [ 16.987383967412569, 52.502513579750136 ], [ 16.987905724727433, 52.503026587364538 ], [ 16.988069301112944, 52.503201430917379 ], [ 16.988250500577422, 52.503419656723601 ], [ 16.988401122837896, 52.503626479142291 ], [ 16.988592098878392, 52.503905042622542 ], [ 16.988746097835246, 52.504183246912312 ], [ 16.988787124803618, 52.504262824608375 ], [ 16.988837639965169, 52.504367028141246 ], [ 16.988890408122099, 52.504512284034071 ], [ 16.988962449913569, 52.504719658505167 ], [ 16.989015352561029, 52.504874900305367 ], [ 16.989045026154216, 52.504996558173254 ], [ 16.989070195685816, 52.50511679031758 ], [ 16.989116431593263, 52.505389024706254 ], [ 16.989119919339295, 52.50546760436044 ], [ 16.989127350518405, 52.505550208545081 ], [ 16.989128364575734, 52.505805664308497 ], [ 16.989124638685105, 52.505984138106378 ], [ 16.989109124902701, 52.506168977369938 ], [ 16.989075893816906, 52.506367366695194 ], [ 16.989036275045535, 52.506541003003143 ], [ 16.989001978190963, 52.506688466371571 ], [ 16.98889228643484, 52.507069939230497 ], [ 16.988856200547691, 52.507188770222804 ], [ 16.988789532608291, 52.507415642626185 ], [ 16.988694861270496, 52.507736029441297 ], [ 16.988580255033558, 52.508112021845122 ], [ 16.988551612829944, 52.508209842669118 ], [ 16.98847268229758, 52.508472753453894 ], [ 16.988417726186469, 52.508659350374749 ], [ 16.988367008558889, 52.508817687261725 ], [ 16.988334046229127, 52.508932613701404 ], [ 16.988280087136015, 52.509119947052596 ], [ 16.988243057015573, 52.509236783039405 ], [ 16.987843280224613, 52.510582188566588 ], [ 16.98781124922877, 52.510689575469925 ], [ 16.987431649837937, 52.511967055889777 ], [ 16.987334051081991, 52.512273630442927 ], [ 16.98709010787061, 52.513082295639663 ], [ 16.986977877310231, 52.513466961339489 ], [ 16.986943761342808, 52.513584386137701 ], [ 16.986881623949312, 52.513785880588664 ], [ 16.986717071008417, 52.514331373307748 ], [ 16.986631222346961, 52.514616111152655 ], [ 16.986559383233281, 52.514862052072409 ], [ 16.986529976217415, 52.514973170926233 ], [ 16.98625250634225, 52.515888835567381 ], [ 16.985872246975205, 52.51715289787473 ], [ 16.985836470128451, 52.517277489496948 ], [ 16.985799330155924, 52.517402867387638 ], [ 16.985775469788877, 52.517470008382233 ], [ 16.985703786612223, 52.517725215530533 ], [ 16.985671958562104, 52.517827928230588 ], [ 16.985646528422375, 52.517922924809923 ], [ 16.985600506538702, 52.518068388590109 ], [ 16.985558873353181, 52.518204932774452 ], [ 16.98547485988238, 52.518484664158763 ], [ 16.985310994009687, 52.519033674260598 ], [ 16.985034040502303, 52.519946556404676 ], [ 16.985014032803818, 52.520013223194553 ], [ 16.984949223232888, 52.520221146948657 ], [ 16.98490153448531, 52.520402919024946 ], [ 16.984851559932952, 52.52055730947378 ], [ 16.984800766326355, 52.520729584607189 ], [ 16.984748542661134, 52.520907321881687 ], [ 16.984719146201666, 52.521005128861106 ], [ 16.984412560924699, 52.52203002340552 ], [ 16.984223413943955, 52.522663597330002 ], [ 16.984179050480925, 52.522798385561892 ], [ 16.984112017427709, 52.523041798421993 ], [ 16.983972633240697, 52.523493365696432 ], [ 16.983892859462909, 52.523757338155498 ], [ 16.983826889399822, 52.523977473723797 ], [ 16.983787387404277, 52.524105868748009 ], [ 16.983760263397798, 52.524199037162347 ], [ 16.983716565826366, 52.524357851331132 ], [ 16.982974487299796, 52.526798217394514 ], [ 16.98261159584553, 52.528020111486875 ], [ 16.981650559642276, 52.531241127531487 ], [ 16.9809979058811, 52.53337953833001 ], [ 16.980679031392867, 52.5344497239265 ], [ 16.980643569569786, 52.534582863807643 ], [ 16.980622413716343, 52.5346742444993 ], [ 16.980619486425752, 52.53468660665925 ], [ 16.980572818487506, 52.534845368878919 ] ] ] } },
{ "type": "Feature", "properties": { "TERYT": "3021", "LOKALNYID": "322BD613-D0D9-598B-E053-CC2BA8C05138", "WERSJAID": "2022-01-20T00:00:00", "PNAZW": "PL.PZGiK.308.BDOT10k", "GMLID": "OT_SKTR_L.70", "X_KOD": "SKTR01", "X_SKRKARTO": null, "X_SKRK_NIL": "inapplicable", "X_KATDOKG": "dokladny", "X_DOKLGEOM": 1.0, "X_ZRODLOG": "ortofotomapa", "X_ZRODLOA": "pomiarTerenowy", "X_KATIST": "eksploatowany", "X_KATI_NIL": null, "X_RODZREPG": "osGeometryczna", "X_UWAGI": null, "X_UZYTKOWN": "Uzytkownik30.xml", "X_AKTG": "2022-01-20", "X_AKTA": "2022-01-20", "POCZWERS": "2022-01-20", "KONIECWERS": null, "X_DATAUTW": "2012-11-13", "X_INFDOD": null, "KOD10K": "0010_208", "KOD10K_NIL": null, "KOD25K": "0025_208", "KOD25K_NIL": null, "KOD50K": "0050_208", "KOD50K_NIL": null, "KOD100K": "0100_208", "KOD100_NIL": null, "KOD250K": null, "KOD250_NIL": "inapplicable", "KOD500K": null, "KOD500_NIL": "inapplicable", "KOD1000K": null, "KOD1000_NI": "inapplicable", "FUNKCTORU": "torSzlakowyZwykly", "FTORU_NIL": null, "LICZBATOR": 1, "LTOROW_NIL": null, "POLOZENIE": "ponadPowierzchniaGruntuPoziom1", "POLOZ_NIL": null, "RODZPOJSZ": "kolej", "RODPSZ_NIL": null, "RODZAJTOR": "torNormalny", "RODZTOR_NI": null, "RODZAJTRAK": "niezelektryfikowana", "RODTRA_NIL": null, "LINKOL_NIL": null, "LIN_LOKID": "0E826BC32B539ED3E0636547A8C01DE2", "LIN_PNAZW": null, "LIN_WERID": "0", "LIN_NRLINI": "356", "W1_NAZWA": "POZNAĹ WSCHĂ“D", "W1_NRWEZ": "321", "WEZEL1_OZN": "R44", "W1_LOKID": "0E826BC337329ED3E0636547A8C01DE2", "W1_PNAZW": null, "W1_WERID": "0", "W2_NAZWA": "BYDGOSZCZ GĹĂ“WNA", "W2_NRWEZ": "1058", "WEZEL2_OZN": "R63", "W2_LOKID": "0E826BC337269ED3E0636547A8C01DE2", "W2_PNAZW": null, "W2_WERID": "0", "BD500_ID": null, "BD500_PNA": null, "BD500_WEID": null, "length": 8.05 }, "geometry": { "type": "MultiLineString", "coordinates": [ [ [ 16.981737362648847, 52.457796718132286 ], [ 16.981726558229354, 52.457868758656041 ] ] ] } },
{ "type": "Feature", "properties": { "TERYT": "3021", "LOKALNYID": "322BD613-D0DF-598B-E053-CC2BA8C05138", "WERSJAID": "2022-01-20T00:00:00", "PNAZW": "PL.PZGiK.308.BDOT10k", "GMLID": "OT_SKTR_L.76", "X_KOD": "SKTR01", "X_SKRKARTO": null, "X_SKRK_NIL": "inapplicable", "X_KATDOKG": "dokladny", "X_DOKLGEOM": 1.0, "X_ZRODLOG": "ortofotomapa", "X_ZRODLOA": "pomiarTerenowy", "X_KATIST": "eksploatowany", "X_KATI_NIL": null, "X_RODZREPG": "osGeometryczna", "X_UWAGI": null, "X_UZYTKOWN": "Uzytkownik30.xml", "X_AKTG": "2022-01-20", "X_AKTA": "2022-01-20", "POCZWERS": "2022-01-20", "KONIECWERS": null, "X_DATAUTW": "2012-11-13", "X_INFDOD": null, "KOD10K": "0010_208", "KOD10K_NIL": null, "KOD25K": "0025_208", "KOD25K_NIL": null, "KOD50K": "0050_208", "KOD50K_NIL": null, "KOD100K": "0100_208", "KOD100_NIL": null, "KOD250K": null, "KOD250_NIL": "inapplicable", "KOD500K": null, "KOD500_NIL": "inapplicable", "KOD1000K": null, "KOD1000_NI": "inapplicable", "FUNKCTORU": "torSzlakowyStacyjny", "FTORU_NIL": null, "LICZBATOR": 1, "LTOROW_NIL": null, "POLOZENIE": "naPowierzchniGruntu", "POLOZ_NIL": null, "RODZPOJSZ": "kolej", "RODPSZ_NIL": null, "RODZAJTOR": "torNormalny", "RODZTOR_NI": null, "RODZAJTRAK": "niezelektryfikowana", "RODTRA_NIL": null, "LINKOL_NIL": null, "LIN_LOKID": "0E826BC32B539ED3E0636547A8C01DE2", "LIN_PNAZW": null, "LIN_WERID": "0", "LIN_NRLINI": "356", "W1_NAZWA": "POZNAĹ WSCHĂ“D", "W1_NRWEZ": "321", "WEZEL1_OZN": "R44", "W1_LOKID": "0E826BC337329ED3E0636547A8C01DE2", "W1_PNAZW": null, "W1_WERID": "0", "W2_NAZWA": "BYDGOSZCZ GĹĂ“WNA", "W2_NRWEZ": "1058", "WEZEL2_OZN": "R63", "W2_LOKID": "0E826BC337269ED3E0636547A8C01DE2", "W2_PNAZW": null, "W2_WERID": "0", "BD500_ID": null, "BD500_PNA": null, "BD500_WEID": null, "length": 10.53 }, "geometry": { "type": "MultiLineString", "coordinates": [ [ [ 16.980572818487506, 52.534845368878919 ], [ 16.980516106944677, 52.535030133043421 ] ] ] } },
{ "type": "Feature", "properties": { "TERYT": "3021", "LOKALNYID": "322BD613-D163-598B-E053-CC2BA8C05138", "WERSJAID": "2022-01-20T00:00:00", "PNAZW": "PL.PZGiK.308.BDOT10k", "GMLID": "OT_SKTR_L.665", "X_KOD": "SKTR01", "X_SKRKARTO": null, "X_SKRK_NIL": "inapplicable", "X_KATDOKG": "dokladny", "X_DOKLGEOM": 1.0, "X_ZRODLOG": "ortofotomapa", "X_ZRODLOA": "pomiarTerenowy", "X_KATIST": "eksploatowany", "X_KATI_NIL": null, "X_RODZREPG": "osGeometryczna", "X_UWAGI": null, "X_UZYTKOWN": "Uzytkownik30.xml", "X_AKTG": "2011-01-01", "X_AKTA": "2022-01-20", "POCZWERS": "2022-01-20", "KONIECWERS": null, "X_DATAUTW": "2012-11-13", "X_INFDOD": null, "KOD10K": "0010_208", "KOD10K_NIL": null, "KOD25K": "0025_208", "KOD25K_NIL": null, "KOD50K": "0050_208", "KOD50K_NIL": null, "KOD100K": "0100_208", "KOD100_NIL": null, "KOD250K": null, "KOD250_NIL": "inapplicable", "KOD500K": null, "KOD500_NIL": "inapplicable", "KOD1000K": null, "KOD1000_NI": "inapplicable", "FUNKCTORU": "torSzlakowyStacyjny", "FTORU_NIL": null, "LICZBATOR": 1, "LTOROW_NIL": null, "POLOZENIE": "naPowierzchniGruntu", "POLOZ_NIL": null, "RODZPOJSZ": "kolej", "RODPSZ_NIL": null, "RODZAJTOR": "torNormalny", "RODZTOR_NI": null, "RODZAJTRAK": "niezelektryfikowana", "RODTRA_NIL": null, "LINKOL_NIL": null, "LIN_LOKID": "0E826BC32B539ED3E0636547A8C01DE2", "LIN_PNAZW": null, "LIN_WERID": "0", "LIN_NRLINI": "356", "W1_NAZWA": "POZNAĹ WSCHĂ“D", "W1_NRWEZ": "321", "WEZEL1_OZN": "R44", "W1_LOKID": "0E826BC337329ED3E0636547A8C01DE2", "W1_PNAZW": null, "W1_WERID": "0", "W2_NAZWA": "BYDGOSZCZ GĹĂ“WNA", "W2_NRWEZ": "1058", "WEZEL2_OZN": "R63", "W2_LOKID": "0E826BC337269ED3E0636547A8C01DE2", "W2_PNAZW": null, "W2_WERID": "0", "BD500_ID": null, "BD500_PNA": null, "BD500_WEID": null, "length": 36.3 }, "geometry": { "type": "MultiLineString", "coordinates": [ [ [ 16.978469661939112, 52.541834084208261 ], [ 16.978561883872398, 52.541512585015774 ] ] ] } },
{ "type": "Feature", "properties": { "TERYT": "3021", "LOKALNYID": "322BD613-D18E-598B-E053-CC2BA8C05138", "WERSJAID": "2022-01-20T00:00:00", "PNAZW": "PL.PZGiK.308.BDOT10k", "GMLID": "OT_SKTR_L.348", "X_KOD": "SKTR01", "X_SKRKARTO": null, "X_SKRK_NIL": "inapplicable", "X_KATDOKG": "dokladny", "X_DOKLGEOM": 1.0, "X_ZRODLOG": "ortofotomapa", "X_ZRODLOA": "pomiarTerenowy", "X_KATIST": "eksploatowany", "X_KATI_NIL": null, "X_RODZREPG": "osGeometryczna", "X_UWAGI": null, "X_UZYTKOWN": "Uzytkownik30.xml", "X_AKTG": "2022-01-20", "X_AKTA": "2022-01-20", "POCZWERS": "2022-01-20", "KONIECWERS": null, "X_DATAUTW": "2012-11-13", "X_INFDOD": null, "KOD10K": "0010_208", "KOD10K_NIL": null, "KOD25K": "0025_208", "KOD25K_NIL": null, "KOD50K": "0050_208", "KOD50K_NIL": null, "KOD100K": "0100_208", "KOD100_NIL": null, "KOD250K": null, "KOD250_NIL": "inapplicable", "KOD500K": null, "KOD500_NIL": "inapplicable", "KOD1000K": null, "KOD1000_NI": "inapplicable", "FUNKCTORU": "torSzlakowyZwykly", "FTORU_NIL": null, "LICZBATOR": 1, "LTOROW_NIL": null, "POLOZENIE": "naPowierzchniGruntu", "POLOZ_NIL": null, "RODZPOJSZ": "kolej", "RODPSZ_NIL": null, "RODZAJTOR": "torNormalny", "RODZTOR_NI": null, "RODZAJTRAK": "niezelektryfikowana", "RODTRA_NIL": null, "LINKOL_NIL": null, "LIN_LOKID": "0E826BC32B539ED3E0636547A8C01DE2", "LIN_PNAZW": null, "LIN_WERID": "0", "LIN_NRLINI": "356", "W1_NAZWA": "POZNAĹ WSCHĂ“D", "W1_NRWEZ": "321", "WEZEL1_OZN": "R44", "W1_LOKID": "0E826BC337329ED3E0636547A8C01DE2", "W1_PNAZW": null, "W1_WERID": "0", "W2_NAZWA": "BYDGOSZCZ GĹĂ“WNA", "W2_NRWEZ": "1058", "WEZEL2_OZN": "R63", "W2_LOKID": "0E826BC337269ED3E0636547A8C01DE2", "W2_PNAZW": null, "W2_WERID": "0", "BD500_ID": null, "BD500_PNA": null, "BD500_WEID": null, "length": 334.58 }, "geometry": { "type": "MultiLineString", "coordinates": [ [ [ 16.978672316557944, 52.473199589806391 ], [ 16.978630431345287, 52.473567103494986 ], [ 16.978586081531667, 52.474059057132045 ], [ 16.978568133732558, 52.474257795793825 ], [ 16.978430022333498, 52.475792482967137 ], [ 16.978418713260481, 52.475920279528225 ], [ 16.978393677147118, 52.476202904359106 ] ] ] } },
{ "type": "Feature", "properties": { "TERYT": "3021", "LOKALNYID": "b0bfddc4-ace5-4f1d-bcf8-4d9e8c5a528c", "WERSJAID": "2022-01-20T00:00:00", "PNAZW": "PL.PZGiK.308.BDOT10k", "GMLID": "OT_SKTR_L.a60236d2-5e9f-4466-90be-03702f7074f3", "X_KOD": "SKTR01", "X_SKRKARTO": null, "X_SKRK_NIL": "inapplicable", "X_KATDOKG": "dokladny", "X_DOKLGEOM": 1.0, "X_ZRODLOG": "ortofotomapa", "X_ZRODLOA": "pomiarTerenowy", "X_KATIST": "eksploatowany", "X_KATI_NIL": null, "X_RODZREPG": "osGeometryczna", "X_UWAGI": null, "X_UZYTKOWN": "Uzytkownik30.xml", "X_AKTG": "2022-01-20", "X_AKTA": "2022-01-20", "POCZWERS": "2022-01-20", "KONIECWERS": null, "X_DATAUTW": "2022-01-20", "X_INFDOD": null, "KOD10K": "0010_208", "KOD10K_NIL": null, "KOD25K": "0025_208", "KOD25K_NIL": null, "KOD50K": "0050_208", "KOD50K_NIL": null, "KOD100K": "0100_208", "KOD100_NIL": null, "KOD250K": null, "KOD250_NIL": "inapplicable", "KOD500K": null, "KOD500_NIL": "inapplicable", "KOD1000K": null, "KOD1000_NI": "inapplicable", "FUNKCTORU": "torSzlakowyStacyjny", "FTORU_NIL": null, "LICZBATOR": 1, "LTOROW_NIL": null, "POLOZENIE": "naPowierzchniGruntu", "POLOZ_NIL": null, "RODZPOJSZ": "kolej", "RODPSZ_NIL": null, "RODZAJTOR": "torNormalny", "RODZTOR_NI": null, "RODZAJTRAK": "niezelektryfikowana", "RODTRA_NIL": null, "LINKOL_NIL": null, "LIN_LOKID": "0E826BC32B539ED3E0636547A8C01DE2", "LIN_PNAZW": null, "LIN_WERID": "0", "LIN_NRLINI": "356", "W1_NAZWA": "POZNAĹ WSCHĂ“D", "W1_NRWEZ": "321", "WEZEL1_OZN": "R44", "W1_LOKID": "0E826BC337329ED3E0636547A8C01DE2", "W1_PNAZW": null, "W1_WERID": "0", "W2_NAZWA": "BYDGOSZCZ GĹĂ“WNA", "W2_NRWEZ": "1058", "WEZEL2_OZN": "R63", "W2_LOKID": "0E826BC337269ED3E0636547A8C01DE2", "W2_PNAZW": null, "W2_WERID": "0", "BD500_ID": null, "BD500_PNA": null, "BD500_WEID": null, "length": 43.25 }, "geometry": { "type": "MultiLineString", "coordinates": [ [ [ 16.978681663705188, 52.541130665185499 ], [ 16.978561883872398, 52.541512585015774 ] ] ] } },
{ "type": "Feature", "properties": { "TERYT": "3021", "LOKALNYID": "cc31b594-8c13-4868-acef-c023915040ac", "WERSJAID": "2022-01-20T00:00:00", "PNAZW": "PL.PZGiK.308.BDOT10k", "GMLID": "OT_SKTR_L.bb2c2c4d-3ca8-4b10-8d4a-5bf4ac4aa1cc", "X_KOD": "SKTR01", "X_SKRKARTO": null, "X_SKRK_NIL": "inapplicable", "X_KATDOKG": "dokladny", "X_DOKLGEOM": 1.0, "X_ZRODLOG": "ortofotomapa", "X_ZRODLOA": "pomiarTerenowy", "X_KATIST": "eksploatowany", "X_KATI_NIL": null, "X_RODZREPG": "osGeometryczna", "X_UWAGI": null, "X_UZYTKOWN": "Uzytkownik30.xml", "X_AKTG": "2022-01-20", "X_AKTA": "2022-01-20", "POCZWERS": "2022-01-20", "KONIECWERS": null, "X_DATAUTW": "2022-01-20", "X_INFDOD": null, "KOD10K": "0010_208", "KOD10K_NIL": null, "KOD25K": "0025_208", "KOD25K_NIL": null, "KOD50K": "0050_208", "KOD50K_NIL": null, "KOD100K": "0100_208", "KOD100_NIL": null, "KOD250K": null, "KOD250_NIL": "inapplicable", "KOD500K": null, "KOD500_NIL": "inapplicable", "KOD1000K": null, "KOD1000_NI": "inapplicable", "FUNKCTORU": "torSzlakowyStacyjny", "FTORU_NIL": null, "LICZBATOR": 1, "LTOROW_NIL": null, "POLOZENIE": "naPowierzchniGruntu", "POLOZ_NIL": null, "RODZPOJSZ": "kolej", "RODPSZ_NIL": null, "RODZAJTOR": "torNormalny", "RODZTOR_NI": null, "RODZAJTRAK": "niezelektryfikowana", "RODTRA_NIL": null, "LINKOL_NIL": null, "LIN_LOKID": "0E826BC32B539ED3E0636547A8C01DE2", "LIN_PNAZW": null, "LIN_WERID": "0", "LIN_NRLINI": "356", "W1_NAZWA": "POZNAĹ WSCHĂ“D", "W1_NRWEZ": "321", "WEZEL1_OZN": "R44", "W1_LOKID": "0E826BC337329ED3E0636547A8C01DE2", "W1_PNAZW": null, "W1_WERID": "0", "W2_NAZWA": "BYDGOSZCZ GĹĂ“WNA", "W2_NRWEZ": "1058", "WEZEL2_OZN": "R63", "W2_LOKID": "0E826BC337269ED3E0636547A8C01DE2", "W2_PNAZW": null, "W2_WERID": "0", "BD500_ID": null, "BD500_PNA": null, "BD500_WEID": null, "length": 537.62 }, "geometry": { "type": "MultiLineString", "coordinates": [ ] } },
{ "type": "Feature", "properties": { "TERYT": "3021", "LOKALNYID": "520eec8f-a773-4db4-ae56-cdcfd0b90636", "WERSJAID": "2022-01-20T00:00:00", "PNAZW": "PL.PZGiK.308.BDOT10k", "GMLID": "OT_SKTR_L.3ab553a7-afc7-4c5c-809f-15a5b608f680", "X_KOD": "SKTR01", "X_SKRKARTO": null, "X_SKRK_NIL": "inapplicable", "X_KATDOKG": "dokladny", "X_DOKLGEOM": 1.0, "X_ZRODLOG": "ortofotomapa", "X_ZRODLOA": "pomiarTerenowy", "X_KATIST": "eksploatowany", "X_KATI_NIL": null, "X_RODZREPG": "osGeometryczna", "X_UWAGI": null, "X_UZYTKOWN": "Uzytkownik30.xml", "X_AKTG": "2022-01-20", "X_AKTA": "2022-01-20", "POCZWERS": "2022-01-20", "KONIECWERS": null, "X_DATAUTW": "2022-01-20", "X_INFDOD": null, "KOD10K": "0010_208", "KOD10K_NIL": null, "KOD25K": "0025_208", "KOD25K_NIL": null, "KOD50K": "0050_208", "KOD50K_NIL": null, "KOD100K": "0100_208", "KOD100_NIL": null, "KOD250K": null, "KOD250_NIL": "inapplicable", "KOD500K": null, "KOD500_NIL": "inapplicable", "KOD1000K": null, "KOD1000_NI": "inapplicable", "FUNKCTORU": "torSzlakowyStacyjny", "FTORU_NIL": null, "LICZBATOR": 1, "LTOROW_NIL": null, "POLOZENIE": "naPowierzchniGruntu", "POLOZ_NIL": null, "RODZPOJSZ": "kolej", "RODPSZ_NIL": null, "RODZAJTOR": "torNormalny", "RODZTOR_NI": null, "RODZAJTRAK": "niezelektryfikowana", "RODTRA_NIL": null, "LINKOL_NIL": null, "LIN_LOKID": "0E826BC32B539ED3E0636547A8C01DE2", "LIN_PNAZW": null, "LIN_WERID": "0", "LIN_NRLINI": "356", "W1_NAZWA": "POZNAĹ WSCHĂ“D", "W1_NRWEZ": "321", "WEZEL1_OZN": "R44", "W1_LOKID": "0E826BC337329ED3E0636547A8C01DE2", "W1_PNAZW": null, "W1_WERID": "0", "W2_NAZWA": "BYDGOSZCZ GĹĂ“WNA", "W2_NRWEZ": "1058", "WEZEL2_OZN": "R63", "W2_LOKID": "0E826BC337269ED3E0636547A8C01DE2", "W2_PNAZW": null, "W2_WERID": "0", "BD500_ID": null, "BD500_PNA": null, "BD500_WEID": null, "length": 162.65 }, "geometry": { "type": "MultiLineString", "coordinates": [ [ [ 16.980516106944677, 52.535030133043421 ], [ 16.98045316848086, 52.53522522427577 ], [ 16.980435208529936, 52.535295163129383 ], [ 16.980366036434532, 52.535507147123162 ], [ 16.980313202725437, 52.535684512112816 ], [ 16.980108735598343, 52.536376010535413 ] ] ] } },
{ "type": "Feature", "properties": { "TERYT": "3021", "LOKALNYID": "322BD613-D0DD-598B-E053-CC2BA8C05138", "WERSJAID": "2022-01-20T00:00:00", "PNAZW": "PL.PZGiK.308.BDOT10k", "GMLID": "OT_SKTR_L.74", "X_KOD": "SKTR01", "X_SKRKARTO": null, "X_SKRK_NIL": "inapplicable", "X_KATDOKG": "dokladny", "X_DOKLGEOM": 1.0, "X_ZRODLOG": "ortofotomapa", "X_ZRODLOA": "pomiarTerenowy", "X_KATIST": "eksploatowany", "X_KATI_NIL": null, "X_RODZREPG": "osGeometryczna", "X_UWAGI": null, "X_UZYTKOWN": "Uzytkownik30.xml", "X_AKTG": "2011-01-01", "X_AKTA": "2022-01-20", "POCZWERS": "2022-01-20", "KONIECWERS": null, "X_DATAUTW": "2012-11-13", "X_INFDOD": null, "KOD10K": "0010_213", "KOD10K_NIL": null, "KOD25K": "0025_213", "KOD25K_NIL": null, "KOD50K": "0050_213", "KOD50K_NIL": null, "KOD100K": "0100_213_small", "KOD100_NIL": null, "KOD250K": null, "KOD250_NIL": "inapplicable", "KOD500K": null, "KOD500_NIL": "inapplicable", "KOD1000K": null, "KOD1000_NI": "inapplicable", "FUNKCTORU": "bocznica", "FTORU_NIL": null, "LICZBATOR": 1, "LTOROW_NIL": null, "POLOZENIE": "naPowierzchniGruntu", "POLOZ_NIL": null, "RODZPOJSZ": "kolej", "RODPSZ_NIL": null, "RODZAJTOR": "torNormalny", "RODZTOR_NI": null, "RODZAJTRAK": "niezelektryfikowana", "RODTRA_NIL": null, "LINKOL_NIL": null, "LIN_LOKID": null, "LIN_PNAZW": null, "LIN_WERID": null, "LIN_NRLINI": null, "W1_NAZWA": null, "W1_NRWEZ": null, "WEZEL1_OZN": null, "W1_LOKID": null, "W1_PNAZW": null, "W1_WERID": null, "W2_NAZWA": null, "W2_NRWEZ": null, "WEZEL2_OZN": null, "W2_LOKID": null, "W2_PNAZW": null, "W2_WERID": null, "BD500_ID": null, "BD500_PNA": null, "BD500_WEID": null, "length": 301.41 }, "geometry": { "type": "MultiLineString", "coordinates": [ ] } },
{ "type": "Feature", "properties": { "TERYT": "3021", "LOKALNYID": "322BD613-D185-598B-E053-CC2BA8C05138", "WERSJAID": "2022-01-20T00:00:00", "PNAZW": "PL.PZGiK.308.BDOT10k", "GMLID": "OT_SKTR_L.477", "X_KOD": "SKTR01", "X_SKRKARTO": null, "X_SKRK_NIL": "inapplicable", "X_KATDOKG": "dokladny", "X_DOKLGEOM": 1.0, "X_ZRODLOG": "ortofotomapa", "X_ZRODLOA": "pomiarTerenowy", "X_KATIST": "eksploatowany", "X_KATI_NIL": null, "X_RODZREPG": "osGeometryczna", "X_UWAGI": null, "X_UZYTKOWN": "Uzytkownik30.xml", "X_AKTG": "2022-01-20", "X_AKTA": "2022-01-20", "POCZWERS": "2022-01-20", "KONIECWERS": null, "X_DATAUTW": "2012-11-13", "X_INFDOD": null, "KOD10K": "0010_213", "KOD10K_NIL": null, "KOD25K": "0025_213", "KOD25K_NIL": null, "KOD50K": "0050_213", "KOD50K_NIL": null, "KOD100K": "0100_213_small", "KOD100_NIL": null, "KOD250K": null, "KOD250_NIL": "inapplicable", "KOD500K": null, "KOD500_NIL": "inapplicable", "KOD1000K": null, "KOD1000_NI": "inapplicable", "FUNKCTORU": "bocznica", "FTORU_NIL": null, "LICZBATOR": 1, "LTOROW_NIL": null, "POLOZENIE": "naPowierzchniGruntu", "POLOZ_NIL": null, "RODZPOJSZ": "kolej", "RODPSZ_NIL": null, "RODZAJTOR": "torNormalny", "RODZTOR_NI": null, "RODZAJTRAK": "niezelektryfikowana", "RODTRA_NIL": null, "LINKOL_NIL": null, "LIN_LOKID": null, "LIN_PNAZW": null, "LIN_WERID": null, "LIN_NRLINI": null, "W1_NAZWA": null, "W1_NRWEZ": null, "WEZEL1_OZN": null, "W1_LOKID": null, "W1_PNAZW": null, "W1_WERID": null, "W2_NAZWA": null, "W2_NRWEZ": null, "WEZEL2_OZN": null, "W2_LOKID": null, "W2_PNAZW": null, "W2_WERID": null, "BD500_ID": null, "BD500_PNA": null, "BD500_WEID": null, "length": 104.68 }, "geometry": { "type": "MultiLineString", "coordinates": [ ] } },
{ "type": "Feature", "properties": { "TERYT": "3021", "LOKALNYID": "322BD613-D01D-598B-E053-CC2BA8C05138", "WERSJAID": "2022-01-20T00:00:00", "PNAZW": "PL.PZGiK.308.BDOT10k", "GMLID": "OT_SKTR_L.311", "X_KOD": "SKTR01", "X_SKRKARTO": null, "X_SKRK_NIL": "inapplicable", "X_KATDOKG": "dokladny", "X_DOKLGEOM": 1.0, "X_ZRODLOG": "ortofotomapa", "X_ZRODLOA": "pomiarTerenowy", "X_KATIST": "nieczynny", "X_KATI_NIL": null, "X_RODZREPG": "osGeometryczna", "X_UWAGI": null, "X_UZYTKOWN": "Uzytkownik30.xml", "X_AKTG": "2011-01-01", "X_AKTA": "2022-01-20", "POCZWERS": "2022-01-20", "KONIECWERS": null, "X_DATAUTW": "2012-11-13", "X_INFDOD": null, "KOD10K": "0010_213", "KOD10K_NIL": null, "KOD25K": "0025_213", "KOD25K_NIL": null, "KOD50K": "0050_213", "KOD50K_NIL": null, "KOD100K": "0100_213_small", "KOD100_NIL": null, "KOD250K": null, "KOD250_NIL": "inapplicable", "KOD500K": null, "KOD500_NIL": "inapplicable", "KOD1000K": null, "KOD1000_NI": "inapplicable", "FUNKCTORU": "bocznica", "FTORU_NIL": null, "LICZBATOR": 1, "LTOROW_NIL": null, "POLOZENIE": "naPowierzchniGruntu", "POLOZ_NIL": null, "RODZPOJSZ": "kolej", "RODPSZ_NIL": null, "RODZAJTOR": "torNormalny", "RODZTOR_NI": null, "RODZAJTRAK": "niezelektryfikowana", "RODTRA_NIL": null, "LINKOL_NIL": null, "LIN_LOKID": null, "LIN_PNAZW": null, "LIN_WERID": null, "LIN_NRLINI": null, "W1_NAZWA": null, "W1_NRWEZ": null, "WEZEL1_OZN": null, "W1_LOKID": null, "W1_PNAZW": null, "W1_WERID": null, "W2_NAZWA": null, "W2_NRWEZ": null, "WEZEL2_OZN": null, "W2_LOKID": null, "W2_PNAZW": null, "W2_WERID": null, "BD500_ID": null, "BD500_PNA": null, "BD500_WEID": null, "length": 164.99 }, "geometry": { "type": "MultiLineString", "coordinates": [ ] } },
{ "type": "Feature", "properties": { "TERYT": "3021", "LOKALNYID": "0fe28de6-5c5f-41e1-8907-4e35fba25da2", "WERSJAID": "2022-01-20T00:00:00", "PNAZW": "PL.PZGiK.308.BDOT10k", "GMLID": "ID_0fe28de6-5c5f-41e1-8907-4e35fba25da2", "X_KOD": "SKTR01", "X_SKRKARTO": null, "X_SKRK_NIL": "inapplicable", "X_KATDOKG": "dokladny", "X_DOKLGEOM": 1.0, "X_ZRODLOG": "ortofotomapa", "X_ZRODLOA": "pomiarTerenowy", "X_KATIST": "nieczynny", "X_KATI_NIL": null, "X_RODZREPG": "osGeometryczna", "X_UWAGI": null, "X_UZYTKOWN": "Uzytkownik30.xml", "X_AKTG": "2022-01-20", "X_AKTA": "2022-01-20", "POCZWERS": "2022-01-20", "KONIECWERS": null, "X_DATAUTW": "2019-01-15", "X_INFDOD": null, "KOD10K": "0010_213", "KOD10K_NIL": null, "KOD25K": "0025_213", "KOD25K_NIL": null, "KOD50K": "0050_213", "KOD50K_NIL": null, "KOD100K": "0100_213_small", "KOD100_NIL": null, "KOD250K": null, "KOD250_NIL": "inapplicable", "KOD500K": null, "KOD500_NIL": "inapplicable", "KOD1000K": null, "KOD1000_NI": "inapplicable", "FUNKCTORU": "bocznica", "FTORU_NIL": null, "LICZBATOR": 1, "LTOROW_NIL": null, "POLOZENIE": "naPowierzchniGruntu", "POLOZ_NIL": null, "RODZPOJSZ": "kolej", "RODPSZ_NIL": null, "RODZAJTOR": "torNormalny", "RODZTOR_NI": null, "RODZAJTRAK": "niezelektryfikowana", "RODTRA_NIL": null, "LINKOL_NIL": null, "LIN_LOKID": null, "LIN_PNAZW": null, "LIN_WERID": null, "LIN_NRLINI": null, "W1_NAZWA": null, "W1_NRWEZ": null, "WEZEL1_OZN": null, "W1_LOKID": null, "W1_PNAZW": null, "W1_WERID": null, "W2_NAZWA": null, "W2_NRWEZ": null, "WEZEL2_OZN": null, "W2_LOKID": null, "W2_PNAZW": null, "W2_WERID": null, "BD500_ID": null, "BD500_PNA": null, "BD500_WEID": null, "length": 83.35 }, "geometry": { "type": "MultiLineString", "coordinates": [ ] } },
{ "type": "Feature", "properties": { "TERYT": "3021", "LOKALNYID": "322BD613-D0DA-598B-E053-CC2BA8C05138", "WERSJAID": "2022-01-20T00:00:00", "PNAZW": "PL.PZGiK.308.BDOT10k", "GMLID": "OT_SKTR_L.71", "X_KOD": "SKTR01", "X_SKRKARTO": null, "X_SKRK_NIL": "inapplicable", "X_KATDOKG": "dokladny", "X_DOKLGEOM": 1.0, "X_ZRODLOG": "ortofotomapa", "X_ZRODLOA": "pomiarTerenowy", "X_KATIST": "eksploatowany", "X_KATI_NIL": null, "X_RODZREPG": "osGeometryczna", "X_UWAGI": null, "X_UZYTKOWN": "Uzytkownik30.xml", "X_AKTG": "2011-01-01", "X_AKTA": "2022-01-20", "POCZWERS": "2022-01-20", "KONIECWERS": null, "X_DATAUTW": "2012-11-13", "X_INFDOD": null, "KOD10K": "0010_213", "KOD10K_NIL": null, "KOD25K": "0025_213", "KOD25K_NIL": null, "KOD50K": "0050_213", "KOD50K_NIL": null, "KOD100K": "0100_213_small", "KOD100_NIL": null, "KOD250K": null, "KOD250_NIL": "inapplicable", "KOD500K": null, "KOD500_NIL": "inapplicable", "KOD1000K": null, "KOD1000_NI": "inapplicable", "FUNKCTORU": "bocznica", "FTORU_NIL": null, "LICZBATOR": 1, "LTOROW_NIL": null, "POLOZENIE": "naPowierzchniGruntu", "POLOZ_NIL": null, "RODZPOJSZ": "kolej", "RODPSZ_NIL": null, "RODZAJTOR": "torNormalny", "RODZTOR_NI": null, "RODZAJTRAK": "niezelektryfikowana", "RODTRA_NIL": null, "LINKOL_NIL": null, "LIN_LOKID": null, "LIN_PNAZW": null, "LIN_WERID": null, "LIN_NRLINI": null, "W1_NAZWA": null, "W1_NRWEZ": null, "WEZEL1_OZN": null, "W1_LOKID": null, "W1_PNAZW": null, "W1_WERID": null, "W2_NAZWA": null, "W2_NRWEZ": null, "WEZEL2_OZN": null, "W2_LOKID": null, "W2_PNAZW": null, "W2_WERID": null, "BD500_ID": null, "BD500_PNA": null, "BD500_WEID": null, "length": 53.8 }, "geometry": { "type": "MultiLineString", "coordinates": [ ] } },
{ "type": "Feature", "properties": { "TERYT": "3021", "LOKALNYID": "322BD613-D17D-598B-E053-CC2BA8C05138", "WERSJAID": "2022-01-20T00:00:00", "PNAZW": "PL.PZGiK.308.BDOT10k", "GMLID": "OT_SKTR_L.345", "X_KOD": "SKTR01", "X_SKRKARTO": null, "X_SKRK_NIL": "inapplicable", "X_KATDOKG": "dokladny", "X_DOKLGEOM": 1.0, "X_ZRODLOG": "ortofotomapa", "X_ZRODLOA": "pomiarTerenowy", "X_KATIST": "eksploatowany", "X_KATI_NIL": null, "X_RODZREPG": "osGeometryczna", "X_UWAGI": null, "X_UZYTKOWN": "Uzytkownik30.xml", "X_AKTG": "2011-01-01", "X_AKTA": "2022-01-20", "POCZWERS": "2022-01-20", "KONIECWERS": null, "X_DATAUTW": "2012-11-13", "X_INFDOD": null, "KOD10K": "0010_213", "KOD10K_NIL": null, "KOD25K": "0025_213", "KOD25K_NIL": null, "KOD50K": "0050_213", "KOD50K_NIL": null, "KOD100K": "0100_213_small", "KOD100_NIL": null, "KOD250K": null, "KOD250_NIL": "inapplicable", "KOD500K": null, "KOD500_NIL": "inapplicable", "KOD1000K": null, "KOD1000_NI": "inapplicable", "FUNKCTORU": "torZwyklyStacyjny", "FTORU_NIL": null, "LICZBATOR": 1, "LTOROW_NIL": null, "POLOZENIE": "naPowierzchniGruntu", "POLOZ_NIL": null, "RODZPOJSZ": "kolej", "RODPSZ_NIL": null, "RODZAJTOR": "torNormalny", "RODZTOR_NI": null, "RODZAJTRAK": "niezelektryfikowana", "RODTRA_NIL": null, "LINKOL_NIL": null, "LIN_LOKID": null, "LIN_PNAZW": null, "LIN_WERID": null, "LIN_NRLINI": null, "W1_NAZWA": null, "W1_NRWEZ": null, "WEZEL1_OZN": null, "W1_LOKID": null, "W1_PNAZW": null, "W1_WERID": null, "W2_NAZWA": null, "W2_NRWEZ": null, "WEZEL2_OZN": null, "W2_LOKID": null, "W2_PNAZW": null, "W2_WERID": null, "BD500_ID": null, "BD500_PNA": null, "BD500_WEID": null, "length": 97.92 }, "geometry": { "type": "MultiLineString", "coordinates": [ ] } },
{ "type": "Feature", "properties": { "TERYT": "3021", "LOKALNYID": "322BD613-D0E3-598B-E053-CC2BA8C05138", "WERSJAID": "2022-01-20T00:00:00", "PNAZW": "PL.PZGiK.308.BDOT10k", "GMLID": "OT_SKTR_L.80", "X_KOD": "SKTR01", "X_SKRKARTO": null, "X_SKRK_NIL": "inapplicable", "X_KATDOKG": "dokladny", "X_DOKLGEOM": 1.0, "X_ZRODLOG": "ortofotomapa", "X_ZRODLOA": "pomiarTerenowy", "X_KATIST": "eksploatowany", "X_KATI_NIL": null, "X_RODZREPG": "osGeometryczna", "X_UWAGI": null, "X_UZYTKOWN": "Uzytkownik30.xml", "X_AKTG": "2011-01-01", "X_AKTA": "2022-01-20", "POCZWERS": "2022-01-20", "KONIECWERS": null, "X_DATAUTW": "2012-11-13", "X_INFDOD": null, "KOD10K": "0010_213", "KOD10K_NIL": null, "KOD25K": "0025_213", "KOD25K_NIL": null, "KOD50K": "0050_213", "KOD50K_NIL": null, "KOD100K": "0100_213_small", "KOD100_NIL": null, "KOD250K": null, "KOD250_NIL": "inapplicable", "KOD500K": null, "KOD500_NIL": "inapplicable", "KOD1000K": null, "KOD1000_NI": "inapplicable", "FUNKCTORU": "bocznica", "FTORU_NIL": null, "LICZBATOR": 1, "LTOROW_NIL": null, "POLOZENIE": "naPowierzchniGruntu", "POLOZ_NIL": null, "RODZPOJSZ": "kolej", "RODPSZ_NIL": null, "RODZAJTOR": "torNormalny", "RODZTOR_NI": null, "RODZAJTRAK": "niezelektryfikowana", "RODTRA_NIL": null, "LINKOL_NIL": null, "LIN_LOKID": null, "LIN_PNAZW": null, "LIN_WERID": null, "LIN_NRLINI": null, "W1_NAZWA": null, "W1_NRWEZ": null, "WEZEL1_OZN": null, "W1_LOKID": null, "W1_PNAZW": null, "W1_WERID": null, "W2_NAZWA": null, "W2_NRWEZ": null, "WEZEL2_OZN": null, "W2_LOKID": null, "W2_PNAZW": null, "W2_WERID": null, "BD500_ID": null, "BD500_PNA": null, "BD500_WEID": null, "length": 34.83 }, "geometry": { "type": "MultiLineString", "coordinates": [ ] } },
{ "type": "Feature", "properties": { "TERYT": "3021", "LOKALNYID": "322BD613-D01B-598B-E053-CC2BA8C05138", "WERSJAID": "2022-01-20T00:00:00", "PNAZW": "PL.PZGiK.308.BDOT10k", "GMLID": "OT_SKTR_L.309", "X_KOD": "SKTR01", "X_SKRKARTO": null, "X_SKRK_NIL": "inapplicable", "X_KATDOKG": "dokladny", "X_DOKLGEOM": 1.0, "X_ZRODLOG": "ortofotomapa", "X_ZRODLOA": "pomiarTerenowy", "X_KATIST": "nieczynny", "X_KATI_NIL": null, "X_RODZREPG": "osGeometryczna", "X_UWAGI": null, "X_UZYTKOWN": "Uzytkownik30.xml", "X_AKTG": "2011-01-01", "X_AKTA": "2022-01-20", "POCZWERS": "2022-01-20", "KONIECWERS": null, "X_DATAUTW": "2012-11-13", "X_INFDOD": null, "KOD10K": "0010_213", "KOD10K_NIL": null, "KOD25K": "0025_213", "KOD25K_NIL": null, "KOD50K": "0050_213", "KOD50K_NIL": null, "KOD100K": "0100_213", "KOD100_NIL": null, "KOD250K": null, "KOD250_NIL": "inapplicable", "KOD500K": null, "KOD500_NIL": "inapplicable", "KOD1000K": null, "KOD1000_NI": "inapplicable", "FUNKCTORU": "bocznica", "FTORU_NIL": null, "LICZBATOR": 1, "LTOROW_NIL": null, "POLOZENIE": "naPowierzchniGruntu", "POLOZ_NIL": null, "RODZPOJSZ": "kolej", "RODPSZ_NIL": null, "RODZAJTOR": "torNormalny", "RODZTOR_NI": null, "RODZAJTRAK": "niezelektryfikowana", "RODTRA_NIL": null, "LINKOL_NIL": null, "LIN_LOKID": null, "LIN_PNAZW": null, "LIN_WERID": null, "LIN_NRLINI": null, "W1_NAZWA": null, "W1_NRWEZ": null, "WEZEL1_OZN": null, "W1_LOKID": null, "W1_PNAZW": null, "W1_WERID": null, "W2_NAZWA": null, "W2_NRWEZ": null, "WEZEL2_OZN": null, "W2_LOKID": null, "W2_PNAZW": null, "W2_WERID": null, "BD500_ID": null, "BD500_PNA": null, "BD500_WEID": null, "length": 514.43 }, "geometry": { "type": "MultiLineString", "coordinates": [ ] } },
{ "type": "Feature", "properties": { "TERYT": "3021", "LOKALNYID": "0361caa5-7444-4575-a48b-f88755f3df20", "WERSJAID": "2022-01-20T00:00:00", "PNAZW": "PL.PZGiK.308.BDOT10k", "GMLID": "OT_SKTR_L.ef0fef7b-c104-461b-a456-46424a2423de", "X_KOD": "SKTR01", "X_SKRKARTO": null, "X_SKRK_NIL": "inapplicable", "X_KATDOKG": "dokladny", "X_DOKLGEOM": 1.0, "X_ZRODLOG": "ortofotomapa", "X_ZRODLOA": "pomiarTerenowy", "X_KATIST": "nieczynny", "X_KATI_NIL": null, "X_RODZREPG": "osGeometryczna", "X_UWAGI": null, "X_UZYTKOWN": "Uzytkownik30.xml", "X_AKTG": "2022-01-20", "X_AKTA": "2022-01-20", "POCZWERS": "2022-01-20", "KONIECWERS": null, "X_DATAUTW": "2022-01-20", "X_INFDOD": null, "KOD10K": "0010_213", "KOD10K_NIL": null, "KOD25K": "0025_213", "KOD25K_NIL": null, "KOD50K": "0050_213", "KOD50K_NIL": null, "KOD100K": "0100_213", "KOD100_NIL": null, "KOD250K": null, "KOD250_NIL": "inapplicable", "KOD500K": null, "KOD500_NIL": "inapplicable", "KOD1000K": null, "KOD1000_NI": "inapplicable", "FUNKCTORU": "bocznica", "FTORU_NIL": null, "LICZBATOR": 1, "LTOROW_NIL": null, "POLOZENIE": "naPowierzchniGruntu", "POLOZ_NIL": null, "RODZPOJSZ": "kolej", "RODPSZ_NIL": null, "RODZAJTOR": "torNormalny", "RODZTOR_NI": null, "RODZAJTRAK": "niezelektryfikowana", "RODTRA_NIL": null, "LINKOL_NIL": null, "LIN_LOKID": null, "LIN_PNAZW": null, "LIN_WERID": null, "LIN_NRLINI": null, "W1_NAZWA": null, "W1_NRWEZ": null, "WEZEL1_OZN": null, "W1_LOKID": null, "W1_PNAZW": null, "W1_WERID": null, "W2_NAZWA": null, "W2_NRWEZ": null, "WEZEL2_OZN": null, "W2_LOKID": null, "W2_PNAZW": null, "W2_WERID": null, "BD500_ID": null, "BD500_PNA": null, "BD500_WEID": null, "length": 507.71 }, "geometry": { "type": "MultiLineString", "coordinates": [ ] } },
{ "type": "Feature", "properties": { "TERYT": "3021", "LOKALNYID": "76ac9d9c-9898-47fc-aae8-da6ec0a7614e", "WERSJAID": "2022-01-20T00:00:00", "PNAZW": "PL.PZGiK.308.BDOT10k", "GMLID": "OT_SKTR_L.89b741fe-926b-4f48-9084-82a6af72c7de", "X_KOD": "SKTR01", "X_SKRKARTO": null, "X_SKRK_NIL": "inapplicable", "X_KATDOKG": "dokladny", "X_DOKLGEOM": 1.0, "X_ZRODLOG": "ortofotomapa", "X_ZRODLOA": "pomiarTerenowy", "X_KATIST": "eksploatowany", "X_KATI_NIL": null, "X_RODZREPG": "osGeometryczna", "X_UWAGI": null, "X_UZYTKOWN": "Uzytkownik30.xml", "X_AKTG": "2022-01-20", "X_AKTA": "2022-01-20", "POCZWERS": "2022-01-20", "KONIECWERS": null, "X_DATAUTW": "2022-01-20", "X_INFDOD": null, "KOD10K": "0010_213", "KOD10K_NIL": null, "KOD25K": "0025_213", "KOD25K_NIL": null, "KOD50K": "0050_213", "KOD50K_NIL": null, "KOD100K": "0100_213_small", "KOD100_NIL": null, "KOD250K": null, "KOD250_NIL": "inapplicable", "KOD500K": null, "KOD500_NIL": "inapplicable", "KOD1000K": null, "KOD1000_NI": "inapplicable", "FUNKCTORU": "bocznica", "FTORU_NIL": null, "LICZBATOR": 1, "LTOROW_NIL": null, "POLOZENIE": "naPowierzchniGruntu", "POLOZ_NIL": null, "RODZPOJSZ": "kolej", "RODPSZ_NIL": null, "RODZAJTOR": "torNormalny", "RODZTOR_NI": null, "RODZAJTRAK": "niezelektryfikowana", "RODTRA_NIL": null, "LINKOL_NIL": null, "LIN_LOKID": null, "LIN_PNAZW": null, "LIN_WERID": null, "LIN_NRLINI": null, "W1_NAZWA": null, "W1_NRWEZ": null, "WEZEL1_OZN": null, "W1_LOKID": null, "W1_PNAZW": null, "W1_WERID": null, "W2_NAZWA": null, "W2_NRWEZ": null, "WEZEL2_OZN": null, "W2_LOKID": null, "W2_PNAZW": null, "W2_WERID": null, "BD500_ID": null, "BD500_PNA": null, "BD500_WEID": null, "length": 56.79 }, "geometry": { "type": "MultiLineString", "coordinates": [ ] } },
{ "type": "Feature", "properties": { "TERYT": "3021", "LOKALNYID": "322BD613-D0E2-598B-E053-CC2BA8C05138", "WERSJAID": "2022-01-20T00:00:00", "PNAZW": "PL.PZGiK.308.BDOT10k", "GMLID": "OT_SKTR_L.79", "X_KOD": "SKTR01", "X_SKRKARTO": null, "X_SKRK_NIL": "inapplicable", "X_KATDOKG": "dokladny", "X_DOKLGEOM": 1.0, "X_ZRODLOG": "ortofotomapa", "X_ZRODLOA": "pomiarTerenowy", "X_KATIST": "eksploatowany", "X_KATI_NIL": null, "X_RODZREPG": "osGeometryczna", "X_UWAGI": null, "X_UZYTKOWN": "Uzytkownik30.xml", "X_AKTG": "2011-01-01", "X_AKTA": "2022-01-20", "POCZWERS": "2022-01-20", "KONIECWERS": null, "X_DATAUTW": "2012-11-13", "X_INFDOD": null, "KOD10K": "0010_213", "KOD10K_NIL": null, "KOD25K": "0025_213", "KOD25K_NIL": null, "KOD50K": "0050_213", "KOD50K_NIL": null, "KOD100K": "0100_213_small", "KOD100_NIL": null, "KOD250K": null, "KOD250_NIL": "inapplicable", "KOD500K": null, "KOD500_NIL": "inapplicable", "KOD1000K": null, "KOD1000_NI": "inapplicable", "FUNKCTORU": "bocznica", "FTORU_NIL": null, "LICZBATOR": 1, "LTOROW_NIL": null, "POLOZENIE": "naPowierzchniGruntu", "POLOZ_NIL": null, "RODZPOJSZ": "kolej", "RODPSZ_NIL": null, "RODZAJTOR": "torNormalny", "RODZTOR_NI": null, "RODZAJTRAK": "niezelektryfikowana", "RODTRA_NIL": null, "LINKOL_NIL": null, "LIN_LOKID": null, "LIN_PNAZW": null, "LIN_WERID": null, "LIN_NRLINI": null, "W1_NAZWA": null, "W1_NRWEZ": null, "WEZEL1_OZN": null, "W1_LOKID": null, "W1_PNAZW": null, "W1_WERID": null, "W2_NAZWA": null, "W2_NRWEZ": null, "WEZEL2_OZN": null, "W2_LOKID": null, "W2_PNAZW": null, "W2_WERID": null, "BD500_ID": null, "BD500_PNA": null, "BD500_WEID": null, "length": 184.32 }, "geometry": { "type": "MultiLineString", "coordinates": [ ] } },
{ "type": "Feature", "properties": { "TERYT": "3021", "LOKALNYID": "322BD613-D1CE-598B-E053-CC2BA8C05138", "WERSJAID": "2022-01-20T00:00:00", "PNAZW": "PL.PZGiK.308.BDOT10k", "GMLID": "OT_SKTR_L.383", "X_KOD": "SKTR01", "X_SKRKARTO": null, "X_SKRK_NIL": "inapplicable", "X_KATDOKG": "dokladny", "X_DOKLGEOM": 1.0, "X_ZRODLOG": "ortofotomapa", "X_ZRODLOA": "pomiarTerenowy", "X_KATIST": "eksploatowany", "X_KATI_NIL": null, "X_RODZREPG": "osGeometryczna", "X_UWAGI": null, "X_UZYTKOWN": "Uzytkownik30.xml", "X_AKTG": "2011-01-01", "X_AKTA": "2022-01-20", "POCZWERS": "2022-01-20", "KONIECWERS": null, "X_DATAUTW": "2012-11-13", "X_INFDOD": null, "KOD10K": "0010_213", "KOD10K_NIL": null, "KOD25K": "0025_213", "KOD25K_NIL": null, "KOD50K": "0050_213", "KOD50K_NIL": null, "KOD100K": "0100_213_small", "KOD100_NIL": null, "KOD250K": null, "KOD250_NIL": "inapplicable", "KOD500K": null, "KOD500_NIL": "inapplicable", "KOD1000K": null, "KOD1000_NI": "inapplicable", "FUNKCTORU": "bocznica", "FTORU_NIL": null, "LICZBATOR": 1, "LTOROW_NIL": null, "POLOZENIE": "naPowierzchniGruntu", "POLOZ_NIL": null, "RODZPOJSZ": "kolej", "RODPSZ_NIL": null, "RODZAJTOR": "torNormalny", "RODZTOR_NI": null, "RODZAJTRAK": "niezelektryfikowana", "RODTRA_NIL": null, "LINKOL_NIL": null, "LIN_LOKID": null, "LIN_PNAZW": null, "LIN_WERID": null, "LIN_NRLINI": null, "W1_NAZWA": null, "W1_NRWEZ": null, "WEZEL1_OZN": null, "W1_LOKID": null, "W1_PNAZW": null, "W1_WERID": null, "W2_NAZWA": null, "W2_NRWEZ": null, "WEZEL2_OZN": null, "W2_LOKID": null, "W2_PNAZW": null, "W2_WERID": null, "BD500_ID": null, "BD500_PNA": null, "BD500_WEID": null, "length": 133.82 }, "geometry": { "type": "MultiLineString", "coordinates": [ ] } },
{ "type": "Feature", "properties": { "TERYT": "3021", "LOKALNYID": "9d984709-3750-4dba-9cb7-f52292a73d7a", "WERSJAID": "2022-01-20T00:00:00", "PNAZW": "PL.PZGiK.308.BDOT10k", "GMLID": "OT_SKTR_L.e02e73b5-03d5-4949-ad51-62df98bd9883", "X_KOD": "SKTR01", "X_SKRKARTO": null, "X_SKRK_NIL": "inapplicable", "X_KATDOKG": "dokladny", "X_DOKLGEOM": 1.0, "X_ZRODLOG": "ortofotomapa", "X_ZRODLOA": "pomiarTerenowy", "X_KATIST": "nieczynny", "X_KATI_NIL": null, "X_RODZREPG": "osGeometryczna", "X_UWAGI": null, "X_UZYTKOWN": "Uzytkownik30.xml", "X_AKTG": "2022-01-20", "X_AKTA": "2022-01-20", "POCZWERS": "2022-01-20", "KONIECWERS": null, "X_DATAUTW": "2022-01-20", "X_INFDOD": null, "KOD10K": "0010_213", "KOD10K_NIL": null, "KOD25K": "0025_213", "KOD25K_NIL": null, "KOD50K": "0050_213", "KOD50K_NIL": null, "KOD100K": "0100_213_small", "KOD100_NIL": null, "KOD250K": null, "KOD250_NIL": "inapplicable", "KOD500K": null, "KOD500_NIL": "inapplicable", "KOD1000K": null, "KOD1000_NI": "inapplicable", "FUNKCTORU": "torZwyklyStacyjny", "FTORU_NIL": null, "LICZBATOR": 1, "LTOROW_NIL": null, "POLOZENIE": "naPowierzchniGruntu", "POLOZ_NIL": null, "RODZPOJSZ": "kolej", "RODPSZ_NIL": null, "RODZAJTOR": "torNormalny", "RODZTOR_NI": null, "RODZAJTRAK": "niezelektryfikowana", "RODTRA_NIL": null, "LINKOL_NIL": null, "LIN_LOKID": null, "LIN_PNAZW": null, "LIN_WERID": null, "LIN_NRLINI": null, "W1_NAZWA": null, "W1_NRWEZ": null, "WEZEL1_OZN": null, "W1_LOKID": null, "W1_PNAZW": null, "W1_WERID": null, "W2_NAZWA": null, "W2_NRWEZ": null, "WEZEL2_OZN": null, "W2_LOKID": null, "W2_PNAZW": null, "W2_WERID": null, "BD500_ID": null, "BD500_PNA": null, "BD500_WEID": null, "length": 71.98 }, "geometry": { "type": "MultiLineString", "coordinates": [ ] } },
{ "type": "Feature", "properties": { "TERYT": "3021", "LOKALNYID": "322BD613-D1E0-598B-E053-CC2BA8C05138", "WERSJAID": "2022-01-20T00:00:00", "PNAZW": "PL.PZGiK.308.BDOT10k", "GMLID": "OT_SKTR_L.386", "X_KOD": "SKTR01", "X_SKRKARTO": null, "X_SKRK_NIL": "inapplicable", "X_KATDOKG": "dokladny", "X_DOKLGEOM": 1.0, "X_ZRODLOG": "ortofotomapa", "X_ZRODLOA": "pomiarTerenowy", "X_KATIST": "eksploatowany", "X_KATI_NIL": null, "X_RODZREPG": "osGeometryczna", "X_UWAGI": null, "X_UZYTKOWN": "Uzytkownik30.xml", "X_AKTG": "2022-01-20", "X_AKTA": "2022-01-20", "POCZWERS": "2022-01-20", "KONIECWERS": null, "X_DATAUTW": "2012-11-13", "X_INFDOD": null, "KOD10K": "0010_213", "KOD10K_NIL": null, "KOD25K": "0025_213", "KOD25K_NIL": null, "KOD50K": "0050_213", "KOD50K_NIL": null, "KOD100K": "0100_213_small", "KOD100_NIL": null, "KOD250K": null, "KOD250_NIL": "inapplicable", "KOD500K": null, "KOD500_NIL": "inapplicable", "KOD1000K": null, "KOD1000_NI": "inapplicable", "FUNKCTORU": "bocznica", "FTORU_NIL": null, "LICZBATOR": 1, "LTOROW_NIL": null, "POLOZENIE": "naPowierzchniGruntu", "POLOZ_NIL": null, "RODZPOJSZ": "kolej", "RODPSZ_NIL": null, "RODZAJTOR": "torNormalny", "RODZTOR_NI": null, "RODZAJTRAK": "niezelektryfikowana", "RODTRA_NIL": null, "LINKOL_NIL": null, "LIN_LOKID": null, "LIN_PNAZW": null, "LIN_WERID": null, "LIN_NRLINI": null, "W1_NAZWA": null, "W1_NRWEZ": null, "WEZEL1_OZN": null, "W1_LOKID": null, "W1_PNAZW": null, "W1_WERID": null, "W2_NAZWA": null, "W2_NRWEZ": null, "WEZEL2_OZN": null, "W2_LOKID": null, "W2_PNAZW": null, "W2_WERID": null, "BD500_ID": null, "BD500_PNA": null, "BD500_WEID": null, "length": 103.93 }, "geometry": { "type": "MultiLineString", "coordinates": [ ] } },
{ "type": "Feature", "properties": { "TERYT": "3021", "LOKALNYID": "5b65bf96-4961-4bb3-bb42-8727639d18d9", "WERSJAID": "2022-01-20T00:00:00", "PNAZW": "PL.PZGiK.308.BDOT10k", "GMLID": "OT_SKTR_L.af86f9ca-c4bc-4bcd-917a-2934774b4dad", "X_KOD": "SKTR01", "X_SKRKARTO": null, "X_SKRK_NIL": "inapplicable", "X_KATDOKG": "dokladny", "X_DOKLGEOM": 1.0, "X_ZRODLOG": "ortofotomapa", "X_ZRODLOA": "pomiarTerenowy", "X_KATIST": "nieczynny", "X_KATI_NIL": null, "X_RODZREPG": "osGeometryczna", "X_UWAGI": null, "X_UZYTKOWN": "Uzytkownik30.xml", "X_AKTG": "2022-01-20", "X_AKTA": "2022-01-20", "POCZWERS": "2022-01-20", "KONIECWERS": null, "X_DATAUTW": "2022-01-20", "X_INFDOD": null, "KOD10K": "0010_213", "KOD10K_NIL": null, "KOD25K": "0025_213", "KOD25K_NIL": null, "KOD50K": "0050_213", "KOD50K_NIL": null, "KOD100K": "0100_213", "KOD100_NIL": null, "KOD250K": null, "KOD250_NIL": "inapplicable", "KOD500K": null, "KOD500_NIL": "inapplicable", "KOD1000K": null, "KOD1000_NI": "inapplicable", "FUNKCTORU": "torZwyklyStacyjny", "FTORU_NIL": null, "LICZBATOR": 1, "LTOROW_NIL": null, "POLOZENIE": "naPowierzchniGruntu", "POLOZ_NIL": null, "RODZPOJSZ": "kolej", "RODPSZ_NIL": null, "RODZAJTOR": "torNormalny", "RODZTOR_NI": null, "RODZAJTRAK": "niezelektryfikowana", "RODTRA_NIL": null, "LINKOL_NIL": null, "LIN_LOKID": null, "LIN_PNAZW": null, "LIN_WERID": null, "LIN_NRLINI": null, "W1_NAZWA": null, "W1_NRWEZ": null, "WEZEL1_OZN": null, "W1_LOKID": null, "W1_PNAZW": null, "W1_WERID": null, "W2_NAZWA": null, "W2_NRWEZ": null, "WEZEL2_OZN": null, "W2_LOKID": null, "W2_PNAZW": null, "W2_WERID": null, "BD500_ID": null, "BD500_PNA": null, "BD500_WEID": null, "length": 612.85 }, "geometry": { "type": "MultiLineString", "coordinates": [ ] } },
{ "type": "Feature", "properties": { "TERYT": "3021", "LOKALNYID": "322BD613-D03D-598B-E053-CC2BA8C05138", "WERSJAID": "2022-01-20T00:00:00", "PNAZW": "PL.PZGiK.308.BDOT10k", "GMLID": "OT_SKTR_L.343", "X_KOD": "SKTR01", "X_SKRKARTO": null, "X_SKRK_NIL": "inapplicable", "X_KATDOKG": "dokladny", "X_DOKLGEOM": 1.0, "X_ZRODLOG": "ortofotomapa", "X_ZRODLOA": "pomiarTerenowy", "X_KATIST": "nieczynny", "X_KATI_NIL": null, "X_RODZREPG": "osGeometryczna", "X_UWAGI": null, "X_UZYTKOWN": "Uzytkownik30.xml", "X_AKTG": "2011-01-01", "X_AKTA": "2022-01-20", "POCZWERS": "2022-01-20", "KONIECWERS": null, "X_DATAUTW": "2012-11-13", "X_INFDOD": null, "KOD10K": "0010_213", "KOD10K_NIL": null, "KOD25K": "0025_213", "KOD25K_NIL": null, "KOD50K": "0050_213", "KOD50K_NIL": null, "KOD100K": "0100_213", "KOD100_NIL": null, "KOD250K": null, "KOD250_NIL": "inapplicable", "KOD500K": null, "KOD500_NIL": "inapplicable", "KOD1000K": null, "KOD1000_NI": "inapplicable", "FUNKCTORU": "bocznica", "FTORU_NIL": null, "LICZBATOR": 1, "LTOROW_NIL": null, "POLOZENIE": "naPowierzchniGruntu", "POLOZ_NIL": null, "RODZPOJSZ": "kolej", "RODPSZ_NIL": null, "RODZAJTOR": "torNormalny", "RODZTOR_NI": null, "RODZAJTRAK": "niezelektryfikowana", "RODTRA_NIL": null, "LINKOL_NIL": null, "LIN_LOKID": null, "LIN_PNAZW": null, "LIN_WERID": null, "LIN_NRLINI": null, "W1_NAZWA": null, "W1_NRWEZ": null, "WEZEL1_OZN": null, "W1_LOKID": null, "W1_PNAZW": null, "W1_WERID": null, "W2_NAZWA": null, "W2_NRWEZ": null, "WEZEL2_OZN": null, "W2_LOKID": null, "W2_PNAZW": null, "W2_WERID": null, "BD500_ID": null, "BD500_PNA": null, "BD500_WEID": null, "length": 484.63 }, "geometry": { "type": "MultiLineString", "coordinates": [ ] } },
{ "type": "Feature", "properties": { "TERYT": "3021", "LOKALNYID": "322BD613-D1D0-598B-E053-CC2BA8C05138", "WERSJAID": "2022-01-20T00:00:00", "PNAZW": "PL.PZGiK.308.BDOT10k", "GMLID": "OT_SKTR_L.385", "X_KOD": "SKTR01", "X_SKRKARTO": null, "X_SKRK_NIL": "inapplicable", "X_KATDOKG": "dokladny", "X_DOKLGEOM": 1.0, "X_ZRODLOG": "ortofotomapa", "X_ZRODLOA": "pomiarTerenowy", "X_KATIST": "eksploatowany", "X_KATI_NIL": null, "X_RODZREPG": "osGeometryczna", "X_UWAGI": null, "X_UZYTKOWN": "Uzytkownik30.xml", "X_AKTG": "2022-01-20", "X_AKTA": "2022-01-20", "POCZWERS": "2022-01-20", "KONIECWERS": null, "X_DATAUTW": "2012-11-13", "X_INFDOD": null, "KOD10K": "0010_213", "KOD10K_NIL": null, "KOD25K": "0025_213", "KOD25K_NIL": null, "KOD50K": "0050_213", "KOD50K_NIL": null, "KOD100K": "0100_213_small", "KOD100_NIL": null, "KOD250K": null, "KOD250_NIL": "inapplicable", "KOD500K": null, "KOD500_NIL": "inapplicable", "KOD1000K": null, "KOD1000_NI": "inapplicable", "FUNKCTORU": "bocznica", "FTORU_NIL": null, "LICZBATOR": 1, "LTOROW_NIL": null, "POLOZENIE": "naPowierzchniGruntu", "POLOZ_NIL": null, "RODZPOJSZ": "kolej", "RODPSZ_NIL": null, "RODZAJTOR": "torNormalny", "RODZTOR_NI": null, "RODZAJTRAK": "niezelektryfikowana", "RODTRA_NIL": null, "LINKOL_NIL": null, "LIN_LOKID": null, "LIN_PNAZW": null, "LIN_WERID": null, "LIN_NRLINI": null, "W1_NAZWA": null, "W1_NRWEZ": null, "WEZEL1_OZN": null, "W1_LOKID": null, "W1_PNAZW": null, "W1_WERID": null, "W2_NAZWA": null, "W2_NRWEZ": null, "WEZEL2_OZN": null, "W2_LOKID": null, "W2_PNAZW": null, "W2_WERID": null, "BD500_ID": null, "BD500_PNA": null, "BD500_WEID": null, "length": 134.34 }, "geometry": { "type": "MultiLineString", "coordinates": [ ] } },
{ "type": "Feature", "properties": { "TERYT": "3021", "LOKALNYID": "322BD613-D1CB-598B-E053-CC2BA8C05138", "WERSJAID": "2022-01-20T00:00:00", "PNAZW": "PL.PZGiK.308.BDOT10k", "GMLID": "OT_SKTR_L.380", "X_KOD": "SKTR01", "X_SKRKARTO": null, "X_SKRK_NIL": "inapplicable", "X_KATDOKG": "dokladny", "X_DOKLGEOM": 1.0, "X_ZRODLOG": "ortofotomapa", "X_ZRODLOA": "pomiarTerenowy", "X_KATIST": "eksploatowany", "X_KATI_NIL": null, "X_RODZREPG": "osGeometryczna", "X_UWAGI": null, "X_UZYTKOWN": "Uzytkownik30.xml", "X_AKTG": "2019-01-15", "X_AKTA": "2022-01-20", "POCZWERS": "2022-01-20", "KONIECWERS": null, "X_DATAUTW": "2012-11-13", "X_INFDOD": null, "KOD10K": "0010_213", "KOD10K_NIL": null, "KOD25K": "0025_213", "KOD25K_NIL": null, "KOD50K": "0050_213", "KOD50K_NIL": null, "KOD100K": "0100_213_small", "KOD100_NIL": null, "KOD250K": null, "KOD250_NIL": "inapplicable", "KOD500K": null, "KOD500_NIL": "inapplicable", "KOD1000K": null, "KOD1000_NI": "inapplicable", "FUNKCTORU": "bocznica", "FTORU_NIL": null, "LICZBATOR": 1, "LTOROW_NIL": null, "POLOZENIE": "naPowierzchniGruntu", "POLOZ_NIL": null, "RODZPOJSZ": "kolej", "RODPSZ_NIL": null, "RODZAJTOR": "torNormalny", "RODZTOR_NI": null, "RODZAJTRAK": "niezelektryfikowana", "RODTRA_NIL": null, "LINKOL_NIL": null, "LIN_LOKID": null, "LIN_PNAZW": null, "LIN_WERID": null, "LIN_NRLINI": null, "W1_NAZWA": null, "W1_NRWEZ": null, "WEZEL1_OZN": null, "W1_LOKID": null, "W1_PNAZW": null, "W1_WERID": null, "W2_NAZWA": null, "W2_NRWEZ": null, "WEZEL2_OZN": null, "W2_LOKID": null, "W2_PNAZW": null, "W2_WERID": null, "BD500_ID": null, "BD500_PNA": null, "BD500_WEID": null, "length": 201.1 }, "geometry": { "type": "MultiLineString", "coordinates": [ ] } },
{ "type": "Feature", "properties": { "TERYT": "3021", "LOKALNYID": "322BD613-D0DC-598B-E053-CC2BA8C05138", "WERSJAID": "2022-01-20T00:00:00", "PNAZW": "PL.PZGiK.308.BDOT10k", "GMLID": "OT_SKTR_L.73", "X_KOD": "SKTR01", "X_SKRKARTO": null, "X_SKRK_NIL": "inapplicable", "X_KATDOKG": "dokladny", "X_DOKLGEOM": 1.0, "X_ZRODLOG": "ortofotomapa", "X_ZRODLOA": "pomiarTerenowy", "X_KATIST": "eksploatowany", "X_KATI_NIL": null, "X_RODZREPG": "osGeometryczna", "X_UWAGI": null, "X_UZYTKOWN": "Uzytkownik30.xml", "X_AKTG": "2011-01-01", "X_AKTA": "2022-01-20", "POCZWERS": "2022-01-20", "KONIECWERS": null, "X_DATAUTW": "2012-11-13", "X_INFDOD": null, "KOD10K": "0010_213", "KOD10K_NIL": null, "KOD25K": "0025_213", "KOD25K_NIL": null, "KOD50K": "0050_213", "KOD50K_NIL": null, "KOD100K": "0100_213_small", "KOD100_NIL": null, "KOD250K": null, "KOD250_NIL": "inapplicable", "KOD500K": null, "KOD500_NIL": "inapplicable", "KOD1000K": null, "KOD1000_NI": "inapplicable", "FUNKCTORU": "bocznica", "FTORU_NIL": null, "LICZBATOR": 1, "LTOROW_NIL": null, "POLOZENIE": "naPowierzchniGruntu", "POLOZ_NIL": null, "RODZPOJSZ": "kolej", "RODPSZ_NIL": null, "RODZAJTOR": "torNormalny", "RODZTOR_NI": null, "RODZAJTRAK": "niezelektryfikowana", "RODTRA_NIL": null, "LINKOL_NIL": null, "LIN_LOKID": null, "LIN_PNAZW": null, "LIN_WERID": null, "LIN_NRLINI": null, "W1_NAZWA": null, "W1_NRWEZ": null, "WEZEL1_OZN": null, "W1_LOKID": null, "W1_PNAZW": null, "W1_WERID": null, "W2_NAZWA": null, "W2_NRWEZ": null, "WEZEL2_OZN": null, "W2_LOKID": null, "W2_PNAZW": null, "W2_WERID": null, "BD500_ID": null, "BD500_PNA": null, "BD500_WEID": null, "length": 299.23 }, "geometry": { "type": "MultiLineString", "coordinates": [ ] } },
{ "type": "Feature", "properties": { "TERYT": "3021", "LOKALNYID": "8fa3a74a-8c97-4be0-9e63-a8df2d4c955a", "WERSJAID": "2022-01-20T00:00:00", "PNAZW": "PL.PZGiK.308.BDOT10k", "GMLID": "ID_8fa3a74a-8c97-4be0-9e63-a8df2d4c955a", "X_KOD": "SKTR01", "X_SKRKARTO": null, "X_SKRK_NIL": "inapplicable", "X_KATDOKG": "dokladny", "X_DOKLGEOM": 1.0, "X_ZRODLOG": "ortofotomapa", "X_ZRODLOA": "pomiarTerenowy", "X_KATIST": "nieczynny", "X_KATI_NIL": null, "X_RODZREPG": "osGeometryczna", "X_UWAGI": null, "X_UZYTKOWN": "Uzytkownik30.xml", "X_AKTG": "2022-01-20", "X_AKTA": "2022-01-20", "POCZWERS": "2022-01-20", "KONIECWERS": null, "X_DATAUTW": "2019-01-15", "X_INFDOD": null, "KOD10K": "0010_213", "KOD10K_NIL": null, "KOD25K": "0025_213", "KOD25K_NIL": null, "KOD50K": "0050_213", "KOD50K_NIL": null, "KOD100K": "0100_213_small", "KOD100_NIL": null, "KOD250K": null, "KOD250_NIL": "inapplicable", "KOD500K": null, "KOD500_NIL": "inapplicable", "KOD1000K": null, "KOD1000_NI": "inapplicable", "FUNKCTORU": "torZwyklyStacyjny", "FTORU_NIL": null, "LICZBATOR": 1, "LTOROW_NIL": null, "POLOZENIE": "naPowierzchniGruntu", "POLOZ_NIL": null, "RODZPOJSZ": "kolej", "RODPSZ_NIL": null, "RODZAJTOR": "torNormalny", "RODZTOR_NI": null, "RODZAJTRAK": "niezelektryfikowana", "RODTRA_NIL": null, "LINKOL_NIL": null, "LIN_LOKID": null, "LIN_PNAZW": null, "LIN_WERID": null, "LIN_NRLINI": null, "W1_NAZWA": null, "W1_NRWEZ": null, "WEZEL1_OZN": null, "W1_LOKID": null, "W1_PNAZW": null, "W1_WERID": null, "W2_NAZWA": null, "W2_NRWEZ": null, "WEZEL2_OZN": null, "W2_LOKID": null, "W2_PNAZW": null, "W2_WERID": null, "BD500_ID": null, "BD500_PNA": null, "BD500_WEID": null, "length": 137.71 }, "geometry": { "type": "MultiLineString", "coordinates": [ ] } },
{ "type": "Feature", "properties": { "TERYT": "3021", "LOKALNYID": "322BD613-D01E-598B-E053-CC2BA8C05138", "WERSJAID": "2022-01-20T00:00:00", "PNAZW": "PL.PZGiK.308.BDOT10k", "GMLID": "OT_SKTR_L.312", "X_KOD": "SKTR01", "X_SKRKARTO": null, "X_SKRK_NIL": "inapplicable", "X_KATDOKG": "dokladny", "X_DOKLGEOM": 1.0, "X_ZRODLOG": "ortofotomapa", "X_ZRODLOA": "pomiarTerenowy", "X_KATIST": "nieczynny", "X_KATI_NIL": null, "X_RODZREPG": "osGeometryczna", "X_UWAGI": null, "X_UZYTKOWN": "Uzytkownik30.xml", "X_AKTG": "2011-01-01", "X_AKTA": "2022-01-20", "POCZWERS": "2022-01-20", "KONIECWERS": null, "X_DATAUTW": "2012-11-13", "X_INFDOD": null, "KOD10K": "0010_213", "KOD10K_NIL": null, "KOD25K": "0025_213", "KOD25K_NIL": null, "KOD50K": "0050_213", "KOD50K_NIL": null, "KOD100K": "0100_213_small", "KOD100_NIL": null, "KOD250K": null, "KOD250_NIL": "inapplicable", "KOD500K": null, "KOD500_NIL": "inapplicable", "KOD1000K": null, "KOD1000_NI": "inapplicable", "FUNKCTORU": "bocznica", "FTORU_NIL": null, "LICZBATOR": 1, "LTOROW_NIL": null, "POLOZENIE": "naPowierzchniGruntu", "POLOZ_NIL": null, "RODZPOJSZ": "kolej", "RODPSZ_NIL": null, "RODZAJTOR": "torNormalny", "RODZTOR_NI": null, "RODZAJTRAK": "niezelektryfikowana", "RODTRA_NIL": null, "LINKOL_NIL": null, "LIN_LOKID": null, "LIN_PNAZW": null, "LIN_WERID": null, "LIN_NRLINI": null, "W1_NAZWA": null, "W1_NRWEZ": null, "WEZEL1_OZN": null, "W1_LOKID": null, "W1_PNAZW": null, "W1_WERID": null, "W2_NAZWA": null, "W2_NRWEZ": null, "WEZEL2_OZN": null, "W2_LOKID": null, "W2_PNAZW": null, "W2_WERID": null, "BD500_ID": null, "BD500_PNA": null, "BD500_WEID": null, "length": 98.92 }, "geometry": { "type": "MultiLineString", "coordinates": [ ] } },
{ "type": "Feature", "properties": { "TERYT": "3021", "LOKALNYID": "69b17001-20dd-43dc-b5a7-bde14f6341e9", "WERSJAID": "2022-01-20T00:00:00", "PNAZW": "PL.PZGiK.308.BDOT10k", "GMLID": "ID_69b17001-20dd-43dc-b5a7-bde14f6341e9", "X_KOD": "SKTR01", "X_SKRKARTO": null, "X_SKRK_NIL": "inapplicable", "X_KATDOKG": "dokladny", "X_DOKLGEOM": 1.0, "X_ZRODLOG": "ortofotomapa", "X_ZRODLOA": "pomiarTerenowy", "X_KATIST": "eksploatowany", "X_KATI_NIL": null, "X_RODZREPG": "osGeometryczna", "X_UWAGI": null, "X_UZYTKOWN": "Uzytkownik30.xml", "X_AKTG": "2022-01-20", "X_AKTA": "2022-01-20", "POCZWERS": "2022-01-20", "KONIECWERS": null, "X_DATAUTW": "2019-01-15", "X_INFDOD": null, "KOD10K": "0010_213", "KOD10K_NIL": null, "KOD25K": "0025_213", "KOD25K_NIL": null, "KOD50K": "0050_213", "KOD50K_NIL": null, "KOD100K": "0100_213", "KOD100_NIL": null, "KOD250K": null, "KOD250_NIL": "inapplicable", "KOD500K": null, "KOD500_NIL": "inapplicable", "KOD1000K": null, "KOD1000_NI": "inapplicable", "FUNKCTORU": "torZwyklyStacyjny", "FTORU_NIL": null, "LICZBATOR": 1, "LTOROW_NIL": null, "POLOZENIE": "naPowierzchniGruntu", "POLOZ_NIL": null, "RODZPOJSZ": "kolej", "RODPSZ_NIL": null, "RODZAJTOR": "torNormalny", "RODZTOR_NI": null, "RODZAJTRAK": "niezelektryfikowana", "RODTRA_NIL": null, "LINKOL_NIL": null, "LIN_LOKID": null, "LIN_PNAZW": null, "LIN_WERID": null, "LIN_NRLINI": null, "W1_NAZWA": null, "W1_NRWEZ": null, "WEZEL1_OZN": null, "W1_LOKID": null, "W1_PNAZW": null, "W1_WERID": null, "W2_NAZWA": null, "W2_NRWEZ": null, "WEZEL2_OZN": null, "W2_LOKID": null, "W2_PNAZW": null, "W2_WERID": null, "BD500_ID": null, "BD500_PNA": null, "BD500_WEID": null, "length": 538.77 }, "geometry": { "type": "MultiLineString", "coordinates": [ [ [ 16.980108735598343, 52.536376010535413 ], [ 16.978681663705188, 52.541130665185499 ] ] ] } },
{ "type": "Feature", "properties": { "TERYT": "3021", "LOKALNYID": "322BD613-D27A-598B-E053-CC2BA8C05138", "WERSJAID": "2022-01-20T00:00:00", "PNAZW": "PL.PZGiK.308.BDOT10k", "GMLID": "OT_SKTR_L.613", "X_KOD": "SKTR01", "X_SKRKARTO": null, "X_SKRK_NIL": "inapplicable", "X_KATDOKG": "dokladny", "X_DOKLGEOM": 1.0, "X_ZRODLOG": "ortofotomapa", "X_ZRODLOA": "pomiarTerenowy", "X_KATIST": "eksploatowany", "X_KATI_NIL": null, "X_RODZREPG": "osGeometryczna", "X_UWAGI": null, "X_UZYTKOWN": "Uzytkownik30.xml", "X_AKTG": "2011-01-01", "X_AKTA": "2022-01-20", "POCZWERS": "2022-01-20", "KONIECWERS": null, "X_DATAUTW": "2012-11-13", "X_INFDOD": null, "KOD10K": "0010_213", "KOD10K_NIL": null, "KOD25K": "0025_213", "KOD25K_NIL": null, "KOD50K": "0050_213", "KOD50K_NIL": null, "KOD100K": "0100_213_small", "KOD100_NIL": null, "KOD250K": null, "KOD250_NIL": "inapplicable", "KOD500K": null, "KOD500_NIL": "inapplicable", "KOD1000K": null, "KOD1000_NI": "inapplicable", "FUNKCTORU": "bocznica", "FTORU_NIL": null, "LICZBATOR": 1, "LTOROW_NIL": null, "POLOZENIE": "naPowierzchniGruntu", "POLOZ_NIL": null, "RODZPOJSZ": "kolej", "RODPSZ_NIL": null, "RODZAJTOR": "torNormalny", "RODZTOR_NI": null, "RODZAJTRAK": "niezelektryfikowana", "RODTRA_NIL": null, "LINKOL_NIL": null, "LIN_LOKID": null, "LIN_PNAZW": null, "LIN_WERID": null, "LIN_NRLINI": null, "W1_NAZWA": null, "W1_NRWEZ": null, "WEZEL1_OZN": null, "W1_LOKID": null, "W1_PNAZW": null, "W1_WERID": null, "W2_NAZWA": null, "W2_NRWEZ": null, "WEZEL2_OZN": null, "W2_LOKID": null, "W2_PNAZW": null, "W2_WERID": null, "BD500_ID": null, "BD500_PNA": null, "BD500_WEID": null, "length": 203.59 }, "geometry": { "type": "MultiLineString", "coordinates": [ ] } },
{ "type": "Feature", "properties": { "TERYT": "3021", "LOKALNYID": "322BD613-D1CA-598B-E053-CC2BA8C05138", "WERSJAID": "2022-01-20T00:00:00", "PNAZW": "PL.PZGiK.308.BDOT10k", "GMLID": "OT_SKTR_L.379", "X_KOD": "SKTR01", "X_SKRKARTO": null, "X_SKRK_NIL": "inapplicable", "X_KATDOKG": "dokladny", "X_DOKLGEOM": 1.0, "X_ZRODLOG": "ortofotomapa", "X_ZRODLOA": "pomiarTerenowy", "X_KATIST": "eksploatowany", "X_KATI_NIL": null, "X_RODZREPG": "osGeometryczna", "X_UWAGI": null, "X_UZYTKOWN": "Uzytkownik30.xml", "X_AKTG": "2019-01-15", "X_AKTA": "2022-01-20", "POCZWERS": "2022-01-20", "KONIECWERS": null, "X_DATAUTW": "2012-11-13", "X_INFDOD": null, "KOD10K": "0010_213", "KOD10K_NIL": null, "KOD25K": "0025_213", "KOD25K_NIL": null, "KOD50K": "0050_213", "KOD50K_NIL": null, "KOD100K": "0100_213_small", "KOD100_NIL": null, "KOD250K": null, "KOD250_NIL": "inapplicable", "KOD500K": null, "KOD500_NIL": "inapplicable", "KOD1000K": null, "KOD1000_NI": "inapplicable", "FUNKCTORU": "bocznica", "FTORU_NIL": null, "LICZBATOR": 1, "LTOROW_NIL": null, "POLOZENIE": "naPowierzchniGruntu", "POLOZ_NIL": null, "RODZPOJSZ": "kolej", "RODPSZ_NIL": null, "RODZAJTOR": "torNormalny", "RODZTOR_NI": null, "RODZAJTRAK": "niezelektryfikowana", "RODTRA_NIL": null, "LINKOL_NIL": null, "LIN_LOKID": null, "LIN_PNAZW": null, "LIN_WERID": null, "LIN_NRLINI": null, "W1_NAZWA": null, "W1_NRWEZ": null, "WEZEL1_OZN": null, "W1_LOKID": null, "W1_PNAZW": null, "W1_WERID": null, "W2_NAZWA": null, "W2_NRWEZ": null, "WEZEL2_OZN": null, "W2_LOKID": null, "W2_PNAZW": null, "W2_WERID": null, "BD500_ID": null, "BD500_PNA": null, "BD500_WEID": null, "length": 132.18 }, "geometry": { "type": "MultiLineString", "coordinates": [ ] } },
{ "type": "Feature", "properties": { "TERYT": "3021", "LOKALNYID": "322BD613-D07F-598B-E053-CC2BA8C05138", "WERSJAID": "2022-01-20T00:00:00", "PNAZW": "PL.PZGiK.308.BDOT10k", "GMLID": "OT_SKTR_L.301", "X_KOD": "SKTR01", "X_SKRKARTO": null, "X_SKRK_NIL": "inapplicable", "X_KATDOKG": "dokladny", "X_DOKLGEOM": 1.0, "X_ZRODLOG": "ortofotomapa", "X_ZRODLOA": "pomiarTerenowy", "X_KATIST": "nieczynny", "X_KATI_NIL": null, "X_RODZREPG": "osGeometryczna", "X_UWAGI": null, "X_UZYTKOWN": "Uzytkownik30.xml", "X_AKTG": "2011-01-01", "X_AKTA": "2022-01-20", "POCZWERS": "2022-01-20", "KONIECWERS": null, "X_DATAUTW": "2012-11-13", "X_INFDOD": null, "KOD10K": "0010_213", "KOD10K_NIL": null, "KOD25K": "0025_213", "KOD25K_NIL": null, "KOD50K": "0050_213", "KOD50K_NIL": null, "KOD100K": "0100_213_small", "KOD100_NIL": null, "KOD250K": null, "KOD250_NIL": "inapplicable", "KOD500K": null, "KOD500_NIL": "inapplicable", "KOD1000K": null, "KOD1000_NI": "inapplicable", "FUNKCTORU": "bocznica", "FTORU_NIL": null, "LICZBATOR": 1, "LTOROW_NIL": null, "POLOZENIE": "naPowierzchniGruntu", "POLOZ_NIL": null, "RODZPOJSZ": "kolej", "RODPSZ_NIL": null, "RODZAJTOR": "torNormalny", "RODZTOR_NI": null, "RODZAJTRAK": "niezelektryfikowana", "RODTRA_NIL": null, "LINKOL_NIL": null, "LIN_LOKID": null, "LIN_PNAZW": null, "LIN_WERID": null, "LIN_NRLINI": null, "W1_NAZWA": null, "W1_NRWEZ": null, "WEZEL1_OZN": null, "W1_LOKID": null, "W1_PNAZW": null, "W1_WERID": null, "W2_NAZWA": null, "W2_NRWEZ": null, "WEZEL2_OZN": null, "W2_LOKID": null, "W2_PNAZW": null, "W2_WERID": null, "BD500_ID": null, "BD500_PNA": null, "BD500_WEID": null, "length": 52.65 }, "geometry": { "type": "MultiLineString", "coordinates": [ ] } },
{ "type": "Feature", "properties": { "TERYT": "3021", "LOKALNYID": "322BD613-D014-598B-E053-CC2BA8C05138", "WERSJAID": "2022-01-20T00:00:00", "PNAZW": "PL.PZGiK.308.BDOT10k", "GMLID": "OT_SKTR_L.302", "X_KOD": "SKTR01", "X_SKRKARTO": null, "X_SKRK_NIL": "inapplicable", "X_KATDOKG": "dokladny", "X_DOKLGEOM": 1.0, "X_ZRODLOG": "ortofotomapa", "X_ZRODLOA": "pomiarTerenowy", "X_KATIST": "eksploatowany", "X_KATI_NIL": null, "X_RODZREPG": "osGeometryczna", "X_UWAGI": null, "X_UZYTKOWN": "Uzytkownik30.xml", "X_AKTG": "2011-01-01", "X_AKTA": "2022-01-20", "POCZWERS": "2022-01-20", "KONIECWERS": null, "X_DATAUTW": "2012-11-13", "X_INFDOD": null, "KOD10K": "0010_213", "KOD10K_NIL": null, "KOD25K": "0025_213", "KOD25K_NIL": null, "KOD50K": "0050_213", "KOD50K_NIL": null, "KOD100K": "0100_213_small", "KOD100_NIL": null, "KOD250K": null, "KOD250_NIL": "inapplicable", "KOD500K": null, "KOD500_NIL": "inapplicable", "KOD1000K": null, "KOD1000_NI": "inapplicable", "FUNKCTORU": "bocznica", "FTORU_NIL": null, "LICZBATOR": 1, "LTOROW_NIL": null, "POLOZENIE": "naPowierzchniGruntu", "POLOZ_NIL": null, "RODZPOJSZ": "kolej", "RODPSZ_NIL": null, "RODZAJTOR": "torNormalny", "RODZTOR_NI": null, "RODZAJTRAK": "niezelektryfikowana", "RODTRA_NIL": null, "LINKOL_NIL": null, "LIN_LOKID": null, "LIN_PNAZW": null, "LIN_WERID": null, "LIN_NRLINI": null, "W1_NAZWA": null, "W1_NRWEZ": null, "WEZEL1_OZN": null, "W1_LOKID": null, "W1_PNAZW": null, "W1_WERID": null, "W2_NAZWA": null, "W2_NRWEZ": null, "WEZEL2_OZN": null, "W2_LOKID": null, "W2_PNAZW": null, "W2_WERID": null, "BD500_ID": null, "BD500_PNA": null, "BD500_WEID": null, "length": 194.36 }, "geometry": { "type": "MultiLineString", "coordinates": [ ] } },
{ "type": "Feature", "properties": { "TERYT": "3021", "LOKALNYID": "322BD613-D1E1-598B-E053-CC2BA8C05138", "WERSJAID": "2022-01-20T00:00:00", "PNAZW": "PL.PZGiK.308.BDOT10k", "GMLID": "OT_SKTR_L.387", "X_KOD": "SKTR01", "X_SKRKARTO": null, "X_SKRK_NIL": "inapplicable", "X_KATDOKG": "dokladny", "X_DOKLGEOM": 1.0, "X_ZRODLOG": "ortofotomapa", "X_ZRODLOA": "pomiarTerenowy", "X_KATIST": "eksploatowany", "X_KATI_NIL": null, "X_RODZREPG": "osGeometryczna", "X_UWAGI": null, "X_UZYTKOWN": "Uzytkownik30.xml", "X_AKTG": "2011-01-01", "X_AKTA": "2022-01-20", "POCZWERS": "2022-01-20", "KONIECWERS": null, "X_DATAUTW": "2012-11-13", "X_INFDOD": null, "KOD10K": "0010_213", "KOD10K_NIL": null, "KOD25K": "0025_213", "KOD25K_NIL": null, "KOD50K": "0050_213", "KOD50K_NIL": null, "KOD100K": "0100_213_small", "KOD100_NIL": null, "KOD250K": null, "KOD250_NIL": "inapplicable", "KOD500K": null, "KOD500_NIL": "inapplicable", "KOD1000K": null, "KOD1000_NI": "inapplicable", "FUNKCTORU": "bocznica", "FTORU_NIL": null, "LICZBATOR": 1, "LTOROW_NIL": null, "POLOZENIE": "naPowierzchniGruntu", "POLOZ_NIL": null, "RODZPOJSZ": "kolej", "RODPSZ_NIL": null, "RODZAJTOR": "torNormalny", "RODZTOR_NI": null, "RODZAJTRAK": "niezelektryfikowana", "RODTRA_NIL": null, "LINKOL_NIL": null, "LIN_LOKID": null, "LIN_PNAZW": null, "LIN_WERID": null, "LIN_NRLINI": null, "W1_NAZWA": null, "W1_NRWEZ": null, "WEZEL1_OZN": null, "W1_LOKID": null, "W1_PNAZW": null, "W1_WERID": null, "W2_NAZWA": null, "W2_NRWEZ": null, "WEZEL2_OZN": null, "W2_LOKID": null, "W2_PNAZW": null, "W2_WERID": null, "BD500_ID": null, "BD500_PNA": null, "BD500_WEID": null, "length": 39.05 }, "geometry": { "type": "MultiLineString", "coordinates": [ ] } },
{ "type": "Feature", "properties": { "TERYT": "3021", "LOKALNYID": "322BD613-D0DB-598B-E053-CC2BA8C05138", "WERSJAID": "2022-01-20T00:00:00", "PNAZW": "PL.PZGiK.308.BDOT10k", "GMLID": "OT_SKTR_L.72", "X_KOD": "SKTR01", "X_SKRKARTO": null, "X_SKRK_NIL": "inapplicable", "X_KATDOKG": "dokladny", "X_DOKLGEOM": 1.0, "X_ZRODLOG": "ortofotomapa", "X_ZRODLOA": "pomiarTerenowy", "X_KATIST": "eksploatowany", "X_KATI_NIL": null, "X_RODZREPG": "osGeometryczna", "X_UWAGI": null, "X_UZYTKOWN": "Uzytkownik30.xml", "X_AKTG": "2011-01-01", "X_AKTA": "2022-01-20", "POCZWERS": "2022-01-20", "KONIECWERS": null, "X_DATAUTW": "2012-11-13", "X_INFDOD": null, "KOD10K": "0010_213", "KOD10K_NIL": null, "KOD25K": "0025_213", "KOD25K_NIL": null, "KOD50K": "0050_213", "KOD50K_NIL": null, "KOD100K": "0100_213", "KOD100_NIL": null, "KOD250K": null, "KOD250_NIL": "inapplicable", "KOD500K": null, "KOD500_NIL": "inapplicable", "KOD1000K": null, "KOD1000_NI": "inapplicable", "FUNKCTORU": "torZwyklyStacyjny", "FTORU_NIL": null, "LICZBATOR": 1, "LTOROW_NIL": null, "POLOZENIE": "naPowierzchniGruntu", "POLOZ_NIL": null, "RODZPOJSZ": "kolej", "RODPSZ_NIL": null, "RODZAJTOR": "torNormalny", "RODZTOR_NI": null, "RODZAJTRAK": "niezelektryfikowana", "RODTRA_NIL": null, "LINKOL_NIL": null, "LIN_LOKID": null, "LIN_PNAZW": null, "LIN_WERID": null, "LIN_NRLINI": null, "W1_NAZWA": null, "W1_NRWEZ": null, "WEZEL1_OZN": null, "W1_LOKID": null, "W1_PNAZW": null, "W1_WERID": null, "W2_NAZWA": null, "W2_NRWEZ": null, "WEZEL2_OZN": null, "W2_LOKID": null, "W2_PNAZW": null, "W2_WERID": null, "BD500_ID": null, "BD500_PNA": null, "BD500_WEID": null, "length": 562.2 }, "geometry": { "type": "MultiLineString", "coordinates": [ ] } },
{ "type": "Feature", "properties": { "TERYT": "3021", "LOKALNYID": "322BD613-D1E2-598B-E053-CC2BA8C05138", "WERSJAID": "2022-01-20T00:00:00", "PNAZW": "PL.PZGiK.308.BDOT10k", "GMLID": "OT_SKTR_L.388", "X_KOD": "SKTR01", "X_SKRKARTO": null, "X_SKRK_NIL": "inapplicable", "X_KATDOKG": "dokladny", "X_DOKLGEOM": 1.0, "X_ZRODLOG": "ortofotomapa", "X_ZRODLOA": "pomiarTerenowy", "X_KATIST": "eksploatowany", "X_KATI_NIL": null, "X_RODZREPG": "osGeometryczna", "X_UWAGI": null, "X_UZYTKOWN": "Uzytkownik30.xml", "X_AKTG": "2011-01-01", "X_AKTA": "2022-01-20", "POCZWERS": "2022-01-20", "KONIECWERS": null, "X_DATAUTW": "2012-11-13", "X_INFDOD": null, "KOD10K": "0010_213", "KOD10K_NIL": null, "KOD25K": "0025_213", "KOD25K_NIL": null, "KOD50K": "0050_213", "KOD50K_NIL": null, "KOD100K": "0100_213_small", "KOD100_NIL": null, "KOD250K": null, "KOD250_NIL": "inapplicable", "KOD500K": null, "KOD500_NIL": "inapplicable", "KOD1000K": null, "KOD1000_NI": "inapplicable", "FUNKCTORU": "bocznica", "FTORU_NIL": null, "LICZBATOR": 1, "LTOROW_NIL": null, "POLOZENIE": "naPowierzchniGruntu", "POLOZ_NIL": null, "RODZPOJSZ": "kolej", "RODPSZ_NIL": null, "RODZAJTOR": "torNormalny", "RODZTOR_NI": null, "RODZAJTRAK": "niezelektryfikowana", "RODTRA_NIL": null, "LINKOL_NIL": null, "LIN_LOKID": null, "LIN_PNAZW": null, "LIN_WERID": null, "LIN_NRLINI": null, "W1_NAZWA": null, "W1_NRWEZ": null, "WEZEL1_OZN": null, "W1_LOKID": null, "W1_PNAZW": null, "W1_WERID": null, "W2_NAZWA": null, "W2_NRWEZ": null, "WEZEL2_OZN": null, "W2_LOKID": null, "W2_PNAZW": null, "W2_WERID": null, "BD500_ID": null, "BD500_PNA": null, "BD500_WEID": null, "length": 30.25 }, "geometry": { "type": "MultiLineString", "coordinates": [ ] } },
{ "type": "Feature", "properties": { "TERYT": "3021", "LOKALNYID": "322BD613-D27D-598B-E053-CC2BA8C05138", "WERSJAID": "2022-01-20T00:00:00", "PNAZW": "PL.PZGiK.308.BDOT10k", "GMLID": "OT_SKTR_L.616", "X_KOD": "SKTR01", "X_SKRKARTO": null, "X_SKRK_NIL": "inapplicable", "X_KATDOKG": "dokladny", "X_DOKLGEOM": 1.0, "X_ZRODLOG": "ortofotomapa", "X_ZRODLOA": "pomiarTerenowy", "X_KATIST": "eksploatowany", "X_KATI_NIL": null, "X_RODZREPG": "osGeometryczna", "X_UWAGI": null, "X_UZYTKOWN": "Uzytkownik30.xml", "X_AKTG": "2022-01-20", "X_AKTA": "2022-01-20", "POCZWERS": "2022-01-20", "KONIECWERS": null, "X_DATAUTW": "2012-11-13", "X_INFDOD": null, "KOD10K": "0010_213", "KOD10K_NIL": null, "KOD25K": "0025_213", "KOD25K_NIL": null, "KOD50K": "0050_213", "KOD50K_NIL": null, "KOD100K": "0100_213_small", "KOD100_NIL": null, "KOD250K": null, "KOD250_NIL": "inapplicable", "KOD500K": null, "KOD500_NIL": "inapplicable", "KOD1000K": null, "KOD1000_NI": "inapplicable", "FUNKCTORU": "bocznica", "FTORU_NIL": null, "LICZBATOR": 1, "LTOROW_NIL": null, "POLOZENIE": "naPowierzchniGruntu", "POLOZ_NIL": null, "RODZPOJSZ": "kolej", "RODPSZ_NIL": null, "RODZAJTOR": "torNormalny", "RODZTOR_NI": null, "RODZAJTRAK": "niezelektryfikowana", "RODTRA_NIL": null, "LINKOL_NIL": null, "LIN_LOKID": null, "LIN_PNAZW": null, "LIN_WERID": null, "LIN_NRLINI": null, "W1_NAZWA": null, "W1_NRWEZ": null, "WEZEL1_OZN": null, "W1_LOKID": null, "W1_PNAZW": null, "W1_WERID": null, "W2_NAZWA": null, "W2_NRWEZ": null, "WEZEL2_OZN": null, "W2_LOKID": null, "W2_PNAZW": null, "W2_WERID": null, "BD500_ID": null, "BD500_PNA": null, "BD500_WEID": null, "length": 64.59 }, "geometry": { "type": "MultiLineString", "coordinates": [ ] } },
{ "type": "Feature", "properties": { "TERYT": "3021", "LOKALNYID": "322BD613-D17C-598B-E053-CC2BA8C05138", "WERSJAID": "2022-01-20T00:00:00", "PNAZW": "PL.PZGiK.308.BDOT10k", "GMLID": "OT_SKTR_L.344", "X_KOD": "SKTR01", "X_SKRKARTO": null, "X_SKRK_NIL": "inapplicable", "X_KATDOKG": "dokladny", "X_DOKLGEOM": 1.0, "X_ZRODLOG": "ortofotomapa", "X_ZRODLOA": "pomiarTerenowy", "X_KATIST": "eksploatowany", "X_KATI_NIL": null, "X_RODZREPG": "osGeometryczna", "X_UWAGI": null, "X_UZYTKOWN": "Uzytkownik30.xml", "X_AKTG": "2011-01-01", "X_AKTA": "2022-01-20", "POCZWERS": "2022-01-20", "KONIECWERS": null, "X_DATAUTW": "2012-11-13", "X_INFDOD": null, "KOD10K": "0010_213", "KOD10K_NIL": null, "KOD25K": "0025_213", "KOD25K_NIL": null, "KOD50K": "0050_213", "KOD50K_NIL": null, "KOD100K": "0100_213_small", "KOD100_NIL": null, "KOD250K": null, "KOD250_NIL": "inapplicable", "KOD500K": null, "KOD500_NIL": "inapplicable", "KOD1000K": null, "KOD1000_NI": "inapplicable", "FUNKCTORU": "torZwyklyStacyjny", "FTORU_NIL": null, "LICZBATOR": 1, "LTOROW_NIL": null, "POLOZENIE": "naPowierzchniGruntu", "POLOZ_NIL": null, "RODZPOJSZ": "kolej", "RODPSZ_NIL": null, "RODZAJTOR": "torNormalny", "RODZTOR_NI": null, "RODZAJTRAK": "niezelektryfikowana", "RODTRA_NIL": null, "LINKOL_NIL": null, "LIN_LOKID": null, "LIN_PNAZW": null, "LIN_WERID": null, "LIN_NRLINI": null, "W1_NAZWA": null, "W1_NRWEZ": null, "WEZEL1_OZN": null, "W1_LOKID": null, "W1_PNAZW": null, "W1_WERID": null, "W2_NAZWA": null, "W2_NRWEZ": null, "WEZEL2_OZN": null, "W2_LOKID": null, "W2_PNAZW": null, "W2_WERID": null, "BD500_ID": null, "BD500_PNA": null, "BD500_WEID": null, "length": 91.04 }, "geometry": { "type": "MultiLineString", "coordinates": [ ] } },
{ "type": "Feature", "properties": { "TERYT": "3021", "LOKALNYID": "322BD613-D27C-598B-E053-CC2BA8C05138", "WERSJAID": "2022-01-20T00:00:00", "PNAZW": "PL.PZGiK.308.BDOT10k", "GMLID": "OT_SKTR_L.615", "X_KOD": "SKTR01", "X_SKRKARTO": null, "X_SKRK_NIL": "inapplicable", "X_KATDOKG": "dokladny", "X_DOKLGEOM": 1.0, "X_ZRODLOG": "ortofotomapa", "X_ZRODLOA": "pomiarTerenowy", "X_KATIST": "eksploatowany", "X_KATI_NIL": null, "X_RODZREPG": "osGeometryczna", "X_UWAGI": null, "X_UZYTKOWN": "Uzytkownik30.xml", "X_AKTG": "2011-01-01", "X_AKTA": "2022-01-20", "POCZWERS": "2022-01-20", "KONIECWERS": null, "X_DATAUTW": "2012-11-13", "X_INFDOD": null, "KOD10K": "0010_213", "KOD10K_NIL": null, "KOD25K": "0025_213", "KOD25K_NIL": null, "KOD50K": "0050_213", "KOD50K_NIL": null, "KOD100K": "0100_213_small", "KOD100_NIL": null, "KOD250K": null, "KOD250_NIL": "inapplicable", "KOD500K": null, "KOD500_NIL": "inapplicable", "KOD1000K": null, "KOD1000_NI": "inapplicable", "FUNKCTORU": "bocznica", "FTORU_NIL": null, "LICZBATOR": 1, "LTOROW_NIL": null, "POLOZENIE": "naPowierzchniGruntu", "POLOZ_NIL": null, "RODZPOJSZ": "kolej", "RODPSZ_NIL": null, "RODZAJTOR": "torNormalny", "RODZTOR_NI": null, "RODZAJTRAK": "niezelektryfikowana", "RODTRA_NIL": null, "LINKOL_NIL": null, "LIN_LOKID": null, "LIN_PNAZW": null, "LIN_WERID": null, "LIN_NRLINI": null, "W1_NAZWA": null, "W1_NRWEZ": null, "WEZEL1_OZN": null, "W1_LOKID": null, "W1_PNAZW": null, "W1_WERID": null, "W2_NAZWA": null, "W2_NRWEZ": null, "WEZEL2_OZN": null, "W2_LOKID": null, "W2_PNAZW": null, "W2_WERID": null, "BD500_ID": null, "BD500_PNA": null, "BD500_WEID": null, "length": 24.93 }, "geometry": { "type": "MultiLineString", "coordinates": [ ] } },
{ "type": "Feature", "properties": { "TERYT": "3021", "LOKALNYID": "322BD613-D27E-598B-E053-CC2BA8C05138", "WERSJAID": "2022-01-20T00:00:00", "PNAZW": "PL.PZGiK.308.BDOT10k", "GMLID": "OT_SKTR_L.617", "X_KOD": "SKTR01", "X_SKRKARTO": null, "X_SKRK_NIL": "inapplicable", "X_KATDOKG": "dokladny", "X_DOKLGEOM": 1.0, "X_ZRODLOG": "ortofotomapa", "X_ZRODLOA": "pomiarTerenowy", "X_KATIST": "eksploatowany", "X_KATI_NIL": null, "X_RODZREPG": "osGeometryczna", "X_UWAGI": null, "X_UZYTKOWN": "Uzytkownik30.xml", "X_AKTG": "2011-01-01", "X_AKTA": "2022-01-20", "POCZWERS": "2022-01-20", "KONIECWERS": null, "X_DATAUTW": "2012-11-13", "X_INFDOD": null, "KOD10K": "0010_213", "KOD10K_NIL": null, "KOD25K": "0025_213", "KOD25K_NIL": null, "KOD50K": "0050_213", "KOD50K_NIL": null, "KOD100K": "0100_213_small", "KOD100_NIL": null, "KOD250K": null, "KOD250_NIL": "inapplicable", "KOD500K": null, "KOD500_NIL": "inapplicable", "KOD1000K": null, "KOD1000_NI": "inapplicable", "FUNKCTORU": "bocznica", "FTORU_NIL": null, "LICZBATOR": 1, "LTOROW_NIL": null, "POLOZENIE": "naPowierzchniGruntu", "POLOZ_NIL": null, "RODZPOJSZ": "kolej", "RODPSZ_NIL": null, "RODZAJTOR": "torNormalny", "RODZTOR_NI": null, "RODZAJTRAK": "niezelektryfikowana", "RODTRA_NIL": null, "LINKOL_NIL": null, "LIN_LOKID": null, "LIN_PNAZW": null, "LIN_WERID": null, "LIN_NRLINI": null, "W1_NAZWA": null, "W1_NRWEZ": null, "WEZEL1_OZN": null, "W1_LOKID": null, "W1_PNAZW": null, "W1_WERID": null, "W2_NAZWA": null, "W2_NRWEZ": null, "WEZEL2_OZN": null, "W2_LOKID": null, "W2_PNAZW": null, "W2_WERID": null, "BD500_ID": null, "BD500_PNA": null, "BD500_WEID": null, "length": 40.8 }, "geometry": { "type": "MultiLineString", "coordinates": [ ] } },
{ "type": "Feature", "properties": { "TERYT": "3021", "LOKALNYID": "322BD613-D279-598B-E053-CC2BA8C05138", "WERSJAID": "2022-01-20T00:00:00", "PNAZW": "PL.PZGiK.308.BDOT10k", "GMLID": "OT_SKTR_L.612", "X_KOD": "SKTR01", "X_SKRKARTO": null, "X_SKRK_NIL": "inapplicable", "X_KATDOKG": "dokladny", "X_DOKLGEOM": 1.0, "X_ZRODLOG": "ortofotomapa", "X_ZRODLOA": "pomiarTerenowy", "X_KATIST": "eksploatowany", "X_KATI_NIL": null, "X_RODZREPG": "osGeometryczna", "X_UWAGI": null, "X_UZYTKOWN": "Uzytkownik30.xml", "X_AKTG": "2011-01-01", "X_AKTA": "2022-01-20", "POCZWERS": "2022-01-20", "KONIECWERS": null, "X_DATAUTW": "2012-11-13", "X_INFDOD": null, "KOD10K": "0010_213", "KOD10K_NIL": null, "KOD25K": "0025_213", "KOD25K_NIL": null, "KOD50K": "0050_213", "KOD50K_NIL": null, "KOD100K": "0100_213_small", "KOD100_NIL": null, "KOD250K": null, "KOD250_NIL": "inapplicable", "KOD500K": null, "KOD500_NIL": "inapplicable", "KOD1000K": null, "KOD1000_NI": "inapplicable", "FUNKCTORU": "bocznica", "FTORU_NIL": null, "LICZBATOR": 1, "LTOROW_NIL": null, "POLOZENIE": "naPowierzchniGruntu", "POLOZ_NIL": null, "RODZPOJSZ": "kolej", "RODPSZ_NIL": null, "RODZAJTOR": "torNormalny", "RODZTOR_NI": null, "RODZAJTRAK": "niezelektryfikowana", "RODTRA_NIL": null, "LINKOL_NIL": null, "LIN_LOKID": null, "LIN_PNAZW": null, "LIN_WERID": null, "LIN_NRLINI": null, "W1_NAZWA": null, "W1_NRWEZ": null, "WEZEL1_OZN": null, "W1_LOKID": null, "W1_PNAZW": null, "W1_WERID": null, "W2_NAZWA": null, "W2_NRWEZ": null, "WEZEL2_OZN": null, "W2_LOKID": null, "W2_PNAZW": null, "W2_WERID": null, "BD500_ID": null, "BD500_PNA": null, "BD500_WEID": null, "length": 40.65 }, "geometry": { "type": "MultiLineString", "coordinates": [ ] } },
{ "type": "Feature", "properties": { "TERYT": "3021", "LOKALNYID": "322BD613-D27F-598B-E053-CC2BA8C05138", "WERSJAID": "2022-01-20T00:00:00", "PNAZW": "PL.PZGiK.308.BDOT10k", "GMLID": "OT_SKTR_L.618", "X_KOD": "SKTR01", "X_SKRKARTO": null, "X_SKRK_NIL": "inapplicable", "X_KATDOKG": "dokladny", "X_DOKLGEOM": 1.0, "X_ZRODLOG": "ortofotomapa", "X_ZRODLOA": "pomiarTerenowy", "X_KATIST": "eksploatowany", "X_KATI_NIL": null, "X_RODZREPG": "osGeometryczna", "X_UWAGI": null, "X_UZYTKOWN": "Uzytkownik30.xml", "X_AKTG": "2019-01-15", "X_AKTA": "2022-01-20", "POCZWERS": "2022-01-20", "KONIECWERS": null, "X_DATAUTW": "2012-11-13", "X_INFDOD": null, "KOD10K": "0010_213", "KOD10K_NIL": null, "KOD25K": "0025_213", "KOD25K_NIL": null, "KOD50K": "0050_213", "KOD50K_NIL": null, "KOD100K": "0100_213", "KOD100_NIL": null, "KOD250K": null, "KOD250_NIL": "inapplicable", "KOD500K": null, "KOD500_NIL": "inapplicable", "KOD1000K": null, "KOD1000_NI": "inapplicable", "FUNKCTORU": "bocznica", "FTORU_NIL": null, "LICZBATOR": 1, "LTOROW_NIL": null, "POLOZENIE": "naPowierzchniGruntu", "POLOZ_NIL": null, "RODZPOJSZ": "kolej", "RODPSZ_NIL": null, "RODZAJTOR": "torNormalny", "RODZTOR_NI": null, "RODZAJTRAK": "niezelektryfikowana", "RODTRA_NIL": null, "LINKOL_NIL": null, "LIN_LOKID": null, "LIN_PNAZW": null, "LIN_WERID": null, "LIN_NRLINI": null, "W1_NAZWA": null, "W1_NRWEZ": null, "WEZEL1_OZN": null, "W1_LOKID": null, "W1_PNAZW": null, "W1_WERID": null, "W2_NAZWA": null, "W2_NRWEZ": null, "WEZEL2_OZN": null, "W2_LOKID": null, "W2_PNAZW": null, "W2_WERID": null, "BD500_ID": null, "BD500_PNA": null, "BD500_WEID": null, "length": 571.69 }, "geometry": { "type": "MultiLineString", "coordinates": [ ] } },
{ "type": "Feature", "properties": { "TERYT": "3021", "LOKALNYID": "322BD613-D0E4-598B-E053-CC2BA8C05138", "WERSJAID": "2022-01-20T00:00:00", "PNAZW": "PL.PZGiK.308.BDOT10k", "GMLID": "OT_SKTR_L.81", "X_KOD": "SKTR01", "X_SKRKARTO": null, "X_SKRK_NIL": "inapplicable", "X_KATDOKG": "dokladny", "X_DOKLGEOM": 1.0, "X_ZRODLOG": "ortofotomapa", "X_ZRODLOA": "pomiarTerenowy", "X_KATIST": "eksploatowany", "X_KATI_NIL": null, "X_RODZREPG": "osGeometryczna", "X_UWAGI": null, "X_UZYTKOWN": "Uzytkownik30.xml", "X_AKTG": "2011-01-01", "X_AKTA": "2022-01-20", "POCZWERS": "2022-01-20", "KONIECWERS": null, "X_DATAUTW": "2012-11-13", "X_INFDOD": null, "KOD10K": "0010_213", "KOD10K_NIL": null, "KOD25K": "0025_213", "KOD25K_NIL": null, "KOD50K": "0050_213", "KOD50K_NIL": null, "KOD100K": "0100_213_small", "KOD100_NIL": null, "KOD250K": null, "KOD250_NIL": "inapplicable", "KOD500K": null, "KOD500_NIL": "inapplicable", "KOD1000K": null, "KOD1000_NI": "inapplicable", "FUNKCTORU": "bocznica", "FTORU_NIL": null, "LICZBATOR": 1, "LTOROW_NIL": null, "POLOZENIE": "naPowierzchniGruntu", "POLOZ_NIL": null, "RODZPOJSZ": "kolej", "RODPSZ_NIL": null, "RODZAJTOR": "torNormalny", "RODZTOR_NI": null, "RODZAJTRAK": "niezelektryfikowana", "RODTRA_NIL": null, "LINKOL_NIL": null, "LIN_LOKID": null, "LIN_PNAZW": null, "LIN_WERID": null, "LIN_NRLINI": null, "W1_NAZWA": null, "W1_NRWEZ": null, "WEZEL1_OZN": null, "W1_LOKID": null, "W1_PNAZW": null, "W1_WERID": null, "W2_NAZWA": null, "W2_NRWEZ": null, "WEZEL2_OZN": null, "W2_LOKID": null, "W2_PNAZW": null, "W2_WERID": null, "BD500_ID": null, "BD500_PNA": null, "BD500_WEID": null, "length": 164.3 }, "geometry": { "type": "MultiLineString", "coordinates": [ ] } },
{ "type": "Feature", "properties": { "TERYT": "3021", "LOKALNYID": "322BD613-D1CD-598B-E053-CC2BA8C05138", "WERSJAID": "2022-01-20T00:00:00", "PNAZW": "PL.PZGiK.308.BDOT10k", "GMLID": "OT_SKTR_L.382", "X_KOD": "SKTR01", "X_SKRKARTO": null, "X_SKRK_NIL": "inapplicable", "X_KATDOKG": "dokladny", "X_DOKLGEOM": 1.0, "X_ZRODLOG": "ortofotomapa", "X_ZRODLOA": "pomiarTerenowy", "X_KATIST": "eksploatowany", "X_KATI_NIL": null, "X_RODZREPG": "osGeometryczna", "X_UWAGI": null, "X_UZYTKOWN": "Uzytkownik30.xml", "X_AKTG": "2019-01-15", "X_AKTA": "2022-01-20", "POCZWERS": "2022-01-20", "KONIECWERS": null, "X_DATAUTW": "2012-11-13", "X_INFDOD": null, "KOD10K": "0010_213", "KOD10K_NIL": null, "KOD25K": "0025_213", "KOD25K_NIL": null, "KOD50K": "0050_213", "KOD50K_NIL": null, "KOD100K": "0100_213_small", "KOD100_NIL": null, "KOD250K": null, "KOD250_NIL": "inapplicable", "KOD500K": null, "KOD500_NIL": "inapplicable", "KOD1000K": null, "KOD1000_NI": "inapplicable", "FUNKCTORU": "bocznica", "FTORU_NIL": null, "LICZBATOR": 1, "LTOROW_NIL": null, "POLOZENIE": "naPowierzchniGruntu", "POLOZ_NIL": null, "RODZPOJSZ": "kolej", "RODPSZ_NIL": null, "RODZAJTOR": "torNormalny", "RODZTOR_NI": null, "RODZAJTRAK": "niezelektryfikowana", "RODTRA_NIL": null, "LINKOL_NIL": null, "LIN_LOKID": null, "LIN_PNAZW": null, "LIN_WERID": null, "LIN_NRLINI": null, "W1_NAZWA": null, "W1_NRWEZ": null, "WEZEL1_OZN": null, "W1_LOKID": null, "W1_PNAZW": null, "W1_WERID": null, "W2_NAZWA": null, "W2_NRWEZ": null, "WEZEL2_OZN": null, "W2_LOKID": null, "W2_PNAZW": null, "W2_WERID": null, "BD500_ID": null, "BD500_PNA": null, "BD500_WEID": null, "length": 137.78 }, "geometry": { "type": "MultiLineString", "coordinates": [ ] } },
{ "type": "Feature", "properties": { "TERYT": "3021", "LOKALNYID": "322BD613-D186-598B-E053-CC2BA8C05138", "WERSJAID": "2022-01-20T00:00:00", "PNAZW": "PL.PZGiK.308.BDOT10k", "GMLID": "OT_SKTR_L.478", "X_KOD": "SKTR01", "X_SKRKARTO": null, "X_SKRK_NIL": "inapplicable", "X_KATDOKG": "dokladny", "X_DOKLGEOM": 1.0, "X_ZRODLOG": "ortofotomapa", "X_ZRODLOA": "pomiarTerenowy", "X_KATIST": "eksploatowany", "X_KATI_NIL": null, "X_RODZREPG": "osGeometryczna", "X_UWAGI": null, "X_UZYTKOWN": "Uzytkownik30.xml", "X_AKTG": "2011-01-01", "X_AKTA": "2022-01-20", "POCZWERS": "2022-01-20", "KONIECWERS": null, "X_DATAUTW": "2012-11-13", "X_INFDOD": null, "KOD10K": "0010_213", "KOD10K_NIL": null, "KOD25K": "0025_213", "KOD25K_NIL": null, "KOD50K": "0050_213", "KOD50K_NIL": null, "KOD100K": "0100_213_small", "KOD100_NIL": null, "KOD250K": null, "KOD250_NIL": "inapplicable", "KOD500K": null, "KOD500_NIL": "inapplicable", "KOD1000K": null, "KOD1000_NI": "inapplicable", "FUNKCTORU": "bocznica", "FTORU_NIL": null, "LICZBATOR": 1, "LTOROW_NIL": null, "POLOZENIE": "naPowierzchniGruntu", "POLOZ_NIL": null, "RODZPOJSZ": "kolej", "RODPSZ_NIL": null, "RODZAJTOR": "torNormalny", "RODZTOR_NI": null, "RODZAJTRAK": "niezelektryfikowana", "RODTRA_NIL": null, "LINKOL_NIL": null, "LIN_LOKID": null, "LIN_PNAZW": null, "LIN_WERID": null, "LIN_NRLINI": null, "W1_NAZWA": null, "W1_NRWEZ": null, "WEZEL1_OZN": null, "W1_LOKID": null, "W1_PNAZW": null, "W1_WERID": null, "W2_NAZWA": null, "W2_NRWEZ": null, "WEZEL2_OZN": null, "W2_LOKID": null, "W2_PNAZW": null, "W2_WERID": null, "BD500_ID": null, "BD500_PNA": null, "BD500_WEID": null, "length": 29.63 }, "geometry": { "type": "MultiLineString", "coordinates": [ ] } },
{ "type": "Feature", "properties": { "TERYT": "3021", "LOKALNYID": "322BD613-D0DE-598B-E053-CC2BA8C05138", "WERSJAID": "2022-01-20T00:00:00", "PNAZW": "PL.PZGiK.308.BDOT10k", "GMLID": "ID_d1e24827-a0ca-47a6-8412-ecbc1bc3ec6f", "X_KOD": "SKTR01", "X_SKRKARTO": null, "X_SKRK_NIL": "inapplicable", "X_KATDOKG": "dokladny", "X_DOKLGEOM": 1.0, "X_ZRODLOG": "ortofotomapa", "X_ZRODLOA": "pomiarTerenowy", "X_KATIST": "nieczynny", "X_KATI_NIL": null, "X_RODZREPG": "osGeometryczna", "X_UWAGI": null, "X_UZYTKOWN": "Uzytkownik30.xml", "X_AKTG": "2011-01-01", "X_AKTA": "2022-01-20", "POCZWERS": "2022-01-20", "KONIECWERS": null, "X_DATAUTW": "2012-11-13", "X_INFDOD": null, "KOD10K": "0010_213", "KOD10K_NIL": null, "KOD25K": "0025_213", "KOD25K_NIL": null, "KOD50K": "0050_213", "KOD50K_NIL": null, "KOD100K": "0100_213_small", "KOD100_NIL": null, "KOD250K": null, "KOD250_NIL": "inapplicable", "KOD500K": null, "KOD500_NIL": "inapplicable", "KOD1000K": null, "KOD1000_NI": "inapplicable", "FUNKCTORU": "torZwyklyStacyjny", "FTORU_NIL": null, "LICZBATOR": 1, "LTOROW_NIL": null, "POLOZENIE": "naPowierzchniGruntu", "POLOZ_NIL": null, "RODZPOJSZ": "kolej", "RODPSZ_NIL": null, "RODZAJTOR": "torNormalny", "RODZTOR_NI": null, "RODZAJTRAK": "niezelektryfikowana", "RODTRA_NIL": null, "LINKOL_NIL": null, "LIN_LOKID": null, "LIN_PNAZW": null, "LIN_WERID": null, "LIN_NRLINI": null, "W1_NAZWA": null, "W1_NRWEZ": null, "WEZEL1_OZN": null, "W1_LOKID": null, "W1_PNAZW": null, "W1_WERID": null, "W2_NAZWA": null, "W2_NRWEZ": null, "WEZEL2_OZN": null, "W2_LOKID": null, "W2_PNAZW": null, "W2_WERID": null, "BD500_ID": null, "BD500_PNA": null, "BD500_WEID": null, "length": 69.74 }, "geometry": { "type": "MultiLineString", "coordinates": [ ] } },
{ "type": "Feature", "properties": { "TERYT": "3021", "LOKALNYID": "322BD613-D1CF-598B-E053-CC2BA8C05138", "WERSJAID": "2022-01-20T00:00:00", "PNAZW": "PL.PZGiK.308.BDOT10k", "GMLID": "OT_SKTR_L.384", "X_KOD": "SKTR01", "X_SKRKARTO": null, "X_SKRK_NIL": "inapplicable", "X_KATDOKG": "dokladny", "X_DOKLGEOM": 1.0, "X_ZRODLOG": "ortofotomapa", "X_ZRODLOA": "pomiarTerenowy", "X_KATIST": "eksploatowany", "X_KATI_NIL": null, "X_RODZREPG": "osGeometryczna", "X_UWAGI": null, "X_UZYTKOWN": "Uzytkownik30.xml", "X_AKTG": "2011-01-01", "X_AKTA": "2022-01-20", "POCZWERS": "2022-01-20", "KONIECWERS": null, "X_DATAUTW": "2012-11-13", "X_INFDOD": null, "KOD10K": "0010_213", "KOD10K_NIL": null, "KOD25K": "0025_213", "KOD25K_NIL": null, "KOD50K": "0050_213", "KOD50K_NIL": null, "KOD100K": "0100_213_small", "KOD100_NIL": null, "KOD250K": null, "KOD250_NIL": "inapplicable", "KOD500K": null, "KOD500_NIL": "inapplicable", "KOD1000K": null, "KOD1000_NI": "inapplicable", "FUNKCTORU": "bocznica", "FTORU_NIL": null, "LICZBATOR": 1, "LTOROW_NIL": null, "POLOZENIE": "naPowierzchniGruntu", "POLOZ_NIL": null, "RODZPOJSZ": "kolej", "RODPSZ_NIL": null, "RODZAJTOR": "torNormalny", "RODZTOR_NI": null, "RODZAJTRAK": "niezelektryfikowana", "RODTRA_NIL": null, "LINKOL_NIL": null, "LIN_LOKID": null, "LIN_PNAZW": null, "LIN_WERID": null, "LIN_NRLINI": null, "W1_NAZWA": null, "W1_NRWEZ": null, "WEZEL1_OZN": null, "W1_LOKID": null, "W1_PNAZW": null, "W1_WERID": null, "W2_NAZWA": null, "W2_NRWEZ": null, "WEZEL2_OZN": null, "W2_LOKID": null, "W2_PNAZW": null, "W2_WERID": null, "BD500_ID": null, "BD500_PNA": null, "BD500_WEID": null, "length": 33.33 }, "geometry": { "type": "MultiLineString", "coordinates": [ ] } },
{ "type": "Feature", "properties": { "TERYT": "3021", "LOKALNYID": "322BD613-D1CC-598B-E053-CC2BA8C05138", "WERSJAID": "2022-01-20T00:00:00", "PNAZW": "PL.PZGiK.308.BDOT10k", "GMLID": "OT_SKTR_L.381", "X_KOD": "SKTR01", "X_SKRKARTO": null, "X_SKRK_NIL": "inapplicable", "X_KATDOKG": "dokladny", "X_DOKLGEOM": 1.0, "X_ZRODLOG": "ortofotomapa", "X_ZRODLOA": "pomiarTerenowy", "X_KATIST": "eksploatowany", "X_KATI_NIL": null, "X_RODZREPG": "osGeometryczna", "X_UWAGI": null, "X_UZYTKOWN": "Uzytkownik30.xml", "X_AKTG": "2011-01-01", "X_AKTA": "2022-01-20", "POCZWERS": "2022-01-20", "KONIECWERS": null, "X_DATAUTW": "2012-11-13", "X_INFDOD": null, "KOD10K": "0010_213", "KOD10K_NIL": null, "KOD25K": "0025_213", "KOD25K_NIL": null, "KOD50K": "0050_213", "KOD50K_NIL": null, "KOD100K": "0100_213_small", "KOD100_NIL": null, "KOD250K": null, "KOD250_NIL": "inapplicable", "KOD500K": null, "KOD500_NIL": "inapplicable", "KOD1000K": null, "KOD1000_NI": "inapplicable", "FUNKCTORU": "bocznica", "FTORU_NIL": null, "LICZBATOR": 1, "LTOROW_NIL": null, "POLOZENIE": "naPowierzchniGruntu", "POLOZ_NIL": null, "RODZPOJSZ": "kolej", "RODPSZ_NIL": null, "RODZAJTOR": "torNormalny", "RODZTOR_NI": null, "RODZAJTRAK": "niezelektryfikowana", "RODTRA_NIL": null, "LINKOL_NIL": null, "LIN_LOKID": null, "LIN_PNAZW": null, "LIN_WERID": null, "LIN_NRLINI": null, "W1_NAZWA": null, "W1_NRWEZ": null, "WEZEL1_OZN": null, "W1_LOKID": null, "W1_PNAZW": null, "W1_WERID": null, "W2_NAZWA": null, "W2_NRWEZ": null, "WEZEL2_OZN": null, "W2_LOKID": null, "W2_PNAZW": null, "W2_WERID": null, "BD500_ID": null, "BD500_PNA": null, "BD500_WEID": null, "length": 32.54 }, "geometry": { "type": "MultiLineString", "coordinates": [ ] } },
{ "type": "Feature", "properties": { "TERYT": "3021", "LOKALNYID": "322BD613-D0E1-598B-E053-CC2BA8C05138", "WERSJAID": "2022-01-20T00:00:00", "PNAZW": "PL.PZGiK.308.BDOT10k", "GMLID": "OT_SKTR_L.78", "X_KOD": "SKTR01", "X_SKRKARTO": null, "X_SKRK_NIL": "inapplicable", "X_KATDOKG": "dokladny", "X_DOKLGEOM": 1.0, "X_ZRODLOG": "ortofotomapa", "X_ZRODLOA": "pomiarTerenowy", "X_KATIST": "eksploatowany", "X_KATI_NIL": null, "X_RODZREPG": "osGeometryczna", "X_UWAGI": null, "X_UZYTKOWN": "Uzytkownik30.xml", "X_AKTG": "2011-01-01", "X_AKTA": "2022-01-20", "POCZWERS": "2022-01-20", "KONIECWERS": null, "X_DATAUTW": "2012-11-13", "X_INFDOD": null, "KOD10K": "0010_213", "KOD10K_NIL": null, "KOD25K": "0025_213", "KOD25K_NIL": null, "KOD50K": "0050_213", "KOD50K_NIL": null, "KOD100K": "0100_213_small", "KOD100_NIL": null, "KOD250K": null, "KOD250_NIL": "inapplicable", "KOD500K": null, "KOD500_NIL": "inapplicable", "KOD1000K": null, "KOD1000_NI": "inapplicable", "FUNKCTORU": "bocznica", "FTORU_NIL": null, "LICZBATOR": 1, "LTOROW_NIL": null, "POLOZENIE": "naPowierzchniGruntu", "POLOZ_NIL": null, "RODZPOJSZ": "kolej", "RODPSZ_NIL": null, "RODZAJTOR": "torNormalny", "RODZTOR_NI": null, "RODZAJTRAK": "niezelektryfikowana", "RODTRA_NIL": null, "LINKOL_NIL": null, "LIN_LOKID": null, "LIN_PNAZW": null, "LIN_WERID": null, "LIN_NRLINI": null, "W1_NAZWA": null, "W1_NRWEZ": null, "WEZEL1_OZN": null, "W1_LOKID": null, "W1_PNAZW": null, "W1_WERID": null, "W2_NAZWA": null, "W2_NRWEZ": null, "WEZEL2_OZN": null, "W2_LOKID": null, "W2_PNAZW": null, "W2_WERID": null, "BD500_ID": null, "BD500_PNA": null, "BD500_WEID": null, "length": 33.23 }, "geometry": { "type": "MultiLineString", "coordinates": [ ] } },
{ "type": "Feature", "properties": { "TERYT": "3021", "LOKALNYID": "322BD613-D27B-598B-E053-CC2BA8C05138", "WERSJAID": "2022-01-20T00:00:00", "PNAZW": "PL.PZGiK.308.BDOT10k", "GMLID": "OT_SKTR_L.614", "X_KOD": "SKTR01", "X_SKRKARTO": null, "X_SKRK_NIL": "inapplicable", "X_KATDOKG": "dokladny", "X_DOKLGEOM": 1.0, "X_ZRODLOG": "ortofotomapa", "X_ZRODLOA": "pomiarTerenowy", "X_KATIST": "eksploatowany", "X_KATI_NIL": null, "X_RODZREPG": "osGeometryczna", "X_UWAGI": null, "X_UZYTKOWN": "Uzytkownik30.xml", "X_AKTG": "2011-01-01", "X_AKTA": "2022-01-20", "POCZWERS": "2022-01-20", "KONIECWERS": null, "X_DATAUTW": "2012-11-13", "X_INFDOD": null, "KOD10K": "0010_213", "KOD10K_NIL": null, "KOD25K": "0025_213", "KOD25K_NIL": null, "KOD50K": "0050_213", "KOD50K_NIL": null, "KOD100K": "0100_213_small", "KOD100_NIL": null, "KOD250K": null, "KOD250_NIL": "inapplicable", "KOD500K": null, "KOD500_NIL": "inapplicable", "KOD1000K": null, "KOD1000_NI": "inapplicable", "FUNKCTORU": "bocznica", "FTORU_NIL": null, "LICZBATOR": 1, "LTOROW_NIL": null, "POLOZENIE": "naPowierzchniGruntu", "POLOZ_NIL": null, "RODZPOJSZ": "kolej", "RODPSZ_NIL": null, "RODZAJTOR": "torNormalny", "RODZTOR_NI": null, "RODZAJTRAK": "niezelektryfikowana", "RODTRA_NIL": null, "LINKOL_NIL": null, "LIN_LOKID": null, "LIN_PNAZW": null, "LIN_WERID": null, "LIN_NRLINI": null, "W1_NAZWA": null, "W1_NRWEZ": null, "WEZEL1_OZN": null, "W1_LOKID": null, "W1_PNAZW": null, "W1_WERID": null, "W2_NAZWA": null, "W2_NRWEZ": null, "WEZEL2_OZN": null, "W2_LOKID": null, "W2_PNAZW": null, "W2_WERID": null, "BD500_ID": null, "BD500_PNA": null, "BD500_WEID": null, "length": 105.95 }, "geometry": { "type": "MultiLineString", "coordinates": [ ] } }
]
}
