{
"type": "FeatureCollection",
"name": "las_1933",
"crs": { "type": "name", "properties": { "name": "urn:ogc:def:crs:OGC:1.3:CRS84" } },
"features": [
{ "type": "Feature", "properties": { "id": null, "area": 0, "area1": 0.067356 }, "geometry": { "type": "MultiPolygon", "coordinates": [ [ [ [ 17.008774485541906, 52.464576903969075 ], [ 17.008447744968173, 52.463817753596182 ], [ 17.005373432567392, 52.464301561651652 ], [ 17.003477707713891, 52.464640387260985 ], [ 17.002446293025155, 52.464885631016152 ], [ 17.003439781660536, 52.465664645275702 ], [ 17.004070469054547, 52.4662624196583 ], [ 17.004280236276678, 52.466471969686992 ], [ 17.007041958721548, 52.465818113639521 ], [ 17.007478199484755, 52.46568125829117 ], [ 17.007634924624782, 52.465385185088785 ], [ 17.007711106693034, 52.465005350892255 ], [ 17.007873697192082, 52.464766028826958 ], [ 17.008389008428981, 52.464824736596853 ], [ 17.008666186094011, 52.464592225725625 ], [ 17.008774485541906, 52.464576903969075 ] ] ] ] } },
{ "type": "Feature", "properties": { "id": null, "area": 1, "area1": 0.996767 }, "geometry": { "type": "MultiPolygon", "coordinates": [ [ [ [ 17.002863870042003, 52.458269467562587 ], [ 17.004633385663531, 52.458245263829582 ], [ 17.005707271666623, 52.458175826612198 ], [ 17.007339737436837, 52.45805914154711 ], [ 17.007907905556539, 52.45798631111672 ], [ 17.008461313173502, 52.457866877160555 ], [ 17.008963705921381, 52.457756882119497 ], [ 17.00938045753615, 52.457676344689624 ], [ 17.009753459987227, 52.45763112113692 ], [ 17.009815217380158, 52.457570357683906 ], [ 17.00974141762735, 52.457337354543263 ], [ 17.009648148617661, 52.456975267516945 ], [ 17.009510700779799, 52.456097412199497 ], [ 17.009717061417927, 52.45600818150271 ], [ 17.009917317929911, 52.455867345264551 ], [ 17.010166424009849, 52.455577973670302 ], [ 17.010437318719713, 52.455366221860565 ], [ 17.01079709148561, 52.455052959804433 ], [ 17.012136053930458, 52.454524401959929 ], [ 17.012411648007973, 52.454395128612717 ], [ 17.014153064402937, 52.453914514595851 ], [ 17.014773100861849, 52.453811621229008 ], [ 17.015674361066388, 52.453641341153187 ], [ 17.018010332732647, 52.453247900853107 ], [ 17.018552457972156, 52.453190033913366 ], [ 17.018902452718983, 52.45309289381489 ], [ 17.018975849052854, 52.452960217315777 ], [ 17.018968473191272, 52.452748933896189 ], [ 17.018934209352754, 52.452573251648992 ], [ 17.018791593972836, 52.452370002681498 ], [ 17.018578818717074, 52.452227380701714 ], [ 17.018275234498265, 52.452042034424984 ], [ 17.017912919432405, 52.45185055257609 ], [ 17.017473409277471, 52.451688676707249 ], [ 17.01675407893466, 52.451563307887945 ], [ 17.01641876042202, 52.451521631247729 ], [ 17.015933671821465, 52.451436238588684 ], [ 17.01557563026147, 52.451337525555331 ], [ 17.015268593421741, 52.451229367118586 ], [ 17.01516510713256, 52.451093723586567 ], [ 17.015003030397949, 52.450761387031292 ], [ 17.014963600920503, 52.450513513308636 ], [ 17.015970076850238, 52.449876325510921 ], [ 17.01599511486285, 52.449881895900702 ], [ 17.016335374211216, 52.450000910400583 ], [ 17.016735291328462, 52.450105473881592 ], [ 17.017304136464208, 52.450202568391084 ], [ 17.017917873577638, 52.450238609800202 ], [ 17.018742422939951, 52.450273030513337 ], [ 17.020657081291041, 52.450040148628887 ], [ 17.020217099278298, 52.449539891582944 ], [ 17.019955837376301, 52.449243739992433 ], [ 17.019588194184024, 52.448752967140983 ], [ 17.018957178279422, 52.448331713993454 ], [ 17.018376693231488, 52.44804100282871 ], [ 17.017479795099991, 52.447689758249211 ], [ 17.016905289333533, 52.447528478766678 ], [ 17.015160815632335, 52.447157690390732 ], [ 17.014183525505473, 52.44693872698209 ], [ 17.013136593159359, 52.446556299818909 ], [ 17.012114538897148, 52.447656186055319 ], [ 17.0118165778612, 52.447908688429507 ], [ 17.011574405535661, 52.44785826359648 ], [ 17.011256893239789, 52.447796270522041 ], [ 17.010722711476358, 52.447679128784138 ], [ 17.010499938556691, 52.447572375367621 ], [ 17.010166905754403, 52.44729380761855 ], [ 17.009846313676732, 52.44711330308575 ], [ 17.008959890988926, 52.446583353634317 ], [ 17.008506471768666, 52.446544815549338 ], [ 17.008027089380899, 52.446521289051148 ], [ 17.007398659252878, 52.446438595928711 ], [ 17.007030396513592, 52.446380886295522 ], [ 17.006609973627906, 52.446358347873804 ], [ 17.006290155029355, 52.44634780498582 ], [ 17.005945999345141, 52.44631624974722 ], [ 17.005616363785744, 52.446336440995523 ], [ 17.005297526356131, 52.446490720159332 ], [ 17.005023357379422, 52.446589099383289 ], [ 17.004633133956922, 52.44664431734985 ], [ 17.004279391479432, 52.446638346754135 ], [ 17.00390926968841, 52.44662179805426 ], [ 17.003567717277853, 52.446719036273166 ], [ 17.003382233011905, 52.446906463578237 ], [ 17.003286368566634, 52.447162357490157 ], [ 17.003073750939247, 52.447390528139927 ], [ 17.002326741856507, 52.447506665268229 ], [ 17.002323248221657, 52.447583860100643 ], [ 17.002382011683949, 52.447775412489861 ], [ 17.002430256849376, 52.448013139444704 ], [ 17.002422105283451, 52.44819326071439 ], [ 17.002311017177426, 52.448412844836717 ], [ 17.002081150264427, 52.449021841278281 ], [ 17.004103800443499, 52.449962447686474 ], [ 17.004490791549831, 52.447182691870687 ], [ 17.004576412848202, 52.447153235419449 ], [ 17.005950861725577, 52.446954963404821 ], [ 17.006220381998922, 52.446959508736363 ], [ 17.006810649586306, 52.447700797239975 ], [ 17.006865425303353, 52.447794425216799 ], [ 17.007004195788681, 52.447894619315008 ], [ 17.007168932082834, 52.447979800146285 ], [ 17.007222082495517, 52.448109452323145 ], [ 17.007105383896008, 52.448267143189511 ], [ 17.00508526084419, 52.450627943360992 ], [ 17.003324805024953, 52.452648028001974 ], [ 17.001587360629365, 52.454714828119457 ], [ 17.001590924410849, 52.455008452739648 ], [ 17.001982137942083, 52.456050264673756 ], [ 17.001904455708228, 52.456090153997927 ], [ 17.001675137084966, 52.45612748065313 ], [ 17.00140253143385, 52.456189826463692 ], [ 17.001447249807015, 52.456319338602832 ], [ 17.001510215497156, 52.456418257626076 ], [ 17.001286988094904, 52.456507189006572 ], [ 17.000696267591536, 52.456705787407685 ], [ 16.999321282713861, 52.457094550555219 ], [ 16.999302124573941, 52.45733113800722 ], [ 17.000211891117146, 52.457627216729712 ], [ 17.000485673350052, 52.457539142246084 ], [ 17.000792686094357, 52.457461929491615 ], [ 17.001146048291069, 52.45747820399216 ], [ 17.001563543601552, 52.457567664879079 ], [ 17.001868224275583, 52.457541912429399 ], [ 17.002478982465739, 52.457459527279987 ], [ 17.002863870042003, 52.458269467562587 ] ] ] ] } },
{ "type": "Feature", "properties": { "id": null, "area": 0, "area1": 0.018509 }, "geometry": { "type": "MultiPolygon", "coordinates": [ [ [ [ 16.994632646607815, 52.468479585832021 ], [ 16.994615790351265, 52.468293891066764 ], [ 16.994489626530761, 52.468286601238866 ], [ 16.99429628463642, 52.468273021645366 ], [ 16.994044191332687, 52.468253294897799 ], [ 16.993708067300602, 52.468226991735129 ], [ 16.993439589795795, 52.468196685222793 ], [ 16.993196392145826, 52.468166807105924 ], [ 16.992995795595103, 52.468127351019206 ], [ 16.992755877418087, 52.468025424158334 ], [ 16.992601864261008, 52.46788890334971 ], [ 16.992504963109702, 52.46779455388603 ], [ 16.992297816471901, 52.467713783400789 ], [ 16.992097925628144, 52.467658886998393 ], [ 16.991910678921126, 52.467511500459089 ], [ 16.991923791072875, 52.467408718108146 ], [ 16.991819871895515, 52.467283347379798 ], [ 16.991436245369837, 52.467189277728821 ], [ 16.991002766044463, 52.46707890912753 ], [ 16.990772456568006, 52.466951390135598 ], [ 16.990430966364642, 52.46685803311091 ], [ 16.990099529642258, 52.466914203286692 ], [ 16.98999372462773, 52.467015409957661 ], [ 16.98997802847698, 52.467174800984971 ], [ 16.989839455458061, 52.467254849527897 ], [ 16.98945137664364, 52.467258552521237 ], [ 16.989029592614756, 52.467261681066383 ], [ 16.988736528130598, 52.467400904039792 ], [ 16.988857995371767, 52.467511125219318 ], [ 16.989329166885806, 52.467534588282575 ], [ 16.989760083510532, 52.467516163143024 ], [ 16.990384805813328, 52.467501030155873 ], [ 16.990643443818833, 52.467562077971415 ], [ 16.990646946954172, 52.467670292776909 ], [ 16.99078808564742, 52.467719043168657 ], [ 16.991081368687723, 52.467760077645153 ], [ 16.991153690576255, 52.467838560005845 ], [ 16.991345154581701, 52.467893314868583 ], [ 16.991569856159121, 52.46795893443138 ], [ 16.991724334960342, 52.468085164011306 ], [ 16.991988827617693, 52.468202961017738 ], [ 16.992792618778214, 52.468329912507649 ], [ 16.994632646607815, 52.468479585832021 ] ] ] ] } },
{ "type": "Feature", "properties": { "id": null, "area": 0, "area1": 0.106412 }, "geometry": { "type": "MultiPolygon", "coordinates": [ [ [ [ 16.987609374257431, 52.484664670808954 ], [ 16.987638422054804, 52.48458276119694 ], [ 16.987573334691884, 52.484530151331185 ], [ 16.987442220606631, 52.484445516467737 ], [ 16.987211127295623, 52.484333428813272 ], [ 16.986980975195873, 52.484200755749953 ], [ 16.986812181210961, 52.484017624243471 ], [ 16.986703804985474, 52.483804619515361 ], [ 16.986712501295283, 52.483614208585074 ], [ 16.986763579393006, 52.483419368847223 ], [ 16.986827285368985, 52.483317448399269 ], [ 16.98688749692473, 52.483107313344448 ], [ 16.986606637847487, 52.482422700352387 ], [ 16.986335056855875, 52.482273869898066 ], [ 16.985952253376897, 52.482159196522474 ], [ 16.985614889508103, 52.481973192412873 ], [ 16.985487784472152, 52.48180106939283 ], [ 16.985429053256293, 52.481609509932042 ], [ 16.985404979126532, 52.481397939808389 ], [ 16.985143248616389, 52.48121837284156 ], [ 16.984828594476987, 52.481089405980491 ], [ 16.984512295312442, 52.480996461955741 ], [ 16.984040747884194, 52.480978124562093 ], [ 16.983685087001696, 52.481008113276097 ], [ 16.98300936303453, 52.481027492628648 ], [ 16.9825698831479, 52.4810457479878 ], [ 16.982244638959809, 52.481148354696437 ], [ 16.982184879350694, 52.481348194798819 ], [ 16.98207321406262, 52.482129127221683 ], [ 16.982053006682541, 52.482386294798879 ], [ 16.982155754512728, 52.482537405026726 ], [ 16.982353108605967, 52.482648927174019 ], [ 16.982386539963905, 52.482840056620134 ], [ 16.982348062165109, 52.483127814005329 ], [ 16.982407202960157, 52.483494490384913 ], [ 16.982353699949194, 52.48392619831062 ], [ 16.982151188961698, 52.484664378766496 ], [ 16.98567796383832, 52.48391590857004 ], [ 16.985809308078206, 52.483995399108402 ], [ 16.985857968366886, 52.484222838471375 ], [ 16.985912472209307, 52.484507029980499 ], [ 16.985977957714244, 52.484920164501148 ], [ 16.986369214724018, 52.485034981502849 ], [ 16.986860956496198, 52.484981549643869 ], [ 16.987337717582509, 52.484886658892982 ], [ 16.987609374257431, 52.484664670808954 ] ] ] ] } },
{ "type": "Feature", "properties": { "id": null, "area": 0, "area1": 0.089832 }, "geometry": { "type": "MultiPolygon", "coordinates": [ [ [ [ 16.994957137402078, 52.500801524298829 ], [ 16.994832051332981, 52.500583094659163 ], [ 16.994845168098493, 52.500294904526505 ], [ 16.994753345879399, 52.500087339076309 ], [ 16.994544874219979, 52.499846894613256 ], [ 16.994235214749608, 52.499604734018824 ], [ 16.993974278852484, 52.499404600672179 ], [ 16.99392509001844, 52.499372865139279 ], [ 16.993552196581348, 52.49903692623456 ], [ 16.993077652045308, 52.498709561943485 ], [ 16.992717414893242, 52.498466539089137 ], [ 16.992343600253459, 52.498151181483607 ], [ 16.991824579778495, 52.497689151194763 ], [ 16.991176757905087, 52.497091025261433 ], [ 16.990861973581282, 52.496962073467088 ], [ 16.990811851029708, 52.496950921648285 ], [ 16.990373388201647, 52.496943473189617 ], [ 16.98998457833795, 52.496957467775346 ], [ 16.989206018546781, 52.497006038055552 ], [ 16.988508018029737, 52.4971383768696 ], [ 16.988619907253259, 52.497645002084212 ], [ 16.988531775607342, 52.49809672367256 ], [ 16.988649775547273, 52.498469546717011 ], [ 16.98912757249661, 52.498724881127487 ], [ 16.989636286564309, 52.499042541750079 ], [ 16.990181554863092, 52.499299018477657 ], [ 16.990661716804226, 52.499502884445725 ], [ 16.991160625442149, 52.499665864981132 ], [ 16.991688576134035, 52.499932340975029 ], [ 16.992216533232885, 52.500198814665019 ], [ 16.992832105831745, 52.500394669505418 ], [ 16.993634140626209, 52.500573082998628 ], [ 16.994349511918184, 52.500801523859735 ], [ 16.994957137402078, 52.500801524298829 ] ] ] ] } },
{ "type": "Feature", "properties": { "id": null, "area": 0, "area1": 0.014936 }, "geometry": { "type": "MultiPolygon", "coordinates": [ [ [ [ 16.996250071331982, 52.498351325893573 ], [ 16.995956101291767, 52.49794977857983 ], [ 16.99541643121437, 52.497384409948076 ], [ 16.99503347309582, 52.497269764695098 ], [ 16.994591024271724, 52.497164410058424 ], [ 16.994037555625702, 52.497088072428646 ], [ 16.993662562988057, 52.497169266371031 ], [ 16.993555749564329, 52.49747646816553 ], [ 16.99376327133621, 52.497552091235775 ], [ 16.994053475009661, 52.497665167686144 ], [ 16.994605076815812, 52.497968083433939 ], [ 16.994866007282798, 52.498168215378527 ], [ 16.995234218019345, 52.498421667217436 ], [ 16.995558866541582, 52.498705281042291 ], [ 16.995766861222325, 52.498585200041894 ], [ 16.996250071331982, 52.498351325893573 ] ] ] ] } },
{ "type": "Feature", "properties": { "id": null, "area": 5, "area1": 4.604635 }, "geometry": { "type": "MultiPolygon", "coordinates": [ [ [ [ 17.003603041717533, 52.489349462140304 ], [ 17.003423397024136, 52.489217674207026 ], [ 17.003430390926795, 52.48906328553025 ], [ 17.003491697732532, 52.488827410058576 ], [ 17.003608248610885, 52.488489462524839 ], [ 17.003876930534123, 52.487772965778824 ], [ 17.006010506315622, 52.488725694009084 ], [ 17.005967471162606, 52.488930977401026 ], [ 17.005802216361744, 52.489226904193238 ], [ 17.005639288044669, 52.489471367760103 ], [ 17.005642642561465, 52.489770137220148 ], [ 17.006168138785355, 52.48971719402801 ], [ 17.006592465802811, 52.48966254350146 ], [ 17.007148424552295, 52.489682212458696 ], [ 17.007968117928126, 52.489840226588839 ], [ 17.008164407767406, 52.489977438019451 ], [ 17.008751304159539, 52.490059423028967 ], [ 17.009315637357354, 52.489893814847882 ], [ 17.009729143449771, 52.489705065265817 ], [ 17.010314180692191, 52.489828212988826 ], [ 17.010932944248182, 52.489951924961183 ], [ 17.011280533391513, 52.490101975834747 ], [ 17.011588364833216, 52.490385262946333 ], [ 17.011547211336932, 52.490549378047852 ], [ 17.011104626205551, 52.49063464065982 ], [ 17.010556087114107, 52.490450308235836 ], [ 17.010071745959877, 52.490339156363824 ], [ 17.009715327779734, 52.490384661666553 ], [ 17.009709285185789, 52.490518465667982 ], [ 17.009871859994423, 52.490655106866519 ], [ 17.009993740874862, 52.490945569721177 ], [ 17.009882344475379, 52.491170305068906 ], [ 17.009668845064972, 52.491413923125002 ], [ 17.009401967446419, 52.491718445106855 ], [ 17.009471866498604, 52.492038934929575 ], [ 17.009653167801822, 52.492134689767468 ], [ 17.01016892849124, 52.492297873930404 ], [ 17.010485596393764, 52.492385604198915 ], [ 17.011097892803374, 52.492653412271089 ], [ 17.011136867372574, 52.492911578391556 ], [ 17.010945803720947, 52.493031970773174 ], [ 17.010487259086609, 52.493096361981955 ], [ 17.010068015893484, 52.493037807427676 ], [ 17.009536779099509, 52.492843461168036 ], [ 17.008956354617307, 52.492617383214245 ], [ 17.008342211346026, 52.492390734602829 ], [ 17.007660159919311, 52.492173239360639 ], [ 17.007247910764939, 52.491960285942149 ], [ 17.007072666401772, 52.491730723717751 ], [ 17.006989646990132, 52.491327607743969 ], [ 17.006693580042054, 52.491157811648051 ], [ 17.00626262068166, 52.490985741117036 ], [ 17.005677114252183, 52.490872865925247 ], [ 17.005093008586858, 52.490729110104546 ], [ 17.004398881708308, 52.490779203614132 ], [ 17.00398347843883, 52.491009104515236 ], [ 17.003870652795509, 52.491264711625554 ], [ 17.003938646173577, 52.491626374641811 ], [ 17.004045026616758, 52.491885680927965 ], [ 17.004250251230925, 52.492198157141452 ], [ 17.004509794419381, 52.492429145826812 ], [ 17.004630246284602, 52.492750491560614 ], [ 17.004657912832251, 52.492884864018308 ], [ 17.004649058101815, 52.493080423027209 ], [ 17.004659396174187, 52.493224803595915 ], [ 17.004634144641617, 52.493409785551457 ], [ 17.004152140156837, 52.493619250250561 ], [ 17.00392312301663, 52.493785342995913 ], [ 17.003968515150415, 52.493854349418193 ], [ 17.004098853070893, 52.493864274127127 ], [ 17.004461871899814, 52.493860098665238 ], [ 17.005248372406982, 52.494007270650393 ], [ 17.006269098234998, 52.494199587320573 ], [ 17.011412629629746, 52.495027802759324 ], [ 17.012319541246526, 52.49512544951056 ], [ 17.013055037108796, 52.495282012522715 ], [ 17.01343129809197, 52.495545842889882 ], [ 17.013602878509115, 52.495857737074317 ], [ 17.013908444615417, 52.496192481585496 ], [ 17.014400911207758, 52.496499461511647 ], [ 17.014929431477828, 52.496755542281605 ], [ 17.015648563440273, 52.496901513836448 ], [ 17.016120297578084, 52.496919726969651 ], [ 17.016263088925477, 52.496747014653565 ], [ 17.016138371022564, 52.496518313831729 ], [ 17.015895606642118, 52.496287632846538 ], [ 17.015553515738894, 52.496014083341002 ], [ 17.015125255777679, 52.495780288575091 ], [ 17.014935873814409, 52.495488698767041 ], [ 17.014865002747644, 52.495188797181719 ], [ 17.017221181178449, 52.489707290399004 ], [ 17.018750697423794, 52.486838500937068 ], [ 17.018936880013314, 52.486450203277627 ], [ 17.019101111102927, 52.486174842392565 ], [ 17.019491206410777, 52.486129872988919 ], [ 17.020314578733242, 52.486205459939484 ], [ 17.022468986276607, 52.486323903913679 ], [ 17.023595391015636, 52.486414834572862 ], [ 17.024483911148923, 52.486542983100129 ], [ 17.025217004136611, 52.486750933292392 ], [ 17.028313449541642, 52.487688427393863 ], [ 17.029045659614532, 52.48791693965611 ], [ 17.029360954612692, 52.48803549773082 ], [ 17.029598388240924, 52.488008552160743 ], [ 17.029673653920039, 52.487834699042217 ], [ 17.029565290698596, 52.487616585235827 ], [ 17.029356684682096, 52.487376200373511 ], [ 17.029201423968068, 52.48707490153474 ], [ 17.028947764166997, 52.486710160238154 ], [ 17.02889044848941, 52.486482596006518 ], [ 17.028851834738493, 52.486214141765579 ], [ 17.028662400812067, 52.485922573002959 ], [ 17.028520787328979, 52.485693603498369 ], [ 17.028314037438491, 52.485412045905569 ], [ 17.0280744913922, 52.485109340303929 ], [ 17.028054124627573, 52.484810288676961 ], [ 17.03028404890242, 52.485125557447006 ], [ 17.031136524621594, 52.483038467124601 ], [ 17.029156016668395, 52.479410634797027 ], [ 17.031856744157505, 52.478621275303645 ], [ 17.032056837642173, 52.477161945264683 ], [ 17.032298804242149, 52.477032065852455 ], [ 17.032661521858927, 52.47684239216548 ], [ 17.033162762296506, 52.476572617824829 ], [ 17.033357825262538, 52.476359552861915 ], [ 17.033532357744463, 52.47622854957789 ], [ 17.033855843363984, 52.476161824987052 ], [ 17.034193431279096, 52.476157136445615 ], [ 17.03481345042119, 52.476249844145123 ], [ 17.035201608466032, 52.476245993021948 ], [ 17.035321896947689, 52.476196489282209 ], [ 17.03524541106356, 52.47602011152869 ], [ 17.035137506278982, 52.475791709630606 ], [ 17.0349116089597, 52.475561347108098 ], [ 17.034618289419729, 52.475329863688572 ], [ 17.034271193009602, 52.475169588618726 ], [ 17.033789710000388, 52.474996777901424 ], [ 17.033493646079471, 52.474827048516673 ], [ 17.033400313902749, 52.474650389342557 ], [ 17.03353345169144, 52.474312689240477 ], [ 17.033577719609156, 52.474076515567901 ], [ 17.033450218441054, 52.473909588676122 ], [ 17.032949142169517, 52.473798251127292 ], [ 17.032362413282144, 52.473716387665043 ], [ 17.031440415293233, 52.473587739241111 ], [ 17.030584005756502, 52.473501377567629 ], [ 17.030118951198126, 52.473339125645381 ], [ 17.02964164358216, 52.473073663401394 ], [ 17.028219419296832, 52.472061117368753 ], [ 17.027941171855051, 52.471871069906328 ], [ 17.027533153181984, 52.471565552560399 ], [ 17.02707043262166, 52.471351825117758 ], [ 17.026807022831882, 52.471584340433914 ], [ 17.02655678037835, 52.471899478411011 ], [ 17.026342086551558, 52.472174007393896 ], [ 17.026035474391715, 52.472240992987835 ], [ 17.025563077258234, 52.472243407380276 ], [ 17.02531301947878, 52.472177429591099 ], [ 17.025067110784043, 52.472018816590804 ], [ 17.024710135918699, 52.471703841357098 ], [ 17.02435316612155, 52.47138886508025 ], [ 17.023883754761837, 52.470948403492358 ], [ 17.022794196726579, 52.470044353433593 ], [ 17.022490122948721, 52.469678753408118 ], [ 17.02235043770099, 52.469408605825883 ], [ 17.022198977466868, 52.469024956176099 ], [ 17.022056751168151, 52.468435451720808 ], [ 17.021796556411097, 52.46784397366963 ], [ 17.021100497923243, 52.467945632767673 ], [ 17.020538800131014, 52.468059837362404 ], [ 17.019703288408657, 52.468262158455595 ], [ 17.019171129625544, 52.46846955535198 ], [ 17.018858985198261, 52.468660035068865 ], [ 17.018307651948692, 52.468918609176669 ], [ 17.017859284206434, 52.469137704807117 ], [ 17.017407210692927, 52.46943914028833 ], [ 17.016956982101558, 52.469699403177714 ], [ 17.016422478684003, 52.469958250833614 ], [ 17.015773232481198, 52.470143067700548 ], [ 17.015160005006091, 52.470276983282041 ], [ 17.014900245859771, 52.47042713008485 ], [ 17.014609093401312, 52.470525246980088 ], [ 17.01410254358985, 52.470537342526981 ], [ 17.013607748355643, 52.470662938422095 ], [ 17.013525496755456, 52.470991171557479 ], [ 17.013395926134347, 52.471246506511292 ], [ 17.013028536667726, 52.471539047603947 ], [ 17.012715416462378, 52.471750095867328 ], [ 17.012372295075391, 52.47187823538907 ], [ 17.011965001011845, 52.471933191917472 ], [ 17.011480858306594, 52.471822047469949 ], [ 17.011013572604039, 52.471711184538073 ], [ 17.010580462529589, 52.471590594203285 ], [ 17.01033043168777, 52.471524584985602 ], [ 17.009899183174717, 52.471362821581899 ], [ 17.009487579424896, 52.471139584437282 ], [ 17.009179892686202, 52.470856292456048 ], [ 17.008889063933832, 52.470573283474636 ], [ 17.008495720909586, 52.470319448810166 ], [ 17.007956859229861, 52.470300072452815 ], [ 17.007577702908442, 52.470479093444752 ], [ 17.007529115191989, 52.470807889891155 ], [ 17.007395790350657, 52.471145559020549 ], [ 17.007091593958055, 52.471531850923952 ], [ 17.006943734652957, 52.471817772258355 ], [ 17.007004175697102, 52.471973297922879 ], [ 17.007183994906967, 52.472099933871995 ], [ 17.00713865794205, 52.472356681607543 ], [ 17.006886875992326, 52.472702654363637 ], [ 17.006384695981765, 52.473363720218515 ], [ 17.006018274306321, 52.474006472113899 ], [ 17.005518024634362, 52.474997181864381 ], [ 17.005259696016914, 52.475487247342528 ], [ 17.005003132231511, 52.475565323346324 ], [ 17.004485722224242, 52.475443288797251 ], [ 17.004201967462951, 52.475376697694756 ], [ 17.00381707866276, 52.475308398883911 ], [ 17.003382089760617, 52.475228952515231 ], [ 17.00303138120891, 52.475150927713294 ], [ 17.002478871594473, 52.475059193023469 ], [ 17.002009243628521, 52.474999757432741 ], [ 17.001659005860652, 52.474911436006778 ], [ 17.001225891088104, 52.474790811414017 ], [ 17.000437878953527, 52.474684786124357 ], [ 16.99898078869597, 52.474454131200467 ], [ 16.998476527077898, 52.474414696434152 ], [ 16.997990523660228, 52.474344667156878 ], [ 16.997923102104007, 52.474343525779418 ], [ 16.997552283625609, 52.474337247516949 ], [ 16.997079398048491, 52.474349840449854 ], [ 16.996455281462119, 52.474349569 ], [ 16.996025945602081, 52.474517402773792 ], [ 16.995795597874825, 52.474760710852024 ], [ 16.995550731264714, 52.474952269989089 ], [ 16.995240311590251, 52.475101515466299 ], [ 16.995180385664529, 52.475306509274105 ], [ 16.995102199430875, 52.475542094935122 ], [ 16.994958460749942, 52.475735367242876 ], [ 16.994865288678511, 52.475929496740562 ], [ 16.994769775458828, 52.476175088884631 ], [ 16.994724361510965, 52.476431830926131 ], [ 16.994611521992343, 52.476687429634275 ], [ 16.994432660205604, 52.476911007174579 ], [ 16.994220551954339, 52.477123720106825 ], [ 16.994123159458685, 52.477410481783686 ], [ 16.994139079710958, 52.477802170115822 ], [ 16.994648997444685, 52.478088930563352 ], [ 16.994960851520094, 52.478279626696327 ], [ 16.995407095855033, 52.478482900436994 ], [ 16.995950276025642, 52.478780519395364 ], [ 16.996497205204768, 52.478995795497198 ], [ 16.997011828056504, 52.479179620458559 ], [ 16.997239881134544, 52.479358590652311 ], [ 16.997267985331678, 52.479482672260104 ], [ 16.997142502883904, 52.479645354860324 ], [ 16.996868108103957, 52.479743712404733 ], [ 16.996688309497099, 52.479987878343707 ], [ 16.996759502598248, 52.480277497512631 ], [ 16.996700979086434, 52.48045161426694 ], [ 16.996482000664141, 52.480676998795715 ], [ 16.99689785235002, 52.48095726058051 ], [ 16.997126692071703, 52.481192024458942 ], [ 16.997262461812767, 52.481394426784924 ], [ 16.997429712762983, 52.481458829046382 ], [ 16.997674985249212, 52.481470678091938 ], [ 16.997657679255379, 52.481643551272498 ], [ 16.997739739206111, 52.481779625345112 ], [ 16.997739313635655, 52.481927771415819 ], [ 16.99772979020852, 52.482068067186255 ], [ 16.99776419922626, 52.482195157213027 ], [ 16.997793512344188, 52.482313021632493 ], [ 16.997733423756014, 52.482387043039338 ], [ 16.997614899893019, 52.482429289994286 ], [ 16.997532063534763, 52.482449052250907 ], [ 16.997467687906909, 52.48251439239796 ], [ 16.99754216246361, 52.482731963204266 ], [ 16.997664876247221, 52.483001852994008 ], [ 16.997871418034261, 52.483283462194578 ], [ 16.998032527355068, 52.483450996852802 ], [ 16.998368804533943, 52.483848106192397 ], [ 16.998526179225312, 52.484097980650262 ], [ 16.998847008143422, 52.484463925710443 ], [ 16.998837195821729, 52.484680069421572 ], [ 16.998602117656318, 52.484840899114246 ], [ 16.998110624099425, 52.484889233674245 ], [ 16.997651913312357, 52.484958722139787 ], [ 16.997274692687451, 52.485091391530368 ], [ 16.996965609514916, 52.485209763001507 ], [ 16.996529619362963, 52.485521692881193 ], [ 16.99664155570963, 52.485657494998868 ], [ 16.996615106270916, 52.485868206526398 ], [ 16.996636429370948, 52.486141530025201 ], [ 16.996965197173175, 52.486147098321176 ], [ 16.997588050837827, 52.485807429246016 ], [ 16.997897370362779, 52.48568390990976 ], [ 16.998345321580207, 52.485665740669859 ], [ 16.998633824233384, 52.485814829368586 ], [ 16.998927487963492, 52.486036107894556 ], [ 16.999341276570394, 52.486213065607956 ], [ 16.999677774792339, 52.486234207805865 ], [ 16.999994844828834, 52.486311673042749 ], [ 17.000436031573688, 52.486442738101495 ], [ 17.000750536862164, 52.486576810445349 ], [ 17.001073940917898, 52.486700731874919 ], [ 17.001549555229854, 52.48681692387899 ], [ 17.002052561903358, 52.48688722462704 ], [ 17.002526781596391, 52.48703429046752 ], [ 17.002445079631283, 52.487161666306896 ], [ 17.002155654845748, 52.487218580598679 ], [ 17.001713786050811, 52.487288369408283 ], [ 17.001241228914513, 52.487290685013825 ], [ 17.00094007632314, 52.487234093139762 ], [ 17.000626499566891, 52.487079436132525 ], [ 17.0001773427811, 52.486937936628969 ], [ 16.999731247533127, 52.486914942446099 ], [ 16.999331040718275, 52.486810319129923 ], [ 16.999028472597043, 52.486599191498293 ], [ 16.99843508099049, 52.486475845970091 ], [ 16.998050354455586, 52.486587789933587 ], [ 16.99753191412033, 52.486671717722778 ], [ 16.99699333769043, 52.486827405486913 ], [ 16.996926375600413, 52.487001379327964 ], [ 16.997055644798369, 52.487127174068192 ], [ 16.997495895381036, 52.487278835157326 ], [ 16.9979640108951, 52.487374313717048 ], [ 16.998606574565606, 52.487343986694491 ], [ 16.999204162943848, 52.487189289870614 ], [ 16.999529647419656, 52.487081490392242 ], [ 16.99987528309023, 52.487087335838638 ], [ 16.999998466011355, 52.487161522087796 ], [ 16.999982329837966, 52.48733120677953 ], [ 16.99980931173652, 52.487611543540517 ], [ 16.999760154176762, 52.487765219076927 ], [ 16.999919885495991, 52.487963628953047 ], [ 17.000147761521394, 52.488147740139077 ], [ 17.000450578984221, 52.488353718733954 ], [ 17.000846367386664, 52.488556117754463 ], [ 17.001570247643208, 52.488779510022269 ], [ 17.002209830145556, 52.489001473986427 ], [ 17.002514995516282, 52.489155984564746 ], [ 17.002536589515245, 52.489424160950257 ], [ 17.002603835452664, 52.489615854889159 ], [ 17.003018138756577, 52.489782507545968 ], [ 17.003451600068402, 52.489712571810053 ], [ 17.003603041717533, 52.489349462140304 ] ], [ [ 17.012484212036323, 52.491147101009155 ], [ 17.012333498878711, 52.49112139245414 ], [ 17.012274695450948, 52.491068902110115 ], [ 17.012221286900655, 52.491037103263707 ], [ 17.012213475616644, 52.490976456952033 ], [ 17.01226317215983, 52.490950253491768 ], [ 17.012397428968644, 52.490966672730238 ], [ 17.012475898331161, 52.49100404282381 ], [ 17.012536635595499, 52.49106042822315 ], [ 17.012566104976639, 52.49110856288636 ], [ 17.012560555026653, 52.491138083372157 ], [ 17.012484212036323, 52.491147101009155 ] ] ] ] } },
{ "type": "Feature", "properties": { "id": null, "area": 0, "area1": 0.394516 }, "geometry": { "type": "MultiPolygon", "coordinates": [ [ [ [ 17.013473594901306, 52.517953798315311 ], [ 17.013568946228691, 52.517337375969397 ], [ 17.013697729896609, 52.517102629227573 ], [ 17.013790911302102, 52.516908486211932 ], [ 17.013930528718333, 52.516807826161887 ], [ 17.014375693892294, 52.516671092886753 ], [ 17.018527878137927, 52.515576764010191 ], [ 17.018010888567321, 52.515434199153638 ], [ 17.017458769620916, 52.515321944495852 ], [ 17.016755276203131, 52.515196849397178 ], [ 17.016053178123361, 52.515040872316092 ], [ 17.015331894478351, 52.51493607113327 ], [ 17.014543130189121, 52.514830133072721 ], [ 17.014177073218988, 52.514710684958786 ], [ 17.01404999678617, 52.514533445200463 ], [ 17.014318355576911, 52.513075293800007 ], [ 17.014484738913268, 52.51312958829164 ], [ 17.014934207981984, 52.513271035963967 ], [ 17.01558473465202, 52.513446755709765 ], [ 17.016503341776616, 52.513668168280581 ], [ 17.017192720205941, 52.513731226181186 ], [ 17.017518359851866, 52.513623379159043 ], [ 17.017544961299432, 52.513407516758818 ], [ 17.017231836319063, 52.513237463073537 ], [ 17.016565362701989, 52.513040884270502 ], [ 17.014555768843859, 52.512677563004473 ], [ 17.013882352820715, 52.512635358352668 ], [ 17.01319299675956, 52.512572281367035 ], [ 17.012714445134332, 52.51232733446497 ], [ 17.012356311449032, 52.512032906800542 ], [ 17.011962119623973, 52.511789374073885 ], [ 17.011700102005246, 52.511609863893632 ], [ 17.011355132307493, 52.51139805753801 ], [ 17.01095813229173, 52.511127673283262 ], [ 17.010526526879509, 52.511054513116427 ], [ 17.010357989906112, 52.510934697946716 ], [ 17.009914578809926, 52.510590048132308 ], [ 17.009410567802114, 52.510345613819773 ], [ 17.006682210182344, 52.509455040358205 ], [ 17.006193477934097, 52.509436504023732 ], [ 17.005589460549821, 52.509354219668886 ], [ 17.004969042919551, 52.509261355222783 ], [ 17.004477981963117, 52.509294274587567 ], [ 17.004152810067598, 52.509391793241313 ], [ 17.003491192151653, 52.509463032613453 ], [ 17.002698355198746, 52.509449649618695 ], [ 17.002176354316433, 52.50942023456119 ], [ 17.001405992479373, 52.509283617387787 ], [ 17.000716708574732, 52.509220468366621 ], [ 16.999738788627862, 52.509193637010988 ], [ 16.999011562714649, 52.50922254030899 ], [ 16.998279657952391, 52.509354364235598 ], [ 16.997627413473957, 52.509590536297722 ], [ 16.997465765738937, 52.5098041090883 ], [ 16.997564171556981, 52.509867577367046 ], [ 16.998154117905358, 52.509887862108975 ], [ 17.003284705710943, 52.510293881466218 ], [ 17.003919670763857, 52.510438502193068 ], [ 17.004963317729771, 52.510878423726552 ], [ 17.005856557356562, 52.511284899438436 ], [ 17.006654185594247, 52.511566152395915 ], [ 17.00710501023363, 52.511676751760646 ], [ 17.007793877022845, 52.511750156571942 ], [ 17.008090084600198, 52.511919950771116 ], [ 17.008262618729248, 52.512211267008155 ], [ 17.008524739077469, 52.512761601160904 ], [ 17.009494289154176, 52.51558992741171 ], [ 17.009767732657799, 52.516264053558814 ], [ 17.009817540309125, 52.516656306502512 ], [ 17.009682811135786, 52.517395668542314 ], [ 17.009328964987819, 52.517379414904532 ], [ 17.008539707054329, 52.517283729132217 ], [ 17.007765461692003, 52.517229492461894 ], [ 17.007043697521063, 52.51713493317834 ], [ 17.006221171791484, 52.517028371051765 ], [ 17.005698146028436, 52.517019555747311 ], [ 17.005573050048341, 52.517171953020274 ], [ 17.005704295268462, 52.517256568654936 ], [ 17.00614109998341, 52.517305132477652 ], [ 17.00666319732192, 52.517334530956788 ], [ 17.007515747601559, 52.517523998800684 ], [ 17.008000844877039, 52.51762487100283 ], [ 17.008509334261294, 52.517581929397025 ], [ 17.013473594901306, 52.517953798315311 ] ] ] ] } },
{ "type": "Feature", "properties": { "id": null, "area": 0, "area1": 0.026609 }, "geometry": { "type": "MultiPolygon", "coordinates": [ [ [ [ 17.069264624049115, 52.499059598146474 ], [ 17.071294801363162, 52.498948512136472 ], [ 17.071094348024829, 52.497358993230428 ], [ 17.06920773299623, 52.497276712412429 ], [ 17.069038255769822, 52.498448183753261 ], [ 17.069026978302468, 52.498705507913733 ], [ 17.069264624049115, 52.499059598146474 ] ] ] ] } },
{ "type": "Feature", "properties": { "id": null, "area": 0, "area1": 0.011947 }, "geometry": { "type": "MultiPolygon", "coordinates": [ [ [ [ 17.068051479342113, 52.496511059598667 ], [ 17.067947726755232, 52.496375460670684 ], [ 17.067848119325607, 52.496337782539079 ], [ 17.067683536682242, 52.496242391089226 ], [ 17.067580011546131, 52.49610164536869 ], [ 17.06751179571577, 52.495925425226766 ], [ 17.067546345971998, 52.495714832769082 ], [ 17.067514341947021, 52.495482552338522 ], [ 17.067315132017008, 52.495407195298185 ], [ 17.066990649620369, 52.495494596249038 ], [ 17.066847833952643, 52.495672518255859 ], [ 17.066666469202911, 52.495767407341127 ], [ 17.066326925333648, 52.495813358969237 ], [ 17.066182750773603, 52.496022158990677 ], [ 17.066248025290911, 52.496265284045158 ], [ 17.066361184026761, 52.496570993831973 ], [ 17.066543307059586, 52.496651223324385 ], [ 17.066885193323142, 52.496744363859783 ], [ 17.067407771909135, 52.496758052961425 ], [ 17.067840980293525, 52.49669302749043 ], [ 17.068051479342113, 52.496511059598667 ] ] ] ] } },
{ "type": "Feature", "properties": { "id": null, "area": 0, "area1": 0.002312 }, "geometry": { "type": "MultiPolygon", "coordinates": [ [ [ [ 17.0664276559536, 52.495248486940504 ], [ 17.066541337074796, 52.495157642100352 ], [ 17.066546982362834, 52.495028980132631 ], [ 17.066433450905404, 52.494924120971 ], [ 17.066176350917381, 52.49482206482147 ], [ 17.065916089781847, 52.494792058802339 ], [ 17.06577575706077, 52.494913368270346 ], [ 17.065741424988762, 52.495118813686084 ], [ 17.065920152654375, 52.495276241233071 ], [ 17.066155572221131, 52.495295540759813 ], [ 17.0664276559536, 52.495248486940504 ] ] ] ] } },
{ "type": "Feature", "properties": { "id": null, "area": 0, "area1": 0.02386 }, "geometry": { "type": "MultiPolygon", "coordinates": [ [ [ [ 17.091444235947925, 52.490041101935411 ], [ 17.091236769876758, 52.488987122613835 ], [ 17.091120965343428, 52.488933752222501 ], [ 17.090783727342188, 52.488928309271316 ], [ 17.090323550523447, 52.489034183990654 ], [ 17.089642827553575, 52.489167396069902 ], [ 17.088966082408273, 52.48916686898388 ], [ 17.087758336071023, 52.48951192312208 ], [ 17.087577073034009, 52.489721132328718 ], [ 17.087520233581387, 52.489864417730566 ], [ 17.087917335687553, 52.490045943021705 ], [ 17.088204441253346, 52.490040283506993 ], [ 17.088818179237322, 52.489895696992008 ], [ 17.089360448582891, 52.489842655702091 ], [ 17.089815282869004, 52.489860302131355 ], [ 17.090127636968614, 52.490050751600421 ], [ 17.090487905231026, 52.49030377559135 ], [ 17.091444235947925, 52.490041101935411 ] ] ] ] } },
{ "type": "Feature", "properties": { "id": null, "area": 0, "area1": 0.004912 }, "geometry": { "type": "MultiPolygon", "coordinates": [ [ [ [ 17.089812559528639, 52.491091145231934 ], [ 17.089804396287004, 52.490890157367183 ], [ 17.089655801347057, 52.490619949520777 ], [ 17.089542894696919, 52.490499672395828 ], [ 17.089360307804515, 52.490429771185084 ], [ 17.089116471613536, 52.490410381772328 ], [ 17.088799829687467, 52.490513419241317 ], [ 17.08870993759524, 52.490640720650191 ], [ 17.088750705120937, 52.490867986238491 ], [ 17.088863833680257, 52.490983117551281 ], [ 17.089063061578745, 52.491058438512347 ], [ 17.089168875760418, 52.491147700578551 ], [ 17.089418693214668, 52.491223838169809 ], [ 17.089621715635054, 52.491211666834147 ], [ 17.089812559528639, 52.491091145231934 ] ] ] ] } },
{ "type": "Feature", "properties": { "id": null, "area": 0, "area1": 0.016733 }, "geometry": { "type": "MultiPolygon", "coordinates": [ [ [ [ 17.088723076049632, 52.493061505760039 ], [ 17.088781924775184, 52.492871900926147 ], [ 17.088960176739644, 52.491679945085245 ], [ 17.088895849456073, 52.491606803612221 ], [ 17.088846376645908, 52.491580253505298 ], [ 17.088698404965999, 52.491490309965677 ], [ 17.088516708248942, 52.491399821243093 ], [ 17.088481694250305, 52.491234450434163 ], [ 17.088447796608136, 52.491043346871272 ], [ 17.088255438476427, 52.491004186988945 ], [ 17.087974748473854, 52.491056301779096 ], [ 17.087679428240563, 52.49105667781533 ], [ 17.087423807961507, 52.49111434676368 ], [ 17.087247810006176, 52.491281456033661 ], [ 17.08735027070502, 52.491447917861805 ], [ 17.087486457948476, 52.491614924911197 ], [ 17.087642580924971, 52.491905857840827 ], [ 17.088245317790026, 52.49318253902333 ], [ 17.088358004303011, 52.493307963912955 ], [ 17.088481183575134, 52.493191501015545 ], [ 17.088723076049632, 52.493061505760039 ] ] ] ] } },
{ "type": "Feature", "properties": { "id": null, "area": 0, "area1": 0.009006 }, "geometry": { "type": "MultiPolygon", "coordinates": [ [ [ [ 17.079498347532237, 52.499118033722894 ], [ 17.07967261216762, 52.498992108895997 ], [ 17.079909718161154, 52.498779651197196 ], [ 17.079849208849026, 52.498619014161278 ], [ 17.079549667739673, 52.498521448734294 ], [ 17.079225727278651, 52.498402885726271 ], [ 17.078842759819928, 52.498283363185429 ], [ 17.078489709568366, 52.498251878046233 ], [ 17.078242019525902, 52.498319956571287 ], [ 17.078193346253016, 52.498468520403001 ], [ 17.078278698600592, 52.49863986223798 ], [ 17.078196742941369, 52.498777585056175 ], [ 17.078179106354721, 52.498988454990574 ], [ 17.07832595866909, 52.499104144171326 ], [ 17.078576699315416, 52.499159718772717 ], [ 17.079048714385781, 52.49917253489312 ], [ 17.079498347532237, 52.499118033722894 ] ] ] ] } },
{ "type": "Feature", "properties": { "id": null, "area": 0, "area1": 0.095646 }, "geometry": { "type": "MultiPolygon", "coordinates": [ [ [ [ 17.037649052166316, 52.526231861235061 ], [ 17.037723896641335, 52.526068297111998 ], [ 17.034044374082349, 52.525265592740922 ], [ 17.033982849547947, 52.525130665984371 ], [ 17.033996641139417, 52.524821884808084 ], [ 17.03388351874273, 52.523573663243383 ], [ 17.032602765242139, 52.525025323525846 ], [ 17.032127349916816, 52.525460332389684 ], [ 17.031926534693508, 52.525796903758796 ], [ 17.031792758297108, 52.526144890311805 ], [ 17.031404923716984, 52.52650925073268 ], [ 17.031460457721607, 52.526777983675593 ], [ 17.031757778290849, 52.526927134711755 ], [ 17.032177834082113, 52.526975322821144 ], [ 17.032507530018535, 52.527155911405309 ], [ 17.032766044209581, 52.527417718340011 ], [ 17.033093905977939, 52.527639476111254 ], [ 17.033584233955647, 52.527627025246133 ], [ 17.034258820199565, 52.527648534666355 ], [ 17.034909178230844, 52.527834443279247 ], [ 17.035447380217459, 52.527884581780015 ], [ 17.036077313408054, 52.527771435018963 ], [ 17.03672147630428, 52.527339210604062 ], [ 17.036961063938289, 52.526889970933269 ], [ 17.037228431188307, 52.526575095986026 ], [ 17.037649052166316, 52.526231861235061 ] ] ] ] } },
{ "type": "Feature", "properties": { "id": null, "area": 0, "area1": 0.021917 }, "geometry": { "type": "MultiPolygon", "coordinates": [ [ [ [ 16.996387226002611, 52.534481079573396 ], [ 16.996605822987988, 52.534410102956791 ], [ 16.996401753003916, 52.534069309911018 ], [ 16.99621878873597, 52.534099687991059 ], [ 16.996121621664713, 52.534100617613099 ], [ 16.996067001749083, 52.534094542421101 ], [ 16.995831644016622, 52.534069955530825 ], [ 16.995614102460799, 52.534025069178234 ], [ 16.995398436927317, 52.533939012631265 ], [ 16.995162142540526, 52.533935009318974 ], [ 16.994965701439103, 52.533797775721418 ], [ 16.994890222015545, 52.533600789224863 ], [ 16.992327995238632, 52.534226869363799 ], [ 16.992620509175016, 52.534849855887821 ], [ 16.993246421842656, 52.534829571279509 ], [ 16.994133487838667, 52.534638603922389 ], [ 16.994555917719413, 52.534635463653565 ], [ 16.996387226002611, 52.534481079573396 ] ] ] ] } },
{ "type": "Feature", "properties": { "id": null, "area": 0, "area1": 0.01627 }, "geometry": { "type": "MultiPolygon", "coordinates": [ [ [ [ 16.995166785702356, 52.53781833524107 ], [ 16.995141937704894, 52.537622206885878 ], [ 16.995057545388526, 52.537249963046484 ], [ 16.994978307700702, 52.537135316186102 ], [ 16.994762628358689, 52.537049258383462 ], [ 16.994598995226877, 52.536933181066559 ], [ 16.994725594204901, 52.536749919496984 ], [ 16.995123665939353, 52.536540356487663 ], [ 16.995451404009835, 52.536391403047823 ], [ 16.995932926642634, 52.536203851777124 ], [ 16.996044982823047, 52.535968840583244 ], [ 16.995675990131815, 52.535911089072123 ], [ 16.995112888649277, 52.536035454775671 ], [ 16.99458541855385, 52.536119220124483 ], [ 16.994137180167627, 52.536317630553924 ], [ 16.993903673790708, 52.536622683829975 ], [ 16.994029322129837, 52.536830821735563 ], [ 16.994101048857129, 52.537110148184908 ], [ 16.994020391841694, 52.53739719182844 ], [ 16.993906443842391, 52.537673370642466 ], [ 16.993925185406926, 52.53800330083542 ], [ 16.994192445439133, 52.538069633688302 ], [ 16.994346709183517, 52.538020746505929 ], [ 16.994620068847446, 52.537953276724913 ], [ 16.995166785702356, 52.53781833524107 ] ] ] ] } },
{ "type": "Feature", "properties": { "id": null, "area": 0, "area1": 0.206812 }, "geometry": { "type": "MultiPolygon", "coordinates": [ [ [ [ 16.980957917895321, 52.534919242391126 ], [ 16.982398469406867, 52.534078579048291 ], [ 16.982899257758238, 52.53383990699551 ], [ 16.983346576720052, 52.53366212406322 ], [ 16.983759664732556, 52.533494056596979 ], [ 16.984173221116713, 52.533315695272506 ], [ 16.984635521849775, 52.533179364403182 ], [ 16.985234255302121, 52.533014453652022 ], [ 16.985793434419943, 52.5314995126677 ], [ 16.985822088769439, 52.531242490117904 ], [ 16.986018570102434, 52.531008925059808 ], [ 16.986253512812663, 52.530673010127899 ], [ 16.986241424042966, 52.530198985365381 ], [ 16.986142519144845, 52.530145799979977 ], [ 16.985752001489143, 52.530190654815613 ], [ 16.985533076384232, 52.530176627380655 ], [ 16.985471223655185, 52.53005196933136 ], [ 16.985394248806852, 52.52841289248785 ], [ 16.982534995265436, 52.527416535667129 ], [ 16.979428685734614, 52.528125761172461 ], [ 16.980887887811424, 52.529819339845538 ], [ 16.981304605681405, 52.529939754821669 ], [ 16.981432536295262, 52.53009644369665 ], [ 16.981882309399008, 52.530969351208846 ], [ 16.981504762225583, 52.531467631802592 ], [ 16.981731600473697, 52.531677509596058 ], [ 16.980729177743115, 52.534750532514735 ], [ 16.980957917895321, 52.534919242391126 ] ] ] ] } },
{ "type": "Feature", "properties": { "id": null, "area": 0, "area1": 0.078715 }, "geometry": { "type": "MultiPolygon", "coordinates": [ [ [ [ 16.97849404295394, 52.527883187053916 ], [ 16.9808571320577, 52.52644027530058 ], [ 16.981033909619189, 52.526268184641403 ], [ 16.9810752135364, 52.526104082578634 ], [ 16.981084183519705, 52.525908527489555 ], [ 16.98121174957295, 52.525704695556314 ], [ 16.981508534356227, 52.525493450035157 ], [ 16.98182219099689, 52.525282491571851 ], [ 16.982203343172667, 52.525072683385751 ], [ 16.982598535901147, 52.524924915961755 ], [ 16.982623901526047, 52.524739940756795 ], [ 16.982434145040386, 52.524458593566827 ], [ 16.982261737031877, 52.524167241471694 ], [ 16.981904659076289, 52.523852138497631 ], [ 16.981578974556946, 52.523589072117993 ], [ 16.98126875182658, 52.523357169916117 ], [ 16.980916759001715, 52.523299661425533 ], [ 16.980476147745026, 52.523333343191176 ], [ 16.979935709076127, 52.523334417648655 ], [ 16.979414034182291, 52.523294608342333 ], [ 16.979132375107909, 52.5231764930395 ], [ 16.978606449199685, 52.523229311477472 ], [ 16.97789538191952, 52.52326866307223 ], [ 16.977901707183115, 52.523866196568953 ], [ 16.978000588030486, 52.523919388654207 ], [ 16.978350690913583, 52.52401807526401 ], [ 16.978718142247406, 52.524106756766784 ], [ 16.979035444834462, 52.524184280099306 ], [ 16.97935038616346, 52.524313264416897 ], [ 16.979528917084906, 52.524470819804066 ], [ 16.9795869660466, 52.524677819751105 ], [ 16.979276067326982, 52.52629997869608 ], [ 16.979115212830308, 52.526492939605511 ], [ 16.978766838858057, 52.526723898798302 ], [ 16.97842035219259, 52.526913687501569 ], [ 16.978363580466588, 52.527046623111282 ], [ 16.978407588068617, 52.527191581069651 ], [ 16.97799643132231, 52.527318461003595 ], [ 16.97849404295394, 52.527883187053916 ] ] ] ] } },
{ "type": "Feature", "properties": { "id": null, "area": 0, "area1": 0.223566 }, "geometry": { "type": "MultiPolygon", "coordinates": [ [ [ [ 16.977987746705995, 52.539637617857778 ], [ 16.97730401562152, 52.538709195777862 ], [ 16.976366027292237, 52.537065692612806 ], [ 16.976009836803918, 52.536729987220362 ], [ 16.975705709053678, 52.53636427009485 ], [ 16.975847842805752, 52.536212195197933 ], [ 16.976184163770977, 52.535878033931766 ], [ 16.976458172037415, 52.535429501495067 ], [ 16.976352803182852, 52.535149588129812 ], [ 16.975872798105605, 52.534935369662257 ], [ 16.975201926927916, 52.534831187983286 ], [ 16.974474264878186, 52.534859935888832 ], [ 16.973626083828336, 52.53493811762835 ], [ 16.972676629825742, 52.535014558232795 ], [ 16.97184864223501, 52.535020970229425 ], [ 16.971371777995003, 52.535105499661874 ], [ 16.971257694742665, 52.535381655387326 ], [ 16.971290297102062, 52.535773630701897 ], [ 16.971182649234315, 52.536276506126242 ], [ 16.971057645112094, 52.536789384264004 ], [ 16.9709171827284, 52.537271095895569 ], [ 16.970653814053804, 52.537853703881694 ], [ 16.970734202571542, 52.538308301299004 ], [ 16.97090421317451, 52.538651130755134 ], [ 16.971210689138136, 52.538965398406859 ], [ 16.971402331794547, 52.539205593698902 ], [ 16.971525032666818, 52.539475508143418 ], [ 16.971596619990748, 52.53975484671448 ], [ 16.971686512060842, 52.540003597711745 ], [ 16.971696748784911, 52.540147979093454 ], [ 16.971750508701483, 52.540447612800733 ], [ 16.971847995166112, 52.54053168705434 ], [ 16.972059375265243, 52.540710416907274 ], [ 16.972359429639514, 52.540797962029522 ], [ 16.972646399263756, 52.540802878849114 ], [ 16.972766934753484, 52.540753441747448 ], [ 16.972968271136846, 52.54041697688767 ], [ 16.973219771089585, 52.540091671304658 ], [ 16.975172677030109, 52.540238408429282 ], [ 16.977987746705995, 52.539637617857778 ] ] ] ] } },
{ "type": "Feature", "properties": { "id": null, "area": 0, "area1": 0.10215 }, "geometry": { "type": "MultiPolygon", "coordinates": [ [ [ [ 16.972701171805589, 52.543646732527904 ], [ 16.972381330977793, 52.541055847810114 ], [ 16.967517571278734, 52.541384426399063 ], [ 16.967494508467372, 52.541517935836509 ], [ 16.967427221401856, 52.541877295062463 ], [ 16.967272674183114, 52.542296957912015 ], [ 16.967223692053246, 52.54262573015518 ], [ 16.967159254735215, 52.542923335594672 ], [ 16.967208351807777, 52.543332843023975 ], [ 16.967279152955044, 52.5435598386793 ], [ 16.967269836941849, 52.543771084823796 ], [ 16.967366711778716, 52.543769472258077 ], [ 16.967610294058201, 52.543765417268581 ], [ 16.967947451684456, 52.543781507719416 ], [ 16.968483862187281, 52.543873120923557 ], [ 16.969107059760404, 52.543914719025963 ], [ 16.972701171805589, 52.543646732527904 ] ] ] ] } },
{ "type": "Feature", "properties": { "id": null, "area": 0, "area1": 0.189344 }, "geometry": { "type": "MultiPolygon", "coordinates": [ [ [ [ 16.965476948058448, 52.55409098093385 ], [ 16.971016445821579, 52.55160067827434 ], [ 16.969900563935063, 52.550149785009204 ], [ 16.969844906020047, 52.549891319972069 ], [ 16.969349490332188, 52.547812437233482 ], [ 16.968946897664765, 52.547383211367823 ], [ 16.967742018871483, 52.547496431822147 ], [ 16.96753181162342, 52.547657628486988 ], [ 16.96732255421708, 52.547798240263774 ], [ 16.967130654460327, 52.547928849427123 ], [ 16.96715680918129, 52.548094105396011 ], [ 16.967017936558015, 52.548174123159669 ], [ 16.966628668140999, 52.548188036202426 ], [ 16.966140479362451, 52.548148745845452 ], [ 16.965753115240286, 52.548121487053812 ], [ 16.965299170820288, 52.548072481430147 ], [ 16.96516908278042, 52.548327755240521 ], [ 16.965116267204973, 52.54873886392523 ], [ 16.965136439493396, 52.549398437651007 ], [ 16.965476948058448, 52.55409098093385 ] ] ] ] } },
{ "type": "Feature", "properties": { "id": null, "area": 1, "area1": 0.919517 }, "geometry": { "type": "MultiPolygon", "coordinates": [ [ [ [ 16.974170857372393, 52.52824186464148 ], [ 16.974102586793858, 52.527890480861402 ], [ 16.973836841167806, 52.5277932264814 ], [ 16.972533154179423, 52.527863598361357 ], [ 16.97253989688868, 52.526617360537728 ], [ 16.972498874204806, 52.52347502202678 ], [ 16.972472917841149, 52.521105474020167 ], [ 16.972454340949181, 52.520775541239551 ], [ 16.97233642390913, 52.520402704149838 ], [ 16.972197369475747, 52.52012220869716 ], [ 16.971905041605588, 52.519869987093678 ], [ 16.971406928050509, 52.519686339629821 ], [ 16.971097260902276, 52.519444119109622 ], [ 16.97114476071928, 52.519146220463142 ], [ 16.97133150529196, 52.518758005407598 ], [ 16.971450758657205, 52.518368632863307 ], [ 16.971547447668456, 52.518102478799619 ], [ 16.971486324676388, 52.517596708407353 ], [ 16.971270312873862, 52.517520901272796 ], [ 16.971285251656816, 52.517409370811556 ], [ 16.97081283538272, 52.517409726059412 ], [ 16.96969045936029, 52.517357984594625 ], [ 16.969480414363804, 52.517272744472066 ], [ 16.969432860417843, 52.517346107781663 ], [ 16.969374030454041, 52.517436866665427 ], [ 16.969248092949876, 52.517434705024222 ], [ 16.968674459533929, 52.517424857255101 ], [ 16.968500994909103, 52.517524883404292 ], [ 16.968916137827129, 52.517676217656138 ], [ 16.969268543964453, 52.517723468976861 ], [ 16.969769948631193, 52.517835078979054 ], [ 16.970104536203195, 52.51790262293472 ], [ 16.970182726356711, 52.518037870433275 ], [ 16.96977258211562, 52.51814413796361 ], [ 16.969366233599512, 52.518168065552004 ], [ 16.968685661098821, 52.518279987909558 ], [ 16.968473700011405, 52.51848235766932 ], [ 16.968462776730075, 52.518719080704486 ], [ 16.968516967299376, 52.519008424111846 ], [ 16.968503194473136, 52.51930690096178 ], [ 16.968383912351076, 52.519696270187261 ], [ 16.968209735183745, 52.520177400701023 ], [ 16.968077015000354, 52.520309027355914 ], [ 16.968016658262115, 52.520519150160155 ], [ 16.968035316542288, 52.520663677032729 ], [ 16.968028903181711, 52.520802623074182 ], [ 16.968024152510466, 52.520905546065364 ], [ 16.968002053802966, 52.521018471563686 ], [ 16.967910562664983, 52.52117140704965 ], [ 16.967685987097887, 52.521280854649135 ], [ 16.967309077532612, 52.52139798518219 ], [ 16.966962109596103, 52.5215980327064 ], [ 16.966715902444232, 52.521810111369199 ], [ 16.966096102589063, 52.522067270043536 ], [ 16.963517077367037, 52.52233192020838 ], [ 16.96309190893475, 52.522396704433525 ], [ 16.962531275457938, 52.522469454846807 ], [ 16.962023166563647, 52.522501905510744 ], [ 16.961393606321455, 52.522604364652842 ], [ 16.960846503662566, 52.522749443528383 ], [ 16.960061259592219, 52.522931616032857 ], [ 16.959046324628265, 52.523696948096337 ], [ 16.958717129925979, 52.523876677406726 ], [ 16.958117948593262, 52.524051746693594 ], [ 16.957338629926586, 52.52436792023753 ], [ 16.957135354851044, 52.52453372866222 ], [ 16.956927437924708, 52.524799508163383 ], [ 16.95676626350987, 52.5250776389368 ], [ 16.956739408379569, 52.525248417277574 ], [ 16.956756146389171, 52.525431492851929 ], [ 16.956851954109592, 52.525610161650576 ], [ 16.957036110272057, 52.525788431826861 ], [ 16.957290417152251, 52.525950596237614 ], [ 16.957689098592819, 52.526128720740559 ], [ 16.958016741803362, 52.526342175171663 ], [ 16.958261273027556, 52.526579207364364 ], [ 16.958470807355887, 52.526890673811963 ], [ 16.958692003841662, 52.527290848160149 ], [ 16.958912071065239, 52.527579406658539 ], [ 16.959064574920014, 52.527828317964605 ], [ 16.959213093797366, 52.528027134575247 ], [ 16.959337198151466, 52.528208213306122 ], [ 16.959474147564158, 52.528316398876079 ], [ 16.959714320787512, 52.52844368089616 ], [ 16.960234425724991, 52.528589257056893 ], [ 16.960433622709051, 52.528715831174637 ], [ 16.960604696557258, 52.528972756729907 ], [ 16.960689501032, 52.529253208019654 ], [ 16.960693146900507, 52.529514943866694 ], [ 16.960655673676317, 52.529797551688475 ], [ 16.960976931959888, 52.529776606252618 ], [ 16.961036446043686, 52.52993101089919 ], [ 16.966736251907246, 52.530143527194461 ], [ 16.966914525831978, 52.529940581617204 ], [ 16.967153410779275, 52.529522367757089 ], [ 16.967247775051831, 52.52930767958641 ], [ 16.967568896407304, 52.5293028955412 ], [ 16.967645906840374, 52.529098209417569 ], [ 16.96768726349417, 52.528934112635156 ], [ 16.968062811585593, 52.528847858536096 ], [ 16.968272450041102, 52.528696951805401 ], [ 16.968529388960462, 52.528618959949398 ], [ 16.968705273130933, 52.528467472926117 ], [ 16.968697423097566, 52.528271629691609 ], [ 16.968787026891874, 52.528159863056572 ], [ 16.969261445676015, 52.528126804709785 ], [ 16.969374096744122, 52.527881527412852 ], [ 16.96959442895125, 52.52786470769432 ], [ 16.969775312514312, 52.527970816017394 ], [ 16.969778419495817, 52.528269582211905 ], [ 16.96983120445319, 52.52858980167381 ], [ 16.969763959069251, 52.528949163360458 ], [ 16.969648458282432, 52.529256194750189 ], [ 16.969283611844848, 52.52947654331161 ], [ 16.968606912500434, 52.529866644717877 ], [ 16.968965841815134, 52.530140617898027 ], [ 16.969829389545087, 52.530093635105132 ], [ 16.970059962623314, 52.530221196328839 ], [ 16.970049518001396, 52.530447626829229 ], [ 16.969966344007091, 52.530786114387624 ], [ 16.96998300528227, 52.531157216061338 ], [ 16.970189586298229, 52.531438871927207 ], [ 16.970266375454038, 52.531604996207179 ], [ 16.970240953219019, 52.531789967994982 ], [ 16.97019343132412, 52.532087865478864 ], [ 16.970360779205944, 52.532121637448427 ], [ 16.970471536267265, 52.531917528483888 ], [ 16.970603915844453, 52.531610785894912 ], [ 16.9707472095409, 52.53106732026194 ], [ 16.970847729397498, 52.530718829238197 ], [ 16.971284355249583, 52.530407002652304 ], [ 16.971922069409707, 52.530129522670734 ], [ 16.972477290456975, 52.529809424007674 ], [ 16.972762957826848, 52.529474404323665 ], [ 16.972744851033436, 52.529134179656396 ], [ 16.972726744448796, 52.528793954970745 ], [ 16.972875026107893, 52.528508083211818 ], [ 16.97308227657221, 52.52840862935475 ], [ 16.974170857372393, 52.52824186464148 ] ], [ [ 16.961182662243314, 52.523011460892214 ], [ 16.961094397187527, 52.523048566603009 ], [ 16.961048590594647, 52.523034901626595 ], [ 16.96099848259292, 52.522977385519539 ], [ 16.960998637934328, 52.522928460979912 ], [ 16.96106037712557, 52.522871584840772 ], [ 16.961167207489112, 52.522843811991358 ], [ 16.961231877516056, 52.522860377093465 ], [ 16.961239742128388, 52.522918452738466 ], [ 16.961233855314532, 52.522954402930147 ], [ 16.961182662243314, 52.523011460892214 ] ], [ [ 16.961207840273435, 52.52333378432607 ], [ 16.961116190412625, 52.523352805913611 ], [ 16.96104367876411, 52.523323230034428 ], [ 16.961029605892659, 52.52326247227213 ], [ 16.961076878993286, 52.523198909030413 ], [ 16.961164548480301, 52.523174668650817 ], [ 16.961218017467697, 52.523205203875918 ], [ 16.961234021038418, 52.523269857558638 ], [ 16.961231137190182, 52.523286546121717 ], [ 16.961207840273435, 52.52333378432607 ] ], [ [ 16.960746401335445, 52.523907808251778 ], [ 16.960684792885367, 52.523870694735145 ], [ 16.960701739824152, 52.523778282644173 ], [ 16.960788327847556, 52.523640718770785 ], [ 16.96091543114207, 52.523539904730292 ], [ 16.961041818735847, 52.523454528920645 ], [ 16.961126902807045, 52.523440544476408 ], [ 16.961152737376484, 52.523520818280197 ], [ 16.961049753602119, 52.523647799396393 ], [ 16.96089192899418, 52.523773835278611 ], [ 16.960843737738202, 52.523811631458841 ], [ 16.960746401335445, 52.523907808251778 ] ], [ [ 16.960301478266548, 52.524034044874945 ], [ 16.960132738175698, 52.524031135753937 ], [ 16.960057401374371, 52.524016961267741 ], [ 16.960017362840809, 52.523969918832279 ], [ 16.960074468937215, 52.523921976222013 ], [ 16.960222831559218, 52.523909083419234 ], [ 16.960306009061732, 52.523936268554252 ], [ 16.960363875691851, 52.523963017298058 ], [ 16.960375458135232, 52.523986393016287 ], [ 16.960370285816296, 52.524006904783256 ], [ 16.960301478266548, 52.524034044874945 ] ], [ [ 16.970435979884275, 52.527469703321941 ], [ 16.970196744868975, 52.527347144309658 ], [ 16.970138024994885, 52.52715557870679 ], [ 16.970081916412088, 52.526907405415407 ], [ 16.970081785878836, 52.526727145375773 ], [ 16.970060377569951, 52.526458966486466 ], [ 16.970118360140862, 52.526300304337113 ], [ 16.970170990084281, 52.526074597427247 ], [ 16.970190344484831, 52.525838019186395 ], [ 16.970182725314565, 52.525637029754172 ], [ 16.970201842077529, 52.52540559764482 ], [ 16.970176873674315, 52.525214611009496 ], [ 16.970193854382561, 52.525029494259549 ], [ 16.970244109159871, 52.524855248782728 ], [ 16.970318251274506, 52.524712314411005 ], [ 16.970452771720165, 52.524724922439368 ], [ 16.970471913982138, 52.52485915662195 ], [ 16.970436399008278, 52.525080007046569 ], [ 16.970426670133506, 52.52529099933755 ], [ 16.970482304277887, 52.525549464834754 ], [ 16.970539125446937, 52.52578219953552 ], [ 16.97049137586712, 52.526085243662976 ], [ 16.970476056936896, 52.526234337364478 ], [ 16.970468700806769, 52.526393868094509 ], [ 16.970443757625581, 52.526568547813802 ], [ 16.970444838864275, 52.526728223264072 ], [ 16.970461134200004, 52.526924211238153 ], [ 16.970479090761327, 52.527084176141955 ], [ 16.97048860976377, 52.527243996310531 ], [ 16.970490640322048, 52.527383087138233 ], [ 16.970512631236144, 52.527455567450488 ], [ 16.970435979884275, 52.527469703321941 ] ] ] ] } },
{ "type": "Feature", "properties": { "id": null, "area": 0, "area1": 0.067503 }, "geometry": { "type": "MultiPolygon", "coordinates": [ [ [ [ 16.963342820930986, 52.517338344133499 ], [ 16.964070674374337, 52.517299369465938 ], [ 16.964624102427329, 52.517380995259849 ], [ 16.965175154221669, 52.517514079918527 ], [ 16.965708862232333, 52.517657164227799 ], [ 16.966259445449637, 52.517800536189164 ], [ 16.966743495964195, 52.517922161214258 ], [ 16.967108496221172, 52.518062339592596 ], [ 16.967224697958901, 52.518105538076703 ], [ 16.967300263424217, 52.517931728529 ], [ 16.967042671921604, 52.517659490405855 ], [ 16.966779855281192, 52.517500467010862 ], [ 16.966158459865824, 52.51742798340134 ], [ 16.965622850825866, 52.517326070288448 ], [ 16.965107445584451, 52.517152398956384 ], [ 16.964879333223184, 52.516973367225212 ], [ 16.96566064687612, 52.516873499620296 ], [ 16.966433875830738, 52.516948595849165 ], [ 16.96702770025243, 52.516886698233989 ], [ 16.967668336404085, 52.516908005527078 ], [ 16.968090120435932, 52.516915250340254 ], [ 16.968481710886138, 52.516479055236545 ], [ 16.96872287862179, 52.516009374867032 ], [ 16.968621400993655, 52.515647116218631 ], [ 16.968217201448951, 52.515259057960101 ], [ 16.967743151505395, 52.514921300711485 ], [ 16.967497218902537, 52.514762568782984 ], [ 16.967381025623748, 52.514719370630104 ], [ 16.966797923241451, 52.514915360203297 ], [ 16.96617584499851, 52.515223982063098 ], [ 16.96540049402908, 52.515560866257211 ], [ 16.9647629532503, 52.51583831345242 ], [ 16.964140847817983, 52.516146924289188 ], [ 16.963726423364545, 52.516345801452324 ], [ 16.963382012202345, 52.516520744504369 ], [ 16.963173113231115, 52.51670540690624 ], [ 16.963078266911378, 52.516863934354348 ], [ 16.963102668853882, 52.517195182785649 ], [ 16.96324994570907, 52.517234977977736 ], [ 16.963342820930986, 52.517338344133499 ] ] ] ] } },
{ "type": "Feature", "properties": { "id": null, "area": 0, "area1": 0.020719 }, "geometry": { "type": "MultiPolygon", "coordinates": [ [ [ [ 16.979697821043505, 52.566586894169788 ], [ 16.980442964576508, 52.566373002241782 ], [ 16.981146111365554, 52.566153239177012 ], [ 16.981753755047329, 52.565988495580832 ], [ 16.981954610008387, 52.565847715112689 ], [ 16.981926027889628, 52.565733923765791 ], [ 16.981617576161966, 52.565641111191518 ], [ 16.981307707577134, 52.565579174741266 ], [ 16.981304935206122, 52.565455523044029 ], [ 16.981209740182241, 52.565319994655148 ], [ 16.980863257422403, 52.565319234735298 ], [ 16.980380235408468, 52.565347045222438 ], [ 16.980041488020998, 52.565361865440693 ], [ 16.9795929549513, 52.565374810741282 ], [ 16.979245762107407, 52.565389484523337 ], [ 16.979073312028813, 52.565463793021394 ], [ 16.978902680394395, 52.565682337525551 ], [ 16.978763224273461, 52.56595806620566 ], [ 16.9787337905892, 52.566230523413502 ], [ 16.978888333035073, 52.566361917028033 ], [ 16.979205938915928, 52.566439442445059 ], [ 16.979697821043505, 52.566586894169788 ] ] ] ] } },
{ "type": "Feature", "properties": { "id": null, "area": 0, "area1": 0.080259 }, "geometry": { "type": "MultiPolygon", "coordinates": [ [ [ [ 16.998646293057632, 52.509041254161076 ], [ 16.998376394427311, 52.509036687820362 ], [ 16.999036610568748, 52.508996354617395 ], [ 16.999849110842941, 52.50894829214181 ], [ 17.000555725058966, 52.509001438746644 ], [ 17.001259538480706, 52.509116336327011 ], [ 17.001945553016576, 52.509251529916192 ], [ 17.002520958978835, 52.509220045235139 ], [ 17.003421536837148, 52.509091042002296 ], [ 17.003967400598604, 52.508966347952324 ], [ 17.00417915328163, 52.508763912226833 ], [ 17.004192212782389, 52.508475720851123 ], [ 17.003946182162178, 52.50831706359385 ], [ 17.003272377869205, 52.50828509182621 ], [ 17.002344148100256, 52.508279721412947 ], [ 17.001776692789626, 52.508136232269855 ], [ 17.001000748878941, 52.508123123063612 ], [ 17.000275877862148, 52.508100571681531 ], [ 16.999499935289748, 52.508087452641369 ], [ 16.998875340360637, 52.508087189196573 ], [ 16.998455971554797, 52.508028592354187 ], [ 16.998331783999205, 52.50778958126125 ], [ 16.998132172672332, 52.507724401006215 ], [ 16.997438238605451, 52.507764158267463 ], [ 16.996962185417843, 52.507838502123093 ], [ 16.996279966176527, 52.507991755709973 ], [ 16.995717225472923, 52.50811612841936 ], [ 16.995310044401421, 52.508160731212918 ], [ 16.994735116697836, 52.508181888420403 ], [ 16.994038360232398, 52.508283380564386 ], [ 16.993895504908838, 52.508348347540235 ], [ 16.993743522332501, 52.508370286226189 ], [ 16.993153094872813, 52.508455512365742 ], [ 16.991133485068239, 52.508747011106117 ], [ 16.991036043302664, 52.508830752494575 ], [ 16.991521689477459, 52.508861859260428 ], [ 16.99198913833002, 52.508881224888626 ], [ 16.992503905263305, 52.508889961384384 ], [ 16.993018932695772, 52.508892984928316 ], [ 16.993550306901, 52.508913307083375 ], [ 16.993681573260467, 52.508904519739538 ], [ 16.993842954051328, 52.508867191740805 ], [ 16.994444597760967, 52.50900099823015 ], [ 16.995086073610153, 52.509001571084106 ], [ 16.995592600605498, 52.50899985403926 ], [ 16.996623459647768, 52.508976114106211 ], [ 16.997312265205167, 52.509049579389036 ], [ 16.998646293057632, 52.509041254161076 ] ] ] ] } },
{ "type": "Feature", "properties": { "id": null, "area": 0, "area1": 0.0297 }, "geometry": { "type": "MultiPolygon", "coordinates": [ [ [ [ 17.003439644419718, 52.493980616846883 ], [ 17.00392312301663, 52.493785342995913 ], [ 17.004152140156837, 52.493619250250561 ], [ 17.004634144641617, 52.493409785551457 ], [ 17.004328788439086, 52.493351844213443 ], [ 17.004116099463932, 52.493204049348059 ], [ 17.00376711235263, 52.49308485521442 ], [ 17.003527771674289, 52.493152918764196 ], [ 17.003190985378932, 52.493136933283985 ], [ 17.002500550989883, 52.493104674687324 ], [ 17.00184430959181, 52.493062689235678 ], [ 17.001352027073409, 52.493126475164885 ], [ 17.000957183687216, 52.493274309444608 ], [ 17.000780619017146, 52.493446432868275 ], [ 17.000719290649801, 52.493682306551797 ], [ 17.000707149367077, 52.493949912936316 ], [ 17.000924086171366, 52.494375897786178 ], [ 17.001141960848354, 52.494781297142517 ], [ 17.003439644419718, 52.493980616846883 ] ] ] ] } },
{ "type": "Feature", "properties": { "id": null, "area": 0, "area1": 0.015657 }, "geometry": { "type": "MultiPolygon", "coordinates": [ [ [ [ 17.08885304003509, 52.504558739111211 ], [ 17.088734174526678, 52.504186008307876 ], [ 17.089304649341198, 52.503875914662622 ], [ 17.089080558483122, 52.503594187207085 ], [ 17.088890205219972, 52.503313004332881 ], [ 17.088870759777201, 52.502983080844757 ], [ 17.089036406507407, 52.502666447733752 ], [ 17.088980547105383, 52.50239773776017 ], [ 17.088648565452196, 52.50226877080037 ], [ 17.088502017699103, 52.50253421053926 ], [ 17.088342515053679, 52.503098149251755 ], [ 17.088478137182573, 52.503862562403803 ], [ 17.087221444581058, 52.504037955100493 ], [ 17.08747423148019, 52.504824864359243 ], [ 17.08885304003509, 52.504558739111211 ] ] ] ] } },
{ "type": "Feature", "properties": { "id": null, "area": 0, "area1": 0.008648 }, "geometry": { "type": "MultiPolygon", "coordinates": [ [ [ [ 17.084808926863399, 52.504009222661018 ], [ 17.083658784846527, 52.501734831064496 ], [ 17.083243683356663, 52.50196501284708 ], [ 17.083363840193659, 52.502306869659748 ], [ 17.083437875609441, 52.50254497609064 ], [ 17.083447577891473, 52.502709938099699 ], [ 17.083707153484919, 52.502951050156433 ], [ 17.083917473131013, 52.503160462922132 ], [ 17.084007932551842, 52.503409135255154 ], [ 17.084099288284257, 52.503637221421762 ], [ 17.084309613004951, 52.503846633516261 ], [ 17.084457840232648, 52.503931436153522 ], [ 17.084808926863399, 52.504009222661018 ] ] ] ] } },
{ "type": "Feature", "properties": { "id": null, "area": 0, "area1": 0.016116 }, "geometry": { "type": "MultiPolygon", "coordinates": [ [ [ [ 17.077285714058135, 52.504860565560548 ], [ 17.078474643792823, 52.504498771906576 ], [ 17.080159892370197, 52.503980217227642 ], [ 17.080071158313615, 52.503886074407433 ], [ 17.079966454414727, 52.503771071710247 ], [ 17.079833309308587, 52.503727709408217 ], [ 17.079568947149788, 52.503790370079209 ], [ 17.079075077746371, 52.50389050487464 ], [ 17.07859672682574, 52.5040217905932 ], [ 17.078353142778415, 52.503801527596643 ], [ 17.078186362442032, 52.503561911202198 ], [ 17.078052770694281, 52.50352883993029 ], [ 17.077678544765806, 52.503594861567599 ], [ 17.077154308282307, 52.50361724257283 ], [ 17.077133621944206, 52.503704458960208 ], [ 17.077120143121224, 52.504013249144563 ], [ 17.076960938659187, 52.504566877921746 ], [ 17.077285714058135, 52.504860565560548 ] ] ] ] } },
{ "type": "Feature", "properties": { "id": null, "area": 0, "area1": 0.010222 }, "geometry": { "type": "MultiPolygon", "coordinates": [ [ [ [ 17.082591925764454, 52.501815396511631 ], [ 17.082574017450629, 52.501645151226349 ], [ 17.082639322422938, 52.501502005460807 ], [ 17.082685744587167, 52.501404904980824 ], [ 17.08285359178997, 52.501232520127374 ], [ 17.082994794339939, 52.501090604172511 ], [ 17.08292748192158, 52.500698101757685 ], [ 17.081376958896978, 52.501033474742762 ], [ 17.081386402316067, 52.501785550268522 ], [ 17.081940620812734, 52.501655483584869 ], [ 17.081814405308396, 52.502034548333903 ], [ 17.082591925764454, 52.501815396511631 ] ] ] ] } },
{ "type": "Feature", "properties": { "id": null, "area": 0, "area1": 0.01172 }, "geometry": { "type": "MultiPolygon", "coordinates": [ [ [ [ 17.101045015851085, 52.504446065455006 ], [ 17.100985974985019, 52.504249412556618 ], [ 17.100669036119868, 52.504161922269802 ], [ 17.10037029792235, 52.504043822569798 ], [ 17.100069341654756, 52.503977187846637 ], [ 17.099767498301027, 52.50393113864952 ], [ 17.099530462046918, 52.503947931463529 ], [ 17.09922506642301, 52.503984226007589 ], [ 17.099113644275416, 52.504219341996375 ], [ 17.099002665103182, 52.50444416472363 ], [ 17.09885750454211, 52.504678738313132 ], [ 17.098781147533337, 52.50488351667493 ], [ 17.098995990571172, 52.504989971985587 ], [ 17.099198852225229, 52.504982931382216 ], [ 17.099557967654338, 52.504875397952965 ], [ 17.099914861420181, 52.50481932912141 ], [ 17.100594466415256, 52.504716939691157 ], [ 17.101045015851085, 52.504446065455006 ] ] ] ] } },
{ "type": "Feature", "properties": { "id": null, "area": 0, "area1": 0.004374 }, "geometry": { "type": "MultiPolygon", "coordinates": [ [ [ [ 17.010105122878645, 52.469134948282004 ], [ 17.010157240281657, 52.468914365161424 ], [ 17.009792734537051, 52.468769174866964 ], [ 17.009425444112541, 52.46868573938049 ], [ 17.009172876254219, 52.468676337447562 ], [ 17.008834647893508, 52.468696394085143 ], [ 17.008540705515511, 52.468856251928628 ], [ 17.008631137692024, 52.46909468564651 ], [ 17.010105122878645, 52.469134948282004 ] ] ] ] } },
{ "type": "Feature", "properties": { "id": null, "area": 0, "area1": 0.001651 }, "geometry": { "type": "MultiPolygon", "coordinates": [ [ [ [ 17.012731084735197, 52.467191116114115 ], [ 17.011810675800245, 52.467031438415859 ], [ 17.01183966137777, 52.467510897561837 ], [ 17.012731084735197, 52.467191116114115 ] ] ] ] } },
{ "type": "Feature", "properties": { "id": null, "area": 0, "area1": 0.004264 }, "geometry": { "type": "MultiPolygon", "coordinates": [ [ [ [ 17.012870039414246, 52.469722215511659 ], [ 17.012741238098467, 52.469586145095896 ], [ 17.012560021367225, 52.469490395499818 ], [ 17.012410193553563, 52.469446675515513 ], [ 17.01219202368317, 52.469422407508326 ], [ 17.011891905617013, 52.469345259096933 ], [ 17.011756148678611, 52.469363577628144 ], [ 17.011766970533145, 52.469497665633227 ], [ 17.011812427856363, 52.469611735015476 ], [ 17.011872883320223, 52.46976725838671 ], [ 17.011798044474638, 52.469930807622617 ], [ 17.011807010611172, 52.470106066271214 ], [ 17.012008793637868, 52.470119759026723 ], [ 17.012435243934977, 52.470013622090832 ], [ 17.012870039414246, 52.469722215511659 ] ] ] ] } },
{ "type": "Feature", "properties": { "id": null, "area": 0, "area1": 0.004849 }, "geometry": { "type": "MultiPolygon", "coordinates": [ [ [ [ 17.081973641012059, 52.487498013700474 ], [ 17.081882971780153, 52.487419139480139 ], [ 17.081752151708951, 52.487334181254852 ], [ 17.081171439858856, 52.486959956705704 ], [ 17.080308028242552, 52.486403593602041 ], [ 17.079980592830264, 52.486537165831891 ], [ 17.081613286659326, 52.487660004963374 ], [ 17.081973641012059, 52.487498013700474 ] ] ] ] } },
{ "type": "Feature", "properties": { "id": null, "area": 0, "area1": 0.002887 }, "geometry": { "type": "MultiPolygon", "coordinates": [ [ [ [ 16.975471692270549, 52.487560241323266 ], [ 16.975440103875492, 52.487685801107972 ], [ 16.975430457625812, 52.48789580346979 ], [ 16.975671909074837, 52.488073324407878 ], [ 16.975876791008684, 52.488297506681079 ], [ 16.976177722932057, 52.488210708063278 ], [ 16.976077972341741, 52.487946291872113 ], [ 16.97608242962756, 52.487568066717024 ], [ 16.975471692270549, 52.487560241323266 ] ] ] ] } },
{ "type": "Feature", "properties": { "id": null, "area": 0, "area1": 0.010513 }, "geometry": { "type": "MultiPolygon", "coordinates": [ [ [ [ 17.036615652511991, 52.528855902322377 ], [ 17.036960673480575, 52.528762505024552 ], [ 17.037240921588786, 52.52855239018092 ], [ 17.037493854156537, 52.528347328402454 ], [ 17.037671169897401, 52.528218106797226 ], [ 17.037954300874794, 52.528145707282825 ], [ 17.038209873049766, 52.528083863711409 ], [ 17.038495744605129, 52.527987841221474 ], [ 17.038463337313338, 52.527917356077978 ], [ 17.037209770650076, 52.527681804136719 ], [ 17.036480802273662, 52.528033156191057 ], [ 17.036238608017531, 52.528199846672173 ], [ 17.036151758596578, 52.528325060916977 ], [ 17.036264016832906, 52.528844560252644 ], [ 17.036443486682362, 52.528869565709783 ], [ 17.036615652511991, 52.528855902322377 ] ] ] ] } },
{ "type": "Feature", "properties": { "id": null, "area": 0, "area1": 0.016882 }, "geometry": { "type": "MultiPolygon", "coordinates": [ [ [ [ 16.994713956127029, 52.518874217548955 ], [ 16.999975381905784, 52.519502944854771 ], [ 17.000062021975225, 52.51898676957564 ], [ 16.999927716265216, 52.518962471964251 ], [ 16.998921937225962, 52.518846342286395 ], [ 16.998192113572763, 52.518812530356762 ], [ 16.997698356608158, 52.518716621519289 ], [ 16.99752703903771, 52.518751152669196 ], [ 16.997237387810703, 52.518768277064282 ], [ 16.996931197845761, 52.518752079881637 ], [ 16.99663553075364, 52.518703019226074 ], [ 16.996296236832517, 52.518655614966079 ], [ 16.996187020360928, 52.518640355619958 ], [ 16.995782610659614, 52.518600464634908 ], [ 16.995519770160428, 52.518623545810549 ], [ 16.995081033661474, 52.518742768379859 ], [ 16.994713956127029, 52.518874217548955 ] ] ] ] } },
{ "type": "Feature", "properties": { "id": null, "area": 0, "area1": 0.004947 }, "geometry": { "type": "MultiPolygon", "coordinates": [ [ [ [ 16.983512442714492, 52.533594640766886 ], [ 16.98414863424507, 52.534263125319065 ], [ 16.984887391592057, 52.533906752446356 ], [ 16.984173221116713, 52.533315695272506 ], [ 16.983512442714492, 52.533594640766886 ] ] ] ] } },
{ "type": "Feature", "properties": { "id": null, "area": 0, "area1": 0.185579 }, "geometry": { "type": "MultiPolygon", "coordinates": [ [ [ [ 16.974361571600589, 52.516281752358005 ], [ 16.974431024418717, 52.516439886208303 ], [ 16.976802465681768, 52.516766819579985 ], [ 16.980764593128992, 52.517271181437536 ], [ 16.980067445489446, 52.51389986048094 ], [ 16.979688135616755, 52.512822305158679 ], [ 16.979516206561875, 52.512831759307808 ], [ 16.979429046343782, 52.512764188717526 ], [ 16.977276478183221, 52.511581982961999 ], [ 16.976775282442311, 52.511298799625031 ], [ 16.976252831544695, 52.51146672994885 ], [ 16.97608198701715, 52.511495643636188 ], [ 16.975930038479966, 52.511512317911624 ], [ 16.975838413957231, 52.511934776493248 ], [ 16.975764532738562, 52.512167552813757 ], [ 16.975666542146879, 52.512532080558032 ], [ 16.975645804612725, 52.512688670473992 ], [ 16.975605302024466, 52.512784346996192 ], [ 16.975411536580488, 52.513023331832329 ], [ 16.975122659692406, 52.513140615635955 ], [ 16.975097268522902, 52.513337177465942 ], [ 16.975003535160209, 52.513412668751918 ], [ 16.975057857698921, 52.513507214746035 ], [ 16.975190361227835, 52.513570057826698 ], [ 16.97635454586807, 52.513967195461426 ], [ 16.976560934737591, 52.514091875942817 ], [ 16.976651085647198, 52.514192540786155 ], [ 16.976623733417732, 52.514296702785067 ], [ 16.976588752430935, 52.514370446726154 ], [ 16.976585971058547, 52.514430974303203 ], [ 16.976614251614855, 52.514503046801856 ], [ 16.976597941254564, 52.514563342989689 ], [ 16.976504460629986, 52.514633332943056 ], [ 16.97645021807481, 52.514635158581839 ], [ 16.976365039983385, 52.514622687962934 ], [ 16.976252508550232, 52.514714379177853 ], [ 16.976130957259322, 52.514805915984191 ], [ 16.975997267470341, 52.514866957425504 ], [ 16.975853210052588, 52.514858985935405 ], [ 16.975524299240533, 52.514748728175491 ], [ 16.975026806048906, 52.514575008906505 ], [ 16.97426354770792, 52.514292107275658 ], [ 16.973938853999424, 52.514286547095679 ], [ 16.973954771873547, 52.514529120393163 ], [ 16.9740835431022, 52.515065488454667 ], [ 16.974499702494327, 52.515045080040508 ], [ 16.974620912400148, 52.515157291855367 ], [ 16.974668609503141, 52.515494025198286 ], [ 16.974697255684294, 52.515852459695417 ], [ 16.974219217367178, 52.515844275148311 ], [ 16.974361571600589, 52.516281752358005 ] ] ] ] } },
{ "type": "Feature", "properties": { "id": null, "area": 0, "area1": 0.15117 }, "geometry": { "type": "MultiPolygon", "coordinates": [ [ [ [ 16.988074663085751, 52.477797012221515 ], [ 16.988188927281286, 52.477695951120744 ], [ 16.988441799710749, 52.477514843646745 ], [ 16.988544370748365, 52.477300277914786 ], [ 16.988657012195034, 52.477049831643512 ], [ 16.988920888992681, 52.476812257616658 ], [ 16.989356589872731, 52.476690909788289 ], [ 16.989490012185925, 52.47690948837954 ], [ 16.989642873172368, 52.477071744546436 ], [ 16.990042499149851, 52.477186692206054 ], [ 16.990560825932658, 52.477288204681074 ], [ 16.990749750283133, 52.477399569681893 ], [ 16.990484956721765, 52.477472324343026 ], [ 16.99004340331873, 52.477536924195398 ], [ 16.989545647355957, 52.477724172868378 ], [ 16.989144567825999, 52.478010917945525 ], [ 16.988972458307092, 52.47827065393021 ], [ 16.98884374901861, 52.478327783802506 ], [ 16.988026587549871, 52.478510393683031 ], [ 16.987919563625752, 52.478535722164303 ], [ 16.987823351919957, 52.478498320291592 ], [ 16.987534229070107, 52.478364644642546 ], [ 16.987145582579252, 52.478378631573456 ], [ 16.986753881069895, 52.478459518424287 ], [ 16.986415334056357, 52.478484656293226 ], [ 16.986248847762216, 52.478620878242843 ], [ 16.986010265344785, 52.478673468286338 ], [ 16.985730022884109, 52.478696252486536 ], [ 16.985524434387216, 52.478747049310009 ], [ 16.985314278439748, 52.478712441703067 ], [ 16.985228841834829, 52.478636002545343 ], [ 16.985220633913869, 52.478537608220385 ], [ 16.985222374060307, 52.478360521207335 ], [ 16.985136997315401, 52.478282790170745 ], [ 16.984999604286593, 52.478231322098033 ], [ 16.984668610190241, 52.478246367316927 ], [ 16.984098315949407, 52.478215962510085 ], [ 16.983317943454512, 52.478334525913084 ], [ 16.983216675023595, 52.478604291792131 ], [ 16.983299246257566, 52.478804953804449 ], [ 16.983759604897411, 52.478514088662365 ], [ 16.984847616096157, 52.47833177288669 ], [ 16.984936751636749, 52.478645198393515 ], [ 16.985028952095746, 52.478979073430693 ], [ 16.985080165962824, 52.479149474231242 ], [ 16.985103290470345, 52.479307318548173 ], [ 16.985128320435884, 52.479478168062116 ], [ 16.985151565852245, 52.47963683551729 ], [ 16.985663910955967, 52.479587173715416 ], [ 16.986146993032477, 52.479533991617316 ], [ 16.986572024635933, 52.479486471728499 ], [ 16.987238825454202, 52.479477220810367 ], [ 16.987232717052546, 52.479611023223782 ], [ 16.986936039247983, 52.479827434269701 ], [ 16.986574748960535, 52.479980941671847 ], [ 16.98616194345669, 52.48015417178317 ], [ 16.986220159173413, 52.480371693197043 ], [ 16.986396270248601, 52.480379622175938 ], [ 16.986759648206007, 52.480365207450681 ], [ 16.988745345316897, 52.480290837702562 ], [ 16.989074067917876, 52.480296427491794 ], [ 16.989347309583664, 52.480223819513157 ], [ 16.989412882321556, 52.480080727490758 ], [ 16.989447086582263, 52.479885599739426 ], [ 16.989525311260298, 52.479650018361625 ], [ 16.989536810117151, 52.47939785191879 ], [ 16.989748482691102, 52.47919544031113 ], [ 16.989743123021679, 52.478942987283517 ], [ 16.989676886826146, 52.478730701410974 ], [ 16.989837750139031, 52.478532576208316 ], [ 16.990249118728297, 52.47839021046746 ], [ 16.990828818247902, 52.478255853391424 ], [ 16.991147234477104, 52.478117055627273 ], [ 16.991043527588491, 52.477986537939628 ], [ 16.991121036711966, 52.477766394096619 ], [ 16.991927586179472, 52.477651335544479 ], [ 16.992564394542182, 52.4775591416482 ], [ 16.992645169173169, 52.477452357609657 ], [ 16.992364466395056, 52.477318836725559 ], [ 16.991887338444943, 52.477238632721715 ], [ 16.991435731302587, 52.477153709976079 ], [ 16.990997478169895, 52.476960857220163 ], [ 16.990488285903655, 52.476844051113659 ], [ 16.989773086059873, 52.476620736383687 ], [ 16.988251619463981, 52.476321901837437 ], [ 16.987675957582791, 52.476183351793502 ], [ 16.986998693954273, 52.476053370050188 ], [ 16.986221709340462, 52.475890784894339 ], [ 16.985498553441658, 52.475842417013311 ], [ 16.984639141542747, 52.475822624276837 ], [ 16.983729398501069, 52.475796816943664 ], [ 16.982843527866148, 52.475802311295745 ], [ 16.982302444867802, 52.476014541831439 ], [ 16.982473731525694, 52.476326479151581 ], [ 16.982759058543696, 52.476542506689654 ], [ 16.982918202592678, 52.476751231171356 ], [ 16.983016938854124, 52.476989826686285 ], [ 16.982982897413471, 52.477365214380285 ], [ 16.983027299258982, 52.477685287156824 ], [ 16.98348383733671, 52.477662170932689 ], [ 16.98386405008943, 52.477648052300189 ], [ 16.984477430791109, 52.47769970942926 ], [ 16.984851096978016, 52.477644274064268 ], [ 16.985683613976715, 52.477699658661237 ], [ 16.985978368479952, 52.477709828886901 ], [ 16.986293035125833, 52.477653384210754 ], [ 16.986562771451528, 52.477472567846085 ], [ 16.986842782927674, 52.477436132703616 ], [ 16.987138710676199, 52.477420568784481 ], [ 16.987149282537647, 52.477188987609232 ], [ 16.98723547258427, 52.476963843664265 ], [ 16.987607015420288, 52.476954715731779 ], [ 16.988254104018523, 52.477006926878211 ], [ 16.988360852585711, 52.477070545645716 ], [ 16.988165336147013, 52.477288680383104 ], [ 16.987936339604392, 52.477501094956374 ], [ 16.987809158294564, 52.477885199569691 ], [ 16.988074663085751, 52.477797012221515 ] ] ] ] } },
{ "type": "Feature", "properties": { "id": null, "area": 17, "area1": 16.751592 }, "geometry": { "type": "MultiPolygon", "coordinates": [ [ [ [ 17.018067522660065, 52.513050608383956 ], [ 17.018233215860079, 52.513120336590909 ], [ 17.01834241047737, 52.513132466072896 ], [ 17.018559873642594, 52.513177309998063 ], [ 17.018833042405134, 52.513109782127962 ], [ 17.019252951411666, 52.513158014791465 ], [ 17.019510740228718, 52.513244733653572 ], [ 17.020209583395442, 52.513472738583012 ], [ 17.020774393696435, 52.513677896312139 ], [ 17.021331125916205, 52.51368720893425 ], [ 17.022010114240082, 52.513605859588004 ], [ 17.022637101720097, 52.513554538374493 ], [ 17.023224339984804, 52.513636454618613 ], [ 17.023745945354275, 52.513676070069899 ], [ 17.024521074279729, 52.513709616431022 ], [ 17.024768133152897, 52.513847646445818 ], [ 17.024842791895516, 52.514065200814549 ], [ 17.024843965745344, 52.514415433191296 ], [ 17.024809088809324, 52.514816565550056 ], [ 17.024800316529031, 52.515012126216412 ], [ 17.024978975067171, 52.515169614468242 ], [ 17.025332603271405, 52.515566931539176 ], [ 17.02546157455043, 52.51570298894638 ], [ 17.025455574264821, 52.515836793646066 ], [ 17.025283627628863, 52.515906026390716 ], [ 17.025093885565063, 52.51599556258067 ], [ 17.024969320864816, 52.516137688408598 ], [ 17.024761320285482, 52.516257820387125 ], [ 17.024317114221589, 52.516374007786851 ], [ 17.023842857892767, 52.516407288606473 ], [ 17.023236399423574, 52.516376556468295 ], [ 17.023130628674163, 52.516437641844028 ], [ 17.022986222416868, 52.516449329173689 ], [ 17.022848575337235, 52.516499343444522 ], [ 17.022705429505638, 52.516571292816167 ], [ 17.022864754942333, 52.516629023387118 ], [ 17.0236501189911, 52.516829376204591 ], [ 17.024423071189986, 52.517004735949953 ], [ 17.024577457705519, 52.516883411108481 ], [ 17.025004238916775, 52.516488483978968 ], [ 17.025300291533128, 52.516287418302774 ], [ 17.025751355286015, 52.516320663073721 ], [ 17.026196680408582, 52.516454749529913 ], [ 17.026682052834619, 52.516702391370337 ], [ 17.026979981159112, 52.516902851097555 ], [ 17.027243386641757, 52.517009959101003 ], [ 17.027326363264436, 52.517042243759704 ], [ 17.027653923355277, 52.517172907168117 ], [ 17.027900473249389, 52.517041514530227 ], [ 17.028181109676222, 52.517192708230702 ], [ 17.028289302954825, 52.51729638688866 ], [ 17.028689771320376, 52.517373708787247 ], [ 17.028657926211384, 52.517531061139202 ], [ 17.028883631108577, 52.517631190410334 ], [ 17.029191153261362, 52.51762954163695 ], [ 17.029347142947749, 52.517762814424778 ], [ 17.029517543289668, 52.517787679703723 ], [ 17.029662483581649, 52.517776326643784 ], [ 17.030128338407241, 52.517439142139004 ], [ 17.030736359178256, 52.517057850328378 ], [ 17.031253106464501, 52.516829542063277 ], [ 17.03186511069762, 52.51666482434846 ], [ 17.032160024308244, 52.516529307042298 ], [ 17.032568346981989, 52.516490908422938 ], [ 17.033728829264668, 52.5165926037538 ], [ 17.034555094061137, 52.516616633414053 ], [ 17.035387789471194, 52.516496559103594 ], [ 17.036055434661474, 52.516291336410006 ], [ 17.036393330224954, 52.516286644628529 ], [ 17.036369114077356, 52.516451048373838 ], [ 17.036335258027105, 52.516831599539081 ], [ 17.037164635935376, 52.517164673150226 ], [ 17.037149952649614, 52.517494040791355 ], [ 17.036586282180842, 52.517639193139388 ], [ 17.036321261614749, 52.517902603908205 ], [ 17.036322526076471, 52.518252836847729 ], [ 17.036192481582187, 52.518518487508977 ], [ 17.035747822390391, 52.518645010587306 ], [ 17.035109291853161, 52.518953718774448 ], [ 17.035409328620634, 52.519041104082618 ], [ 17.03587166712088, 52.519275388022486 ], [ 17.036419293984309, 52.519490484923722 ], [ 17.03710237028611, 52.519697526159383 ], [ 17.037359492886043, 52.51999020141227 ], [ 17.037155072261253, 52.520409124458105 ], [ 17.037503627171528, 52.520734217196413 ], [ 17.038639105961032, 52.521020854881264 ], [ 17.039085984140293, 52.521223968607075 ], [ 17.039586696413885, 52.521355870226394 ], [ 17.03995975314978, 52.521320849564297 ], [ 17.040465967000362, 52.52132923449544 ], [ 17.041015547066362, 52.521122028167312 ], [ 17.041339353463414, 52.521055286695663 ], [ 17.041348442264617, 52.521230542915539 ], [ 17.040807032902926, 52.521633592526477 ], [ 17.039951798293863, 52.522258048724261 ], [ 17.039222084039537, 52.522338661036926 ], [ 17.038989055189777, 52.522262696613964 ], [ 17.038439546801424, 52.522088782197578 ], [ 17.038132143960198, 52.522166088139386 ], [ 17.038534458115176, 52.522801079230774 ], [ 17.03877565058669, 52.523072886310239 ], [ 17.038598651092425, 52.52325535837425 ], [ 17.038033993450579, 52.523421102284239 ], [ 17.037887527259052, 52.523676181989821 ], [ 17.038294257281066, 52.524022837421896 ], [ 17.038254507625954, 52.524246386099264 ], [ 17.038455875568296, 52.524387393877511 ], [ 17.038724810079703, 52.52443039945932 ], [ 17.039089355188384, 52.524353840097412 ], [ 17.039092789034033, 52.524783424996308 ], [ 17.039007770546732, 52.525064698910427 ], [ 17.03923806316212, 52.525202419834798 ], [ 17.039594277566909, 52.525167121015308 ], [ 17.040253329475426, 52.525157438101338 ], [ 17.0406505470607, 52.525339122244667 ], [ 17.040569758243688, 52.525636494046424 ], [ 17.040350297789281, 52.52601397183512 ], [ 17.040318757923533, 52.526343060108758 ], [ 17.040833276178994, 52.52616617463665 ], [ 17.041525247806803, 52.525796518030113 ], [ 17.041827633538162, 52.525832423786582 ], [ 17.041574431428391, 52.526209345353749 ], [ 17.041219969982578, 52.526584590116101 ], [ 17.04072499661579, 52.527081111180287 ], [ 17.040434896817288, 52.527148409444791 ], [ 17.040117460580657, 52.527071049567901 ], [ 17.040093333456724, 52.526854342958302 ], [ 17.040158168743709, 52.526536106586953 ], [ 17.039872197071347, 52.526510768839948 ], [ 17.039237706029638, 52.526726863451792 ], [ 17.038905599822499, 52.526978867864223 ], [ 17.0389246765079, 52.527308794711004 ], [ 17.039172315096646, 52.52743650279605 ], [ 17.039265318358613, 52.527623449975643 ], [ 17.039591381019967, 52.527886361005059 ], [ 17.039368602140261, 52.528716996543523 ], [ 17.038874593896921, 52.528811813110323 ], [ 17.038521560465384, 52.528775060359358 ], [ 17.038002413927821, 52.5290548625523 ], [ 17.037255247614631, 52.529145474390717 ], [ 17.03692586622568, 52.529335716554193 ], [ 17.037029313414902, 52.529667043402867 ], [ 17.036862728727698, 52.529993890348756 ], [ 17.036301192497088, 52.53008757590905 ], [ 17.035778920877913, 52.530058306616311 ], [ 17.035675022884416, 52.52973727148612 ], [ 17.035167794770441, 52.529749450540756 ], [ 17.034785139823349, 52.529619491767363 ], [ 17.034183087933975, 52.529485886941075 ], [ 17.033612493975809, 52.52940430350445 ], [ 17.033035461986412, 52.529466815027661 ], [ 17.032313749609891, 52.529743225009966 ], [ 17.032061363684484, 52.530099539592115 ], [ 17.032365001291414, 52.530485701716039 ], [ 17.032848774312495, 52.530998461899195 ], [ 17.032794314932655, 52.531461071670705 ], [ 17.032355506691061, 52.532586812597074 ], [ 17.029633398535459, 52.537928591746542 ], [ 17.02865509700225, 52.540157770382493 ], [ 17.028201158166443, 52.54010900611739 ], [ 17.027447518604546, 52.539962541778891 ], [ 17.02679470701143, 52.539828054240687 ], [ 17.02583943265433, 52.539657616562813 ], [ 17.025118646202063, 52.539532286015294 ], [ 17.024627259681825, 52.539565285692433 ], [ 17.024023955903324, 52.539833322357104 ], [ 17.023351271686394, 52.540141398451077 ], [ 17.022592785424767, 52.540478938064773 ], [ 17.021522095988651, 52.540996659682563 ], [ 17.01991786791611, 52.541732053041834 ], [ 17.019259493033935, 52.541721034995845 ], [ 17.018337043913405, 52.541571686969441 ], [ 17.017411818013038, 52.541484087256208 ], [ 17.017059809649322, 52.541797500031826 ], [ 17.016856945908209, 52.542175213351854 ], [ 17.016587944075784, 52.542520916803667 ], [ 17.015888367457773, 52.542673995047465 ], [ 17.015107628172029, 52.542753605442677 ], [ 17.01405491906548, 52.542869848258412 ], [ 17.013051455357942, 52.54301780964829 ], [ 17.012411340998177, 52.542976159150761 ], [ 17.011653055413273, 52.542932519710433 ], [ 17.010675308549299, 52.542885186367187 ], [ 17.009638070271176, 52.543032551110997 ], [ 17.008111614537611, 52.5427905600176 ], [ 17.007441941531532, 52.542655681790677 ], [ 17.006567828074399, 52.542558557522653 ], [ 17.005545518031806, 52.5423765262654 ], [ 17.004373151513519, 52.54215075421434 ], [ 17.003535620932386, 52.541992422130882 ], [ 17.002450018555173, 52.541716592777632 ], [ 17.00106103775612, 52.54142532871635 ], [ 17.000442519076135, 52.541280974250796 ], [ 16.999838111471558, 52.541569470761246 ], [ 16.999830189354753, 52.542115256670677 ], [ 16.999978880617537, 52.542560685825059 ], [ 17.000109289247419, 52.543036706885971 ], [ 17.000295025331447, 52.543410658985842 ], [ 17.000551099620523, 52.543723996980546 ], [ 17.000586774522418, 52.544054211556123 ], [ 17.000499127639827, 52.544495646547446 ], [ 17.000317240185396, 52.545151796776977 ], [ 17.000411236560879, 52.547172256833818 ], [ 17.00046289773487, 52.547894155197945 ], [ 17.000468588262148, 52.548512273123279 ], [ 17.000541814927974, 52.549131532039816 ], [ 17.000471545585068, 52.549933772962959 ], [ 17.00051521670817, 52.550459829154917 ], [ 17.000714127160911, 52.550916405388264 ], [ 17.000709018806262, 52.551400435918538 ], [ 17.000531783133802, 52.551953660991806 ], [ 17.000276703999706, 52.552732178347526 ], [ 17.002423915993667, 52.555683438990293 ], [ 17.002535629131149, 52.556200341831783 ], [ 17.002736455272558, 52.556615744891793 ], [ 17.003085996728512, 52.557105759240137 ], [ 17.003653916725526, 52.557803839099016 ], [ 17.004833775147748, 52.557518319468322 ], [ 17.007016937057141, 52.55729981703827 ], [ 17.008442172933595, 52.557085011571715 ], [ 17.009383358840452, 52.557059381842471 ], [ 17.014228427878283, 52.557427867257303 ], [ 17.014634705929083, 52.557319737122185 ], [ 17.015096474770157, 52.557028424795099 ], [ 17.015537834279776, 52.55629659193103 ], [ 17.016079697578249, 52.555838876781152 ], [ 17.017495364626665, 52.555163299022738 ], [ 17.018239583216264, 52.554661204348832 ], [ 17.018604003171259, 52.554397497665747 ], [ 17.01868066983252, 52.554346326901964 ], [ 17.018919940977, 52.554216948185015 ], [ 17.01907238639248, 52.554154381796543 ], [ 17.01918045978945, 52.554025324931089 ], [ 17.01933058829751, 52.55397704600415 ], [ 17.019383814504774, 52.55396271076954 ], [ 17.019629738823689, 52.553744489278422 ], [ 17.019781661143224, 52.553650883225181 ], [ 17.02137749167543, 52.551982165713973 ], [ 17.021877096055839, 52.551647838030071 ], [ 17.022127107365336, 52.551395450303986 ], [ 17.022686644284033, 52.550904503892951 ], [ 17.023746103908714, 52.550479775197829 ], [ 17.024353728906338, 52.549989932336878 ], [ 17.024569927998947, 52.549722905663131 ], [ 17.025170892087441, 52.549321810242269 ], [ 17.025829260848855, 52.548805194473196 ], [ 17.026439366230115, 52.548291907598419 ], [ 17.027145986509247, 52.547896161897434 ], [ 17.027950316512115, 52.546953034095758 ], [ 17.028440004394078, 52.546633444310089 ], [ 17.029526417517836, 52.545889999378332 ], [ 17.030531687581338, 52.545201767806482 ], [ 17.031470152009074, 52.544251854548683 ], [ 17.032133156799873, 52.543849148047372 ], [ 17.033430539998239, 52.543000166139571 ], [ 17.034812421382412, 52.542365376261699 ], [ 17.036070568378371, 52.541950313997532 ], [ 17.036536825644028, 52.541399511235909 ], [ 17.036311466323628, 52.541212096758457 ], [ 17.036127149631152, 52.541178137138758 ], [ 17.035550885270776, 52.541220073960851 ], [ 17.034927653892691, 52.54117882553399 ], [ 17.034236898447588, 52.541136452163066 ], [ 17.033345869468793, 52.541039244974407 ], [ 17.032641919123087, 52.540914240399317 ], [ 17.031670176765143, 52.540733276052734 ], [ 17.031306621891407, 52.540552122892905 ], [ 17.033055429738198, 52.53695548932636 ], [ 17.033357107015807, 52.536630892970365 ], [ 17.033898173994963, 52.53661928338547 ], [ 17.034358981217913, 52.536513635215698 ], [ 17.034739985998055, 52.536303656680062 ], [ 17.034799818796088, 52.536098643845037 ], [ 17.0347460929794, 52.535788741789759 ], [ 17.034572834445292, 52.53550775535664 ], [ 17.034354458540182, 52.53510241525067 ], [ 17.034452187210384, 52.534805329094162 ], [ 17.034850515051939, 52.534585337670428 ], [ 17.035522574977687, 52.534287487017828 ], [ 17.036381668493558, 52.53396183547634 ], [ 17.037018115040745, 52.53370458674857 ], [ 17.037563276744756, 52.533600325642865 ], [ 17.040684345574679, 52.534064058569065 ], [ 17.041654148039441, 52.53428611895891 ], [ 17.042218867615102, 52.534501469932501 ], [ 17.042985682451011, 52.534730460995441 ], [ 17.043055487106361, 52.534680113860126 ], [ 17.043084725387438, 52.534402488882449 ], [ 17.042970752340491, 52.53392678944109 ], [ 17.042908332585586, 52.533431341871385 ], [ 17.042781605578103, 52.53286272834022 ], [ 17.042760787861283, 52.531811751443328 ], [ 17.042375723881065, 52.529456908022397 ], [ 17.042661716252752, 52.529482239906777 ], [ 17.043650135950561, 52.529663391379536 ], [ 17.048170423970273, 52.530562066812777 ], [ 17.048892502450375, 52.530656377971326 ], [ 17.049966275254899, 52.530818283017446 ], [ 17.051116227097459, 52.530785727116005 ], [ 17.051149771250049, 52.530793479128597 ], [ 17.051345382912693, 52.530531340143959 ], [ 17.051781185018463, 52.529705204297748 ], [ 17.052898327400015, 52.529428583084858 ], [ 17.054309693113147, 52.529094729926328 ], [ 17.055593773441601, 52.528887565270622 ], [ 17.055933136037837, 52.528766863019705 ], [ 17.056501383342166, 52.528570314158941 ], [ 17.056844699852732, 52.528459034968776 ], [ 17.057196277907906, 52.528238514361966 ], [ 17.057785348210942, 52.52799310983994 ], [ 17.058028635512265, 52.527930546000498 ], [ 17.058639306087862, 52.527773634814622 ], [ 17.059355373069806, 52.527490551837552 ], [ 17.060710579496991, 52.526966104434003 ], [ 17.062016187543904, 52.526773614131351 ], [ 17.063567319198818, 52.526282743496218 ], [ 17.064221886149195, 52.526058885875607 ], [ 17.064648006035892, 52.525788475963623 ], [ 17.064850483244808, 52.525513237840741 ], [ 17.065424395496041, 52.525087484285365 ], [ 17.065574842865541, 52.525026265228234 ], [ 17.065907434075033, 52.524883837932691 ], [ 17.066777611089478, 52.52446732747012 ], [ 17.067586417264852, 52.52419551410361 ], [ 17.068161872993265, 52.523511819613617 ], [ 17.068729883249389, 52.523309998922215 ], [ 17.068980992870991, 52.523189168245914 ], [ 17.069557065647622, 52.522756234876439 ], [ 17.069827619343933, 52.52231624643899 ], [ 17.069974650870087, 52.522076971337761 ], [ 17.070711272484449, 52.521282491198996 ], [ 17.071064650724747, 52.520857957082832 ], [ 17.071356338070146, 52.520497008815411 ], [ 17.071562683325336, 52.520222811838181 ], [ 17.071872550044684, 52.519810172266148 ], [ 17.072064681535274, 52.51956074661183 ], [ 17.072739498233432, 52.518625103355625 ], [ 17.073156406154403, 52.518110860925447 ], [ 17.073701817506937, 52.51763486593039 ], [ 17.074257258538349, 52.516932648202584 ], [ 17.07458830005562, 52.516722445518994 ], [ 17.075401297755498, 52.516205286661858 ], [ 17.075891123851854, 52.515643922174284 ], [ 17.076027160856473, 52.515678603468402 ], [ 17.077916961109107, 52.514792813508627 ], [ 17.079075122690366, 52.513654522532889 ], [ 17.079051501807584, 52.5133818473454 ], [ 17.078702596883197, 52.51325257825382 ], [ 17.078018968807516, 52.513056069086041 ], [ 17.074116625427724, 52.51195227876552 ], [ 17.075863235864819, 52.508684602033206 ], [ 17.078620290892047, 52.509253982536194 ], [ 17.078746901569506, 52.509282728768696 ], [ 17.078981608041513, 52.508838969122976 ], [ 17.079169977824606, 52.508542733749323 ], [ 17.079077387996701, 52.508530828656731 ], [ 17.07907263940443, 52.508252643476922 ], [ 17.079234368177939, 52.507826799434739 ], [ 17.080577291759017, 52.507996544222294 ], [ 17.080268011228295, 52.508683911610532 ], [ 17.080114694378473, 52.508664199810248 ], [ 17.080002152315064, 52.509079507034741 ], [ 17.080368905261164, 52.509202298827674 ], [ 17.080623221062318, 52.509389149039016 ], [ 17.081314073025624, 52.509452950444064 ], [ 17.084464532895861, 52.509988116765257 ], [ 17.083951286343748, 52.512472474916898 ], [ 17.083946590739298, 52.513081709999732 ], [ 17.085542378927357, 52.513062482801288 ], [ 17.088157644361694, 52.512977326400751 ], [ 17.089344165551331, 52.513145437710868 ], [ 17.090110315444715, 52.51332398253254 ], [ 17.091386875591478, 52.513681992315327 ], [ 17.092969737131082, 52.513747181209524 ], [ 17.093584260843631, 52.513813838218489 ], [ 17.094730125034499, 52.513937888204843 ], [ 17.095821719163816, 52.514099998281985 ], [ 17.096684234233393, 52.514176566356284 ], [ 17.098074882745472, 52.514234816828946 ], [ 17.100131295601944, 52.514344577259813 ], [ 17.101653968012918, 52.514538018944101 ], [ 17.103350644790645, 52.514611010746414 ], [ 17.103992914658548, 52.514636505329065 ], [ 17.104319651792661, 52.514758844758298 ], [ 17.10549068757263, 52.515186565773298 ], [ 17.106515576815504, 52.515578118205156 ], [ 17.109293978235911, 52.516853128680552 ], [ 17.110540555888029, 52.517670192696293 ], [ 17.111411543104225, 52.51798108503683 ], [ 17.113475670734566, 52.518018782131769 ], [ 17.114215688958836, 52.518169538511607 ], [ 17.115844659144276, 52.518512263700003 ], [ 17.116346936675836, 52.518706349629774 ], [ 17.116559279927866, 52.518816995258234 ], [ 17.117369546525204, 52.519207048874314 ], [ 17.117584863585741, 52.519110133737364 ], [ 17.11732676817283, 52.51882792114418 ], [ 17.117909710868815, 52.51862089089245 ], [ 17.118347825402996, 52.518246751033537 ], [ 17.119316203971692, 52.518107644442878 ], [ 17.119790586156064, 52.51846539150462 ], [ 17.119776520079792, 52.518794775023501 ], [ 17.119396947175595, 52.518984446646705 ], [ 17.118604923652615, 52.519342663051965 ], [ 17.118421819812742, 52.51974904411027 ], [ 17.119846414878054, 52.520836593597984 ], [ 17.121078389802445, 52.521764569126212 ], [ 17.12163819973566, 52.522076918818314 ], [ 17.123462054974297, 52.521944594456947 ], [ 17.123629880100601, 52.521985480961483 ], [ 17.124011346498126, 52.521929830207661 ], [ 17.124920450334777, 52.521782706551221 ], [ 17.125947257172513, 52.521589501702117 ], [ 17.126997266750411, 52.521325511936858 ], [ 17.129787471766821, 52.520394237737236 ], [ 17.130897874160301, 52.520279750738972 ], [ 17.132288738413202, 52.519045418579651 ], [ 17.132168198900359, 52.51895348479858 ], [ 17.132297077223033, 52.518838416104323 ], [ 17.132007820370745, 52.518584263402914 ], [ 17.130376326134932, 52.519204270618374 ], [ 17.130310494549391, 52.51913307635504 ], [ 17.129091291508413, 52.517936385699301 ], [ 17.128312855237294, 52.51692986534411 ], [ 17.127281489856458, 52.517056281654611 ], [ 17.126181264667149, 52.516957555178891 ], [ 17.125515970998471, 52.51700430918244 ], [ 17.124474308843499, 52.516863412802195 ], [ 17.12399096259692, 52.516383828677846 ], [ 17.123591128923461, 52.515951347025485 ], [ 17.123387694323903, 52.515622263656006 ], [ 17.123623233491443, 52.515429747792759 ], [ 17.124413714461561, 52.51522624306741 ], [ 17.124968387123754, 52.515090049728549 ], [ 17.125516221908537, 52.514948169121674 ], [ 17.126112123440183, 52.51469174277679 ], [ 17.126858571884828, 52.514545446516237 ], [ 17.127903467793129, 52.51466811537599 ], [ 17.129001809924951, 52.51349484935497 ], [ 17.126633003578085, 52.512677754967122 ], [ 17.125605248094907, 52.512053114562796 ], [ 17.123852968680577, 52.511025050182745 ], [ 17.123306084927425, 52.510639306432466 ], [ 17.122589475139648, 52.509889789054419 ], [ 17.121962962670231, 52.509043301619535 ], [ 17.120997074573179, 52.507317461306798 ], [ 17.120747687919664, 52.507268709306274 ], [ 17.118182111951889, 52.507063064929362 ], [ 17.116559653517058, 52.507155847308631 ], [ 17.113752753066084, 52.507280144986559 ], [ 17.112299369932739, 52.507334415826378 ], [ 17.111575637312271, 52.507272318356627 ], [ 17.110806063719899, 52.507382082036408 ], [ 17.109443533400189, 52.507425523450294 ], [ 17.108774185950171, 52.50734988727757 ], [ 17.108352845443683, 52.507221010364653 ], [ 17.108044340131254, 52.507056161073976 ], [ 17.107512958677418, 52.506675393970482 ], [ 17.106034488194826, 52.505271131292773 ], [ 17.104845432503769, 52.505236155083438 ], [ 17.104427576708979, 52.505468538988474 ], [ 17.104308612257846, 52.50548723325744 ], [ 17.103682710452237, 52.505518403036426 ], [ 17.103463762552522, 52.505155025429254 ], [ 17.102495765355602, 52.505250209221657 ], [ 17.10201892064341, 52.505297166281217 ], [ 17.101727311917596, 52.505456141857501 ], [ 17.101297173975858, 52.505644944142013 ], [ 17.100901656840371, 52.505813700116782 ], [ 17.10037207635445, 52.505959701597796 ], [ 17.099623201167464, 52.50610217821967 ], [ 17.099184174649185, 52.506105425232356 ], [ 17.098783327921382, 52.50600628148468 ], [ 17.098576478205217, 52.505714549396458 ], [ 17.097010000583619, 52.504855039071003 ], [ 17.096686490484462, 52.503747704847228 ], [ 17.09619158281544, 52.503482234231477 ], [ 17.095378511998625, 52.502377316560185 ], [ 17.094666186881536, 52.501675726686699 ], [ 17.0937378515749, 52.500115727673808 ], [ 17.0935558864943, 52.500030392937354 ], [ 17.093244338626757, 52.499819365793329 ], [ 17.092812503906252, 52.499657900004244 ], [ 17.092342483761943, 52.499598819747682 ], [ 17.091733079060269, 52.499640492135889 ], [ 17.09144323584384, 52.499707918213595 ], [ 17.091333121488823, 52.49991214744604 ], [ 17.091205248018518, 52.500136690603846 ], [ 17.091106646038877, 52.500464708902605 ], [ 17.090842054406366, 52.500728246580252 ], [ 17.090567730801791, 52.500826821904901 ], [ 17.090259673016419, 52.500924852006037 ], [ 17.089951613875002, 52.501022881290311 ], [ 17.089877900024668, 52.501165895164348 ], [ 17.089698076457299, 52.501420498754662 ], [ 17.089250168340307, 52.501629571036709 ], [ 17.090468155444334, 52.503513590562811 ], [ 17.092166361885383, 52.506394168923762 ], [ 17.090778676641534, 52.506474784617104 ], [ 17.090168282789076, 52.506537034143221 ], [ 17.089904187342849, 52.506398866652837 ], [ 17.089849211203319, 52.506109570997182 ], [ 17.089558429545171, 52.506197578109841 ], [ 17.089197047046991, 52.506356546197004 ], [ 17.088718028337443, 52.506503312433232 ], [ 17.088125840373863, 52.50653494470729 ], [ 17.087583810583549, 52.506577685157097 ], [ 17.086907277826541, 52.506607947826886 ], [ 17.086248507284079, 52.506617893389226 ], [ 17.085605263080971, 52.506658987411619 ], [ 17.085385076084773, 52.506676024654695 ], [ 17.084947834204588, 52.506638046568 ], [ 17.084820045948966, 52.506471173189695 ], [ 17.084626575034683, 52.506262035061006 ], [ 17.084396683376546, 52.50611410862119 ], [ 17.084076183632895, 52.506108918454736 ], [ 17.083315762028285, 52.506127501612916 ], [ 17.082634305390592, 52.506270963301773 ], [ 17.082594295694651, 52.506414518992678 ], [ 17.082838811299016, 52.506614187432632 ], [ 17.083114826723619, 52.506865867229372 ], [ 17.083155578204863, 52.507093134021467 ], [ 17.08293001230442, 52.507233683098086 ], [ 17.082723554057701, 52.507323039947231 ], [ 17.082399460884144, 52.507400189421162 ], [ 17.082110897166825, 52.507436712830255 ], [ 17.081807705378775, 52.50742149687337 ], [ 17.081456597232346, 52.507343701291781 ], [ 17.081004277442737, 52.507264262933106 ], [ 17.080236387348094, 52.507066398996308 ], [ 17.079578955715576, 52.507045428282986 ], [ 17.079483022583741, 52.506964581575687 ], [ 17.078571856995229, 52.506816191657705 ], [ 17.078472010760898, 52.506789307440719 ], [ 17.07806015650127, 52.507283193635196 ], [ 17.077797503995374, 52.507598153838501 ], [ 17.077632885647386, 52.507588176959658 ], [ 17.077373306585439, 52.507349512897861 ], [ 17.076905473927454, 52.50723890578508 ], [ 17.076282678381226, 52.507197879174797 ], [ 17.075706443131889, 52.50725030939001 ], [ 17.074772813095638, 52.507369023308065 ], [ 17.073772603156588, 52.507466045214244 ], [ 17.070688054520346, 52.507745391478892 ], [ 17.070879095436297, 52.506852379601128 ], [ 17.071006451488049, 52.506257038065506 ], [ 17.071319610754323, 52.505273313718398 ], [ 17.071709744746535, 52.503302012716844 ], [ 17.072222067142484, 52.503166158207769 ], [ 17.072853356790095, 52.503011638988454 ], [ 17.07406937191314, 52.502609129594703 ], [ 17.074975465463101, 52.502345769305371 ], [ 17.075568953676303, 52.502283323392867 ], [ 17.076006592979905, 52.502311042677881 ], [ 17.076619193181205, 52.502197400783395 ], [ 17.077186131669468, 52.501969710115212 ], [ 17.077457269693152, 52.501825523596082 ], [ 17.077744658189221, 52.501677239363694 ], [ 17.078478255399865, 52.501518752043829 ], [ 17.079414722716187, 52.501336864030563 ], [ 17.079699713566722, 52.501281951328096 ], [ 17.079611072908445, 52.501077257426047 ], [ 17.079504610571878, 52.500668332306255 ], [ 17.0792667696183, 52.500104266225705 ], [ 17.079091668002235, 52.500074509767849 ], [ 17.078228357172282, 52.500132589995154 ], [ 17.077230115646582, 52.50018847082557 ], [ 17.073289975400165, 52.50036126884239 ], [ 17.072984584852204, 52.500397495693441 ], [ 17.072823785008982, 52.500600882569863 ], [ 17.072553025455971, 52.500617071857185 ], [ 17.072081673108077, 52.500588790216803 ], [ 17.071395116591571, 52.500464295404917 ], [ 17.070689444281598, 52.500390986434681 ], [ 17.069799149799014, 52.500294060246986 ], [ 17.069479597167938, 52.500268245018063 ], [ 17.069311971066288, 52.500182822565826 ], [ 17.069313682840807, 52.499759915211285 ], [ 17.069130648665872, 52.499757833706347 ], [ 17.05937045903811, 52.499865926439725 ], [ 17.059065514872088, 52.499891824375823 ], [ 17.058714961842885, 52.499803669269937 ], [ 17.058168826630844, 52.499557797516054 ], [ 17.056542716248678, 52.498542259385189 ], [ 17.06150702034104, 52.495420308735113 ], [ 17.058819843247395, 52.493975393054335 ], [ 17.058525823090395, 52.493754260129165 ], [ 17.058249576279223, 52.493512817500417 ], [ 17.058023468596549, 52.49328249773356 ], [ 17.057729910667991, 52.493051069980361 ], [ 17.057410418372562, 52.493025222694101 ], [ 17.056899532229519, 52.49313013526703 ], [ 17.056306143621253, 52.493192488540579 ], [ 17.055763797133945, 52.493245377469904 ], [ 17.055089723561785, 52.493223995543758 ], [ 17.054349106938119, 52.493180914510987 ], [ 17.053641308952859, 52.493158969583391 ], [ 17.053185094658051, 52.493172062506829 ], [ 17.052674197220011, 52.493276956712535 ], [ 17.052248068425367, 52.493372944239944 ], [ 17.051417219947464, 52.493462263750978 ], [ 17.055498773683059, 52.497721675933036 ], [ 17.055323764574041, 52.497863003874492 ], [ 17.054842003271641, 52.498071390228084 ], [ 17.054476020771716, 52.498333180675367 ], [ 17.054449156615583, 52.498559346608708 ], [ 17.054319282160524, 52.498825019651782 ], [ 17.047623283132406, 52.499868333425489 ], [ 17.045654493091959, 52.494407528230518 ], [ 17.044858485513434, 52.491808979224793 ], [ 17.044657961737073, 52.491764463013723 ], [ 17.044203587267859, 52.491736350097916 ], [ 17.042136760707127, 52.491918465314676 ], [ 17.042002317559454, 52.491905939505443 ], [ 17.041621278915684, 52.492126239808378 ], [ 17.040903897411852, 52.492320367862206 ], [ 17.040193833400316, 52.492349806680949 ], [ 17.039561292692927, 52.492153917644245 ], [ 17.039402282629275, 52.491934973963076 ], [ 17.039364974589056, 52.491635644324596 ], [ 17.03965591178855, 52.490785534308849 ], [ 17.039187436641285, 52.490695365985751 ], [ 17.038653805679768, 52.490552613442944 ], [ 17.038301994457786, 52.49049527721953 ], [ 17.037496744974693, 52.490389215867637 ], [ 17.03670652733998, 52.490324600086332 ], [ 17.033905161130491, 52.490329570271484 ], [ 17.02891774346649, 52.490164159679011 ], [ 17.028521461830856, 52.490724077561126 ], [ 17.02810738673092, 52.49130429831267 ], [ 17.027850128804879, 52.491773827928903 ], [ 17.027695883076593, 52.492203873088329 ], [ 17.027615995034719, 52.492480651910675 ], [ 17.02748321423066, 52.492808050659853 ], [ 17.026951148977393, 52.494138229232981 ], [ 17.026768689604122, 52.494444197689191 ], [ 17.026372534351047, 52.494622995641045 ], [ 17.026134602123733, 52.494660227046722 ], [ 17.02603388253857, 52.494648245860759 ], [ 17.025679289233835, 52.49465262822261 ], [ 17.025368367734529, 52.494812244654561 ], [ 17.025102960374085, 52.495085924648912 ], [ 17.024697356611302, 52.495851682385592 ], [ 17.024563620500366, 52.49619966276375 ], [ 17.025047141139147, 52.496331341581296 ], [ 17.025550296141997, 52.496401543723501 ], [ 17.025792189876981, 52.496652790801178 ], [ 17.025396067058448, 52.497583515419272 ], [ 17.024953739625079, 52.498791578033043 ], [ 17.028522261172583, 52.500890584139256 ], [ 17.028987597805347, 52.501052844426887 ], [ 17.028927789933576, 52.501257855673757 ], [ 17.02829446034179, 52.502586351652958 ], [ 17.028013077770886, 52.502839171008546 ], [ 17.023171469148334, 52.503530891274309 ], [ 17.022218148159993, 52.503710664037328 ], [ 17.021989635499196, 52.503912851241047 ], [ 17.02209199098904, 52.504264776136225 ], [ 17.026302774017278, 52.50446901042573 ], [ 17.026342042402526, 52.504346060922522 ], [ 17.026389611262115, 52.504037842886113 ], [ 17.026597087789991, 52.503927999896234 ], [ 17.027171948673598, 52.503906687124129 ], [ 17.027695747264247, 52.503894820615692 ], [ 17.027824231872501, 52.504041168141022 ], [ 17.027576110533822, 52.504304841380204 ], [ 17.028526022141616, 52.504578185625959 ], [ 17.028712022671446, 52.504570984888829 ], [ 17.029104575007686, 52.50447452186441 ], [ 17.029719621862245, 52.504309660818222 ], [ 17.030589051457447, 52.504118130722894 ], [ 17.031195807511828, 52.504138530900136 ], [ 17.032771882214924, 52.50626602792034 ], [ 17.030831712242815, 52.510395099944134 ], [ 17.026748301974045, 52.509595733736361 ], [ 17.026028586678233, 52.510963977799065 ], [ 17.023950141254385, 52.510630568254577 ], [ 17.023685309520069, 52.510512840185982 ], [ 17.023618052453312, 52.51013060239891 ], [ 17.019452053868537, 52.509669516285186 ], [ 17.019426904146311, 52.509102573676174 ], [ 17.019107783837942, 52.509066329426666 ], [ 17.018535168011514, 52.509036139098384 ], [ 17.017914725750312, 52.508943342318645 ], [ 17.017496711622421, 52.508853934756573 ], [ 17.016825204552454, 52.508770576858744 ], [ 17.01543825777026, 52.508829721368045 ], [ 17.013443564907135, 52.50776620210592 ], [ 17.010787732924307, 52.506392821094693 ], [ 17.010468175015621, 52.506366846381553 ], [ 17.009975754829124, 52.506430666717549 ], [ 17.009378870320063, 52.506564830105589 ], [ 17.009014875753788, 52.506775013216263 ], [ 17.008603531228246, 52.506912295266616 ], [ 17.008126108549739, 52.507017562073315 ], [ 17.006325716414764, 52.508006975076626 ], [ 17.006100119168504, 52.50808608394594 ], [ 17.005946610605836, 52.508287248519984 ], [ 17.006104622531652, 52.508310562395167 ], [ 17.00618792920201, 52.50836428116898 ], [ 17.006331872967774, 52.508474089899927 ], [ 17.006502514272714, 52.50857647728283 ], [ 17.006743431697171, 52.508848347536087 ], [ 17.007094413807657, 52.508926363640988 ], [ 17.007346815886276, 52.508981296063496 ], [ 17.007399805793217, 52.509006969254237 ], [ 17.007726985126205, 52.50905653412859 ], [ 17.008096475892888, 52.509103654008278 ], [ 17.008396210995098, 52.509257299024732 ], [ 17.008812348227465, 52.509387908900599 ], [ 17.009630552106309, 52.509587085024314 ], [ 17.010088932421016, 52.509903808383612 ], [ 17.010516370586771, 52.510158207124974 ], [ 17.010913329140561, 52.510339988979943 ], [ 17.011277017046588, 52.510510909779924 ], [ 17.011823018884272, 52.51075699633396 ], [ 17.012223704853511, 52.510856433130492 ], [ 17.012558307973713, 52.510923857207217 ], [ 17.012787514817003, 52.511082213569566 ], [ 17.012846169030919, 52.511278906404428 ], [ 17.012940041063896, 52.511629617594231 ], [ 17.013385204018704, 52.511728535551683 ], [ 17.013698811801611, 52.511836673321831 ], [ 17.014257814913222, 52.511797028584112 ], [ 17.014640718029536, 52.511916759375893 ], [ 17.014988491456478, 52.512066800665821 ], [ 17.015568737549359, 52.51230314376938 ], [ 17.016003186552478, 52.512403133912834 ], [ 17.016885252716211, 52.512685733229638 ], [ 17.017704482115768, 52.512864269123767 ], [ 17.018067522660065, 52.513050608383956 ] ], [ [ 17.016900349313026, 52.555433162637556 ], [ 17.016831356787687, 52.55515086865978 ], [ 17.016628339455078, 52.554844594666484 ], [ 17.016278894824481, 52.554579920201896 ], [ 17.016184803024686, 52.554462701031824 ], [ 17.01616591261126, 52.554280661170921 ], [ 17.016093104636024, 52.554092210739313 ], [ 17.015839496550061, 52.553906236046416 ], [ 17.015702752531183, 52.553733233739869 ], [ 17.015670030704761, 52.553457346852028 ], [ 17.015159350151713, 52.55316243160258 ], [ 17.014682053239312, 52.552928648534817 ], [ 17.014471606947545, 52.552787448954319 ], [ 17.014290231948088, 52.552602682618748 ], [ 17.014178094942533, 52.552485158982471 ], [ 17.014104055761074, 52.55232422037615 ], [ 17.014171059883843, 52.551840749111605 ], [ 17.014141412038612, 52.551697075663526 ], [ 17.013835234303997, 52.551675417394073 ], [ 17.013492451155916, 52.551664157444499 ], [ 17.013209300523258, 52.551532748681687 ], [ 17.013034725318889, 52.551397655390581 ], [ 17.012860897137728, 52.551246054065693 ], [ 17.012621394161965, 52.55114841733824 ], [ 17.012356552198138, 52.55101180716246 ], [ 17.012015515995468, 52.550962024838981 ], [ 17.011624618409964, 52.551016032459145 ], [ 17.011259307836738, 52.551103509391915 ], [ 17.010929855090211, 52.551197094642205 ], [ 17.010613725342569, 52.551395531597088 ], [ 17.010364268089344, 52.551517993812475 ], [ 17.010205827663139, 52.551625465493423 ], [ 17.009919512321019, 52.551763827399498 ], [ 17.009769349960568, 52.551887958019414 ], [ 17.00971450109996, 52.552101799732419 ], [ 17.009634313349299, 52.552276667876505 ], [ 17.009632630810831, 52.552513430754829 ], [ 17.00957877672699, 52.552705262039602 ], [ 17.009562277063623, 52.552870187682593 ], [ 17.009830669599985, 52.553128012722503 ], [ 17.010112824013326, 52.553281439871604 ], [ 17.010450639202574, 52.553402761416208 ], [ 17.010689402557681, 52.553516910331169 ], [ 17.011001134177111, 52.553615764768239 ], [ 17.01141291690843, 52.553699779211151 ], [ 17.011742955457745, 52.553793432501237 ], [ 17.011910249916074, 52.553889857930727 ], [ 17.011815744256214, 52.553981885429152 ], [ 17.01149654279234, 52.554048110726818 ], [ 17.011121930085945, 52.554140937849155 ], [ 17.010998099052269, 52.554282032813937 ], [ 17.010973074086042, 52.554435801769571 ], [ 17.011220125432633, 52.554566609140274 ], [ 17.011496003502923, 52.554659352944277 ], [ 17.011711674263882, 52.554685003429796 ], [ 17.011819936848958, 52.554488578524719 ], [ 17.011972839260881, 52.554303916908268 ], [ 17.012156626874663, 52.554235415977317 ], [ 17.012354240630653, 52.554260762016696 ], [ 17.012465382201551, 52.554400297705946 ], [ 17.012750040971316, 52.554498692801353 ], [ 17.012866406691092, 52.554522673709613 ], [ 17.013041242184208, 52.554652264706768 ], [ 17.012826391843824, 52.554808353729605 ], [ 17.012740167766651, 52.554917041304449 ], [ 17.01304992468992, 52.555059911194697 ], [ 17.013346103158671, 52.555103430543475 ], [ 17.013582318938646, 52.555074354799885 ], [ 17.013751938630708, 52.555319499241669 ], [ 17.013752017762858, 52.555517744125474 ], [ 17.013514059437249, 52.555585338332854 ], [ 17.013475710104451, 52.555634255546806 ], [ 17.013591163193368, 52.555878491007867 ], [ 17.013688731218913, 52.555918675873258 ], [ 17.0140197855123, 52.555990312619059 ], [ 17.014181544635495, 52.556009547125406 ], [ 17.014274391660749, 52.556154280813104 ], [ 17.014314561753583, 52.556265090060151 ], [ 17.014317376987083, 52.556402806397529 ], [ 17.014254012858153, 52.556605493564106 ], [ 17.014421405442349, 52.556900160429613 ], [ 17.014431758212623, 52.557071043782592 ], [ 17.014318945678188, 52.557168272887161 ], [ 17.014219386044903, 52.557172109265643 ], [ 17.014016209650052, 52.557069578417455 ], [ 17.013808231898128, 52.556873351646921 ], [ 17.013616820709977, 52.556710443122419 ], [ 17.01326091505619, 52.556588827244809 ], [ 17.01302916712941, 52.556518855633549 ], [ 17.012540081610606, 52.556345440725927 ], [ 17.012455024283408, 52.556228370288373 ], [ 17.012527672864621, 52.556020333165129 ], [ 17.012742530287976, 52.555864244783656 ], [ 17.012943881943173, 52.55580705105443 ], [ 17.01310083914526, 52.555732591409708 ], [ 17.013125608882994, 52.555584324561423 ], [ 17.012886081929043, 52.555486688198521 ], [ 17.012661378583338, 52.555460888218001 ], [ 17.012445952169369, 52.555429736834036 ], [ 17.012195409529024, 52.555375968196969 ], [ 17.011981227873463, 52.555317303032297 ], [ 17.011350202988499, 52.555086431076425 ], [ 17.011261598849284, 52.554848151227077 ], [ 17.011160234480172, 52.554692258393295 ], [ 17.010966851154748, 52.554573366401783 ], [ 17.010754666632472, 52.554470678384327 ], [ 17.010561036412959, 52.554357288330408 ], [ 17.010231494283097, 52.554252626569621 ], [ 17.010039609592887, 52.554100717600811 ], [ 17.009860489583438, 52.553866421402702 ], [ 17.009725512852313, 52.553654894347019 ], [ 17.00961737079556, 52.553449325191956 ], [ 17.009518755352307, 52.553232902606901 ], [ 17.009130458002105, 52.552829883834178 ], [ 17.008885166741099, 52.552660554162593 ], [ 17.008665464114351, 52.5525246951523 ], [ 17.008636332273362, 52.552370015355059 ], [ 17.008656074585467, 52.552133556323888 ], [ 17.008719457447235, 52.551930872201197 ], [ 17.008706137459448, 52.551826019402938 ], [ 17.00895908901656, 52.551626524614591 ], [ 17.009198776300924, 52.551520421305632 ], [ 17.009617199560168, 52.55125762723366 ], [ 17.009750551305128, 52.551105680243431 ], [ 17.00971587605525, 52.550873812658743 ], [ 17.009689979013569, 52.550647599454059 ], [ 17.00970118585316, 52.550399983140125 ], [ 17.00971289060022, 52.55014136164376 ], [ 17.009713078077223, 52.549937614181722 ], [ 17.009714510684219, 52.549706353785197 ], [ 17.009559999242299, 52.54952753843304 ], [ 17.009256080936176, 52.549456345216321 ], [ 17.009042488790978, 52.549584914697824 ], [ 17.008910193864903, 52.549913095465548 ], [ 17.008603838855326, 52.550095171214991 ], [ 17.008274388265704, 52.550188749106631 ], [ 17.007721010465893, 52.550240009238657 ], [ 17.007319092903579, 52.550337871317424 ], [ 17.006976371518508, 52.550524837354914 ], [ 17.007141149486745, 52.550676295107408 ], [ 17.007418541597534, 52.550934277439985 ], [ 17.007292962662859, 52.551113886607048 ], [ 17.007167083380082, 52.551100753473335 ], [ 17.00692909048356, 52.550970089903018 ], [ 17.006767803914052, 52.550741595812589 ], [ 17.006654396998034, 52.550453333406402 ], [ 17.006468777105638, 52.55016385447621 ], [ 17.006416565179649, 52.549920676809592 ], [ 17.00639542503437, 52.549589914105887 ], [ 17.006406400546918, 52.549347800817984 ], [ 17.006563000878415, 52.548882362687337 ], [ 17.006763780879051, 52.548637939536398 ], [ 17.007129528000398, 52.548341226362808 ], [ 17.007308011159942, 52.548190042045675 ], [ 17.00766048688396, 52.547986719003276 ], [ 17.008003185346233, 52.547799750684462 ], [ 17.008304736474159, 52.547523980471368 ], [ 17.008640146364513, 52.547298340237369 ], [ 17.009081376120179, 52.547129547110394 ], [ 17.009504052127518, 52.546971453842573 ], [ 17.009971108868903, 52.546830625712289 ], [ 17.010469288902616, 52.546800454498971 ], [ 17.010996288609473, 52.546732218145237 ], [ 17.011505980857297, 52.546647168318131 ], [ 17.011747944550368, 52.546689781155209 ], [ 17.011962653694976, 52.546935686290588 ], [ 17.011865250211656, 52.547291990285949 ], [ 17.012070439140725, 52.54754874878914 ], [ 17.012370370207428, 52.547707976256497 ], [ 17.012697133902911, 52.547873160307475 ], [ 17.013065723394508, 52.547912389911126 ], [ 17.013400196465003, 52.54790699149379 ], [ 17.013725394587851, 52.547906943234246 ], [ 17.014119822207402, 52.547974137060415 ], [ 17.01439947495453, 52.54818257995791 ], [ 17.014625219853222, 52.548384611046252 ], [ 17.014934937580861, 52.548527475758746 ], [ 17.015262375341702, 52.548477899880027 ], [ 17.015523895694983, 52.548487792246505 ], [ 17.015759170427756, 52.548678967376922 ], [ 17.016039828371873, 52.548865396067754 ], [ 17.016323715273341, 52.548980290203474 ], [ 17.017313170120417, 52.549073965725007 ], [ 17.017557730518444, 52.549259785983409 ], [ 17.017208514605016, 52.549391604872113 ], [ 17.01679353454124, 52.549379144749274 ], [ 17.016370024450133, 52.549355526659291 ], [ 17.015927309874819, 52.549557362596296 ], [ 17.015487322659602, 52.549698668177648 ], [ 17.015313169502885, 52.549954565868397 ], [ 17.015040960692918, 52.550181284883564 ], [ 17.014667962689575, 52.550439353156101 ], [ 17.014474008726317, 52.550733464849046 ], [ 17.014399887982535, 52.550974519119798 ], [ 17.014354089895992, 52.551188514699128 ], [ 17.014326345534219, 52.551402813166874 ], [ 17.014403862527494, 52.551486715257241 ], [ 17.016091077495169, 52.550733049567427 ], [ 17.016256971798001, 52.551060729649031 ], [ 17.015719410773734, 52.551161853227192 ], [ 17.015743352762627, 52.551432086234783 ], [ 17.014408499891893, 52.551784158531802 ], [ 17.014404855424445, 52.552064942542295 ], [ 17.014620682171781, 52.552487077670527 ], [ 17.014881565488874, 52.552711724504896 ], [ 17.015178723636467, 52.552733228744295 ], [ 17.015699740280471, 52.552598789521205 ], [ 17.015918134715882, 52.552563903639793 ], [ 17.016013214949975, 52.552659112595187 ], [ 17.015959636709052, 52.552845444447584 ], [ 17.016247296157562, 52.553478037683526 ], [ 17.016543559318961, 52.553719794030393 ], [ 17.016762889053627, 52.554064888959005 ], [ 17.016946359417478, 52.55440387583819 ], [ 17.017074578926653, 52.55456572029204 ], [ 17.017577556381468, 52.554430970486941 ], [ 17.01789749606262, 52.554348220903499 ], [ 17.01809635400955, 52.554346044348016 ], [ 17.01828271220543, 52.554420752833238 ], [ 17.01843703501244, 52.554518322048246 ], [ 17.017495364626665, 52.555163299022738 ], [ 17.016900349313026, 52.555433162637556 ] ], [ [ 17.022996155282218, 52.545975755755222 ], [ 17.021440135807019, 52.546011553078444 ], [ 17.020955621183962, 52.54589014788062 ], [ 17.020285859929572, 52.545755341557111 ], [ 17.020030355934963, 52.545050644221526 ], [ 17.020961219646509, 52.545014713118924 ], [ 17.021610168954773, 52.544860758433117 ], [ 17.0221147966773, 52.544910394862917 ], [ 17.022692971325753, 52.544827353693492 ], [ 17.023580351269871, 52.545006982411898 ], [ 17.025066954796777, 52.545011200079315 ], [ 17.025358581840255, 52.544913063221834 ], [ 17.026353737272004, 52.544950264762228 ], [ 17.026777605676887, 52.544904177245641 ], [ 17.026891319352284, 52.544835862017557 ], [ 17.026856010300108, 52.544716877903625 ], [ 17.026442049815525, 52.544488222880673 ], [ 17.025548411899905, 52.544071603659972 ], [ 17.025091663842197, 52.544084582850076 ], [ 17.024625671000972, 52.544303412561625 ], [ 17.023706157680387, 52.544463165907388 ], [ 17.022863883659319, 52.544407895635239 ], [ 17.021618285184339, 52.544304676069153 ], [ 17.020196715452787, 52.543982192449626 ], [ 17.019538107434567, 52.543600360093656 ], [ 17.019501363559591, 52.543290734984765 ], [ 17.019700503232595, 52.542995357713458 ], [ 17.020218077954784, 52.542756809572587 ], [ 17.02076132779252, 52.54232298218087 ], [ 17.021582294127668, 52.542099802387185 ], [ 17.022127816634232, 52.542366429760783 ], [ 17.022359309402425, 52.542102489868334 ], [ 17.023310226447059, 52.540490924333191 ], [ 17.025616244306288, 52.541054738436465 ], [ 17.025630856306503, 52.54185840816789 ], [ 17.025873455451272, 52.542099363087928 ], [ 17.026275638080698, 52.54254898581496 ], [ 17.027283468646392, 52.542679094263583 ], [ 17.028208741308827, 52.542766617213097 ], [ 17.029118980524739, 52.542812681226138 ], [ 17.029876362354337, 52.542876794192139 ], [ 17.0305407494413, 52.54275394886794 ], [ 17.031222936098498, 52.542610795318687 ], [ 17.032064266904847, 52.542686591202077 ], [ 17.032376888609477, 52.542496083469835 ], [ 17.033115233450026, 52.542230248965474 ], [ 17.033778682049238, 52.542127970609549 ], [ 17.033547717189723, 52.542381640834265 ], [ 17.033032058641759, 52.542579077362426 ], [ 17.0321572703523, 52.542873543532259 ], [ 17.031421672709083, 52.543077615920041 ], [ 17.030483482955791, 52.543278312240851 ], [ 17.029502476560932, 52.543303182739564 ], [ 17.029313827332818, 52.543742955275931 ], [ 17.029031538018042, 52.544387174427456 ], [ 17.028953399849328, 52.544622780433428 ], [ 17.029175921282356, 52.544935496094801 ], [ 17.028960875313107, 52.545210023287858 ], [ 17.028334176726126, 52.545621896916323 ], [ 17.027373034913648, 52.545956090759475 ], [ 17.026079295296096, 52.546171426176549 ], [ 17.024491353156815, 52.546165529896619 ], [ 17.022996155282218, 52.545975755755222 ] ], [ [ 17.069084780792931, 52.503740735715496 ], [ 17.068962197353883, 52.503841738001775 ], [ 17.068872445753527, 52.503963876767969 ], [ 17.068750538079907, 52.504049439387245 ], [ 17.068529907142633, 52.50407673828186 ], [ 17.068471547966812, 52.504060334944093 ], [ 17.068435697878765, 52.503915545074577 ], [ 17.068560539191001, 52.503763078576533 ], [ 17.06870932680491, 52.503641903860057 ], [ 17.068849905575572, 52.503515444792995 ], [ 17.068954267530259, 52.503445046150212 ], [ 17.06911698765094, 52.503391050454681 ], [ 17.069252376518314, 52.503382959912905 ], [ 17.069353128710265, 52.503394904584489 ], [ 17.069451400020792, 52.503463460453332 ], [ 17.069466688499194, 52.503499761078189 ], [ 17.06942000945935, 52.503602002515578 ], [ 17.069084780792931, 52.503740735715496 ] ], [ [ 17.072140500565798, 52.501606905676546 ], [ 17.071904368699528, 52.501603057199674 ], [ 17.071653397741123, 52.501552614912278 ], [ 17.071470118725934, 52.501498125507055 ], [ 17.071270874922121, 52.50142277487511 ], [ 17.071233890962507, 52.501303718162482 ], [ 17.071354659644204, 52.501243885266547 ], [ 17.07168378009019, 52.501244100529611 ], [ 17.072018405882467, 52.501311356690948 ], [ 17.072285341614027, 52.501382659013075 ], [ 17.072384964229858, 52.501420333523626 ], [ 17.072432861609176, 52.501482915921358 ], [ 17.072353809681672, 52.501553730021634 ], [ 17.072140500565798, 52.501606905676546 ] ], [ [ 17.044497730947729, 52.513445987400509 ], [ 17.049111812835701, 52.514629024115877 ], [ 17.048576217669503, 52.515716038046186 ], [ 17.044044681458651, 52.514501305390766 ], [ 17.044497730947729, 52.513445987400509 ] ], [ [ 17.045553730460494, 52.51649766841421 ], [ 17.047238765509665, 52.516971540750625 ], [ 17.050664286639805, 52.517892592361179 ], [ 17.049927557709218, 52.519444372808792 ], [ 17.049765673690572, 52.519634441250574 ], [ 17.045435664411436, 52.517327240227495 ], [ 17.045553730460494, 52.51649766841421 ] ], [ [ 17.016661638963658, 52.549900077347516 ], [ 17.018253829103575, 52.549849654882088 ], [ 17.018367310898334, 52.550137906931333 ], [ 17.016837554012419, 52.550205897513266 ], [ 17.016661638963658, 52.549900077347516 ] ], [ [ 17.012230050924259, 52.553410633978828 ], [ 17.012607639540718, 52.553251772150915 ], [ 17.012982144762514, 52.553560932630496 ], [ 17.012658222776036, 52.55373171036841 ], [ 17.012230050924259, 52.553410633978828 ] ], [ [ 17.012424733097145, 52.552301536340984 ], [ 17.012679908922198, 52.552052510140889 ], [ 17.013158180082915, 52.552264290738769 ], [ 17.012931330905573, 52.552486259711607 ], [ 17.012424733097145, 52.552301536340984 ] ], [ [ 17.011102588666983, 52.552571183528499 ], [ 17.010922473349936, 52.552358899236211 ], [ 17.011399108314745, 52.55220721265453 ], [ 17.011543116180864, 52.552418889558723 ], [ 17.011102588666983, 52.552571183528499 ] ], [ [ 17.017479066897462, 52.55300857571671 ], [ 17.017317069108323, 52.552994848410492 ], [ 17.017195151175326, 52.552893684140876 ], [ 17.017163507795523, 52.552794032230857 ], [ 17.017241185576623, 52.552674184793965 ], [ 17.017417171425759, 52.552578011248386 ], [ 17.017688984408608, 52.552560537248404 ], [ 17.017824642782859, 52.552557302623448 ], [ 17.017976867711553, 52.552587385871021 ], [ 17.018027311623761, 52.552670832110699 ], [ 17.017941352663758, 52.552774021069304 ], [ 17.017831039520818, 52.552816227673695 ], [ 17.017718989759622, 52.552896952438033 ], [ 17.017479066897462, 52.55300857571671 ] ], [ [ 17.038845002400144, 52.520896700637962 ], [ 17.039022283642208, 52.520767476522394 ], [ 17.039009143954086, 52.520657123295081 ], [ 17.038985757857521, 52.520574134097778 ], [ 17.039108421855556, 52.520455018135848 ], [ 17.039449301335438, 52.520300970810951 ], [ 17.039525434572369, 52.520010373426025 ], [ 17.039815614549063, 52.519778390150172 ], [ 17.03996259781168, 52.51992400129928 ], [ 17.03999643262782, 52.520177873328677 ], [ 17.040114150469581, 52.520372560398492 ], [ 17.040386001504288, 52.520349529439351 ], [ 17.040574011260578, 52.520181933325539 ], [ 17.040831697624991, 52.520274308962463 ], [ 17.041083057529718, 52.520306004803544 ], [ 17.041488262322204, 52.520329233319089 ], [ 17.041937103544193, 52.520386223236663 ], [ 17.042355000843095, 52.520327057281953 ], [ 17.043103303236993, 52.519942948966893 ], [ 17.043487801649682, 52.519822652167527 ], [ 17.043960305244976, 52.519753370034991 ], [ 17.044398412270336, 52.519848720549319 ], [ 17.044748512562787, 52.519893054158857 ], [ 17.045160068525284, 52.519773199101905 ], [ 17.045592106580735, 52.519598613289986 ], [ 17.045815687815217, 52.519442610108783 ], [ 17.045977343791908, 52.519258049959127 ], [ 17.046340124536279, 52.519219986796145 ], [ 17.046816023314904, 52.519277405024631 ], [ 17.047043992275526, 52.519022350185033 ], [ 17.047225127333594, 52.51921257003557 ], [ 17.047300700024024, 52.519340472970029 ], [ 17.047278265437402, 52.519439224494732 ], [ 17.047037624210219, 52.519572921739602 ], [ 17.046773581163979, 52.519623630669848 ], [ 17.046547804896317, 52.519829160299814 ], [ 17.046575830898316, 52.520011346321219 ], [ 17.046974445413376, 52.520183129914415 ], [ 17.04721216125462, 52.520115465693742 ], [ 17.047403072942529, 52.519881825606468 ], [ 17.047448918141402, 52.519662311561817 ], [ 17.047787322819914, 52.519563267241182 ], [ 17.048044777170098, 52.519661130028275 ], [ 17.048097676016877, 52.519893286889683 ], [ 17.048218356618737, 52.520021933359544 ], [ 17.048486055083796, 52.520092430321931 ], [ 17.048752778865861, 52.520184937655422 ], [ 17.048797880502782, 52.520389431743091 ], [ 17.048999265364763, 52.520530421819693 ], [ 17.04926891881777, 52.520556895102494 ], [ 17.049489079353076, 52.520681673598162 ], [ 17.049634635159141, 52.520860289514957 ], [ 17.049781410969182, 52.521011391534579 ], [ 17.049820178443603, 52.521155206371567 ], [ 17.049965980866304, 52.521328319150484 ], [ 17.050272703097288, 52.521537124199469 ], [ 17.050194684445582, 52.521668000803977 ], [ 17.04995574582729, 52.521763184687536 ], [ 17.04969778857572, 52.521880081647375 ], [ 17.049591484799294, 52.522038025428088 ], [ 17.049612697467175, 52.522170537400378 ], [ 17.049822626754235, 52.522322680336778 ], [ 17.050063033999724, 52.522398230522064 ], [ 17.050534342241722, 52.522560186299728 ], [ 17.050688929754319, 52.522738949607991 ], [ 17.050492656547547, 52.522889905113217 ], [ 17.050222013117054, 52.522885445462109 ], [ 17.049928205668188, 52.522792495232665 ], [ 17.04975533452718, 52.522618936304099 ], [ 17.049600507444094, 52.522445674556408 ], [ 17.049445925387527, 52.52226690987051 ], [ 17.049384483272753, 52.522023599390984 ], [ 17.049308169201364, 52.521708455757263 ], [ 17.048952447071731, 52.521179447911898 ], [ 17.048862480056968, 52.521172457548218 ], [ 17.048590140020881, 52.521206513456818 ], [ 17.048556734763167, 52.521349138351539 ], [ 17.048291218929858, 52.521432867009139 ], [ 17.047777014159134, 52.521424383742513 ], [ 17.04755368227358, 52.521371137671878 ], [ 17.047512969630322, 52.521271344065354 ], [ 17.047529312250404, 52.521106410813118 ], [ 17.047398877555821, 52.520994122988441 ], [ 17.047179209689364, 52.520858335178794 ], [ 17.046906637882671, 52.520694139821778 ], [ 17.046630405757501, 52.520612484877248 ], [ 17.046375376970094, 52.520663341779539 ], [ 17.046414621383537, 52.520796152161275 ], [ 17.046407784145043, 52.520950228713083 ], [ 17.046303424594669, 52.521064147600747 ], [ 17.045987687810101, 52.521058933564795 ], [ 17.045548343734449, 52.520991102458865 ], [ 17.045131177151308, 52.521033771478429 ], [ 17.04466939337912, 52.521064688146147 ], [ 17.044171769284194, 52.521089503792162 ], [ 17.043650015946714, 52.521047837156893 ], [ 17.043375988962556, 52.520916650134929 ], [ 17.043490354850427, 52.520780872173994 ], [ 17.043578635324874, 52.520622635694046 ], [ 17.043293144518511, 52.52054632657844 ], [ 17.043194921375751, 52.520318924585652 ], [ 17.042887722154575, 52.520324856974504 ], [ 17.04248272917842, 52.520499880471 ], [ 17.042348606225609, 52.520673877966537 ], [ 17.041908747715425, 52.520820788784697 ], [ 17.041613258529644, 52.520766337214212 ], [ 17.04137924023782, 52.520547699407679 ], [ 17.041161024297061, 52.520582634196032 ], [ 17.040743123068836, 52.520641795891621 ], [ 17.040468372640255, 52.520527110381856 ], [ 17.040327425264611, 52.520651431671823 ], [ 17.040115534271649, 52.520747043786002 ], [ 17.039869763509746, 52.520792533300728 ], [ 17.039742445190875, 52.521016201584729 ], [ 17.039975477720336, 52.521256853407486 ], [ 17.039626696825838, 52.521284115606889 ], [ 17.03916140072975, 52.521191050249058 ], [ 17.038670171669875, 52.520970897390661 ], [ 17.038845002400144, 52.520896700637962 ] ], [ [ 17.046313090786995, 52.518812039599524 ], [ 17.046189732876375, 52.518743921335883 ], [ 17.046158290366105, 52.51863877350354 ], [ 17.046198523881031, 52.518545822862748 ], [ 17.04633920378874, 52.518426997045893 ], [ 17.046474999799131, 52.518418225783272 ], [ 17.046635415916057, 52.518464928526591 ], [ 17.046711473915686, 52.518581826349688 ], [ 17.046696838346993, 52.518708240376426 ], [ 17.046621499929962, 52.51877858452481 ], [ 17.046313090786995, 52.518812039599524 ] ], [ [ 17.041769310519534, 52.516446104300812 ], [ 17.042249821664644, 52.516398988826012 ], [ 17.042287305001036, 52.516774069640157 ], [ 17.041880419368137, 52.516789363223545 ], [ 17.041769310519534, 52.516446104300812 ] ], [ [ 17.025359640730048, 52.51541892860326 ], [ 17.024962254853417, 52.515021313319977 ], [ 17.02498058659587, 52.513606374409569 ], [ 17.025092027737809, 52.513536646491879 ], [ 17.025464153625943, 52.513289545518624 ], [ 17.025766726118036, 52.513184459279934 ], [ 17.026172455912224, 52.512992984769852 ], [ 17.026406816385737, 52.512798650203678 ], [ 17.026820715820879, 52.512827581364192 ], [ 17.027201743468886, 52.512784374669607 ], [ 17.02731810903239, 52.512604591020349 ], [ 17.027077795066837, 52.512528995409291 ], [ 17.026582830137336, 52.512294961703375 ], [ 17.026902445209704, 52.512212184048806 ], [ 17.027512788906709, 52.512288443279083 ], [ 17.028109187657556, 52.512474602683419 ], [ 17.028637378974945, 52.512571513892645 ], [ 17.02912293921349, 52.512612644659164 ], [ 17.029557585828435, 52.512581337211387 ], [ 17.030042989607384, 52.512424217262989 ], [ 17.030471813944157, 52.512321221296389 ], [ 17.030787324260171, 52.51212822912634 ], [ 17.031188102624409, 52.51204679089976 ], [ 17.031654637665916, 52.512109621824841 ], [ 17.031996381387476, 52.512137334354982 ], [ 17.03228884992614, 52.512257841683251 ], [ 17.032050171057918, 52.512347486973226 ], [ 17.03174958649527, 52.512408567950978 ], [ 17.031373403540425, 52.512545485222589 ], [ 17.031049203472698, 52.512529076463309 ], [ 17.030741565679765, 52.512545983219361 ], [ 17.030399486570658, 52.512727519380242 ], [ 17.030410300787334, 52.513091147305033 ], [ 17.030560836064335, 52.513357979071195 ], [ 17.030730235837492, 52.513404853216606 ], [ 17.031106344334113, 52.513471687757288 ], [ 17.031185959457328, 52.51370980445936 ], [ 17.031188744773665, 52.514051271461859 ], [ 17.031276888853991, 52.514300543574251 ], [ 17.031746072418457, 52.514506594403919 ], [ 17.032037572111616, 52.514649113222866 ], [ 17.031659648869159, 52.51482455002018 ], [ 17.03113404624116, 52.514870872037818 ], [ 17.030586711477383, 52.514999431730374 ], [ 17.029968692728215, 52.515093771217437 ], [ 17.0293638776966, 52.515094712074564 ], [ 17.028721505704013, 52.515128064777677 ], [ 17.028058875474972, 52.515210637416004 ], [ 17.027494720808264, 52.515311368596201 ], [ 17.026803053628175, 52.515437504404296 ], [ 17.026323524730316, 52.515462546396314 ], [ 17.025627026695204, 52.515494979374374 ], [ 17.025359640730048, 52.51541892860326 ] ], [ [ 17.039482335315991, 52.523005342848165 ], [ 17.039865155123856, 52.52292357720728 ], [ 17.040236055165881, 52.522703943662322 ], [ 17.040540618167856, 52.522554798383581 ], [ 17.040841260765834, 52.522493695724926 ], [ 17.041209910523232, 52.522527333285872 ], [ 17.041532474960245, 52.522582233942963 ], [ 17.042013542986901, 52.522524114695351 ], [ 17.042424184676229, 52.522222530510938 ], [ 17.042716077060614, 52.521952021154846 ], [ 17.043093774487712, 52.521782052127328 ], [ 17.043643088582119, 52.521813163339509 ], [ 17.04389247763973, 52.522092625062676 ], [ 17.043799549212178, 52.522355413479644 ], [ 17.043185337921376, 52.52256552750962 ], [ 17.042683781474832, 52.522678380256146 ], [ 17.042540386361051, 52.522857731331051 ], [ 17.042704208255628, 52.523031151288535 ], [ 17.043108705239629, 52.52307088265745 ], [ 17.043557359398925, 52.522929619507224 ], [ 17.043742652070431, 52.523026298292713 ], [ 17.043887458309452, 52.523221429231079 ], [ 17.044269025708402, 52.523370912837073 ], [ 17.044672794078711, 52.523427147075758 ], [ 17.045161422882241, 52.523402180534191 ], [ 17.045454753974724, 52.523302398006521 ], [ 17.04624379217789, 52.523018064514368 ], [ 17.046768244825515, 52.523202939937029 ], [ 17.047071546722581, 52.523488791465482 ], [ 17.047462637242507, 52.523627408331471 ], [ 17.047911032260238, 52.523695381427636 ], [ 17.048366498574399, 52.523807523547291 ], [ 17.048769056940117, 52.523891257582754 ], [ 17.04912089940111, 52.524100809534161 ], [ 17.049248421191997, 52.524279128418122 ], [ 17.049561499618637, 52.524344864129418 ], [ 17.049891401815326, 52.524234659966098 ], [ 17.050189115472236, 52.524035816294258 ], [ 17.050534863840237, 52.523975432327553 ], [ 17.050992532767093, 52.524038039720118 ], [ 17.051314146709355, 52.524114924906229 ], [ 17.051348536871679, 52.524357788689763 ], [ 17.051441442846446, 52.524502494480195 ], [ 17.051755500486514, 52.524546213440971 ], [ 17.052032984514565, 52.524600342954713 ], [ 17.052187597458595, 52.524982854613128 ], [ 17.051867934806939, 52.525065699972203 ], [ 17.051638977289837, 52.52513902461331 ], [ 17.051668488618883, 52.525288193028231 ], [ 17.051989138748926, 52.525387087453623 ], [ 17.052381235817858, 52.525503677338655 ], [ 17.052519014187734, 52.525654627584409 ], [ 17.052718730688127, 52.525834130806992 ], [ 17.05291234774355, 52.525947452230824 ], [ 17.053075248457382, 52.526142869250876 ], [ 17.053067946400095, 52.526307951774605 ], [ 17.052717070507541, 52.526483900715839 ], [ 17.052294001334644, 52.5264549102994 ], [ 17.05206794796457, 52.526258452533817 ], [ 17.052006973389346, 52.526004137882133 ], [ 17.051960146978242, 52.525838164234322 ], [ 17.051581464080485, 52.525826422257893 ], [ 17.051148900157624, 52.526012034894279 ], [ 17.050821424401253, 52.526067214998399 ], [ 17.050601720900616, 52.525931433305871 ], [ 17.050518563479812, 52.525566617169105 ], [ 17.050274966157691, 52.525358853288608 ], [ 17.050146949648557, 52.525191540955646 ], [ 17.049938956064501, 52.52499537658764 ], [ 17.049506149951988, 52.524778985766261 ], [ 17.049227450049745, 52.524548613932069 ], [ 17.048911934403396, 52.524334154611729 ], [ 17.048628361629802, 52.524213836182831 ], [ 17.048214583004665, 52.524179477458198 ], [ 17.047772275712887, 52.524177687144665 ], [ 17.047320458599778, 52.524186751757071 ], [ 17.04720099012755, 52.524030590703617 ], [ 17.04702934578938, 52.523829514215691 ], [ 17.046638987442581, 52.523674387721407 ], [ 17.046325674103347, 52.523614147089582 ], [ 17.046089647675092, 52.52364329018193 ], [ 17.045532979112735, 52.52377727195384 ], [ 17.045037768548337, 52.52374706366011 ], [ 17.044414300822883, 52.523758787632879 ], [ 17.043704067402064, 52.523488228697296 ], [ 17.043528772690845, 52.523369688128561 ], [ 17.043008675539191, 52.523493249245412 ], [ 17.042539311275664, 52.523490991785884 ], [ 17.042296219463328, 52.523475956292586 ], [ 17.041887838327099, 52.523320515764972 ], [ 17.041649643778928, 52.523195424621456 ], [ 17.041053247825438, 52.523207578905982 ], [ 17.040752151157449, 52.523075937699851 ], [ 17.040564170670702, 52.523039784134433 ], [ 17.040411254394972, 52.523229988545097 ], [ 17.040111831150607, 52.523263576493733 ], [ 17.039705865099773, 52.523256851147764 ], [ 17.039228953039707, 52.523221414858874 ], [ 17.039012192981911, 52.523223329275382 ], [ 17.038984441768193, 52.523035639134243 ], [ 17.039482335315991, 52.523005342848165 ] ], [ [ 17.037167827445895, 52.5330003001121 ], [ 17.036679333767296, 52.533019729826613 ], [ 17.036241359407224, 52.532918847122694 ], [ 17.036039714748917, 52.532783338144746 ], [ 17.036010315619873, 52.532430417223473 ], [ 17.036057705728751, 52.532177892582204 ], [ 17.036483763932374, 52.53214090917146 ], [ 17.036811978752525, 52.532273010651096 ], [ 17.037225332490117, 52.532318415251119 ], [ 17.037440174074359, 52.532360526099353 ], [ 17.037609654045806, 52.532407391037019 ], [ 17.037552456598103, 52.532880024125959 ], [ 17.037167827445895, 52.5330003001121 ] ], [ [ 17.039766033080479, 52.532244889931064 ], [ 17.040033591073136, 52.532117159724791 ], [ 17.040338220730419, 52.531968015833456 ], [ 17.040787954907941, 52.531804753539532 ], [ 17.041136716076508, 52.531678365362751 ], [ 17.041458895533751, 52.531540522672351 ], [ 17.041562558406511, 52.53144311673784 ], [ 17.04150502887958, 52.531315509040127 ], [ 17.0413953203145, 52.53114298353654 ], [ 17.041119768489541, 52.531044807200182 ], [ 17.040782526448329, 52.530912568207015 ], [ 17.040635994691112, 52.530755952536992 ], [ 17.040458272402397, 52.53048868488888 ], [ 17.040455907497702, 52.530136212880997 ], [ 17.040689074007926, 52.529969364361591 ], [ 17.040974865780797, 52.530040177489887 ], [ 17.041370157532821, 52.530085268693867 ], [ 17.041707921626923, 52.530002750969885 ], [ 17.042052259202212, 52.529975408682404 ], [ 17.04231122946042, 52.530040267983551 ], [ 17.042478437765169, 52.530085073550872 ], [ 17.042723752935061, 52.531585275990146 ], [ 17.042484811859694, 52.531821823542224 ], [ 17.042052395677565, 52.532001899085927 ], [ 17.041555588375108, 52.532208441155028 ], [ 17.041336334815249, 52.532265386468296 ], [ 17.04081853464054, 52.532537659117388 ], [ 17.040452208983673, 52.532652741999613 ], [ 17.040070775611085, 52.532701492385847 ], [ 17.039789380307205, 52.532531628326502 ], [ 17.039766033080479, 52.532244889931064 ] ], [ [ 17.050288831585881, 52.512203421693151 ], [ 17.050351479165503, 52.512215467661221 ], [ 17.050605236468801, 52.512192115379342 ], [ 17.050929442738333, 52.512208470592874 ], [ 17.051341894002984, 52.512270332609418 ], [ 17.051911812681098, 52.512241171152169 ], [ 17.052495373610643, 52.512107602934734 ], [ 17.053078687788656, 52.511979534565633 ], [ 17.053473588099596, 52.512030086777699 ], [ 17.053656425653841, 52.512181777626708 ], [ 17.053621828321543, 52.512351918211088 ], [ 17.053498253428373, 52.512493061033346 ], [ 17.053227205499024, 52.512703365080249 ], [ 17.053182370283036, 52.512900870903316 ], [ 17.053134128736993, 52.51317541538458 ], [ 17.053040545605409, 52.513454720439519 ], [ 17.0527792390345, 52.513648663494749 ], [ 17.052438929191727, 52.513587994205416 ], [ 17.052048641177663, 52.513432886000473 ], [ 17.051758057193954, 52.513268404879149 ], [ 17.051442851934539, 52.513048449826464 ], [ 17.051134477472292, 52.512878167345654 ], [ 17.050701295765858, 52.51267278708756 ], [ 17.050130635590968, 52.512514700364129 ], [ 17.050288831585881, 52.512203421693151 ] ], [ [ 17.076519567989788, 52.501624801487409 ], [ 17.076433960760156, 52.501518781110505 ], [ 17.076295452222784, 52.501384366619753 ], [ 17.07632899132512, 52.501236229585963 ], [ 17.076570644786525, 52.501074956309679 ], [ 17.077005148066309, 52.501043473065643 ], [ 17.077206297430482, 52.501189918431102 ], [ 17.077313914143378, 52.501411937852545 ], [ 17.077243828964264, 52.501570494644334 ], [ 17.077132259711536, 52.501645775748429 ], [ 17.076770609207973, 52.501661923676529 ], [ 17.076519567989788, 52.501624801487409 ] ], [ [ 17.073497083877303, 52.514723507977955 ], [ 17.074404061428837, 52.514933762796026 ], [ 17.074236340544829, 52.515363312542576 ], [ 17.073295618076468, 52.515202067701637 ], [ 17.073497083877303, 52.514723507977955 ] ], [ [ 17.024342021160827, 52.548220527074029 ], [ 17.024516870823629, 52.548089541669867 ], [ 17.024600245162098, 52.547926128182887 ], [ 17.024615159186546, 52.547782172583879 ], [ 17.024570955047476, 52.54770531052165 ], [ 17.024562075895023, 52.547647382298997 ], [ 17.024618274540625, 52.547524716468573 ], [ 17.0247690720714, 52.547552984259788 ], [ 17.024830366647649, 52.547693061658357 ], [ 17.024939648813213, 52.547705185844485 ], [ 17.025111721598666, 52.547635955177341 ], [ 17.025187698389828, 52.547637223020793 ], [ 17.025387530543131, 52.547702359376323 ], [ 17.025380367815231, 52.547861894874174 ], [ 17.025468376849535, 52.547971516685074 ], [ 17.025488388602913, 52.54809030427996 ], [ 17.025272256189822, 52.548200001613218 ], [ 17.024803325158409, 52.548295179277645 ], [ 17.024453273743028, 52.548376889129131 ], [ 17.02434422124136, 52.548359618177429 ], [ 17.024342021160827, 52.548220527074029 ] ], [ [ 17.021891521267378, 52.548053059310895 ], [ 17.021944963057202, 52.548057800648373 ], [ 17.022004020729497, 52.548078028161356 ], [ 17.02210978037926, 52.548112504472783 ], [ 17.022232173857997, 52.548128018251006 ], [ 17.022347913981985, 52.548151116886849 ], [ 17.022471690829672, 52.548135868861785 ], [ 17.022663080722911, 52.548090965748635 ], [ 17.022850106384677, 52.548072926002874 ], [ 17.022979153362748, 52.548080853997256 ], [ 17.023047932263427, 52.548095471257938 ], [ 17.023083186200413, 52.548114938413136 ], [ 17.023137145948656, 52.548146986620104 ], [ 17.023087418902282, 52.548200029129298 ], [ 17.023019978733224, 52.548225839134055 ], [ 17.022889202718584, 52.54825636313776 ], [ 17.022793723654679, 52.548274008419007 ], [ 17.022673705424182, 52.54827585128897 ], [ 17.022553773631824, 52.548275771439641 ], [ 17.022419670429123, 52.54831008741678 ], [ 17.022315542783808, 52.548333192533576 ], [ 17.022141874294029, 52.548311217180142 ], [ 17.021935150949922, 52.548205787889245 ], [ 17.02182053510759, 52.548157695094019 ], [ 17.021810946543702, 52.548090193341991 ], [ 17.021891521267378, 52.548053059310895 ] ], [ [ 17.021282263995143, 52.548266063076476 ], [ 17.021395974576212, 52.548264116161356 ], [ 17.02148937835528, 52.548292614323046 ], [ 17.021553359954485, 52.548343709053093 ], [ 17.02157379347695, 52.548380607450866 ], [ 17.021544757297313, 52.548464779893777 ], [ 17.021439296789218, 52.548493801474891 ], [ 17.021373498671295, 52.548483081200608 ], [ 17.021239700231348, 52.548440439255621 ], [ 17.021201122515702, 52.548385921039404 ], [ 17.021192226900194, 52.5483030384814 ], [ 17.021282263995143, 52.548266063076476 ] ], [ [ 17.084498624382739, 52.50624451294572 ], [ 17.084513478610276, 52.506291104783287 ], [ 17.084514338669145, 52.506368370912746 ], [ 17.084522849681907, 52.506463786435837 ], [ 17.084560992645244, 52.506557106662875 ], [ 17.084577602394937, 52.506660378525915 ], [ 17.084619739003223, 52.506758913536835 ], [ 17.084602947254915, 52.506853919376333 ], [ 17.084502147490426, 52.506939839798193 ], [ 17.084349097899093, 52.506965687386632 ], [ 17.084278972632688, 52.50692850080835 ], [ 17.08430300402653, 52.506764085264464 ], [ 17.084313600374262, 52.506617477670481 ], [ 17.084281801442277, 52.506475333697651 ], [ 17.084260079981679, 52.50639257959579 ], [ 17.084234477233107, 52.506302037414244 ], [ 17.084263473202064, 52.506217529542262 ], [ 17.084370579660643, 52.506180637843862 ], [ 17.084437158155765, 52.506202316507995 ], [ 17.084498624382739, 52.50624451294572 ] ], [ [ 17.096013215124596, 52.510541681844664 ], [ 17.094365805250046, 52.510443569926913 ], [ 17.094956489541744, 52.509098426302515 ], [ 17.096741494580389, 52.509352932543365 ], [ 17.09629308645351, 52.510122167241981 ], [ 17.097117611156708, 52.510256580215092 ], [ 17.096599405821202, 52.511178881825373 ], [ 17.095838714219575, 52.51102897257968 ], [ 17.096013215124596, 52.510541681844664 ] ], [ [ 17.094393404006432, 52.511683029587537 ], [ 17.094610163085125, 52.511262502307247 ], [ 17.095604405250295, 52.511438206077216 ], [ 17.095361548402447, 52.511836288037244 ], [ 17.094393404006432, 52.511683029587537 ] ], [ [ 17.090577865218656, 52.508923208865454 ], [ 17.091206840349315, 52.508779170118338 ], [ 17.091437904885382, 52.509278504445987 ], [ 17.090855926113793, 52.509379248960329 ], [ 17.090577865218656, 52.508923208865454 ] ], [ [ 17.093850628915828, 52.508166495402762 ], [ 17.095085923398695, 52.508401155115152 ], [ 17.094825491300462, 52.508997195553299 ], [ 17.093544134940682, 52.508783817917973 ], [ 17.093850628915828, 52.508166495402762 ] ], [ [ 17.087315401276712, 52.508193178730671 ], [ 17.087455282261953, 52.507881555889739 ], [ 17.088082282855595, 52.507990811968817 ], [ 17.087898507092937, 52.508274192363018 ], [ 17.087315401276712, 52.508193178730671 ] ], [ [ 17.086653651041086, 52.507637310409756 ], [ 17.086779322331779, 52.507237350610964 ], [ 17.087371193988925, 52.507324015451964 ], [ 17.087262847958712, 52.507740776186409 ], [ 17.086653651041086, 52.507637310409756 ] ], [ [ 17.083320636121645, 52.507495249629891 ], [ 17.084142676356411, 52.507684780915064 ], [ 17.084672375906376, 52.507748425410981 ], [ 17.085286592997551, 52.507736341038203 ], [ 17.085730892710174, 52.50768846368792 ], [ 17.086155241610165, 52.507684315869461 ], [ 17.086855101475802, 52.507778236927969 ], [ 17.086594496786127, 52.508583513430615 ], [ 17.084824751333844, 52.508395181356008 ], [ 17.083668048278998, 52.508222261369987 ], [ 17.082923095668786, 52.508127590747385 ], [ 17.083320636121645, 52.507495249629891 ] ], [ [ 17.111922427553537, 52.510813169013069 ], [ 17.11410900040649, 52.511178447509067 ], [ 17.113593085739733, 52.512266059215534 ], [ 17.111478855775449, 52.511896419653965 ], [ 17.111922427553537, 52.510813169013069 ] ], [ [ 17.122143026749583, 52.5187678299393 ], [ 17.121954525069185, 52.518742811181063 ], [ 17.122034673347514, 52.518556855386031 ], [ 17.122269584372301, 52.518340315555832 ], [ 17.122520892196516, 52.518162582391447 ], [ 17.122758719320171, 52.518089262202487 ], [ 17.123011068445461, 52.518098772487562 ], [ 17.123042225477292, 52.518214907556022 ], [ 17.122796421004342, 52.518475329696209 ], [ 17.122491456024271, 52.518641198587453 ], [ 17.122143026749583, 52.5187678299393 ] ] ], [ [ [ 17.013492086409205, 52.550050019045713 ], [ 17.013670517116182, 52.549835841096957 ], [ 17.013742285037367, 52.549699883821923 ], [ 17.013890803248263, 52.549525209036972 ], [ 17.014162911044973, 52.549312602426539 ], [ 17.014339788352483, 52.54913268787309 ], [ 17.014281689495203, 52.548965975868121 ], [ 17.013932924813144, 52.548800101330549 ], [ 17.01349203074248, 52.548598388866282 ], [ 17.01284414381929, 52.548401409957961 ], [ 17.012196777803776, 52.548216590175052 ], [ 17.011139099618916, 52.547764473941712 ], [ 17.010653008685352, 52.54773344352072 ], [ 17.010012900098523, 52.547791262637276 ], [ 17.009623652521384, 52.547899018319718 ], [ 17.009316128535914, 52.548065298246897 ], [ 17.008908977138407, 52.548361348105608 ], [ 17.008897342602175, 52.548618330988027 ], [ 17.009017894015088, 52.548854677439763 ], [ 17.009342734268863, 52.549134465764347 ], [ 17.009606395670872, 52.549316067894516 ], [ 17.009967100031702, 52.549425005242632 ], [ 17.010391057975653, 52.549586440602347 ], [ 17.010711452268307, 52.549757563815938 ], [ 17.010965754834171, 52.54993900552126 ], [ 17.011177608615053, 52.550022577003276 ], [ 17.011543228880043, 52.550023005617497 ], [ 17.011831063127019, 52.550084992204297 ], [ 17.012388513716761, 52.550197227142327 ], [ 17.013119499396169, 52.55020378653149 ], [ 17.013492086409205, 52.550050019045713 ] ] ], [ [ [ 17.040886747910097, 52.532221077245204 ], [ 17.040966020826225, 52.532147712371419 ], [ 17.040931252946873, 52.532075034494092 ], [ 17.040810720987292, 52.532031837585272 ], [ 17.040587661643301, 52.532015268717444 ], [ 17.040404047176885, 52.532061154610332 ], [ 17.040194657055498, 52.532116913638497 ], [ 17.040144575550865, 52.532198486744065 ], [ 17.040224058299369, 52.532215253665449 ], [ 17.040393869273892, 52.532194890259802 ], [ 17.040486010592996, 52.532211866639493 ], [ 17.040484062726534, 52.532255610755627 ], [ 17.040409695830839, 52.532313606074297 ], [ 17.040262336579236, 52.532398718369535 ], [ 17.040094452190875, 52.532470615118591 ], [ 17.039994308845841, 52.53253848355898 ], [ 17.040038775264115, 52.532582996470168 ], [ 17.040145409461939, 52.532559011872472 ], [ 17.040346477311097, 52.532500540013849 ], [ 17.040665137799984, 52.532361612445406 ], [ 17.040886747910097, 52.532221077245204 ] ] ] ] } }
]
}
