{
"type": "FeatureCollection",
"name": "las_2024",
"crs": { "type": "name", "properties": { "name": "urn:ogc:def:crs:OGC:1.3:CRS84" } },
"features": [
{ "type": "Feature", "properties": { "gml_id": null, "lokalnyId": null, "przestrzen": null, "wersjaId": null, "czyObiektB": null, "x_kod": null, "x_skrKarto": null, "x_katDoklG": null, "x_doklGeom": null, "x_doklGe_1": null, "x_zrodloDa": null, "x_zrodlo_1": null, "x_katIstni": null, "x_rodzajRe": null, "x_aktualno": null, "x_aktual_1": null, "poczatekWe": null, "x_dataUtwo": null, "x_kodKarto": null, "x_kodKar_1": null, "x_kodKar_2": null, "x_kodKar_3": null, "x_kodKar_4": null, "x_kodKar_5": null, "x_kodKar_6": null, "nazwa": null, "idPRG": null, "idTerytJed": null, "idTerytTer": null, "rodzaj": null, "PRG|BT_Ref": null, "PRG|BT_R_1": null, "x_informDo": null }, "geometry": { "type": "MultiPolygon", "coordinates": [ [ [ [ 17.074886855518756, 52.488951330078315 ], [ 17.075218076701447, 52.48885688466725 ], [ 17.075452511174504, 52.489035367055742 ], [ 17.07590255957302, 52.488885290119093 ], [ 17.076112404083073, 52.489049969787636 ], [ 17.076205136308435, 52.489014961556812 ], [ 17.075010399651855, 52.488086028363412 ], [ 17.074256376136578, 52.488452410999692 ], [ 17.074886855518756, 52.488951330078315 ] ] ] ] } },
{ "type": "Feature", "properties": { "gml_id": "OT_ADJA_A.20", "lokalnyId": "322BD60C-5C60-598B-E053-CC2BA8C05138", "przestrzen": "PL.PZGiK.308.BDOT10k", "wersjaId": "2022-01-20T00:00:00", "czyObiektB": 0, "x_kod": "ADJA05", "x_skrKarto": null, "x_katDoklG": "Dok", "x_doklGeom": 1, "x_doklGe_1": "m", "x_zrodloDa": "PRG", "x_zrodlo_1": "PRG", "x_katIstni": null, "x_rodzajRe": "ZP", "x_aktualno": "2022-01-20", "x_aktual_1": "2022-01-20", "poczatekWe": "2022-01-20T00:00:00", "x_dataUtwo": "2012-11-13", "x_kodKarto": "0010_505", "x_kodKar_1": "0025_505", "x_kodKar_2": "0050_505", "x_kodKar_3": "0100_505", "x_kodKar_4": null, "x_kodKar_5": null, "x_kodKar_6": null, "nazwa": "Czerwonak", "idPRG": 1030210420, "idTerytJed": 3021, "idTerytTer": 3021042, "rodzaj": "GW", "PRG|BT_Ref": 1030210420, "PRG|BT_R_1": "PL.PZGiK.200", "x_informDo": null }, "geometry": { "type": "MultiPolygon", "coordinates": [ [ [ [ 16.956011177064408, 52.554398114395944 ], [ 16.955681410387569, 52.554279899929725 ], [ 16.955229717916172, 52.554159398135596 ], [ 16.954614925779509, 52.553963761739176 ], [ 16.954362987927503, 52.553863348177998 ], [ 16.954092478467434, 52.553740307156268 ], [ 16.953845003748793, 52.553601114245296 ], [ 16.953596612477575, 52.553449942532872 ], [ 16.953263003173941, 52.553313126503504 ], [ 16.953191174607767, 52.55327603449404 ], [ 16.953240446532526, 52.553357078311429 ], [ 16.953474717057652, 52.553602356829657 ], [ 16.954200820885589, 52.55392989108617 ], [ 16.955659344519226, 52.55431333732831 ], [ 16.956276709817246, 52.55450045150593 ], [ 16.956011177064408, 52.554398114395944 ] ] ] ] } },
{ "type": "Feature", "properties": { "gml_id": "OT_ADJA_A.20", "lokalnyId": "322BD60C-5C60-598B-E053-CC2BA8C05138", "przestrzen": "PL.PZGiK.308.BDOT10k", "wersjaId": "2022-01-20T00:00:00", "czyObiektB": 0, "x_kod": "ADJA05", "x_skrKarto": null, "x_katDoklG": "Dok", "x_doklGeom": 1, "x_doklGe_1": "m", "x_zrodloDa": "PRG", "x_zrodlo_1": "PRG", "x_katIstni": null, "x_rodzajRe": "ZP", "x_aktualno": "2022-01-20", "x_aktual_1": "2022-01-20", "poczatekWe": "2022-01-20T00:00:00", "x_dataUtwo": "2012-11-13", "x_kodKarto": "0010_505", "x_kodKar_1": "0025_505", "x_kodKar_2": "0050_505", "x_kodKar_3": "0100_505", "x_kodKar_4": null, "x_kodKar_5": null, "x_kodKar_6": null, "nazwa": "Czerwonak", "idPRG": 1030210420, "idTerytJed": 3021, "idTerytTer": 3021042, "rodzaj": "GW", "PRG|BT_Ref": 1030210420, "PRG|BT_R_1": "PL.PZGiK.200", "x_informDo": null }, "geometry": { "type": "MultiPolygon", "coordinates": [ [ [ [ 16.956516130831574, 52.525563144285137 ], [ 16.956537155937774, 52.525554962796427 ], [ 16.956540470070696, 52.525547105020756 ], [ 16.956532793299345, 52.525521878240625 ], [ 16.95651633515654, 52.525507922599395 ], [ 16.95650129184714, 52.525504784593664 ], [ 16.956500161192015, 52.525504932922516 ], [ 16.95649386328521, 52.525566518851278 ], [ 16.956516130831574, 52.525563144285137 ] ] ] ] } },
{ "type": "Feature", "properties": { "gml_id": "OT_ADJA_A.20", "lokalnyId": "322BD60C-5C60-598B-E053-CC2BA8C05138", "przestrzen": "PL.PZGiK.308.BDOT10k", "wersjaId": "2022-01-20T00:00:00", "czyObiektB": 0, "x_kod": "ADJA05", "x_skrKarto": null, "x_katDoklG": "Dok", "x_doklGeom": 1, "x_doklGe_1": "m", "x_zrodloDa": "PRG", "x_zrodlo_1": "PRG", "x_katIstni": null, "x_rodzajRe": "ZP", "x_aktualno": "2022-01-20", "x_aktual_1": "2022-01-20", "poczatekWe": "2022-01-20T00:00:00", "x_dataUtwo": "2012-11-13", "x_kodKarto": "0010_505", "x_kodKar_1": "0025_505", "x_kodKar_2": "0050_505", "x_kodKar_3": "0100_505", "x_kodKar_4": null, "x_kodKar_5": null, "x_kodKar_6": null, "nazwa": "Czerwonak", "idPRG": 1030210420, "idTerytJed": 3021, "idTerytTer": 3021042, "rodzaj": "GW", "PRG|BT_Ref": 1030210420, "PRG|BT_R_1": "PL.PZGiK.200", "x_informDo": null }, "geometry": { "type": "MultiPolygon", "coordinates": [ [ [ [ 16.956568172144429, 52.525166403553783 ], [ 16.956578557564985, 52.525155519887065 ], [ 16.956576236695597, 52.525132454305876 ], [ 16.956570926597092, 52.525123719926029 ], [ 16.956550492171139, 52.525166144317836 ], [ 16.956568172144429, 52.525166403553783 ] ] ] ] } },
{ "type": "Feature", "properties": { "gml_id": "OT_ADJA_A.20", "lokalnyId": "322BD60C-5C60-598B-E053-CC2BA8C05138", "przestrzen": "PL.PZGiK.308.BDOT10k", "wersjaId": "2022-01-20T00:00:00", "czyObiektB": 0, "x_kod": "ADJA05", "x_skrKarto": null, "x_katDoklG": "Dok", "x_doklGeom": 1, "x_doklGe_1": "m", "x_zrodloDa": "PRG", "x_zrodlo_1": "PRG", "x_katIstni": null, "x_rodzajRe": "ZP", "x_aktualno": "2022-01-20", "x_aktual_1": "2022-01-20", "poczatekWe": "2022-01-20T00:00:00", "x_dataUtwo": "2012-11-13", "x_kodKarto": "0010_505", "x_kodKar_1": "0025_505", "x_kodKar_2": "0050_505", "x_kodKar_3": "0100_505", "x_kodKar_4": null, "x_kodKar_5": null, "x_kodKar_6": null, "nazwa": "Czerwonak", "idPRG": 1030210420, "idTerytJed": 3021, "idTerytTer": 3021042, "rodzaj": "GW", "PRG|BT_Ref": 1030210420, "PRG|BT_R_1": "PL.PZGiK.200", "x_informDo": null }, "geometry": { "type": "MultiPolygon", "coordinates": [ [ [ [ 16.961232758035997, 52.521101206203255 ], [ 16.960857831026047, 52.52168603232456 ], [ 16.960684890747697, 52.521908359592068 ], [ 16.96101107875856, 52.521942943278823 ], [ 16.961134933026905, 52.521911259011539 ], [ 16.961252239537899, 52.521820369020105 ], [ 16.961349448807756, 52.521816377646488 ], [ 16.961904561680434, 52.521890700698862 ], [ 16.962780872537163, 52.521862170561803 ], [ 16.963169132430323, 52.521801307920462 ], [ 16.963497687495323, 52.521784747755916 ], [ 16.96378341024668, 52.521696394323961 ], [ 16.963860425259419, 52.521727311105565 ], [ 16.963912311057047, 52.52180420611834 ], [ 16.963892995201544, 52.521922149127803 ], [ 16.963741903177571, 52.522048617433207 ], [ 16.963386661483071, 52.522189380317961 ], [ 16.963231921285047, 52.522241671911793 ], [ 16.963053919786351, 52.522296351070736 ], [ 16.962948940452947, 52.52231846856057 ], [ 16.962842399763819, 52.522326527919553 ], [ 16.962660013990167, 52.522326175644665 ], [ 16.962460664259833, 52.522319594686046 ], [ 16.962211977786048, 52.522381779761361 ], [ 16.961857747781664, 52.52239861364361 ], [ 16.961507199259554, 52.522396441914175 ], [ 16.961163077263947, 52.522351027209865 ], [ 16.961124445644163, 52.522350991086604 ], [ 16.960812601610947, 52.522350473654008 ], [ 16.960431481070639, 52.522327084838572 ], [ 16.960176873713017, 52.522650628856802 ], [ 16.959945435498067, 52.522852788568052 ], [ 16.959569693881072, 52.523085468487523 ], [ 16.959168381725824, 52.523351165085238 ], [ 16.959022641279983, 52.523447678700528 ], [ 16.958933813005803, 52.523502990529778 ], [ 16.958453681100785, 52.523801953168928 ], [ 16.957980249849715, 52.524131160559783 ], [ 16.95791335215446, 52.524177765859228 ], [ 16.957821563088388, 52.524245977606562 ], [ 16.957606824988165, 52.524405608047083 ], [ 16.957374454822343, 52.524681410335859 ], [ 16.957229666241425, 52.524982829154219 ], [ 16.957173023303486, 52.52535493616147 ], [ 16.957282137272912, 52.525854026801426 ], [ 16.957366162455703, 52.526083483784774 ], [ 16.957520801422699, 52.52631029213596 ], [ 16.95767406017309, 52.526516029705554 ], [ 16.958132543180465, 52.526954681349771 ], [ 16.9583961799182, 52.52721943670322 ], [ 16.958455219787119, 52.52727873868443 ], [ 16.958741595798788, 52.527644712006136 ], [ 16.959340969876415, 52.528270352900762 ], [ 16.959901304964916, 52.528755455710886 ], [ 16.960319489751658, 52.529100402262202 ], [ 16.960558904330668, 52.529363295877026 ], [ 16.96072025119576, 52.529554148119637 ], [ 16.960783013978595, 52.529743301117989 ], [ 16.960898113295041, 52.529738718888517 ], [ 16.961462066843175, 52.529783514321295 ], [ 16.961568596701124, 52.529792005450261 ], [ 16.962334740441595, 52.529852871892189 ], [ 16.962530254662784, 52.52986658222374 ], [ 16.962662998931599, 52.529875883538701 ], [ 16.96399881969672, 52.529969572293851 ], [ 16.96554466261335, 52.530075941525801 ], [ 16.965772179924457, 52.530086509076817 ], [ 16.96578984283682, 52.530087262456767 ], [ 16.96658226512416, 52.530106279806269 ], [ 16.967559910572007, 52.53011282348654 ], [ 16.967923109637916, 52.530120230910889 ], [ 16.968330702587163, 52.530114818087526 ], [ 16.968738299622441, 52.530109313987118 ], [ 16.969092594877797, 52.530117914111557 ], [ 16.969628247490721, 52.530114694786597 ], [ 16.969691834312929, 52.530117404872577 ], [ 16.969786772469128, 52.530121462352028 ], [ 16.969855062540248, 52.530124522879042 ], [ 16.969912838105131, 52.530131720235524 ], [ 16.970340579718876, 52.530204267061492 ], [ 16.970993147374635, 52.530297847004093 ], [ 16.971412320427319, 52.530370782651815 ], [ 16.971552167067486, 52.530296458737645 ], [ 16.971907895978525, 52.530078778248345 ], [ 16.972038640855381, 52.529997102315136 ], [ 16.972557511129008, 52.529644243262616 ], [ 16.972588550000477, 52.529482697713888 ], [ 16.972602592641334, 52.529376355801681 ], [ 16.972608339224273, 52.52925161329555 ], [ 16.97263709173858, 52.528896381129044 ], [ 16.972612917058399, 52.528611207147051 ], [ 16.972980717861937, 52.528499233576888 ], [ 16.973557996634643, 52.528315384494242 ], [ 16.973815581239375, 52.528175617062594 ], [ 16.973964686505568, 52.528146600314422 ], [ 16.974122814254667, 52.528081760639431 ], [ 16.97414838308184, 52.528010064092754 ], [ 16.974086276788977, 52.527914380608777 ], [ 16.973924716276894, 52.527893625598878 ], [ 16.973777891657786, 52.527873122718894 ], [ 16.97360523531297, 52.527933215958548 ], [ 16.973361299057562, 52.527933535119757 ], [ 16.972779658553907, 52.527892001081774 ], [ 16.972498984889519, 52.527908688264816 ], [ 16.97245825859493, 52.527560270411577 ], [ 16.972382402924872, 52.526738779429508 ], [ 16.972334672681836, 52.525489281278304 ], [ 16.972381093717654, 52.524225476459527 ], [ 16.972358955659221, 52.523550433583125 ], [ 16.972357733079022, 52.522936730533118 ], [ 16.972401349883867, 52.521522402269056 ], [ 16.972371800301207, 52.520854607440171 ], [ 16.972347225299387, 52.520600636443334 ], [ 16.972268920909855, 52.520475982314238 ], [ 16.972089301457487, 52.52023329504236 ], [ 16.971810038982017, 52.519935563035069 ], [ 16.971747217214926, 52.519868557707682 ], [ 16.971694829796732, 52.519827904702396 ], [ 16.971563162291361, 52.519725450611062 ], [ 16.971532304559613, 52.519406342705885 ], [ 16.97160743287975, 52.519158218252443 ], [ 16.971553712571001, 52.51904091070211 ], [ 16.971469820028954, 52.518989643778681 ], [ 16.97144575717715, 52.518919884976036 ], [ 16.971526195142093, 52.518652513805868 ], [ 16.971593028411959, 52.518584403394065 ], [ 16.971637748617617, 52.518580223232128 ], [ 16.971693921933849, 52.518586672820128 ], [ 16.971723315363725, 52.518614339591117 ], [ 16.971794904250455, 52.518737439933986 ], [ 16.971893112541608, 52.51877240248421 ], [ 16.972002643527489, 52.518763217035179 ], [ 16.972118763423325, 52.518707014178986 ], [ 16.972148083243084, 52.51856342770337 ], [ 16.972110765447194, 52.518288461253995 ], [ 16.972071231393699, 52.518260081099761 ], [ 16.971899988910209, 52.518229443211141 ], [ 16.971834094218366, 52.5181811833531 ], [ 16.971707277817078, 52.517976726964115 ], [ 16.971576251614117, 52.51786367051357 ], [ 16.971319624104854, 52.517795050844192 ], [ 16.971350298781459, 52.517276514398581 ], [ 16.971370509063561, 52.517196271800763 ], [ 16.97139670357247, 52.517158944793422 ], [ 16.971420123324595, 52.517137040440588 ], [ 16.971467379440696, 52.517109788421322 ], [ 16.971520076356025, 52.517086047513459 ], [ 16.971317081498199, 52.516883882205015 ], [ 16.970963991531551, 52.51675865225026 ], [ 16.970515052477438, 52.516681785489531 ], [ 16.970104353133934, 52.516626170137279 ], [ 16.969605279535724, 52.51683724754686 ], [ 16.969298298694977, 52.517122135749325 ], [ 16.968962246505317, 52.517468225182625 ], [ 16.96883295398672, 52.517570249759125 ], [ 16.968593006851091, 52.517667496076271 ], [ 16.968369374556346, 52.517711505826192 ], [ 16.968163938164906, 52.517712654879368 ], [ 16.968185404658371, 52.517595737503385 ], [ 16.968266723107195, 52.517335219186258 ], [ 16.968438965364165, 52.517104414421986 ], [ 16.968512058999931, 52.516919846720413 ], [ 16.968563494442222, 52.516805242737789 ], [ 16.968686787903376, 52.516734145887717 ], [ 16.968937464227999, 52.516704631007102 ], [ 16.969148236107429, 52.516606883203295 ], [ 16.969136983437846, 52.516432110125685 ], [ 16.969204531599079, 52.516220643712501 ], [ 16.969186459517591, 52.515861279881378 ], [ 16.969238151025053, 52.51570269773341 ], [ 16.969188835825481, 52.515509282616968 ], [ 16.969217481551059, 52.515313338176007 ], [ 16.969291823259574, 52.515075994693468 ], [ 16.969332509974709, 52.514945016078016 ], [ 16.969322521239238, 52.514861107409445 ], [ 16.969306852895297, 52.514686168567025 ], [ 16.969251591794276, 52.514257269734898 ], [ 16.969227634800049, 52.513766577482365 ], [ 16.969237659122715, 52.513747411742699 ], [ 16.969256463987801, 52.513729655931058 ], [ 16.969424475042363, 52.513647723250045 ], [ 16.969485906054445, 52.513629529769247 ], [ 16.969563853011138, 52.51362403189691 ], [ 16.969628882716147, 52.513623708882868 ], [ 16.969760835825447, 52.513645940847425 ], [ 16.969787834289765, 52.513667900622451 ], [ 16.969787981432034, 52.51369668500768 ], [ 16.969625733640409, 52.513995750325229 ], [ 16.969574363620112, 52.514128254616637 ], [ 16.96957339311831, 52.514136512744713 ], [ 16.969577014122951, 52.51414431001556 ], [ 16.969599097653738, 52.514167354740046 ], [ 16.969666220479706, 52.514214377802887 ], [ 16.96971799939034, 52.514344784777293 ], [ 16.969772249336696, 52.514469567701688 ], [ 16.969806308628144, 52.514581412051207 ], [ 16.969846968588005, 52.514700385234825 ], [ 16.969842427151548, 52.514798885156658 ], [ 16.969827645778999, 52.514857274532091 ], [ 16.970130905270025, 52.51485096546962 ], [ 16.970034889192579, 52.514778262795772 ], [ 16.970013307980874, 52.51464837414219 ], [ 16.97001298091033, 52.514454001063086 ], [ 16.970062046895624, 52.514291505941202 ], [ 16.970049580220113, 52.514158985433447 ], [ 16.970048749776147, 52.513978724803067 ], [ 16.970027021541245, 52.513848833611327 ], [ 16.969871892177526, 52.513581018775191 ], [ 16.969650469628103, 52.513507242994578 ], [ 16.96942082411967, 52.513480725783964 ], [ 16.969353532734132, 52.513437387349903 ], [ 16.969353641104533, 52.513335933141626 ], [ 16.969390003335413, 52.51329869114376 ], [ 16.969518439696198, 52.51316696999973 ], [ 16.969662053200782, 52.512955459634099 ], [ 16.969754705734999, 52.512870794067709 ], [ 16.96989179420704, 52.512660070882781 ], [ 16.969929035217714, 52.512565370017739 ], [ 16.969863672486031, 52.512406667667477 ], [ 16.969896430698796, 52.512294081103555 ], [ 16.969929883233, 52.51226236549838 ], [ 16.970046747835156, 52.512151312073193 ], [ 16.970206534635672, 52.511895826454534 ], [ 16.970377798045686, 52.51147765014457 ], [ 16.970451495066008, 52.511381955579402 ], [ 16.970482692678225, 52.511341566576299 ], [ 16.97061662915614, 52.511125481830327 ], [ 16.970615968439187, 52.511114227579235 ], [ 16.970607461702876, 52.511106886184258 ], [ 16.970513796116357, 52.511095295654279 ], [ 16.970467910975646, 52.511096127454252 ], [ 16.970426833445416, 52.51110459695623 ], [ 16.970216603244726, 52.511440706053733 ], [ 16.969860235437178, 52.512055919637405 ], [ 16.969683266666987, 52.512364266432556 ], [ 16.969505468826316, 52.512693735419042 ], [ 16.969371182600099, 52.512853238570457 ], [ 16.969105437150155, 52.51333464066348 ], [ 16.969016410541244, 52.513449319107245 ], [ 16.9689999482895, 52.513470622888292 ], [ 16.968650603638576, 52.513849762274127 ], [ 16.968413369779178, 52.514128290534416 ], [ 16.967929475477753, 52.514515640568355 ], [ 16.967878780083311, 52.514547149383475 ], [ 16.967053520476785, 52.515060218874851 ], [ 16.966621026203427, 52.515295003563885 ], [ 16.965823500695322, 52.515689006588502 ], [ 16.965539584054767, 52.515803029636487 ], [ 16.965250393341002, 52.515925865694065 ], [ 16.965028118929681, 52.515985272764567 ], [ 16.964455445454046, 52.516222135527379 ], [ 16.963931891415129, 52.516518933698059 ], [ 16.963645347862517, 52.516664027450204 ], [ 16.963199258854587, 52.517083579307894 ], [ 16.962941312839778, 52.517381617721178 ], [ 16.962778866427609, 52.517801554360354 ], [ 16.962621416597923, 52.51827275458681 ], [ 16.962444453449177, 52.518729047709535 ], [ 16.962348010764803, 52.519063864782353 ], [ 16.962191685964665, 52.519332171601427 ], [ 16.962017058554544, 52.519734628242794 ], [ 16.961856955623745, 52.52003030226237 ], [ 16.961614692402367, 52.520469908992951 ], [ 16.961547870284694, 52.520585144377641 ], [ 16.961488580016447, 52.520687377771871 ], [ 16.961470087015798, 52.520717370040593 ], [ 16.961232758035997, 52.521101206203255 ] ], [ [ 16.966491308200194, 52.519843455653778 ], [ 16.966578969445866, 52.519844962330239 ], [ 16.966622539552244, 52.519856144586683 ], [ 16.966694283150659, 52.519835161614907 ], [ 16.966785449413383, 52.519795894129601 ], [ 16.966825274268405, 52.519757273317275 ], [ 16.966844369169543, 52.519720544833476 ], [ 16.966863468188539, 52.519683726474121 ], [ 16.966862458124869, 52.519555539948676 ], [ 16.96679352096583, 52.519496611675336 ], [ 16.966662353102606, 52.519457030974529 ], [ 16.966579789224784, 52.519428179262775 ], [ 16.966571800412712, 52.51941598955753 ], [ 16.966563668427668, 52.519403707447651 ], [ 16.966574811615335, 52.519385910312067 ], [ 16.966586307500563, 52.519373246004434 ], [ 16.966635882520116, 52.519362945079365 ], [ 16.966757498757033, 52.519382664083061 ], [ 16.966870678015599, 52.519387127503272 ], [ 16.966911054294972, 52.519381255492227 ], [ 16.966945624621662, 52.519354236970592 ], [ 16.966966570188379, 52.519309355430501 ], [ 16.966966474766171, 52.519285878595099 ], [ 16.966943952298543, 52.519262735918879 ], [ 16.966926582151061, 52.519252543666099 ], [ 16.966909212011625, 52.519242351410846 ], [ 16.966823760003297, 52.519193033110938 ], [ 16.96674346057813, 52.519131121296127 ], [ 16.966653574651204, 52.519078848483701 ], [ 16.966588311086994, 52.519042558981049 ], [ 16.966571651052284, 52.519004226630322 ], [ 16.966578181335095, 52.518987339586729 ], [ 16.966607638544037, 52.518975253811533 ], [ 16.966713386032612, 52.518984176767496 ], [ 16.966751898535549, 52.518986727450674 ], [ 16.966774985342319, 52.518978489658089 ], [ 16.966788869501617, 52.518949226867235 ], [ 16.966774778091708, 52.518931895474338 ], [ 16.966753102431888, 52.518922348747736 ], [ 16.966693505703631, 52.518913409506368 ], [ 16.966606888175434, 52.518889345074413 ], [ 16.966562136454819, 52.518859074517437 ], [ 16.966571858533712, 52.518798619836744 ], [ 16.966599145422464, 52.51875690541948 ], [ 16.966665187214566, 52.518728449126918 ], [ 16.966710167334398, 52.518728232796065 ], [ 16.966787449227414, 52.518727762086151 ], [ 16.966834570944378, 52.518681171775718 ], [ 16.966853320934806, 52.518632744733068 ], [ 16.966850063277356, 52.518601118655688 ], [ 16.966811922690837, 52.518561787587785 ], [ 16.966734247018593, 52.518532480314576 ], [ 16.966638863406033, 52.51849711227667 ], [ 16.966590406064597, 52.518470465713108 ], [ 16.966566793020188, 52.518419871508662 ], [ 16.966568714876992, 52.518378260794343 ], [ 16.966632423926303, 52.518336452820613 ], [ 16.966738759263631, 52.518332613921032 ], [ 16.966795751174178, 52.518324509098164 ], [ 16.966865207601863, 52.518305105709153 ], [ 16.966917649057393, 52.518258247012625 ], [ 16.966918962603621, 52.518213837598374 ], [ 16.96690492950977, 52.518176090092147 ], [ 16.966826930794518, 52.518134634977422 ], [ 16.966795868385088, 52.518098483611119 ], [ 16.966826055458711, 52.518051422385192 ], [ 16.966890728621369, 52.518023841884798 ], [ 16.966967606731234, 52.518025702652608 ], [ 16.967143669163605, 52.518063625997769 ], [ 16.967274256714422, 52.518134856266478 ], [ 16.967393808152998, 52.518243942792161 ], [ 16.96747568669819, 52.518370640471844 ], [ 16.967526272292652, 52.518475753773771 ], [ 16.967530253263899, 52.518568373799923 ], [ 16.967477258278656, 52.518636809641677 ], [ 16.967451502759801, 52.518795476827364 ], [ 16.96746989315605, 52.51894644775993 ], [ 16.967532725781407, 52.519016243852178 ], [ 16.967694614322806, 52.51907703826403 ], [ 16.967912923233772, 52.519122971522258 ], [ 16.967999617192561, 52.519170961209717 ], [ 16.968027464321146, 52.519267229062976 ], [ 16.968019263461269, 52.519345878511764 ], [ 16.967932936822823, 52.519417699578753 ], [ 16.967810267122548, 52.519471897056697 ], [ 16.967628951588654, 52.519499722987781 ], [ 16.967457306464805, 52.519618287648363 ], [ 16.967490036269357, 52.519809979371544 ], [ 16.967566508384948, 52.519954842538986 ], [ 16.967521494683506, 52.520227226931596 ], [ 16.967530580376575, 52.520506297051902 ], [ 16.967459396752901, 52.520572621554287 ], [ 16.967309562117556, 52.520617897180117 ], [ 16.967063838545219, 52.520641827435014 ], [ 16.966773467704652, 52.520831115115776 ], [ 16.966718235674492, 52.520928743737244 ], [ 16.966642537006955, 52.520968277014326 ], [ 16.966568851567811, 52.520964222363212 ], [ 16.966522425834793, 52.520887152547068 ], [ 16.966492414165657, 52.520668614244471 ], [ 16.966447403358902, 52.520643915693832 ], [ 16.966431000271562, 52.520600011269607 ], [ 16.966414354398776, 52.520558171364719 ], [ 16.966397855888673, 52.520516333989931 ], [ 16.966373535519214, 52.5203948523124 ], [ 16.966309814286078, 52.52022619268584 ], [ 16.96629338001172, 52.520080831685192 ], [ 16.966286957451722, 52.519970900541416 ], [ 16.966350428919917, 52.519895989500718 ], [ 16.966423963812286, 52.519852191889534 ], [ 16.966491308200194, 52.519843455653778 ] ], [ [ 16.964678512517921, 52.520610710343362 ], [ 16.964555867122009, 52.520766270998301 ], [ 16.964390762777519, 52.520940798592179 ], [ 16.964281038060797, 52.521017790947894 ], [ 16.964183386050006, 52.52103140103182 ], [ 16.963992981272909, 52.521057895779471 ], [ 16.96374777325202, 52.521070585131561 ], [ 16.963479042901191, 52.52109132375606 ], [ 16.963288549836648, 52.521075092783271 ], [ 16.963097023544833, 52.52096647193332 ], [ 16.963027118558824, 52.520880721686488 ], [ 16.962941120154653, 52.520741267973925 ], [ 16.962880493590649, 52.520655767329423 ], [ 16.962863484147046, 52.520523077887283 ], [ 16.962894043698231, 52.520461723065921 ], [ 16.962993986130893, 52.520398594716958 ], [ 16.963216073833529, 52.52038838711281 ], [ 16.963371013320092, 52.520430449540278 ], [ 16.963443270459955, 52.520427106254949 ], [ 16.963502044008756, 52.520393309879189 ], [ 16.963520969908217, 52.520328426747568 ], [ 16.963402734042095, 52.520245172690622 ], [ 16.963271902149611, 52.51987963941253 ], [ 16.963267439309345, 52.519775318270824 ], [ 16.96329434525704, 52.519694112917726 ], [ 16.963458940101493, 52.519629398854718 ], [ 16.963632411103692, 52.519570413828966 ], [ 16.96373378038454, 52.519476368924281 ], [ 16.963741598184498, 52.519406167799403 ], [ 16.963629885994013, 52.519325364750216 ], [ 16.963555153426409, 52.519245198119982 ], [ 16.963580738868163, 52.519189333990546 ], [ 16.963710984181219, 52.519169089945656 ], [ 16.963907466244081, 52.519211866706819 ], [ 16.964064510904816, 52.519310358949248 ], [ 16.964198460741947, 52.519509729752933 ], [ 16.964250357073496, 52.519685202709518 ], [ 16.964286580435132, 52.51989989107264 ], [ 16.964368777066902, 52.520019580809141 ], [ 16.964616625180891, 52.52015057508261 ], [ 16.964776927960298, 52.520178696779524 ], [ 16.96484396314926, 52.520227699754294 ], [ 16.964904460041407, 52.520316075329646 ], [ 16.964901597544404, 52.520377997020937 ], [ 16.964783507302197, 52.52043505841084 ], [ 16.964678512517921, 52.520610710343362 ] ] ] ] } },
{ "type": "Feature", "properties": { "gml_id": "OT_ADJA_A.20", "lokalnyId": "322BD60C-5C60-598B-E053-CC2BA8C05138", "przestrzen": "PL.PZGiK.308.BDOT10k", "wersjaId": "2022-01-20T00:00:00", "czyObiektB": 0, "x_kod": "ADJA05", "x_skrKarto": null, "x_katDoklG": "Dok", "x_doklGeom": 1, "x_doklGe_1": "m", "x_zrodloDa": "PRG", "x_zrodlo_1": "PRG", "x_katIstni": null, "x_rodzajRe": "ZP", "x_aktualno": "2022-01-20", "x_aktual_1": "2022-01-20", "poczatekWe": "2022-01-20T00:00:00", "x_dataUtwo": "2012-11-13", "x_kodKarto": "0010_505", "x_kodKar_1": "0025_505", "x_kodKar_2": "0050_505", "x_kodKar_3": "0100_505", "x_kodKar_4": null, "x_kodKar_5": null, "x_kodKar_6": null, "nazwa": "Czerwonak", "idPRG": 1030210420, "idTerytJed": 3021, "idTerytTer": 3021042, "rodzaj": "GW", "PRG|BT_Ref": 1030210420, "PRG|BT_R_1": "PL.PZGiK.200", "x_informDo": null }, "geometry": { "type": "MultiPolygon", "coordinates": [ [ [ [ 16.962106803763021, 52.533099852800838 ], [ 16.962151915481133, 52.532762713267346 ], [ 16.9620435276885, 52.532233689575946 ], [ 16.961898268842493, 52.53177157796771 ], [ 16.961742006528919, 52.531744511679761 ], [ 16.961680318612373, 52.531617978273111 ], [ 16.961651558319911, 52.531525650828456 ], [ 16.961657077485629, 52.531444707090081 ], [ 16.961671645237075, 52.531404033892926 ], [ 16.961692309132992, 52.531346376502952 ], [ 16.961750162830018, 52.53126273656467 ], [ 16.96184085016387, 52.531196211721458 ], [ 16.96195061195888, 52.53116365411212 ], [ 16.962083139065484, 52.53114587940842 ], [ 16.962171589635687, 52.531102161361503 ], [ 16.962255699362224, 52.530973821893561 ], [ 16.962329431123241, 52.530932638483634 ], [ 16.962499130430398, 52.530032351246895 ], [ 16.962103275133309, 52.530004037544529 ], [ 16.961692873942152, 52.530000026432042 ], [ 16.961613281104242, 52.530030854946453 ], [ 16.961584857456312, 52.530135059174818 ], [ 16.961566740837899, 52.5302237009019 ], [ 16.961570247597653, 52.53024669683429 ], [ 16.961586311959874, 52.530266041547044 ], [ 16.961617395007636, 52.530285914820624 ], [ 16.96165030139414, 52.530298264267124 ], [ 16.961715297451086, 52.530315124003998 ], [ 16.961765428138964, 52.53035043581994 ], [ 16.961790062337325, 52.53038854637196 ], [ 16.961793964729765, 52.530418924454139 ], [ 16.961792754340156, 52.530454611056264 ], [ 16.961776709293343, 52.53051126871344 ], [ 16.961792457768059, 52.530782628805049 ], [ 16.961782035259201, 52.530905761394308 ], [ 16.961701966423604, 52.531010515085136 ], [ 16.961460510607203, 52.531259365610289 ], [ 16.961254610857711, 52.53143786311432 ], [ 16.961319246762962, 52.531745862974091 ], [ 16.961327712127588, 52.531935609078651 ], [ 16.961397374262045, 52.532030080393426 ], [ 16.961464629476605, 52.532166963380384 ], [ 16.961559497493443, 52.532366832538919 ], [ 16.961613010553421, 52.53264756765536 ], [ 16.961689667003004, 52.533176944560786 ], [ 16.961691933410481, 52.533194882293223 ], [ 16.96185294183589, 52.533237410638009 ], [ 16.961952250459241, 52.533245956858224 ], [ 16.962038807135041, 52.5332113804755 ], [ 16.962106803763021, 52.533099852800838 ] ] ] ] } },
{ "type": "Feature", "properties": { "gml_id": "OT_ADJA_A.20", "lokalnyId": "322BD60C-5C60-598B-E053-CC2BA8C05138", "przestrzen": "PL.PZGiK.308.BDOT10k", "wersjaId": "2022-01-20T00:00:00", "czyObiektB": 0, "x_kod": "ADJA05", "x_skrKarto": null, "x_katDoklG": "Dok", "x_doklGeom": 1, "x_doklGe_1": "m", "x_zrodloDa": "PRG", "x_zrodlo_1": "PRG", "x_katIstni": null, "x_rodzajRe": "ZP", "x_aktualno": "2022-01-20", "x_aktual_1": "2022-01-20", "poczatekWe": "2022-01-20T00:00:00", "x_dataUtwo": "2012-11-13", "x_kodKarto": "0010_505", "x_kodKar_1": "0025_505", "x_kodKar_2": "0050_505", "x_kodKar_3": "0100_505", "x_kodKar_4": null, "x_kodKar_5": null, "x_kodKar_6": null, "nazwa": "Czerwonak", "idPRG": 1030210420, "idTerytJed": 3021, "idTerytTer": 3021042, "rodzaj": "GW", "PRG|BT_Ref": 1030210420, "PRG|BT_R_1": "PL.PZGiK.200", "x_informDo": null }, "geometry": { "type": "MultiPolygon", "coordinates": [ [ [ [ 16.962133304134117, 52.533705986445931 ], [ 16.962138417769133, 52.533748437741373 ], [ 16.962134567704766, 52.533831568851944 ], [ 16.962163582583688, 52.533915265971508 ], [ 16.962162417168152, 52.533940429983183 ], [ 16.962147042088862, 52.533976232393982 ], [ 16.962121030877949, 52.534012391281273 ], [ 16.962097010594903, 52.534062885413242 ], [ 16.962112257484691, 52.534109468727685 ], [ 16.962135283479157, 52.534128213694814 ], [ 16.962179971315436, 52.534134649735186 ], [ 16.962308153040834, 52.534147200672038 ], [ 16.962482453624812, 52.534141657558351 ], [ 16.962657157810234, 52.534127396652458 ], [ 16.962717244076991, 52.53414848852038 ], [ 16.962785183133708, 52.534207041961025 ], [ 16.962753965598026, 52.534269644573016 ], [ 16.962718312410527, 52.53432929262604 ], [ 16.962634584363631, 52.534411048420843 ], [ 16.962495342244885, 52.534471700995773 ], [ 16.962469711724474, 52.534518749632305 ], [ 16.962390087400333, 52.534521425957657 ], [ 16.962350161504993, 52.534545922500655 ], [ 16.962316619522507, 52.534633219335781 ], [ 16.962259848198702, 52.534661563141299 ], [ 16.962152807714041, 52.534657471145636 ], [ 16.962088156313417, 52.534620290492143 ], [ 16.962029335687003, 52.534533651553609 ], [ 16.961967612120649, 52.534490585010417 ], [ 16.961888394910975, 52.534474919607504 ], [ 16.961838690125294, 52.534481258913893 ], [ 16.961785698910617, 52.534507598912398 ], [ 16.961677827797459, 52.534651988317812 ], [ 16.961620533989215, 52.534672497764994 ], [ 16.961580654988126, 52.534699153495112 ], [ 16.96152358333266, 52.534733967683948 ], [ 16.961473646432673, 52.534796247480386 ], [ 16.961431249959688, 52.534848583531534 ], [ 16.961398338175897, 52.534896765703699 ], [ 16.96137560562164, 52.534932171428174 ], [ 16.961336029186924, 52.534974572341646 ], [ 16.961303912547791, 52.53500558904588 ], [ 16.961249042815297, 52.53502470099108 ], [ 16.961186751516394, 52.535048002307249 ], [ 16.961166705784922, 52.535076348778126 ], [ 16.961179644997781, 52.535099507228857 ], [ 16.961219052053327, 52.535111698940646 ], [ 16.961240208207791, 52.535113502548803 ], [ 16.961284731229085, 52.535117147842982 ], [ 16.961340582485867, 52.535130971983712 ], [ 16.961370490636053, 52.535144439078515 ], [ 16.961387946285754, 52.535171992588467 ], [ 16.961405087140651, 52.535209524361413 ], [ 16.961432412109623, 52.53527556367586 ], [ 16.961488590038027, 52.535285525817365 ], [ 16.961550183496151, 52.535328230586956 ], [ 16.961600953187439, 52.535407175838287 ], [ 16.961596813831573, 52.535471054103667 ], [ 16.961568342075104, 52.535595314760251 ], [ 16.961556204081536, 52.535647182736533 ], [ 16.961478723663273, 52.535759536081706 ], [ 16.961387777992485, 52.535939654404658 ], [ 16.961342795380151, 52.536114628306038 ], [ 16.961229541203231, 52.536266839558785 ], [ 16.961126837043579, 52.53630914209095 ], [ 16.960969701969212, 52.536351495976007 ], [ 16.960844057882067, 52.536430459538458 ], [ 16.960757040410986, 52.536633940353298 ], [ 16.9606993301425, 52.536844761867954 ], [ 16.960608639053525, 52.536981081682619 ], [ 16.960539489686969, 52.537190446761947 ], [ 16.960473907676768, 52.537233748321576 ], [ 16.960402260742978, 52.537258327078916 ], [ 16.960326879046587, 52.537258466827332 ], [ 16.960154337876244, 52.537219425384968 ], [ 16.960069782893324, 52.537379235789572 ], [ 16.960047472351711, 52.537421394272847 ], [ 16.959983989001497, 52.537642099608263 ], [ 16.959941506675673, 52.537864785949374 ], [ 16.959903976069363, 52.538009307118408 ], [ 16.959841408840301, 52.538133878958504 ], [ 16.960159813269073, 52.538043039089104 ], [ 16.960435643713463, 52.537989150736756 ], [ 16.960582732493378, 52.537953639943659 ], [ 16.96079029508185, 52.537915033753762 ], [ 16.96104006409238, 52.537923745003006 ], [ 16.961104570861785, 52.537925935819608 ], [ 16.96115313477582, 52.537912471633362 ], [ 16.961162590622969, 52.537883492988882 ], [ 16.961141945675919, 52.537740127721761 ], [ 16.961100642806716, 52.537616014101275 ], [ 16.961090889107801, 52.537524104057667 ], [ 16.961067206148535, 52.537474946811265 ], [ 16.961069651403935, 52.537447646236295 ], [ 16.961095537153447, 52.537423807623973 ], [ 16.961163662850577, 52.537373354101419 ], [ 16.961286603624846, 52.537298660889775 ], [ 16.961381378976363, 52.537204684203189 ], [ 16.961438860807096, 52.537110154906969 ], [ 16.961473393774423, 52.537074772579956 ], [ 16.961527122725151, 52.537051683369469 ], [ 16.961600252498648, 52.537046017535801 ], [ 16.961710238114787, 52.537066260538538 ], [ 16.96187200826559, 52.537057624221227 ], [ 16.962001721076785, 52.537011828716139 ], [ 16.962178717640924, 52.536916479236091 ], [ 16.962345781572647, 52.536793525805358 ], [ 16.962402171784095, 52.536709770429226 ], [ 16.962441745853251, 52.536584621462119 ], [ 16.962437617090202, 52.536511336673058 ], [ 16.962392505972353, 52.536482137852843 ], [ 16.96246533106839, 52.535935188563542 ], [ 16.962477929240535, 52.535825584942756 ], [ 16.962450722342755, 52.535763325533146 ], [ 16.962389986961679, 52.535737095613783 ], [ 16.962343593764501, 52.535726043199752 ], [ 16.962277850347746, 52.535728328895935 ], [ 16.962226449001669, 52.535745792105217 ], [ 16.962138940506421, 52.535851767097476 ], [ 16.96213491532334, 52.535938672778798 ], [ 16.962138514908784, 52.536023371251936 ], [ 16.962148465564471, 52.536133363176212 ], [ 16.962131822178474, 52.536247484195741 ], [ 16.962126639437923, 52.536327534259328 ], [ 16.962091694454543, 52.536346360142964 ], [ 16.962050293544824, 52.53634852529364 ], [ 16.962009282163372, 52.53632317454327 ], [ 16.961997197335656, 52.536300660510285 ], [ 16.96199726128134, 52.536270620608462 ], [ 16.961945319027624, 52.536159635601038 ], [ 16.961854169023646, 52.536127664853744 ], [ 16.961735848077058, 52.536115463211303 ], [ 16.961653366474302, 52.536087419235415 ], [ 16.96163822353326, 52.53603858908928 ], [ 16.961706698702855, 52.535913668370057 ], [ 16.961770320755303, 52.535896685717979 ], [ 16.961879970289214, 52.535844518577164 ], [ 16.961920466959711, 52.535766335969207 ], [ 16.961957965217572, 52.535561821545798 ], [ 16.96202988235995, 52.535521776300563 ], [ 16.962192671054787, 52.535522870983932 ], [ 16.962270460318827, 52.535518454257925 ], [ 16.96230483338794, 52.535502406712595 ], [ 16.962448067958583, 52.535065770865764 ], [ 16.962883369068514, 52.535077762918377 ], [ 16.963126256787735, 52.535097774185743 ], [ 16.9634577680633, 52.535121468922576 ], [ 16.963855181022854, 52.535155381013624 ], [ 16.964040010401508, 52.535167825489218 ], [ 16.964020410900059, 52.535113252561978 ], [ 16.964013477353401, 52.535065463413055 ], [ 16.964019557046161, 52.53504245264272 ], [ 16.964047326105831, 52.53502566136455 ], [ 16.964140817107346, 52.53500064677808 ], [ 16.964225202731399, 52.535016219692757 ], [ 16.964281172176854, 52.535043445995662 ], [ 16.964364427889183, 52.53507069197456 ], [ 16.964468453641061, 52.53507302117989 ], [ 16.964561144829517, 52.535055727610342 ], [ 16.964675247828453, 52.535002825028933 ], [ 16.964724787129839, 52.534923537827979 ], [ 16.964720287726326, 52.534842241815056 ], [ 16.964728518420454, 52.534804607282567 ], [ 16.9647369667567, 52.534771833420479 ], [ 16.964804569861389, 52.534678286104104 ], [ 16.964814125354817, 52.534631140382551 ], [ 16.964760169901783, 52.534598642326443 ], [ 16.964741042291767, 52.534454134527778 ], [ 16.964769916591393, 52.534308203789507 ], [ 16.964828894243311, 52.534072667813845 ], [ 16.964683851974183, 52.533939935426375 ], [ 16.964611257314605, 52.533908645713645 ], [ 16.964516550847375, 52.53389622341173 ], [ 16.964455489313252, 52.533893014364367 ], [ 16.964304104897547, 52.533913345530244 ], [ 16.964179657462182, 52.533957165399464 ], [ 16.964136399772016, 52.533977197999917 ], [ 16.964084851123861, 52.533975591525092 ], [ 16.963984973005207, 52.53389643195819 ], [ 16.963875663158404, 52.533817110005529 ], [ 16.963829781293938, 52.53379185594396 ], [ 16.96378078636458, 52.533786065952384 ], [ 16.963735303733472, 52.533803181938602 ], [ 16.963712459388653, 52.533888864386952 ], [ 16.963787163844923, 52.534002039209348 ], [ 16.96393272431478, 52.534059769064008 ], [ 16.964030976543267, 52.534123070705974 ], [ 16.964099207159222, 52.534274179867289 ], [ 16.964076496319052, 52.534356986493911 ], [ 16.964036927153494, 52.534399298474668 ], [ 16.964002207093966, 52.534438815699019 ], [ 16.964004931274864, 52.534481945326455 ], [ 16.964020995238172, 52.534539605438951 ], [ 16.964012358291608, 52.534589195372 ], [ 16.964006028653642, 52.534623984390684 ], [ 16.963955222444572, 52.534647754598545 ], [ 16.963894624156609, 52.534653637494969 ], [ 16.963893436805904, 52.534653796949961 ], [ 16.963797391885201, 52.534644768890658 ], [ 16.963725015151017, 52.534583261502533 ], [ 16.963600900967784, 52.53441904806602 ], [ 16.963545150049935, 52.534352070329142 ], [ 16.963396546529474, 52.534312276253146 ], [ 16.963328606490922, 52.534253723154649 ], [ 16.963304039027548, 52.534175859254006 ], [ 16.963296452237607, 52.533931892829422 ], [ 16.963302687880358, 52.533797175398881 ], [ 16.963293728898254, 52.533688010107838 ], [ 16.9632002952916, 52.533571634383307 ], [ 16.963149554026838, 52.533447448890151 ], [ 16.963093716080021, 52.533334598414363 ], [ 16.963035488629821, 52.533270186130459 ], [ 16.962829134233161, 52.533257729208948 ], [ 16.962778909638963, 52.533326300612664 ], [ 16.962767617753695, 52.533366310787748 ], [ 16.962769150673129, 52.533435143690447 ], [ 16.96272931481305, 52.533483207012424 ], [ 16.962653078197555, 52.533501951710406 ], [ 16.962593726519788, 52.533566948045944 ], [ 16.962572473878701, 52.533618209472273 ], [ 16.962515234208233, 52.533634403004456 ], [ 16.962416240415507, 52.53364133290814 ], [ 16.962275068775398, 52.533641780018897 ], [ 16.962205376007489, 52.533646605992033 ], [ 16.962156282690092, 52.533668426179162 ], [ 16.962133304134117, 52.533705986445931 ] ] ] ] } },
{ "type": "Feature", "properties": { "gml_id": "OT_ADJA_A.20", "lokalnyId": "322BD60C-5C60-598B-E053-CC2BA8C05138", "przestrzen": "PL.PZGiK.308.BDOT10k", "wersjaId": "2022-01-20T00:00:00", "czyObiektB": 0, "x_kod": "ADJA05", "x_skrKarto": null, "x_katDoklG": "Dok", "x_doklGeom": 1, "x_doklGe_1": "m", "x_zrodloDa": "PRG", "x_zrodlo_1": "PRG", "x_katIstni": null, "x_rodzajRe": "ZP", "x_aktualno": "2022-01-20", "x_aktual_1": "2022-01-20", "poczatekWe": "2022-01-20T00:00:00", "x_dataUtwo": "2012-11-13", "x_kodKarto": "0010_505", "x_kodKar_1": "0025_505", "x_kodKar_2": "0050_505", "x_kodKar_3": "0100_505", "x_kodKar_4": null, "x_kodKar_5": null, "x_kodKar_6": null, "nazwa": "Czerwonak", "idPRG": 1030210420, "idTerytJed": 3021, "idTerytTer": 3021042, "rodzaj": "GW", "PRG|BT_Ref": 1030210420, "PRG|BT_R_1": "PL.PZGiK.200", "x_informDo": null }, "geometry": { "type": "MultiPolygon", "coordinates": [ [ [ [ 16.965739210980157, 52.539439034182344 ], [ 16.965746455429166, 52.539256844203884 ], [ 16.965756268731724, 52.539102041062996 ], [ 16.965762533846171, 52.539004830405702 ], [ 16.964914229886929, 52.538965869695282 ], [ 16.964901865447537, 52.538965297277933 ], [ 16.963667849290214, 52.538893879777994 ], [ 16.963747569924081, 52.538516411441719 ], [ 16.962422469688118, 52.538446831265183 ], [ 16.960227033774899, 52.538330306922369 ], [ 16.960067572008441, 52.538359038134786 ], [ 16.959878294063, 52.5384549822572 ], [ 16.959683813760414, 52.538558121773534 ], [ 16.95966225658843, 52.538619001343726 ], [ 16.959560109068157, 52.538906766936989 ], [ 16.959493718115993, 52.539062842694747 ], [ 16.959408930113913, 52.539214823555625 ], [ 16.959332578969526, 52.539452036043905 ], [ 16.959241548603309, 52.539738553982154 ], [ 16.95921508174953, 52.539803486179956 ], [ 16.959116390933133, 52.539876706720278 ], [ 16.959030121893147, 52.539911106114189 ], [ 16.958988847399613, 52.53993908607228 ], [ 16.958999509159849, 52.539963644551086 ], [ 16.959038304068272, 52.539982752015746 ], [ 16.959073027805932, 52.540013301969573 ], [ 16.959060956071706, 52.540108163637107 ], [ 16.959091241205073, 52.540247108424389 ], [ 16.959078338472974, 52.540366240398335 ], [ 16.959077324426449, 52.540467588794343 ], [ 16.958989287495935, 52.540533707590718 ], [ 16.958933415689678, 52.54062511547901 ], [ 16.958925552564633, 52.540715102848033 ], [ 16.958974531959917, 52.540772252041272 ], [ 16.959033054696338, 52.540820841330799 ], [ 16.959083560298836, 52.540899153428853 ], [ 16.959048416285196, 52.540944418275465 ], [ 16.958922734612322, 52.541023828927912 ], [ 16.958657768057495, 52.541332710104953 ], [ 16.958528617037334, 52.541464587271811 ], [ 16.958374666084133, 52.541666731711203 ], [ 16.958371399624259, 52.541670363022384 ], [ 16.958366211623961, 52.541709038991598 ], [ 16.958372331955893, 52.541758343462966 ], [ 16.958368955830945, 52.541789765300756 ], [ 16.958395501022139, 52.541818555358191 ], [ 16.958516545240627, 52.541842319927547 ], [ 16.958722513032399, 52.541863951607333 ], [ 16.958883952490421, 52.541866016777441 ], [ 16.959054387281391, 52.541849078992854 ], [ 16.959107462649222, 52.541817974639933 ], [ 16.959126201244093, 52.541776564223326 ], [ 16.959191719812349, 52.541598077821099 ], [ 16.959197502819492, 52.541581538082731 ], [ 16.959241786299017, 52.541491908978514 ], [ 16.95924531351929, 52.541415877949945 ], [ 16.959243916640816, 52.541337873196341 ], [ 16.95927995177663, 52.541279761798485 ], [ 16.959365619169144, 52.541223405721183 ], [ 16.959433955587034, 52.541120879749052 ], [ 16.959451467317116, 52.541086823458642 ], [ 16.959429062735399, 52.541006927415843 ], [ 16.959397996182084, 52.540964298326095 ], [ 16.959408080116134, 52.540905919259792 ], [ 16.959510169505037, 52.540695863680043 ], [ 16.959631648200482, 52.540347629956614 ], [ 16.959739715934052, 52.540104038538743 ], [ 16.959787998479655, 52.540077618239046 ], [ 16.959873402299518, 52.540074593521396 ], [ 16.961296405293979, 52.540267131950493 ], [ 16.96158822451299, 52.540266402828614 ], [ 16.961823477944741, 52.540314886945495 ], [ 16.961987174633425, 52.540334975412016 ], [ 16.962303774662079, 52.540413911148534 ], [ 16.962483171333634, 52.540448570221997 ], [ 16.963089045421775, 52.540540399307339 ], [ 16.963124107475792, 52.540522294679668 ], [ 16.963134859447948, 52.540500353762056 ], [ 16.963090165885042, 52.540465226203487 ], [ 16.963061037049155, 52.540444397668047 ], [ 16.963041336720799, 52.540391981527108 ], [ 16.963015036149702, 52.540345118178763 ], [ 16.962968735018304, 52.540319227033827 ], [ 16.962769423805113, 52.540278199663248 ], [ 16.962737645222187, 52.54024770152018 ], [ 16.9627386732292, 52.540225503282898 ], [ 16.962759472998332, 52.540187275802786 ], [ 16.962508306357496, 52.540157497539582 ], [ 16.962194779297754, 52.54012052872671 ], [ 16.962008228350157, 52.540084306899786 ], [ 16.961818436668207, 52.540019337116462 ], [ 16.961767260906996, 52.539955405552725 ], [ 16.961757327097597, 52.539924653800661 ], [ 16.961850415878466, 52.539523312186688 ], [ 16.961920700384937, 52.539251185709752 ], [ 16.963627713037503, 52.539353067955787 ], [ 16.963679344214917, 52.539266981522282 ], [ 16.964020358394531, 52.539283642528261 ], [ 16.964209218067722, 52.539295436407535 ], [ 16.964195808573159, 52.539358885389994 ], [ 16.964183931572784, 52.539443407409479 ], [ 16.964856751154251, 52.53949410601961 ], [ 16.9655160493929, 52.539543758833446 ], [ 16.965732139242963, 52.539560065867988 ], [ 16.965735734043232, 52.53953017663887 ], [ 16.965739210980157, 52.539439034182344 ] ] ] ] } },
{ "type": "Feature", "properties": { "gml_id": "OT_ADJA_A.20", "lokalnyId": "322BD60C-5C60-598B-E053-CC2BA8C05138", "przestrzen": "PL.PZGiK.308.BDOT10k", "wersjaId": "2022-01-20T00:00:00", "czyObiektB": 0, "x_kod": "ADJA05", "x_skrKarto": null, "x_katDoklG": "Dok", "x_doklGeom": 1, "x_doklGe_1": "m", "x_zrodloDa": "PRG", "x_zrodlo_1": "PRG", "x_katIstni": null, "x_rodzajRe": "ZP", "x_aktualno": "2022-01-20", "x_aktual_1": "2022-01-20", "poczatekWe": "2022-01-20T00:00:00", "x_dataUtwo": "2012-11-13", "x_kodKarto": "0010_505", "x_kodKar_1": "0025_505", "x_kodKar_2": "0050_505", "x_kodKar_3": "0100_505", "x_kodKar_4": null, "x_kodKar_5": null, "x_kodKar_6": null, "nazwa": "Czerwonak", "idPRG": 1030210420, "idTerytJed": 3021, "idTerytTer": 3021042, "rodzaj": "GW", "PRG|BT_Ref": 1030210420, "PRG|BT_R_1": "PL.PZGiK.200", "x_informDo": null }, "geometry": { "type": "MultiPolygon", "coordinates": [ [ [ [ 16.958073290913497, 52.543910198997871 ], [ 16.958017197680189, 52.543771078517949 ], [ 16.957939105925114, 52.543686353732923 ], [ 16.957889390311628, 52.543664089361286 ], [ 16.957837211605902, 52.543691700874561 ], [ 16.957789752353921, 52.543957653039669 ], [ 16.957771328509626, 52.544186060342618 ], [ 16.957776904625117, 52.544243900029507 ], [ 16.957800192317141, 52.544489037026828 ], [ 16.957840105082909, 52.544639840796997 ], [ 16.957912487941524, 52.544764941491451 ], [ 16.957971673777031, 52.544837467546579 ], [ 16.958043615250446, 52.544886288816315 ], [ 16.958129444316061, 52.544890198246527 ], [ 16.958182198622453, 52.544847036381739 ], [ 16.958176406215991, 52.544634940633046 ], [ 16.958073081876805, 52.544334187049195 ], [ 16.958073290913497, 52.543910198997871 ] ] ] ] } },
{ "type": "Feature", "properties": { "gml_id": "OT_ADJA_A.20", "lokalnyId": "322BD60C-5C60-598B-E053-CC2BA8C05138", "przestrzen": "PL.PZGiK.308.BDOT10k", "wersjaId": "2022-01-20T00:00:00", "czyObiektB": 0, "x_kod": "ADJA05", "x_skrKarto": null, "x_katDoklG": "Dok", "x_doklGeom": 1, "x_doklGe_1": "m", "x_zrodloDa": "PRG", "x_zrodlo_1": "PRG", "x_katIstni": null, "x_rodzajRe": "ZP", "x_aktualno": "2022-01-20", "x_aktual_1": "2022-01-20", "poczatekWe": "2022-01-20T00:00:00", "x_dataUtwo": "2012-11-13", "x_kodKarto": "0010_505", "x_kodKar_1": "0025_505", "x_kodKar_2": "0050_505", "x_kodKar_3": "0100_505", "x_kodKar_4": null, "x_kodKar_5": null, "x_kodKar_6": null, "nazwa": "Czerwonak", "idPRG": 1030210420, "idTerytJed": 3021, "idTerytTer": 3021042, "rodzaj": "GW", "PRG|BT_Ref": 1030210420, "PRG|BT_R_1": "PL.PZGiK.200", "x_informDo": null }, "geometry": { "type": "MultiPolygon", "coordinates": [ [ [ [ 16.958418264212881, 52.549137434374991 ], [ 16.958400534253702, 52.549211061656798 ], [ 16.958419754159312, 52.549238825842814 ], [ 16.958498342925857, 52.549271751569485 ], [ 16.958578066549006, 52.549280232323426 ], [ 16.958688784440401, 52.549253540278393 ], [ 16.958789585124826, 52.549186202728379 ], [ 16.958810868410325, 52.54914726473482 ], [ 16.958776350332968, 52.54909306333407 ], [ 16.958781947930959, 52.549055113994484 ], [ 16.958808356534025, 52.549032903858759 ], [ 16.958879726104936, 52.54901155913138 ], [ 16.958954102840565, 52.549008074939017 ], [ 16.959038799268765, 52.54899523471741 ], [ 16.959097292133837, 52.548955679186712 ], [ 16.959174277271444, 52.548854651689837 ], [ 16.959250104893506, 52.548692712774276 ], [ 16.9592782913961, 52.548590843698356 ], [ 16.959252289652515, 52.54856296270259 ], [ 16.959202036807632, 52.548548964434545 ], [ 16.959068375968819, 52.548526422227468 ], [ 16.958901397203146, 52.548503305226674 ], [ 16.958850349285942, 52.548509620214197 ], [ 16.95877557066536, 52.548563105715317 ], [ 16.958664496045255, 52.548765990027256 ], [ 16.958594892093206, 52.548835124816073 ], [ 16.95852732127598, 52.548901776233166 ], [ 16.958464253678105, 52.548960410427028 ], [ 16.95838719142623, 52.548996317406804 ], [ 16.958366140139201, 52.54904614243322 ], [ 16.95836919308212, 52.549082082361032 ], [ 16.958418264212881, 52.549137434374991 ] ] ] ] } },
{ "type": "Feature", "properties": { "gml_id": "OT_ADJA_A.20", "lokalnyId": "322BD60C-5C60-598B-E053-CC2BA8C05138", "przestrzen": "PL.PZGiK.308.BDOT10k", "wersjaId": "2022-01-20T00:00:00", "czyObiektB": 0, "x_kod": "ADJA05", "x_skrKarto": null, "x_katDoklG": "Dok", "x_doklGeom": 1, "x_doklGe_1": "m", "x_zrodloDa": "PRG", "x_zrodlo_1": "PRG", "x_katIstni": null, "x_rodzajRe": "ZP", "x_aktualno": "2022-01-20", "x_aktual_1": "2022-01-20", "poczatekWe": "2022-01-20T00:00:00", "x_dataUtwo": "2012-11-13", "x_kodKarto": "0010_505", "x_kodKar_1": "0025_505", "x_kodKar_2": "0050_505", "x_kodKar_3": "0100_505", "x_kodKar_4": null, "x_kodKar_5": null, "x_kodKar_6": null, "nazwa": "Czerwonak", "idPRG": 1030210420, "idTerytJed": 3021, "idTerytTer": 3021042, "rodzaj": "GW", "PRG|BT_Ref": 1030210420, "PRG|BT_R_1": "PL.PZGiK.200", "x_informDo": null }, "geometry": { "type": "MultiPolygon", "coordinates": [ [ [ [ 16.956769810743509, 52.550275995529958 ], [ 16.956604729634101, 52.550281779802667 ], [ 16.956426367727921, 52.550373320037153 ], [ 16.956326710043371, 52.5504921227501 ], [ 16.956284570326364, 52.550598787000787 ], [ 16.956266333765896, 52.55064830049988 ], [ 16.956268081552302, 52.550690064241607 ], [ 16.956306319484305, 52.550718157195789 ], [ 16.956344067147228, 52.550731401073804 ], [ 16.956358314184893, 52.550786782165986 ], [ 16.956313366204608, 52.550982441509397 ], [ 16.956277293371713, 52.551050624970266 ], [ 16.956246067782399, 52.551116103896007 ], [ 16.956155127397203, 52.551148891605969 ], [ 16.956047805017867, 52.551181756085683 ], [ 16.955989669869542, 52.551213491272243 ], [ 16.955961003196268, 52.551274697056868 ], [ 16.956012513184653, 52.551331531266527 ], [ 16.956111709490955, 52.551371919970137 ], [ 16.956246219272334, 52.551414447465739 ], [ 16.956308301705828, 52.551446999623259 ], [ 16.956344030561812, 52.551487821134806 ], [ 16.956337674463924, 52.551573786827205 ], [ 16.956386563188701, 52.551636242009081 ], [ 16.956501605072614, 52.551691294878218 ], [ 16.95672599677177, 52.551723861081548 ], [ 16.956988782454061, 52.551739910547312 ], [ 16.957142462200327, 52.551785915941366 ], [ 16.957235686077798, 52.551792921686101 ], [ 16.95730710528623, 52.551776975314887 ], [ 16.957369012082911, 52.551759335688338 ], [ 16.957410508945809, 52.551730010951566 ], [ 16.957438270709741, 52.551694602850397 ], [ 16.957441844091303, 52.551617673329645 ], [ 16.957500938594013, 52.551504915362827 ], [ 16.957533319377095, 52.551465359637653 ], [ 16.957607416973097, 52.551439385699396 ], [ 16.957673316294933, 52.551431078946528 ], [ 16.95779827838529, 52.551434584529297 ], [ 16.95786008987109, 52.551422159697893 ], [ 16.957908849397313, 52.551385764672993 ], [ 16.957937817154203, 52.551267180008978 ], [ 16.957933372798628, 52.551159531513697 ], [ 16.957963808521793, 52.551114185760021 ], [ 16.958039717077181, 52.550944334029062 ], [ 16.958055043326922, 52.550668293616212 ], [ 16.958019130013934, 52.550612359018132 ], [ 16.957968562256212, 52.550605100534803 ], [ 16.957881807812498, 52.550649474488928 ], [ 16.957811844717916, 52.550735781741693 ], [ 16.957775507292236, 52.550809717429495 ], [ 16.957708153730181, 52.550843003288982 ], [ 16.957650469514896, 52.550871419172758 ], [ 16.957553934365638, 52.550869033629063 ], [ 16.957560761871967, 52.550887230002047 ], [ 16.957567646004637, 52.55092962201671 ], [ 16.957564607224107, 52.550995048070583 ], [ 16.957542619299058, 52.551045936100245 ], [ 16.957515161085983, 52.551090703535714 ], [ 16.957491260588203, 52.55114146860442 ], [ 16.957493229897651, 52.551226138945751 ], [ 16.957473456726333, 52.55131511107038 ], [ 16.957425430670245, 52.551383358395249 ], [ 16.957382289766574, 52.551429024384539 ], [ 16.957371653683335, 52.551489642267924 ], [ 16.957327903107586, 52.551548429391126 ], [ 16.957281553526933, 52.55157740050943 ], [ 16.957226412515404, 52.55158598268882 ], [ 16.957188615553381, 52.551557897657005 ], [ 16.957148237270328, 52.551420217491852 ], [ 16.957130026840773, 52.551348488411406 ], [ 16.957148990465324, 52.551235667472028 ], [ 16.957222263683676, 52.550960627391959 ], [ 16.957246831895201, 52.550914550935971 ], [ 16.957268748447976, 52.550893792630404 ], [ 16.957081203299026, 52.550967006856034 ], [ 16.956869814453412, 52.551057977635885 ], [ 16.956679038917979, 52.551114945721572 ], [ 16.956595209667309, 52.551096319205136 ], [ 16.956532773181912, 52.551020588438391 ], [ 16.956541349901418, 52.55093762919428 ], [ 16.956609730016829, 52.550783838087646 ], [ 16.956769431447643, 52.550585842651941 ], [ 16.956837956384909, 52.550511473592032 ], [ 16.956850497986263, 52.550463840435157 ], [ 16.956856003945486, 52.55039297045785 ], [ 16.956838616640468, 52.550313070711894 ], [ 16.956769810743509, 52.550275995529958 ] ] ] ] } },
{ "type": "Feature", "properties": { "gml_id": "OT_ADJA_A.20", "lokalnyId": "322BD60C-5C60-598B-E053-CC2BA8C05138", "przestrzen": "PL.PZGiK.308.BDOT10k", "wersjaId": "2022-01-20T00:00:00", "czyObiektB": 0, "x_kod": "ADJA05", "x_skrKarto": null, "x_katDoklG": "Dok", "x_doklGeom": 1, "x_doklGe_1": "m", "x_zrodloDa": "PRG", "x_zrodlo_1": "PRG", "x_katIstni": null, "x_rodzajRe": "ZP", "x_aktualno": "2022-01-20", "x_aktual_1": "2022-01-20", "poczatekWe": "2022-01-20T00:00:00", "x_dataUtwo": "2012-11-13", "x_kodKarto": "0010_505", "x_kodKar_1": "0025_505", "x_kodKar_2": "0050_505", "x_kodKar_3": "0100_505", "x_kodKar_4": null, "x_kodKar_5": null, "x_kodKar_6": null, "nazwa": "Czerwonak", "idPRG": 1030210420, "idTerytJed": 3021, "idTerytTer": 3021042, "rodzaj": "GW", "PRG|BT_Ref": 1030210420, "PRG|BT_R_1": "PL.PZGiK.200", "x_informDo": null }, "geometry": { "type": "MultiPolygon", "coordinates": [ [ [ [ 16.955241799464105, 52.552976226944807 ], [ 16.955287887251025, 52.552971986413141 ], [ 16.955402119505568, 52.552996895433893 ], [ 16.955530398171081, 52.552970419719053 ], [ 16.955634604599947, 52.552906291639154 ], [ 16.95566683105605, 52.552819333790005 ], [ 16.955647373162041, 52.552730044050158 ], [ 16.955597248105505, 52.552595792704523 ], [ 16.955551159076517, 52.552473123759519 ], [ 16.955513869286104, 52.552415095935814 ], [ 16.95543393068305, 52.55236352674406 ], [ 16.955334322093545, 52.552328796775889 ], [ 16.955110820463489, 52.552327813325711 ], [ 16.955002026237025, 52.552389073436359 ], [ 16.954910306449577, 52.552489303998428 ], [ 16.954908598502701, 52.552576789032457 ], [ 16.954892018639413, 52.552682635273506 ], [ 16.954805470512234, 52.552770003332057 ], [ 16.954703698624193, 52.552835701794407 ], [ 16.954611883991433, 52.552887181380093 ], [ 16.954595196422545, 52.552941398432424 ], [ 16.954584137422732, 52.552985639144822 ], [ 16.954536140442571, 52.553094360180587 ], [ 16.954459502677636, 52.553228759583554 ], [ 16.954355941913626, 52.553339218451768 ], [ 16.954436154440586, 52.553365878883135 ], [ 16.954650490349341, 52.553437130534327 ], [ 16.955004221239143, 52.553553873243139 ], [ 16.955104394127801, 52.553478163219715 ], [ 16.955196663309206, 52.553343943550878 ], [ 16.9552033042666, 52.553201138873057 ], [ 16.9551933176723, 52.55307954327948 ], [ 16.955179904076026, 52.553031641729852 ], [ 16.955191188650137, 52.552995229904653 ], [ 16.955241799464105, 52.552976226944807 ] ] ] ] } },
{ "type": "Feature", "properties": { "gml_id": "OT_ADJA_A.20", "lokalnyId": "322BD60C-5C60-598B-E053-CC2BA8C05138", "przestrzen": "PL.PZGiK.308.BDOT10k", "wersjaId": "2022-01-20T00:00:00", "czyObiektB": 0, "x_kod": "ADJA05", "x_skrKarto": null, "x_katDoklG": "Dok", "x_doklGeom": 1, "x_doklGe_1": "m", "x_zrodloDa": "PRG", "x_zrodlo_1": "PRG", "x_katIstni": null, "x_rodzajRe": "ZP", "x_aktualno": "2022-01-20", "x_aktual_1": "2022-01-20", "poczatekWe": "2022-01-20T00:00:00", "x_dataUtwo": "2012-11-13", "x_kodKarto": "0010_505", "x_kodKar_1": "0025_505", "x_kodKar_2": "0050_505", "x_kodKar_3": "0100_505", "x_kodKar_4": null, "x_kodKar_5": null, "x_kodKar_6": null, "nazwa": "Czerwonak", "idPRG": 1030210420, "idTerytJed": 3021, "idTerytTer": 3021042, "rodzaj": "GW", "PRG|BT_Ref": 1030210420, "PRG|BT_R_1": "PL.PZGiK.200", "x_informDo": null }, "geometry": { "type": "MultiPolygon", "coordinates": [ [ [ [ 16.956267510828514, 52.55315961927333 ], [ 16.956273139594646, 52.553343290097601 ], [ 16.956312522874462, 52.553407110163072 ], [ 16.956386122339069, 52.553442739305588 ], [ 16.956494411600499, 52.553465386002564 ], [ 16.956479402240316, 52.553486713150214 ], [ 16.95637366760851, 52.553628166538559 ], [ 16.956353809619518, 52.553671266087356 ], [ 16.956342945571109, 52.553714520941803 ], [ 16.95637859015417, 52.553782593680921 ], [ 16.956399372794611, 52.553840246222435 ], [ 16.95642995104944, 52.553890332809026 ], [ 16.956432533995038, 52.553923656308172 ], [ 16.956423498175489, 52.553956149580735 ], [ 16.95638870404273, 52.553993594646414 ], [ 16.956973527679704, 52.554189693801789 ], [ 16.957099565741281, 52.554147977333351 ], [ 16.957252756208881, 52.55413164359436 ], [ 16.957458001346417, 52.55417323189306 ], [ 16.957876375948455, 52.554337671992194 ], [ 16.958426790829535, 52.554518689331275 ], [ 16.95884118634164, 52.554597341712999 ], [ 16.959085174589323, 52.554646790783629 ], [ 16.959356299460122, 52.554782422851041 ], [ 16.959535451953695, 52.55483309154922 ], [ 16.959793406551487, 52.554880531362059 ], [ 16.959890210389524, 52.554870957238315 ], [ 16.959967138438493, 52.554869944779838 ], [ 16.960046886864895, 52.554890837010667 ], [ 16.960103419116638, 52.554938221959716 ], [ 16.960231480765525, 52.555040535625295 ], [ 16.960378490987488, 52.555071581158799 ], [ 16.960456083560711, 52.555084880752453 ], [ 16.960565601999171, 52.555084339589342 ], [ 16.960652408416991, 52.555064429015317 ], [ 16.960713851852013, 52.555005945566272 ], [ 16.960764127215967, 52.554930540276608 ], [ 16.960904782428475, 52.554847248185254 ], [ 16.960630712837546, 52.554816352436752 ], [ 16.96054737027281, 52.554802953868048 ], [ 16.960526505927401, 52.554788293402659 ], [ 16.960515332160007, 52.554733325624383 ], [ 16.96050481525312, 52.554626022396391 ], [ 16.960506782136562, 52.55453908150654 ], [ 16.960544572784098, 52.55448468768359 ], [ 16.960558390628094, 52.554450837438971 ], [ 16.96034073547219, 52.554454012127806 ], [ 16.960119896038371, 52.55441449859353 ], [ 16.959820213354153, 52.554385497985393 ], [ 16.959571950039358, 52.554345510668561 ], [ 16.959351666621501, 52.554294042868229 ], [ 16.959070965632808, 52.554196291477083 ], [ 16.958877258392601, 52.554157243495553 ], [ 16.958619747417103, 52.554148035041422 ], [ 16.958333116448905, 52.554095420891898 ], [ 16.958015410427596, 52.554035164386818 ], [ 16.957847729279035, 52.553944127018411 ], [ 16.957623611060484, 52.553721158529136 ], [ 16.957466141333715, 52.553575521561335 ], [ 16.957338530766865, 52.553377962992236 ], [ 16.957316936682997, 52.553356813456695 ], [ 16.957312923058144, 52.553328861862923 ], [ 16.957313667984941, 52.55329694496816 ], [ 16.95733184170119, 52.553258313341665 ], [ 16.957375889807292, 52.553221747267273 ], [ 16.957423057000209, 52.553219683164578 ], [ 16.957592909753984, 52.553244830457594 ], [ 16.957702423571455, 52.55324429189789 ], [ 16.957766669391724, 52.553204926221376 ], [ 16.957792380436597, 52.553150144916451 ], [ 16.957780344110731, 52.553078882279074 ], [ 16.957641748085372, 52.552952639112092 ], [ 16.957531622954569, 52.552880583086726 ], [ 16.957431345025466, 52.552723610860468 ], [ 16.957307464388823, 52.552655454585555 ], [ 16.957191020305256, 52.552630509226262 ], [ 16.957076883889403, 52.552654352679831 ], [ 16.957005476988684, 52.552673177308428 ], [ 16.956936260671341, 52.55265120559902 ], [ 16.95692026366914, 52.552604878631762 ], [ 16.956891358246658, 52.552493389983503 ], [ 16.956695871992807, 52.552448371403237 ], [ 16.956584080011837, 52.552424944847267 ], [ 16.956484761951263, 52.552434742651123 ], [ 16.956401922640467, 52.552496362258005 ], [ 16.956371613803544, 52.552538921577266 ], [ 16.956243069551636, 52.552571149958368 ], [ 16.956166103260568, 52.552582592693675 ], [ 16.956127901963796, 52.552598122696203 ], [ 16.956074931464169, 52.552645687148434 ], [ 16.956086009763311, 52.552708928512807 ], [ 16.956140210579413, 52.552758703617378 ], [ 16.956217858536341, 52.552808793672057 ], [ 16.956304675464995, 52.552864798360851 ], [ 16.956314034460465, 52.552968214522643 ], [ 16.956267510828514, 52.55315961927333 ] ], [ [ 16.95648772872952, 52.553091647485886 ], [ 16.956482158124892, 52.553055933878241 ], [ 16.956512772004, 52.552943314217785 ], [ 16.956539490434999, 52.552812908520067 ], [ 16.956562421520978, 52.5527766976668 ], [ 16.956605868367131, 52.552753073283171 ], [ 16.956667140759418, 52.55274594638982 ], [ 16.956717447996777, 52.552749333365149 ], [ 16.956745172927576, 52.552765552057949 ], [ 16.95675068815056, 52.552799285951785 ], [ 16.956740277951408, 52.552848664802198 ], [ 16.956721400672603, 52.552908780567357 ], [ 16.956688390543075, 52.552990418522214 ], [ 16.956664709144032, 52.55307770405512 ], [ 16.956652969273911, 52.553120763931176 ], [ 16.956649158871169, 52.553136078391063 ], [ 16.956604588080399, 52.553152128175739 ], [ 16.956551406762397, 52.553147072557039 ], [ 16.956514208295729, 52.553121965774899 ], [ 16.95648772872952, 52.553091647485886 ] ], [ [ 16.960015522986382, 52.554599960700372 ], [ 16.960008398572306, 52.554607213215476 ], [ 16.959996113557846, 52.554614376776499 ], [ 16.959992385719005, 52.554615211948388 ], [ 16.959985106674875, 52.554616255736136 ], [ 16.959975821767969, 52.554616005747135 ], [ 16.959938128386874, 52.554611038750515 ], [ 16.959920041112429, 52.554606499651392 ], [ 16.959890952303155, 52.554597363703103 ], [ 16.959866017001698, 52.554587759689163 ], [ 16.959839402612253, 52.554572999979172 ], [ 16.959824940702237, 52.554538032714092 ], [ 16.959824221031763, 52.5545217406411 ], [ 16.959827251228429, 52.554497778119995 ], [ 16.959826130922384, 52.554480579711417 ], [ 16.95983458857614, 52.554450954405084 ], [ 16.959851229887441, 52.554435771094177 ], [ 16.959870581221907, 52.554432147189637 ], [ 16.959889909031403, 52.554432210535794 ], [ 16.959911828303554, 52.554433667693715 ], [ 16.959940336736516, 52.554436227801091 ], [ 16.959974869571944, 52.554439341460743 ], [ 16.959990728428831, 52.554444201912062 ], [ 16.960003559162999, 52.554450719080627 ], [ 16.960010097133068, 52.554459286409333 ], [ 16.960008261425035, 52.554470227802135 ], [ 16.960000934221402, 52.554485032025681 ], [ 16.959993433044129, 52.554497224905596 ], [ 16.959994501874213, 52.554512353737877 ], [ 16.960001412807806, 52.554525604527001 ], [ 16.960017335187292, 52.55459270656165 ], [ 16.960015522986382, 52.554599960700372 ] ] ] ] } },
{ "type": "Feature", "properties": { "gml_id": "OT_ADJA_A.20", "lokalnyId": "322BD60C-5C60-598B-E053-CC2BA8C05138", "przestrzen": "PL.PZGiK.308.BDOT10k", "wersjaId": "2022-01-20T00:00:00", "czyObiektB": 0, "x_kod": "ADJA05", "x_skrKarto": null, "x_katDoklG": "Dok", "x_doklGeom": 1, "x_doklGe_1": "m", "x_zrodloDa": "PRG", "x_zrodlo_1": "PRG", "x_katIstni": null, "x_rodzajRe": "ZP", "x_aktualno": "2022-01-20", "x_aktual_1": "2022-01-20", "poczatekWe": "2022-01-20T00:00:00", "x_dataUtwo": "2012-11-13", "x_kodKarto": "0010_505", "x_kodKar_1": "0025_505", "x_kodKar_2": "0050_505", "x_kodKar_3": "0100_505", "x_kodKar_4": null, "x_kodKar_5": null, "x_kodKar_6": null, "nazwa": "Czerwonak", "idPRG": 1030210420, "idTerytJed": 3021, "idTerytTer": 3021042, "rodzaj": "GW", "PRG|BT_Ref": 1030210420, "PRG|BT_R_1": "PL.PZGiK.200", "x_informDo": null }, "geometry": { "type": "MultiPolygon", "coordinates": [ [ [ [ 16.96048347581835, 52.559234237343539 ], [ 16.960428343420549, 52.559201087740561 ], [ 16.960197893401798, 52.559113739225943 ], [ 16.960114337022699, 52.559101595932567 ], [ 16.960080328485805, 52.559118908404635 ], [ 16.960048095270118, 52.559183831231913 ], [ 16.960032714819128, 52.559346722455345 ], [ 16.959997616196912, 52.559597417792006 ], [ 16.960025616944751, 52.559668235717936 ], [ 16.960096881093698, 52.559690870402186 ], [ 16.960161322289281, 52.559691981055209 ], [ 16.960367580800337, 52.559626459616304 ], [ 16.960500752462305, 52.559577577034133 ], [ 16.960523662036945, 52.559548200732102 ], [ 16.960497451450113, 52.559270185480635 ], [ 16.96048347581835, 52.559234237343539 ] ] ] ] } },
{ "type": "Feature", "properties": { "gml_id": "OT_ADJA_A.20", "lokalnyId": "322BD60C-5C60-598B-E053-CC2BA8C05138", "przestrzen": "PL.PZGiK.308.BDOT10k", "wersjaId": "2022-01-20T00:00:00", "czyObiektB": 0, "x_kod": "ADJA05", "x_skrKarto": null, "x_katDoklG": "Dok", "x_doklGeom": 1, "x_doklGe_1": "m", "x_zrodloDa": "PRG", "x_zrodlo_1": "PRG", "x_katIstni": null, "x_rodzajRe": "ZP", "x_aktualno": "2022-01-20", "x_aktual_1": "2022-01-20", "poczatekWe": "2022-01-20T00:00:00", "x_dataUtwo": "2012-11-13", "x_kodKarto": "0010_505", "x_kodKar_1": "0025_505", "x_kodKar_2": "0050_505", "x_kodKar_3": "0100_505", "x_kodKar_4": null, "x_kodKar_5": null, "x_kodKar_6": null, "nazwa": "Czerwonak", "idPRG": 1030210420, "idTerytJed": 3021, "idTerytTer": 3021042, "rodzaj": "GW", "PRG|BT_Ref": 1030210420, "PRG|BT_R_1": "PL.PZGiK.200", "x_informDo": null }, "geometry": { "type": "MultiPolygon", "coordinates": [ [ [ [ 16.954531389609727, 52.562581909527317 ], [ 16.954355599010071, 52.56266458695098 ], [ 16.954213789127799, 52.562857491840795 ], [ 16.954174769401881, 52.563096515169626 ], [ 16.954064079163523, 52.563216924161559 ], [ 16.954001314560131, 52.563392127248292 ], [ 16.953976817712043, 52.563582292740669 ], [ 16.95398757645679, 52.56368726217049 ], [ 16.954071411824735, 52.563731614103887 ], [ 16.954254362580084, 52.563663271812388 ], [ 16.954490186462614, 52.563467314656663 ], [ 16.954585247861157, 52.563273601576185 ], [ 16.954779997181216, 52.563119746827525 ], [ 16.954856986562742, 52.562978157944094 ], [ 16.95497549337745, 52.562784849671047 ], [ 16.955092961114037, 52.562610681160592 ], [ 16.955143402580681, 52.562535281084017 ], [ 16.955074388102823, 52.562505486878528 ], [ 16.954880243706405, 52.562478297542476 ], [ 16.954772588633755, 52.562438391476562 ], [ 16.954685652109269, 52.562460724046197 ], [ 16.954531389609727, 52.562581909527317 ] ] ] ] } },
{ "type": "Feature", "properties": { "gml_id": "OT_ADJA_A.20", "lokalnyId": "322BD60C-5C60-598B-E053-CC2BA8C05138", "przestrzen": "PL.PZGiK.308.BDOT10k", "wersjaId": "2022-01-20T00:00:00", "czyObiektB": 0, "x_kod": "ADJA05", "x_skrKarto": null, "x_katDoklG": "Dok", "x_doklGeom": 1, "x_doklGe_1": "m", "x_zrodloDa": "PRG", "x_zrodlo_1": "PRG", "x_katIstni": null, "x_rodzajRe": "ZP", "x_aktualno": "2022-01-20", "x_aktual_1": "2022-01-20", "poczatekWe": "2022-01-20T00:00:00", "x_dataUtwo": "2012-11-13", "x_kodKarto": "0010_505", "x_kodKar_1": "0025_505", "x_kodKar_2": "0050_505", "x_kodKar_3": "0100_505", "x_kodKar_4": null, "x_kodKar_5": null, "x_kodKar_6": null, "nazwa": "Czerwonak", "idPRG": 1030210420, "idTerytJed": 3021, "idTerytTer": 3021042, "rodzaj": "GW", "PRG|BT_Ref": 1030210420, "PRG|BT_R_1": "PL.PZGiK.200", "x_informDo": null }, "geometry": { "type": "MultiPolygon", "coordinates": [ [ [ [ 16.956040136565207, 52.563970428344348 ], [ 16.956106649345848, 52.563885861409318 ], [ 16.956096771464964, 52.56376183954054 ], [ 16.956070596742315, 52.563651837154538 ], [ 16.95613239357515, 52.563500451175173 ], [ 16.956272095387167, 52.563352748899966 ], [ 16.956329613830086, 52.56321082288472 ], [ 16.956292304908271, 52.563172042910161 ], [ 16.95620293619071, 52.563160965803782 ], [ 16.95610420100267, 52.563183095681403 ], [ 16.956042961265595, 52.563236813336871 ], [ 16.955988134498845, 52.563324010507934 ], [ 16.955879549055648, 52.563472249852431 ], [ 16.955734794862412, 52.563646037779819 ], [ 16.955554206322066, 52.563828650566471 ], [ 16.955518731842901, 52.563918610254426 ], [ 16.955547007984357, 52.563983407813069 ], [ 16.955650242568094, 52.564032770722719 ], [ 16.955825591927933, 52.564045333220463 ], [ 16.95593181111412, 52.564030528238945 ], [ 16.956040136565207, 52.563970428344348 ] ] ] ] } },
{ "type": "Feature", "properties": { "gml_id": "OT_ADJA_A.20", "lokalnyId": "322BD60C-5C60-598B-E053-CC2BA8C05138", "przestrzen": "PL.PZGiK.308.BDOT10k", "wersjaId": "2022-01-20T00:00:00", "czyObiektB": 0, "x_kod": "ADJA05", "x_skrKarto": null, "x_katDoklG": "Dok", "x_doklGeom": 1, "x_doklGe_1": "m", "x_zrodloDa": "PRG", "x_zrodlo_1": "PRG", "x_katIstni": null, "x_rodzajRe": "ZP", "x_aktualno": "2022-01-20", "x_aktual_1": "2022-01-20", "poczatekWe": "2022-01-20T00:00:00", "x_dataUtwo": "2012-11-13", "x_kodKarto": "0010_505", "x_kodKar_1": "0025_505", "x_kodKar_2": "0050_505", "x_kodKar_3": "0100_505", "x_kodKar_4": null, "x_kodKar_5": null, "x_kodKar_6": null, "nazwa": "Czerwonak", "idPRG": 1030210420, "idTerytJed": 3021, "idTerytTer": 3021042, "rodzaj": "GW", "PRG|BT_Ref": 1030210420, "PRG|BT_R_1": "PL.PZGiK.200", "x_informDo": null }, "geometry": { "type": "MultiPolygon", "coordinates": [ [ [ [ 16.984862448293406, 52.440238270954602 ], [ 16.984661981578956, 52.440254551532732 ], [ 16.98460540100411, 52.440259163526271 ], [ 16.984333462902121, 52.440280611153796 ], [ 16.98382201023103, 52.440303190463574 ], [ 16.983708029305795, 52.440323912484324 ], [ 16.98261119395011, 52.440534288499073 ], [ 16.982444003483238, 52.440566333713541 ], [ 16.982412693135917, 52.440571915576733 ], [ 16.982487666328034, 52.440667276580093 ], [ 16.982489206035055, 52.440669011793709 ], [ 16.982508732960767, 52.440721602551669 ], [ 16.983411223417942, 52.440644897441111 ], [ 16.984259381050954, 52.440571846228103 ], [ 16.984808824472708, 52.440465095323333 ], [ 16.985269720983172, 52.440392540713361 ], [ 16.985431721237319, 52.440380640491618 ], [ 16.986455956482541, 52.440348260433268 ], [ 16.98685101465782, 52.440231495119058 ], [ 16.98686160796429, 52.440228347575896 ], [ 16.987134655198247, 52.440068430564999 ], [ 16.986750011288684, 52.440099985875413 ], [ 16.985282639290528, 52.440202978865798 ], [ 16.984862448293406, 52.440238270954602 ] ] ] ] } },
{ "type": "Feature", "properties": { "gml_id": "OT_ADJA_A.20", "lokalnyId": "322BD60C-5C60-598B-E053-CC2BA8C05138", "przestrzen": "PL.PZGiK.308.BDOT10k", "wersjaId": "2022-01-20T00:00:00", "czyObiektB": 0, "x_kod": "ADJA05", "x_skrKarto": null, "x_katDoklG": "Dok", "x_doklGeom": 1, "x_doklGe_1": "m", "x_zrodloDa": "PRG", "x_zrodlo_1": "PRG", "x_katIstni": null, "x_rodzajRe": "ZP", "x_aktualno": "2022-01-20", "x_aktual_1": "2022-01-20", "poczatekWe": "2022-01-20T00:00:00", "x_dataUtwo": "2012-11-13", "x_kodKarto": "0010_505", "x_kodKar_1": "0025_505", "x_kodKar_2": "0050_505", "x_kodKar_3": "0100_505", "x_kodKar_4": null, "x_kodKar_5": null, "x_kodKar_6": null, "nazwa": "Czerwonak", "idPRG": 1030210420, "idTerytJed": 3021, "idTerytTer": 3021042, "rodzaj": "GW", "PRG|BT_Ref": 1030210420, "PRG|BT_R_1": "PL.PZGiK.200", "x_informDo": null }, "geometry": { "type": "MultiPolygon", "coordinates": [ [ [ [ 16.987438044973675, 52.440178169251489 ], [ 16.987411842672081, 52.440178262859014 ], [ 16.987381414748821, 52.440190337026337 ], [ 16.987361356734439, 52.44022030670196 ], [ 16.987346444736723, 52.440260077938255 ], [ 16.987335000423187, 52.440304495353956 ], [ 16.9873015666264, 52.440340533388493 ], [ 16.987242483900904, 52.440361293973766 ], [ 16.987154164878927, 52.440371213195775 ], [ 16.987024520135517, 52.440380428709133 ], [ 16.986900513043089, 52.440388660749939 ], [ 16.986812402895417, 52.440393996127426 ], [ 16.986717876830092, 52.44041415289233 ], [ 16.986649426081616, 52.4404370022515 ], [ 16.986505834169108, 52.440610037630542 ], [ 16.986575223157107, 52.440653762930239 ], [ 16.986624831464596, 52.440698770312345 ], [ 16.986709146430272, 52.440754082673415 ], [ 16.986801030809495, 52.440814470792851 ], [ 16.98687249575514, 52.44085787148714 ], [ 16.986970299600173, 52.440804581053413 ], [ 16.9871887596337, 52.44051310429127 ], [ 16.987412224649713, 52.440573483489295 ], [ 16.98750371568719, 52.440422945589354 ], [ 16.987629278699249, 52.440254639007101 ], [ 16.987616510070282, 52.440208640143275 ], [ 16.987570992510967, 52.440180432403778 ], [ 16.987438044973675, 52.440178169251489 ] ] ] ] } },
{ "type": "Feature", "properties": { "gml_id": "OT_ADJA_A.20", "lokalnyId": "322BD60C-5C60-598B-E053-CC2BA8C05138", "przestrzen": "PL.PZGiK.308.BDOT10k", "wersjaId": "2022-01-20T00:00:00", "czyObiektB": 0, "x_kod": "ADJA05", "x_skrKarto": null, "x_katDoklG": "Dok", "x_doklGeom": 1, "x_doklGe_1": "m", "x_zrodloDa": "PRG", "x_zrodlo_1": "PRG", "x_katIstni": null, "x_rodzajRe": "ZP", "x_aktualno": "2022-01-20", "x_aktual_1": "2022-01-20", "poczatekWe": "2022-01-20T00:00:00", "x_dataUtwo": "2012-11-13", "x_kodKarto": "0010_505", "x_kodKar_1": "0025_505", "x_kodKar_2": "0050_505", "x_kodKar_3": "0100_505", "x_kodKar_4": null, "x_kodKar_5": null, "x_kodKar_6": null, "nazwa": "Czerwonak", "idPRG": 1030210420, "idTerytJed": 3021, "idTerytTer": 3021042, "rodzaj": "GW", "PRG|BT_Ref": 1030210420, "PRG|BT_R_1": "PL.PZGiK.200", "x_informDo": null }, "geometry": { "type": "MultiPolygon", "coordinates": [ ] } },
{ "type": "Feature", "properties": { "gml_id": "OT_ADJA_A.20", "lokalnyId": "322BD60C-5C60-598B-E053-CC2BA8C05138", "przestrzen": "PL.PZGiK.308.BDOT10k", "wersjaId": "2022-01-20T00:00:00", "czyObiektB": 0, "x_kod": "ADJA05", "x_skrKarto": null, "x_katDoklG": "Dok", "x_doklGeom": 1, "x_doklGe_1": "m", "x_zrodloDa": "PRG", "x_zrodlo_1": "PRG", "x_katIstni": null, "x_rodzajRe": "ZP", "x_aktualno": "2022-01-20", "x_aktual_1": "2022-01-20", "poczatekWe": "2022-01-20T00:00:00", "x_dataUtwo": "2012-11-13", "x_kodKarto": "0010_505", "x_kodKar_1": "0025_505", "x_kodKar_2": "0050_505", "x_kodKar_3": "0100_505", "x_kodKar_4": null, "x_kodKar_5": null, "x_kodKar_6": null, "nazwa": "Czerwonak", "idPRG": 1030210420, "idTerytJed": 3021, "idTerytTer": 3021042, "rodzaj": "GW", "PRG|BT_Ref": 1030210420, "PRG|BT_R_1": "PL.PZGiK.200", "x_informDo": null }, "geometry": { "type": "MultiPolygon", "coordinates": [ [ [ [ 16.98397300366128, 52.443362334840785 ], [ 16.984052735780875, 52.443637304226442 ], [ 16.984525194393445, 52.44367657002212 ], [ 16.9847745311408, 52.443702496854655 ], [ 16.985219301336166, 52.443732473386113 ], [ 16.986239960698324, 52.443812463754 ], [ 16.986280185727189, 52.443818005877645 ], [ 16.987084491898621, 52.443313355325557 ], [ 16.987220281177464, 52.443247039911647 ], [ 16.986674472882733, 52.443189536373509 ], [ 16.986116949228748, 52.443130751414742 ], [ 16.985893008153841, 52.44234820111037 ], [ 16.985457761592155, 52.442367858521393 ], [ 16.984898424293593, 52.442394213836415 ], [ 16.984539970508855, 52.442430827016274 ], [ 16.984570025503562, 52.442520473938139 ], [ 16.984623628918825, 52.442693990360929 ], [ 16.984705209345922, 52.44295432994204 ], [ 16.984318426945972, 52.442989110421628 ], [ 16.983996530024019, 52.443017980456879 ], [ 16.983197987770136, 52.443089717822616 ], [ 16.983295432549852, 52.44338603683407 ], [ 16.983413343910964, 52.443382561521453 ], [ 16.983547589627989, 52.443375946815102 ], [ 16.98397300366128, 52.443362334840785 ] ] ] ] } },
{ "type": "Feature", "properties": { "gml_id": "OT_ADJA_A.20", "lokalnyId": "322BD60C-5C60-598B-E053-CC2BA8C05138", "przestrzen": "PL.PZGiK.308.BDOT10k", "wersjaId": "2022-01-20T00:00:00", "czyObiektB": 0, "x_kod": "ADJA05", "x_skrKarto": null, "x_katDoklG": "Dok", "x_doklGeom": 1, "x_doklGe_1": "m", "x_zrodloDa": "PRG", "x_zrodlo_1": "PRG", "x_katIstni": null, "x_rodzajRe": "ZP", "x_aktualno": "2022-01-20", "x_aktual_1": "2022-01-20", "poczatekWe": "2022-01-20T00:00:00", "x_dataUtwo": "2012-11-13", "x_kodKarto": "0010_505", "x_kodKar_1": "0025_505", "x_kodKar_2": "0050_505", "x_kodKar_3": "0100_505", "x_kodKar_4": null, "x_kodKar_5": null, "x_kodKar_6": null, "nazwa": "Czerwonak", "idPRG": 1030210420, "idTerytJed": 3021, "idTerytTer": 3021042, "rodzaj": "GW", "PRG|BT_Ref": 1030210420, "PRG|BT_R_1": "PL.PZGiK.200", "x_informDo": null }, "geometry": { "type": "MultiPolygon", "coordinates": [ [ [ [ 16.976935687927149, 52.44292183170753 ], [ 16.976972415466484, 52.442711361239745 ], [ 16.977005969429573, 52.442486625274377 ], [ 16.977172235595916, 52.442487851209883 ], [ 16.977201254793052, 52.442146829740018 ], [ 16.977234025943122, 52.441743181357268 ], [ 16.976632630407387, 52.441736667848879 ], [ 16.976580926091739, 52.441618765556562 ], [ 16.976636064169863, 52.441472050584146 ], [ 16.976438154886612, 52.44150641012881 ], [ 16.976089460465648, 52.441497131661016 ], [ 16.976096169882652, 52.441585103629649 ], [ 16.976131671946909, 52.441953673053753 ], [ 16.976158584475165, 52.442127546144157 ], [ 16.976202489130809, 52.442309625186503 ], [ 16.976222813401723, 52.442534113984294 ], [ 16.976214253222746, 52.442813963657038 ], [ 16.976206330242068, 52.443083120870085 ], [ 16.97620694478665, 52.44325915212103 ], [ 16.97622213925527, 52.443406111149038 ], [ 16.976237649420852, 52.44353976383956 ], [ 16.976262243613931, 52.443764235731251 ], [ 16.976347998798257, 52.443987056176127 ], [ 16.976369552062064, 52.444184762561896 ], [ 16.976402952568222, 52.444406596859771 ], [ 16.976401988592123, 52.444523957469386 ], [ 16.976442483842195, 52.444687359540637 ], [ 16.976456543480346, 52.444759555494642 ], [ 16.976544886393725, 52.444672292645677 ], [ 16.976623351879713, 52.444569300350786 ], [ 16.976657078321821, 52.444427585919755 ], [ 16.976688027982263, 52.444259740154735 ], [ 16.976678013866966, 52.444141022392031 ], [ 16.976614886879425, 52.443992883344485 ], [ 16.976552665351527, 52.443828210030098 ], [ 16.976584831385125, 52.44371731974428 ], [ 16.976659145622875, 52.443621361963729 ], [ 16.9767222371614, 52.443513339448444 ], [ 16.976748492782111, 52.443364391535283 ], [ 16.976747018370695, 52.443056127677316 ], [ 16.976854017143712, 52.443008129689389 ], [ 16.976935687927149, 52.44292183170753 ] ] ] ] } },
{ "type": "Feature", "properties": { "gml_id": "OT_ADJA_A.20", "lokalnyId": "322BD60C-5C60-598B-E053-CC2BA8C05138", "przestrzen": "PL.PZGiK.308.BDOT10k", "wersjaId": "2022-01-20T00:00:00", "czyObiektB": 0, "x_kod": "ADJA05", "x_skrKarto": null, "x_katDoklG": "Dok", "x_doklGeom": 1, "x_doklGe_1": "m", "x_zrodloDa": "PRG", "x_zrodlo_1": "PRG", "x_katIstni": null, "x_rodzajRe": "ZP", "x_aktualno": "2022-01-20", "x_aktual_1": "2022-01-20", "poczatekWe": "2022-01-20T00:00:00", "x_dataUtwo": "2012-11-13", "x_kodKarto": "0010_505", "x_kodKar_1": "0025_505", "x_kodKar_2": "0050_505", "x_kodKar_3": "0100_505", "x_kodKar_4": null, "x_kodKar_5": null, "x_kodKar_6": null, "nazwa": "Czerwonak", "idPRG": 1030210420, "idTerytJed": 3021, "idTerytTer": 3021042, "rodzaj": "GW", "PRG|BT_Ref": 1030210420, "PRG|BT_R_1": "PL.PZGiK.200", "x_informDo": null }, "geometry": { "type": "MultiPolygon", "coordinates": [ [ [ [ 16.988254835720401, 52.448373915046894 ], [ 16.988149703017857, 52.44873621914428 ], [ 16.987529240770506, 52.448677629628101 ], [ 16.987409933264374, 52.448963239484634 ], [ 16.987402035185291, 52.449507715505831 ], [ 16.987413814968122, 52.449539936059722 ], [ 16.987427593526373, 52.449567063831999 ], [ 16.987443375825897, 52.449582533000431 ], [ 16.987456684870054, 52.44960704440323 ], [ 16.987455537408948, 52.449632209168684 ], [ 16.987446707661253, 52.449661200699801 ], [ 16.987388639458413, 52.44970140657103 ], [ 16.987282758435953, 52.4497247884768 ], [ 16.987103312098309, 52.449718225767974 ], [ 16.986926372953281, 52.449779343305849 ], [ 16.986886612050927, 52.449831283515671 ], [ 16.986907892675852, 52.449884352989258 ], [ 16.987397920044245, 52.450266232445522 ], [ 16.987676272853719, 52.450399230301166 ], [ 16.987998242523151, 52.450466771015769 ], [ 16.988220128017208, 52.450495101332699 ], [ 16.988285371631019, 52.450526792371541 ], [ 16.988313101358955, 52.450586986925167 ], [ 16.988245026907183, 52.450827328013503 ], [ 16.988231859934686, 52.450873964745121 ], [ 16.988237229640756, 52.450904726977491 ], [ 16.988289128570454, 52.450935291508898 ], [ 16.988411767916407, 52.45096094339528 ], [ 16.9901334776767, 52.451160936592096 ], [ 16.990396769880366, 52.450942800924572 ], [ 16.990387650883953, 52.450923218057724 ], [ 16.990393211545488, 52.450872224458315 ], [ 16.990490933318551, 52.450481640187895 ], [ 16.990347118873618, 52.45046840257028 ], [ 16.990106848118465, 52.450446149736422 ], [ 16.989866426424989, 52.450423983790024 ], [ 16.989988266182259, 52.449895026514533 ], [ 16.990490642624696, 52.449928660346167 ], [ 16.990616232711758, 52.449462636956461 ], [ 16.990694818033994, 52.449010475459637 ], [ 16.991052974155522, 52.44880357449145 ], [ 16.991014589037732, 52.448754262626217 ], [ 16.990899340256785, 52.448679539683354 ], [ 16.990935678758547, 52.448566827878068 ], [ 16.990676070173055, 52.448355185470703 ], [ 16.990791425889455, 52.447683735926852 ], [ 16.990525223124092, 52.448154572201858 ], [ 16.990338810092005, 52.448148869148504 ], [ 16.990289421425295, 52.448049179441036 ], [ 16.990002842237832, 52.44796573455573 ], [ 16.989900369219171, 52.447938646209295 ], [ 16.989870564287653, 52.44772776594143 ], [ 16.989798516597094, 52.447351417066912 ], [ 16.989746268461154, 52.447041304923239 ], [ 16.989287391856926, 52.446844444297298 ], [ 16.988958637313367, 52.447007137897003 ], [ 16.988702515748251, 52.447113502105175 ], [ 16.988549615030777, 52.447164237667579 ], [ 16.988655803211376, 52.447922202810041 ], [ 16.98844782284403, 52.448222135288056 ], [ 16.988254835720401, 52.448373915046894 ] ] ] ] } },
{ "type": "Feature", "properties": { "gml_id": "OT_ADJA_A.20", "lokalnyId": "322BD60C-5C60-598B-E053-CC2BA8C05138", "przestrzen": "PL.PZGiK.308.BDOT10k", "wersjaId": "2022-01-20T00:00:00", "czyObiektB": 0, "x_kod": "ADJA05", "x_skrKarto": null, "x_katDoklG": "Dok", "x_doklGeom": 1, "x_doklGe_1": "m", "x_zrodloDa": "PRG", "x_zrodlo_1": "PRG", "x_katIstni": null, "x_rodzajRe": "ZP", "x_aktualno": "2022-01-20", "x_aktual_1": "2022-01-20", "poczatekWe": "2022-01-20T00:00:00", "x_dataUtwo": "2012-11-13", "x_kodKarto": "0010_505", "x_kodKar_1": "0025_505", "x_kodKar_2": "0050_505", "x_kodKar_3": "0100_505", "x_kodKar_4": null, "x_kodKar_5": null, "x_kodKar_6": null, "nazwa": "Czerwonak", "idPRG": 1030210420, "idTerytJed": 3021, "idTerytTer": 3021042, "rodzaj": "GW", "PRG|BT_Ref": 1030210420, "PRG|BT_R_1": "PL.PZGiK.200", "x_informDo": null }, "geometry": { "type": "MultiPolygon", "coordinates": [ [ [ [ 16.974562895105247, 52.450244751913161 ], [ 16.974285337601465, 52.450541129627354 ], [ 16.973775298838667, 52.450911774169164 ], [ 16.972452948756761, 52.451733320541237 ], [ 16.972088072711458, 52.451987900828016 ], [ 16.971972503171138, 52.452135315740662 ], [ 16.971886998759878, 52.452560723815296 ], [ 16.971987578841375, 52.452813213178686 ], [ 16.972125251445195, 52.453024244784586 ], [ 16.972631225995297, 52.453502429783583 ], [ 16.973126839491094, 52.453866655650437 ], [ 16.973517813704007, 52.454143639138053 ], [ 16.973812437914237, 52.45431949210387 ], [ 16.974171908773517, 52.454439430856347 ], [ 16.97525510418804, 52.454685633114998 ], [ 16.976065410551417, 52.454805280391568 ], [ 16.976551745106939, 52.454926483889714 ], [ 16.976659482828108, 52.454914386262686 ], [ 16.976748452517668, 52.454887756236481 ], [ 16.976791010225632, 52.454810503010556 ], [ 16.976864475477257, 52.454794490821349 ], [ 16.976960218059002, 52.454806382613477 ], [ 16.977459186997525, 52.454870414265216 ], [ 16.977744468171551, 52.454913250181477 ], [ 16.978085991087973, 52.454914323775682 ], [ 16.978223132495316, 52.454909563275827 ], [ 16.978167818368853, 52.454882893462639 ], [ 16.97750291250696, 52.454578124681753 ], [ 16.977039539592113, 52.454351094073246 ], [ 16.976776860025112, 52.454213572352899 ], [ 16.97652662224441, 52.454084088088031 ], [ 16.976326863351794, 52.453971117512282 ], [ 16.9761775827318, 52.453874660876181 ], [ 16.976065804057452, 52.453798363846175 ], [ 16.97599802583515, 52.453738560125124 ], [ 16.975570359944076, 52.453401053960157 ], [ 16.975376066709082, 52.45323645748487 ], [ 16.975274270485073, 52.453010034111728 ], [ 16.975189999955134, 52.452886177151804 ], [ 16.975166516783467, 52.45278512760531 ], [ 16.975207962794389, 52.452700030749405 ], [ 16.975311434503215, 52.452665285370635 ], [ 16.975137903736254, 52.452353086021219 ], [ 16.974968689101502, 52.451975750861607 ], [ 16.974866226415177, 52.451654874371464 ], [ 16.974799490344964, 52.451354307473707 ], [ 16.974764867018624, 52.451008419100916 ], [ 16.974796330341508, 52.450649991198475 ], [ 16.974910439816174, 52.45020042638761 ], [ 16.975123801671792, 52.450282781710833 ], [ 16.975206616013811, 52.450338796025832 ], [ 16.975151644612978, 52.450776511891213 ], [ 16.975199468586823, 52.451341729966636 ], [ 16.975236031741812, 52.451728845770234 ], [ 16.975288757973001, 52.451933741822806 ], [ 16.975404567408177, 52.452201239792672 ], [ 16.975663309322922, 52.452822236496459 ], [ 16.975780639925347, 52.452986054597233 ], [ 16.976704145329059, 52.453741201334843 ], [ 16.976958970254476, 52.453937592126209 ], [ 16.977329003845686, 52.454164465502458 ], [ 16.978181392634262, 52.45461554223008 ], [ 16.978300501554155, 52.452976550722944 ], [ 16.97775374027713, 52.452596901011219 ], [ 16.97774378266379, 52.452560393318358 ], [ 16.977734344140206, 52.452535047560872 ], [ 16.977734965833211, 52.452498990642809 ], [ 16.977635000952805, 52.451978573656675 ], [ 16.977613138701212, 52.450759368089166 ], [ 16.977700080000741, 52.450217773033899 ], [ 16.977757521356768, 52.450220374506131 ], [ 16.977855983734543, 52.450220889273112 ], [ 16.978068363588736, 52.450064510950959 ], [ 16.978511200365354, 52.45007694013561 ], [ 16.978539414312909, 52.449689134089411 ], [ 16.978587394783226, 52.449011146681073 ], [ 16.978631243737578, 52.448391192423216 ], [ 16.978647795627047, 52.44815834039602 ], [ 16.977797599704289, 52.44812788178001 ], [ 16.977729524031524, 52.448244993868258 ], [ 16.977676088993359, 52.44823211732227 ], [ 16.977617915921197, 52.448226265288582 ], [ 16.977506848654681, 52.448215011213158 ], [ 16.977187137831791, 52.448195240620159 ], [ 16.976999455454887, 52.44818546350389 ], [ 16.976783479735214, 52.448182757229638 ], [ 16.976790459934932, 52.448146089544444 ], [ 16.976810582379013, 52.448114953452865 ], [ 16.976835562923874, 52.448083810545491 ], [ 16.976905558133037, 52.448040485954643 ], [ 16.976968108555972, 52.448008636724268 ], [ 16.977010852775681, 52.447981755270547 ], [ 16.977248002812956, 52.447888583225705 ], [ 16.977531850651992, 52.447791442500574 ], [ 16.977798082907757, 52.447741400338749 ], [ 16.977802858521045, 52.446451503884198 ], [ 16.977505639712625, 52.44643265842587 ], [ 16.977033469863336, 52.446402633926979 ], [ 16.976957701507619, 52.446376063169829 ], [ 16.976454698300468, 52.446312229427519 ], [ 16.976277882743311, 52.446698121388891 ], [ 16.976237693979431, 52.446775235136514 ], [ 16.975865272307011, 52.447487872997314 ], [ 16.975732735037202, 52.447838904321685 ], [ 16.97569614545554, 52.448116744812339 ], [ 16.97565565002898, 52.448117040844643 ], [ 16.975615409088931, 52.448124626693129 ], [ 16.975575918777839, 52.448135103592179 ], [ 16.975461554540065, 52.448336958672037 ], [ 16.975390885489663, 52.448776834435655 ], [ 16.975319761777438, 52.44933569839106 ], [ 16.975104564307813, 52.449720211746417 ], [ 16.974562895105247, 52.450244751913161 ] ] ] ] } },
{ "type": "Feature", "properties": { "gml_id": "OT_ADJA_A.20", "lokalnyId": "322BD60C-5C60-598B-E053-CC2BA8C05138", "przestrzen": "PL.PZGiK.308.BDOT10k", "wersjaId": "2022-01-20T00:00:00", "czyObiektB": 0, "x_kod": "ADJA05", "x_skrKarto": null, "x_katDoklG": "Dok", "x_doklGeom": 1, "x_doklGe_1": "m", "x_zrodloDa": "PRG", "x_zrodlo_1": "PRG", "x_katIstni": null, "x_rodzajRe": "ZP", "x_aktualno": "2022-01-20", "x_aktual_1": "2022-01-20", "poczatekWe": "2022-01-20T00:00:00", "x_dataUtwo": "2012-11-13", "x_kodKarto": "0010_505", "x_kodKar_1": "0025_505", "x_kodKar_2": "0050_505", "x_kodKar_3": "0100_505", "x_kodKar_4": null, "x_kodKar_5": null, "x_kodKar_6": null, "nazwa": "Czerwonak", "idPRG": 1030210420, "idTerytJed": 3021, "idTerytTer": 3021042, "rodzaj": "GW", "PRG|BT_Ref": 1030210420, "PRG|BT_R_1": "PL.PZGiK.200", "x_informDo": null }, "geometry": { "type": "MultiPolygon", "coordinates": [ [ [ [ 16.987880717199133, 52.452489228050752 ], [ 16.987912754574605, 52.452516306693013 ], [ 16.987955646743615, 52.452531337677144 ], [ 16.988742957735333, 52.452603016427112 ], [ 16.988777152859662, 52.452595683036151 ], [ 16.988806196822516, 52.452572162063802 ], [ 16.988828161533878, 52.452565070338864 ], [ 16.988869110924426, 52.452561359619999 ], [ 16.98932191162471, 52.452607736461523 ], [ 16.989408460369216, 52.452469165659046 ], [ 16.988977297474051, 52.452387359510659 ], [ 16.988771700099235, 52.452301833629498 ], [ 16.988640057262412, 52.452215226933902 ], [ 16.988597905138821, 52.452196880863276 ], [ 16.988530000602683, 52.452184752518768 ], [ 16.987912275034116, 52.452136105768069 ], [ 16.987862101745886, 52.452151621717825 ], [ 16.987832251968101, 52.452179895773277 ], [ 16.987819163943559, 52.452337794376028 ], [ 16.987880717199133, 52.452489228050752 ] ] ] ] } },
{ "type": "Feature", "properties": { "gml_id": "OT_ADJA_A.20", "lokalnyId": "322BD60C-5C60-598B-E053-CC2BA8C05138", "przestrzen": "PL.PZGiK.308.BDOT10k", "wersjaId": "2022-01-20T00:00:00", "czyObiektB": 0, "x_kod": "ADJA05", "x_skrKarto": null, "x_katDoklG": "Dok", "x_doklGeom": 1, "x_doklGe_1": "m", "x_zrodloDa": "PRG", "x_zrodlo_1": "PRG", "x_katIstni": null, "x_rodzajRe": "ZP", "x_aktualno": "2022-01-20", "x_aktual_1": "2022-01-20", "poczatekWe": "2022-01-20T00:00:00", "x_dataUtwo": "2012-11-13", "x_kodKarto": "0010_505", "x_kodKar_1": "0025_505", "x_kodKar_2": "0050_505", "x_kodKar_3": "0100_505", "x_kodKar_4": null, "x_kodKar_5": null, "x_kodKar_6": null, "nazwa": "Czerwonak", "idPRG": 1030210420, "idTerytJed": 3021, "idTerytTer": 3021042, "rodzaj": "GW", "PRG|BT_Ref": 1030210420, "PRG|BT_R_1": "PL.PZGiK.200", "x_informDo": null }, "geometry": { "type": "MultiPolygon", "coordinates": [ [ [ [ 16.983062654188167, 52.455026664116595 ], [ 16.983063366819781, 52.45517535355215 ], [ 16.983148132074785, 52.455288959504266 ], [ 16.983195636961561, 52.455312615553787 ], [ 16.983285730138526, 52.455309655039017 ], [ 16.983331335691467, 52.455294332928716 ], [ 16.983345378523531, 52.455235119520765 ], [ 16.98334882451897, 52.455159715360509 ], [ 16.983314844667525, 52.455001194310157 ], [ 16.983349491997558, 52.454816500802814 ], [ 16.983446546258946, 52.454657965995246 ], [ 16.983551063075598, 52.454584195593931 ], [ 16.98375362428353, 52.454484844026645 ], [ 16.983891341391246, 52.454154849613715 ], [ 16.983902998316019, 52.454125276944453 ], [ 16.983904674734447, 52.454120808333876 ], [ 16.984090005727484, 52.453650863329457 ], [ 16.983804736858385, 52.453633586991565 ], [ 16.983660668729009, 52.453622495628771 ], [ 16.983689687488152, 52.453451377491419 ], [ 16.983696213489175, 52.453266654019728 ], [ 16.983701743444467, 52.452984504285141 ], [ 16.983725303563812, 52.452733063055014 ], [ 16.983634848770247, 52.452750498675215 ], [ 16.983531798444606, 52.452792274110145 ], [ 16.983477756767765, 52.452827959624138 ], [ 16.983395024663839, 52.452918021582235 ], [ 16.983393036955608, 52.452961520543667 ], [ 16.983365180213195, 52.452997652605646 ], [ 16.98333297702311, 52.45304513340691 ], [ 16.983306751840324, 52.453129323342658 ], [ 16.983273920099265, 52.453190554828566 ], [ 16.983283910430004, 52.453300546767316 ], [ 16.983342656413441, 52.453406783149752 ], [ 16.983337512468648, 52.453438805396161 ], [ 16.983299415554463, 52.453454165626141 ], [ 16.983202028940305, 52.453452504524023 ], [ 16.983046492942481, 52.453450750853385 ], [ 16.983026307931681, 52.453512287949259 ], [ 16.982988403946926, 52.453626499749312 ], [ 16.98321607572808, 52.453638028610293 ], [ 16.983271393674855, 52.453654982176516 ], [ 16.98331768044665, 52.453708478800095 ], [ 16.983306625142195, 52.45378609173126 ], [ 16.983331727773411, 52.453894002870769 ], [ 16.983306291362624, 52.453957699038959 ], [ 16.983170347058568, 52.454065201790797 ], [ 16.983121425347097, 52.454233641762031 ], [ 16.983148779440459, 52.45428906409186 ], [ 16.983183680771958, 52.454346863747375 ], [ 16.983216241720427, 52.454452653522097 ], [ 16.983174903055176, 52.454538924169924 ], [ 16.983070679424735, 52.454770550811347 ], [ 16.983062654188167, 52.455026664116595 ] ] ] ] } },
{ "type": "Feature", "properties": { "gml_id": "OT_ADJA_A.20", "lokalnyId": "322BD60C-5C60-598B-E053-CC2BA8C05138", "przestrzen": "PL.PZGiK.308.BDOT10k", "wersjaId": "2022-01-20T00:00:00", "czyObiektB": 0, "x_kod": "ADJA05", "x_skrKarto": null, "x_katDoklG": "Dok", "x_doklGeom": 1, "x_doklGe_1": "m", "x_zrodloDa": "PRG", "x_zrodlo_1": "PRG", "x_katIstni": null, "x_rodzajRe": "ZP", "x_aktualno": "2022-01-20", "x_aktual_1": "2022-01-20", "poczatekWe": "2022-01-20T00:00:00", "x_dataUtwo": "2012-11-13", "x_kodKarto": "0010_505", "x_kodKar_1": "0025_505", "x_kodKar_2": "0050_505", "x_kodKar_3": "0100_505", "x_kodKar_4": null, "x_kodKar_5": null, "x_kodKar_6": null, "nazwa": "Czerwonak", "idPRG": 1030210420, "idTerytJed": 3021, "idTerytTer": 3021042, "rodzaj": "GW", "PRG|BT_Ref": 1030210420, "PRG|BT_R_1": "PL.PZGiK.200", "x_informDo": null }, "geometry": { "type": "MultiPolygon", "coordinates": [ [ [ [ 16.981488998795491, 52.458336818999328 ], [ 16.981531697587197, 52.458114756889323 ], [ 16.981638172504095, 52.457538145264756 ], [ 16.981694552427648, 52.457345278548544 ], [ 16.981701133924069, 52.457262552560486 ], [ 16.979622724504917, 52.457095559284859 ], [ 16.979640029383955, 52.457142086150057 ], [ 16.979689926568994, 52.457238908891064 ], [ 16.979756581776542, 52.457394211651398 ], [ 16.979786228884929, 52.457467033104095 ], [ 16.979826668392853, 52.457516383686404 ], [ 16.979907103995984, 52.45758296725198 ], [ 16.979959059507422, 52.457634853071887 ], [ 16.979982863933646, 52.457664851292421 ], [ 16.980020975081779, 52.457765070283045 ], [ 16.980093800531581, 52.457956096024972 ], [ 16.980133010169869, 52.458074142630963 ], [ 16.980172424733389, 52.458190933506224 ], [ 16.980193551737745, 52.458237615509375 ], [ 16.980232462364146, 52.458278575039699 ], [ 16.980271279418346, 52.458318363687354 ], [ 16.98028088608822, 52.458336876336986 ], [ 16.980287376281115, 52.458349489399275 ], [ 16.980285479742378, 52.458390921143781 ], [ 16.980279486399315, 52.458438219207615 ], [ 16.980274768989361, 52.45849624238965 ], [ 16.980286662144433, 52.458535571135037 ], [ 16.980322591823352, 52.458596627147237 ], [ 16.980326740811936, 52.458634654340543 ], [ 16.980317553346897, 52.458648798491851 ], [ 16.980291745073572, 52.458688292755028 ], [ 16.980280325422616, 52.458731900374318 ], [ 16.980271216683985, 52.458782922865076 ], [ 16.981412748518277, 52.458832007555323 ], [ 16.981469071320266, 52.458440903669484 ], [ 16.981488998795491, 52.458336818999328 ] ] ] ] } },
{ "type": "Feature", "properties": { "gml_id": "OT_ADJA_A.20", "lokalnyId": "322BD60C-5C60-598B-E053-CC2BA8C05138", "przestrzen": "PL.PZGiK.308.BDOT10k", "wersjaId": "2022-01-20T00:00:00", "czyObiektB": 0, "x_kod": "ADJA05", "x_skrKarto": null, "x_katDoklG": "Dok", "x_doklGeom": 1, "x_doklGe_1": "m", "x_zrodloDa": "PRG", "x_zrodlo_1": "PRG", "x_katIstni": null, "x_rodzajRe": "ZP", "x_aktualno": "2022-01-20", "x_aktual_1": "2022-01-20", "poczatekWe": "2022-01-20T00:00:00", "x_dataUtwo": "2012-11-13", "x_kodKarto": "0010_505", "x_kodKar_1": "0025_505", "x_kodKar_2": "0050_505", "x_kodKar_3": "0100_505", "x_kodKar_4": null, "x_kodKar_5": null, "x_kodKar_6": null, "nazwa": "Czerwonak", "idPRG": 1030210420, "idTerytJed": 3021, "idTerytTer": 3021042, "rodzaj": "GW", "PRG|BT_Ref": 1030210420, "PRG|BT_R_1": "PL.PZGiK.200", "x_informDo": null }, "geometry": { "type": "MultiPolygon", "coordinates": [ [ [ [ 16.980136236395307, 52.459994589878157 ], [ 16.981076785153768, 52.460111749582659 ], [ 16.981173595059879, 52.460123116423844 ], [ 16.98118754791706, 52.459979084679986 ], [ 16.981201500670458, 52.459835052930259 ], [ 16.981338506229903, 52.459286485742219 ], [ 16.980380112105177, 52.459231444248104 ], [ 16.980179383990869, 52.459200043060271 ], [ 16.98017709000996, 52.459230854630292 ], [ 16.980184605436563, 52.459272537086129 ], [ 16.98020344783513, 52.459320888985054 ], [ 16.980220569175792, 52.45938432205579 ], [ 16.980214479002374, 52.45944016312631 ], [ 16.980231588678823, 52.459474903894012 ], [ 16.980252047858674, 52.459542621335551 ], [ 16.980288731947631, 52.459638678401568 ], [ 16.980310319935239, 52.459704256457968 ], [ 16.980306485168054, 52.45976229470709 ], [ 16.980291222785088, 52.459835158391876 ], [ 16.980243334310764, 52.459906655291043 ], [ 16.980136236395307, 52.459994589878157 ] ] ] ] } },
{ "type": "Feature", "properties": { "gml_id": "OT_ADJA_A.20", "lokalnyId": "322BD60C-5C60-598B-E053-CC2BA8C05138", "przestrzen": "PL.PZGiK.308.BDOT10k", "wersjaId": "2022-01-20T00:00:00", "czyObiektB": 0, "x_kod": "ADJA05", "x_skrKarto": null, "x_katDoklG": "Dok", "x_doklGeom": 1, "x_doklGe_1": "m", "x_zrodloDa": "PRG", "x_zrodlo_1": "PRG", "x_katIstni": null, "x_rodzajRe": "ZP", "x_aktualno": "2022-01-20", "x_aktual_1": "2022-01-20", "poczatekWe": "2022-01-20T00:00:00", "x_dataUtwo": "2012-11-13", "x_kodKarto": "0010_505", "x_kodKar_1": "0025_505", "x_kodKar_2": "0050_505", "x_kodKar_3": "0100_505", "x_kodKar_4": null, "x_kodKar_5": null, "x_kodKar_6": null, "nazwa": "Czerwonak", "idPRG": 1030210420, "idTerytJed": 3021, "idTerytTer": 3021042, "rodzaj": "GW", "PRG|BT_Ref": 1030210420, "PRG|BT_R_1": "PL.PZGiK.200", "x_informDo": null }, "geometry": { "type": "MultiPolygon", "coordinates": [ [ [ [ 16.981833740333148, 52.461545064746431 ], [ 16.981913266096583, 52.461506217128104 ], [ 16.981927173050462, 52.46146615963508 ], [ 16.981829367364085, 52.461376705186311 ], [ 16.981803009832497, 52.461299443284126 ], [ 16.981939067335521, 52.460987231786923 ], [ 16.981965644104598, 52.460947030743185 ], [ 16.981992177828097, 52.460930304302472 ], [ 16.982025251912589, 52.460925112341826 ], [ 16.982077093430199, 52.460921679750889 ], [ 16.982109821357444, 52.460927275120511 ], [ 16.982161088242542, 52.460933186846134 ], [ 16.982560727108968, 52.460968518124481 ], [ 16.982656469074364, 52.460977526973473 ], [ 16.982818763708238, 52.460993067730385 ], [ 16.982834951448169, 52.46094819207584 ], [ 16.982849146605201, 52.460895367370263 ], [ 16.982875038952805, 52.460892661030456 ], [ 16.982911282661334, 52.460744062478618 ], [ 16.983076715655965, 52.460758577096875 ], [ 16.983220431204753, 52.460768223883505 ], [ 16.983507632834737, 52.46077321194975 ], [ 16.983752990484255, 52.460783857433555 ], [ 16.983807922639414, 52.460607799052816 ], [ 16.983828485018044, 52.460312504305882 ], [ 16.983588126525976, 52.460294563568127 ], [ 16.983599562842688, 52.460201927396746 ], [ 16.983274856409626, 52.460170306101887 ], [ 16.983203948500311, 52.460162440866881 ], [ 16.98297701398015, 52.460140491319017 ], [ 16.98270168314243, 52.460111059840585 ], [ 16.982483189097461, 52.460088084067955 ], [ 16.982407699841701, 52.460080589904479 ], [ 16.982416231913376, 52.459958411848412 ], [ 16.982420585079442, 52.459843897657514 ], [ 16.982603990032462, 52.459871041921744 ], [ 16.982657645199026, 52.459389948225827 ], [ 16.982526702467268, 52.459378000222593 ], [ 16.982080733997101, 52.459335402122036 ], [ 16.981660129301787, 52.459295214042271 ], [ 16.981583717084533, 52.459874407441951 ], [ 16.981583325602461, 52.459886183405672 ], [ 16.981461829160377, 52.460797399372076 ], [ 16.981113678015003, 52.460660227568567 ], [ 16.980977276877642, 52.46068704042758 ], [ 16.980891362993468, 52.460714265521084 ], [ 16.980773048563726, 52.460735180859295 ], [ 16.980618790433542, 52.460721033741848 ], [ 16.980394314597994, 52.460700020675496 ], [ 16.980224356077638, 52.460720053384271 ], [ 16.980091816131583, 52.460750830791078 ], [ 16.980024476000168, 52.4607664679246 ], [ 16.980000679887148, 52.460823085831933 ], [ 16.979983841463284, 52.460914271098162 ], [ 16.979996244905767, 52.461035727328586 ], [ 16.979987182856593, 52.461117871162507 ], [ 16.979949087476015, 52.461207423454489 ], [ 16.979925303735705, 52.461263332619893 ], [ 16.979883581358454, 52.461319104591375 ], [ 16.979795850095623, 52.46137436463583 ], [ 16.979757841308679, 52.4613960170417 ], [ 16.979683539800888, 52.461465443454436 ], [ 16.979657097486786, 52.46151230214226 ], [ 16.979660731644707, 52.461548701558499 ], [ 16.979688732842348, 52.461586776517137 ], [ 16.979723823404132, 52.461630818944251 ], [ 16.979729729587348, 52.461733365917475 ], [ 16.979719398196604, 52.461820704783968 ], [ 16.979699728126455, 52.461854727269255 ], [ 16.979678944717481, 52.461868043640273 ], [ 16.979926959374634, 52.461982911822972 ], [ 16.980032728196544, 52.46203346825299 ], [ 16.980076644852371, 52.462100237248094 ], [ 16.980087850465171, 52.462263946593218 ], [ 16.980118811717038, 52.462407845974433 ], [ 16.980166388045308, 52.462497613124548 ], [ 16.980285609972828, 52.462559911923748 ], [ 16.980467076120149, 52.46259745979382 ], [ 16.980612075037005, 52.46261135899082 ], [ 16.98073836764982, 52.462622150312164 ], [ 16.980885264051246, 52.462633203372498 ], [ 16.981138542974318, 52.462625808723075 ], [ 16.981181765680233, 52.46244834844029 ], [ 16.981230164335788, 52.462249635347604 ], [ 16.981253860069305, 52.462082564462349 ], [ 16.981274383504608, 52.461975162122165 ], [ 16.981342469149201, 52.461619966966857 ], [ 16.981521370115843, 52.461700642496176 ], [ 16.98157167630939, 52.46169538503576 ], [ 16.981622485009201, 52.461675925004698 ], [ 16.98159334595411, 52.461562907874224 ], [ 16.981648871387158, 52.461527248509505 ], [ 16.981833740333148, 52.461545064746431 ] ] ] ] } },
{ "type": "Feature", "properties": { "gml_id": "OT_ADJA_A.20", "lokalnyId": "322BD60C-5C60-598B-E053-CC2BA8C05138", "przestrzen": "PL.PZGiK.308.BDOT10k", "wersjaId": "2022-01-20T00:00:00", "czyObiektB": 0, "x_kod": "ADJA05", "x_skrKarto": null, "x_katDoklG": "Dok", "x_doklGeom": 1, "x_doklGe_1": "m", "x_zrodloDa": "PRG", "x_zrodlo_1": "PRG", "x_katIstni": null, "x_rodzajRe": "ZP", "x_aktualno": "2022-01-20", "x_aktual_1": "2022-01-20", "poczatekWe": "2022-01-20T00:00:00", "x_dataUtwo": "2012-11-13", "x_kodKarto": "0010_505", "x_kodKar_1": "0025_505", "x_kodKar_2": "0050_505", "x_kodKar_3": "0100_505", "x_kodKar_4": null, "x_kodKar_5": null, "x_kodKar_6": null, "nazwa": "Czerwonak", "idPRG": 1030210420, "idTerytJed": 3021, "idTerytTer": 3021042, "rodzaj": "GW", "PRG|BT_Ref": 1030210420, "PRG|BT_R_1": "PL.PZGiK.200", "x_informDo": null }, "geometry": { "type": "MultiPolygon", "coordinates": [ [ [ [ 16.97875377134892, 52.465480208119679 ], [ 16.978866892384062, 52.465421879268028 ], [ 16.978926281810768, 52.46537918163429 ], [ 16.979041653379177, 52.465348863613208 ], [ 16.979192795222303, 52.465328510929886 ], [ 16.979354814895153, 52.465279651853635 ], [ 16.979505046906841, 52.465227712944738 ], [ 16.979617639420098, 52.465180887162326 ], [ 16.979721275209958, 52.465123834542794 ], [ 16.979753534644932, 52.465094704222921 ], [ 16.979758411115942, 52.465081475849459 ], [ 16.979740695727163, 52.465056708470684 ], [ 16.979708371533114, 52.465045452904704 ], [ 16.979602916853825, 52.465039333871374 ], [ 16.979187965400826, 52.465064263370635 ], [ 16.978573965694402, 52.465113761487991 ], [ 16.978472338006164, 52.465139816816809 ], [ 16.978400263422362, 52.465163678985967 ], [ 16.978361641588585, 52.465196657698563 ], [ 16.978345486865827, 52.465269595796805 ], [ 16.978336832977494, 52.465329890105437 ], [ 16.978335785922351, 52.465378441876737 ], [ 16.978360542689444, 52.465451989466253 ], [ 16.978421863417935, 52.465498909160061 ], [ 16.978493439064234, 52.4655245075541 ], [ 16.978610914903864, 52.465522198453741 ], [ 16.97875377134892, 52.465480208119679 ] ] ] ] } },
{ "type": "Feature", "properties": { "gml_id": "OT_ADJA_A.20", "lokalnyId": "322BD60C-5C60-598B-E053-CC2BA8C05138", "przestrzen": "PL.PZGiK.308.BDOT10k", "wersjaId": "2022-01-20T00:00:00", "czyObiektB": 0, "x_kod": "ADJA05", "x_skrKarto": null, "x_katDoklG": "Dok", "x_doklGeom": 1, "x_doklGe_1": "m", "x_zrodloDa": "PRG", "x_zrodlo_1": "PRG", "x_katIstni": null, "x_rodzajRe": "ZP", "x_aktualno": "2022-01-20", "x_aktual_1": "2022-01-20", "poczatekWe": "2022-01-20T00:00:00", "x_dataUtwo": "2012-11-13", "x_kodKarto": "0010_505", "x_kodKar_1": "0025_505", "x_kodKar_2": "0050_505", "x_kodKar_3": "0100_505", "x_kodKar_4": null, "x_kodKar_5": null, "x_kodKar_6": null, "nazwa": "Czerwonak", "idPRG": 1030210420, "idTerytJed": 3021, "idTerytTer": 3021042, "rodzaj": "GW", "PRG|BT_Ref": 1030210420, "PRG|BT_R_1": "PL.PZGiK.200", "x_informDo": null }, "geometry": { "type": "MultiPolygon", "coordinates": [ [ [ [ 16.983489709183146, 52.466200564244971 ], [ 16.983456787868334, 52.466183003473319 ], [ 16.983420873470767, 52.466169708950588 ], [ 16.983403363714448, 52.466198372239049 ], [ 16.98337890567284, 52.466224398606442 ], [ 16.98332674600935, 52.466405375352203 ], [ 16.983808517110713, 52.466500746010396 ], [ 16.984155486906694, 52.466568272784592 ], [ 16.98441197743065, 52.466620944689787 ], [ 16.984405319976148, 52.466595826856235 ], [ 16.984386755509867, 52.466531560429672 ], [ 16.984367279372805, 52.466487245969056 ], [ 16.984343683682674, 52.466439623310585 ], [ 16.984282899607706, 52.466351791495335 ], [ 16.984217999490205, 52.466283137442446 ], [ 16.984141584017536, 52.466218334516356 ], [ 16.983817769447153, 52.466220998824689 ], [ 16.9836202511128, 52.466231392379356 ], [ 16.983538113287796, 52.466204807518849 ], [ 16.983489709183146, 52.466200564244971 ] ] ] ] } },
{ "type": "Feature", "properties": { "gml_id": "OT_ADJA_A.20", "lokalnyId": "322BD60C-5C60-598B-E053-CC2BA8C05138", "przestrzen": "PL.PZGiK.308.BDOT10k", "wersjaId": "2022-01-20T00:00:00", "czyObiektB": 0, "x_kod": "ADJA05", "x_skrKarto": null, "x_katDoklG": "Dok", "x_doklGeom": 1, "x_doklGe_1": "m", "x_zrodloDa": "PRG", "x_zrodlo_1": "PRG", "x_katIstni": null, "x_rodzajRe": "ZP", "x_aktualno": "2022-01-20", "x_aktual_1": "2022-01-20", "poczatekWe": "2022-01-20T00:00:00", "x_dataUtwo": "2012-11-13", "x_kodKarto": "0010_505", "x_kodKar_1": "0025_505", "x_kodKar_2": "0050_505", "x_kodKar_3": "0100_505", "x_kodKar_4": null, "x_kodKar_5": null, "x_kodKar_6": null, "nazwa": "Czerwonak", "idPRG": 1030210420, "idTerytJed": 3021, "idTerytTer": 3021042, "rodzaj": "GW", "PRG|BT_Ref": 1030210420, "PRG|BT_R_1": "PL.PZGiK.200", "x_informDo": null }, "geometry": { "type": "MultiPolygon", "coordinates": [ [ [ [ 16.98317184565617, 52.466916941996253 ], [ 16.98317253700835, 52.466914705193766 ], [ 16.983238985328711, 52.466695026567976 ], [ 16.982870162685952, 52.466664181167666 ], [ 16.982767512190502, 52.466754442585824 ], [ 16.982265625088797, 52.466754334674484 ], [ 16.982055575839293, 52.466732761667934 ], [ 16.982050615243381, 52.466741401561741 ], [ 16.981956949872203, 52.466731798148118 ], [ 16.981870552647429, 52.466721059487995 ], [ 16.981816239085379, 52.466800902046892 ], [ 16.981808161761915, 52.466816504352224 ], [ 16.982355705689645, 52.466858407571088 ], [ 16.983057785229235, 52.466912118407976 ], [ 16.98317184565617, 52.466916941996253 ] ] ] ] } },
{ "type": "Feature", "properties": { "gml_id": "OT_ADJA_A.20", "lokalnyId": "322BD60C-5C60-598B-E053-CC2BA8C05138", "przestrzen": "PL.PZGiK.308.BDOT10k", "wersjaId": "2022-01-20T00:00:00", "czyObiektB": 0, "x_kod": "ADJA05", "x_skrKarto": null, "x_katDoklG": "Dok", "x_doklGeom": 1, "x_doklGe_1": "m", "x_zrodloDa": "PRG", "x_zrodlo_1": "PRG", "x_katIstni": null, "x_rodzajRe": "ZP", "x_aktualno": "2022-01-20", "x_aktual_1": "2022-01-20", "poczatekWe": "2022-01-20T00:00:00", "x_dataUtwo": "2012-11-13", "x_kodKarto": "0010_505", "x_kodKar_1": "0025_505", "x_kodKar_2": "0050_505", "x_kodKar_3": "0100_505", "x_kodKar_4": null, "x_kodKar_5": null, "x_kodKar_6": null, "nazwa": "Czerwonak", "idPRG": 1030210420, "idTerytJed": 3021, "idTerytTer": 3021042, "rodzaj": "GW", "PRG|BT_Ref": 1030210420, "PRG|BT_R_1": "PL.PZGiK.200", "x_informDo": null }, "geometry": { "type": "MultiPolygon", "coordinates": [ [ [ [ 16.987144155748688, 52.467552348635628 ], [ 16.987138698802358, 52.467416980449492 ], [ 16.987135371130854, 52.467338223082535 ], [ 16.986914178213024, 52.467286427871798 ], [ 16.986659226106894, 52.467232168655819 ], [ 16.986447145105824, 52.467184035503514 ], [ 16.986305885227168, 52.4671491604376 ], [ 16.986103733843457, 52.467241597871116 ], [ 16.986277367503035, 52.467328652155814 ], [ 16.986454958665394, 52.467416133340429 ], [ 16.986521021275625, 52.467604610908346 ], [ 16.986644804294237, 52.467761061844548 ], [ 16.986988584707408, 52.467953637547467 ], [ 16.987065971609745, 52.467968266529574 ], [ 16.987202189543936, 52.467900698937655 ], [ 16.987144155748688, 52.467552348635628 ] ] ] ] } },
{ "type": "Feature", "properties": { "gml_id": "OT_ADJA_A.20", "lokalnyId": "322BD60C-5C60-598B-E053-CC2BA8C05138", "przestrzen": "PL.PZGiK.308.BDOT10k", "wersjaId": "2022-01-20T00:00:00", "czyObiektB": 0, "x_kod": "ADJA05", "x_skrKarto": null, "x_katDoklG": "Dok", "x_doklGeom": 1, "x_doklGe_1": "m", "x_zrodloDa": "PRG", "x_zrodlo_1": "PRG", "x_katIstni": null, "x_rodzajRe": "ZP", "x_aktualno": "2022-01-20", "x_aktual_1": "2022-01-20", "poczatekWe": "2022-01-20T00:00:00", "x_dataUtwo": "2012-11-13", "x_kodKarto": "0010_505", "x_kodKar_1": "0025_505", "x_kodKar_2": "0050_505", "x_kodKar_3": "0100_505", "x_kodKar_4": null, "x_kodKar_5": null, "x_kodKar_6": null, "nazwa": "Czerwonak", "idPRG": 1030210420, "idTerytJed": 3021, "idTerytTer": 3021042, "rodzaj": "GW", "PRG|BT_Ref": 1030210420, "PRG|BT_R_1": "PL.PZGiK.200", "x_informDo": null }, "geometry": { "type": "MultiPolygon", "coordinates": [ [ [ [ 16.981429418354466, 52.468006471764106 ], [ 16.981351008720875, 52.468001355658899 ], [ 16.981353955517637, 52.468017415951302 ], [ 16.981344978791483, 52.468075186494303 ], [ 16.98130590554349, 52.468069752466334 ], [ 16.981300329983835, 52.468069297511384 ], [ 16.981298719396857, 52.468098052019926 ], [ 16.981275941390923, 52.468244991050874 ], [ 16.981270494570573, 52.468280335907558 ], [ 16.981267614334822, 52.468317523453649 ], [ 16.981382690893891, 52.468325963840236 ], [ 16.981363499764438, 52.46842349504643 ], [ 16.981357943766827, 52.468454790573311 ], [ 16.981341223656457, 52.468530507624251 ], [ 16.981611468036061, 52.468543485295797 ], [ 16.981874004117515, 52.468251781274056 ], [ 16.982228230381242, 52.468263942162615 ], [ 16.982235584218255, 52.468264157585061 ], [ 16.982235175633072, 52.46826343106342 ], [ 16.982132207614423, 52.468083675402944 ], [ 16.982081089541353, 52.468009948682408 ], [ 16.981429418354466, 52.468006471764106 ] ] ] ] } },
{ "type": "Feature", "properties": { "gml_id": "OT_ADJA_A.20", "lokalnyId": "322BD60C-5C60-598B-E053-CC2BA8C05138", "przestrzen": "PL.PZGiK.308.BDOT10k", "wersjaId": "2022-01-20T00:00:00", "czyObiektB": 0, "x_kod": "ADJA05", "x_skrKarto": null, "x_katDoklG": "Dok", "x_doklGeom": 1, "x_doklGe_1": "m", "x_zrodloDa": "PRG", "x_zrodlo_1": "PRG", "x_katIstni": null, "x_rodzajRe": "ZP", "x_aktualno": "2022-01-20", "x_aktual_1": "2022-01-20", "poczatekWe": "2022-01-20T00:00:00", "x_dataUtwo": "2012-11-13", "x_kodKarto": "0010_505", "x_kodKar_1": "0025_505", "x_kodKar_2": "0050_505", "x_kodKar_3": "0100_505", "x_kodKar_4": null, "x_kodKar_5": null, "x_kodKar_6": null, "nazwa": "Czerwonak", "idPRG": 1030210420, "idTerytJed": 3021, "idTerytTer": 3021042, "rodzaj": "GW", "PRG|BT_Ref": 1030210420, "PRG|BT_R_1": "PL.PZGiK.200", "x_informDo": null }, "geometry": { "type": "MultiPolygon", "coordinates": [ [ [ [ 16.981574405759275, 52.468976831275462 ], [ 16.981453068541043, 52.468969993153422 ], [ 16.981451932844891, 52.468981936285672 ], [ 16.981476905020774, 52.468983351927029 ], [ 16.981455352348256, 52.469119608582396 ], [ 16.981251041162874, 52.469107576268399 ], [ 16.981116790443384, 52.469099707860146 ], [ 16.980976964091049, 52.46909138432855 ], [ 16.98076280982318, 52.469078823337263 ], [ 16.980747567111049, 52.469199447465193 ], [ 16.980723042421026, 52.469300845019262 ], [ 16.980746539012017, 52.469302325560982 ], [ 16.980734230404224, 52.46932990800439 ], [ 16.98073036958063, 52.469349899534976 ], [ 16.980885831040727, 52.469364156767284 ], [ 16.981541712762617, 52.469424103134074 ], [ 16.981551928619997, 52.469393966465354 ], [ 16.981640548171296, 52.469134192484759 ], [ 16.981962335034765, 52.469150567461064 ], [ 16.982161075050531, 52.469162053760641 ], [ 16.982168115396139, 52.469127275725171 ], [ 16.982207521248281, 52.468884020712522 ], [ 16.982215722518401, 52.468833522328644 ], [ 16.981727296959384, 52.468805849374554 ], [ 16.981717345304062, 52.468872058009197 ], [ 16.981700443955432, 52.46898392939373 ], [ 16.981615831212167, 52.468979157324846 ], [ 16.981574405759275, 52.468976831275462 ] ], [ [ 16.981735302706671, 52.46888837447792 ], [ 16.981746950770841, 52.468881647608228 ], [ 16.982089089948371, 52.468910242177586 ], [ 16.982097982809037, 52.4689186687499 ], [ 16.982085812142412, 52.468969009447981 ], [ 16.982076297511412, 52.468977391743415 ], [ 16.981737309005808, 52.468950739732328 ], [ 16.981726249024192, 52.468944614683096 ], [ 16.981735302706671, 52.46888837447792 ] ] ] ] } },
{ "type": "Feature", "properties": { "gml_id": "OT_ADJA_A.20", "lokalnyId": "322BD60C-5C60-598B-E053-CC2BA8C05138", "przestrzen": "PL.PZGiK.308.BDOT10k", "wersjaId": "2022-01-20T00:00:00", "czyObiektB": 0, "x_kod": "ADJA05", "x_skrKarto": null, "x_katDoklG": "Dok", "x_doklGeom": 1, "x_doklGe_1": "m", "x_zrodloDa": "PRG", "x_zrodlo_1": "PRG", "x_katIstni": null, "x_rodzajRe": "ZP", "x_aktualno": "2022-01-20", "x_aktual_1": "2022-01-20", "poczatekWe": "2022-01-20T00:00:00", "x_dataUtwo": "2012-11-13", "x_kodKarto": "0010_505", "x_kodKar_1": "0025_505", "x_kodKar_2": "0050_505", "x_kodKar_3": "0100_505", "x_kodKar_4": null, "x_kodKar_5": null, "x_kodKar_6": null, "nazwa": "Czerwonak", "idPRG": 1030210420, "idTerytJed": 3021, "idTerytTer": 3021042, "rodzaj": "GW", "PRG|BT_Ref": 1030210420, "PRG|BT_R_1": "PL.PZGiK.200", "x_informDo": null }, "geometry": { "type": "MultiPolygon", "coordinates": [ [ [ [ 16.982221700121745, 52.471403766073891 ], [ 16.982820731950145, 52.47156419156363 ], [ 16.983383922866732, 52.471677501920809 ], [ 16.983407349886171, 52.471719185562243 ], [ 16.98318669695006, 52.472164061743634 ], [ 16.983652830937586, 52.472403075705785 ], [ 16.984314604134038, 52.472667098979059 ], [ 16.984814861739693, 52.472452924182001 ], [ 16.984942024015282, 52.472432425221804 ], [ 16.985055516689332, 52.472466109123701 ], [ 16.985130824847943, 52.47252639526527 ], [ 16.985091729821129, 52.472566473636462 ], [ 16.984997975638493, 52.47258754200206 ], [ 16.984776122183845, 52.472649600401098 ], [ 16.984773846935585, 52.472699390409844 ], [ 16.984820255492718, 52.472741015655075 ], [ 16.984999231213347, 52.472785709244057 ], [ 16.985011172205265, 52.472788700957473 ], [ 16.985011496566113, 52.472862190439884 ], [ 16.984782006969517, 52.473129999744771 ], [ 16.984948638014721, 52.473193461142728 ], [ 16.985180989745036, 52.473288532912591 ], [ 16.985330451879086, 52.473182966997136 ], [ 16.98533723496702, 52.473137661018981 ], [ 16.985398301356742, 52.4727778474643 ], [ 16.985418875659018, 52.472659562297707 ], [ 16.985437833157551, 52.472550873553104 ], [ 16.985447002386561, 52.472511364607193 ], [ 16.985349113788853, 52.472435943234849 ], [ 16.98521210385298, 52.47233026380939 ], [ 16.985082161649075, 52.472231090640065 ], [ 16.985147325726839, 52.472010489808234 ], [ 16.985229949597183, 52.471726866071002 ], [ 16.985253580782242, 52.471654504259277 ], [ 16.984885526279651, 52.471615583627077 ], [ 16.985011444080598, 52.471167741064463 ], [ 16.984820454390977, 52.4711508151928 ], [ 16.984158271165647, 52.471108858508138 ], [ 16.9837380730728, 52.471079838637984 ], [ 16.983846543014586, 52.470533840990974 ], [ 16.983758497746098, 52.470526763365996 ], [ 16.98346235788776, 52.47050327542938 ], [ 16.983363750411705, 52.470492059876911 ], [ 16.983078334544327, 52.470482065519398 ], [ 16.982751468874742, 52.470463808145702 ], [ 16.98241410704836, 52.470439974167611 ], [ 16.981792130803985, 52.4703950923533 ], [ 16.981831971784587, 52.47018746262988 ], [ 16.982214872361787, 52.469821089966395 ], [ 16.982173913968204, 52.469811756492163 ], [ 16.981432548032711, 52.469720852992111 ], [ 16.981375413916702, 52.469884744589756 ], [ 16.981047680293848, 52.469846949859594 ], [ 16.981056557921917, 52.470019793400866 ], [ 16.981076539423857, 52.470175287479748 ], [ 16.980881202352794, 52.470337089125401 ], [ 16.98083941544844, 52.470625724632612 ], [ 16.982192102365794, 52.470698642061151 ], [ 16.982214810481704, 52.470978124854966 ], [ 16.982215959711731, 52.470991636019981 ], [ 16.982159073239966, 52.471227397202142 ], [ 16.98216240035832, 52.471367136544465 ], [ 16.982221700121745, 52.471403766073891 ] ] ] ] } },
{ "type": "Feature", "properties": { "gml_id": "OT_ADJA_A.20", "lokalnyId": "322BD60C-5C60-598B-E053-CC2BA8C05138", "przestrzen": "PL.PZGiK.308.BDOT10k", "wersjaId": "2022-01-20T00:00:00", "czyObiektB": 0, "x_kod": "ADJA05", "x_skrKarto": null, "x_katDoklG": "Dok", "x_doklGeom": 1, "x_doklGe_1": "m", "x_zrodloDa": "PRG", "x_zrodlo_1": "PRG", "x_katIstni": null, "x_rodzajRe": "ZP", "x_aktualno": "2022-01-20", "x_aktual_1": "2022-01-20", "poczatekWe": "2022-01-20T00:00:00", "x_dataUtwo": "2012-11-13", "x_kodKarto": "0010_505", "x_kodKar_1": "0025_505", "x_kodKar_2": "0050_505", "x_kodKar_3": "0100_505", "x_kodKar_4": null, "x_kodKar_5": null, "x_kodKar_6": null, "nazwa": "Czerwonak", "idPRG": 1030210420, "idTerytJed": 3021, "idTerytTer": 3021042, "rodzaj": "GW", "PRG|BT_Ref": 1030210420, "PRG|BT_R_1": "PL.PZGiK.200", "x_informDo": null }, "geometry": { "type": "MultiPolygon", "coordinates": [ [ [ [ 16.980391792163111, 52.474688483483853 ], [ 16.98030596466667, 52.474716429312828 ], [ 16.980273615980177, 52.474734495190937 ], [ 16.980213581219914, 52.475077234623903 ], [ 16.980517097506763, 52.475097888303722 ], [ 16.980838827592571, 52.475119661673737 ], [ 16.980904048486607, 52.474904820463358 ], [ 16.980940487172141, 52.474784558285783 ], [ 16.980969272832755, 52.474689889329845 ], [ 16.981000666168473, 52.474583302376907 ], [ 16.981010742532632, 52.47454659749738 ], [ 16.980893861190314, 52.474545051718927 ], [ 16.980728624950679, 52.474563727008714 ], [ 16.980618445570645, 52.474612034247905 ], [ 16.98053688460335, 52.474646529041614 ], [ 16.980391792163111, 52.474688483483853 ] ] ] ] } },
{ "type": "Feature", "properties": { "gml_id": "OT_ADJA_A.20", "lokalnyId": "322BD60C-5C60-598B-E053-CC2BA8C05138", "przestrzen": "PL.PZGiK.308.BDOT10k", "wersjaId": "2022-01-20T00:00:00", "czyObiektB": 0, "x_kod": "ADJA05", "x_skrKarto": null, "x_katDoklG": "Dok", "x_doklGeom": 1, "x_doklGe_1": "m", "x_zrodloDa": "PRG", "x_zrodlo_1": "PRG", "x_katIstni": null, "x_rodzajRe": "ZP", "x_aktualno": "2022-01-20", "x_aktual_1": "2022-01-20", "poczatekWe": "2022-01-20T00:00:00", "x_dataUtwo": "2012-11-13", "x_kodKarto": "0010_505", "x_kodKar_1": "0025_505", "x_kodKar_2": "0050_505", "x_kodKar_3": "0100_505", "x_kodKar_4": null, "x_kodKar_5": null, "x_kodKar_6": null, "nazwa": "Czerwonak", "idPRG": 1030210420, "idTerytJed": 3021, "idTerytTer": 3021042, "rodzaj": "GW", "PRG|BT_Ref": 1030210420, "PRG|BT_R_1": "PL.PZGiK.200", "x_informDo": null }, "geometry": { "type": "MultiPolygon", "coordinates": [ [ [ [ 17.003123453846225, 52.557984398686678 ], [ 17.003073995226977, 52.557997865034281 ], [ 17.002961762980863, 52.558035276128699 ], [ 17.002804971588926, 52.558091992331995 ], [ 17.002716213808757, 52.558129169718526 ], [ 17.002591252107564, 52.558180396641923 ], [ 17.002158006036812, 52.558355037422594 ], [ 17.001855577886513, 52.55847944890688 ], [ 17.001879109471126, 52.558495966604625 ], [ 17.002057255866529, 52.558409280801342 ], [ 17.002288754629149, 52.558319378694215 ], [ 17.002703586634837, 52.558137501144145 ], [ 17.002812121059918, 52.558103535640697 ], [ 17.003281697149607, 52.557944435816964 ], [ 17.003340712457366, 52.557925709116567 ], [ 17.003123453846225, 52.557984398686678 ] ] ] ] } },
{ "type": "Feature", "properties": { "gml_id": "OT_ADJA_A.20", "lokalnyId": "322BD60C-5C60-598B-E053-CC2BA8C05138", "przestrzen": "PL.PZGiK.308.BDOT10k", "wersjaId": "2022-01-20T00:00:00", "czyObiektB": 0, "x_kod": "ADJA05", "x_skrKarto": null, "x_katDoklG": "Dok", "x_doklGeom": 1, "x_doklGe_1": "m", "x_zrodloDa": "PRG", "x_zrodlo_1": "PRG", "x_katIstni": null, "x_rodzajRe": "ZP", "x_aktualno": "2022-01-20", "x_aktual_1": "2022-01-20", "poczatekWe": "2022-01-20T00:00:00", "x_dataUtwo": "2012-11-13", "x_kodKarto": "0010_505", "x_kodKar_1": "0025_505", "x_kodKar_2": "0050_505", "x_kodKar_3": "0100_505", "x_kodKar_4": null, "x_kodKar_5": null, "x_kodKar_6": null, "nazwa": "Czerwonak", "idPRG": 1030210420, "idTerytJed": 3021, "idTerytTer": 3021042, "rodzaj": "GW", "PRG|BT_Ref": 1030210420, "PRG|BT_R_1": "PL.PZGiK.200", "x_informDo": null }, "geometry": { "type": "MultiPolygon", "coordinates": [ [ [ [ 16.972525361270836, 52.479528311886419 ], [ 16.972518063144243, 52.479635759472963 ], [ 16.972509004982964, 52.479730224987684 ], [ 16.972496224277396, 52.479803130132254 ], [ 16.972533807731658, 52.479863587018421 ], [ 16.972513708501008, 52.479935467262877 ], [ 16.972496304860844, 52.479996780356039 ], [ 16.972415563618704, 52.480077154985437 ], [ 16.972385569036195, 52.48016559509243 ], [ 16.972370183209698, 52.480247090155089 ], [ 16.972430775245929, 52.48030695215698 ], [ 16.972421866300113, 52.480346914321196 ], [ 16.972398770945546, 52.48039104051194 ], [ 16.972301960695965, 52.480452431278756 ], [ 16.972280283635889, 52.480513761014386 ], [ 16.972252724710728, 52.480603681945375 ], [ 16.972233274548987, 52.480667838108538 ], [ 16.972203805625533, 52.480799280277232 ], [ 16.972189824719916, 52.480923882441694 ], [ 16.972175592104879, 52.481028332894638 ], [ 16.97211822628147, 52.481138519714804 ], [ 16.972079847236106, 52.481220250083673 ], [ 16.972051217919013, 52.481282180115379 ], [ 16.97206159419467, 52.481309610982997 ], [ 16.972102687646391, 52.48133540990073 ], [ 16.972130875378049, 52.48136314616692 ], [ 16.972128331764054, 52.481380011970877 ], [ 16.972125792281958, 52.481396787901886 ], [ 16.972108142232447, 52.481408987441078 ], [ 16.972090635240999, 52.481421279374374 ], [ 16.972075548872311, 52.481441797688966 ], [ 16.972066019840863, 52.48146960678995 ], [ 16.972063920308091, 52.481489628236979 ], [ 16.972064039581777, 52.481512655872145 ], [ 16.972064460648959, 52.481529122791208 ], [ 16.972036900593935, 52.481619043646461 ], [ 16.971963801072764, 52.481725362852622 ], [ 16.971958985081869, 52.4817884207528 ], [ 16.971952639845917, 52.481827077684208 ], [ 16.97181812701951, 52.481981003227283 ], [ 16.97181075449463, 52.482013166587173 ], [ 16.971852761455047, 52.482044737648465 ], [ 16.971870720454863, 52.482077065578892 ], [ 16.971880084601089, 52.482116891333533 ], [ 16.971870089662577, 52.482135608114049 ], [ 16.971845527262225, 52.482150747164781 ], [ 16.971803904983627, 52.482238897771047 ], [ 16.971771807821746, 52.482299329163624 ], [ 16.971749864413592, 52.482366410626064 ], [ 16.971689928614964, 52.482570814162735 ], [ 16.971658852425616, 52.482609046939743 ], [ 16.971629170522398, 52.482639388575585 ], [ 16.97163040517594, 52.482663784493568 ], [ 16.971657415784936, 52.482691500675159 ], [ 16.971677544131833, 52.482711903323533 ], [ 16.971677927837753, 52.482729179094513 ], [ 16.971662174264043, 52.482741770868664 ], [ 16.971653921565029, 52.482767443175334 ], [ 16.971810695500686, 52.482731725817374 ], [ 16.971843612705527, 52.482755945498504 ], [ 16.971857735491557, 52.482782001524662 ], [ 16.971857513101888, 52.482809250651059 ], [ 16.971856028717312, 52.482841514983015 ], [ 16.971830580250451, 52.482885510763516 ], [ 16.971803103077644, 52.482922366196576 ], [ 16.971802928620459, 52.482951774793214 ], [ 16.971821912573123, 52.48297143824022 ], [ 16.971860231099967, 52.482980729943449 ], [ 16.971962071055007, 52.48296385794989 ], [ 16.972039949807993, 52.482904211531988 ], [ 16.972110843486437, 52.482845884394642 ], [ 16.972176671883531, 52.482817601504294 ], [ 16.972269853611778, 52.482745535257507 ], [ 16.972315276976001, 52.482766911137261 ], [ 16.972339998917036, 52.482793148821628 ], [ 16.972373631137856, 52.482827454304221 ], [ 16.972465537562538, 52.482869594524622 ], [ 16.972568278019107, 52.482916417578593 ], [ 16.972716172416273, 52.482926418082847 ], [ 16.972783169281573, 52.482975236620817 ], [ 16.972783592126959, 52.483055743462486 ], [ 16.972725594618844, 52.483192453109844 ], [ 16.972659512978989, 52.483303120374501 ], [ 16.972546977322637, 52.483398780170745 ], [ 16.972459939872966, 52.483555049307824 ], [ 16.972453218520076, 52.483701182500248 ], [ 16.972474080990811, 52.483859391298459 ], [ 16.972487653485281, 52.483974302154493 ], [ 16.972565030282698, 52.484130601538567 ], [ 16.972606323647693, 52.484254622161018 ], [ 16.97266446553018, 52.484419136390926 ], [ 16.972788725357841, 52.48447865036686 ], [ 16.973021798850361, 52.484517093512736 ], [ 16.973716420062321, 52.484591506963 ], [ 16.973771293312634, 52.483574015094185 ], [ 16.973785367045565, 52.483312700042902 ], [ 16.974168238204456, 52.483322856547623 ], [ 16.974883214823262, 52.483341846875611 ], [ 16.975243866330064, 52.483351439541245 ], [ 16.975403534393159, 52.48325910248127 ], [ 16.975496771038685, 52.483172913514743 ], [ 16.975595719477109, 52.483048955971718 ], [ 16.975649310919625, 52.482895709875024 ], [ 16.975666817162274, 52.482767929771697 ], [ 16.975655165568607, 52.482684802300717 ], [ 16.975552096243458, 52.482645081865989 ], [ 16.975350713893242, 52.48263210055832 ], [ 16.975058816058432, 52.482646081326145 ], [ 16.974946766255247, 52.482619068542746 ], [ 16.97489514981114, 52.482572133584299 ], [ 16.974839092972545, 52.48249679031597 ], [ 16.974867983455646, 52.482429107720051 ], [ 16.974981710952768, 52.482358650384143 ], [ 16.975152675873158, 52.482318584473219 ], [ 16.975373336521095, 52.482322362125061 ], [ 16.975529004018117, 52.482310635879394 ], [ 16.975697203273022, 52.48233078408839 ], [ 16.975933561017296, 52.482297502752587 ], [ 16.976137238878447, 52.482263661721561 ], [ 16.976459814719203, 52.482197496231052 ], [ 16.976778201673724, 52.48202998167374 ], [ 16.975701932913161, 52.481974328412349 ], [ 16.974894036144878, 52.481932525147045 ], [ 16.974146542658293, 52.481893909675868 ], [ 16.974232202287261, 52.481337816068688 ], [ 16.974243783846283, 52.481262101976334 ], [ 16.974330987382253, 52.480694791746316 ], [ 16.974545515410121, 52.479347241831235 ], [ 16.974563068197568, 52.479237721180645 ], [ 16.974584704292557, 52.479103445993999 ], [ 16.973217762093068, 52.479066086561666 ], [ 16.973125417089506, 52.479049663241497 ], [ 16.97275370886895, 52.479005785652674 ], [ 16.97271445747667, 52.479029667457787 ], [ 16.972694234213588, 52.479072223953629 ], [ 16.972690102123725, 52.479110828926956 ], [ 16.972657653395128, 52.479153355734134 ], [ 16.97269039467065, 52.47920698379265 ], [ 16.972696207856394, 52.479234336393091 ], [ 16.972666973736789, 52.479258210010968 ], [ 16.972597900956718, 52.479277083383899 ], [ 16.97255825853685, 52.479322275099911 ], [ 16.972525361270836, 52.479528311886419 ] ] ] ] } },
{ "type": "Feature", "properties": { "gml_id": "OT_ADJA_A.20", "lokalnyId": "322BD60C-5C60-598B-E053-CC2BA8C05138", "przestrzen": "PL.PZGiK.308.BDOT10k", "wersjaId": "2022-01-20T00:00:00", "czyObiektB": 0, "x_kod": "ADJA05", "x_skrKarto": null, "x_katDoklG": "Dok", "x_doklGeom": 1, "x_doklGe_1": "m", "x_zrodloDa": "PRG", "x_zrodlo_1": "PRG", "x_katIstni": null, "x_rodzajRe": "ZP", "x_aktualno": "2022-01-20", "x_aktual_1": "2022-01-20", "poczatekWe": "2022-01-20T00:00:00", "x_dataUtwo": "2012-11-13", "x_kodKarto": "0010_505", "x_kodKar_1": "0025_505", "x_kodKar_2": "0050_505", "x_kodKar_3": "0100_505", "x_kodKar_4": null, "x_kodKar_5": null, "x_kodKar_6": null, "nazwa": "Czerwonak", "idPRG": 1030210420, "idTerytJed": 3021, "idTerytTer": 3021042, "rodzaj": "GW", "PRG|BT_Ref": 1030210420, "PRG|BT_R_1": "PL.PZGiK.200", "x_informDo": null }, "geometry": { "type": "MultiPolygon", "coordinates": [ [ [ [ 16.978810239330063, 52.480621400970492 ], [ 16.97856107100975, 52.480605693290883 ], [ 16.978528592137501, 52.480876012682451 ], [ 16.97850428303617, 52.4810783332114 ], [ 16.978446087459471, 52.481562676684128 ], [ 16.978347201520751, 52.482385645914668 ], [ 16.978323091031267, 52.482584135937806 ], [ 16.978547646672382, 52.482595762482703 ], [ 16.978923829635963, 52.482623148421759 ], [ 16.978979157588, 52.482627781579438 ], [ 16.979055033003171, 52.482158493222954 ], [ 16.979100419429368, 52.481878644720481 ], [ 16.979210630026994, 52.481196956452649 ], [ 16.979140485957487, 52.481059223507465 ], [ 16.978961140471547, 52.480822755179268 ], [ 16.978810239330063, 52.480621400970492 ] ] ] ] } },
{ "type": "Feature", "properties": { "gml_id": "OT_ADJA_A.20", "lokalnyId": "322BD60C-5C60-598B-E053-CC2BA8C05138", "przestrzen": "PL.PZGiK.308.BDOT10k", "wersjaId": "2022-01-20T00:00:00", "czyObiektB": 0, "x_kod": "ADJA05", "x_skrKarto": null, "x_katDoklG": "Dok", "x_doklGeom": 1, "x_doklGe_1": "m", "x_zrodloDa": "PRG", "x_zrodlo_1": "PRG", "x_katIstni": null, "x_rodzajRe": "ZP", "x_aktualno": "2022-01-20", "x_aktual_1": "2022-01-20", "poczatekWe": "2022-01-20T00:00:00", "x_dataUtwo": "2012-11-13", "x_kodKarto": "0010_505", "x_kodKar_1": "0025_505", "x_kodKar_2": "0050_505", "x_kodKar_3": "0100_505", "x_kodKar_4": null, "x_kodKar_5": null, "x_kodKar_6": null, "nazwa": "Czerwonak", "idPRG": 1030210420, "idTerytJed": 3021, "idTerytTer": 3021042, "rodzaj": "GW", "PRG|BT_Ref": 1030210420, "PRG|BT_R_1": "PL.PZGiK.200", "x_informDo": null }, "geometry": { "type": "MultiPolygon", "coordinates": [ [ [ [ 16.983553869928528, 52.486281660820772 ], [ 16.983613664641155, 52.486269278663165 ], [ 16.98379780892332, 52.48623113383411 ], [ 16.984193647407736, 52.486170963037608 ], [ 16.984192506647744, 52.486170134103723 ], [ 16.984781571949608, 52.486079345773156 ], [ 16.984752622002638, 52.486064821322557 ], [ 16.984591737500182, 52.485984188883492 ], [ 16.984053436957229, 52.485944344180048 ], [ 16.98379158681913, 52.485932325463303 ], [ 16.983364519230449, 52.486008512036072 ], [ 16.98294836166011, 52.486081285396644 ], [ 16.98281390570375, 52.486112181445563 ], [ 16.982971845786569, 52.486308613325114 ], [ 16.982989997203397, 52.48634660919771 ], [ 16.983091429704761, 52.486354814884592 ], [ 16.983158153821606, 52.486351995187917 ], [ 16.983517872842871, 52.486289142016709 ], [ 16.983553869928528, 52.486281660820772 ] ] ] ] } },
{ "type": "Feature", "properties": { "gml_id": "OT_ADJA_A.20", "lokalnyId": "322BD60C-5C60-598B-E053-CC2BA8C05138", "przestrzen": "PL.PZGiK.308.BDOT10k", "wersjaId": "2022-01-20T00:00:00", "czyObiektB": 0, "x_kod": "ADJA05", "x_skrKarto": null, "x_katDoklG": "Dok", "x_doklGeom": 1, "x_doklGe_1": "m", "x_zrodloDa": "PRG", "x_zrodlo_1": "PRG", "x_katIstni": null, "x_rodzajRe": "ZP", "x_aktualno": "2022-01-20", "x_aktual_1": "2022-01-20", "poczatekWe": "2022-01-20T00:00:00", "x_dataUtwo": "2012-11-13", "x_kodKarto": "0010_505", "x_kodKar_1": "0025_505", "x_kodKar_2": "0050_505", "x_kodKar_3": "0100_505", "x_kodKar_4": null, "x_kodKar_5": null, "x_kodKar_6": null, "nazwa": "Czerwonak", "idPRG": 1030210420, "idTerytJed": 3021, "idTerytTer": 3021042, "rodzaj": "GW", "PRG|BT_Ref": 1030210420, "PRG|BT_R_1": "PL.PZGiK.200", "x_informDo": null }, "geometry": { "type": "MultiPolygon", "coordinates": [ [ [ [ 16.982196328800946, 52.486484536404525 ], [ 16.981975575404554, 52.486704369601973 ], [ 16.982560820054189, 52.486752040050632 ], [ 16.982569004878599, 52.486714853112474 ], [ 16.982577941379045, 52.48668055718683 ], [ 16.982572514789808, 52.486680014907193 ], [ 16.982595959377832, 52.4865894819335 ], [ 16.982607326658666, 52.486518170748134 ], [ 16.982196328800946, 52.486484536404525 ] ] ] ] } },
{ "type": "Feature", "properties": { "gml_id": "OT_ADJA_A.20", "lokalnyId": "322BD60C-5C60-598B-E053-CC2BA8C05138", "przestrzen": "PL.PZGiK.308.BDOT10k", "wersjaId": "2022-01-20T00:00:00", "czyObiektB": 0, "x_kod": "ADJA05", "x_skrKarto": null, "x_katDoklG": "Dok", "x_doklGeom": 1, "x_doklGe_1": "m", "x_zrodloDa": "PRG", "x_zrodlo_1": "PRG", "x_katIstni": null, "x_rodzajRe": "ZP", "x_aktualno": "2022-01-20", "x_aktual_1": "2022-01-20", "poczatekWe": "2022-01-20T00:00:00", "x_dataUtwo": "2012-11-13", "x_kodKarto": "0010_505", "x_kodKar_1": "0025_505", "x_kodKar_2": "0050_505", "x_kodKar_3": "0100_505", "x_kodKar_4": null, "x_kodKar_5": null, "x_kodKar_6": null, "nazwa": "Czerwonak", "idPRG": 1030210420, "idTerytJed": 3021, "idTerytTer": 3021042, "rodzaj": "GW", "PRG|BT_Ref": 1030210420, "PRG|BT_R_1": "PL.PZGiK.200", "x_informDo": null }, "geometry": { "type": "MultiPolygon", "coordinates": [ [ [ [ 16.986671601970279, 52.486542992753961 ], [ 16.986655230351648, 52.486504667993678 ], [ 16.986467249594583, 52.486552645728068 ], [ 16.986384663077164, 52.486573725586041 ], [ 16.986291492436841, 52.486597503374995 ], [ 16.986286425350471, 52.486598766255682 ], [ 16.986248992534659, 52.486631228113268 ], [ 16.986299385140384, 52.486776265421526 ], [ 16.986288408019792, 52.486803691163757 ], [ 16.98625752024774, 52.486825111471944 ], [ 16.986117084427292, 52.486861126180379 ], [ 16.986093787560897, 52.486877638865188 ], [ 16.986101820109035, 52.486895314608347 ], [ 16.98620220976105, 52.486936059379538 ], [ 16.986422272680528, 52.486921187768097 ], [ 16.986459915048897, 52.486906718110255 ], [ 16.986483200058078, 52.486887237019104 ], [ 16.986503996845219, 52.486831916077982 ], [ 16.98653079925835, 52.486809616667621 ], [ 16.986580149400542, 52.486796875319158 ], [ 16.98662423012081, 52.486796276556426 ], [ 16.986667036389914, 52.486810676635898 ], [ 16.986768517035738, 52.486882380035382 ], [ 16.986819829010656, 52.486971847714052 ], [ 16.986879974813512, 52.487035651962849 ], [ 16.986831175904584, 52.487171805198599 ], [ 16.986644467200843, 52.487249935927814 ], [ 16.986504823153155, 52.487449211897939 ], [ 16.986499735603172, 52.487518651555597 ], [ 16.98667007300617, 52.487757023097849 ], [ 16.986704304183945, 52.487936593186433 ], [ 16.98673360808862, 52.487972439756248 ], [ 16.986828858314304, 52.487999964747139 ], [ 16.987640879955102, 52.48795729887869 ], [ 16.987665606912028, 52.487922371825761 ], [ 16.987582008797688, 52.487807440892105 ], [ 16.98703698361842, 52.487059371014588 ], [ 16.986863820872937, 52.486821581485579 ], [ 16.986758038487373, 52.486676321161113 ], [ 16.986671601970279, 52.486542992753961 ] ] ] ] } },
{ "type": "Feature", "properties": { "gml_id": "OT_ADJA_A.20", "lokalnyId": "322BD60C-5C60-598B-E053-CC2BA8C05138", "przestrzen": "PL.PZGiK.308.BDOT10k", "wersjaId": "2022-01-20T00:00:00", "czyObiektB": 0, "x_kod": "ADJA05", "x_skrKarto": null, "x_katDoklG": "Dok", "x_doklGeom": 1, "x_doklGe_1": "m", "x_zrodloDa": "PRG", "x_zrodlo_1": "PRG", "x_katIstni": null, "x_rodzajRe": "ZP", "x_aktualno": "2022-01-20", "x_aktual_1": "2022-01-20", "poczatekWe": "2022-01-20T00:00:00", "x_dataUtwo": "2012-11-13", "x_kodKarto": "0010_505", "x_kodKar_1": "0025_505", "x_kodKar_2": "0050_505", "x_kodKar_3": "0100_505", "x_kodKar_4": null, "x_kodKar_5": null, "x_kodKar_6": null, "nazwa": "Czerwonak", "idPRG": 1030210420, "idTerytJed": 3021, "idTerytTer": 3021042, "rodzaj": "GW", "PRG|BT_Ref": 1030210420, "PRG|BT_R_1": "PL.PZGiK.200", "x_informDo": null }, "geometry": { "type": "MultiPolygon", "coordinates": [ [ [ [ 16.982461312340142, 52.487139528157201 ], [ 16.982472329459597, 52.487079094177048 ], [ 16.98241634053478, 52.487091990404039 ], [ 16.982229613776656, 52.487134946001213 ], [ 16.982362062929464, 52.48733786942914 ], [ 16.982499366663383, 52.487544203410664 ], [ 16.982689335543245, 52.487494826747138 ], [ 16.982560107729999, 52.487289080460037 ], [ 16.982461312340142, 52.487139528157201 ] ] ] ] } },
{ "type": "Feature", "properties": { "gml_id": "OT_ADJA_A.20", "lokalnyId": "322BD60C-5C60-598B-E053-CC2BA8C05138", "przestrzen": "PL.PZGiK.308.BDOT10k", "wersjaId": "2022-01-20T00:00:00", "czyObiektB": 0, "x_kod": "ADJA05", "x_skrKarto": null, "x_katDoklG": "Dok", "x_doklGeom": 1, "x_doklGe_1": "m", "x_zrodloDa": "PRG", "x_zrodlo_1": "PRG", "x_katIstni": null, "x_rodzajRe": "ZP", "x_aktualno": "2022-01-20", "x_aktual_1": "2022-01-20", "poczatekWe": "2022-01-20T00:00:00", "x_dataUtwo": "2012-11-13", "x_kodKarto": "0010_505", "x_kodKar_1": "0025_505", "x_kodKar_2": "0050_505", "x_kodKar_3": "0100_505", "x_kodKar_4": null, "x_kodKar_5": null, "x_kodKar_6": null, "nazwa": "Czerwonak", "idPRG": 1030210420, "idTerytJed": 3021, "idTerytTer": 3021042, "rodzaj": "GW", "PRG|BT_Ref": 1030210420, "PRG|BT_R_1": "PL.PZGiK.200", "x_informDo": null }, "geometry": { "type": "MultiPolygon", "coordinates": [ [ [ [ 16.986265502569122, 52.487982279647092 ], [ 16.986262203369876, 52.487931945103199 ], [ 16.986242708336263, 52.48786523493812 ], [ 16.986208697821532, 52.487829218163647 ], [ 16.986165309559908, 52.487795290293697 ], [ 16.986129483191881, 52.487760321898527 ], [ 16.986112933978827, 52.487709761740035 ], [ 16.986150022457903, 52.487555870433425 ], [ 16.98615273674989, 52.487496464042557 ], [ 16.986141949497551, 52.487403638637325 ], [ 16.986111372679499, 52.487334401224601 ], [ 16.986070210959525, 52.487293675524 ], [ 16.986031271016337, 52.487268817684722 ], [ 16.985906401381822, 52.48722531738111 ], [ 16.985823408294781, 52.487226242602141 ], [ 16.985696159279136, 52.487263830536314 ], [ 16.985452830800774, 52.487310594231417 ], [ 16.985352345596983, 52.487336405347619 ], [ 16.98529153853805, 52.487354797355742 ], [ 16.98521871329292, 52.487387915219337 ], [ 16.985176500735914, 52.487408872504865 ], [ 16.985154163988785, 52.487446268242344 ], [ 16.985148864708197, 52.487481615684779 ], [ 16.985153969703397, 52.487534319563864 ], [ 16.985150539803737, 52.487567450265161 ], [ 16.985145343213148, 52.487600550870226 ], [ 16.985138495642815, 52.487627866969724 ], [ 16.985101626705841, 52.487654401809714 ], [ 16.985050925518621, 52.487667659193207 ], [ 16.984765321257239, 52.48767223734248 ], [ 16.984744031879245, 52.487686715271025 ], [ 16.984740716149982, 52.487701229613826 ], [ 16.984747713616134, 52.487718977756586 ], [ 16.985046143676509, 52.48794307448869 ], [ 16.98528235268375, 52.488090827927699 ], [ 16.985393599048486, 52.488106843966904 ], [ 16.985892286841661, 52.488082327864497 ], [ 16.986146812723799, 52.488077577590381 ], [ 16.986188766778096, 52.4880622819934 ], [ 16.98623902239984, 52.488026530680543 ], [ 16.986265502569122, 52.487982279647092 ] ] ] ] } },
{ "type": "Feature", "properties": { "gml_id": "OT_ADJA_A.20", "lokalnyId": "322BD60C-5C60-598B-E053-CC2BA8C05138", "przestrzen": "PL.PZGiK.308.BDOT10k", "wersjaId": "2022-01-20T00:00:00", "czyObiektB": 0, "x_kod": "ADJA05", "x_skrKarto": null, "x_katDoklG": "Dok", "x_doklGeom": 1, "x_doklGe_1": "m", "x_zrodloDa": "PRG", "x_zrodlo_1": "PRG", "x_katIstni": null, "x_rodzajRe": "ZP", "x_aktualno": "2022-01-20", "x_aktual_1": "2022-01-20", "poczatekWe": "2022-01-20T00:00:00", "x_dataUtwo": "2012-11-13", "x_kodKarto": "0010_505", "x_kodKar_1": "0025_505", "x_kodKar_2": "0050_505", "x_kodKar_3": "0100_505", "x_kodKar_4": null, "x_kodKar_5": null, "x_kodKar_6": null, "nazwa": "Czerwonak", "idPRG": 1030210420, "idTerytJed": 3021, "idTerytTer": 3021042, "rodzaj": "GW", "PRG|BT_Ref": 1030210420, "PRG|BT_R_1": "PL.PZGiK.200", "x_informDo": null }, "geometry": { "type": "MultiPolygon", "coordinates": [ [ [ [ 16.981443187379085, 52.488610361558315 ], [ 16.981514872819673, 52.48850572147331 ], [ 16.981530496366133, 52.488347957402091 ], [ 16.981515253237092, 52.488323682355798 ], [ 16.981511549789836, 52.488317682883263 ], [ 16.981418325635754, 52.488168764461975 ], [ 16.981406217726185, 52.488150029460712 ], [ 16.981345224306562, 52.488056616518051 ], [ 16.980724491410086, 52.488204321184412 ], [ 16.980637047042649, 52.488074029161062 ], [ 16.980634435064019, 52.488069937108364 ], [ 16.98062340865415, 52.488072627042065 ], [ 16.980564104872176, 52.488087084789456 ], [ 16.979952607165689, 52.488235752595564 ], [ 16.979865736702745, 52.488256934658899 ], [ 16.979881576298613, 52.488168520895464 ], [ 16.979943491358277, 52.488048874180507 ], [ 16.980063886924398, 52.487955230485603 ], [ 16.980339252483073, 52.487797944656471 ], [ 16.980433480945695, 52.487770501901466 ], [ 16.980514491762321, 52.487639218469056 ], [ 16.980565290395848, 52.48748880083577 ], [ 16.980579453840566, 52.487314732139708 ], [ 16.980553447261968, 52.487149151812893 ], [ 16.980512026432464, 52.48714313791131 ], [ 16.980403462166844, 52.487116909483838 ], [ 16.980293586426985, 52.487087150763195 ], [ 16.980161406316288, 52.487045768097971 ], [ 16.980133646377286, 52.487034230970657 ], [ 16.979997455695422, 52.48697748922892 ], [ 16.979884085687203, 52.486917899137119 ], [ 16.979317412986394, 52.487718520326091 ], [ 16.979223559016095, 52.488438353811816 ], [ 16.979118268772353, 52.489246855952231 ], [ 16.979221735708339, 52.489242957301428 ], [ 16.980222761923258, 52.48920501029486 ], [ 16.98021655899959, 52.489150668444232 ], [ 16.980275270339337, 52.489113804816675 ], [ 16.980486557453148, 52.489097804933287 ], [ 16.980812918082741, 52.489062542565193 ], [ 16.980998494994726, 52.489012733818633 ], [ 16.981045945816675, 52.488951482797681 ], [ 16.981048798001336, 52.488689795944495 ], [ 16.981311255120303, 52.488679255167973 ], [ 16.981443187379085, 52.488610361558315 ] ] ] ] } },
{ "type": "Feature", "properties": { "gml_id": "OT_ADJA_A.20", "lokalnyId": "322BD60C-5C60-598B-E053-CC2BA8C05138", "przestrzen": "PL.PZGiK.308.BDOT10k", "wersjaId": "2022-01-20T00:00:00", "czyObiektB": 0, "x_kod": "ADJA05", "x_skrKarto": null, "x_katDoklG": "Dok", "x_doklGeom": 1, "x_doklGe_1": "m", "x_zrodloDa": "PRG", "x_zrodlo_1": "PRG", "x_katIstni": null, "x_rodzajRe": "ZP", "x_aktualno": "2022-01-20", "x_aktual_1": "2022-01-20", "poczatekWe": "2022-01-20T00:00:00", "x_dataUtwo": "2012-11-13", "x_kodKarto": "0010_505", "x_kodKar_1": "0025_505", "x_kodKar_2": "0050_505", "x_kodKar_3": "0100_505", "x_kodKar_4": null, "x_kodKar_5": null, "x_kodKar_6": null, "nazwa": "Czerwonak", "idPRG": 1030210420, "idTerytJed": 3021, "idTerytTer": 3021042, "rodzaj": "GW", "PRG|BT_Ref": 1030210420, "PRG|BT_R_1": "PL.PZGiK.200", "x_informDo": null }, "geometry": { "type": "MultiPolygon", "coordinates": [ [ [ [ 16.975013914876968, 52.487731804100306 ], [ 16.974918430446454, 52.487882713596917 ], [ 16.974936308526043, 52.48792331442521 ], [ 16.974931124713191, 52.48796558909779 ], [ 16.974916854610083, 52.487987560834569 ], [ 16.974876045539194, 52.488013125631305 ], [ 16.974832369140618, 52.488030546395983 ], [ 16.97477575781118, 52.488037671980045 ], [ 16.974726476291963, 52.488032780664255 ], [ 16.97459946345726, 52.488183599750485 ], [ 16.974823711271913, 52.48834403142137 ], [ 16.974892330888547, 52.488409066279907 ], [ 16.974929388507181, 52.488442710063232 ], [ 16.974960492354683, 52.488484076989337 ], [ 16.975176398724116, 52.488450896524441 ], [ 16.975318842862539, 52.48847411197255 ], [ 16.975358888066147, 52.488503669356263 ], [ 16.975460066577114, 52.488520691685579 ], [ 16.975631555875992, 52.488572376367003 ], [ 16.975731038133684, 52.488607088311944 ], [ 16.975831099770687, 52.488625980020515 ], [ 16.975908489939179, 52.488631621734321 ], [ 16.975982729174174, 52.488632082693726 ], [ 16.975956552408466, 52.488512279633014 ], [ 16.975864740335279, 52.487694560493637 ], [ 16.975894101606208, 52.48754287844482 ], [ 16.975646614723651, 52.487570842607468 ], [ 16.975580528184949, 52.487578975664235 ], [ 16.97544976947156, 52.48759652508766 ], [ 16.975227916555976, 52.487640577342596 ], [ 16.975013914876968, 52.487731804100306 ] ] ] ] } },
{ "type": "Feature", "properties": { "gml_id": "OT_ADJA_A.20", "lokalnyId": "322BD60C-5C60-598B-E053-CC2BA8C05138", "przestrzen": "PL.PZGiK.308.BDOT10k", "wersjaId": "2022-01-20T00:00:00", "czyObiektB": 0, "x_kod": "ADJA05", "x_skrKarto": null, "x_katDoklG": "Dok", "x_doklGeom": 1, "x_doklGe_1": "m", "x_zrodloDa": "PRG", "x_zrodlo_1": "PRG", "x_katIstni": null, "x_rodzajRe": "ZP", "x_aktualno": "2022-01-20", "x_aktual_1": "2022-01-20", "poczatekWe": "2022-01-20T00:00:00", "x_dataUtwo": "2012-11-13", "x_kodKarto": "0010_505", "x_kodKar_1": "0025_505", "x_kodKar_2": "0050_505", "x_kodKar_3": "0100_505", "x_kodKar_4": null, "x_kodKar_5": null, "x_kodKar_6": null, "nazwa": "Czerwonak", "idPRG": 1030210420, "idTerytJed": 3021, "idTerytTer": 3021042, "rodzaj": "GW", "PRG|BT_Ref": 1030210420, "PRG|BT_R_1": "PL.PZGiK.200", "x_informDo": null }, "geometry": { "type": "MultiPolygon", "coordinates": [ [ [ [ 16.984712912569506, 52.488940896006973 ], [ 16.984759606845817, 52.48898630354855 ], [ 16.984783828817569, 52.489010821086111 ], [ 16.984809936021684, 52.489036000342786 ], [ 16.984902670671893, 52.489070229770533 ], [ 16.984903251368241, 52.48907041955075 ], [ 16.984963524654905, 52.489092763007271 ], [ 16.985415992790035, 52.488993348027783 ], [ 16.985383431777173, 52.488848254342244 ], [ 16.985359369657836, 52.488800894022042 ], [ 16.985318991976914, 52.488743002234202 ], [ 16.985284427450864, 52.488677204487331 ], [ 16.985228130069899, 52.48855500176942 ], [ 16.985166270642985, 52.488473898362415 ], [ 16.985123478332142, 52.488446276304344 ], [ 16.985100082993426, 52.48841979416008 ], [ 16.985027323881763, 52.488248381671987 ], [ 16.984989827203606, 52.488224177686732 ], [ 16.984549712983775, 52.488230799993076 ], [ 16.984502621021349, 52.488248885650371 ], [ 16.984464649455109, 52.488318844188804 ], [ 16.984462389008293, 52.488368274561807 ], [ 16.984566102662971, 52.488549029335097 ], [ 16.984639337947115, 52.488632665429591 ], [ 16.984714487795372, 52.488677658421025 ], [ 16.984722738282603, 52.488726008678874 ], [ 16.984717648056758, 52.488756772545685 ], [ 16.984693655147051, 52.488788473541014 ], [ 16.984682707226948, 52.488824893977174 ], [ 16.984682332895495, 52.488871748127032 ], [ 16.984712912569506, 52.488940896006973 ] ] ] ] } },
{ "type": "Feature", "properties": { "gml_id": "OT_ADJA_A.20", "lokalnyId": "322BD60C-5C60-598B-E053-CC2BA8C05138", "przestrzen": "PL.PZGiK.308.BDOT10k", "wersjaId": "2022-01-20T00:00:00", "czyObiektB": 0, "x_kod": "ADJA05", "x_skrKarto": null, "x_katDoklG": "Dok", "x_doklGeom": 1, "x_doklGe_1": "m", "x_zrodloDa": "PRG", "x_zrodlo_1": "PRG", "x_katIstni": null, "x_rodzajRe": "ZP", "x_aktualno": "2022-01-20", "x_aktual_1": "2022-01-20", "poczatekWe": "2022-01-20T00:00:00", "x_dataUtwo": "2012-11-13", "x_kodKarto": "0010_505", "x_kodKar_1": "0025_505", "x_kodKar_2": "0050_505", "x_kodKar_3": "0100_505", "x_kodKar_4": null, "x_kodKar_5": null, "x_kodKar_6": null, "nazwa": "Czerwonak", "idPRG": 1030210420, "idTerytJed": 3021, "idTerytTer": 3021042, "rodzaj": "GW", "PRG|BT_Ref": 1030210420, "PRG|BT_R_1": "PL.PZGiK.200", "x_informDo": null }, "geometry": { "type": "MultiPolygon", "coordinates": [ [ [ [ 16.985855869866409, 52.489172631439487 ], [ 16.985966107748514, 52.489259145375811 ], [ 16.986021294050001, 52.489389603583241 ], [ 16.986035393363675, 52.489529255936326 ], [ 16.986051160757309, 52.489629181703449 ], [ 16.98615719493824, 52.489720660697856 ], [ 16.986165729617493, 52.48972413391779 ], [ 16.986330134933048, 52.489740964184548 ], [ 16.986618911977576, 52.489770434774584 ], [ 16.98663275744239, 52.489738290836215 ], [ 16.98666542702453, 52.489642427627302 ], [ 16.986434176284732, 52.489640649676936 ], [ 16.986308156829502, 52.489628610477695 ], [ 16.986248649421853, 52.489592699304609 ], [ 16.98622531837681, 52.489477714184567 ], [ 16.986285838076423, 52.489346347879241 ], [ 16.986455429666464, 52.489262529671528 ], [ 16.986405419816911, 52.489199347520191 ], [ 16.986116490518825, 52.4887831171242 ], [ 16.986583397038086, 52.488664245945635 ], [ 16.986631252349621, 52.488652018779021 ], [ 16.986679234335245, 52.488640243466492 ], [ 16.986552665758328, 52.488443541339528 ], [ 16.986497297984453, 52.488455730527178 ], [ 16.986491494554969, 52.488456980882482 ], [ 16.986466043691618, 52.488462573819717 ], [ 16.986041582922457, 52.488552216121313 ], [ 16.985956543020638, 52.488401192166407 ], [ 16.985951232409274, 52.488391657676701 ], [ 16.985831181726407, 52.48817815636729 ], [ 16.985725668883077, 52.488181756109356 ], [ 16.985696425264837, 52.488196188688285 ], [ 16.985723079849699, 52.488328679574131 ], [ 16.985695231158065, 52.488402858342582 ], [ 16.985669937211192, 52.488421135804074 ], [ 16.985639627148533, 52.488429883771666 ], [ 16.985584273418393, 52.488432089052402 ], [ 16.985405212915708, 52.488410420974368 ], [ 16.985384641625437, 52.488412409112385 ], [ 16.985371993924577, 52.488424785762028 ], [ 16.985598340493063, 52.488827090312412 ], [ 16.985762624409265, 52.489068957752728 ], [ 16.985855869866409, 52.489172631439487 ] ] ] ] } },
{ "type": "Feature", "properties": { "gml_id": "OT_ADJA_A.20", "lokalnyId": "322BD60C-5C60-598B-E053-CC2BA8C05138", "przestrzen": "PL.PZGiK.308.BDOT10k", "wersjaId": "2022-01-20T00:00:00", "czyObiektB": 0, "x_kod": "ADJA05", "x_skrKarto": null, "x_katDoklG": "Dok", "x_doklGeom": 1, "x_doklGe_1": "m", "x_zrodloDa": "PRG", "x_zrodlo_1": "PRG", "x_katIstni": null, "x_rodzajRe": "ZP", "x_aktualno": "2022-01-20", "x_aktual_1": "2022-01-20", "poczatekWe": "2022-01-20T00:00:00", "x_dataUtwo": "2012-11-13", "x_kodKarto": "0010_505", "x_kodKar_1": "0025_505", "x_kodKar_2": "0050_505", "x_kodKar_3": "0100_505", "x_kodKar_4": null, "x_kodKar_5": null, "x_kodKar_6": null, "nazwa": "Czerwonak", "idPRG": 1030210420, "idTerytJed": 3021, "idTerytTer": 3021042, "rodzaj": "GW", "PRG|BT_Ref": 1030210420, "PRG|BT_R_1": "PL.PZGiK.200", "x_informDo": null }, "geometry": { "type": "MultiPolygon", "coordinates": [ [ [ [ 16.98346969406359, 52.488968545929048 ], [ 16.983219261425539, 52.489035061479129 ], [ 16.983351032170727, 52.489227268831954 ], [ 16.983367142631554, 52.489222956401377 ], [ 16.983604189848347, 52.489159180473052 ], [ 16.98346969406359, 52.488968545929048 ] ] ] ] } },
{ "type": "Feature", "properties": { "gml_id": "OT_ADJA_A.20", "lokalnyId": "322BD60C-5C60-598B-E053-CC2BA8C05138", "przestrzen": "PL.PZGiK.308.BDOT10k", "wersjaId": "2022-01-20T00:00:00", "czyObiektB": 0, "x_kod": "ADJA05", "x_skrKarto": null, "x_katDoklG": "Dok", "x_doklGeom": 1, "x_doklGe_1": "m", "x_zrodloDa": "PRG", "x_zrodlo_1": "PRG", "x_katIstni": null, "x_rodzajRe": "ZP", "x_aktualno": "2022-01-20", "x_aktual_1": "2022-01-20", "poczatekWe": "2022-01-20T00:00:00", "x_dataUtwo": "2012-11-13", "x_kodKarto": "0010_505", "x_kodKar_1": "0025_505", "x_kodKar_2": "0050_505", "x_kodKar_3": "0100_505", "x_kodKar_4": null, "x_kodKar_5": null, "x_kodKar_6": null, "nazwa": "Czerwonak", "idPRG": 1030210420, "idTerytJed": 3021, "idTerytTer": 3021042, "rodzaj": "GW", "PRG|BT_Ref": 1030210420, "PRG|BT_R_1": "PL.PZGiK.200", "x_informDo": null }, "geometry": { "type": "MultiPolygon", "coordinates": [ [ [ [ 16.975809315426662, 52.489000851732584 ], [ 16.975743109835129, 52.489033987164838 ], [ 16.975702627731877, 52.489078086215102 ], [ 16.975720787690388, 52.489122199532098 ], [ 16.975741549648447, 52.489183446653442 ], [ 16.975754922695714, 52.489222711029505 ], [ 16.975762669420341, 52.489249736732965 ], [ 16.975770394159344, 52.489290073705398 ], [ 16.975775833503455, 52.489376962324364 ], [ 16.975783012073197, 52.489451648384296 ], [ 16.975797139337068, 52.489525823758449 ], [ 16.975820385208145, 52.489584325119928 ], [ 16.975838717447687, 52.489618277740654 ], [ 16.975850250953236, 52.489636643717503 ], [ 16.975859991547612, 52.489649132679574 ], [ 16.975876394636842, 52.489660926166692 ], [ 16.975892500510302, 52.489669566541004 ], [ 16.975902915318219, 52.489673792231038 ], [ 16.975915750485242, 52.489679858210742 ], [ 16.975927874271392, 52.489685372353932 ], [ 16.975933258504988, 52.489690051614595 ], [ 16.975936863598282, 52.489694970259499 ], [ 16.975940721877464, 52.48970079267248 ], [ 16.975942666168216, 52.48970658233165 ], [ 16.975944727438169, 52.489716241565034 ], [ 16.975948485353573, 52.489737082832228 ], [ 16.975946552185896, 52.489753509419138 ], [ 16.975905861822188, 52.489795716159136 ], [ 16.975979142571969, 52.489794631664076 ], [ 16.976268286203354, 52.489790315086346 ], [ 16.976379836049304, 52.48980616490222 ], [ 16.976512442385353, 52.489806274954539 ], [ 16.976417170625815, 52.489548215981713 ], [ 16.976378643084821, 52.489443851911531 ], [ 16.976129329320901, 52.489030073124866 ], [ 16.976049393032682, 52.488871304062954 ], [ 16.976009440745187, 52.488862165697554 ], [ 16.975963161955477, 52.488872077032354 ], [ 16.97593644378, 52.488892396769415 ], [ 16.975902929811976, 52.488929149817004 ], [ 16.975863640895732, 52.488966523573872 ], [ 16.975809315426662, 52.489000851732584 ] ] ] ] } },
{ "type": "Feature", "properties": { "gml_id": "OT_ADJA_A.20", "lokalnyId": "322BD60C-5C60-598B-E053-CC2BA8C05138", "przestrzen": "PL.PZGiK.308.BDOT10k", "wersjaId": "2022-01-20T00:00:00", "czyObiektB": 0, "x_kod": "ADJA05", "x_skrKarto": null, "x_katDoklG": "Dok", "x_doklGeom": 1, "x_doklGe_1": "m", "x_zrodloDa": "PRG", "x_zrodlo_1": "PRG", "x_katIstni": null, "x_rodzajRe": "ZP", "x_aktualno": "2022-01-20", "x_aktual_1": "2022-01-20", "poczatekWe": "2022-01-20T00:00:00", "x_dataUtwo": "2012-11-13", "x_kodKarto": "0010_505", "x_kodKar_1": "0025_505", "x_kodKar_2": "0050_505", "x_kodKar_3": "0100_505", "x_kodKar_4": null, "x_kodKar_5": null, "x_kodKar_6": null, "nazwa": "Czerwonak", "idPRG": 1030210420, "idTerytJed": 3021, "idTerytTer": 3021042, "rodzaj": "GW", "PRG|BT_Ref": 1030210420, "PRG|BT_R_1": "PL.PZGiK.200", "x_informDo": null }, "geometry": { "type": "MultiPolygon", "coordinates": [ [ [ [ 16.984567416877123, 52.490624316345823 ], [ 16.984559771336759, 52.490649729996534 ], [ 16.984651244316428, 52.490743840401748 ], [ 16.984690363926525, 52.490761596198901 ], [ 16.984934074129697, 52.490668249778672 ], [ 16.985081367938296, 52.490505083317117 ], [ 16.985099718070774, 52.490451789647373 ], [ 16.985041498687849, 52.490416709304313 ], [ 16.984902888060034, 52.490389973232674 ], [ 16.984796822325734, 52.490353987662147 ], [ 16.984829542595349, 52.490308673998726 ], [ 16.984679211278699, 52.490354592133329 ], [ 16.984458644345491, 52.49042197898158 ], [ 16.984571027628444, 52.490590469206154 ], [ 16.984567416877123, 52.490624316345823 ] ] ] ] } },
{ "type": "Feature", "properties": { "gml_id": "OT_ADJA_A.20", "lokalnyId": "322BD60C-5C60-598B-E053-CC2BA8C05138", "przestrzen": "PL.PZGiK.308.BDOT10k", "wersjaId": "2022-01-20T00:00:00", "czyObiektB": 0, "x_kod": "ADJA05", "x_skrKarto": null, "x_katDoklG": "Dok", "x_doklGeom": 1, "x_doklGe_1": "m", "x_zrodloDa": "PRG", "x_zrodlo_1": "PRG", "x_katIstni": null, "x_rodzajRe": "ZP", "x_aktualno": "2022-01-20", "x_aktual_1": "2022-01-20", "poczatekWe": "2022-01-20T00:00:00", "x_dataUtwo": "2012-11-13", "x_kodKarto": "0010_505", "x_kodKar_1": "0025_505", "x_kodKar_2": "0050_505", "x_kodKar_3": "0100_505", "x_kodKar_4": null, "x_kodKar_5": null, "x_kodKar_6": null, "nazwa": "Czerwonak", "idPRG": 1030210420, "idTerytJed": 3021, "idTerytTer": 3021042, "rodzaj": "GW", "PRG|BT_Ref": 1030210420, "PRG|BT_R_1": "PL.PZGiK.200", "x_informDo": null }, "geometry": { "type": "MultiPolygon", "coordinates": [ [ [ [ 16.986123650692274, 52.491751011216593 ], [ 16.986118174965259, 52.49172573384066 ], [ 16.986122331904514, 52.491696033361649 ], [ 16.986135439729168, 52.491676828770473 ], [ 16.986137263653507, 52.491656262792468 ], [ 16.986126361716931, 52.491646543175648 ], [ 16.985970018622503, 52.491588565950316 ], [ 16.985830332909085, 52.491349906089347 ], [ 16.98568707136339, 52.491125036429153 ], [ 16.985024871170474, 52.491286358609543 ], [ 16.985181980378449, 52.491617598171437 ], [ 16.985285093345563, 52.491766591905495 ], [ 16.985368718987118, 52.491793919999573 ], [ 16.985597762464089, 52.491763642520453 ], [ 16.985935577056459, 52.491842429296668 ], [ 16.986095434392894, 52.491878340325478 ], [ 16.986113020827233, 52.491880438627547 ], [ 16.986132358922543, 52.491876450601943 ], [ 16.986142745466509, 52.49186520463698 ], [ 16.986148293070769, 52.491856664527496 ], [ 16.986151856759733, 52.491849619676827 ], [ 16.986147399350489, 52.491824629470855 ], [ 16.986145308231759, 52.491809123607361 ], [ 16.986123650692274, 52.491751011216593 ] ] ] ] } },
{ "type": "Feature", "properties": { "gml_id": "OT_ADJA_A.20", "lokalnyId": "322BD60C-5C60-598B-E053-CC2BA8C05138", "przestrzen": "PL.PZGiK.308.BDOT10k", "wersjaId": "2022-01-20T00:00:00", "czyObiektB": 0, "x_kod": "ADJA05", "x_skrKarto": null, "x_katDoklG": "Dok", "x_doklGeom": 1, "x_doklGe_1": "m", "x_zrodloDa": "PRG", "x_zrodlo_1": "PRG", "x_katIstni": null, "x_rodzajRe": "ZP", "x_aktualno": "2022-01-20", "x_aktual_1": "2022-01-20", "poczatekWe": "2022-01-20T00:00:00", "x_dataUtwo": "2012-11-13", "x_kodKarto": "0010_505", "x_kodKar_1": "0025_505", "x_kodKar_2": "0050_505", "x_kodKar_3": "0100_505", "x_kodKar_4": null, "x_kodKar_5": null, "x_kodKar_6": null, "nazwa": "Czerwonak", "idPRG": 1030210420, "idTerytJed": 3021, "idTerytTer": 3021042, "rodzaj": "GW", "PRG|BT_Ref": 1030210420, "PRG|BT_R_1": "PL.PZGiK.200", "x_informDo": null }, "geometry": { "type": "MultiPolygon", "coordinates": [ [ [ [ 16.973752336354931, 52.500689676972456 ], [ 16.973757880908021, 52.500729347056904 ], [ 16.97388157424615, 52.500779765416269 ], [ 16.974028123616275, 52.500881213253052 ], [ 16.974117399577736, 52.500936528430778 ], [ 16.97419905663773, 52.500952407785832 ], [ 16.974257210332574, 52.500963387414977 ], [ 16.974364974023768, 52.500972428316935 ], [ 16.974487239401512, 52.500964178471627 ], [ 16.974663247015801, 52.500934632652829 ], [ 16.974723604158324, 52.500904095922266 ], [ 16.974876567721363, 52.500866060335163 ], [ 16.974956324477947, 52.500814269188588 ], [ 16.975003457824027, 52.500770014422187 ], [ 16.975090261999686, 52.500738041437799 ], [ 16.975224596512486, 52.500678819637294 ], [ 16.97528257552511, 52.500594185930105 ], [ 16.975585468608394, 52.499631488998205 ], [ 16.97561114663446, 52.499563391570142 ], [ 16.975825782717415, 52.499632813292891 ], [ 16.976188124548681, 52.499685513935049 ], [ 16.976238331991382, 52.49926948522171 ], [ 16.976253339935653, 52.498997303384677 ], [ 16.976255379925675, 52.498843804872472 ], [ 16.976284588679711, 52.498692390156727 ], [ 16.976319701812855, 52.498595312328071 ], [ 16.976143654040623, 52.498385340522695 ], [ 16.976104515384144, 52.498162600541605 ], [ 16.976125025023457, 52.497716112488057 ], [ 16.976086783167737, 52.49757010957137 ], [ 16.976000730340669, 52.497486428846585 ], [ 16.975965039255286, 52.497384361927566 ], [ 16.976063883429067, 52.496942542122937 ], [ 16.976038933757099, 52.496802343098352 ], [ 16.975996556034488, 52.496650153202069 ], [ 16.975893035721597, 52.496459140770881 ], [ 16.975689446742663, 52.496313186317167 ], [ 16.97551321716772, 52.496219687092498 ], [ 16.975460335234853, 52.496148626083723 ], [ 16.975540604773201, 52.495665294586416 ], [ 16.97548585472137, 52.495423219061003 ], [ 16.975371818023838, 52.495291208915638 ], [ 16.975234259524239, 52.495250988080308 ], [ 16.975133648996479, 52.495246927267353 ], [ 16.974837806588965, 52.496627441724151 ], [ 16.974592541413013, 52.497708769957477 ], [ 16.974466463098967, 52.498300237867568 ], [ 16.974366065349489, 52.498884410251897 ], [ 16.974439177589826, 52.498980282752768 ], [ 16.974559983011876, 52.499048549736429 ], [ 16.97460643780018, 52.499134431664686 ], [ 16.97432481631197, 52.499864896847036 ], [ 16.974242244884032, 52.49994587098103 ], [ 16.974113440026521, 52.500035497306826 ], [ 16.973963896467826, 52.500095356784264 ], [ 16.973827403231358, 52.500505949174674 ], [ 16.973752336354931, 52.500689676972456 ] ] ] ] } },
{ "type": "Feature", "properties": { "gml_id": "OT_ADJA_A.20", "lokalnyId": "322BD60C-5C60-598B-E053-CC2BA8C05138", "przestrzen": "PL.PZGiK.308.BDOT10k", "wersjaId": "2022-01-20T00:00:00", "czyObiektB": 0, "x_kod": "ADJA05", "x_skrKarto": null, "x_katDoklG": "Dok", "x_doklGeom": 1, "x_doklGe_1": "m", "x_zrodloDa": "PRG", "x_zrodlo_1": "PRG", "x_katIstni": null, "x_rodzajRe": "ZP", "x_aktualno": "2022-01-20", "x_aktual_1": "2022-01-20", "poczatekWe": "2022-01-20T00:00:00", "x_dataUtwo": "2012-11-13", "x_kodKarto": "0010_505", "x_kodKar_1": "0025_505", "x_kodKar_2": "0050_505", "x_kodKar_3": "0100_505", "x_kodKar_4": null, "x_kodKar_5": null, "x_kodKar_6": null, "nazwa": "Czerwonak", "idPRG": 1030210420, "idTerytJed": 3021, "idTerytTer": 3021042, "rodzaj": "GW", "PRG|BT_Ref": 1030210420, "PRG|BT_R_1": "PL.PZGiK.200", "x_informDo": null }, "geometry": { "type": "MultiPolygon", "coordinates": [ [ [ [ 16.97668998845699, 52.504312061752906 ], [ 16.976825587556871, 52.504443719493359 ], [ 16.977832418654454, 52.504511663001196 ], [ 16.977837688839863, 52.504085421741756 ], [ 16.97784725311362, 52.504002297717221 ], [ 16.97687409149307, 52.503942845103587 ], [ 16.976721645339058, 52.503934121631694 ], [ 16.976727798247385, 52.503954194292476 ], [ 16.976687712210769, 52.504236470414476 ], [ 16.97668367452308, 52.504295494127483 ], [ 16.97668998845699, 52.504312061752906 ] ] ] ] } },
{ "type": "Feature", "properties": { "gml_id": "OT_ADJA_A.20", "lokalnyId": "322BD60C-5C60-598B-E053-CC2BA8C05138", "przestrzen": "PL.PZGiK.308.BDOT10k", "wersjaId": "2022-01-20T00:00:00", "czyObiektB": 0, "x_kod": "ADJA05", "x_skrKarto": null, "x_katDoklG": "Dok", "x_doklGeom": 1, "x_doklGe_1": "m", "x_zrodloDa": "PRG", "x_zrodlo_1": "PRG", "x_katIstni": null, "x_rodzajRe": "ZP", "x_aktualno": "2022-01-20", "x_aktual_1": "2022-01-20", "poczatekWe": "2022-01-20T00:00:00", "x_dataUtwo": "2012-11-13", "x_kodKarto": "0010_505", "x_kodKar_1": "0025_505", "x_kodKar_2": "0050_505", "x_kodKar_3": "0100_505", "x_kodKar_4": null, "x_kodKar_5": null, "x_kodKar_6": null, "nazwa": "Czerwonak", "idPRG": 1030210420, "idTerytJed": 3021, "idTerytTer": 3021042, "rodzaj": "GW", "PRG|BT_Ref": 1030210420, "PRG|BT_R_1": "PL.PZGiK.200", "x_informDo": null }, "geometry": { "type": "MultiPolygon", "coordinates": [ [ [ [ 16.971760289232844, 52.504733302675902 ], [ 16.971667135146415, 52.504979769351301 ], [ 16.971627046730354, 52.505078919145312 ], [ 16.971536251698954, 52.505194108800907 ], [ 16.971407572361109, 52.505238942593586 ], [ 16.971340137693446, 52.505330158036038 ], [ 16.971294268682612, 52.505426780115016 ], [ 16.971291797518855, 52.505480433946168 ], [ 16.971461978271627, 52.505552248995556 ], [ 16.971629579907258, 52.505558450837334 ], [ 16.971778810428823, 52.505544280084955 ], [ 16.971887654221909, 52.505510888401389 ], [ 16.972008706758107, 52.505452431827251 ], [ 16.972086738101286, 52.505191854377166 ], [ 16.972116290577411, 52.505148648499649 ], [ 16.972158071324706, 52.505137582140996 ], [ 16.97221331336598, 52.50513187329328 ], [ 16.972278515860978, 52.50515313828592 ], [ 16.972441860043514, 52.505242193812066 ], [ 16.972536473906835, 52.505328991831824 ], [ 16.972563223082144, 52.505359491375422 ], [ 16.972598930905853, 52.505400308053353 ], [ 16.972713642486237, 52.505444367488849 ], [ 16.972854392882695, 52.505435086884106 ], [ 16.973056763900718, 52.505403206868692 ], [ 16.973322674424807, 52.505297402337639 ], [ 16.973466529102229, 52.505204616798693 ], [ 16.973619009734403, 52.505106942021357 ], [ 16.973690228920912, 52.50498781774926 ], [ 16.973678567565816, 52.504888860172464 ], [ 16.973672398423716, 52.504837127000805 ], [ 16.973581934392783, 52.504660097828143 ], [ 16.973566654945756, 52.504556491141464 ], [ 16.973557748679163, 52.504496975940903 ], [ 16.973550673810198, 52.504448914921539 ], [ 16.973558508740194, 52.504278606427256 ], [ 16.973564086874241, 52.503977931299822 ], [ 16.973606451925672, 52.503489544870511 ], [ 16.973623916324915, 52.50345593538038 ], [ 16.973507712938272, 52.503409152926686 ], [ 16.973413325651777, 52.503365532357044 ], [ 16.973348119502486, 52.50334759581299 ], [ 16.973260176631619, 52.503285647130284 ], [ 16.973093100036166, 52.50321055988681 ], [ 16.972825593057259, 52.503162353375231 ], [ 16.972700552476386, 52.50312828057946 ], [ 16.972534771549103, 52.503066706251879 ], [ 16.972518301732634, 52.503081894234448 ], [ 16.972470657734988, 52.503098706535496 ], [ 16.972399434089496, 52.503121860406935 ], [ 16.972367224952919, 52.503187596616819 ], [ 16.972444847993724, 52.503243162995837 ], [ 16.972526566921335, 52.503321825037084 ], [ 16.972605669479691, 52.503454138392968 ], [ 16.972635916864377, 52.503514289272609 ], [ 16.972572749798182, 52.50354171872555 ], [ 16.972527430361573, 52.503572062403755 ], [ 16.972472993922445, 52.503630761861416 ], [ 16.972380131514065, 52.503726938659476 ], [ 16.972328495408185, 52.503756814217212 ], [ 16.972300246430493, 52.503813354116886 ], [ 16.972316810935315, 52.503853752813335 ], [ 16.972360552190107, 52.503870512508264 ], [ 16.972371955426908, 52.503891754725537 ], [ 16.972369374810047, 52.503922201306729 ], [ 16.972337420680272, 52.503991989329364 ], [ 16.972253518719604, 52.50414003707872 ], [ 16.972205543987194, 52.504224840823944 ], [ 16.972188140105278, 52.504305131774615 ], [ 16.972185762615116, 52.50441761021645 ], [ 16.972180971575355, 52.504521682546589 ], [ 16.972188084562745, 52.504604102690067 ], [ 16.972167006079925, 52.504645744925526 ], [ 16.972155265028764, 52.504660654147294 ], [ 16.97210112716661, 52.504700020724599 ], [ 16.972023251660243, 52.504717124086945 ], [ 16.971918673085501, 52.504718749045139 ], [ 16.971797224296321, 52.504725031552198 ], [ 16.971760289232844, 52.504733302675902 ] ] ] ] } },
{ "type": "Feature", "properties": { "gml_id": "OT_ADJA_A.20", "lokalnyId": "322BD60C-5C60-598B-E053-CC2BA8C05138", "przestrzen": "PL.PZGiK.308.BDOT10k", "wersjaId": "2022-01-20T00:00:00", "czyObiektB": 0, "x_kod": "ADJA05", "x_skrKarto": null, "x_katDoklG": "Dok", "x_doklGeom": 1, "x_doklGe_1": "m", "x_zrodloDa": "PRG", "x_zrodlo_1": "PRG", "x_katIstni": null, "x_rodzajRe": "ZP", "x_aktualno": "2022-01-20", "x_aktual_1": "2022-01-20", "poczatekWe": "2022-01-20T00:00:00", "x_dataUtwo": "2012-11-13", "x_kodKarto": "0010_505", "x_kodKar_1": "0025_505", "x_kodKar_2": "0050_505", "x_kodKar_3": "0100_505", "x_kodKar_4": null, "x_kodKar_5": null, "x_kodKar_6": null, "nazwa": "Czerwonak", "idPRG": 1030210420, "idTerytJed": 3021, "idTerytTer": 3021042, "rodzaj": "GW", "PRG|BT_Ref": 1030210420, "PRG|BT_R_1": "PL.PZGiK.200", "x_informDo": null }, "geometry": { "type": "MultiPolygon", "coordinates": [ [ [ [ 16.976549788479559, 52.50528168129204 ], [ 16.97658428789828, 52.505246204129612 ], [ 16.976644793484532, 52.504798601721774 ], [ 16.975872298395014, 52.504759932161043 ], [ 16.975587742470108, 52.504744520716699 ], [ 16.975540239514082, 52.505153868143019 ], [ 16.975529080759593, 52.50523982096945 ], [ 16.975808979465754, 52.505252547703705 ], [ 16.97629827221316, 52.505314975118303 ], [ 16.976423135856923, 52.505324216649313 ], [ 16.976515141722601, 52.505317155924317 ], [ 16.976549788479559, 52.50528168129204 ] ] ] ] } },
{ "type": "Feature", "properties": { "gml_id": "OT_ADJA_A.20", "lokalnyId": "322BD60C-5C60-598B-E053-CC2BA8C05138", "przestrzen": "PL.PZGiK.308.BDOT10k", "wersjaId": "2022-01-20T00:00:00", "czyObiektB": 0, "x_kod": "ADJA05", "x_skrKarto": null, "x_katDoklG": "Dok", "x_doklGeom": 1, "x_doklGe_1": "m", "x_zrodloDa": "PRG", "x_zrodlo_1": "PRG", "x_katIstni": null, "x_rodzajRe": "ZP", "x_aktualno": "2022-01-20", "x_aktual_1": "2022-01-20", "poczatekWe": "2022-01-20T00:00:00", "x_dataUtwo": "2012-11-13", "x_kodKarto": "0010_505", "x_kodKar_1": "0025_505", "x_kodKar_2": "0050_505", "x_kodKar_3": "0100_505", "x_kodKar_4": null, "x_kodKar_5": null, "x_kodKar_6": null, "nazwa": "Czerwonak", "idPRG": 1030210420, "idTerytJed": 3021, "idTerytTer": 3021042, "rodzaj": "GW", "PRG|BT_Ref": 1030210420, "PRG|BT_R_1": "PL.PZGiK.200", "x_informDo": null }, "geometry": { "type": "MultiPolygon", "coordinates": [ [ [ [ 16.968130953876841, 52.50500174137445 ], [ 16.967946137605377, 52.504991731048321 ], [ 16.968025327854793, 52.505425449521319 ], [ 16.968043319625178, 52.505313419200668 ], [ 16.968082984803171, 52.505150133616318 ], [ 16.968130953876841, 52.50500174137445 ] ] ] ] } },
{ "type": "Feature", "properties": { "gml_id": "OT_ADJA_A.20", "lokalnyId": "322BD60C-5C60-598B-E053-CC2BA8C05138", "przestrzen": "PL.PZGiK.308.BDOT10k", "wersjaId": "2022-01-20T00:00:00", "czyObiektB": 0, "x_kod": "ADJA05", "x_skrKarto": null, "x_katDoklG": "Dok", "x_doklGeom": 1, "x_doklGe_1": "m", "x_zrodloDa": "PRG", "x_zrodlo_1": "PRG", "x_katIstni": null, "x_rodzajRe": "ZP", "x_aktualno": "2022-01-20", "x_aktual_1": "2022-01-20", "poczatekWe": "2022-01-20T00:00:00", "x_dataUtwo": "2012-11-13", "x_kodKarto": "0010_505", "x_kodKar_1": "0025_505", "x_kodKar_2": "0050_505", "x_kodKar_3": "0100_505", "x_kodKar_4": null, "x_kodKar_5": null, "x_kodKar_6": null, "nazwa": "Czerwonak", "idPRG": 1030210420, "idTerytJed": 3021, "idTerytTer": 3021042, "rodzaj": "GW", "PRG|BT_Ref": 1030210420, "PRG|BT_R_1": "PL.PZGiK.200", "x_informDo": null }, "geometry": { "type": "MultiPolygon", "coordinates": [ [ [ [ 16.973235900103596, 52.506696333860866 ], [ 16.973240876159554, 52.506344740581504 ], [ 16.973235605530657, 52.506696328813966 ], [ 16.973235900103596, 52.506696333860866 ] ] ] ] } },
{ "type": "Feature", "properties": { "gml_id": "OT_ADJA_A.20", "lokalnyId": "322BD60C-5C60-598B-E053-CC2BA8C05138", "przestrzen": "PL.PZGiK.308.BDOT10k", "wersjaId": "2022-01-20T00:00:00", "czyObiektB": 0, "x_kod": "ADJA05", "x_skrKarto": null, "x_katDoklG": "Dok", "x_doklGeom": 1, "x_doklGe_1": "m", "x_zrodloDa": "PRG", "x_zrodlo_1": "PRG", "x_katIstni": null, "x_rodzajRe": "ZP", "x_aktualno": "2022-01-20", "x_aktual_1": "2022-01-20", "poczatekWe": "2022-01-20T00:00:00", "x_dataUtwo": "2012-11-13", "x_kodKarto": "0010_505", "x_kodKar_1": "0025_505", "x_kodKar_2": "0050_505", "x_kodKar_3": "0100_505", "x_kodKar_4": null, "x_kodKar_5": null, "x_kodKar_6": null, "nazwa": "Czerwonak", "idPRG": 1030210420, "idTerytJed": 3021, "idTerytTer": 3021042, "rodzaj": "GW", "PRG|BT_Ref": 1030210420, "PRG|BT_R_1": "PL.PZGiK.200", "x_informDo": null }, "geometry": { "type": "MultiPolygon", "coordinates": [ [ [ [ 16.970937870031641, 52.509157365291884 ], [ 16.970967144392606, 52.509353853972279 ], [ 16.97106846514102, 52.509359189486098 ], [ 16.971215460497362, 52.509371424370727 ], [ 16.971482220803171, 52.509398214907868 ], [ 16.971722182943441, 52.509414741556881 ], [ 16.971898349569351, 52.509446543724358 ], [ 16.971956916011841, 52.509455192945431 ], [ 16.971906087429186, 52.509390551736708 ], [ 16.971870297212007, 52.509322660533812 ], [ 16.97185515278354, 52.509286603445794 ], [ 16.971838405652825, 52.509240535167152 ], [ 16.971832774030222, 52.509157960570626 ], [ 16.971840076312507, 52.509066613382409 ], [ 16.971851579635494, 52.508922451528868 ], [ 16.971861057376621, 52.508825475202485 ], [ 16.971877032317501, 52.508744260405805 ], [ 16.971909513973976, 52.508659910748776 ], [ 16.971857454204045, 52.508596417660804 ], [ 16.971829085615941, 52.508585048152511 ], [ 16.971793450773561, 52.508581019356996 ], [ 16.971758858426998, 52.508586362533109 ], [ 16.971708798633578, 52.508594678463005 ], [ 16.971652185152998, 52.50860126302193 ], [ 16.97159837607359, 52.508604567735397 ], [ 16.971544608379375, 52.508606973700502 ], [ 16.971495355699986, 52.50859776442551 ], [ 16.971449396608335, 52.508581056365522 ], [ 16.97139709847934, 52.508551557570989 ], [ 16.971387627955867, 52.508549146584272 ], [ 16.971358973104028, 52.508575997980586 ], [ 16.9712999338673, 52.50859684176708 ], [ 16.971171963796852, 52.508597255495417 ], [ 16.971065648497476, 52.50856278268985 ], [ 16.970998029146081, 52.508501091047059 ], [ 16.970918272298146, 52.508443688347128 ], [ 16.970802611327638, 52.508471295811326 ], [ 16.970707768743569, 52.508482171044342 ], [ 16.970626508906815, 52.508502183604257 ], [ 16.970584971141911, 52.508533490868068 ], [ 16.970732895023826, 52.508682276334611 ], [ 16.970785453680168, 52.508773301154676 ], [ 16.970876517237219, 52.508985240685433 ], [ 16.970937870031641, 52.509157365291884 ] ] ] ] } },
{ "type": "Feature", "properties": { "gml_id": "OT_ADJA_A.20", "lokalnyId": "322BD60C-5C60-598B-E053-CC2BA8C05138", "przestrzen": "PL.PZGiK.308.BDOT10k", "wersjaId": "2022-01-20T00:00:00", "czyObiektB": 0, "x_kod": "ADJA05", "x_skrKarto": null, "x_katDoklG": "Dok", "x_doklGeom": 1, "x_doklGe_1": "m", "x_zrodloDa": "PRG", "x_zrodlo_1": "PRG", "x_katIstni": null, "x_rodzajRe": "ZP", "x_aktualno": "2022-01-20", "x_aktual_1": "2022-01-20", "poczatekWe": "2022-01-20T00:00:00", "x_dataUtwo": "2012-11-13", "x_kodKarto": "0010_505", "x_kodKar_1": "0025_505", "x_kodKar_2": "0050_505", "x_kodKar_3": "0100_505", "x_kodKar_4": null, "x_kodKar_5": null, "x_kodKar_6": null, "nazwa": "Czerwonak", "idPRG": 1030210420, "idTerytJed": 3021, "idTerytTer": 3021042, "rodzaj": "GW", "PRG|BT_Ref": 1030210420, "PRG|BT_R_1": "PL.PZGiK.200", "x_informDo": null }, "geometry": { "type": "MultiPolygon", "coordinates": [ [ [ [ 16.973716536514441, 52.509584103321053 ], [ 16.973801974859096, 52.509665526314599 ], [ 16.973835120599965, 52.509742905604057 ], [ 16.973864578881447, 52.509788291853383 ], [ 16.973944859900804, 52.509866478390698 ], [ 16.974204994490119, 52.510027794393913 ], [ 16.97428071226458, 52.510093040659797 ], [ 16.974231327971211, 52.510202015779861 ], [ 16.974316763832025, 52.510232260602272 ], [ 16.974408547154475, 52.510268730190042 ], [ 16.974617852072885, 52.510330147349592 ], [ 16.974649102855086, 52.510067328427652 ], [ 16.97462860294533, 52.509714939406024 ], [ 16.974693263425443, 52.509677640631566 ], [ 16.974825386430535, 52.50965750663979 ], [ 16.974948817306874, 52.509595579965215 ], [ 16.97500276261492, 52.50923987822312 ], [ 16.974800932058958, 52.509239838332398 ], [ 16.974783718489061, 52.509063464095981 ], [ 16.974795153449264, 52.508935239924845 ], [ 16.974921621157772, 52.508721944867141 ], [ 16.973953894650574, 52.508673535090317 ], [ 16.97373415633394, 52.508919184358767 ], [ 16.973388125981362, 52.509356137835972 ], [ 16.973430774948852, 52.509409575241371 ], [ 16.973517093263236, 52.509471855597425 ], [ 16.973624621448106, 52.509528113222707 ], [ 16.973716536514441, 52.509584103321053 ] ] ] ] } },
{ "type": "Feature", "properties": { "gml_id": "OT_ADJA_A.20", "lokalnyId": "322BD60C-5C60-598B-E053-CC2BA8C05138", "przestrzen": "PL.PZGiK.308.BDOT10k", "wersjaId": "2022-01-20T00:00:00", "czyObiektB": 0, "x_kod": "ADJA05", "x_skrKarto": null, "x_katDoklG": "Dok", "x_doklGeom": 1, "x_doklGe_1": "m", "x_zrodloDa": "PRG", "x_zrodlo_1": "PRG", "x_katIstni": null, "x_rodzajRe": "ZP", "x_aktualno": "2022-01-20", "x_aktual_1": "2022-01-20", "poczatekWe": "2022-01-20T00:00:00", "x_dataUtwo": "2012-11-13", "x_kodKarto": "0010_505", "x_kodKar_1": "0025_505", "x_kodKar_2": "0050_505", "x_kodKar_3": "0100_505", "x_kodKar_4": null, "x_kodKar_5": null, "x_kodKar_6": null, "nazwa": "Czerwonak", "idPRG": 1030210420, "idTerytJed": 3021, "idTerytTer": 3021042, "rodzaj": "GW", "PRG|BT_Ref": 1030210420, "PRG|BT_R_1": "PL.PZGiK.200", "x_informDo": null }, "geometry": { "type": "MultiPolygon", "coordinates": [ [ [ [ 16.986148887675533, 52.511291430158131 ], [ 16.986268828671758, 52.511295900310571 ], [ 16.98643483572301, 52.511295577946136 ], [ 16.986709396309532, 52.511300520622783 ], [ 16.986713661832145, 52.511389822350772 ], [ 16.987109546071352, 52.511393179442756 ], [ 16.987162775514665, 52.511198076204245 ], [ 16.987649968254104, 52.511232350192792 ], [ 16.987707596076039, 52.511038411255875 ], [ 16.987576729529323, 52.511024671766151 ], [ 16.987219354292307, 52.510993227993232 ], [ 16.986954189444923, 52.510969828145214 ], [ 16.986851803705839, 52.510894152653698 ], [ 16.986720430218448, 52.510765726808657 ], [ 16.98671655155357, 52.510699012956565 ], [ 16.986716570425518, 52.510685701697462 ], [ 16.986718361491395, 52.510517538560251 ], [ 16.986659031660682, 52.510519047262314 ], [ 16.986601752324226, 52.510517622709727 ], [ 16.985981545988256, 52.510556984073474 ], [ 16.985734009312903, 52.509687336816732 ], [ 16.985716127998923, 52.509633516188103 ], [ 16.984066164671049, 52.509887472697464 ], [ 16.983195766136756, 52.510017805485909 ], [ 16.983216126059492, 52.510094694219383 ], [ 16.983510646735652, 52.510880511386468 ], [ 16.984001688658982, 52.510854791887333 ], [ 16.984427399542714, 52.510803852525868 ], [ 16.984700845724557, 52.51088784092024 ], [ 16.985294453921515, 52.511198001968431 ], [ 16.98529671959351, 52.511203257254408 ], [ 16.985706403935737, 52.51129325103593 ], [ 16.98575316063874, 52.511292697991898 ], [ 16.985797257666331, 52.511292279532206 ], [ 16.985841501996507, 52.511291863564004 ], [ 16.985887955871011, 52.511291485197106 ], [ 16.985888012745153, 52.511293464913891 ], [ 16.986050235108355, 52.511292089280289 ], [ 16.986101848698524, 52.511291708724023 ], [ 16.986148887675533, 52.511291430158131 ] ], [ [ 16.984421988877425, 52.509923576702235 ], [ 16.984424994988036, 52.509928754679372 ], [ 16.984426453302717, 52.509938763215743 ], [ 16.984423263881542, 52.509947253474699 ], [ 16.984423279788423, 52.509966231750923 ], [ 16.984416991429903, 52.509981235060842 ], [ 16.984409444747126, 52.509988301933838 ], [ 16.984373911556879, 52.510010991795035 ], [ 16.984339425873937, 52.510033339721041 ], [ 16.984326608541451, 52.510042835193261 ], [ 16.984314990160122, 52.510051901376897 ], [ 16.984286408706275, 52.510074080058274 ], [ 16.984268144620309, 52.510086630727812 ], [ 16.984251956627226, 52.510092471033047 ], [ 16.984231334001116, 52.510095357591936 ], [ 16.984212631955511, 52.510091711022802 ], [ 16.984192630493382, 52.510081026743009 ], [ 16.984171240713771, 52.510058806079158 ], [ 16.984149932433997, 52.510038025890481 ], [ 16.984118036050543, 52.510029567372108 ], [ 16.984045843190255, 52.510012597107149 ], [ 16.983995454675302, 52.509995908432593 ], [ 16.983975235261909, 52.509989987388415 ], [ 16.983970956998096, 52.509983618458989 ], [ 16.983971147057311, 52.50997624635886 ], [ 16.983989024456658, 52.509972143801946 ], [ 16.98419699638697, 52.509946995892101 ], [ 16.984216782935466, 52.509949491682605 ], [ 16.984256256525867, 52.509959878147427 ], [ 16.984279857175071, 52.509959560735425 ], [ 16.984292738735888, 52.50995510317928 ], [ 16.984302200309859, 52.50994806894105 ], [ 16.984314882661316, 52.509938301342146 ], [ 16.984331774956736, 52.509929954620574 ], [ 16.98434884588691, 52.50992736730214 ], [ 16.984383937343278, 52.509920769746806 ], [ 16.98440157689388, 52.50991864182479 ], [ 16.984411445877139, 52.50991880997163 ], [ 16.984421988877425, 52.509923576702235 ] ] ] ] } },
{ "type": "Feature", "properties": { "gml_id": "OT_ADJA_A.20", "lokalnyId": "322BD60C-5C60-598B-E053-CC2BA8C05138", "przestrzen": "PL.PZGiK.308.BDOT10k", "wersjaId": "2022-01-20T00:00:00", "czyObiektB": 0, "x_kod": "ADJA05", "x_skrKarto": null, "x_katDoklG": "Dok", "x_doklGeom": 1, "x_doklGe_1": "m", "x_zrodloDa": "PRG", "x_zrodlo_1": "PRG", "x_katIstni": null, "x_rodzajRe": "ZP", "x_aktualno": "2022-01-20", "x_aktual_1": "2022-01-20", "poczatekWe": "2022-01-20T00:00:00", "x_dataUtwo": "2012-11-13", "x_kodKarto": "0010_505", "x_kodKar_1": "0025_505", "x_kodKar_2": "0050_505", "x_kodKar_3": "0100_505", "x_kodKar_4": null, "x_kodKar_5": null, "x_kodKar_6": null, "nazwa": "Czerwonak", "idPRG": 1030210420, "idTerytJed": 3021, "idTerytTer": 3021042, "rodzaj": "GW", "PRG|BT_Ref": 1030210420, "PRG|BT_R_1": "PL.PZGiK.200", "x_informDo": null }, "geometry": { "type": "MultiPolygon", "coordinates": [ [ [ [ 16.974199839470828, 52.51360726854913 ], [ 16.974530619773709, 52.513550511643238 ], [ 16.97475034726806, 52.513680553677418 ], [ 16.974923258484583, 52.513527102322321 ], [ 16.975088040782317, 52.513358041346116 ], [ 16.975229600681892, 52.513230808836305 ], [ 16.97503292142305, 52.51316210094911 ], [ 16.974756930927203, 52.5130694120868 ], [ 16.974725865845155, 52.513058896577704 ], [ 16.9743058027648, 52.51290941441232 ], [ 16.974150387077, 52.512842803487779 ], [ 16.974003860472148, 52.512868176657136 ], [ 16.973916622043554, 52.512883412075681 ], [ 16.973607194771066, 52.512937564865375 ], [ 16.973159701911193, 52.513015794836207 ], [ 16.973192140378263, 52.513086146564909 ], [ 16.973255995830048, 52.513191394843425 ], [ 16.973333096002495, 52.513290753838128 ], [ 16.97343998631537, 52.5134059134461 ], [ 16.973530737667538, 52.513480951638151 ], [ 16.973847534358825, 52.513571104279961 ], [ 16.973913602385736, 52.513589864663217 ], [ 16.974053057033071, 52.513606104154036 ], [ 16.974199839470828, 52.51360726854913 ] ] ] ] } },
{ "type": "Feature", "properties": { "gml_id": "OT_ADJA_A.20", "lokalnyId": "322BD60C-5C60-598B-E053-CC2BA8C05138", "przestrzen": "PL.PZGiK.308.BDOT10k", "wersjaId": "2022-01-20T00:00:00", "czyObiektB": 0, "x_kod": "ADJA05", "x_skrKarto": null, "x_katDoklG": "Dok", "x_doklGeom": 1, "x_doklGe_1": "m", "x_zrodloDa": "PRG", "x_zrodlo_1": "PRG", "x_katIstni": null, "x_rodzajRe": "ZP", "x_aktualno": "2022-01-20", "x_aktual_1": "2022-01-20", "poczatekWe": "2022-01-20T00:00:00", "x_dataUtwo": "2012-11-13", "x_kodKarto": "0010_505", "x_kodKar_1": "0025_505", "x_kodKar_2": "0050_505", "x_kodKar_3": "0100_505", "x_kodKar_4": null, "x_kodKar_5": null, "x_kodKar_6": null, "nazwa": "Czerwonak", "idPRG": 1030210420, "idTerytJed": 3021, "idTerytTer": 3021042, "rodzaj": "GW", "PRG|BT_Ref": 1030210420, "PRG|BT_R_1": "PL.PZGiK.200", "x_informDo": null }, "geometry": { "type": "MultiPolygon", "coordinates": [ [ [ [ 16.976931384700006, 52.511847861180058 ], [ 16.976143840789359, 52.511947899270588 ], [ 16.975953796684077, 52.511940455702216 ], [ 16.975929797248465, 52.512034270520608 ], [ 16.975808882824605, 52.512336389758794 ], [ 16.975664824638834, 52.512532609426927 ], [ 16.975466503197456, 52.512764327337116 ], [ 16.975195721488618, 52.513020078813376 ], [ 16.97503292142305, 52.51316210094911 ], [ 16.975229600681892, 52.513230808836305 ], [ 16.975088040782317, 52.513358041346116 ], [ 16.974923258484583, 52.513527102322321 ], [ 16.97475034726806, 52.513680553677418 ], [ 16.975362749215435, 52.513879466863962 ], [ 16.97554771378141, 52.513948020887781 ], [ 16.975736492353896, 52.514026623575219 ], [ 16.97599651385455, 52.514114090001726 ], [ 16.976247006565103, 52.514200403471243 ], [ 16.976313748442593, 52.514217375160655 ], [ 16.976479044816511, 52.514229556645482 ], [ 16.976590905513206, 52.514227152615064 ], [ 16.976809336289257, 52.514388828572585 ], [ 16.977304149075295, 52.514574027933008 ], [ 16.977805215187505, 52.514716249291688 ], [ 16.978074886029294, 52.514792813005805 ], [ 16.978579522262468, 52.515030791591236 ], [ 16.978904457420271, 52.515204266994125 ], [ 16.979078053859098, 52.515360135887384 ], [ 16.97923049783622, 52.515440450738666 ], [ 16.979293441613731, 52.515501697821151 ], [ 16.979233571176916, 52.515553381890456 ], [ 16.979104796412614, 52.515583741670909 ], [ 16.978960704727399, 52.515591263921387 ], [ 16.978801705334146, 52.515653756406721 ], [ 16.978683201694128, 52.515726924264058 ], [ 16.978617596248949, 52.515813587873431 ], [ 16.978605781666396, 52.515891096897349 ], [ 16.978624321549201, 52.516026778117364 ], [ 16.978621334374264, 52.516091845922432 ], [ 16.978587446748744, 52.516113842650213 ], [ 16.978511995093232, 52.516145202813973 ], [ 16.978446064078238, 52.516149023121066 ], [ 16.978381409637237, 52.516035129612945 ], [ 16.978347651439588, 52.515964397087878 ], [ 16.978201042943972, 52.515936797581176 ], [ 16.978213662966052, 52.515841763440854 ], [ 16.97826841164672, 52.515586990632819 ], [ 16.978210109888362, 52.515514579429933 ], [ 16.977888415587877, 52.515363643310735 ], [ 16.97756883183413, 52.515231000842661 ], [ 16.977323821886134, 52.51517599426991 ], [ 16.976828028614925, 52.515098620177888 ], [ 16.976584307625174, 52.515038057624587 ], [ 16.976498642353643, 52.515156936436483 ], [ 16.975987665477174, 52.515031449322763 ], [ 16.975801789477359, 52.514985815958802 ], [ 16.975865625712554, 52.514912075422785 ], [ 16.975476232410657, 52.514806924691484 ], [ 16.974641904309816, 52.514608710262117 ], [ 16.974558288063228, 52.514580385716215 ], [ 16.97452180446864, 52.51456905784957 ], [ 16.974418765046686, 52.514511079167562 ], [ 16.974170899279699, 52.514351682945112 ], [ 16.9739811612998, 52.514325661833574 ], [ 16.973898324846409, 52.514521055301159 ], [ 16.973860539166488, 52.514723859787743 ], [ 16.973850980619201, 52.514935798004849 ], [ 16.973868944573514, 52.515147322494194 ], [ 16.97390499022298, 52.515327051682114 ], [ 16.974092165166933, 52.515309939072637 ], [ 16.974611002535344, 52.515264496951943 ], [ 16.974712102505347, 52.515255704374596 ], [ 16.974939704551073, 52.515259600488406 ], [ 16.975258936971624, 52.515309946064285 ], [ 16.975429664552664, 52.515438158735421 ], [ 16.975491991248177, 52.515586462341844 ], [ 16.97547217295952, 52.515623089858913 ], [ 16.975292997370222, 52.51584209334434 ], [ 16.975224086958299, 52.515955591574311 ], [ 16.975037273602521, 52.516154676457305 ], [ 16.974759569649233, 52.51646103645507 ], [ 16.974709557380926, 52.516516214927712 ], [ 16.974676461202453, 52.516556212738806 ], [ 16.974749437763148, 52.516565916674026 ], [ 16.975333237834437, 52.516637430176196 ], [ 16.97607343461183, 52.516725737491456 ], [ 16.976122408237533, 52.51673161210617 ], [ 16.976474951278721, 52.516772810276699 ], [ 16.976820983991448, 52.51681452566072 ], [ 16.977199255868033, 52.516857330908117 ], [ 16.977979697176806, 52.516952340510386 ], [ 16.978445582725762, 52.517007252429174 ], [ 16.978748038070918, 52.517044439912112 ], [ 16.980264282044342, 52.517224407204758 ], [ 16.980233270691674, 52.517151563516926 ], [ 16.979755016032282, 52.514644507506944 ], [ 16.979633683478252, 52.514011484223452 ], [ 16.979421060920178, 52.513199353739779 ], [ 16.979383134388321, 52.513068468237414 ], [ 16.979374152534035, 52.513045739088881 ], [ 16.979365293253117, 52.513023551692186 ], [ 16.979348247243468, 52.513009499236951 ], [ 16.979361593888548, 52.513001362483465 ], [ 16.979367535700341, 52.513000384651789 ], [ 16.979436974943525, 52.512932854064175 ], [ 16.977397440713851, 52.511788732560994 ], [ 16.976931384700006, 52.511847861180058 ] ], [ [ 16.978665887397646, 52.513733937484311 ], [ 16.978592478230688, 52.513698414849074 ], [ 16.978511506850648, 52.513663842268883 ], [ 16.978289602257963, 52.513558504474439 ], [ 16.978271551636357, 52.513550281003774 ], [ 16.97821363625475, 52.513437401927035 ], [ 16.977867209025629, 52.513286042914565 ], [ 16.977594922950658, 52.513183170518388 ], [ 16.977503556074392, 52.513137446450031 ], [ 16.977331488387559, 52.513051307220685 ], [ 16.977092159847967, 52.512982006284432 ], [ 16.977037698976609, 52.512915956139317 ], [ 16.977027908358561, 52.512772868945184 ], [ 16.977032423097882, 52.512719519873187 ], [ 16.977045444228061, 52.512567648542706 ], [ 16.977071132892217, 52.512457727474271 ], [ 16.977105707857707, 52.512420722418064 ], [ 16.977229086829492, 52.512417795223556 ], [ 16.977338362450876, 52.512452312981615 ], [ 16.977418375616324, 52.512501260926349 ], [ 16.977606513555234, 52.512609800803247 ], [ 16.977928912072038, 52.512748157886925 ], [ 16.978452702843061, 52.51306291636562 ], [ 16.978711314093108, 52.513245332748539 ], [ 16.978755333720226, 52.51330445796993 ], [ 16.978792691012277, 52.513354564973206 ], [ 16.978833514659087, 52.513447993857262 ], [ 16.978783380418719, 52.513557407674803 ], [ 16.978741574880942, 52.513662016893996 ], [ 16.978705787583642, 52.513702959205681 ], [ 16.978665887397646, 52.513733937484311 ] ] ] ] } },
{ "type": "Feature", "properties": { "gml_id": "OT_ADJA_A.20", "lokalnyId": "322BD60C-5C60-598B-E053-CC2BA8C05138", "przestrzen": "PL.PZGiK.308.BDOT10k", "wersjaId": "2022-01-20T00:00:00", "czyObiektB": 0, "x_kod": "ADJA05", "x_skrKarto": null, "x_katDoklG": "Dok", "x_doklGeom": 1, "x_doklGe_1": "m", "x_zrodloDa": "PRG", "x_zrodlo_1": "PRG", "x_katIstni": null, "x_rodzajRe": "ZP", "x_aktualno": "2022-01-20", "x_aktual_1": "2022-01-20", "poczatekWe": "2022-01-20T00:00:00", "x_dataUtwo": "2012-11-13", "x_kodKarto": "0010_505", "x_kodKar_1": "0025_505", "x_kodKar_2": "0050_505", "x_kodKar_3": "0100_505", "x_kodKar_4": null, "x_kodKar_5": null, "x_kodKar_6": null, "nazwa": "Czerwonak", "idPRG": 1030210420, "idTerytJed": 3021, "idTerytTer": 3021042, "rodzaj": "GW", "PRG|BT_Ref": 1030210420, "PRG|BT_R_1": "PL.PZGiK.200", "x_informDo": null }, "geometry": { "type": "MultiPolygon", "coordinates": [ [ [ [ 16.985543077886991, 52.515804623690023 ], [ 16.985524377782092, 52.515949113598069 ], [ 16.98550511775823, 52.516089726415437 ], [ 16.985484612541313, 52.516234995063506 ], [ 16.985466509527814, 52.516379315236762 ], [ 16.985453323897822, 52.516474160517539 ], [ 16.98587526023125, 52.516506888318929 ], [ 16.985939500943285, 52.516249935366638 ], [ 16.985949329417092, 52.516196226800346 ], [ 16.985964148247724, 52.516152676808858 ], [ 16.985963240169827, 52.51609194979261 ], [ 16.985958057030103, 52.516005426285922 ], [ 16.985962705834631, 52.515907017786176 ], [ 16.985969702933026, 52.515850742609963 ], [ 16.985970840305754, 52.515832323646691 ], [ 16.985968901725979, 52.515787678891002 ], [ 16.985978915639564, 52.515707350332661 ], [ 16.986005532513119, 52.515621817887464 ], [ 16.985572208351844, 52.515586827896023 ], [ 16.985562494589828, 52.515657357743585 ], [ 16.985543077886991, 52.515804623690023 ] ] ] ] } },
{ "type": "Feature", "properties": { "gml_id": "OT_ADJA_A.20", "lokalnyId": "322BD60C-5C60-598B-E053-CC2BA8C05138", "przestrzen": "PL.PZGiK.308.BDOT10k", "wersjaId": "2022-01-20T00:00:00", "czyObiektB": 0, "x_kod": "ADJA05", "x_skrKarto": null, "x_katDoklG": "Dok", "x_doklGeom": 1, "x_doklGe_1": "m", "x_zrodloDa": "PRG", "x_zrodlo_1": "PRG", "x_katIstni": null, "x_rodzajRe": "ZP", "x_aktualno": "2022-01-20", "x_aktual_1": "2022-01-20", "poczatekWe": "2022-01-20T00:00:00", "x_dataUtwo": "2012-11-13", "x_kodKarto": "0010_505", "x_kodKar_1": "0025_505", "x_kodKar_2": "0050_505", "x_kodKar_3": "0100_505", "x_kodKar_4": null, "x_kodKar_5": null, "x_kodKar_6": null, "nazwa": "Czerwonak", "idPRG": 1030210420, "idTerytJed": 3021, "idTerytTer": 3021042, "rodzaj": "GW", "PRG|BT_Ref": 1030210420, "PRG|BT_R_1": "PL.PZGiK.200", "x_informDo": null }, "geometry": { "type": "MultiPolygon", "coordinates": [ [ [ [ 16.97207943205083, 52.518946308502464 ], [ 16.971914826244461, 52.519114019251361 ], [ 16.971872368267441, 52.51929632585513 ], [ 16.971928034981755, 52.519403413087815 ], [ 16.972048917434968, 52.519461519801105 ], [ 16.972470924978207, 52.51947711735626 ], [ 16.972899904497392, 52.519488605529226 ], [ 16.973201003574395, 52.519446633857953 ], [ 16.973087803835949, 52.519179991752608 ], [ 16.972826014539795, 52.519021523693219 ], [ 16.97246124335599, 52.5189445776358 ], [ 16.97207943205083, 52.518946308502464 ] ] ] ] } },
{ "type": "Feature", "properties": { "gml_id": "OT_ADJA_A.20", "lokalnyId": "322BD60C-5C60-598B-E053-CC2BA8C05138", "przestrzen": "PL.PZGiK.308.BDOT10k", "wersjaId": "2022-01-20T00:00:00", "czyObiektB": 0, "x_kod": "ADJA05", "x_skrKarto": null, "x_katDoklG": "Dok", "x_doklGeom": 1, "x_doklGe_1": "m", "x_zrodloDa": "PRG", "x_zrodlo_1": "PRG", "x_katIstni": null, "x_rodzajRe": "ZP", "x_aktualno": "2022-01-20", "x_aktual_1": "2022-01-20", "poczatekWe": "2022-01-20T00:00:00", "x_dataUtwo": "2012-11-13", "x_kodKarto": "0010_505", "x_kodKar_1": "0025_505", "x_kodKar_2": "0050_505", "x_kodKar_3": "0100_505", "x_kodKar_4": null, "x_kodKar_5": null, "x_kodKar_6": null, "nazwa": "Czerwonak", "idPRG": 1030210420, "idTerytJed": 3021, "idTerytTer": 3021042, "rodzaj": "GW", "PRG|BT_Ref": 1030210420, "PRG|BT_R_1": "PL.PZGiK.200", "x_informDo": null }, "geometry": { "type": "MultiPolygon", "coordinates": [ [ [ [ 16.97704734741388, 52.521353958998738 ], [ 16.976405838887423, 52.521410535822007 ], [ 16.975773599841531, 52.521473923559924 ], [ 16.975895125882452, 52.521925538396729 ], [ 16.976358234377912, 52.521929682724377 ], [ 16.976560102188326, 52.521936013488528 ], [ 16.976679784402464, 52.521892189291314 ], [ 16.976695363545495, 52.521858007505713 ], [ 16.976763330005273, 52.521813298812191 ], [ 16.976903935345252, 52.521824337707955 ], [ 16.977013594575357, 52.521995395738408 ], [ 16.97693881786639, 52.522088827227719 ], [ 16.976959609569363, 52.522146566441286 ], [ 16.977026364360711, 52.522230905220482 ], [ 16.9770194109926, 52.52227953548612 ], [ 16.976962323475625, 52.522292860319105 ], [ 16.976872903891902, 52.522294209489466 ], [ 16.976801814977613, 52.522307384768872 ], [ 16.976737641482572, 52.52237221565953 ], [ 16.976687872623902, 52.522431626438156 ], [ 16.976698985193089, 52.522497834708012 ], [ 16.976715326255363, 52.522549741493023 ], [ 16.976789038992646, 52.522585360287891 ], [ 16.976905283495849, 52.522613161713707 ], [ 16.977012755081226, 52.52262651207041 ], [ 16.977064074964581, 52.52263602408366 ], [ 16.977152045641258, 52.522666220015154 ], [ 16.977211085642669, 52.522713100393617 ], [ 16.977250804069499, 52.522798595769515 ], [ 16.977172972251957, 52.522894313690713 ], [ 16.97709541391335, 52.522971238133152 ], [ 16.97706010590138, 52.522988713003834 ], [ 16.976955975631459, 52.522998894975039 ], [ 16.976856297294486, 52.523021295298129 ], [ 16.976819745822549, 52.523065821704073 ], [ 16.976820471944151, 52.52315910510027 ], [ 16.976865677463277, 52.523247122894325 ], [ 16.976952444408756, 52.523290699899761 ], [ 16.977010498881306, 52.523317326325312 ], [ 16.977130623015455, 52.523331342613027 ], [ 16.977235099612702, 52.52331684913657 ], [ 16.977399769786473, 52.523272803948409 ], [ 16.977577084770317, 52.523223128378326 ], [ 16.977670428347984, 52.523178133401416 ], [ 16.977755095826975, 52.523161502013629 ], [ 16.97785513613859, 52.523185787574214 ], [ 16.977889349500984, 52.523224238348099 ], [ 16.977897343413513, 52.52323318939159 ], [ 16.977907720858056, 52.523238403561983 ], [ 16.978033771726729, 52.523335267844267 ], [ 16.978060512791892, 52.523391939251788 ], [ 16.977999448046553, 52.523430830395952 ], [ 16.977971764983497, 52.523458869242688 ], [ 16.97795701789542, 52.523490996714884 ], [ 16.977958203384123, 52.523577542202176 ], [ 16.977965289417689, 52.523615889105585 ], [ 16.977978473952987, 52.523685190702231 ], [ 16.978003987155066, 52.523752544358437 ], [ 16.978027019135002, 52.523780820317249 ], [ 16.978051605877649, 52.523810561930212 ], [ 16.978118669725681, 52.523859377813721 ], [ 16.978156049171876, 52.523883491717015 ], [ 16.978310884683303, 52.523957282481163 ], [ 16.978337159060661, 52.523963128017016 ], [ 16.977946529174712, 52.524005021937292 ], [ 16.977698332299823, 52.5239669613321 ], [ 16.977586820493855, 52.523925930044427 ], [ 16.977469745843575, 52.523896855927717 ], [ 16.97735739743219, 52.5238708306116 ], [ 16.977313381903322, 52.523811435264783 ], [ 16.977248766720692, 52.523712562489912 ], [ 16.977177921121758, 52.523646592263866 ], [ 16.977098527852949, 52.523654319113845 ], [ 16.977045984217355, 52.523671409351884 ], [ 16.977024373268158, 52.523711694116749 ], [ 16.977004441047765, 52.523769996195917 ], [ 16.977028165451692, 52.523844155160099 ], [ 16.977061072249573, 52.523933491609931 ], [ 16.977076880268068, 52.52401947763672 ], [ 16.977046297474352, 52.524040001417752 ], [ 16.976874098444679, 52.524080949271799 ], [ 16.976777701839726, 52.52408964436782 ], [ 16.976690306968717, 52.524056489907785 ], [ 16.976601882170772, 52.524048951545353 ], [ 16.976551285003115, 52.524078217170342 ], [ 16.976469115937469, 52.524123852110179 ], [ 16.976563840243674, 52.524465906651095 ], [ 16.976688119167161, 52.524428097268569 ], [ 16.97683556444397, 52.524438083891361 ], [ 16.976918161068514, 52.524466569095054 ], [ 16.977058614705964, 52.524577352005558 ], [ 16.977293140410524, 52.524733275446813 ], [ 16.977513622632198, 52.524873937862417 ], [ 16.977697113121305, 52.524933918276311 ], [ 16.977780127216295, 52.52496618760884 ], [ 16.97785192439645, 52.524972991179489 ], [ 16.977891962789229, 52.524961713040703 ], [ 16.978036681867628, 52.524873793526766 ], [ 16.978187347066307, 52.524839401614301 ], [ 16.978319087850029, 52.524831759006794 ], [ 16.978504268609637, 52.524915961720779 ], [ 16.978533597838876, 52.524951630546326 ], [ 16.978550189960472, 52.525007768649246 ], [ 16.978520926615339, 52.525099100519796 ], [ 16.978476280293975, 52.52517218094949 ], [ 16.978380892485635, 52.525255187548133 ], [ 16.97835564884176, 52.525323202871427 ], [ 16.978441329426655, 52.525576777145773 ], [ 16.978488488406065, 52.525612750611032 ], [ 16.978557648065401, 52.525648110563644 ], [ 16.978569154182185, 52.525689770878252 ], [ 16.978570081612951, 52.525769116471359 ], [ 16.978624100122353, 52.525989680210671 ], [ 16.978646152856768, 52.526260875392047 ], [ 16.978676777147118, 52.526348643298732 ], [ 16.978780415123371, 52.526426415621778 ], [ 16.97883619121696, 52.526560574021666 ], [ 16.978867201662887, 52.526591774314788 ], [ 16.978906792158295, 52.526632025519532 ], [ 16.979057798711899, 52.526673820026581 ], [ 16.978983563759549, 52.526720041944593 ], [ 16.978763669302531, 52.526871347454524 ], [ 16.978611625532427, 52.526961301364075 ], [ 16.978714279666512, 52.527089425003446 ], [ 16.978872709943509, 52.527290725553286 ], [ 16.979074960341258, 52.527546200476145 ], [ 16.979157084885166, 52.527597971223344 ], [ 16.979284088381636, 52.527571628377743 ], [ 16.979491163524742, 52.527468312435644 ], [ 16.980343048695005, 52.527016502362372 ], [ 16.980707754018994, 52.526810551657093 ], [ 16.980889996681015, 52.526708338527484 ], [ 16.981218053326987, 52.526494295593444 ], [ 16.981365326493044, 52.526402098352918 ], [ 16.981477570305088, 52.526321265750958 ], [ 16.981532265874986, 52.526260497965637 ], [ 16.981563034488957, 52.526181243441911 ], [ 16.981575027782878, 52.525919713973678 ], [ 16.981586533193575, 52.525829607495233 ], [ 16.981652469751907, 52.525735932400075 ], [ 16.982221163528902, 52.525332434150727 ], [ 16.982221167648873, 52.525332344278006 ], [ 16.982225315006851, 52.52532872734448 ], [ 16.982282395938491, 52.525276994196581 ], [ 16.98237239060995, 52.52515062996298 ], [ 16.982407045628641, 52.525070182294421 ], [ 16.982443272227179, 52.52500370257615 ], [ 16.982465158395453, 52.524931581737306 ], [ 16.982447746920851, 52.524861039369306 ], [ 16.982285541194713, 52.524597168829366 ], [ 16.982060665529307, 52.524252899476181 ], [ 16.981932580970447, 52.524116519916248 ], [ 16.981673264042087, 52.523944622709266 ], [ 16.981410136757439, 52.52379154793875 ], [ 16.981228954960919, 52.523690868484863 ], [ 16.981026070091414, 52.523600431676584 ], [ 16.980802837094743, 52.523519630925279 ], [ 16.980678946409814, 52.523491253154518 ], [ 16.980553455498075, 52.523475260077277 ], [ 16.980445444916963, 52.523460734502578 ], [ 16.980289512995277, 52.52343972438387 ], [ 16.979964945857684, 52.523407830088928 ], [ 16.97991696361812, 52.523341622275787 ], [ 16.979880066629839, 52.523294131978105 ], [ 16.979854679633821, 52.523256102326286 ], [ 16.979784641065621, 52.523178904578941 ], [ 16.979738460905697, 52.523099146058151 ], [ 16.979734180672935, 52.523073529147482 ], [ 16.97973249029469, 52.523004334082501 ], [ 16.979722237152242, 52.522948214431921 ], [ 16.979722059366626, 52.522907107424054 ], [ 16.979676764409898, 52.522779154514382 ], [ 16.979616557783284, 52.522747995498548 ], [ 16.979530075866176, 52.522749576734732 ], [ 16.979344761924594, 52.522758374393419 ], [ 16.979238407244541, 52.522765642199538 ], [ 16.97919553634269, 52.522784067846885 ], [ 16.979177934397203, 52.522791682194836 ], [ 16.979160576280069, 52.522848589499311 ], [ 16.979182838776254, 52.522900057400051 ], [ 16.979222839959981, 52.522995540591403 ], [ 16.979246246433114, 52.523131304655379 ], [ 16.979249741284256, 52.523199721063207 ], [ 16.979227811959799, 52.523243778388171 ], [ 16.979214906481243, 52.52326793253382 ], [ 16.979204211573279, 52.52334671986447 ], [ 16.979021973583261, 52.523320581724363 ], [ 16.978947748342215, 52.523312118393882 ], [ 16.978898973830429, 52.523311375164496 ], [ 16.978481797608332, 52.523337437073366 ], [ 16.97833256220245, 52.523350447313604 ], [ 16.978305326524499, 52.523259589154421 ], [ 16.978280290516661, 52.523217157942106 ], [ 16.978260125098753, 52.523174630065313 ], [ 16.978186956433536, 52.523050067810914 ], [ 16.978085750175005, 52.522951649515775 ], [ 16.978035783416097, 52.522903035839327 ], [ 16.977886859059208, 52.522816214012806 ], [ 16.977828753867701, 52.522793904415323 ], [ 16.977653101578714, 52.522611645572525 ], [ 16.977435794150171, 52.522530489944671 ], [ 16.97728839135954, 52.522461951800153 ], [ 16.977276261865057, 52.522318375149453 ], [ 16.977206520651265, 52.522199537254252 ], [ 16.97722878832597, 52.522122476956376 ], [ 16.977472723858956, 52.522034815291548 ], [ 16.977736790514125, 52.522019271803529 ], [ 16.977871365019073, 52.52205889830487 ], [ 16.978077424286397, 52.522076720881394 ], [ 16.978268037807862, 52.522125849184171 ], [ 16.978426436194919, 52.522157247609009 ], [ 16.978803851111994, 52.522232592104181 ], [ 16.979002051488994, 52.522322053370544 ], [ 16.979223551771931, 52.522414700491211 ], [ 16.979419787549467, 52.522440987462673 ], [ 16.979629792636452, 52.522372889143121 ], [ 16.97968558812374, 52.522284888229528 ], [ 16.979666764387449, 52.522184190346017 ], [ 16.979527118288033, 52.52194660456037 ], [ 16.979596793852487, 52.521864597074241 ], [ 16.979824471424482, 52.521822613868459 ], [ 16.980087092785634, 52.521838520537848 ], [ 16.980523719084836, 52.521751353955075 ], [ 16.980780460079121, 52.521689717751272 ], [ 16.981047697421136, 52.521617826716039 ], [ 16.981273840302155, 52.52158031170034 ], [ 16.981436082833973, 52.521518230924393 ], [ 16.981491534555758, 52.521415112884554 ], [ 16.981484845176663, 52.52130373921598 ], [ 16.981423265853881, 52.520681901693116 ], [ 16.981252346098341, 52.520627807839922 ], [ 16.981206925094238, 52.520592584628481 ], [ 16.981013589829047, 52.520503210034136 ], [ 16.980769819267074, 52.52048474891501 ], [ 16.980336228298032, 52.520506039876437 ], [ 16.980164326977601, 52.520563367145613 ], [ 16.980064298108264, 52.520590351243079 ], [ 16.980028683944667, 52.520649915115683 ], [ 16.980016095773493, 52.520718596587699 ], [ 16.979986488024771, 52.520852915745429 ], [ 16.979976511243663, 52.520967512762851 ], [ 16.979894028748795, 52.521023398196377 ], [ 16.979774088075239, 52.5210729775565 ], [ 16.979635974724896, 52.521113701881205 ], [ 16.979484971427507, 52.521114001361958 ], [ 16.978598328001176, 52.521197973456935 ], [ 16.97704734741388, 52.521353958998738 ] ] ] ] } },
{ "type": "Feature", "properties": { "gml_id": "OT_ADJA_A.20", "lokalnyId": "322BD60C-5C60-598B-E053-CC2BA8C05138", "przestrzen": "PL.PZGiK.308.BDOT10k", "wersjaId": "2022-01-20T00:00:00", "czyObiektB": 0, "x_kod": "ADJA05", "x_skrKarto": null, "x_katDoklG": "Dok", "x_doklGeom": 1, "x_doklGe_1": "m", "x_zrodloDa": "PRG", "x_zrodlo_1": "PRG", "x_katIstni": null, "x_rodzajRe": "ZP", "x_aktualno": "2022-01-20", "x_aktual_1": "2022-01-20", "poczatekWe": "2022-01-20T00:00:00", "x_dataUtwo": "2012-11-13", "x_kodKarto": "0010_505", "x_kodKar_1": "0025_505", "x_kodKar_2": "0050_505", "x_kodKar_3": "0100_505", "x_kodKar_4": null, "x_kodKar_5": null, "x_kodKar_6": null, "nazwa": "Czerwonak", "idPRG": 1030210420, "idTerytJed": 3021, "idTerytTer": 3021042, "rodzaj": "GW", "PRG|BT_Ref": 1030210420, "PRG|BT_R_1": "PL.PZGiK.200", "x_informDo": null }, "geometry": { "type": "MultiPolygon", "coordinates": [ [ [ [ 16.978053320020685, 52.526119878849101 ], [ 16.978134849136598, 52.526062539278229 ], [ 16.978165740219133, 52.525926173864072 ], [ 16.978120828387866, 52.525671137449294 ], [ 16.978068687318608, 52.525461128867988 ], [ 16.978010331789058, 52.52533825879943 ], [ 16.977966528776079, 52.525325547794566 ], [ 16.977919052417523, 52.525338227875039 ], [ 16.977825840703222, 52.525380257197504 ], [ 16.977787472786883, 52.525409732361027 ], [ 16.977762184011894, 52.525475498215783 ], [ 16.977670665934021, 52.525589780626596 ], [ 16.977601198765186, 52.525760114625719 ], [ 16.977592844818737, 52.525941926597213 ], [ 16.977640902316153, 52.526022527504281 ], [ 16.977746037278184, 52.526096548735786 ], [ 16.977881484013761, 52.526155977488131 ], [ 16.977965179940004, 52.526157407861966 ], [ 16.978053320020685, 52.526119878849101 ] ] ] ] } },
{ "type": "Feature", "properties": { "gml_id": "OT_ADJA_A.20", "lokalnyId": "322BD60C-5C60-598B-E053-CC2BA8C05138", "przestrzen": "PL.PZGiK.308.BDOT10k", "wersjaId": "2022-01-20T00:00:00", "czyObiektB": 0, "x_kod": "ADJA05", "x_skrKarto": null, "x_katDoklG": "Dok", "x_doklGeom": 1, "x_doklGe_1": "m", "x_zrodloDa": "PRG", "x_zrodlo_1": "PRG", "x_katIstni": null, "x_rodzajRe": "ZP", "x_aktualno": "2022-01-20", "x_aktual_1": "2022-01-20", "poczatekWe": "2022-01-20T00:00:00", "x_dataUtwo": "2012-11-13", "x_kodKarto": "0010_505", "x_kodKar_1": "0025_505", "x_kodKar_2": "0050_505", "x_kodKar_3": "0100_505", "x_kodKar_4": null, "x_kodKar_5": null, "x_kodKar_6": null, "nazwa": "Czerwonak", "idPRG": 1030210420, "idTerytJed": 3021, "idTerytTer": 3021042, "rodzaj": "GW", "PRG|BT_Ref": 1030210420, "PRG|BT_R_1": "PL.PZGiK.200", "x_informDo": null }, "geometry": { "type": "MultiPolygon", "coordinates": [ [ [ [ 16.967751892904872, 52.531413460510592 ], [ 16.967835050189077, 52.531401217381294 ], [ 16.96791753715112, 52.531400295512761 ], [ 16.968014144861804, 52.531422551575282 ], [ 16.968154602527392, 52.531466157522594 ], [ 16.968275965009855, 52.531520858194945 ], [ 16.968508932297777, 52.531589257466891 ], [ 16.968651386665048, 52.531596020430349 ], [ 16.968828801922626, 52.531573882038913 ], [ 16.9689096084923, 52.531529488119624 ], [ 16.968950248834513, 52.531463807726269 ], [ 16.969009876442918, 52.531389368979021 ], [ 16.969052197352354, 52.531367159908726 ], [ 16.969099463318184, 52.531317693001832 ], [ 16.969114372276561, 52.531004227403628 ], [ 16.968219909731143, 52.530942910673538 ], [ 16.968223307088422, 52.530923631243439 ], [ 16.967749717011344, 52.530892112881737 ], [ 16.967412155534387, 52.530888293391776 ], [ 16.967121550024579, 52.530862444711843 ], [ 16.967111105709645, 52.530908215625509 ], [ 16.967049645201151, 52.530939269362776 ], [ 16.967005741856248, 52.530995718862528 ], [ 16.967003313007385, 52.531048293856635 ], [ 16.967035295027344, 52.531170086682728 ], [ 16.967080259893205, 52.531333296502964 ], [ 16.967146581377879, 52.531439669397308 ], [ 16.967296283054438, 52.531449166859936 ], [ 16.967430957337005, 52.531458316049665 ], [ 16.967517379767507, 52.531455213485181 ], [ 16.967562642704003, 52.531449155294617 ], [ 16.967660900176927, 52.53143249461899 ], [ 16.967751892904872, 52.531413460510592 ] ] ] ] } },
{ "type": "Feature", "properties": { "gml_id": "OT_ADJA_A.20", "lokalnyId": "322BD60C-5C60-598B-E053-CC2BA8C05138", "przestrzen": "PL.PZGiK.308.BDOT10k", "wersjaId": "2022-01-20T00:00:00", "czyObiektB": 0, "x_kod": "ADJA05", "x_skrKarto": null, "x_katDoklG": "Dok", "x_doklGeom": 1, "x_doklGe_1": "m", "x_zrodloDa": "PRG", "x_zrodlo_1": "PRG", "x_katIstni": null, "x_rodzajRe": "ZP", "x_aktualno": "2022-01-20", "x_aktual_1": "2022-01-20", "poczatekWe": "2022-01-20T00:00:00", "x_dataUtwo": "2012-11-13", "x_kodKarto": "0010_505", "x_kodKar_1": "0025_505", "x_kodKar_2": "0050_505", "x_kodKar_3": "0100_505", "x_kodKar_4": null, "x_kodKar_5": null, "x_kodKar_6": null, "nazwa": "Czerwonak", "idPRG": 1030210420, "idTerytJed": 3021, "idTerytTer": 3021042, "rodzaj": "GW", "PRG|BT_Ref": 1030210420, "PRG|BT_R_1": "PL.PZGiK.200", "x_informDo": null }, "geometry": { "type": "MultiPolygon", "coordinates": [ [ [ [ 16.969898422228258, 52.531681462009544 ], [ 16.969742222230177, 52.531630572479322 ], [ 16.969497153568195, 52.531725304614483 ], [ 16.969383096849889, 52.531751949188518 ], [ 16.969446931318213, 52.532113716388579 ], [ 16.969482810698583, 52.532151208762805 ], [ 16.969528984464606, 52.532170169620741 ], [ 16.969929968393426, 52.532193329579563 ], [ 16.969971630418645, 52.532185409823377 ], [ 16.969983252021134, 52.532150891185502 ], [ 16.969922814176812, 52.531916811797196 ], [ 16.969921213492647, 52.531874780922074 ], [ 16.969931619142177, 52.531847436871431 ], [ 16.969979597757838, 52.531782511638781 ], [ 16.970003979736507, 52.531739937156864 ], [ 16.969996069597055, 52.531706792342518 ], [ 16.969980128018687, 52.531694286585946 ], [ 16.969898422228258, 52.531681462009544 ] ] ] ] } },
{ "type": "Feature", "properties": { "gml_id": "OT_ADJA_A.20", "lokalnyId": "322BD60C-5C60-598B-E053-CC2BA8C05138", "przestrzen": "PL.PZGiK.308.BDOT10k", "wersjaId": "2022-01-20T00:00:00", "czyObiektB": 0, "x_kod": "ADJA05", "x_skrKarto": null, "x_katDoklG": "Dok", "x_doklGeom": 1, "x_doklGe_1": "m", "x_zrodloDa": "PRG", "x_zrodlo_1": "PRG", "x_katIstni": null, "x_rodzajRe": "ZP", "x_aktualno": "2022-01-20", "x_aktual_1": "2022-01-20", "poczatekWe": "2022-01-20T00:00:00", "x_dataUtwo": "2012-11-13", "x_kodKarto": "0010_505", "x_kodKar_1": "0025_505", "x_kodKar_2": "0050_505", "x_kodKar_3": "0100_505", "x_kodKar_4": null, "x_kodKar_5": null, "x_kodKar_6": null, "nazwa": "Czerwonak", "idPRG": 1030210420, "idTerytJed": 3021, "idTerytTer": 3021042, "rodzaj": "GW", "PRG|BT_Ref": 1030210420, "PRG|BT_R_1": "PL.PZGiK.200", "x_informDo": null }, "geometry": { "type": "MultiPolygon", "coordinates": [ ] } },
{ "type": "Feature", "properties": { "gml_id": "OT_ADJA_A.20", "lokalnyId": "322BD60C-5C60-598B-E053-CC2BA8C05138", "przestrzen": "PL.PZGiK.308.BDOT10k", "wersjaId": "2022-01-20T00:00:00", "czyObiektB": 0, "x_kod": "ADJA05", "x_skrKarto": null, "x_katDoklG": "Dok", "x_doklGeom": 1, "x_doklGe_1": "m", "x_zrodloDa": "PRG", "x_zrodlo_1": "PRG", "x_katIstni": null, "x_rodzajRe": "ZP", "x_aktualno": "2022-01-20", "x_aktual_1": "2022-01-20", "poczatekWe": "2022-01-20T00:00:00", "x_dataUtwo": "2012-11-13", "x_kodKarto": "0010_505", "x_kodKar_1": "0025_505", "x_kodKar_2": "0050_505", "x_kodKar_3": "0100_505", "x_kodKar_4": null, "x_kodKar_5": null, "x_kodKar_6": null, "nazwa": "Czerwonak", "idPRG": 1030210420, "idTerytJed": 3021, "idTerytTer": 3021042, "rodzaj": "GW", "PRG|BT_Ref": 1030210420, "PRG|BT_R_1": "PL.PZGiK.200", "x_informDo": null }, "geometry": { "type": "MultiPolygon", "coordinates": [ [ [ [ 16.975411297640267, 52.537740305244078 ], [ 16.975358142850467, 52.53786324716755 ], [ 16.975572954792895, 52.53795209831847 ], [ 16.975999206149787, 52.53802360912448 ], [ 16.976321214795909, 52.537892133446071 ], [ 16.975587304646144, 52.537595360418962 ], [ 16.975411297640267, 52.537740305244078 ] ] ] ] } },
{ "type": "Feature", "properties": { "gml_id": "OT_ADJA_A.20", "lokalnyId": "322BD60C-5C60-598B-E053-CC2BA8C05138", "przestrzen": "PL.PZGiK.308.BDOT10k", "wersjaId": "2022-01-20T00:00:00", "czyObiektB": 0, "x_kod": "ADJA05", "x_skrKarto": null, "x_katDoklG": "Dok", "x_doklGeom": 1, "x_doklGe_1": "m", "x_zrodloDa": "PRG", "x_zrodlo_1": "PRG", "x_katIstni": null, "x_rodzajRe": "ZP", "x_aktualno": "2022-01-20", "x_aktual_1": "2022-01-20", "poczatekWe": "2022-01-20T00:00:00", "x_dataUtwo": "2012-11-13", "x_kodKarto": "0010_505", "x_kodKar_1": "0025_505", "x_kodKar_2": "0050_505", "x_kodKar_3": "0100_505", "x_kodKar_4": null, "x_kodKar_5": null, "x_kodKar_6": null, "nazwa": "Czerwonak", "idPRG": 1030210420, "idTerytJed": 3021, "idTerytTer": 3021042, "rodzaj": "GW", "PRG|BT_Ref": 1030210420, "PRG|BT_R_1": "PL.PZGiK.200", "x_informDo": null }, "geometry": { "type": "MultiPolygon", "coordinates": [ [ [ [ 16.971819206146069, 52.543637420487414 ], [ 16.97109514906893, 52.543726914019047 ], [ 16.971091977809824, 52.543795665959756 ], [ 16.971092487507971, 52.543835789227863 ], [ 16.970950420640591, 52.543854939697077 ], [ 16.970503619136601, 52.543911227296199 ], [ 16.970396983198945, 52.543945825317046 ], [ 16.970244174250155, 52.544015518501659 ], [ 16.970178137425282, 52.54403669164801 ], [ 16.97009863669653, 52.544065099067922 ], [ 16.969992084269013, 52.544081889465488 ], [ 16.969955065267808, 52.544120019816454 ], [ 16.969968520332792, 52.544183300606612 ], [ 16.969988781264785, 52.544246158486978 ], [ 16.969972748675161, 52.544366586830634 ], [ 16.969992392749802, 52.5445035470742 ], [ 16.970029586153728, 52.544538363392853 ], [ 16.970077924769651, 52.544533076461683 ], [ 16.970153870329717, 52.544514591731733 ], [ 16.970221368479073, 52.544474555652471 ], [ 16.970260477733795, 52.544426297524573 ], [ 16.970257955167661, 52.544391446357231 ], [ 16.970199304788622, 52.544335665148054 ], [ 16.970177253021468, 52.544295622085436 ], [ 16.970185651809093, 52.54426707436253 ], [ 16.970213582867359, 52.544224470802064 ], [ 16.970268176154885, 52.544173150371407 ], [ 16.970360352818513, 52.544119416462308 ], [ 16.970413881240692, 52.544110350863633 ], [ 16.970452961980087, 52.544145829020586 ], [ 16.97046132631144, 52.54423312713697 ], [ 16.970484075772426, 52.544270843595697 ], [ 16.970498488072373, 52.544322987816408 ], [ 16.970541029408679, 52.544379392041186 ], [ 16.97059302472854, 52.544416350827554 ], [ 16.970669506349314, 52.544440597834374 ], [ 16.9707943975001, 52.544435633976342 ], [ 16.970860622586851, 52.544429574117999 ], [ 16.970971185181483, 52.544418608038072 ], [ 16.971041446188895, 52.544436991799863 ], [ 16.971098320534793, 52.544492922018009 ], [ 16.9711794151434, 52.544506724463872 ], [ 16.971326694270036, 52.544499355635025 ], [ 16.971442087314198, 52.544476419577094 ], [ 16.971593006596652, 52.544476488132716 ], [ 16.97172808582776, 52.544471338147602 ], [ 16.971794618105914, 52.544442617428189 ], [ 16.971805630827873, 52.544424547771492 ], [ 16.971801037343223, 52.544392989038712 ], [ 16.971763875196832, 52.544373464109668 ], [ 16.971754048308753, 52.544349820593595 ], [ 16.971758677898013, 52.544323007022228 ], [ 16.971805624833372, 52.544293500902398 ], [ 16.971809186331598, 52.544190667293819 ], [ 16.971016423775172, 52.544275834844044 ], [ 16.971032208182645, 52.544096759359832 ], [ 16.971050831410704, 52.543900913221833 ], [ 16.971235618479277, 52.54388312462612 ], [ 16.971382343168351, 52.543874936750974 ], [ 16.971535509523061, 52.54385822459588 ], [ 16.971557147527101, 52.543856077096052 ], [ 16.971688613603071, 52.543842860319039 ], [ 16.972477703301383, 52.543763561623614 ], [ 16.972487003163575, 52.543654620256888 ], [ 16.972471306214906, 52.543627098625365 ], [ 16.972425276679424, 52.543604723684375 ], [ 16.972342951529427, 52.543604842142905 ], [ 16.972269671170245, 52.543613570158321 ], [ 16.972158981155431, 52.543614551593819 ], [ 16.971984440799577, 52.543624512309471 ], [ 16.971819206146069, 52.543637420487414 ] ] ] ] } },
{ "type": "Feature", "properties": { "gml_id": "OT_ADJA_A.20", "lokalnyId": "322BD60C-5C60-598B-E053-CC2BA8C05138", "przestrzen": "PL.PZGiK.308.BDOT10k", "wersjaId": "2022-01-20T00:00:00", "czyObiektB": 0, "x_kod": "ADJA05", "x_skrKarto": null, "x_katDoklG": "Dok", "x_doklGeom": 1, "x_doklGe_1": "m", "x_zrodloDa": "PRG", "x_zrodlo_1": "PRG", "x_katIstni": null, "x_rodzajRe": "ZP", "x_aktualno": "2022-01-20", "x_aktual_1": "2022-01-20", "poczatekWe": "2022-01-20T00:00:00", "x_dataUtwo": "2012-11-13", "x_kodKarto": "0010_505", "x_kodKar_1": "0025_505", "x_kodKar_2": "0050_505", "x_kodKar_3": "0100_505", "x_kodKar_4": null, "x_kodKar_5": null, "x_kodKar_6": null, "nazwa": "Czerwonak", "idPRG": 1030210420, "idTerytJed": 3021, "idTerytTer": 3021042, "rodzaj": "GW", "PRG|BT_Ref": 1030210420, "PRG|BT_R_1": "PL.PZGiK.200", "x_informDo": null }, "geometry": { "type": "MultiPolygon", "coordinates": [ [ [ [ 16.96925586995491, 52.546731927439076 ], [ 16.969267600233085, 52.546580125265102 ], [ 16.969230632157689, 52.546361469340255 ], [ 16.96920098285311, 52.546188809861427 ], [ 16.969202690827384, 52.546100695142044 ], [ 16.969235621403122, 52.546048913486551 ], [ 16.969362210166643, 52.546007283542551 ], [ 16.969443234964999, 52.545984299321731 ], [ 16.969521042160835, 52.545979878015594 ], [ 16.969625957583411, 52.545976281530926 ], [ 16.969876046204508, 52.545934341415567 ], [ 16.970090177512461, 52.545862732448818 ], [ 16.970041132766514, 52.545416583958797 ], [ 16.969999124676509, 52.545399763582523 ], [ 16.969866516990983, 52.545354496053733 ], [ 16.969597732338933, 52.545338102190165 ], [ 16.969308192527791, 52.545352651688241 ], [ 16.969082021048479, 52.545387895560914 ], [ 16.968766251549329, 52.545417733593027 ], [ 16.96847851669007, 52.545393186881874 ], [ 16.968026171717682, 52.545463671001485 ], [ 16.967768761167854, 52.545609815245875 ], [ 16.967845629837591, 52.545804512536357 ], [ 16.967890334918962, 52.545925803709828 ], [ 16.967936832101255, 52.546049823922452 ], [ 16.967941657480644, 52.546060340157794 ], [ 16.968008664875914, 52.546206658591124 ], [ 16.968770248351053, 52.546126642177057 ], [ 16.968773213313497, 52.546126333296911 ], [ 16.968931522309518, 52.546544766478256 ], [ 16.968543961870598, 52.546595497763363 ], [ 16.968260167294954, 52.546635597216664 ], [ 16.968317284219783, 52.546727779909006 ], [ 16.968406338356164, 52.546872767667914 ], [ 16.968444074629705, 52.546924592992909 ], [ 16.968488943388408, 52.546984905433476 ], [ 16.968582781111358, 52.546940105735352 ], [ 16.968644184357256, 52.54691075905658 ], [ 16.968641574436866, 52.547018375889046 ], [ 16.969087073121344, 52.546978262469324 ], [ 16.96916085964099, 52.546955513983342 ], [ 16.969211749593647, 52.546914204078206 ], [ 16.969242198261, 52.546823524509307 ], [ 16.96925586995491, 52.546731927439076 ] ] ] ] } },
{ "type": "Feature", "properties": { "gml_id": "OT_ADJA_A.20", "lokalnyId": "322BD60C-5C60-598B-E053-CC2BA8C05138", "przestrzen": "PL.PZGiK.308.BDOT10k", "wersjaId": "2022-01-20T00:00:00", "czyObiektB": 0, "x_kod": "ADJA05", "x_skrKarto": null, "x_katDoklG": "Dok", "x_doklGeom": 1, "x_doklGe_1": "m", "x_zrodloDa": "PRG", "x_zrodlo_1": "PRG", "x_katIstni": null, "x_rodzajRe": "ZP", "x_aktualno": "2022-01-20", "x_aktual_1": "2022-01-20", "poczatekWe": "2022-01-20T00:00:00", "x_dataUtwo": "2012-11-13", "x_kodKarto": "0010_505", "x_kodKar_1": "0025_505", "x_kodKar_2": "0050_505", "x_kodKar_3": "0100_505", "x_kodKar_4": null, "x_kodKar_5": null, "x_kodKar_6": null, "nazwa": "Czerwonak", "idPRG": 1030210420, "idTerytJed": 3021, "idTerytTer": 3021042, "rodzaj": "GW", "PRG|BT_Ref": 1030210420, "PRG|BT_R_1": "PL.PZGiK.200", "x_informDo": null }, "geometry": { "type": "MultiPolygon", "coordinates": [ [ [ [ 16.965386444962313, 52.553603838796199 ], [ 16.965465813860131, 52.554098539721501 ], [ 16.965367656708647, 52.554143802428577 ], [ 16.965339349889501, 52.554309080426236 ], [ 16.965531202156072, 52.554327758811795 ], [ 16.965547525213317, 52.554549028940663 ], [ 16.965563086137557, 52.554659206568672 ], [ 16.964891106159218, 52.554955167862261 ], [ 16.964773811144802, 52.555005767397653 ], [ 16.9642348690044, 52.555229630018701 ], [ 16.96417211811147, 52.555255893237224 ], [ 16.964061529765843, 52.555301840470882 ], [ 16.963685165858319, 52.55547543100419 ], [ 16.963706423278552, 52.556007358927552 ], [ 16.963369431953989, 52.556002999430504 ], [ 16.963366354206531, 52.556120411815392 ], [ 16.963362749851875, 52.556405288696261 ], [ 16.963271553762862, 52.556405248356462 ], [ 16.963251647380435, 52.556618340130619 ], [ 16.963730422789325, 52.556620282523831 ], [ 16.963738603755299, 52.55680687475482 ], [ 16.963724712228125, 52.557036709488727 ], [ 16.963435617595795, 52.557046305950543 ], [ 16.963197067595676, 52.557121170636606 ], [ 16.963070966255241, 52.557145083833845 ], [ 16.962859377543126, 52.557211327638839 ], [ 16.962763433953789, 52.55723090268323 ], [ 16.962680078985777, 52.557259059034649 ], [ 16.962600419710554, 52.557328472765818 ], [ 16.962510527598155, 52.55743080924541 ], [ 16.962422290396656, 52.55753245460658 ], [ 16.962301316695214, 52.557671761984103 ], [ 16.962154877581337, 52.557720508052007 ], [ 16.962158517243765, 52.557743865914972 ], [ 16.962169287141244, 52.557810788936315 ], [ 16.962214477213468, 52.558093447850283 ], [ 16.962277395975853, 52.558487131585956 ], [ 16.962290216451404, 52.55856713160054 ], [ 16.963024220217125, 52.558491622746189 ], [ 16.963209495671784, 52.558471066448391 ], [ 16.963407503059809, 52.558443263695587 ], [ 16.963938283074441, 52.558355167799441 ], [ 16.964965933575076, 52.558184501961676 ], [ 16.968699002424227, 52.557561648591758 ], [ 16.969893416697936, 52.557348471111943 ], [ 16.970453578997805, 52.557256263064261 ], [ 16.970696971777382, 52.557223290227448 ], [ 16.971698005133081, 52.557087817118571 ], [ 16.972712685993248, 52.556995472014592 ], [ 16.974556232067165, 52.556746954593748 ], [ 16.974853565257472, 52.55669295033745 ], [ 16.974817492468684, 52.556540599809225 ], [ 16.974791624727057, 52.556384556356065 ], [ 16.974841664146012, 52.556150392407758 ], [ 16.974693751786848, 52.555715776723055 ], [ 16.974489185260257, 52.554864566038894 ], [ 16.974292020074994, 52.55407707101535 ], [ 16.973935589504819, 52.552519008024682 ], [ 16.973599691920892, 52.551098637592894 ], [ 16.97358247432539, 52.551027198059614 ], [ 16.97341132710639, 52.551071757195359 ], [ 16.973246653237268, 52.551142330461332 ], [ 16.973133911119845, 52.551193825631088 ], [ 16.973070719901845, 52.55093217917522 ], [ 16.972806989312087, 52.549493074583111 ], [ 16.972662093654051, 52.548382587141113 ], [ 16.972603505074957, 52.548302883487956 ], [ 16.972538841575314, 52.548150132107395 ], [ 16.972506972705446, 52.548012513275381 ], [ 16.972271641713458, 52.54803177645141 ], [ 16.972245092975907, 52.547765990235007 ], [ 16.972244502634577, 52.547759594179411 ], [ 16.972239241042558, 52.547697713305155 ], [ 16.971492234404817, 52.547720348691257 ], [ 16.971390821740272, 52.547721488503235 ], [ 16.969309334000073, 52.547820344119707 ], [ 16.969284496266454, 52.547821446943878 ], [ 16.969141200399932, 52.547818987948396 ], [ 16.968867734353729, 52.547421244364244 ], [ 16.968769580262965, 52.547425316024189 ], [ 16.968300243940099, 52.54744478188772 ], [ 16.967908216801405, 52.547461076276512 ], [ 16.967604958504619, 52.547472058250669 ], [ 16.96730510114249, 52.54748606598001 ], [ 16.966737316414907, 52.547512738962865 ], [ 16.966477079984227, 52.547524996868994 ], [ 16.966212113435734, 52.547537442742055 ], [ 16.965950697363468, 52.547549679219138 ], [ 16.965681590246739, 52.547562322566833 ], [ 16.96559498670134, 52.547562272891753 ], [ 16.965205708122209, 52.547557379057331 ], [ 16.964996805768379, 52.54759534059697 ], [ 16.964893185907847, 52.547695194218754 ], [ 16.964882443241468, 52.547812564885611 ], [ 16.965012201342322, 52.547935409712387 ], [ 16.965085928088065, 52.54803201697532 ], [ 16.965087125025342, 52.548117753160376 ], [ 16.965125743913813, 52.548255670104247 ], [ 16.965107106001867, 52.548425701513153 ], [ 16.965085828616989, 52.548598565703266 ], [ 16.964719561612672, 52.548603150251971 ], [ 16.964688226047723, 52.548664941777368 ], [ 16.964694785885744, 52.548717671203079 ], [ 16.964765596438692, 52.548775283213864 ], [ 16.965064655009009, 52.548769183097953 ], [ 16.965049706425578, 52.548939187983706 ], [ 16.965056809342933, 52.549145998923642 ], [ 16.96505879094202, 52.549332754469866 ], [ 16.965014225973437, 52.549332887589109 ], [ 16.965003360670647, 52.549513485991127 ], [ 16.965047803345044, 52.54951281111439 ], [ 16.965046548682878, 52.549683411223562 ], [ 16.965053825618867, 52.549864141692147 ], [ 16.965093718227497, 52.550405024659781 ], [ 16.965109617185966, 52.550584374326611 ], [ 16.965128451245107, 52.550783202115703 ], [ 16.965138063935324, 52.551009124033854 ], [ 16.965146999046183, 52.55117953953679 ], [ 16.965157157157563, 52.551352224634428 ], [ 16.965163903910941, 52.551518914841985 ], [ 16.965172178728341, 52.551690848004483 ], [ 16.965176906788905, 52.551862900065316 ], [ 16.964668352165575, 52.551871064277073 ], [ 16.964518769802513, 52.551873438517632 ], [ 16.964521983535903, 52.551937892892106 ], [ 16.964527801191242, 52.552111852530992 ], [ 16.964614731010787, 52.55266928450083 ], [ 16.965283863019508, 52.552660553437548 ], [ 16.965269441789914, 52.553023224914632 ], [ 16.964654123416164, 52.553016871603191 ], [ 16.964654604476294, 52.553054296106552 ], [ 16.964627219414975, 52.55317093074018 ], [ 16.96458175124403, 52.553254245335651 ], [ 16.964516597256623, 52.55335161219493 ], [ 16.964446428325818, 52.55341705299184 ], [ 16.964362549395023, 52.553479019988913 ], [ 16.96429838333917, 52.553523157550707 ], [ 16.964179931144134, 52.553592444696129 ], [ 16.964095298763894, 52.553641986431579 ], [ 16.964589375954677, 52.553860951082079 ], [ 16.96488109315078, 52.553612508839031 ], [ 16.964995689865006, 52.553514912649561 ], [ 16.965361092334465, 52.553475684100945 ], [ 16.965386444962313, 52.553603838796199 ] ] ] ] } },
{ "type": "Feature", "properties": { "gml_id": "OT_ADJA_A.20", "lokalnyId": "322BD60C-5C60-598B-E053-CC2BA8C05138", "przestrzen": "PL.PZGiK.308.BDOT10k", "wersjaId": "2022-01-20T00:00:00", "czyObiektB": 0, "x_kod": "ADJA05", "x_skrKarto": null, "x_katDoklG": "Dok", "x_doklGeom": 1, "x_doklGe_1": "m", "x_zrodloDa": "PRG", "x_zrodlo_1": "PRG", "x_katIstni": null, "x_rodzajRe": "ZP", "x_aktualno": "2022-01-20", "x_aktual_1": "2022-01-20", "poczatekWe": "2022-01-20T00:00:00", "x_dataUtwo": "2012-11-13", "x_kodKarto": "0010_505", "x_kodKar_1": "0025_505", "x_kodKar_2": "0050_505", "x_kodKar_3": "0100_505", "x_kodKar_4": null, "x_kodKar_5": null, "x_kodKar_6": null, "nazwa": "Czerwonak", "idPRG": 1030210420, "idTerytJed": 3021, "idTerytTer": 3021042, "rodzaj": "GW", "PRG|BT_Ref": 1030210420, "PRG|BT_R_1": "PL.PZGiK.200", "x_informDo": null }, "geometry": { "type": "MultiPolygon", "coordinates": [ [ [ [ 16.979686757678706, 52.562300364314048 ], [ 16.980539783468771, 52.562362231574816 ], [ 16.980863156470793, 52.562378181887851 ], [ 16.980946874928371, 52.562383837339944 ], [ 16.980954810865878, 52.562346016981124 ], [ 16.981126582229791, 52.562356142435377 ], [ 16.981139821827195, 52.562357087804386 ], [ 16.9812901642117, 52.562367836871204 ], [ 16.981358925968213, 52.562374586070007 ], [ 16.981569374910954, 52.561879893708131 ], [ 16.981646898870892, 52.561750439344699 ], [ 16.979986999939516, 52.561506079747609 ], [ 16.979798762058333, 52.561546039369979 ], [ 16.979710610650201, 52.561579072655249 ], [ 16.979589850345576, 52.561679365904865 ], [ 16.979334109867491, 52.562163567893926 ], [ 16.97930088106353, 52.562221823008159 ], [ 16.979563049957711, 52.562272079367546 ], [ 16.979686757678706, 52.562300364314048 ] ] ] ] } },
{ "type": "Feature", "properties": { "gml_id": "OT_ADJA_A.20", "lokalnyId": "322BD60C-5C60-598B-E053-CC2BA8C05138", "przestrzen": "PL.PZGiK.308.BDOT10k", "wersjaId": "2022-01-20T00:00:00", "czyObiektB": 0, "x_kod": "ADJA05", "x_skrKarto": null, "x_katDoklG": "Dok", "x_doklGeom": 1, "x_doklGe_1": "m", "x_zrodloDa": "PRG", "x_zrodlo_1": "PRG", "x_katIstni": null, "x_rodzajRe": "ZP", "x_aktualno": "2022-01-20", "x_aktual_1": "2022-01-20", "poczatekWe": "2022-01-20T00:00:00", "x_dataUtwo": "2012-11-13", "x_kodKarto": "0010_505", "x_kodKar_1": "0025_505", "x_kodKar_2": "0050_505", "x_kodKar_3": "0100_505", "x_kodKar_4": null, "x_kodKar_5": null, "x_kodKar_6": null, "nazwa": "Czerwonak", "idPRG": 1030210420, "idTerytJed": 3021, "idTerytTer": 3021042, "rodzaj": "GW", "PRG|BT_Ref": 1030210420, "PRG|BT_R_1": "PL.PZGiK.200", "x_informDo": null }, "geometry": { "type": "MultiPolygon", "coordinates": [ [ [ [ 16.977186674203249, 52.566012583902101 ], [ 16.976983006656063, 52.565922308554171 ], [ 16.976763012529688, 52.565862873881464 ], [ 16.976537767484992, 52.565802089833312 ], [ 16.976413249933699, 52.565771988968294 ], [ 16.976249062218251, 52.565734733841843 ], [ 16.976115855541202, 52.565713838117745 ], [ 16.976009245441734, 52.565701941583889 ], [ 16.975853371525524, 52.565689292436304 ], [ 16.975712394687026, 52.565683283778917 ], [ 16.975537547749944, 52.565672378406902 ], [ 16.975358209115143, 52.565656449104161 ], [ 16.975188280612265, 52.565641310104226 ], [ 16.97504291166274, 52.565628120051322 ], [ 16.974874097005465, 52.565614438734933 ], [ 16.97474066361826, 52.565598484415993 ], [ 16.974615337226282, 52.565578067088282 ], [ 16.974643042431627, 52.565586920336742 ], [ 16.975630867896335, 52.565761308704005 ], [ 16.976466262989927, 52.565960605326374 ], [ 16.977116799898848, 52.566055551509599 ], [ 16.977146144305664, 52.566050381244089 ], [ 16.977186674203249, 52.566012583902101 ] ] ] ] } },
{ "type": "Feature", "properties": { "gml_id": "OT_ADJA_A.20", "lokalnyId": "322BD60C-5C60-598B-E053-CC2BA8C05138", "przestrzen": "PL.PZGiK.308.BDOT10k", "wersjaId": "2022-01-20T00:00:00", "czyObiektB": 0, "x_kod": "ADJA05", "x_skrKarto": null, "x_katDoklG": "Dok", "x_doklGeom": 1, "x_doklGe_1": "m", "x_zrodloDa": "PRG", "x_zrodlo_1": "PRG", "x_katIstni": null, "x_rodzajRe": "ZP", "x_aktualno": "2022-01-20", "x_aktual_1": "2022-01-20", "poczatekWe": "2022-01-20T00:00:00", "x_dataUtwo": "2012-11-13", "x_kodKarto": "0010_505", "x_kodKar_1": "0025_505", "x_kodKar_2": "0050_505", "x_kodKar_3": "0100_505", "x_kodKar_4": null, "x_kodKar_5": null, "x_kodKar_6": null, "nazwa": "Czerwonak", "idPRG": 1030210420, "idTerytJed": 3021, "idTerytTer": 3021042, "rodzaj": "GW", "PRG|BT_Ref": 1030210420, "PRG|BT_R_1": "PL.PZGiK.200", "x_informDo": null }, "geometry": { "type": "MultiPolygon", "coordinates": [ [ [ [ 16.974675804778443, 52.565289141505964 ], [ 16.974449737288598, 52.565246327873957 ], [ 16.974085409529078, 52.565177042787475 ], [ 16.974020984519612, 52.565111361296601 ], [ 16.973989545928738, 52.565031313937908 ], [ 16.97408334186925, 52.564715961809561 ], [ 16.974167213293864, 52.564458992350758 ], [ 16.974211774306298, 52.564408038055461 ], [ 16.974377560646616, 52.564323990898316 ], [ 16.974484607680676, 52.564265471378569 ], [ 16.974525275964453, 52.564174066138065 ], [ 16.974518457747315, 52.564094620113764 ], [ 16.974413417076683, 52.564000721339504 ], [ 16.974212642844488, 52.563905633704969 ], [ 16.973857581903722, 52.563898117095505 ], [ 16.97360092118544, 52.563901188440653 ], [ 16.973462671013234, 52.563925804219757 ], [ 16.973294121126109, 52.563967349879 ], [ 16.97305167738179, 52.564020581612489 ], [ 16.972863342846814, 52.564071861416551 ], [ 16.972711609215757, 52.564119990240947 ], [ 16.972136825943274, 52.564335360224369 ], [ 16.972042560489626, 52.564439877422068 ], [ 16.972027657017389, 52.56466052109608 ], [ 16.971957854041669, 52.564695482016425 ], [ 16.971774688892268, 52.564711411300458 ], [ 16.971573338454004, 52.564763185578848 ], [ 16.9713746988458, 52.564852152275101 ], [ 16.971335007944298, 52.564883851336184 ], [ 16.971282148158711, 52.564954629589295 ], [ 16.971226966519357, 52.565088990364288 ], [ 16.971304800901375, 52.565087413367564 ], [ 16.972536917742911, 52.5651841668382 ], [ 16.97452943972138, 52.565550618321701 ], [ 16.974614835907122, 52.565577906890738 ], [ 16.974675804778443, 52.565289141505964 ] ] ] ] } },
{ "type": "Feature", "properties": { "gml_id": "OT_ADJA_A.20", "lokalnyId": "322BD60C-5C60-598B-E053-CC2BA8C05138", "przestrzen": "PL.PZGiK.308.BDOT10k", "wersjaId": "2022-01-20T00:00:00", "czyObiektB": 0, "x_kod": "ADJA05", "x_skrKarto": null, "x_katDoklG": "Dok", "x_doklGeom": 1, "x_doklGe_1": "m", "x_zrodloDa": "PRG", "x_zrodlo_1": "PRG", "x_katIstni": null, "x_rodzajRe": "ZP", "x_aktualno": "2022-01-20", "x_aktual_1": "2022-01-20", "poczatekWe": "2022-01-20T00:00:00", "x_dataUtwo": "2012-11-13", "x_kodKarto": "0010_505", "x_kodKar_1": "0025_505", "x_kodKar_2": "0050_505", "x_kodKar_3": "0100_505", "x_kodKar_4": null, "x_kodKar_5": null, "x_kodKar_6": null, "nazwa": "Czerwonak", "idPRG": 1030210420, "idTerytJed": 3021, "idTerytTer": 3021042, "rodzaj": "GW", "PRG|BT_Ref": 1030210420, "PRG|BT_R_1": "PL.PZGiK.200", "x_informDo": null }, "geometry": { "type": "MultiPolygon", "coordinates": [ [ [ [ 16.970782894586236, 52.565087371189051 ], [ 16.970466081469667, 52.565092012840985 ], [ 16.970185615503112, 52.565102223819672 ], [ 16.970057954941716, 52.565111547128026 ], [ 16.970043201530185, 52.565112968213484 ], [ 16.971077964730831, 52.565092009135427 ], [ 16.970782894586236, 52.565087371189051 ] ] ] ] } },
{ "type": "Feature", "properties": { "gml_id": "OT_ADJA_A.20", "lokalnyId": "322BD60C-5C60-598B-E053-CC2BA8C05138", "przestrzen": "PL.PZGiK.308.BDOT10k", "wersjaId": "2022-01-20T00:00:00", "czyObiektB": 0, "x_kod": "ADJA05", "x_skrKarto": null, "x_katDoklG": "Dok", "x_doklGeom": 1, "x_doklGe_1": "m", "x_zrodloDa": "PRG", "x_zrodlo_1": "PRG", "x_katIstni": null, "x_rodzajRe": "ZP", "x_aktualno": "2022-01-20", "x_aktual_1": "2022-01-20", "poczatekWe": "2022-01-20T00:00:00", "x_dataUtwo": "2012-11-13", "x_kodKarto": "0010_505", "x_kodKar_1": "0025_505", "x_kodKar_2": "0050_505", "x_kodKar_3": "0100_505", "x_kodKar_4": null, "x_kodKar_5": null, "x_kodKar_6": null, "nazwa": "Czerwonak", "idPRG": 1030210420, "idTerytJed": 3021, "idTerytTer": 3021042, "rodzaj": "GW", "PRG|BT_Ref": 1030210420, "PRG|BT_R_1": "PL.PZGiK.200", "x_informDo": null }, "geometry": { "type": "MultiPolygon", "coordinates": [ [ [ [ 17.004249539751736, 52.44115752853412 ], [ 17.004398886451721, 52.440810078248802 ], [ 17.004445761200643, 52.440701048096841 ], [ 17.004633102622883, 52.440265104529374 ], [ 17.004666679549857, 52.440189758662669 ], [ 17.004927897120549, 52.439604045808473 ], [ 17.004947542996138, 52.439560124987459 ], [ 17.004353904456842, 52.439545428569637 ], [ 17.003947991510511, 52.440434146490198 ], [ 17.003882336317389, 52.440577667618513 ], [ 17.003816827755021, 52.440721191186014 ], [ 17.003753389859732, 52.440711485432246 ], [ 17.003713719204502, 52.440801119160369 ], [ 17.00377450590554, 52.440810870112735 ], [ 17.003499763910916, 52.441415240274473 ], [ 17.003114145636527, 52.441584387851414 ], [ 17.003271698508815, 52.441595953334591 ], [ 17.004076730877383, 52.441678803659478 ], [ 17.004141011638762, 52.441474547176846 ], [ 17.004245926370583, 52.44116583230965 ], [ 17.004249539751736, 52.44115752853412 ] ] ] ] } },
{ "type": "Feature", "properties": { "gml_id": "OT_ADJA_A.20", "lokalnyId": "322BD60C-5C60-598B-E053-CC2BA8C05138", "przestrzen": "PL.PZGiK.308.BDOT10k", "wersjaId": "2022-01-20T00:00:00", "czyObiektB": 0, "x_kod": "ADJA05", "x_skrKarto": null, "x_katDoklG": "Dok", "x_doklGeom": 1, "x_doklGe_1": "m", "x_zrodloDa": "PRG", "x_zrodlo_1": "PRG", "x_katIstni": null, "x_rodzajRe": "ZP", "x_aktualno": "2022-01-20", "x_aktual_1": "2022-01-20", "poczatekWe": "2022-01-20T00:00:00", "x_dataUtwo": "2012-11-13", "x_kodKarto": "0010_505", "x_kodKar_1": "0025_505", "x_kodKar_2": "0050_505", "x_kodKar_3": "0100_505", "x_kodKar_4": null, "x_kodKar_5": null, "x_kodKar_6": null, "nazwa": "Czerwonak", "idPRG": 1030210420, "idTerytJed": 3021, "idTerytTer": 3021042, "rodzaj": "GW", "PRG|BT_Ref": 1030210420, "PRG|BT_R_1": "PL.PZGiK.200", "x_informDo": null }, "geometry": { "type": "MultiPolygon", "coordinates": [ [ [ [ 16.993028150625776, 52.440927901973232 ], [ 16.992975671572221, 52.44092323343002 ], [ 16.992906855635532, 52.440918557344411 ], [ 16.992788077237744, 52.440905657559171 ], [ 16.99275021116183, 52.44090006774298 ], [ 16.992640024212296, 52.440879488551964 ], [ 16.992506862160582, 52.440846286753036 ], [ 16.992390952216631, 52.440815626368376 ], [ 16.99230948094187, 52.440785011051737 ], [ 16.992230211585706, 52.440760998982597 ], [ 16.992230197335207, 52.44065774306182 ], [ 16.992210928863095, 52.440385605138403 ], [ 16.992220304282423, 52.439985243825966 ], [ 16.992217786263172, 52.439859369431872 ], [ 16.992207468551008, 52.439791736217792 ], [ 16.992153798073279, 52.439787406840622 ], [ 16.991947895205655, 52.439771227586697 ], [ 16.9917762986097, 52.439783873144592 ], [ 16.991688670891957, 52.439830414688885 ], [ 16.991601612916778, 52.439935609330043 ], [ 16.991566748242217, 52.440575867938861 ], [ 16.991578663795465, 52.440721599726331 ], [ 16.991589855292652, 52.44077971377336 ], [ 16.991569865023401, 52.44081472215646 ], [ 16.991461005889143, 52.440920265877764 ], [ 16.991446216506507, 52.440941241394867 ], [ 16.991420642971981, 52.441043972656445 ], [ 16.991377973618661, 52.44111808110295 ], [ 16.991325688546631, 52.441164143526791 ], [ 16.991318627744658, 52.441199641375903 ], [ 16.99215201404559, 52.441590483356549 ], [ 16.992119398583391, 52.441695973361853 ], [ 16.992046266484085, 52.441892967779559 ], [ 16.991991174186282, 52.441952204577447 ], [ 16.991906127389541, 52.442032519116403 ], [ 16.992025539283954, 52.44214158061456 ], [ 16.992067952433651, 52.442183135520125 ], [ 16.992100013789607, 52.442206345920241 ], [ 16.992297742544253, 52.442350736026782 ], [ 16.992300880070328, 52.442352947962874 ], [ 16.992474261491054, 52.442479295281743 ], [ 16.993069734513696, 52.442917448360006 ], [ 16.993752767546997, 52.443408082407728 ], [ 16.993895373853643, 52.443324336010093 ], [ 16.993963936088086, 52.443085259182588 ], [ 16.993768245003498, 52.442912034520418 ], [ 16.992759090889841, 52.442019121287565 ], [ 16.992801284526003, 52.441997531550207 ], [ 16.992890635378192, 52.441952007811302 ], [ 16.99289877340124, 52.441947828661029 ], [ 16.992963673257986, 52.441915651185447 ], [ 16.992477964104467, 52.441604833131336 ], [ 16.992608622157821, 52.441123423050691 ], [ 16.994500816991653, 52.441333805357537 ], [ 16.994500316230525, 52.441257344521411 ], [ 16.994490084761065, 52.441194210206852 ], [ 16.994486399453386, 52.441181375652256 ], [ 16.994419254559784, 52.441062140225704 ], [ 16.994338137389995, 52.441052849041938 ], [ 16.994198617238411, 52.441036450758546 ], [ 16.994069257154369, 52.441016716884178 ], [ 16.993803951758114, 52.440966703462927 ], [ 16.993610784555138, 52.440945436575284 ], [ 16.993461538114008, 52.440935798035227 ], [ 16.993138227581401, 52.440931479525389 ], [ 16.993028150625776, 52.440927901973232 ] ] ] ] } },
{ "type": "Feature", "properties": { "gml_id": "OT_ADJA_A.20", "lokalnyId": "322BD60C-5C60-598B-E053-CC2BA8C05138", "przestrzen": "PL.PZGiK.308.BDOT10k", "wersjaId": "2022-01-20T00:00:00", "czyObiektB": 0, "x_kod": "ADJA05", "x_skrKarto": null, "x_katDoklG": "Dok", "x_doklGeom": 1, "x_doklGe_1": "m", "x_zrodloDa": "PRG", "x_zrodlo_1": "PRG", "x_katIstni": null, "x_rodzajRe": "ZP", "x_aktualno": "2022-01-20", "x_aktual_1": "2022-01-20", "poczatekWe": "2022-01-20T00:00:00", "x_dataUtwo": "2012-11-13", "x_kodKarto": "0010_505", "x_kodKar_1": "0025_505", "x_kodKar_2": "0050_505", "x_kodKar_3": "0100_505", "x_kodKar_4": null, "x_kodKar_5": null, "x_kodKar_6": null, "nazwa": "Czerwonak", "idPRG": 1030210420, "idTerytJed": 3021, "idTerytTer": 3021042, "rodzaj": "GW", "PRG|BT_Ref": 1030210420, "PRG|BT_R_1": "PL.PZGiK.200", "x_informDo": null }, "geometry": { "type": "MultiPolygon", "coordinates": [ [ [ [ 16.99936631360011, 52.441371718696963 ], [ 16.998822570733296, 52.441541594311289 ], [ 16.998316591272154, 52.441735492237726 ], [ 16.997264236377802, 52.442663070126201 ], [ 16.99793450003132, 52.442728658560561 ], [ 16.998375301563811, 52.442774708272353 ], [ 16.99936631360011, 52.441371718696963 ] ] ] ] } },
{ "type": "Feature", "properties": { "gml_id": "OT_ADJA_A.20", "lokalnyId": "322BD60C-5C60-598B-E053-CC2BA8C05138", "przestrzen": "PL.PZGiK.308.BDOT10k", "wersjaId": "2022-01-20T00:00:00", "czyObiektB": 0, "x_kod": "ADJA05", "x_skrKarto": null, "x_katDoklG": "Dok", "x_doklGeom": 1, "x_doklGe_1": "m", "x_zrodloDa": "PRG", "x_zrodlo_1": "PRG", "x_katIstni": null, "x_rodzajRe": "ZP", "x_aktualno": "2022-01-20", "x_aktual_1": "2022-01-20", "poczatekWe": "2022-01-20T00:00:00", "x_dataUtwo": "2012-11-13", "x_kodKarto": "0010_505", "x_kodKar_1": "0025_505", "x_kodKar_2": "0050_505", "x_kodKar_3": "0100_505", "x_kodKar_4": null, "x_kodKar_5": null, "x_kodKar_6": null, "nazwa": "Czerwonak", "idPRG": 1030210420, "idTerytJed": 3021, "idTerytTer": 3021042, "rodzaj": "GW", "PRG|BT_Ref": 1030210420, "PRG|BT_R_1": "PL.PZGiK.200", "x_informDo": null }, "geometry": { "type": "MultiPolygon", "coordinates": [ [ [ [ 17.002832997815808, 52.443000301110111 ], [ 17.002846343257367, 52.443011139917012 ], [ 17.002952057157973, 52.443098282304717 ], [ 17.003044087505852, 52.443159289657217 ], [ 17.003279375960069, 52.443349537221565 ], [ 17.003849809391557, 52.443816713761841 ], [ 17.004328229474883, 52.443626824197082 ], [ 17.005103706354987, 52.443318992336806 ], [ 17.005658705441785, 52.44309863942852 ], [ 17.005688738006018, 52.443085474586596 ], [ 17.005847960639002, 52.44301458634019 ], [ 17.00591823378647, 52.442983841597432 ], [ 17.00594300890188, 52.442973016497646 ], [ 17.007435763565226, 52.442320391495677 ], [ 17.007552634169393, 52.442269271306337 ], [ 17.007063721696333, 52.442235756534387 ], [ 17.006707998316141, 52.442231918221729 ], [ 17.006503387019354, 52.442261747484224 ], [ 17.006379962988674, 52.442341784920984 ], [ 17.006260016506701, 52.442426288119364 ], [ 17.006017676032503, 52.442486510881217 ], [ 17.00587291064987, 52.442475254719163 ], [ 17.005794799500467, 52.442438409405824 ], [ 17.005779765320561, 52.442367190187973 ], [ 17.005827907122811, 52.442265916060983 ], [ 17.005853981323067, 52.442170925534967 ], [ 17.005827910323344, 52.442106175997367 ], [ 17.005735738902466, 52.442058030393163 ], [ 17.005683950094429, 52.442077124310032 ], [ 17.005655348616433, 52.442149856060176 ], [ 17.005615716469322, 52.442222401724621 ], [ 17.005526443797855, 52.44226973519104 ], [ 17.005435315372704, 52.442299498249092 ], [ 17.004586354544866, 52.442198286887745 ], [ 17.00430805460481, 52.442197636891578 ], [ 17.004030452286202, 52.442109932433233 ], [ 17.003512631609055, 52.44205504792518 ], [ 17.003607408881219, 52.441817667737084 ], [ 17.003258487287845, 52.441777416688353 ], [ 17.003183356111226, 52.441769132136479 ], [ 17.002067336987484, 52.441646931945456 ], [ 17.001570825402869, 52.441592938641847 ], [ 17.001044871701776, 52.441535837066681 ], [ 17.001008262506563, 52.441531710261067 ], [ 17.000857595101522, 52.441735403843779 ], [ 17.001327538908814, 52.441781305770803 ], [ 17.001988991528144, 52.44231461003708 ], [ 17.002002197617642, 52.442325266700635 ], [ 17.002024201001973, 52.442343177595177 ], [ 17.002474095317513, 52.442708756122393 ], [ 17.002832997815808, 52.443000301110111 ] ] ] ] } },
{ "type": "Feature", "properties": { "gml_id": "OT_ADJA_A.20", "lokalnyId": "322BD60C-5C60-598B-E053-CC2BA8C05138", "przestrzen": "PL.PZGiK.308.BDOT10k", "wersjaId": "2022-01-20T00:00:00", "czyObiektB": 0, "x_kod": "ADJA05", "x_skrKarto": null, "x_katDoklG": "Dok", "x_doklGeom": 1, "x_doklGe_1": "m", "x_zrodloDa": "PRG", "x_zrodlo_1": "PRG", "x_katIstni": null, "x_rodzajRe": "ZP", "x_aktualno": "2022-01-20", "x_aktual_1": "2022-01-20", "poczatekWe": "2022-01-20T00:00:00", "x_dataUtwo": "2012-11-13", "x_kodKarto": "0010_505", "x_kodKar_1": "0025_505", "x_kodKar_2": "0050_505", "x_kodKar_3": "0100_505", "x_kodKar_4": null, "x_kodKar_5": null, "x_kodKar_6": null, "nazwa": "Czerwonak", "idPRG": 1030210420, "idTerytJed": 3021, "idTerytTer": 3021042, "rodzaj": "GW", "PRG|BT_Ref": 1030210420, "PRG|BT_R_1": "PL.PZGiK.200", "x_informDo": null }, "geometry": { "type": "MultiPolygon", "coordinates": [ [ [ [ 17.000183580442588, 52.444306831560532 ], [ 17.000207744419797, 52.444293298998872 ], [ 17.000102959872322, 52.444279923800977 ], [ 17.000000127253898, 52.444233212374456 ], [ 16.999928449348015, 52.444200609423866 ], [ 17.000000086405205, 52.444126898094211 ], [ 17.000266252906506, 52.443853024293453 ], [ 17.000354807806641, 52.443633260315671 ], [ 17.000771997162271, 52.443027618466978 ], [ 17.000686583098108, 52.443005846769708 ], [ 17.000671972910684, 52.443026196833081 ], [ 17.000412948899822, 52.442960564455284 ], [ 17.000096338542942, 52.442876238459938 ], [ 16.999650707215096, 52.443514945817334 ], [ 16.999605209502807, 52.443531535167104 ], [ 16.999088360364471, 52.443458209311885 ], [ 16.997967145755037, 52.443362236263283 ], [ 16.998031248987786, 52.443269690206201 ], [ 16.997558378873883, 52.443210144179005 ], [ 16.996282023812952, 52.443036604051713 ], [ 16.995784898449635, 52.443099683048892 ], [ 16.994976547989392, 52.4433165030675 ], [ 16.994840143048954, 52.443335056662427 ], [ 16.994836760277288, 52.443334999289576 ], [ 16.99475620743215, 52.443345595598522 ], [ 16.994525040045925, 52.443373244851387 ], [ 16.994424564126234, 52.443453029616855 ], [ 16.994381320247538, 52.443488003758418 ], [ 16.994337684065222, 52.443521891902371 ], [ 16.994280675755832, 52.443545569399852 ], [ 16.994523877609094, 52.443709885153112 ], [ 16.994706984970495, 52.443564043952229 ], [ 16.995045422432018, 52.443550086122926 ], [ 16.996476794321605, 52.443544939754545 ], [ 16.997978713854835, 52.443645935177784 ], [ 16.998269495207445, 52.443679910679464 ], [ 16.998567291192984, 52.443708517636729 ], [ 16.998855804569565, 52.443763320265639 ], [ 16.999118970733811, 52.443838290348836 ], [ 16.999248898960683, 52.443871699690789 ], [ 16.9993900303079, 52.443907996779402 ], [ 16.999694075548405, 52.444048866573894 ], [ 17.00001503148923, 52.444313604438392 ], [ 17.000077211316768, 52.444429154748413 ], [ 16.999990282277636, 52.444560980970891 ], [ 17.000000157598954, 52.444563936284482 ], [ 17.000133893419584, 52.44460433471432 ], [ 17.000197055622316, 52.444623481808854 ], [ 17.000439934391828, 52.444688301857504 ], [ 17.000604276849582, 52.444732185530192 ], [ 17.000755679909901, 52.444772522246957 ], [ 17.001130037627686, 52.444872393580866 ], [ 17.001193155309927, 52.444889290789156 ], [ 17.00129715225528, 52.444741292536392 ], [ 17.0012673712767, 52.444735842164505 ], [ 17.000983285305409, 52.444680580692285 ], [ 17.000747019600453, 52.444635481341294 ], [ 17.000555655329993, 52.444567485663093 ], [ 17.000493345101038, 52.444562024627423 ], [ 17.000443016115387, 52.444545523218771 ], [ 17.0003162962552, 52.444486715381473 ], [ 17.000220086647495, 52.444420508422319 ], [ 17.000185098618864, 52.444374045266535 ], [ 17.000177143512307, 52.444344948799731 ], [ 17.000177107369613, 52.444323001898653 ], [ 17.000183580442588, 52.444306831560532 ] ] ] ] } },
{ "type": "Feature", "properties": { "gml_id": "OT_ADJA_A.20", "lokalnyId": "322BD60C-5C60-598B-E053-CC2BA8C05138", "przestrzen": "PL.PZGiK.308.BDOT10k", "wersjaId": "2022-01-20T00:00:00", "czyObiektB": 0, "x_kod": "ADJA05", "x_skrKarto": null, "x_katDoklG": "Dok", "x_doklGeom": 1, "x_doklGe_1": "m", "x_zrodloDa": "PRG", "x_zrodlo_1": "PRG", "x_katIstni": null, "x_rodzajRe": "ZP", "x_aktualno": "2022-01-20", "x_aktual_1": "2022-01-20", "poczatekWe": "2022-01-20T00:00:00", "x_dataUtwo": "2012-11-13", "x_kodKarto": "0010_505", "x_kodKar_1": "0025_505", "x_kodKar_2": "0050_505", "x_kodKar_3": "0100_505", "x_kodKar_4": null, "x_kodKar_5": null, "x_kodKar_6": null, "nazwa": "Czerwonak", "idPRG": 1030210420, "idTerytJed": 3021, "idTerytTer": 3021042, "rodzaj": "GW", "PRG|BT_Ref": 1030210420, "PRG|BT_R_1": "PL.PZGiK.200", "x_informDo": null }, "geometry": { "type": "MultiPolygon", "coordinates": [ [ [ [ 16.993777887638018, 52.458475086530505 ], [ 16.993798734745411, 52.458469953672527 ], [ 16.994004017820718, 52.458420729456897 ], [ 16.994379121177694, 52.458334720293692 ], [ 16.994547707358425, 52.458295935765371 ], [ 16.994429372790716, 52.458097311766984 ], [ 16.994215073787064, 52.457982146556965 ], [ 16.994141564058761, 52.45798296827558 ], [ 16.993655689500216, 52.457972926088047 ], [ 16.99357153768312, 52.458003787966703 ], [ 16.993547809500729, 52.458069044243466 ], [ 16.993698422201362, 52.458334865131619 ], [ 16.993777887638018, 52.458475086530505 ] ] ] ] } },
{ "type": "Feature", "properties": { "gml_id": "OT_ADJA_A.20", "lokalnyId": "322BD60C-5C60-598B-E053-CC2BA8C05138", "przestrzen": "PL.PZGiK.308.BDOT10k", "wersjaId": "2022-01-20T00:00:00", "czyObiektB": 0, "x_kod": "ADJA05", "x_skrKarto": null, "x_katDoklG": "Dok", "x_doklGeom": 1, "x_doklGe_1": "m", "x_zrodloDa": "PRG", "x_zrodlo_1": "PRG", "x_katIstni": null, "x_rodzajRe": "ZP", "x_aktualno": "2022-01-20", "x_aktual_1": "2022-01-20", "poczatekWe": "2022-01-20T00:00:00", "x_dataUtwo": "2012-11-13", "x_kodKarto": "0010_505", "x_kodKar_1": "0025_505", "x_kodKar_2": "0050_505", "x_kodKar_3": "0100_505", "x_kodKar_4": null, "x_kodKar_5": null, "x_kodKar_6": null, "nazwa": "Czerwonak", "idPRG": 1030210420, "idTerytJed": 3021, "idTerytTer": 3021042, "rodzaj": "GW", "PRG|BT_Ref": 1030210420, "PRG|BT_R_1": "PL.PZGiK.200", "x_informDo": null }, "geometry": { "type": "MultiPolygon", "coordinates": [ [ [ [ 16.996137980128285, 52.458926418757187 ], [ 16.995966045628052, 52.458964339316111 ], [ 16.996065363464155, 52.459140962979198 ], [ 16.996095454505788, 52.459194899479499 ], [ 16.996125684585902, 52.459249018214784 ], [ 16.99620809844868, 52.459399091721487 ], [ 16.996327859370094, 52.459611949088497 ], [ 16.996359647234787, 52.459667443308284 ], [ 16.996681765998826, 52.459594020531931 ], [ 16.996222500851932, 52.458913370153873 ], [ 16.996137980128285, 52.458926418757187 ] ] ] ] } },
{ "type": "Feature", "properties": { "gml_id": "OT_ADJA_A.20", "lokalnyId": "322BD60C-5C60-598B-E053-CC2BA8C05138", "przestrzen": "PL.PZGiK.308.BDOT10k", "wersjaId": "2022-01-20T00:00:00", "czyObiektB": 0, "x_kod": "ADJA05", "x_skrKarto": null, "x_katDoklG": "Dok", "x_doklGeom": 1, "x_doklGe_1": "m", "x_zrodloDa": "PRG", "x_zrodlo_1": "PRG", "x_katIstni": null, "x_rodzajRe": "ZP", "x_aktualno": "2022-01-20", "x_aktual_1": "2022-01-20", "poczatekWe": "2022-01-20T00:00:00", "x_dataUtwo": "2012-11-13", "x_kodKarto": "0010_505", "x_kodKar_1": "0025_505", "x_kodKar_2": "0050_505", "x_kodKar_3": "0100_505", "x_kodKar_4": null, "x_kodKar_5": null, "x_kodKar_6": null, "nazwa": "Czerwonak", "idPRG": 1030210420, "idTerytJed": 3021, "idTerytTer": 3021042, "rodzaj": "GW", "PRG|BT_Ref": 1030210420, "PRG|BT_R_1": "PL.PZGiK.200", "x_informDo": null }, "geometry": { "type": "MultiPolygon", "coordinates": [ [ [ [ 16.993218166406077, 52.462558566093925 ], [ 16.99355693453365, 52.462394860972012 ], [ 16.993710295733486, 52.462351232082192 ], [ 16.99398941602162, 52.462233014559182 ], [ 16.994112967919005, 52.462161626521556 ], [ 16.994261242975028, 52.462093805746548 ], [ 16.994303038228299, 52.462055479132516 ], [ 16.994314077087296, 52.462007006854051 ], [ 16.99430140233142, 52.461981337812468 ], [ 16.994237339337008, 52.461958844575861 ], [ 16.994212950767679, 52.461934955589342 ], [ 16.994187176609607, 52.461905916305454 ], [ 16.994201072704815, 52.46187557117819 ], [ 16.994241228963581, 52.46184738041741 ], [ 16.994328224453984, 52.461831856687375 ], [ 16.994569196357205, 52.461820653307996 ], [ 16.994715802851594, 52.461789500684269 ], [ 16.994873394986207, 52.461740185659963 ], [ 16.995085179074579, 52.461706989757154 ], [ 16.995270426168688, 52.461710130530186 ], [ 16.995434678205843, 52.46173135354632 ], [ 16.995472756079344, 52.461774812222664 ], [ 16.995570206482782, 52.461866227914641 ], [ 16.995732611533949, 52.462057772449114 ], [ 16.995949399005408, 52.462099223069863 ], [ 16.996205127050427, 52.462019279670272 ], [ 16.996494261670858, 52.461855444681085 ], [ 16.996370340832204, 52.46163028478059 ], [ 16.995777274179929, 52.460633822144786 ], [ 16.995735181698166, 52.460639854460418 ], [ 16.995529704276709, 52.460644556320489 ], [ 16.995230857394684, 52.460643087726837 ], [ 16.995219389053407, 52.460642713402073 ], [ 16.994939779818974, 52.460632665809165 ], [ 16.99485865024868, 52.460739492321814 ], [ 16.994528201515593, 52.460740004490177 ], [ 16.994320443661898, 52.460791616172216 ], [ 16.993989013806768, 52.460810458704024 ], [ 16.993813367156697, 52.460819711118972 ], [ 16.993587547334986, 52.460828111940309 ], [ 16.993238738919903, 52.460817875509896 ], [ 16.993107334864739, 52.460825629120052 ], [ 16.99303325197155, 52.460848656545387 ], [ 16.9927789953854, 52.460986901578508 ], [ 16.99273853205473, 52.461034784302846 ], [ 16.992736757012022, 52.461093217569861 ], [ 16.992783025008698, 52.461202565004591 ], [ 16.992775156541374, 52.461239578181328 ], [ 16.992764149324103, 52.461267903483169 ], [ 16.992628306691394, 52.46138612201824 ], [ 16.991932807932837, 52.461551861945722 ], [ 16.99179860179439, 52.461559656475394 ], [ 16.991716577249967, 52.461546840563635 ], [ 16.991656296803143, 52.461525399535766 ], [ 16.991613207840125, 52.461485362293139 ], [ 16.99154306194195, 52.461447743665097 ], [ 16.991440711821465, 52.461444745960208 ], [ 16.991169968341612, 52.461495372189049 ], [ 16.990788294284322, 52.461492125490778 ], [ 16.990735636834415, 52.461532874678852 ], [ 16.990702515380846, 52.461581151306092 ], [ 16.990667626872622, 52.46164882573899 ], [ 16.990642150986897, 52.461716750053462 ], [ 16.990639779575002, 52.461788215006493 ], [ 16.990663719269001, 52.461831614902252 ], [ 16.990683072715957, 52.46188195247003 ], [ 16.990746898890247, 52.461993667779943 ], [ 16.99081549974845, 52.462097549133837 ], [ 16.990838879029706, 52.46215326175485 ], [ 16.99083206631828, 52.462205853008463 ], [ 16.990831919943478, 52.462445100764803 ], [ 16.990884670015316, 52.462505809597552 ], [ 16.990921581010834, 52.462519838346807 ], [ 16.990973349745875, 52.462524495542226 ], [ 16.991057081727206, 52.462512786336262 ], [ 16.991136353172081, 52.462453511022595 ], [ 16.991166020478616, 52.462416418560451 ], [ 16.991187092959837, 52.462367577344267 ], [ 16.991178946468978, 52.462236031210175 ], [ 16.991347376337927, 52.462087876957156 ], [ 16.991453412984836, 52.462042277812458 ], [ 16.99149996244229, 52.462035423277158 ], [ 16.99153469071242, 52.462048875100251 ], [ 16.991562347358396, 52.462078576553523 ], [ 16.991596939813043, 52.462198519382511 ], [ 16.991627098247772, 52.462309122688566 ], [ 16.991635981633337, 52.462443919269397 ], [ 16.991629026120979, 52.462596705401502 ], [ 16.991615672520155, 52.462780053658051 ], [ 16.991574936977312, 52.462901775131542 ], [ 16.991507952553452, 52.462943450587957 ], [ 16.991381907896898, 52.462962716202476 ], [ 16.991237382337236, 52.462948028798905 ], [ 16.991151223575994, 52.462857790711496 ], [ 16.991089592806659, 52.462836866131617 ], [ 16.991023882465868, 52.462824686691121 ], [ 16.990945067765121, 52.462822178375582 ], [ 16.990862173411951, 52.462828415172666 ], [ 16.990755436258063, 52.462860240510864 ], [ 16.990630226621768, 52.462861170999062 ], [ 16.990570749546599, 52.462847927958528 ], [ 16.990511349112861, 52.462849167125633 ], [ 16.990447758872968, 52.462855102075949 ], [ 16.990384249274037, 52.462875429354575 ], [ 16.990289773072142, 52.462912859270062 ], [ 16.990225095142254, 52.462923272800381 ], [ 16.990167223865846, 52.462916802626829 ], [ 16.990031966363432, 52.462882933375099 ], [ 16.990099955785123, 52.462812763673824 ], [ 16.990144515720839, 52.462755867150022 ], [ 16.990056017675233, 52.462713798309508 ], [ 16.989865764161046, 52.462710564285011 ], [ 16.989668148575863, 52.462762250343332 ], [ 16.98946302575046, 52.462755704791846 ], [ 16.989318919383845, 52.462731847901033 ], [ 16.989251247886738, 52.462678709731264 ], [ 16.989233732219787, 52.462655925954941 ], [ 16.989209958493344, 52.462637982663068 ], [ 16.989187181335389, 52.462627251810524 ], [ 16.989151489243348, 52.462609105833373 ], [ 16.989143807835347, 52.462583790966136 ], [ 16.989124076622119, 52.462564387357638 ], [ 16.989103989019227, 52.462552802788835 ], [ 16.989071851611151, 52.462547129470622 ], [ 16.988841863159912, 52.462540159964519 ], [ 16.988561839228478, 52.46252928081207 ], [ 16.988286121515422, 52.462533764690463 ], [ 16.988257173436708, 52.462551800611038 ], [ 16.988249011929287, 52.462579004654579 ], [ 16.988325708147642, 52.46265379349245 ], [ 16.988487744279489, 52.462817279439022 ], [ 16.988854119768586, 52.462846267028354 ], [ 16.989148487573164, 52.462901102043226 ], [ 16.989274385854699, 52.462962605771565 ], [ 16.989391278197129, 52.463086017393387 ], [ 16.989486018739317, 52.463159133502231 ], [ 16.989554070928946, 52.463216865128196 ], [ 16.989691801179465, 52.463303124194717 ], [ 16.989735578148469, 52.46332806328104 ], [ 16.989732346530015, 52.463402211896778 ], [ 16.989823860986441, 52.463410423470599 ], [ 16.989946009082107, 52.463476719670361 ], [ 16.990239099152561, 52.463530630768581 ], [ 16.990528300593418, 52.46356001036979 ], [ 16.990723970314324, 52.463551102992142 ], [ 16.990922152905569, 52.463490250536424 ], [ 16.991103509343109, 52.463465808920184 ], [ 16.991346018325419, 52.463476044755922 ], [ 16.99151567779715, 52.463507978388087 ], [ 16.991919588018625, 52.463514838199039 ], [ 16.992238277889093, 52.46350783746923 ], [ 16.992285515528543, 52.463498835652913 ], [ 16.992336996193895, 52.463477493631551 ], [ 16.992407957741413, 52.463432557315244 ], [ 16.992415994066679, 52.463411287161193 ], [ 16.992424300611859, 52.463374371396746 ], [ 16.992298639803593, 52.463126331931285 ], [ 16.992383277038495, 52.462942664855923 ], [ 16.992471052475686, 52.462906828448531 ], [ 16.992647469339499, 52.462838767888137 ], [ 16.992958929904265, 52.462718673283618 ], [ 16.993218166406077, 52.462558566093925 ] ] ] ] } },
{ "type": "Feature", "properties": { "gml_id": "OT_ADJA_A.20", "lokalnyId": "322BD60C-5C60-598B-E053-CC2BA8C05138", "przestrzen": "PL.PZGiK.308.BDOT10k", "wersjaId": "2022-01-20T00:00:00", "czyObiektB": 0, "x_kod": "ADJA05", "x_skrKarto": null, "x_katDoklG": "Dok", "x_doklGeom": 1, "x_doklGe_1": "m", "x_zrodloDa": "PRG", "x_zrodlo_1": "PRG", "x_katIstni": null, "x_rodzajRe": "ZP", "x_aktualno": "2022-01-20", "x_aktual_1": "2022-01-20", "poczatekWe": "2022-01-20T00:00:00", "x_dataUtwo": "2012-11-13", "x_kodKarto": "0010_505", "x_kodKar_1": "0025_505", "x_kodKar_2": "0050_505", "x_kodKar_3": "0100_505", "x_kodKar_4": null, "x_kodKar_5": null, "x_kodKar_6": null, "nazwa": "Czerwonak", "idPRG": 1030210420, "idTerytJed": 3021, "idTerytTer": 3021042, "rodzaj": "GW", "PRG|BT_Ref": 1030210420, "PRG|BT_R_1": "PL.PZGiK.200", "x_informDo": null }, "geometry": { "type": "MultiPolygon", "coordinates": [ [ [ [ 17.002848980695166, 52.462176200022775 ], [ 17.002913475631754, 52.462306358259788 ], [ 17.00288735290524, 52.462398738794661 ], [ 17.002869107957544, 52.462460221856219 ], [ 17.002883751536558, 52.462494557772196 ], [ 17.002952759590826, 52.462508765051524 ], [ 17.002979769226528, 52.462494380520766 ], [ 17.003092123382892, 52.462396800403852 ], [ 17.003139236985476, 52.462377448671482 ], [ 17.003207607447894, 52.4623732066133 ], [ 17.003260933865661, 52.462411793431144 ], [ 17.0032850227106, 52.462461938960807 ], [ 17.003212509259665, 52.462606512943815 ], [ 17.003077685748345, 52.462813354878257 ], [ 17.003043133797497, 52.462880498849614 ], [ 17.00328153560643, 52.462854573487832 ], [ 17.003467229421243, 52.46281867343302 ], [ 17.003552738240675, 52.462813191496942 ], [ 17.003650675016537, 52.462819432085901 ], [ 17.003733445386189, 52.462832162319849 ], [ 17.003825222952511, 52.462857366808436 ], [ 17.003893343138486, 52.462881452329533 ], [ 17.003963973771896, 52.462732888650706 ], [ 17.003900813011086, 52.462573162126937 ], [ 17.003824179365832, 52.462512685652449 ], [ 17.003566556700349, 52.462371172525536 ], [ 17.003293963551723, 52.462264394067539 ], [ 17.002883825244087, 52.462141620603568 ], [ 17.002848980695166, 52.462176200022775 ] ] ] ] } },
{ "type": "Feature", "properties": { "gml_id": "OT_ADJA_A.20", "lokalnyId": "322BD60C-5C60-598B-E053-CC2BA8C05138", "przestrzen": "PL.PZGiK.308.BDOT10k", "wersjaId": "2022-01-20T00:00:00", "czyObiektB": 0, "x_kod": "ADJA05", "x_skrKarto": null, "x_katDoklG": "Dok", "x_doklGeom": 1, "x_doklGe_1": "m", "x_zrodloDa": "PRG", "x_zrodlo_1": "PRG", "x_katIstni": null, "x_rodzajRe": "ZP", "x_aktualno": "2022-01-20", "x_aktual_1": "2022-01-20", "poczatekWe": "2022-01-20T00:00:00", "x_dataUtwo": "2012-11-13", "x_kodKarto": "0010_505", "x_kodKar_1": "0025_505", "x_kodKar_2": "0050_505", "x_kodKar_3": "0100_505", "x_kodKar_4": null, "x_kodKar_5": null, "x_kodKar_6": null, "nazwa": "Czerwonak", "idPRG": 1030210420, "idTerytJed": 3021, "idTerytTer": 3021042, "rodzaj": "GW", "PRG|BT_Ref": 1030210420, "PRG|BT_R_1": "PL.PZGiK.200", "x_informDo": null }, "geometry": { "type": "MultiPolygon", "coordinates": [ [ [ [ 16.995663872493463, 52.462971154145492 ], [ 16.995840636767845, 52.462827272266765 ], [ 16.996101193620579, 52.46284859748431 ], [ 16.996425084639913, 52.462827462552433 ], [ 16.996620162036017, 52.462825011346929 ], [ 16.997090366202421, 52.46282137394153 ], [ 16.997044229932232, 52.462725072359568 ], [ 16.996973912698504, 52.462726759462321 ], [ 16.996831077036525, 52.462467281019116 ], [ 16.996059608891024, 52.462603515942163 ], [ 16.995802218805736, 52.462619480957216 ], [ 16.995647346522464, 52.462573233253607 ], [ 16.99501606140279, 52.462132690374403 ], [ 16.994030378898135, 52.462336065346328 ], [ 16.994347435979339, 52.462510537575369 ], [ 16.994727832595483, 52.462720261654106 ], [ 16.994880216177467, 52.462801816213585 ], [ 16.995302132051549, 52.462885421910165 ], [ 16.995663872493463, 52.462971154145492 ] ] ] ] } },
{ "type": "Feature", "properties": { "gml_id": "OT_ADJA_A.20", "lokalnyId": "322BD60C-5C60-598B-E053-CC2BA8C05138", "przestrzen": "PL.PZGiK.308.BDOT10k", "wersjaId": "2022-01-20T00:00:00", "czyObiektB": 0, "x_kod": "ADJA05", "x_skrKarto": null, "x_katDoklG": "Dok", "x_doklGeom": 1, "x_doklGe_1": "m", "x_zrodloDa": "PRG", "x_zrodlo_1": "PRG", "x_katIstni": null, "x_rodzajRe": "ZP", "x_aktualno": "2022-01-20", "x_aktual_1": "2022-01-20", "poczatekWe": "2022-01-20T00:00:00", "x_dataUtwo": "2012-11-13", "x_kodKarto": "0010_505", "x_kodKar_1": "0025_505", "x_kodKar_2": "0050_505", "x_kodKar_3": "0100_505", "x_kodKar_4": null, "x_kodKar_5": null, "x_kodKar_6": null, "nazwa": "Czerwonak", "idPRG": 1030210420, "idTerytJed": 3021, "idTerytTer": 3021042, "rodzaj": "GW", "PRG|BT_Ref": 1030210420, "PRG|BT_R_1": "PL.PZGiK.200", "x_informDo": null }, "geometry": { "type": "MultiPolygon", "coordinates": [ [ [ [ 16.990244960168269, 52.465835896885316 ], [ 16.99007227986187, 52.465517799347488 ], [ 16.990032567852044, 52.465442381162099 ], [ 16.989609567872442, 52.465524414606854 ], [ 16.989456789393177, 52.465558154362931 ], [ 16.9892976302779, 52.465589716724438 ], [ 16.988555203822319, 52.465700942887786 ], [ 16.988516589841019, 52.465795266594689 ], [ 16.988560243432442, 52.465910147681051 ], [ 16.988706093744529, 52.466138207233868 ], [ 16.988896444081121, 52.466100880069575 ], [ 16.989119655155818, 52.466053408107641 ], [ 16.989397516859118, 52.466002367766734 ], [ 16.989681554825548, 52.465945045775001 ], [ 16.989962563032325, 52.465889560422525 ], [ 16.990244960168269, 52.465835896885316 ] ] ] ] } },
{ "type": "Feature", "properties": { "gml_id": "OT_ADJA_A.20", "lokalnyId": "322BD60C-5C60-598B-E053-CC2BA8C05138", "przestrzen": "PL.PZGiK.308.BDOT10k", "wersjaId": "2022-01-20T00:00:00", "czyObiektB": 0, "x_kod": "ADJA05", "x_skrKarto": null, "x_katDoklG": "Dok", "x_doklGeom": 1, "x_doklGe_1": "m", "x_zrodloDa": "PRG", "x_zrodlo_1": "PRG", "x_katIstni": null, "x_rodzajRe": "ZP", "x_aktualno": "2022-01-20", "x_aktual_1": "2022-01-20", "poczatekWe": "2022-01-20T00:00:00", "x_dataUtwo": "2012-11-13", "x_kodKarto": "0010_505", "x_kodKar_1": "0025_505", "x_kodKar_2": "0050_505", "x_kodKar_3": "0100_505", "x_kodKar_4": null, "x_kodKar_5": null, "x_kodKar_6": null, "nazwa": "Czerwonak", "idPRG": 1030210420, "idTerytJed": 3021, "idTerytTer": 3021042, "rodzaj": "GW", "PRG|BT_Ref": 1030210420, "PRG|BT_R_1": "PL.PZGiK.200", "x_informDo": null }, "geometry": { "type": "MultiPolygon", "coordinates": [ [ [ [ 16.995242564676072, 52.466960206414811 ], [ 16.995747672353946, 52.466860296541022 ], [ 16.995408005052433, 52.466181221442945 ], [ 16.995311482368709, 52.465988185213618 ], [ 16.99448829594013, 52.466039346285463 ], [ 16.994442458052092, 52.466049901775548 ], [ 16.994402130174915, 52.466059111602384 ], [ 16.994126223450937, 52.466122339218778 ], [ 16.994322030811759, 52.466476620396698 ], [ 16.994706435670995, 52.467172287407323 ], [ 16.994753787566346, 52.467183523828695 ], [ 16.994941456975845, 52.46718247868305 ], [ 16.995167875146869, 52.467236146269073 ], [ 16.995240046882429, 52.467222978853975 ], [ 16.995303114534405, 52.467186541559862 ], [ 16.995240252066178, 52.466991647460318 ], [ 16.995242564676072, 52.466960206414811 ] ] ] ] } },
{ "type": "Feature", "properties": { "gml_id": "OT_ADJA_A.20", "lokalnyId": "322BD60C-5C60-598B-E053-CC2BA8C05138", "przestrzen": "PL.PZGiK.308.BDOT10k", "wersjaId": "2022-01-20T00:00:00", "czyObiektB": 0, "x_kod": "ADJA05", "x_skrKarto": null, "x_katDoklG": "Dok", "x_doklGeom": 1, "x_doklGe_1": "m", "x_zrodloDa": "PRG", "x_zrodlo_1": "PRG", "x_katIstni": null, "x_rodzajRe": "ZP", "x_aktualno": "2022-01-20", "x_aktual_1": "2022-01-20", "poczatekWe": "2022-01-20T00:00:00", "x_dataUtwo": "2012-11-13", "x_kodKarto": "0010_505", "x_kodKar_1": "0025_505", "x_kodKar_2": "0050_505", "x_kodKar_3": "0100_505", "x_kodKar_4": null, "x_kodKar_5": null, "x_kodKar_6": null, "nazwa": "Czerwonak", "idPRG": 1030210420, "idTerytJed": 3021, "idTerytTer": 3021042, "rodzaj": "GW", "PRG|BT_Ref": 1030210420, "PRG|BT_R_1": "PL.PZGiK.200", "x_informDo": null }, "geometry": { "type": "MultiPolygon", "coordinates": [ [ [ [ 16.992349537941088, 52.467909769068164 ], [ 16.992624523696723, 52.467941510329233 ], [ 16.992769181558, 52.467914824099502 ], [ 16.992896042282926, 52.467839086197849 ], [ 16.992618213127464, 52.467763045045551 ], [ 16.99237003301943, 52.46769245349595 ], [ 16.99208347854173, 52.467614014349031 ], [ 16.991812928130308, 52.467543131715345 ], [ 16.991503374626735, 52.467455576042077 ], [ 16.99134641102426, 52.467454978663575 ], [ 16.991218395482534, 52.46747196211264 ], [ 16.991174387877024, 52.467529587956456 ], [ 16.991142177514234, 52.467583636560775 ], [ 16.991131039871046, 52.467627699620763 ], [ 16.991136970207606, 52.467643000836652 ], [ 16.99128122348807, 52.467612262091421 ], [ 16.991390127952791, 52.467620408004954 ], [ 16.991446687933177, 52.467652579133983 ], [ 16.991398475999706, 52.467750788163954 ], [ 16.991338523884522, 52.467776932803808 ], [ 16.991319031660396, 52.467810420507895 ], [ 16.991352561448299, 52.467843819467518 ], [ 16.99145126363177, 52.467849633378187 ], [ 16.991646654337622, 52.46783109564187 ], [ 16.991990683960072, 52.467695186807234 ], [ 16.992062063490671, 52.467702694900247 ], [ 16.992118812271546, 52.467730731502883 ], [ 16.992208819465894, 52.467853143948425 ], [ 16.992349537941088, 52.467909769068164 ] ] ] ] } },
{ "type": "Feature", "properties": { "gml_id": "OT_ADJA_A.20", "lokalnyId": "322BD60C-5C60-598B-E053-CC2BA8C05138", "przestrzen": "PL.PZGiK.308.BDOT10k", "wersjaId": "2022-01-20T00:00:00", "czyObiektB": 0, "x_kod": "ADJA05", "x_skrKarto": null, "x_katDoklG": "Dok", "x_doklGeom": 1, "x_doklGe_1": "m", "x_zrodloDa": "PRG", "x_zrodlo_1": "PRG", "x_katIstni": null, "x_rodzajRe": "ZP", "x_aktualno": "2022-01-20", "x_aktual_1": "2022-01-20", "poczatekWe": "2022-01-20T00:00:00", "x_dataUtwo": "2012-11-13", "x_kodKarto": "0010_505", "x_kodKar_1": "0025_505", "x_kodKar_2": "0050_505", "x_kodKar_3": "0100_505", "x_kodKar_4": null, "x_kodKar_5": null, "x_kodKar_6": null, "nazwa": "Czerwonak", "idPRG": 1030210420, "idTerytJed": 3021, "idTerytTer": 3021042, "rodzaj": "GW", "PRG|BT_Ref": 1030210420, "PRG|BT_R_1": "PL.PZGiK.200", "x_informDo": null }, "geometry": { "type": "MultiPolygon", "coordinates": [ [ [ [ 16.994497724364201, 52.46810254219514 ], [ 16.994220884322619, 52.46806294876658 ], [ 16.994018368497596, 52.468056815295206 ], [ 16.993950054021962, 52.468134087236976 ], [ 16.993685359198476, 52.468057371994696 ], [ 16.993449009702161, 52.467988872271661 ], [ 16.993183458177665, 52.46791483966274 ], [ 16.993235030616841, 52.468101988031385 ], [ 16.993275673820328, 52.468208901113613 ], [ 16.993397853918779, 52.468530633887788 ], [ 16.993291052020982, 52.468521536143378 ], [ 16.99281998669646, 52.468494203642905 ], [ 16.992689259099965, 52.468486588066249 ], [ 16.992421845060559, 52.46844049460676 ], [ 16.992338842912584, 52.468426223536042 ], [ 16.992275425305095, 52.468415253053287 ], [ 16.991687495269819, 52.46832171210346 ], [ 16.991473148982749, 52.468310156630452 ], [ 16.991281642961862, 52.468269217408384 ], [ 16.990986323754122, 52.468172997789431 ], [ 16.990855571249963, 52.468130391683339 ], [ 16.990693802104651, 52.468073586986314 ], [ 16.990629428844258, 52.4681191739163 ], [ 16.990567388541468, 52.468233157609951 ], [ 16.990573429308444, 52.468246032252146 ], [ 16.990594584170463, 52.468237487303952 ], [ 16.990643772339435, 52.468237513618902 ], [ 16.990682715952683, 52.468245820543956 ], [ 16.990726156485849, 52.468249167021085 ], [ 16.990767933007007, 52.468256712559551 ], [ 16.990804035592245, 52.468265960552856 ], [ 16.990813625091995, 52.468272059761603 ], [ 16.990819476941958, 52.468298782498429 ], [ 16.990816132309419, 52.468310778117079 ], [ 16.990802539026596, 52.468331144250527 ], [ 16.990796558014178, 52.468339587274059 ], [ 16.990783394590384, 52.468350516628746 ], [ 16.990771624972918, 52.468363178592597 ], [ 16.990778030416742, 52.468364816467144 ], [ 16.990856195658136, 52.468385032681844 ], [ 16.99098079153033, 52.468507853834858 ], [ 16.991056070596336, 52.468536475581168 ], [ 16.99130579292245, 52.468631470777019 ], [ 16.991824338188163, 52.468754596053849 ], [ 16.991951170502237, 52.468766913448547 ], [ 16.992039732833177, 52.468775522808698 ], [ 16.992631954752213, 52.468833157372302 ], [ 16.992765327940202, 52.468850621761447 ], [ 16.992876225842071, 52.468889470879198 ], [ 16.992970686699483, 52.468930289511938 ], [ 16.993080370528006, 52.468989355135108 ], [ 16.99309543413673, 52.468994917451234 ], [ 16.993252132678297, 52.469053251746665 ], [ 16.993390534967052, 52.469060547197856 ], [ 16.993676418996646, 52.4690374254128 ], [ 16.993937620362942, 52.469051840413293 ], [ 16.994170628272862, 52.469109759027404 ], [ 16.994415733055817, 52.469189918509819 ], [ 16.994440599866273, 52.469216333930369 ], [ 16.994435809147234, 52.469237479361261 ], [ 16.994419302528744, 52.469253928916288 ], [ 16.99426744656478, 52.469283373290885 ], [ 16.994171344908839, 52.469307736960239 ], [ 16.994003791114658, 52.469322883538076 ], [ 16.993827288877412, 52.469317820656904 ], [ 16.993617090659107, 52.469260288375267 ], [ 16.993360998475026, 52.469208003183503 ], [ 16.993095012995571, 52.469227504395135 ], [ 16.992875762728715, 52.469297716931713 ], [ 16.992719815365746, 52.469417033462641 ], [ 16.992534561238092, 52.46952982607467 ], [ 16.992334395642946, 52.469581923158756 ], [ 16.992777284364191, 52.469678485527993 ], [ 16.992681839833473, 52.46982752094447 ], [ 16.992521393266863, 52.470077988523421 ], [ 16.99242489336077, 52.470195165795353 ], [ 16.992105137890366, 52.470583599961863 ], [ 16.992159981462628, 52.470708563326269 ], [ 16.992233508420032, 52.470811357976451 ], [ 16.992503576680807, 52.470754151650581 ], [ 16.992979082885096, 52.470690897500155 ], [ 16.993232652979767, 52.470724342449834 ], [ 16.99360159914659, 52.470785738110941 ], [ 16.993957047737073, 52.470852480148615 ], [ 16.994038681412345, 52.470867806151993 ], [ 16.994311528776066, 52.470943759284438 ], [ 16.994611161753575, 52.471010452106903 ], [ 16.994852159899558, 52.471028929627543 ], [ 16.994899274587453, 52.471032516733416 ], [ 16.994928785946403, 52.471024832245035 ], [ 16.995048012802066, 52.470997262271716 ], [ 16.995154538201202, 52.470976942161521 ], [ 16.995267894564105, 52.470955388603613 ], [ 16.995395145986539, 52.470932721323564 ], [ 16.995785535207112, 52.47090803789844 ], [ 16.996094814461781, 52.470901856299569 ], [ 16.996157622803736, 52.470900402169327 ], [ 16.996174428656367, 52.470900057334461 ], [ 16.996474611928122, 52.470893091009827 ], [ 16.996740063647358, 52.470892011514508 ], [ 16.996927442293781, 52.470891228012071 ], [ 16.99711144806432, 52.470886879290994 ], [ 16.997154801479759, 52.470885724732362 ], [ 16.997325134768758, 52.470747847857695 ], [ 16.997234534588284, 52.470725626514607 ], [ 16.9969586506285, 52.470658083408033 ], [ 16.996724866367419, 52.470600786838794 ], [ 16.99655573918027, 52.470556457746831 ], [ 16.9964936376537, 52.470542363832806 ], [ 16.996131302973282, 52.470468317263347 ], [ 16.996028366422138, 52.470445346284585 ], [ 16.996079248955606, 52.470349789073431 ], [ 16.996136577369995, 52.470242018804235 ], [ 16.996228568904709, 52.470087705449444 ], [ 16.996238140988773, 52.469974268974639 ], [ 16.996564980786715, 52.4697175312658 ], [ 16.996790706484322, 52.469767316316108 ], [ 16.99694532361589, 52.469644644046227 ], [ 16.997564630390453, 52.469702982359685 ], [ 16.997500341770323, 52.469928461431714 ], [ 16.997577374866253, 52.469879667318061 ], [ 16.997825187909722, 52.469725202913885 ], [ 16.998017880556901, 52.469905743836442 ], [ 16.998141211073538, 52.469709776074652 ], [ 16.998329945603302, 52.469704965878954 ], [ 16.998201605393469, 52.469368833238548 ], [ 16.998022216128444, 52.469274863572707 ], [ 16.997272172629355, 52.469167003295347 ], [ 16.997173247891308, 52.469133577842854 ], [ 16.997179371341417, 52.469076567417105 ], [ 16.997240346442855, 52.469031099299876 ], [ 16.99799492272998, 52.469113672466534 ], [ 16.998149662827878, 52.469137428758685 ], [ 16.99833851792339, 52.469136398233921 ], [ 16.998424764463014, 52.469144154105656 ], [ 16.998520525337678, 52.469247321110927 ], [ 16.998614072181226, 52.469246745711409 ], [ 16.998717067827315, 52.46918723726646 ], [ 16.999008442012112, 52.469179395960879 ], [ 16.999690295314732, 52.469186704216426 ], [ 16.999978265691635, 52.469130503296931 ], [ 17.000000062185549, 52.469130512158408 ], [ 17.000126414021828, 52.469130760204415 ], [ 17.000205745705028, 52.469177343359313 ], [ 17.000222034867193, 52.469227357562225 ], [ 17.000178730809928, 52.469448335919928 ], [ 17.000213916215749, 52.469568825580581 ], [ 17.000191418290186, 52.469639500465988 ], [ 17.000175122924993, 52.469690312787947 ], [ 17.00006962257736, 52.469811571298159 ], [ 17.000223054134782, 52.469864264515195 ], [ 17.000381779968027, 52.469917136995392 ], [ 17.000500458716939, 52.469956740059892 ], [ 17.000526829999458, 52.469956556342126 ], [ 17.000692782269965, 52.469918257972466 ], [ 17.000860656584461, 52.469886287905986 ], [ 17.001087914359445, 52.469843898568534 ], [ 17.001255370518674, 52.469808143251846 ], [ 17.001429392405921, 52.469776995835169 ], [ 17.001590933478603, 52.469745007647703 ], [ 17.001763041162405, 52.469710589430719 ], [ 17.001924581760761, 52.469678600782274 ], [ 17.002107076609573, 52.469645706721771 ], [ 17.002293654435263, 52.469652726299195 ], [ 17.002477106772044, 52.46964746048014 ], [ 17.002666394708573, 52.469653176094901 ], [ 17.002833155621836, 52.469645738994444 ], [ 17.003037284385446, 52.469600167067192 ], [ 17.003064361455582, 52.469594148380303 ], [ 17.003099346101891, 52.469595638577715 ], [ 17.003337197877777, 52.469618452928266 ], [ 17.003423361279744, 52.469478426687523 ], [ 17.003065571055199, 52.469336480874169 ], [ 17.003055527990611, 52.469301323285436 ], [ 17.00306199719094, 52.469252773130222 ], [ 17.003027780654783, 52.469188785203016 ], [ 17.00265490842893, 52.469080761934507 ], [ 17.002237593833588, 52.469053295570554 ], [ 17.001855277277347, 52.468988013235126 ], [ 17.001776642136658, 52.46898128791689 ], [ 17.001718107287083, 52.468976251354334 ], [ 17.001682614258307, 52.468963239390817 ], [ 17.001671866209136, 52.468933916086108 ], [ 17.001689822561293, 52.468878904291124 ], [ 17.001617955901146, 52.468748800869044 ], [ 17.001567384553429, 52.468720783333453 ], [ 17.000888880210322, 52.468652740684973 ], [ 17.000694343215809, 52.468694693432944 ], [ 17.000320848680946, 52.468763031370067 ], [ 17.000124681400962, 52.468759714047323 ], [ 17.000045235530173, 52.468796866281657 ], [ 17.000000088779274, 52.468850608494122 ], [ 16.999876782755454, 52.468997559363054 ], [ 16.999699961660287, 52.469051502780182 ], [ 16.999250658792466, 52.469031219907698 ], [ 16.998958873372622, 52.468973486036369 ], [ 16.99884553949213, 52.468952500198583 ], [ 16.99870290792845, 52.468966995835167 ], [ 16.998467113375064, 52.468973618460943 ], [ 16.998266057239409, 52.468938465254887 ], [ 16.998062958791174, 52.46887368571543 ], [ 16.997761846366931, 52.468755438873835 ], [ 16.99763790970071, 52.468637133347556 ], [ 16.997327948655165, 52.468606790257681 ], [ 16.997352760020004, 52.468533906468281 ], [ 16.997375961462211, 52.468470529423428 ], [ 16.997345245614046, 52.468417212402095 ], [ 16.997231921515365, 52.468334433961438 ], [ 16.997143840269928, 52.468256849951736 ], [ 16.99707656964263, 52.468171793265611 ], [ 16.997026395215734, 52.468099438320174 ], [ 16.996952627360582, 52.468040714908952 ], [ 16.996870652536291, 52.467997322719533 ], [ 16.996855172787864, 52.467945792686848 ], [ 16.99684220316059, 52.467897363251922 ], [ 16.996803342190404, 52.46785479127243 ], [ 16.996712515518201, 52.467837692421853 ], [ 16.99662524134304, 52.467823441934712 ], [ 16.996611174082137, 52.467867275953346 ], [ 16.99660795044878, 52.467892855250582 ], [ 16.996460310467668, 52.467913919137182 ], [ 16.996281018530464, 52.467928240423426 ], [ 16.996184616721997, 52.467920400829925 ], [ 16.996058459431083, 52.467896496688624 ], [ 16.995928738864201, 52.467895917348216 ], [ 16.995818060280342, 52.467923543094436 ], [ 16.995696239250627, 52.467972746224262 ], [ 16.995618315852315, 52.468008752041698 ], [ 16.995523048301905, 52.468053728002836 ], [ 16.995512973237105, 52.468087465945345 ], [ 16.99544930821315, 52.468253681780055 ], [ 16.995407439732645, 52.468329154244834 ], [ 16.995400729116618, 52.468373112831529 ], [ 16.995280943206488, 52.468584878043401 ], [ 16.994918563434073, 52.46860292904897 ], [ 16.994956681408347, 52.46856786776334 ], [ 16.994953933103776, 52.468514934352505 ], [ 16.994911553077859, 52.468439652566872 ], [ 16.994875312556999, 52.468342708523728 ], [ 16.994913609641845, 52.468284264962683 ], [ 16.994926587869813, 52.468264427602335 ], [ 16.994927649817026, 52.468228108408802 ], [ 16.994926803081235, 52.46820461878184 ], [ 16.994888230088126, 52.46817194483863 ], [ 16.994766797611074, 52.468115379974847 ], [ 16.994674953378055, 52.468097992471947 ], [ 16.99460973299054, 52.468091040131455 ], [ 16.994497724364201, 52.46810254219514 ] ], [ [ 16.996675248722038, 52.469271030862181 ], [ 16.996591289079294, 52.469290745232009 ], [ 16.996328883290278, 52.469273617399139 ], [ 16.995942022153319, 52.469250152577636 ], [ 16.995432849292833, 52.46925420465174 ], [ 16.995314135732379, 52.469199305457472 ], [ 16.995320302338811, 52.46913815844038 ], [ 16.995415098857745, 52.469110084034057 ], [ 16.996130392209661, 52.469107456292186 ], [ 16.99649066283127, 52.469028923761464 ], [ 16.99690099794265, 52.469038123627094 ], [ 16.996675248722038, 52.469271030862181 ] ], [ [ 16.995528632594041, 52.470040495654914 ], [ 16.995141801521893, 52.470440662812486 ], [ 16.995040047984908, 52.470618464986075 ], [ 16.995004459349619, 52.470678843315277 ], [ 16.994930704094084, 52.470700798236571 ], [ 16.994823226399536, 52.470703203232034 ], [ 16.994453358941289, 52.470610225584267 ], [ 16.994406575511903, 52.470573454749179 ], [ 16.994408299663348, 52.470483720337448 ], [ 16.994296328677226, 52.470355000903986 ], [ 16.995042345554488, 52.470140274175861 ], [ 16.995519854666888, 52.470010035897026 ], [ 16.995528632594041, 52.470040495654914 ] ] ] ] } },
{ "type": "Feature", "properties": { "gml_id": "OT_ADJA_A.20", "lokalnyId": "322BD60C-5C60-598B-E053-CC2BA8C05138", "przestrzen": "PL.PZGiK.308.BDOT10k", "wersjaId": "2022-01-20T00:00:00", "czyObiektB": 0, "x_kod": "ADJA05", "x_skrKarto": null, "x_katDoklG": "Dok", "x_doklGeom": 1, "x_doklGe_1": "m", "x_zrodloDa": "PRG", "x_zrodlo_1": "PRG", "x_katIstni": null, "x_rodzajRe": "ZP", "x_aktualno": "2022-01-20", "x_aktual_1": "2022-01-20", "poczatekWe": "2022-01-20T00:00:00", "x_dataUtwo": "2012-11-13", "x_kodKarto": "0010_505", "x_kodKar_1": "0025_505", "x_kodKar_2": "0050_505", "x_kodKar_3": "0100_505", "x_kodKar_4": null, "x_kodKar_5": null, "x_kodKar_6": null, "nazwa": "Czerwonak", "idPRG": 1030210420, "idTerytJed": 3021, "idTerytTer": 3021042, "rodzaj": "GW", "PRG|BT_Ref": 1030210420, "PRG|BT_R_1": "PL.PZGiK.200", "x_informDo": null }, "geometry": { "type": "MultiPolygon", "coordinates": [ [ [ [ 16.989053831707484, 52.469819758441432 ], [ 16.989066915135201, 52.469875206310405 ], [ 16.989006657400527, 52.4701114528959 ], [ 16.988961484912402, 52.470226801927119 ], [ 16.988953981351376, 52.47024601220167 ], [ 16.989152648025289, 52.470320625868489 ], [ 16.989233908840735, 52.470318229977515 ], [ 16.989325744085274, 52.470287411755109 ], [ 16.989485428061872, 52.47000239707674 ], [ 16.989542305061267, 52.469862872119947 ], [ 16.989409033015104, 52.469759149896674 ], [ 16.989177255924762, 52.469574152467253 ], [ 16.989106584691207, 52.46949613889155 ], [ 16.989102505938178, 52.469336869308876 ], [ 16.989058674288181, 52.469313008443152 ], [ 16.988894200957802, 52.469221796853581 ], [ 16.988770872320661, 52.469132633961102 ], [ 16.988700085839426, 52.469073326444388 ], [ 16.988641946516935, 52.469020889824762 ], [ 16.988569518184331, 52.468952380049068 ], [ 16.988416971526746, 52.468761173414201 ], [ 16.988399838060843, 52.468739655261345 ], [ 16.988269874802477, 52.468573207309369 ], [ 16.988093240585357, 52.468700260822985 ], [ 16.987944673912235, 52.468815739188578 ], [ 16.987862396151975, 52.468921192299753 ], [ 16.98791680591026, 52.469097328318142 ], [ 16.988102321495283, 52.469340634215584 ], [ 16.988060281068297, 52.469438946920384 ], [ 16.987936951891477, 52.469543521757458 ], [ 16.987919093389909, 52.469592776850192 ], [ 16.987988650313376, 52.469643519265695 ], [ 16.988360535786207, 52.469766053148575 ], [ 16.98862164474961, 52.469785784979791 ], [ 16.988760191545211, 52.469757650509159 ], [ 16.989053831707484, 52.469819758441432 ] ] ] ] } },
{ "type": "Feature", "properties": { "gml_id": "OT_ADJA_A.20", "lokalnyId": "322BD60C-5C60-598B-E053-CC2BA8C05138", "przestrzen": "PL.PZGiK.308.BDOT10k", "wersjaId": "2022-01-20T00:00:00", "czyObiektB": 0, "x_kod": "ADJA05", "x_skrKarto": null, "x_katDoklG": "Dok", "x_doklGeom": 1, "x_doklGe_1": "m", "x_zrodloDa": "PRG", "x_zrodlo_1": "PRG", "x_katIstni": null, "x_rodzajRe": "ZP", "x_aktualno": "2022-01-20", "x_aktual_1": "2022-01-20", "poczatekWe": "2022-01-20T00:00:00", "x_dataUtwo": "2012-11-13", "x_kodKarto": "0010_505", "x_kodKar_1": "0025_505", "x_kodKar_2": "0050_505", "x_kodKar_3": "0100_505", "x_kodKar_4": null, "x_kodKar_5": null, "x_kodKar_6": null, "nazwa": "Czerwonak", "idPRG": 1030210420, "idTerytJed": 3021, "idTerytTer": 3021042, "rodzaj": "GW", "PRG|BT_Ref": 1030210420, "PRG|BT_R_1": "PL.PZGiK.200", "x_informDo": null }, "geometry": { "type": "MultiPolygon", "coordinates": [ [ [ [ 17.00272028805302, 52.470729899662423 ], [ 17.002861944357072, 52.470782570414052 ], [ 17.002972914607721, 52.470807110171002 ], [ 17.003159549051347, 52.470845519552391 ], [ 17.003812096300546, 52.470973732587147 ], [ 17.003855324618094, 52.470998117385498 ], [ 17.003886389283771, 52.471014651665179 ], [ 17.003976888521578, 52.4710424426682 ], [ 17.004054802215361, 52.471058688316383 ], [ 17.004111163277685, 52.471072771294317 ], [ 17.004134734930993, 52.471072629459989 ], [ 17.004147913684161, 52.471067815049693 ], [ 17.004204287432433, 52.471013271387037 ], [ 17.004238317880464, 52.47096752485308 ], [ 17.003845720898944, 52.470884896423364 ], [ 17.00407153625455, 52.470496914444155 ], [ 17.004092940669107, 52.470460039133258 ], [ 17.003959714227587, 52.470429368391358 ], [ 17.003707251717891, 52.470371320700195 ], [ 17.003684950632984, 52.470366177234112 ], [ 17.003491575786221, 52.470323787305411 ], [ 17.002972268823946, 52.470209874963054 ], [ 17.002957108910973, 52.470281213918398 ], [ 17.002946800844551, 52.470329969064188 ], [ 17.00272028805302, 52.470729899662423 ] ] ] ] } },
{ "type": "Feature", "properties": { "gml_id": "OT_ADJA_A.20", "lokalnyId": "322BD60C-5C60-598B-E053-CC2BA8C05138", "przestrzen": "PL.PZGiK.308.BDOT10k", "wersjaId": "2022-01-20T00:00:00", "czyObiektB": 0, "x_kod": "ADJA05", "x_skrKarto": null, "x_katDoklG": "Dok", "x_doklGeom": 1, "x_doklGe_1": "m", "x_zrodloDa": "PRG", "x_zrodlo_1": "PRG", "x_katIstni": null, "x_rodzajRe": "ZP", "x_aktualno": "2022-01-20", "x_aktual_1": "2022-01-20", "poczatekWe": "2022-01-20T00:00:00", "x_dataUtwo": "2012-11-13", "x_kodKarto": "0010_505", "x_kodKar_1": "0025_505", "x_kodKar_2": "0050_505", "x_kodKar_3": "0100_505", "x_kodKar_4": null, "x_kodKar_5": null, "x_kodKar_6": null, "nazwa": "Czerwonak", "idPRG": 1030210420, "idTerytJed": 3021, "idTerytTer": 3021042, "rodzaj": "GW", "PRG|BT_Ref": 1030210420, "PRG|BT_R_1": "PL.PZGiK.200", "x_informDo": null }, "geometry": { "type": "MultiPolygon", "coordinates": [ [ [ [ 17.004199095074824, 52.471749640235025 ], [ 17.004303328484152, 52.471587882216603 ], [ 17.004366687131835, 52.471489653923442 ], [ 17.004418648003426, 52.471408952109876 ], [ 17.004248094548764, 52.47143170780538 ], [ 17.003969565413549, 52.471467841266112 ], [ 17.003907145043232, 52.471470475363837 ], [ 17.003839633664111, 52.471448918664755 ], [ 17.003617570895941, 52.471382929283955 ], [ 17.003559309454022, 52.471391299840484 ], [ 17.003381212569828, 52.471717306024267 ], [ 17.003142876843331, 52.472153824607695 ], [ 17.003126820599888, 52.47218314486684 ], [ 17.003825955123286, 52.472327074906914 ], [ 17.003961532425507, 52.47211718688439 ], [ 17.00401775322446, 52.472030261108721 ], [ 17.00402788009588, 52.472014781881306 ], [ 17.004199095074824, 52.471749640235025 ] ] ] ] } },
{ "type": "Feature", "properties": { "gml_id": "OT_ADJA_A.20", "lokalnyId": "322BD60C-5C60-598B-E053-CC2BA8C05138", "przestrzen": "PL.PZGiK.308.BDOT10k", "wersjaId": "2022-01-20T00:00:00", "czyObiektB": 0, "x_kod": "ADJA05", "x_skrKarto": null, "x_katDoklG": "Dok", "x_doklGeom": 1, "x_doklGe_1": "m", "x_zrodloDa": "PRG", "x_zrodlo_1": "PRG", "x_katIstni": null, "x_rodzajRe": "ZP", "x_aktualno": "2022-01-20", "x_aktual_1": "2022-01-20", "poczatekWe": "2022-01-20T00:00:00", "x_dataUtwo": "2012-11-13", "x_kodKarto": "0010_505", "x_kodKar_1": "0025_505", "x_kodKar_2": "0050_505", "x_kodKar_3": "0100_505", "x_kodKar_4": null, "x_kodKar_5": null, "x_kodKar_6": null, "nazwa": "Czerwonak", "idPRG": 1030210420, "idTerytJed": 3021, "idTerytTer": 3021042, "rodzaj": "GW", "PRG|BT_Ref": 1030210420, "PRG|BT_R_1": "PL.PZGiK.200", "x_informDo": null }, "geometry": { "type": "MultiPolygon", "coordinates": [ [ [ [ 16.99482519181436, 52.471473063199554 ], [ 16.99480853265684, 52.471460458464421 ], [ 16.994777912843642, 52.471453643222105 ], [ 16.994727020544961, 52.471461864560133 ], [ 16.994606786557974, 52.471488877478023 ], [ 16.994042215273435, 52.471700023679482 ], [ 16.994817795461501, 52.472050375168884 ], [ 16.994983758928825, 52.47212550369494 ], [ 16.995033489111758, 52.472042429539258 ], [ 16.995200027638003, 52.471764719120976 ], [ 16.995061092233364, 52.471717122119749 ], [ 16.994946154399674, 52.471676227877225 ], [ 16.994864623944036, 52.471600282333704 ], [ 16.99482519181436, 52.471473063199554 ] ] ] ] } },
{ "type": "Feature", "properties": { "gml_id": "OT_ADJA_A.20", "lokalnyId": "322BD60C-5C60-598B-E053-CC2BA8C05138", "przestrzen": "PL.PZGiK.308.BDOT10k", "wersjaId": "2022-01-20T00:00:00", "czyObiektB": 0, "x_kod": "ADJA05", "x_skrKarto": null, "x_katDoklG": "Dok", "x_doklGeom": 1, "x_doklGe_1": "m", "x_zrodloDa": "PRG", "x_zrodlo_1": "PRG", "x_katIstni": null, "x_rodzajRe": "ZP", "x_aktualno": "2022-01-20", "x_aktual_1": "2022-01-20", "poczatekWe": "2022-01-20T00:00:00", "x_dataUtwo": "2012-11-13", "x_kodKarto": "0010_505", "x_kodKar_1": "0025_505", "x_kodKar_2": "0050_505", "x_kodKar_3": "0100_505", "x_kodKar_4": null, "x_kodKar_5": null, "x_kodKar_6": null, "nazwa": "Czerwonak", "idPRG": 1030210420, "idTerytJed": 3021, "idTerytTer": 3021042, "rodzaj": "GW", "PRG|BT_Ref": 1030210420, "PRG|BT_R_1": "PL.PZGiK.200", "x_informDo": null }, "geometry": { "type": "MultiPolygon", "coordinates": [ [ [ [ 16.999746123694035, 52.472102626230537 ], [ 16.999618317813617, 52.472147235020394 ], [ 16.999444468094502, 52.472102920193784 ], [ 16.999338624155527, 52.472254303303998 ], [ 16.999428996568959, 52.472284883887419 ], [ 16.999497467904124, 52.47230798838649 ], [ 16.999722865011147, 52.472375121228509 ], [ 16.999747742123056, 52.472411159607695 ], [ 16.9996691290436, 52.472556437716094 ], [ 16.999860558715813, 52.472560664926441 ], [ 17.000000060240112, 52.472534242354527 ], [ 17.000990228591238, 52.472346812333079 ], [ 17.000996790274897, 52.472322278751349 ], [ 17.000954929959267, 52.472131250869325 ], [ 17.000153971534722, 52.47226800427466 ], [ 17.000068607919715, 52.472276364519324 ], [ 17.000000121791988, 52.472266571731325 ], [ 16.999767612151818, 52.472236105982375 ], [ 16.999806599915441, 52.472198089734732 ], [ 16.999905895746974, 52.472067642234634 ], [ 16.999891634506007, 52.472054089406356 ], [ 16.999876275937638, 52.472058236875135 ], [ 16.999746123694035, 52.472102626230537 ] ] ] ] } },
{ "type": "Feature", "properties": { "gml_id": "OT_ADJA_A.20", "lokalnyId": "322BD60C-5C60-598B-E053-CC2BA8C05138", "przestrzen": "PL.PZGiK.308.BDOT10k", "wersjaId": "2022-01-20T00:00:00", "czyObiektB": 0, "x_kod": "ADJA05", "x_skrKarto": null, "x_katDoklG": "Dok", "x_doklGeom": 1, "x_doklGe_1": "m", "x_zrodloDa": "PRG", "x_zrodlo_1": "PRG", "x_katIstni": null, "x_rodzajRe": "ZP", "x_aktualno": "2022-01-20", "x_aktual_1": "2022-01-20", "poczatekWe": "2022-01-20T00:00:00", "x_dataUtwo": "2012-11-13", "x_kodKarto": "0010_505", "x_kodKar_1": "0025_505", "x_kodKar_2": "0050_505", "x_kodKar_3": "0100_505", "x_kodKar_4": null, "x_kodKar_5": null, "x_kodKar_6": null, "nazwa": "Czerwonak", "idPRG": 1030210420, "idTerytJed": 3021, "idTerytTer": 3021042, "rodzaj": "GW", "PRG|BT_Ref": 1030210420, "PRG|BT_R_1": "PL.PZGiK.200", "x_informDo": null }, "geometry": { "type": "MultiPolygon", "coordinates": [ [ [ [ 17.003034595820527, 52.473218005231828 ], [ 17.003121280044482, 52.473164243729293 ], [ 17.003463815078646, 52.47292484144306 ], [ 17.003469746197652, 52.472920714236736 ], [ 17.003408743223648, 52.472908261526399 ], [ 17.003252644027064, 52.472875135184346 ], [ 17.00318394257846, 52.472860303788174 ], [ 17.003193064122801, 52.472844267995605 ], [ 17.003139371305682, 52.472833017896505 ], [ 17.002807335985082, 52.472755995844587 ], [ 17.002891063763862, 52.472621145587006 ], [ 17.002974296694955, 52.472467938462451 ], [ 17.002981064094282, 52.47245510089347 ], [ 17.002783885385803, 52.472424967889168 ], [ 17.001835753447207, 52.472269899116569 ], [ 17.001442352989603, 52.472939356012823 ], [ 17.001427230783918, 52.472964284605411 ], [ 17.001792968158998, 52.472993130672442 ], [ 17.002203143129641, 52.473055465704 ], [ 17.002166569618641, 52.472988199796369 ], [ 17.001821303517378, 52.472946389157521 ], [ 17.001960963724237, 52.472711658034022 ], [ 17.00228689823432, 52.472770500795235 ], [ 17.002166569618641, 52.472988199796369 ], [ 17.002203143129641, 52.473055465704 ], [ 17.0022419993395, 52.473108109387006 ], [ 17.002329522597972, 52.473120381083561 ], [ 17.002413337989715, 52.473088164001204 ], [ 17.002519573817253, 52.473106322175184 ], [ 17.002626082622317, 52.473096158649049 ], [ 17.002953920551047, 52.473168343310618 ], [ 17.003034595820527, 52.473218005231828 ] ] ] ] } },
{ "type": "Feature", "properties": { "gml_id": "OT_ADJA_A.20", "lokalnyId": "322BD60C-5C60-598B-E053-CC2BA8C05138", "przestrzen": "PL.PZGiK.308.BDOT10k", "wersjaId": "2022-01-20T00:00:00", "czyObiektB": 0, "x_kod": "ADJA05", "x_skrKarto": null, "x_katDoklG": "Dok", "x_doklGeom": 1, "x_doklGe_1": "m", "x_zrodloDa": "PRG", "x_zrodlo_1": "PRG", "x_katIstni": null, "x_rodzajRe": "ZP", "x_aktualno": "2022-01-20", "x_aktual_1": "2022-01-20", "poczatekWe": "2022-01-20T00:00:00", "x_dataUtwo": "2012-11-13", "x_kodKarto": "0010_505", "x_kodKar_1": "0025_505", "x_kodKar_2": "0050_505", "x_kodKar_3": "0100_505", "x_kodKar_4": null, "x_kodKar_5": null, "x_kodKar_6": null, "nazwa": "Czerwonak", "idPRG": 1030210420, "idTerytJed": 3021, "idTerytTer": 3021042, "rodzaj": "GW", "PRG|BT_Ref": 1030210420, "PRG|BT_R_1": "PL.PZGiK.200", "x_informDo": null }, "geometry": { "type": "MultiPolygon", "coordinates": [ [ [ [ 16.988548234543579, 52.473910969059609 ], [ 16.98850853389731, 52.474035405313884 ], [ 16.988500509613388, 52.474059553594351 ], [ 16.988411460478854, 52.4743293986878 ], [ 16.988778943569191, 52.474303898832709 ], [ 16.988872178766425, 52.474297479436423 ], [ 16.988995588340227, 52.473910392236952 ], [ 16.98900555543625, 52.473875933450863 ], [ 16.988548234543579, 52.473910969059609 ] ] ] ] } },
{ "type": "Feature", "properties": { "gml_id": "OT_ADJA_A.20", "lokalnyId": "322BD60C-5C60-598B-E053-CC2BA8C05138", "przestrzen": "PL.PZGiK.308.BDOT10k", "wersjaId": "2022-01-20T00:00:00", "czyObiektB": 0, "x_kod": "ADJA05", "x_skrKarto": null, "x_katDoklG": "Dok", "x_doklGeom": 1, "x_doklGe_1": "m", "x_zrodloDa": "PRG", "x_zrodlo_1": "PRG", "x_katIstni": null, "x_rodzajRe": "ZP", "x_aktualno": "2022-01-20", "x_aktual_1": "2022-01-20", "poczatekWe": "2022-01-20T00:00:00", "x_dataUtwo": "2012-11-13", "x_kodKarto": "0010_505", "x_kodKar_1": "0025_505", "x_kodKar_2": "0050_505", "x_kodKar_3": "0100_505", "x_kodKar_4": null, "x_kodKar_5": null, "x_kodKar_6": null, "nazwa": "Czerwonak", "idPRG": 1030210420, "idTerytJed": 3021, "idTerytTer": 3021042, "rodzaj": "GW", "PRG|BT_Ref": 1030210420, "PRG|BT_R_1": "PL.PZGiK.200", "x_informDo": null }, "geometry": { "type": "MultiPolygon", "coordinates": [ [ [ [ 16.993544398262262, 52.487179027960885 ], [ 16.993421831324032, 52.487159229804483 ], [ 16.993338969613841, 52.487144332502318 ], [ 16.993230675307156, 52.487124956181617 ], [ 16.993049959746969, 52.487104081076723 ], [ 16.992898443684236, 52.487079383925419 ], [ 16.992714350789811, 52.48705179518511 ], [ 16.99253433574161, 52.487015550864619 ], [ 16.992325765157009, 52.486952827924704 ], [ 16.992195636650592, 52.486875876048558 ], [ 16.992053882517475, 52.486792160793392 ], [ 16.991996335989075, 52.486700251082958 ], [ 16.991943824937032, 52.486588369464414 ], [ 16.991857855279406, 52.486528536608404 ], [ 16.991692562031094, 52.486544348316038 ], [ 16.991672879288203, 52.486546262684996 ], [ 16.991599709367385, 52.486629117268265 ], [ 16.991636215398938, 52.486707448229218 ], [ 16.991806933440731, 52.48694770750074 ], [ 16.991788619921131, 52.487029514838092 ], [ 16.991712304673172, 52.487110247387029 ], [ 16.991622622134646, 52.487164219615039 ], [ 16.991544845422712, 52.487196177942515 ], [ 16.991461672017426, 52.487265730840242 ], [ 16.991467312045081, 52.487381223943942 ], [ 16.991497169839988, 52.487443791893689 ], [ 16.991555464596548, 52.487600113982687 ], [ 16.991593891160083, 52.487713915232419 ], [ 16.991632924006094, 52.487814415145884 ], [ 16.991761641055668, 52.487860942802378 ], [ 16.991931816329398, 52.487877143739638 ], [ 16.991993601997521, 52.487876034067277 ], [ 16.9920213976092, 52.487825418139806 ], [ 16.991962290020307, 52.487764512387074 ], [ 16.991951293213933, 52.487688953165772 ], [ 16.991940456309038, 52.487606650906223 ], [ 16.991937787055353, 52.487584389581876 ], [ 16.991949087210241, 52.487498055933933 ], [ 16.991963011711587, 52.487431734262387 ], [ 16.991972649599525, 52.487378651428344 ], [ 16.992080641263051, 52.487320582540882 ], [ 16.99227174782634, 52.487275077436529 ], [ 16.992422894401194, 52.487246432714109 ], [ 16.99250658132182, 52.487278793673617 ], [ 16.992723078974961, 52.487348666391263 ], [ 16.992749259979909, 52.487356126291154 ], [ 16.992697389647045, 52.487424232530607 ], [ 16.992691285995633, 52.487477375398448 ], [ 16.992711155551216, 52.487519896036005 ], [ 16.992790291996393, 52.487538957890827 ], [ 16.992859340168788, 52.487540129658051 ], [ 16.992969292864128, 52.487519869443794 ], [ 16.993096952996183, 52.487508724035216 ], [ 16.993258359966614, 52.487503907436931 ], [ 16.993280452341985, 52.487481436662584 ], [ 16.993282963738562, 52.487465109586303 ], [ 16.993276981151812, 52.487447649020666 ], [ 16.993242314372665, 52.487432400079911 ], [ 16.993233138481202, 52.487391230235978 ], [ 16.993275560769572, 52.487336454966723 ], [ 16.993352931435929, 52.487313393008947 ], [ 16.993436554410533, 52.487314811714462 ], [ 16.993493227297336, 52.487315953051308 ], [ 16.99353455645393, 52.487304601773623 ], [ 16.993572638785427, 52.487277185490399 ], [ 16.993577935382476, 52.487241747727651 ], [ 16.993544398262262, 52.487179027960885 ] ] ] ] } },
{ "type": "Feature", "properties": { "gml_id": "OT_ADJA_A.20", "lokalnyId": "322BD60C-5C60-598B-E053-CC2BA8C05138", "przestrzen": "PL.PZGiK.308.BDOT10k", "wersjaId": "2022-01-20T00:00:00", "czyObiektB": 0, "x_kod": "ADJA05", "x_skrKarto": null, "x_katDoklG": "Dok", "x_doklGeom": 1, "x_doklGe_1": "m", "x_zrodloDa": "PRG", "x_zrodlo_1": "PRG", "x_katIstni": null, "x_rodzajRe": "ZP", "x_aktualno": "2022-01-20", "x_aktual_1": "2022-01-20", "poczatekWe": "2022-01-20T00:00:00", "x_dataUtwo": "2012-11-13", "x_kodKarto": "0010_505", "x_kodKar_1": "0025_505", "x_kodKar_2": "0050_505", "x_kodKar_3": "0100_505", "x_kodKar_4": null, "x_kodKar_5": null, "x_kodKar_6": null, "nazwa": "Czerwonak", "idPRG": 1030210420, "idTerytJed": 3021, "idTerytTer": 3021042, "rodzaj": "GW", "PRG|BT_Ref": 1030210420, "PRG|BT_R_1": "PL.PZGiK.200", "x_informDo": null }, "geometry": { "type": "MultiPolygon", "coordinates": [ [ [ [ 16.987673238374491, 52.488161841054328 ], [ 16.987790008300475, 52.488140802184468 ], [ 16.98780293280031, 52.488132027725875 ], [ 16.987801147514482, 52.488119495221149 ], [ 16.98778940470844, 52.48810238608494 ], [ 16.987745444121288, 52.488084189164596 ], [ 16.987686321470985, 52.488078596172208 ], [ 16.987632101920411, 52.488075335157284 ], [ 16.987580720198331, 52.488074460930342 ], [ 16.98750383973282, 52.488073782420749 ], [ 16.987407275677484, 52.488075017511086 ], [ 16.987299341898019, 52.488080016554875 ], [ 16.987219590270293, 52.488080907983303 ], [ 16.987110465806477, 52.488089394385163 ], [ 16.986978991747556, 52.488096870702257 ], [ 16.986875515140973, 52.488104283747937 ], [ 16.986826528400172, 52.488112264411491 ], [ 16.986837833815859, 52.488126038294936 ], [ 16.986916830705368, 52.488235225010456 ], [ 16.986969075725934, 52.488307529283126 ], [ 16.98697558898828, 52.48831654453403 ], [ 16.98701785369661, 52.488375097466992 ], [ 16.987022620783556, 52.488383633279398 ], [ 16.987026615881526, 52.488386489518433 ], [ 16.98708073637642, 52.488372569932572 ], [ 16.987095244172053, 52.488361394024004 ], [ 16.987109077931763, 52.488345619528985 ], [ 16.987122213024922, 52.488325785688993 ], [ 16.987129290236872, 52.488312774394693 ], [ 16.98714340253693, 52.488294126447094 ], [ 16.987153092336808, 52.488285207066184 ], [ 16.987168762008434, 52.48827117273283 ], [ 16.987182439747635, 52.488258813423599 ], [ 16.987207416950245, 52.488247455894935 ], [ 16.987298308363396, 52.488225257564864 ], [ 16.987454612141725, 52.488209658763026 ], [ 16.987553340166311, 52.488180398110728 ], [ 16.987673238374491, 52.488161841054328 ] ] ] ] } },
{ "type": "Feature", "properties": { "gml_id": "OT_ADJA_A.20", "lokalnyId": "322BD60C-5C60-598B-E053-CC2BA8C05138", "przestrzen": "PL.PZGiK.308.BDOT10k", "wersjaId": "2022-01-20T00:00:00", "czyObiektB": 0, "x_kod": "ADJA05", "x_skrKarto": null, "x_katDoklG": "Dok", "x_doklGeom": 1, "x_doklGe_1": "m", "x_zrodloDa": "PRG", "x_zrodlo_1": "PRG", "x_katIstni": null, "x_rodzajRe": "ZP", "x_aktualno": "2022-01-20", "x_aktual_1": "2022-01-20", "poczatekWe": "2022-01-20T00:00:00", "x_dataUtwo": "2012-11-13", "x_kodKarto": "0010_505", "x_kodKar_1": "0025_505", "x_kodKar_2": "0050_505", "x_kodKar_3": "0100_505", "x_kodKar_4": null, "x_kodKar_5": null, "x_kodKar_6": null, "nazwa": "Czerwonak", "idPRG": 1030210420, "idTerytJed": 3021, "idTerytTer": 3021042, "rodzaj": "GW", "PRG|BT_Ref": 1030210420, "PRG|BT_R_1": "PL.PZGiK.200", "x_informDo": null }, "geometry": { "type": "MultiPolygon", "coordinates": [ [ [ [ 16.994792038230845, 52.488672198711207 ], [ 16.994903453047829, 52.488661945181086 ], [ 16.994973807390622, 52.488640921851122 ], [ 16.994981466503916, 52.488576202576382 ], [ 16.995007652014277, 52.488531764765575 ], [ 16.995021834444763, 52.488495308318306 ], [ 16.995150252600272, 52.488428678518687 ], [ 16.995344239553035, 52.488358752693479 ], [ 16.995485616731482, 52.488285776314285 ], [ 16.995545132463185, 52.488256833837134 ], [ 16.995610598229824, 52.488216929139412 ], [ 16.995619226493421, 52.4881859549822 ], [ 16.995600764970202, 52.488151283786664 ], [ 16.995572566526604, 52.488133087085295 ], [ 16.995500037011723, 52.488130688646947 ], [ 16.995403194999529, 52.488141279659345 ], [ 16.995280429847817, 52.48820350837876 ], [ 16.995045588894918, 52.488332643804803 ], [ 16.994869457057558, 52.488408448323263 ], [ 16.994746788248523, 52.48842966398756 ], [ 16.994664218105324, 52.488408296662726 ], [ 16.994620691775381, 52.488364295958171 ], [ 16.994597973497214, 52.488293665052822 ], [ 16.9945962761632, 52.488262965609373 ], [ 16.994628154752107, 52.488242369437124 ], [ 16.99464111884993, 52.488235933437494 ], [ 16.994685249987118, 52.488224539318836 ], [ 16.994774628784072, 52.488216070945953 ], [ 16.994834598727945, 52.488177152818274 ], [ 16.994830917302266, 52.488099379397553 ], [ 16.994786985963643, 52.488025420766384 ], [ 16.994673245066476, 52.487928152493687 ], [ 16.99453489356905, 52.487853672190354 ], [ 16.994376008711573, 52.487793324408784 ], [ 16.994293644428076, 52.487767463138844 ], [ 16.994210069630597, 52.487764966543153 ], [ 16.994114234298998, 52.487756685473002 ], [ 16.994025265382049, 52.4877529280025 ], [ 16.993923483607333, 52.487768470846753 ], [ 16.99389351915238, 52.487772909499597 ], [ 16.993843887763866, 52.487785379291779 ], [ 16.99381160412165, 52.487818110731396 ], [ 16.993811554521667, 52.487858044722273 ], [ 16.99379763264422, 52.487924366633422 ], [ 16.993772260199492, 52.487963871095289 ], [ 16.993698270645805, 52.48799031858762 ], [ 16.993442892009359, 52.488133583353928 ], [ 16.99320653208207, 52.488295968421319 ], [ 16.993159172968411, 52.488336179026113 ], [ 16.993158868957043, 52.488384923146192 ], [ 16.993180911200962, 52.488418576169359 ], [ 16.993249301954183, 52.488434217418323 ], [ 16.993318003819059, 52.488439790254432 ], [ 16.993417971159726, 52.488441486254864 ], [ 16.993537814199808, 52.488443519345886 ], [ 16.993695437303433, 52.488453928300622 ], [ 16.99384102056446, 52.488463413284563 ], [ 16.993858503811186, 52.488464519315805 ], [ 16.994133851278018, 52.488562370531845 ], [ 16.994237708092285, 52.488595162237011 ], [ 16.994315485311102, 52.488602057654496 ], [ 16.994407940365591, 52.488606953327071 ], [ 16.994535852904399, 52.48863241754816 ], [ 16.994548314502129, 52.488756840530492 ], [ 16.994522893246312, 52.488836279141459 ], [ 16.994444105462325, 52.488890438224196 ], [ 16.994412279470499, 52.488951959438651 ], [ 16.994399364183952, 52.48899617242455 ], [ 16.994321586167885, 52.489028132556534 ], [ 16.994205221797493, 52.48903056648556 ], [ 16.994060421647909, 52.48903944367818 ], [ 16.993979302294978, 52.489044453873461 ], [ 16.99383559872587, 52.489006578873948 ], [ 16.993794845739298, 52.488943736814441 ], [ 16.993746473640119, 52.488889669889232 ], [ 16.99364584725064, 52.48886358835891 ], [ 16.993504213209736, 52.488861185717901 ], [ 16.993390372075169, 52.488885877644165 ], [ 16.993348558075496, 52.488927261718501 ], [ 16.993386640355567, 52.48896784263053 ], [ 16.993420481332237, 52.489023911767745 ], [ 16.993340783465833, 52.489098022099711 ], [ 16.993297352867142, 52.489174906335244 ], [ 16.993301944144989, 52.48923263788916 ], [ 16.993369984296592, 52.489256008233085 ], [ 16.993435354431437, 52.489257117245323 ], [ 16.993548140959522, 52.489252374793125 ], [ 16.993747224370598, 52.489271312045055 ], [ 16.99396658857189, 52.489323782006807 ], [ 16.994062623263289, 52.48936984273486 ], [ 16.994111098524964, 52.489421662687747 ], [ 16.994170868851949, 52.489626757644018 ], [ 16.994280486380855, 52.489711094540624 ], [ 16.994372686059386, 52.489741080069003 ], [ 16.994449050257103, 52.489740216300703 ], [ 16.994497927061598, 52.489705517459072 ], [ 16.994485669975866, 52.489654311789401 ], [ 16.994444207956374, 52.48960701813612 ], [ 16.994462820394716, 52.489518559711193 ], [ 16.994549326620195, 52.489453468458933 ], [ 16.994657357110501, 52.489433443890725 ], [ 16.994803123871634, 52.488972617347457 ], [ 16.994786388701783, 52.488958302476924 ], [ 16.994735242682619, 52.488923077027899 ], [ 16.994694332848397, 52.488824794970732 ], [ 16.994657063204176, 52.488763091591082 ], [ 16.994699779538479, 52.488705082852029 ], [ 16.994792038230845, 52.488672198711207 ] ] ] ] } },
{ "type": "Feature", "properties": { "gml_id": "OT_ADJA_A.20", "lokalnyId": "322BD60C-5C60-598B-E053-CC2BA8C05138", "przestrzen": "PL.PZGiK.308.BDOT10k", "wersjaId": "2022-01-20T00:00:00", "czyObiektB": 0, "x_kod": "ADJA05", "x_skrKarto": null, "x_katDoklG": "Dok", "x_doklGeom": 1, "x_doklGe_1": "m", "x_zrodloDa": "PRG", "x_zrodlo_1": "PRG", "x_katIstni": null, "x_rodzajRe": "ZP", "x_aktualno": "2022-01-20", "x_aktual_1": "2022-01-20", "poczatekWe": "2022-01-20T00:00:00", "x_dataUtwo": "2012-11-13", "x_kodKarto": "0010_505", "x_kodKar_1": "0025_505", "x_kodKar_2": "0050_505", "x_kodKar_3": "0100_505", "x_kodKar_4": null, "x_kodKar_5": null, "x_kodKar_6": null, "nazwa": "Czerwonak", "idPRG": 1030210420, "idTerytJed": 3021, "idTerytTer": 3021042, "rodzaj": "GW", "PRG|BT_Ref": 1030210420, "PRG|BT_R_1": "PL.PZGiK.200", "x_informDo": null }, "geometry": { "type": "MultiPolygon", "coordinates": [ [ [ [ 16.987734505933378, 52.488830443295832 ], [ 16.987801208956913, 52.488828160256901 ], [ 16.987839356963971, 52.488831687435436 ], [ 16.987880318243636, 52.488838140649172 ], [ 16.987920728504051, 52.48883729906067 ], [ 16.987983126408164, 52.488826038287009 ], [ 16.988025113853489, 52.488806785098582 ], [ 16.988062603303675, 52.488782778326886 ], [ 16.988086775713548, 52.488737408323544 ], [ 16.988089341054529, 52.488729626885942 ], [ 16.988370448853999, 52.488668749573101 ], [ 16.988097803376455, 52.488295704041242 ], [ 16.98711063188648, 52.488543881234854 ], [ 16.987134767144589, 52.488579999507877 ], [ 16.987190441114731, 52.488670800425098 ], [ 16.98719733869568, 52.488681081410448 ], [ 16.987243998767774, 52.488749872657671 ], [ 16.987291071937712, 52.488819300518159 ], [ 16.987403160050643, 52.488984724945418 ], [ 16.987436226463203, 52.488976922861191 ], [ 16.987432104580844, 52.488947801009211 ], [ 16.987443119522968, 52.48891309039962 ], [ 16.987475836004723, 52.488893589709463 ], [ 16.987494200537704, 52.48888184977217 ], [ 16.987524090911933, 52.488862930585888 ], [ 16.987565758000507, 52.488853925654773 ], [ 16.987635505109928, 52.488843059937388 ], [ 16.987734505933378, 52.488830443295832 ] ] ] ] } },
{ "type": "Feature", "properties": { "gml_id": "OT_ADJA_A.20", "lokalnyId": "322BD60C-5C60-598B-E053-CC2BA8C05138", "przestrzen": "PL.PZGiK.308.BDOT10k", "wersjaId": "2022-01-20T00:00:00", "czyObiektB": 0, "x_kod": "ADJA05", "x_skrKarto": null, "x_katDoklG": "Dok", "x_doklGeom": 1, "x_doklGe_1": "m", "x_zrodloDa": "PRG", "x_zrodlo_1": "PRG", "x_katIstni": null, "x_rodzajRe": "ZP", "x_aktualno": "2022-01-20", "x_aktual_1": "2022-01-20", "poczatekWe": "2022-01-20T00:00:00", "x_dataUtwo": "2012-11-13", "x_kodKarto": "0010_505", "x_kodKar_1": "0025_505", "x_kodKar_2": "0050_505", "x_kodKar_3": "0100_505", "x_kodKar_4": null, "x_kodKar_5": null, "x_kodKar_6": null, "nazwa": "Czerwonak", "idPRG": 1030210420, "idTerytJed": 3021, "idTerytTer": 3021042, "rodzaj": "GW", "PRG|BT_Ref": 1030210420, "PRG|BT_R_1": "PL.PZGiK.200", "x_informDo": null }, "geometry": { "type": "MultiPolygon", "coordinates": [ [ [ [ 16.989386697999848, 52.488813389167298 ], [ 16.989382748547932, 52.488803068486135 ], [ 16.989360410496801, 52.488805027282339 ], [ 16.988845190804089, 52.488788082887545 ], [ 16.988693951108296, 52.488783082676136 ], [ 16.988653081121754, 52.488797228330377 ], [ 16.98863609445112, 52.488814298535928 ], [ 16.988863229453639, 52.489022422264242 ], [ 16.989274105246142, 52.489091648712623 ], [ 16.989386697999848, 52.488813389167298 ] ] ] ] } },
{ "type": "Feature", "properties": { "gml_id": "OT_ADJA_A.20", "lokalnyId": "322BD60C-5C60-598B-E053-CC2BA8C05138", "przestrzen": "PL.PZGiK.308.BDOT10k", "wersjaId": "2022-01-20T00:00:00", "czyObiektB": 0, "x_kod": "ADJA05", "x_skrKarto": null, "x_katDoklG": "Dok", "x_doklGeom": 1, "x_doklGe_1": "m", "x_zrodloDa": "PRG", "x_zrodlo_1": "PRG", "x_katIstni": null, "x_rodzajRe": "ZP", "x_aktualno": "2022-01-20", "x_aktual_1": "2022-01-20", "poczatekWe": "2022-01-20T00:00:00", "x_dataUtwo": "2012-11-13", "x_kodKarto": "0010_505", "x_kodKar_1": "0025_505", "x_kodKar_2": "0050_505", "x_kodKar_3": "0100_505", "x_kodKar_4": null, "x_kodKar_5": null, "x_kodKar_6": null, "nazwa": "Czerwonak", "idPRG": 1030210420, "idTerytJed": 3021, "idTerytTer": 3021042, "rodzaj": "GW", "PRG|BT_Ref": 1030210420, "PRG|BT_R_1": "PL.PZGiK.200", "x_informDo": null }, "geometry": { "type": "MultiPolygon", "coordinates": [ [ [ [ 16.988632374535172, 52.489299389830542 ], [ 16.988627371868947, 52.489244349358522 ], [ 16.988614326884178, 52.489204102720841 ], [ 16.988597150870667, 52.489167203678093 ], [ 16.988577224797087, 52.489113078680795 ], [ 16.988531465709563, 52.489047091547818 ], [ 16.988472340888425, 52.488986633462851 ], [ 16.988420973469623, 52.488962824290859 ], [ 16.988398705917945, 52.488956779144566 ], [ 16.988361572390193, 52.488950391213649 ], [ 16.988344837559907, 52.488949027268845 ], [ 16.988297114100085, 52.48895514122033 ], [ 16.988166329095826, 52.488960382008727 ], [ 16.98810265839241, 52.488976927889063 ], [ 16.98795728156383, 52.489008093763353 ], [ 16.988040171797049, 52.489119234724903 ], [ 16.988082389439256, 52.489178865774953 ], [ 16.988266586301563, 52.489439956446738 ], [ 16.988200661356203, 52.489457453418929 ], [ 16.988215928600454, 52.48954261964419 ], [ 16.988564972502761, 52.489539741553443 ], [ 16.98859672569824, 52.489505833234702 ], [ 16.988620502943085, 52.489478804855082 ], [ 16.98863118529524, 52.489448135938822 ], [ 16.988632374535172, 52.489299389830542 ] ] ] ] } },
{ "type": "Feature", "properties": { "gml_id": "OT_ADJA_A.20", "lokalnyId": "322BD60C-5C60-598B-E053-CC2BA8C05138", "przestrzen": "PL.PZGiK.308.BDOT10k", "wersjaId": "2022-01-20T00:00:00", "czyObiektB": 0, "x_kod": "ADJA05", "x_skrKarto": null, "x_katDoklG": "Dok", "x_doklGeom": 1, "x_doklGe_1": "m", "x_zrodloDa": "PRG", "x_zrodlo_1": "PRG", "x_katIstni": null, "x_rodzajRe": "ZP", "x_aktualno": "2022-01-20", "x_aktual_1": "2022-01-20", "poczatekWe": "2022-01-20T00:00:00", "x_dataUtwo": "2012-11-13", "x_kodKarto": "0010_505", "x_kodKar_1": "0025_505", "x_kodKar_2": "0050_505", "x_kodKar_3": "0100_505", "x_kodKar_4": null, "x_kodKar_5": null, "x_kodKar_6": null, "nazwa": "Czerwonak", "idPRG": 1030210420, "idTerytJed": 3021, "idTerytTer": 3021042, "rodzaj": "GW", "PRG|BT_Ref": 1030210420, "PRG|BT_R_1": "PL.PZGiK.200", "x_informDo": null }, "geometry": { "type": "MultiPolygon", "coordinates": [ [ [ [ 16.992725646247109, 52.489518142915315 ], [ 16.991674550856242, 52.489998586297069 ], [ 16.992165494222224, 52.49038054581024 ], [ 16.992308657812011, 52.490313899527003 ], [ 16.993001574282324, 52.489991609801905 ], [ 16.993093702269011, 52.489948741041353 ], [ 16.992879308261845, 52.489693261843279 ], [ 16.992725646247109, 52.489518142915315 ] ] ] ] } },
{ "type": "Feature", "properties": { "gml_id": "OT_ADJA_A.20", "lokalnyId": "322BD60C-5C60-598B-E053-CC2BA8C05138", "przestrzen": "PL.PZGiK.308.BDOT10k", "wersjaId": "2022-01-20T00:00:00", "czyObiektB": 0, "x_kod": "ADJA05", "x_skrKarto": null, "x_katDoklG": "Dok", "x_doklGeom": 1, "x_doklGe_1": "m", "x_zrodloDa": "PRG", "x_zrodlo_1": "PRG", "x_katIstni": null, "x_rodzajRe": "ZP", "x_aktualno": "2022-01-20", "x_aktual_1": "2022-01-20", "poczatekWe": "2022-01-20T00:00:00", "x_dataUtwo": "2012-11-13", "x_kodKarto": "0010_505", "x_kodKar_1": "0025_505", "x_kodKar_2": "0050_505", "x_kodKar_3": "0100_505", "x_kodKar_4": null, "x_kodKar_5": null, "x_kodKar_6": null, "nazwa": "Czerwonak", "idPRG": 1030210420, "idTerytJed": 3021, "idTerytTer": 3021042, "rodzaj": "GW", "PRG|BT_Ref": 1030210420, "PRG|BT_R_1": "PL.PZGiK.200", "x_informDo": null }, "geometry": { "type": "MultiPolygon", "coordinates": [ [ [ [ 16.993320940140784, 52.492093606345087 ], [ 16.993306510229431, 52.492109551323416 ], [ 16.99322286790709, 52.492179547215351 ], [ 16.993084393270237, 52.492295203315805 ], [ 16.993056359591979, 52.492318652564784 ], [ 16.992822751262562, 52.492513912909828 ], [ 16.992145933299451, 52.492976786530065 ], [ 16.991739283155741, 52.493286033488502 ], [ 16.992236912742236, 52.493370033810805 ], [ 16.993633743541832, 52.493456786026798 ], [ 16.993685999076106, 52.493445080345417 ], [ 16.993714496014391, 52.493385571565973 ], [ 16.99305700514698, 52.492954832210479 ], [ 16.992946923872555, 52.492874084121532 ], [ 16.992923886758529, 52.492813701061209 ], [ 16.993179737095328, 52.492644541659956 ], [ 16.993547400149968, 52.492401546265917 ], [ 16.993764299699706, 52.492291627086743 ], [ 16.994462214542065, 52.492177272383657 ], [ 16.994556419413023, 52.492153595601998 ], [ 16.994771945375124, 52.492086734121479 ], [ 16.994972558448517, 52.49200432910726 ], [ 16.995206896654814, 52.491919077540146 ], [ 16.995216577532755, 52.491913575200918 ], [ 16.995226471009815, 52.491903399415754 ], [ 16.995223264246352, 52.491889673690771 ], [ 16.995214413342769, 52.491876931620055 ], [ 16.99497691176872, 52.491772619160187 ], [ 16.994932105877826, 52.491733993522146 ], [ 16.99484737832217, 52.491730758343714 ], [ 16.994491891653055, 52.491751804340602 ], [ 16.994126105941195, 52.491798398385853 ], [ 16.99381878042966, 52.491645139566472 ], [ 16.993752928853642, 52.491605976623859 ], [ 16.992789749286196, 52.492083513988995 ], [ 16.992925611769305, 52.492161101994959 ], [ 16.99303712542979, 52.492161824920757 ], [ 16.993247644166768, 52.492069067523865 ], [ 16.993288290430165, 52.492069577234076 ], [ 16.993320192101315, 52.492077673696301 ], [ 16.993320940140784, 52.492093606345087 ] ] ] ] } },
{ "type": "Feature", "properties": { "gml_id": "OT_ADJA_A.20", "lokalnyId": "322BD60C-5C60-598B-E053-CC2BA8C05138", "przestrzen": "PL.PZGiK.308.BDOT10k", "wersjaId": "2022-01-20T00:00:00", "czyObiektB": 0, "x_kod": "ADJA05", "x_skrKarto": null, "x_katDoklG": "Dok", "x_doklGeom": 1, "x_doklGe_1": "m", "x_zrodloDa": "PRG", "x_zrodlo_1": "PRG", "x_katIstni": null, "x_rodzajRe": "ZP", "x_aktualno": "2022-01-20", "x_aktual_1": "2022-01-20", "poczatekWe": "2022-01-20T00:00:00", "x_dataUtwo": "2012-11-13", "x_kodKarto": "0010_505", "x_kodKar_1": "0025_505", "x_kodKar_2": "0050_505", "x_kodKar_3": "0100_505", "x_kodKar_4": null, "x_kodKar_5": null, "x_kodKar_6": null, "nazwa": "Czerwonak", "idPRG": 1030210420, "idTerytJed": 3021, "idTerytTer": 3021042, "rodzaj": "GW", "PRG|BT_Ref": 1030210420, "PRG|BT_R_1": "PL.PZGiK.200", "x_informDo": null }, "geometry": { "type": "MultiPolygon", "coordinates": [ [ [ [ 16.986937623288306, 52.492447807267332 ], [ 16.987386084430906, 52.492756209455699 ], [ 16.987581942342242, 52.492691184969971 ], [ 16.987651059725628, 52.492613570535866 ], [ 16.987686056250972, 52.492440935062682 ], [ 16.987406700208904, 52.492237047484544 ], [ 16.986961396297513, 52.492437058889642 ], [ 16.986937623288306, 52.492447807267332 ] ] ] ] } },
{ "type": "Feature", "properties": { "gml_id": "OT_ADJA_A.20", "lokalnyId": "322BD60C-5C60-598B-E053-CC2BA8C05138", "przestrzen": "PL.PZGiK.308.BDOT10k", "wersjaId": "2022-01-20T00:00:00", "czyObiektB": 0, "x_kod": "ADJA05", "x_skrKarto": null, "x_katDoklG": "Dok", "x_doklGeom": 1, "x_doklGe_1": "m", "x_zrodloDa": "PRG", "x_zrodlo_1": "PRG", "x_katIstni": null, "x_rodzajRe": "ZP", "x_aktualno": "2022-01-20", "x_aktual_1": "2022-01-20", "poczatekWe": "2022-01-20T00:00:00", "x_dataUtwo": "2012-11-13", "x_kodKarto": "0010_505", "x_kodKar_1": "0025_505", "x_kodKar_2": "0050_505", "x_kodKar_3": "0100_505", "x_kodKar_4": null, "x_kodKar_5": null, "x_kodKar_6": null, "nazwa": "Czerwonak", "idPRG": 1030210420, "idTerytJed": 3021, "idTerytTer": 3021042, "rodzaj": "GW", "PRG|BT_Ref": 1030210420, "PRG|BT_R_1": "PL.PZGiK.200", "x_informDo": null }, "geometry": { "type": "MultiPolygon", "coordinates": [ [ [ [ 16.991680947852476, 52.492435258929405 ], [ 16.991686422195286, 52.492405670595275 ], [ 16.991757053548081, 52.492391669418673 ], [ 16.991969418274731, 52.492410475285695 ], [ 16.991996445732852, 52.492399421380938 ], [ 16.99211267429606, 52.492351655846498 ], [ 16.992270367818183, 52.49228966345742 ], [ 16.991962386389147, 52.492076486441057 ], [ 16.991899538624388, 52.492094307556961 ], [ 16.991318675664647, 52.49247569791342 ], [ 16.990595491608634, 52.492920955964422 ], [ 16.989966929745385, 52.493326713580544 ], [ 16.98997579788621, 52.493358434378337 ], [ 16.990581515752361, 52.493560305266513 ], [ 16.991275305667845, 52.493078031114848 ], [ 16.991848501815127, 52.492667818877237 ], [ 16.991953690992371, 52.49257129670049 ], [ 16.991947709616873, 52.492531170396298 ], [ 16.991779288400618, 52.492498719665285 ], [ 16.991712103849874, 52.492462950800217 ], [ 16.991680947852476, 52.492435258929405 ] ] ] ] } },
{ "type": "Feature", "properties": { "gml_id": "OT_ADJA_A.20", "lokalnyId": "322BD60C-5C60-598B-E053-CC2BA8C05138", "przestrzen": "PL.PZGiK.308.BDOT10k", "wersjaId": "2022-01-20T00:00:00", "czyObiektB": 0, "x_kod": "ADJA05", "x_skrKarto": null, "x_katDoklG": "Dok", "x_doklGeom": 1, "x_doklGe_1": "m", "x_zrodloDa": "PRG", "x_zrodlo_1": "PRG", "x_katIstni": null, "x_rodzajRe": "ZP", "x_aktualno": "2022-01-20", "x_aktual_1": "2022-01-20", "poczatekWe": "2022-01-20T00:00:00", "x_dataUtwo": "2012-11-13", "x_kodKarto": "0010_505", "x_kodKar_1": "0025_505", "x_kodKar_2": "0050_505", "x_kodKar_3": "0100_505", "x_kodKar_4": null, "x_kodKar_5": null, "x_kodKar_6": null, "nazwa": "Czerwonak", "idPRG": 1030210420, "idTerytJed": 3021, "idTerytTer": 3021042, "rodzaj": "GW", "PRG|BT_Ref": 1030210420, "PRG|BT_R_1": "PL.PZGiK.200", "x_informDo": null }, "geometry": { "type": "MultiPolygon", "coordinates": [ [ [ [ 16.991040867361225, 52.49440314131941 ], [ 16.991235888034954, 52.49435005901713 ], [ 16.993420238146992, 52.493831825304866 ], [ 16.993485387699561, 52.493763494317875 ], [ 16.993486680869818, 52.493735094190683 ], [ 16.991955692172368, 52.493601001247782 ], [ 16.991384172449507, 52.493974185867422 ], [ 16.990854114437134, 52.49423933062652 ], [ 16.990840425977865, 52.494271297806421 ], [ 16.991040867361225, 52.49440314131941 ] ] ] ] } },
{ "type": "Feature", "properties": { "gml_id": "OT_ADJA_A.20", "lokalnyId": "322BD60C-5C60-598B-E053-CC2BA8C05138", "przestrzen": "PL.PZGiK.308.BDOT10k", "wersjaId": "2022-01-20T00:00:00", "czyObiektB": 0, "x_kod": "ADJA05", "x_skrKarto": null, "x_katDoklG": "Dok", "x_doklGeom": 1, "x_doklGe_1": "m", "x_zrodloDa": "PRG", "x_zrodlo_1": "PRG", "x_katIstni": null, "x_rodzajRe": "ZP", "x_aktualno": "2022-01-20", "x_aktual_1": "2022-01-20", "poczatekWe": "2022-01-20T00:00:00", "x_dataUtwo": "2012-11-13", "x_kodKarto": "0010_505", "x_kodKar_1": "0025_505", "x_kodKar_2": "0050_505", "x_kodKar_3": "0100_505", "x_kodKar_4": null, "x_kodKar_5": null, "x_kodKar_6": null, "nazwa": "Czerwonak", "idPRG": 1030210420, "idTerytJed": 3021, "idTerytTer": 3021042, "rodzaj": "GW", "PRG|BT_Ref": 1030210420, "PRG|BT_R_1": "PL.PZGiK.200", "x_informDo": null }, "geometry": { "type": "MultiPolygon", "coordinates": [ [ [ [ 16.991159124140015, 52.496072697696526 ], [ 16.991051525650008, 52.496144263988334 ], [ 16.991024495110672, 52.49616179354976 ], [ 16.99096191734375, 52.496202644255753 ], [ 16.990920846615623, 52.496243680341678 ], [ 16.990875518831885, 52.496319901857582 ], [ 16.990790728758039, 52.496421266764415 ], [ 16.99070508431776, 52.496512273625683 ], [ 16.990639490115967, 52.496564315830348 ], [ 16.990534279636403, 52.496622250853136 ], [ 16.990482909712849, 52.496649980110888 ], [ 16.990343761514296, 52.496699153570638 ], [ 16.990182519713201, 52.496757755288463 ], [ 16.990082522838087, 52.496782139725084 ], [ 16.9899716819452, 52.496808408501337 ], [ 16.989875669627377, 52.496826204673113 ], [ 16.9897740003941, 52.496842015822224 ], [ 16.989655192823871, 52.496852318900409 ], [ 16.989383115729375, 52.496872428866894 ], [ 16.989135584895358, 52.496893944873733 ], [ 16.988684761096639, 52.496933140451375 ], [ 16.988365322979782, 52.496960897422284 ], [ 16.988441629075346, 52.49743286821105 ], [ 16.988471913917596, 52.497557145153209 ], [ 16.988526552587054, 52.497719342562881 ], [ 16.988539387346897, 52.497757786702081 ], [ 16.988632804953443, 52.497977667501878 ], [ 16.988670454371071, 52.498066542019906 ], [ 16.988700182560926, 52.498170752074472 ], [ 16.988690780233984, 52.498428369550943 ], [ 16.988687914287755, 52.49850729098965 ], [ 16.988659508137257, 52.498635606708199 ], [ 16.988610037016983, 52.498750792288163 ], [ 16.988826195018522, 52.498671000345617 ], [ 16.988948619262853, 52.498600947301313 ], [ 16.989857339964161, 52.498969060630856 ], [ 16.990610231840925, 52.499273988089477 ], [ 16.99146424534873, 52.499665983830113 ], [ 16.992072792025272, 52.499950102333749 ], [ 16.992278660645137, 52.500037873457813 ], [ 16.992884069860281, 52.500274624342843 ], [ 16.993571960285458, 52.500486777569371 ], [ 16.993828633872994, 52.500565873712361 ], [ 16.994691402748007, 52.500766685146289 ], [ 16.994877186226788, 52.500781077361381 ], [ 16.995312033155535, 52.500734211860873 ], [ 16.995277956189845, 52.500679848362367 ], [ 16.994902628518339, 52.500154065346386 ], [ 16.994729880691878, 52.499908380494638 ], [ 16.994665570687005, 52.499796210501486 ], [ 16.994536775525599, 52.499627542236581 ], [ 16.994472065370456, 52.499543607492008 ], [ 16.994391487677706, 52.499468308046325 ], [ 16.994250225691832, 52.499346918055572 ], [ 16.994173588062019, 52.499269256797795 ], [ 16.994099278313328, 52.499189026611297 ], [ 16.994002024754359, 52.499088349960516 ], [ 16.993923207370838, 52.499029449687193 ], [ 16.993688171364155, 52.498873459488479 ], [ 16.993168376005919, 52.498533741056121 ], [ 16.993080217792706, 52.498476120818829 ], [ 16.992940196951213, 52.498379394688456 ], [ 16.992788020750286, 52.498255119394607 ], [ 16.992626894425744, 52.498149400195416 ], [ 16.992325656557639, 52.497949021040448 ], [ 16.991960933028345, 52.497741537185057 ], [ 16.992002847401981, 52.497623793507685 ], [ 16.991996672132192, 52.497465028853931 ], [ 16.991849937093495, 52.49741873548728 ], [ 16.991759318720639, 52.49738607667615 ], [ 16.991648659799157, 52.497314581836733 ], [ 16.991682994415772, 52.497204714514289 ], [ 16.991808665665275, 52.497140829821042 ], [ 16.9919777645827, 52.4971490971433 ], [ 16.992141706422, 52.497141176849063 ], [ 16.992336659879971, 52.497096276368865 ], [ 16.992377286023874, 52.497100563633111 ], [ 16.992693139602974, 52.497352008658147 ], [ 16.992949085446359, 52.497440178799202 ], [ 16.993051200160831, 52.497443710265301 ], [ 16.993545774494649, 52.497362876919105 ], [ 16.993722916235143, 52.497385489187657 ], [ 16.994380782118249, 52.497696246213323 ], [ 16.995005356421832, 52.498029550599242 ], [ 16.995313536986544, 52.498255764239339 ], [ 16.995496528620574, 52.498493257199705 ], [ 16.995574791519058, 52.498583807012658 ], [ 16.995615964271302, 52.498627947227185 ], [ 16.995699614187178, 52.498684319897023 ], [ 16.995753017519402, 52.498705821739911 ], [ 16.995853102664285, 52.498718400632093 ], [ 16.995856440628486, 52.498719536504424 ], [ 16.995900287960684, 52.498724326835976 ], [ 16.995941263279605, 52.498714497704668 ], [ 16.996302185237674, 52.498594601605944 ], [ 16.996521416631634, 52.498498747934178 ], [ 16.997066111581212, 52.498135697703603 ], [ 16.997093161057162, 52.498111241473879 ], [ 16.997094500954336, 52.498078524861803 ], [ 16.996982775007307, 52.497984891016316 ], [ 16.99609897872444, 52.497398423227168 ], [ 16.994846423772728, 52.496512213502896 ], [ 16.993906660223587, 52.495906881333887 ], [ 16.993659885041442, 52.49594110157139 ], [ 16.990884927244601, 52.494662407480867 ], [ 16.990357608652193, 52.494734758222826 ], [ 16.989884871926609, 52.494928558192036 ], [ 16.989857221217395, 52.494972610215157 ], [ 16.990213351127409, 52.495180404576054 ], [ 16.990647146799727, 52.495433409513637 ], [ 16.991334025027054, 52.495833990419463 ], [ 16.991427715007891, 52.495934968667079 ], [ 16.991480945401126, 52.495953681309118 ], [ 16.991412037910166, 52.495974997028902 ], [ 16.991329378284536, 52.496000576338801 ], [ 16.991159124140015, 52.496072697696526 ] ] ] ] } },
{ "type": "Feature", "properties": { "gml_id": "OT_ADJA_A.20", "lokalnyId": "322BD60C-5C60-598B-E053-CC2BA8C05138", "przestrzen": "PL.PZGiK.308.BDOT10k", "wersjaId": "2022-01-20T00:00:00", "czyObiektB": 0, "x_kod": "ADJA05", "x_skrKarto": null, "x_katDoklG": "Dok", "x_doklGeom": 1, "x_doklGe_1": "m", "x_zrodloDa": "PRG", "x_zrodlo_1": "PRG", "x_katIstni": null, "x_rodzajRe": "ZP", "x_aktualno": "2022-01-20", "x_aktual_1": "2022-01-20", "poczatekWe": "2022-01-20T00:00:00", "x_dataUtwo": "2012-11-13", "x_kodKarto": "0010_505", "x_kodKar_1": "0025_505", "x_kodKar_2": "0050_505", "x_kodKar_3": "0100_505", "x_kodKar_4": null, "x_kodKar_5": null, "x_kodKar_6": null, "nazwa": "Czerwonak", "idPRG": 1030210420, "idTerytJed": 3021, "idTerytTer": 3021042, "rodzaj": "GW", "PRG|BT_Ref": 1030210420, "PRG|BT_R_1": "PL.PZGiK.200", "x_informDo": null }, "geometry": { "type": "MultiPolygon", "coordinates": [ [ [ [ 16.991870801267627, 52.509748314332953 ], [ 16.991974762901759, 52.509724894960726 ], [ 16.992050715116058, 52.509672398200422 ], [ 16.992174069005621, 52.509676290717067 ], [ 16.992259371226066, 52.509674140733893 ], [ 16.992308157948347, 52.509635483711989 ], [ 16.992331393565127, 52.509578494381472 ], [ 16.992310849530234, 52.50951176776082 ], [ 16.992290534793721, 52.509443246166043 ], [ 16.992333019640011, 52.509413476488071 ], [ 16.992412023870262, 52.509420123876907 ], [ 16.992597517396842, 52.509477237431128 ], [ 16.992698511337696, 52.509538313529177 ], [ 16.992736771986998, 52.509779110634433 ], [ 16.992930537151139, 52.510000869803143 ], [ 16.992706123514225, 52.509979343459051 ], [ 16.992585669636334, 52.509976490086757 ], [ 16.992482858719839, 52.509977893480183 ], [ 16.992405718636441, 52.509982070945917 ], [ 16.992354278250062, 52.509985155473409 ], [ 16.992276925090817, 52.509994006277331 ], [ 16.992197885847713, 52.51000750545284 ], [ 16.992098300446919, 52.510112757525981 ], [ 16.99201089106888, 52.510222533453607 ], [ 16.991915032739495, 52.510262190216864 ], [ 16.991793397878869, 52.510285219592703 ], [ 16.991676917182172, 52.510324526091139 ], [ 16.991583451276362, 52.510373127564648 ], [ 16.991528033291381, 52.510427861458908 ], [ 16.991463869192778, 52.510609716243138 ], [ 16.991471808509385, 52.510694217611423 ], [ 16.991487279484076, 52.510742869633205 ], [ 16.991558737733445, 52.51078896439774 ], [ 16.991692014269042, 52.510830711986749 ], [ 16.991852625076039, 52.510854934812549 ], [ 16.991984328629091, 52.51086976240066 ], [ 16.992105231537938, 52.510862820199272 ], [ 16.992191105609997, 52.510848177874372 ], [ 16.992286624712406, 52.510819218346981 ], [ 16.992327741703338, 52.510764511234726 ], [ 16.992356940218468, 52.510628473233325 ], [ 16.992442956284549, 52.510484585003965 ], [ 16.992625567725696, 52.510349531254974 ], [ 16.99274466597231, 52.510317463682739 ], [ 16.992943006406438, 52.510222161318531 ], [ 16.993061694523011, 52.510199080774868 ], [ 16.99319544013559, 52.510169060099912 ], [ 16.993293424105381, 52.510147426968842 ], [ 16.993497182924784, 52.510085224685568 ], [ 16.993617915002382, 52.510101393411929 ], [ 16.993829981303801, 52.510115693075015 ], [ 16.994013884972851, 52.5101236685218 ], [ 16.994159650273769, 52.510133965157678 ], [ 16.994272408295281, 52.510137495931382 ], [ 16.99454443847042, 52.510142827273405 ], [ 16.994523426548309, 52.510257867951026 ], [ 16.994604584756104, 52.510278761370472 ], [ 16.9947019051057, 52.510310541969304 ], [ 16.994769704059962, 52.510349647138916 ], [ 16.994783079538557, 52.510399072675398 ], [ 16.99484233494757, 52.51052221963289 ], [ 16.994887282029108, 52.51061967017592 ], [ 16.994923771772378, 52.510689184972769 ], [ 16.994974897737219, 52.510735112925026 ], [ 16.995060021932584, 52.510766056911613 ], [ 16.995185028248031, 52.510782296457386 ], [ 16.995312796513147, 52.510789678317366 ], [ 16.995509678263389, 52.510804077400678 ], [ 16.995690365281146, 52.510830973683468 ], [ 16.995823277877822, 52.510880805289545 ], [ 16.995910989767754, 52.510952086948407 ], [ 16.995902803538073, 52.511018596014615 ], [ 16.99588066808526, 52.511064451716457 ], [ 16.995854662108069, 52.511127331009277 ], [ 16.995875289738226, 52.511182635614055 ], [ 16.995937506075471, 52.511234327477915 ], [ 16.996000971236114, 52.511316890900744 ], [ 16.996102512557481, 52.511476280946994 ], [ 16.99620073524278, 52.511601706189758 ], [ 16.996187591361416, 52.511718859125317 ], [ 16.996132837744476, 52.511840074239771 ], [ 16.996061617269284, 52.511918197549157 ], [ 16.995979674933071, 52.511950088396254 ], [ 16.995908354309556, 52.511952657830932 ], [ 16.995837299835927, 52.511965575172205 ], [ 16.995801083595783, 52.512000129330403 ], [ 16.995722733841326, 52.512050249342565 ], [ 16.995628036711533, 52.512080574714076 ], [ 16.99551928801931, 52.51210868318288 ], [ 16.995428604811938, 52.512147980759934 ], [ 16.995315383896454, 52.512251655299451 ], [ 16.995270848419494, 52.512319976824855 ], [ 16.995258695747943, 52.512357007277764 ], [ 16.995281377165597, 52.512389861038798 ], [ 16.995326322502791, 52.512419404400603 ], [ 16.995411446084915, 52.512450438034591 ], [ 16.995479915916015, 52.512491083155084 ], [ 16.995502732568234, 52.512520971045085 ], [ 16.995498190828943, 52.512546258006253 ], [ 16.995465955156241, 52.512571075726612 ], [ 16.995408492871857, 52.512589799584617 ], [ 16.995333255236051, 52.512590953163688 ], [ 16.995496227867072, 52.512660632190659 ], [ 16.995766375248468, 52.512668806883006 ], [ 16.996038972595027, 52.512623146630013 ], [ 16.996154964890632, 52.512594620714232 ], [ 16.99629086363521, 52.512549792396179 ], [ 16.996301247344064, 52.512496542152412 ], [ 16.996328595580025, 52.512430087788431 ], [ 16.996362462257331, 52.512369410222803 ], [ 16.996347693077134, 52.512314924486347 ], [ 16.996352680024977, 52.512279841253793 ], [ 16.996387565528746, 52.512222688711098 ], [ 16.996436355849934, 52.512190416016693 ], [ 16.996465430785356, 52.512134604132065 ], [ 16.996452036997411, 52.512098490062399 ], [ 16.996480077461904, 52.512068654167827 ], [ 16.996539055447553, 52.512013348682316 ], [ 16.996595790982081, 52.511958724736914 ], [ 16.996629904102033, 52.511944461832272 ], [ 16.9966506160786, 52.511920168201883 ], [ 16.996633808690824, 52.511858632433565 ], [ 16.996654487915464, 52.511835057791487 ], [ 16.996632215419531, 52.511815882549996 ], [ 16.996579324382072, 52.511811928811532 ], [ 16.996455739216707, 52.511816221828411 ], [ 16.996404239271513, 52.511807614536835 ], [ 16.996389254187818, 52.511780557745602 ], [ 16.996353917993275, 52.511669419381711 ], [ 16.99635322391623, 52.511584231643155 ], [ 16.996362964619244, 52.511522425916752 ], [ 16.996426865893266, 52.511384816116951 ], [ 16.996433924995451, 52.511281501262168 ], [ 16.996444182065698, 52.511250464766441 ], [ 16.996468627954421, 52.511176495944731 ], [ 16.996439918442935, 52.511123842806725 ], [ 16.996424166553957, 52.511039119587501 ], [ 16.996440329733716, 52.510936588515143 ], [ 16.996449554958836, 52.510886106861435 ], [ 16.996495057114014, 52.510825626309767 ], [ 16.996602818788794, 52.510764041465748 ], [ 16.99667802356548, 52.510734374623432 ], [ 16.996751639982392, 52.51068777155983 ], [ 16.996797014784025, 52.510630076969939 ], [ 16.99689858113554, 52.510578280681713 ], [ 16.996988338901353, 52.510533299923871 ], [ 16.997077323954848, 52.510505305236791 ], [ 16.997149976227718, 52.510505815718879 ], [ 16.997192862331339, 52.510525519738344 ], [ 16.997202102745348, 52.510552479177768 ], [ 16.997192337657214, 52.510588920644437 ], [ 16.997116312679342, 52.510652842192911 ], [ 16.997085185692526, 52.510711677555797 ], [ 16.997089047222151, 52.51077587226505 ], [ 16.997149699452422, 52.510871699000241 ], [ 16.997271866180959, 52.510947160666426 ], [ 16.997377343814776, 52.511036280848629 ], [ 16.997434714585495, 52.511116761576737 ], [ 16.997422046802349, 52.511272148447013 ], [ 16.997393120550136, 52.511396049890891 ], [ 16.997460347160789, 52.511444587804021 ], [ 16.997505803692832, 52.511459658176904 ], [ 16.997558930121631, 52.511435733174771 ], [ 16.997539830145243, 52.511372719645863 ], [ 16.99759168508799, 52.511298944715207 ], [ 16.997674147905883, 52.511184224119859 ], [ 16.997761360768926, 52.511068774374856 ], [ 16.997873875656087, 52.511003131454174 ], [ 16.998024219656745, 52.510896574957869 ], [ 16.998146428236542, 52.510847915154379 ], [ 16.99828937351398, 52.510800325643046 ], [ 16.998411581209055, 52.51080032468554 ], [ 16.998535292339845, 52.510822385057544 ], [ 16.998542166358725, 52.510872239799184 ], [ 16.998518319183813, 52.510916897758783 ], [ 16.998467307442787, 52.510968921160845 ], [ 16.998429736115813, 52.511062545693491 ], [ 16.998358005533177, 52.511142280700348 ], [ 16.99834137499472, 52.511229243965417 ], [ 16.998317565876899, 52.511295758662463 ], [ 16.998266568359131, 52.511327994774234 ], [ 16.998167595422483, 52.511371381480259 ], [ 16.998063863830286, 52.511418914896161 ], [ 16.997974008085659, 52.511417394311501 ], [ 16.997911310976505, 52.511437829641466 ], [ 16.997839582092645, 52.511504522642483 ], [ 16.9977972316542, 52.51156379783712 ], [ 16.997795885462487, 52.511629073628171 ], [ 16.997772970172576, 52.511675905842587 ], [ 16.997731478987948, 52.511738973159851 ], [ 16.997726759414967, 52.511777928516977 ], [ 16.997766828569336, 52.511810986135153 ], [ 16.997860562911825, 52.511856914379678 ], [ 16.998264182675189, 52.511938307150267 ], [ 16.998404502667309, 52.51197449987086 ], [ 16.998476264887245, 52.511968698457231 ], [ 16.998566215923358, 52.511919492454872 ], [ 16.998588178705361, 52.511841703612937 ], [ 16.99858369180421, 52.511661472022752 ], [ 16.99857588418184, 52.511554307850226 ], [ 16.998600462927669, 52.511444903347915 ], [ 16.998649959323807, 52.511371088064763 ], [ 16.998759602183846, 52.511268069405226 ], [ 16.998901547081541, 52.511236022356009 ], [ 16.99897733979649, 52.511199888112699 ], [ 16.99907993160901, 52.511099538127731 ], [ 16.99919945095743, 52.510960798885975 ], [ 16.999218671439564, 52.510891418182794 ], [ 16.99928197428833, 52.510844639133616 ], [ 16.999366143130374, 52.510822047798257 ], [ 16.999492527143762, 52.510807995310195 ], [ 16.999697144090359, 52.510824137186624 ], [ 16.999904886608192, 52.510797428777728 ], [ 17.000000172536598, 52.510741026522197 ], [ 17.000040166447505, 52.510717328115476 ], [ 17.00021740201937, 52.51063523824201 ], [ 17.00037091870681, 52.510598258310573 ], [ 17.000565000288763, 52.510593173971337 ], [ 17.000741989178444, 52.51060740801006 ], [ 17.000838932815299, 52.51062811417615 ], [ 17.000899562259704, 52.510646677591417 ], [ 17.000925063871417, 52.510692169918578 ], [ 17.000887742539465, 52.510747933458617 ], [ 17.000853590694653, 52.510792327797851 ], [ 17.000786901604883, 52.510839050451963 ], [ 17.000611212343596, 52.510948779781621 ], [ 17.000485377003468, 52.51099944950338 ], [ 17.000472352166245, 52.511059041395576 ], [ 17.000531768079142, 52.511120577194305 ], [ 17.000644010746793, 52.511164747353547 ], [ 17.000780086908545, 52.511167766552134 ], [ 17.000943222891429, 52.511117007279196 ], [ 17.001060308176573, 52.511083728090142 ], [ 17.00115719454865, 52.511095978385399 ], [ 17.001176018598919, 52.511139199197885 ], [ 17.001211536857003, 52.511006234099078 ], [ 17.001160248130834, 52.510840322311864 ], [ 17.001089819031435, 52.510706376592047 ], [ 17.001066329761418, 52.510597058840268 ], [ 17.001071834368908, 52.510576464982094 ], [ 17.001097115034554, 52.5105618716767 ], [ 17.00115567004185, 52.510551438293938 ], [ 17.00123691950008, 52.51055416020953 ], [ 17.001264297259194, 52.510555072479725 ], [ 17.001282436711946, 52.510561405122488 ], [ 17.001383425092296, 52.51065215475527 ], [ 17.001566918886219, 52.510711468899736 ], [ 17.001624608984507, 52.510635632186826 ], [ 17.001677308248794, 52.510595058701895 ], [ 17.001772846132322, 52.510598021603251 ], [ 17.002035009843524, 52.510645442191901 ], [ 17.002637809162529, 52.510687281020942 ], [ 17.003098406098186, 52.510708458124043 ], [ 17.003259894739468, 52.510732950061282 ], [ 17.003370164792905, 52.510765391755449 ], [ 17.003456787886744, 52.510792667295313 ], [ 17.003507681952538, 52.510840656267092 ], [ 17.003509330783643, 52.510882327641326 ], [ 17.00347592645894, 52.510907037846465 ], [ 17.003421217061561, 52.510913939564354 ], [ 17.003122953273401, 52.510979870350447 ], [ 17.002964192175071, 52.511018744059797 ], [ 17.002855666064193, 52.511038858070911 ], [ 17.002836659191185, 52.511058144748915 ], [ 17.002846650769811, 52.511078370685659 ], [ 17.002921149807012, 52.511103193367248 ], [ 17.003083513832529, 52.511163677460459 ], [ 17.003204588875136, 52.511227691745944 ], [ 17.003426816602008, 52.511460257090413 ], [ 17.003543046608506, 52.511536871192035 ], [ 17.003662717378702, 52.511609136037777 ], [ 17.003782396031308, 52.511554401580824 ], [ 17.003827069798874, 52.511469709672596 ], [ 17.00374009242023, 52.510529868141589 ], [ 17.003709679784084, 52.509935731975354 ], [ 17.003679393583663, 52.509605490301489 ], [ 17.003701282073148, 52.509307968830456 ], [ 17.003739198016593, 52.508851968596936 ], [ 17.003769686682574, 52.508231337432292 ], [ 17.003752753047621, 52.507521941819014 ], [ 17.00379029121741, 52.506788011470825 ], [ 17.00075873798534, 52.507263882608292 ], [ 17.000280572473905, 52.507338278342026 ], [ 16.99997053894343, 52.507384664381796 ], [ 16.999024593602762, 52.507535062342932 ], [ 16.997389461008517, 52.507787295989068 ], [ 16.997166331516151, 52.507822014153298 ], [ 16.996307290875603, 52.50797017412269 ], [ 16.993819147423753, 52.508353615369856 ], [ 16.992532605231478, 52.508566361993374 ], [ 16.992217469947171, 52.508607874256583 ], [ 16.992010109385838, 52.50864249060119 ], [ 16.991851381510717, 52.508661202730352 ], [ 16.991760413671937, 52.508674499110285 ], [ 16.99159272059871, 52.508699084886587 ], [ 16.991421661093305, 52.508710211751144 ], [ 16.991392091456049, 52.508712138154657 ], [ 16.991328775164874, 52.50871061337461 ], [ 16.9912659701764, 52.508710806160963 ], [ 16.991069296687492, 52.508685610299779 ], [ 16.990933490948731, 52.508683304003767 ], [ 16.990884556006201, 52.508686430432242 ], [ 16.990621862033272, 52.508702835523351 ], [ 16.990411867893812, 52.508827437369739 ], [ 16.990353494623122, 52.508859724692847 ], [ 16.990243392872319, 52.508920814417131 ], [ 16.990147720769876, 52.508953187520596 ], [ 16.990048857603785, 52.508981189062219 ], [ 16.990135641759494, 52.509146809648158 ], [ 16.990436691953594, 52.509139511832153 ], [ 16.990704952732873, 52.509127159181084 ], [ 16.990970683268021, 52.509176733727863 ], [ 16.991105359367197, 52.50920060712378 ], [ 16.991270818941462, 52.509195951461081 ], [ 16.991349515181597, 52.509209340064039 ], [ 16.991650843597299, 52.509260596810762 ], [ 16.991795975481743, 52.509268547112811 ], [ 16.991895494400371, 52.509336074770431 ], [ 16.99205814848041, 52.50938002957183 ], [ 16.992100555447408, 52.509416636626057 ], [ 16.992078544621094, 52.509511422783397 ], [ 16.991954526802665, 52.509589996671565 ], [ 16.991842973119851, 52.509647375565578 ], [ 16.99171559530485, 52.5096703073649 ], [ 16.991676318296022, 52.509691136976969 ], [ 16.991678120818303, 52.509716261689022 ], [ 16.991739019135213, 52.509735284119323 ], [ 16.991870801267627, 52.509748314332953 ] ] ] ] } },
{ "type": "Feature", "properties": { "gml_id": "OT_ADJA_A.20", "lokalnyId": "322BD60C-5C60-598B-E053-CC2BA8C05138", "przestrzen": "PL.PZGiK.308.BDOT10k", "wersjaId": "2022-01-20T00:00:00", "czyObiektB": 0, "x_kod": "ADJA05", "x_skrKarto": null, "x_katDoklG": "Dok", "x_doklGeom": 1, "x_doklGe_1": "m", "x_zrodloDa": "PRG", "x_zrodlo_1": "PRG", "x_katIstni": null, "x_rodzajRe": "ZP", "x_aktualno": "2022-01-20", "x_aktual_1": "2022-01-20", "poczatekWe": "2022-01-20T00:00:00", "x_dataUtwo": "2012-11-13", "x_kodKarto": "0010_505", "x_kodKar_1": "0025_505", "x_kodKar_2": "0050_505", "x_kodKar_3": "0100_505", "x_kodKar_4": null, "x_kodKar_5": null, "x_kodKar_6": null, "nazwa": "Czerwonak", "idPRG": 1030210420, "idTerytJed": 3021, "idTerytTer": 3021042, "rodzaj": "GW", "PRG|BT_Ref": 1030210420, "PRG|BT_R_1": "PL.PZGiK.200", "x_informDo": null }, "geometry": { "type": "MultiPolygon", "coordinates": [ [ [ [ 16.993160741021899, 52.511189324733714 ], [ 16.993137653932564, 52.511508320717546 ], [ 16.993147403946907, 52.51162109475861 ], [ 16.99327603859269, 52.511706564027882 ], [ 16.993320209879755, 52.51170128709775 ], [ 16.993507475418493, 52.51170680190549 ], [ 16.993553447642729, 52.511684646149597 ], [ 16.99374342366534, 52.511630664290493 ], [ 16.993946966838475, 52.511608931893143 ], [ 16.994110304292665, 52.511563671923419 ], [ 16.994200849345631, 52.511469148014356 ], [ 16.994247949554467, 52.51125714145666 ], [ 16.99417487827062, 52.511068371402047 ], [ 16.994043817462391, 52.510974677150003 ], [ 16.993857748444022, 52.510862061340994 ], [ 16.993697703387912, 52.510760679739555 ], [ 16.993630151056795, 52.510696753867023 ], [ 16.993546497161809, 52.510659447825851 ], [ 16.99342109521702, 52.510635734560147 ], [ 16.993299115944147, 52.510669552805545 ], [ 16.993159482280284, 52.510764052809094 ], [ 16.993043248439488, 52.510862637287431 ], [ 16.992893529120948, 52.510922877477938 ], [ 16.99281667366262, 52.510930477886134 ], [ 16.992744645221489, 52.510961545331007 ], [ 16.992734254540697, 52.510995457434497 ], [ 16.992723765360843, 52.511034764446933 ], [ 16.992726728702134, 52.511095886037104 ], [ 16.992841745014321, 52.511153422285503 ], [ 16.992993748694335, 52.511175698655443 ], [ 16.993047649248055, 52.511180120846788 ], [ 16.993160741021899, 52.511189324733714 ] ] ] ] } },
{ "type": "Feature", "properties": { "gml_id": "OT_ADJA_A.20", "lokalnyId": "322BD60C-5C60-598B-E053-CC2BA8C05138", "przestrzen": "PL.PZGiK.308.BDOT10k", "wersjaId": "2022-01-20T00:00:00", "czyObiektB": 0, "x_kod": "ADJA05", "x_skrKarto": null, "x_katDoklG": "Dok", "x_doklGeom": 1, "x_doklGe_1": "m", "x_zrodloDa": "PRG", "x_zrodlo_1": "PRG", "x_katIstni": null, "x_rodzajRe": "ZP", "x_aktualno": "2022-01-20", "x_aktual_1": "2022-01-20", "poczatekWe": "2022-01-20T00:00:00", "x_dataUtwo": "2012-11-13", "x_kodKarto": "0010_505", "x_kodKar_1": "0025_505", "x_kodKar_2": "0050_505", "x_kodKar_3": "0100_505", "x_kodKar_4": null, "x_kodKar_5": null, "x_kodKar_6": null, "nazwa": "Czerwonak", "idPRG": 1030210420, "idTerytJed": 3021, "idTerytTer": 3021042, "rodzaj": "GW", "PRG|BT_Ref": 1030210420, "PRG|BT_R_1": "PL.PZGiK.200", "x_informDo": null }, "geometry": { "type": "MultiPolygon", "coordinates": [ [ [ [ 16.991189372682459, 52.510377229753885 ], [ 16.991171426911478, 52.510373147417049 ], [ 16.991160048168041, 52.510370525736178 ], [ 16.991020581947978, 52.510338476211906 ], [ 16.990904510443087, 52.510368794598307 ], [ 16.990674823422143, 52.510456365720749 ], [ 16.990498437526078, 52.511944175752632 ], [ 16.990590563069535, 52.511963819116083 ], [ 16.990658342157229, 52.512025951720958 ], [ 16.990651551237288, 52.512174782045093 ], [ 16.990601205955603, 52.512247500336152 ], [ 16.99058115880219, 52.512299146904439 ], [ 16.9906352698078, 52.512337752113666 ], [ 16.990850953687872, 52.512363451311955 ], [ 16.990951096957133, 52.512375405507413 ], [ 16.991064292922914, 52.512392078419957 ], [ 16.991184809239556, 52.512409864897741 ], [ 16.991140303765231, 52.512619575851623 ], [ 16.991721119877724, 52.512665414181633 ], [ 16.992130433356056, 52.512697733197854 ], [ 16.99222333510388, 52.511835344767242 ], [ 16.99223510902068, 52.511637846112237 ], [ 16.992286780403159, 52.511415678598233 ], [ 16.991950776065821, 52.511420698598613 ], [ 16.991871976041121, 52.51178211425016 ], [ 16.991853509733637, 52.511866808891916 ], [ 16.991720389775349, 52.51182155639443 ], [ 16.991499694275042, 52.511760336127089 ], [ 16.991305201604497, 52.511767827110802 ], [ 16.991191600845767, 52.511718048507447 ], [ 16.991090066363125, 52.511584737726224 ], [ 16.991241764284034, 52.510453491650637 ], [ 16.991189372682459, 52.510377229753885 ] ] ] ] } },
{ "type": "Feature", "properties": { "gml_id": "OT_ADJA_A.20", "lokalnyId": "322BD60C-5C60-598B-E053-CC2BA8C05138", "przestrzen": "PL.PZGiK.308.BDOT10k", "wersjaId": "2022-01-20T00:00:00", "czyObiektB": 0, "x_kod": "ADJA05", "x_skrKarto": null, "x_katDoklG": "Dok", "x_doklGeom": 1, "x_doklGe_1": "m", "x_zrodloDa": "PRG", "x_zrodlo_1": "PRG", "x_katIstni": null, "x_rodzajRe": "ZP", "x_aktualno": "2022-01-20", "x_aktual_1": "2022-01-20", "poczatekWe": "2022-01-20T00:00:00", "x_dataUtwo": "2012-11-13", "x_kodKarto": "0010_505", "x_kodKar_1": "0025_505", "x_kodKar_2": "0050_505", "x_kodKar_3": "0100_505", "x_kodKar_4": null, "x_kodKar_5": null, "x_kodKar_6": null, "nazwa": "Czerwonak", "idPRG": 1030210420, "idTerytJed": 3021, "idTerytTer": 3021042, "rodzaj": "GW", "PRG|BT_Ref": 1030210420, "PRG|BT_R_1": "PL.PZGiK.200", "x_informDo": null }, "geometry": { "type": "MultiPolygon", "coordinates": [ [ [ [ 17.001055773362935, 52.511732499520207 ], [ 17.001007491762095, 52.51177638532485 ], [ 17.000992185358641, 52.511814802132548 ], [ 17.001008676234232, 52.511850967996175 ], [ 17.00105073822952, 52.511866159521759 ], [ 17.001071717356574, 52.511868402800452 ], [ 17.001092507494146, 52.511865066423027 ], [ 17.001120416387263, 52.511854295119392 ], [ 17.001156628373863, 52.511819739289201 ], [ 17.001175915962925, 52.511810531222572 ], [ 17.001188310071321, 52.511810290915101 ], [ 17.001199178995115, 52.511817669983067 ], [ 17.001212459667769, 52.511836872315932 ], [ 17.001245130865154, 52.511880327062578 ], [ 17.001339198988333, 52.511915734844479 ], [ 17.001472317279806, 52.511906021311759 ], [ 17.001577351086979, 52.511881712187993 ], [ 17.001634940599931, 52.511834115838788 ], [ 17.001639417754546, 52.511784183223384 ], [ 17.001577446520638, 52.511752915591011 ], [ 17.001439713121858, 52.511734399150235 ], [ 17.001215980910199, 52.51170732410548 ], [ 17.001055773362935, 52.511732499520207 ] ] ] ] } },
{ "type": "Feature", "properties": { "gml_id": "OT_ADJA_A.20", "lokalnyId": "322BD60C-5C60-598B-E053-CC2BA8C05138", "przestrzen": "PL.PZGiK.308.BDOT10k", "wersjaId": "2022-01-20T00:00:00", "czyObiektB": 0, "x_kod": "ADJA05", "x_skrKarto": null, "x_katDoklG": "Dok", "x_doklGeom": 1, "x_doklGe_1": "m", "x_zrodloDa": "PRG", "x_zrodlo_1": "PRG", "x_katIstni": null, "x_rodzajRe": "ZP", "x_aktualno": "2022-01-20", "x_aktual_1": "2022-01-20", "poczatekWe": "2022-01-20T00:00:00", "x_dataUtwo": "2012-11-13", "x_kodKarto": "0010_505", "x_kodKar_1": "0025_505", "x_kodKar_2": "0050_505", "x_kodKar_3": "0100_505", "x_kodKar_4": null, "x_kodKar_5": null, "x_kodKar_6": null, "nazwa": "Czerwonak", "idPRG": 1030210420, "idTerytJed": 3021, "idTerytTer": 3021042, "rodzaj": "GW", "PRG|BT_Ref": 1030210420, "PRG|BT_R_1": "PL.PZGiK.200", "x_informDo": null }, "geometry": { "type": "MultiPolygon", "coordinates": [ [ [ [ 16.998136974497164, 52.514924687765038 ], [ 16.998181916855412, 52.514905750730868 ], [ 16.998246498254897, 52.514843973387521 ], [ 16.998439522910413, 52.51473606980408 ], [ 16.99862330055192, 52.514705090534342 ], [ 16.998948957381256, 52.514656723393088 ], [ 16.999189883749629, 52.514662597063008 ], [ 16.999279132011537, 52.514703591326544 ], [ 16.999372872776284, 52.514778749841646 ], [ 16.999423629514187, 52.514761619578515 ], [ 16.999432045614778, 52.514706177198669 ], [ 16.999376035220607, 52.514644248777991 ], [ 16.999277933769619, 52.514538525880837 ], [ 16.999276439167854, 52.51444163212313 ], [ 16.999205769424751, 52.514312987913911 ], [ 16.999069459085707, 52.514269488712529 ], [ 16.998857670956767, 52.51427130308862 ], [ 16.998604201061443, 52.51422033502319 ], [ 16.998485246546288, 52.514184234239586 ], [ 16.998416313265629, 52.514147180782125 ], [ 16.99833435737234, 52.514140397591866 ], [ 16.998231450750684, 52.514140455286359 ], [ 16.998042097046874, 52.514099565141784 ], [ 16.99788171600386, 52.514069958154991 ], [ 16.997696694601718, 52.513998650122907 ], [ 16.997640410952023, 52.513965497956939 ], [ 16.997625527322331, 52.513949146265041 ], [ 16.997596477515081, 52.513939570346906 ], [ 16.99757538724997, 52.513939753035451 ], [ 16.997555054346545, 52.51394597471446 ], [ 16.99753421073747, 52.513966668554552 ], [ 16.997484176185942, 52.514016549451661 ], [ 16.997342909672223, 52.514146913942987 ], [ 16.99727054719861, 52.514253350650435 ], [ 16.997234537829453, 52.514267131930431 ], [ 16.99718297855906, 52.514279210867848 ], [ 16.997062585810173, 52.514268268314474 ], [ 16.99697480278072, 52.514259946441094 ], [ 16.996886553708315, 52.514261870104029 ], [ 16.99686732561014, 52.514272967289884 ], [ 16.996872040437971, 52.514292474790366 ], [ 16.996902143145714, 52.514330760502915 ], [ 16.996933182131173, 52.514348465131953 ], [ 16.996970125839542, 52.514362761951404 ], [ 16.99699585310497, 52.514374080627206 ], [ 16.996997957223034, 52.514392644491643 ], [ 16.996968254653648, 52.514433065629433 ], [ 16.996948884358286, 52.514469974037333 ], [ 16.996944171507529, 52.514499035747562 ], [ 16.996957811131487, 52.514516805548723 ], [ 16.997018543296868, 52.514555879640319 ], [ 16.997170491287736, 52.5145764406751 ], [ 16.997306279085421, 52.514582786803935 ], [ 16.997507721950004, 52.514695027576046 ], [ 16.997684150008748, 52.514793263250425 ], [ 16.99793477387912, 52.51490687530297 ], [ 16.99804267598137, 52.514926689822815 ], [ 16.998136974497164, 52.514924687765038 ] ] ] ] } },
{ "type": "Feature", "properties": { "gml_id": "OT_ADJA_A.20", "lokalnyId": "322BD60C-5C60-598B-E053-CC2BA8C05138", "przestrzen": "PL.PZGiK.308.BDOT10k", "wersjaId": "2022-01-20T00:00:00", "czyObiektB": 0, "x_kod": "ADJA05", "x_skrKarto": null, "x_katDoklG": "Dok", "x_doklGeom": 1, "x_doklGe_1": "m", "x_zrodloDa": "PRG", "x_zrodlo_1": "PRG", "x_katIstni": null, "x_rodzajRe": "ZP", "x_aktualno": "2022-01-20", "x_aktual_1": "2022-01-20", "poczatekWe": "2022-01-20T00:00:00", "x_dataUtwo": "2012-11-13", "x_kodKarto": "0010_505", "x_kodKar_1": "0025_505", "x_kodKar_2": "0050_505", "x_kodKar_3": "0100_505", "x_kodKar_4": null, "x_kodKar_5": null, "x_kodKar_6": null, "nazwa": "Czerwonak", "idPRG": 1030210420, "idTerytJed": 3021, "idTerytTer": 3021042, "rodzaj": "GW", "PRG|BT_Ref": 1030210420, "PRG|BT_R_1": "PL.PZGiK.200", "x_informDo": null }, "geometry": { "type": "MultiPolygon", "coordinates": [ [ [ [ 17.000950220659981, 52.517844131652339 ], [ 17.000799152398642, 52.517764947725979 ], [ 17.000468778432857, 52.517728424284307 ], [ 17.000370121188713, 52.517673690594819 ], [ 17.000377190300874, 52.517582967823436 ], [ 17.000516600286637, 52.517207833958622 ], [ 17.000156311206677, 52.517274957825585 ], [ 17.000085215316872, 52.517460657236455 ], [ 16.999953389088937, 52.51799655669879 ], [ 17.000000166697387, 52.51804762550691 ], [ 17.000081867288912, 52.518082915044836 ], [ 17.000527405571773, 52.518132179044557 ], [ 17.000680874803898, 52.518129286095906 ], [ 17.000853094551772, 52.518119334475443 ], [ 17.000973291685348, 52.518079631977692 ], [ 17.001001583653196, 52.518057264534946 ], [ 17.00102239199558, 52.51801462345319 ], [ 17.00102224640645, 52.51796587199118 ], [ 17.000950220659981, 52.517844131652339 ] ] ] ] } },
{ "type": "Feature", "properties": { "gml_id": "OT_ADJA_A.20", "lokalnyId": "322BD60C-5C60-598B-E053-CC2BA8C05138", "przestrzen": "PL.PZGiK.308.BDOT10k", "wersjaId": "2022-01-20T00:00:00", "czyObiektB": 0, "x_kod": "ADJA05", "x_skrKarto": null, "x_katDoklG": "Dok", "x_doklGeom": 1, "x_doklGe_1": "m", "x_zrodloDa": "PRG", "x_zrodlo_1": "PRG", "x_katIstni": null, "x_rodzajRe": "ZP", "x_aktualno": "2022-01-20", "x_aktual_1": "2022-01-20", "poczatekWe": "2022-01-20T00:00:00", "x_dataUtwo": "2012-11-13", "x_kodKarto": "0010_505", "x_kodKar_1": "0025_505", "x_kodKar_2": "0050_505", "x_kodKar_3": "0100_505", "x_kodKar_4": null, "x_kodKar_5": null, "x_kodKar_6": null, "nazwa": "Czerwonak", "idPRG": 1030210420, "idTerytJed": 3021, "idTerytTer": 3021042, "rodzaj": "GW", "PRG|BT_Ref": 1030210420, "PRG|BT_R_1": "PL.PZGiK.200", "x_informDo": null }, "geometry": { "type": "MultiPolygon", "coordinates": [ [ [ [ 17.001420090914408, 52.518240802756146 ], [ 17.001486019796353, 52.518240297480446 ], [ 17.001529619685435, 52.518234737969607 ], [ 17.001559458989671, 52.518188022034089 ], [ 17.001677088071862, 52.517886541902072 ], [ 17.001731088956156, 52.51778824708429 ], [ 17.001906778641949, 52.517383413706611 ], [ 17.001889195714256, 52.517342012891518 ], [ 17.001878130189294, 52.517316192307902 ], [ 17.001829653394456, 52.517296035874125 ], [ 17.001732483529963, 52.517286479733215 ], [ 17.001695434064541, 52.51730366263228 ], [ 17.001560104970942, 52.517589103826566 ], [ 17.001340704474408, 52.518199976793177 ], [ 17.001349190981006, 52.518220896945124 ], [ 17.001420090914408, 52.518240802756146 ] ] ] ] } },
{ "type": "Feature", "properties": { "gml_id": "OT_ADJA_A.20", "lokalnyId": "322BD60C-5C60-598B-E053-CC2BA8C05138", "przestrzen": "PL.PZGiK.308.BDOT10k", "wersjaId": "2022-01-20T00:00:00", "czyObiektB": 0, "x_kod": "ADJA05", "x_skrKarto": null, "x_katDoklG": "Dok", "x_doklGeom": 1, "x_doklGe_1": "m", "x_zrodloDa": "PRG", "x_zrodlo_1": "PRG", "x_katIstni": null, "x_rodzajRe": "ZP", "x_aktualno": "2022-01-20", "x_aktual_1": "2022-01-20", "poczatekWe": "2022-01-20T00:00:00", "x_dataUtwo": "2012-11-13", "x_kodKarto": "0010_505", "x_kodKar_1": "0025_505", "x_kodKar_2": "0050_505", "x_kodKar_3": "0100_505", "x_kodKar_4": null, "x_kodKar_5": null, "x_kodKar_6": null, "nazwa": "Czerwonak", "idPRG": 1030210420, "idTerytJed": 3021, "idTerytTer": 3021042, "rodzaj": "GW", "PRG|BT_Ref": 1030210420, "PRG|BT_R_1": "PL.PZGiK.200", "x_informDo": null }, "geometry": { "type": "MultiPolygon", "coordinates": [ [ [ [ 16.997171467918793, 52.519228752556515 ], [ 16.997384864999237, 52.519253681293989 ], [ 16.997671592530345, 52.519287226038209 ], [ 16.997966534265544, 52.519321718567966 ], [ 16.998256197081563, 52.519355581386598 ], [ 16.998449648294017, 52.519378191981069 ], [ 16.998464423743826, 52.519341835214838 ], [ 16.998618846308837, 52.518961291110358 ], [ 16.998062926160863, 52.518888026318422 ], [ 16.998032048313558, 52.518951003476126 ], [ 16.997342177691465, 52.518863146438783 ], [ 16.996940985824526, 52.518808055454322 ], [ 16.996857098793981, 52.518820846151421 ], [ 16.996569215365781, 52.518874344519801 ], [ 16.996470634478996, 52.519119298472617 ], [ 16.996459163993379, 52.519147795998251 ], [ 16.996111112051505, 52.519104305296395 ], [ 16.995948811378486, 52.519084107315336 ], [ 16.995583314167078, 52.519038430749092 ], [ 16.995532658327019, 52.519189216213633 ], [ 16.995517892880009, 52.519238254745012 ], [ 16.995447208130628, 52.519469469528111 ], [ 16.995770232235706, 52.519508940476911 ], [ 16.995979705042913, 52.519532636009806 ], [ 16.996021627097669, 52.519424695123092 ], [ 16.996472706117412, 52.519439889892176 ], [ 16.996552940270242, 52.519442597717017 ], [ 16.996576110245233, 52.519244486188995 ], [ 16.996585541001636, 52.519163607371482 ], [ 16.997096058941061, 52.519220460435186 ], [ 16.997171467918793, 52.519228752556515 ] ] ] ] } },
{ "type": "Feature", "properties": { "gml_id": "OT_ADJA_A.20", "lokalnyId": "322BD60C-5C60-598B-E053-CC2BA8C05138", "przestrzen": "PL.PZGiK.308.BDOT10k", "wersjaId": "2022-01-20T00:00:00", "czyObiektB": 0, "x_kod": "ADJA05", "x_skrKarto": null, "x_katDoklG": "Dok", "x_doklGeom": 1, "x_doklGe_1": "m", "x_zrodloDa": "PRG", "x_zrodlo_1": "PRG", "x_katIstni": null, "x_rodzajRe": "ZP", "x_aktualno": "2022-01-20", "x_aktual_1": "2022-01-20", "poczatekWe": "2022-01-20T00:00:00", "x_dataUtwo": "2012-11-13", "x_kodKarto": "0010_505", "x_kodKar_1": "0025_505", "x_kodKar_2": "0050_505", "x_kodKar_3": "0100_505", "x_kodKar_4": null, "x_kodKar_5": null, "x_kodKar_6": null, "nazwa": "Czerwonak", "idPRG": 1030210420, "idTerytJed": 3021, "idTerytTer": 3021042, "rodzaj": "GW", "PRG|BT_Ref": 1030210420, "PRG|BT_R_1": "PL.PZGiK.200", "x_informDo": null }, "geometry": { "type": "MultiPolygon", "coordinates": [ [ [ [ 16.988166239444716, 52.521718129490942 ], [ 16.9880565351197, 52.521734252594378 ], [ 16.988021683501415, 52.521770896311544 ], [ 16.988050962787781, 52.521846496570738 ], [ 16.988031788076224, 52.521872433839178 ], [ 16.987966226854571, 52.521893804667499 ], [ 16.987870153310027, 52.521895588646743 ], [ 16.987801685487788, 52.521896672790497 ], [ 16.987773521608407, 52.521906357349636 ], [ 16.987748058772272, 52.521940822150448 ], [ 16.987740763211836, 52.521977844505507 ], [ 16.987805329040107, 52.522058901883696 ], [ 16.987820380332092, 52.522094145667275 ], [ 16.987846691611598, 52.522124993855961 ], [ 16.98788735728467, 52.52212568544342 ], [ 16.987942814951303, 52.522122131423863 ], [ 16.987984632537344, 52.522136334008117 ], [ 16.988050015923061, 52.522202744450468 ], [ 16.988042716459123, 52.522239856697773 ], [ 16.988028772934754, 52.522261026003925 ], [ 16.988032880771577, 52.522293745144452 ], [ 16.988061219176796, 52.522318961349406 ], [ 16.988103394341561, 52.522325344935048 ], [ 16.988223208113531, 52.522291315147513 ], [ 16.988378865317507, 52.522237657506892 ], [ 16.98844690901679, 52.522203916530756 ], [ 16.988520077534059, 52.52213869267522 ], [ 16.988564466027483, 52.522096634486942 ], [ 16.988562767852319, 52.52201439777749 ], [ 16.988544049055506, 52.521898053158182 ], [ 16.98851722408881, 52.521878439259595 ], [ 16.988470017144476, 52.521859558145302 ], [ 16.988430833744495, 52.521829660503855 ], [ 16.988413076007888, 52.521772964365134 ], [ 16.988389657357388, 52.521720759064316 ], [ 16.988360863782372, 52.521702280915797 ], [ 16.988322475296748, 52.521693713228501 ], [ 16.988166239444716, 52.521718129490942 ] ] ] ] } },
{ "type": "Feature", "properties": { "gml_id": "OT_ADJA_A.20", "lokalnyId": "322BD60C-5C60-598B-E053-CC2BA8C05138", "przestrzen": "PL.PZGiK.308.BDOT10k", "wersjaId": "2022-01-20T00:00:00", "czyObiektB": 0, "x_kod": "ADJA05", "x_skrKarto": null, "x_katDoklG": "Dok", "x_doklGeom": 1, "x_doklGe_1": "m", "x_zrodloDa": "PRG", "x_zrodlo_1": "PRG", "x_katIstni": null, "x_rodzajRe": "ZP", "x_aktualno": "2022-01-20", "x_aktual_1": "2022-01-20", "poczatekWe": "2022-01-20T00:00:00", "x_dataUtwo": "2012-11-13", "x_kodKarto": "0010_505", "x_kodKar_1": "0025_505", "x_kodKar_2": "0050_505", "x_kodKar_3": "0100_505", "x_kodKar_4": null, "x_kodKar_5": null, "x_kodKar_6": null, "nazwa": "Czerwonak", "idPRG": 1030210420, "idTerytJed": 3021, "idTerytTer": 3021042, "rodzaj": "GW", "PRG|BT_Ref": 1030210420, "PRG|BT_R_1": "PL.PZGiK.200", "x_informDo": null }, "geometry": { "type": "MultiPolygon", "coordinates": [ [ [ [ 16.98824652825536, 52.523032931338641 ], [ 16.988216203247465, 52.523089889236907 ], [ 16.988189936888414, 52.523180644735497 ], [ 16.988196715855267, 52.523274300640828 ], [ 16.988268388154818, 52.523364472859058 ], [ 16.988389612957352, 52.523457736106963 ], [ 16.9885347113498, 52.523477112252536 ], [ 16.988627359346374, 52.523469693015031 ], [ 16.988715586303144, 52.523439622880261 ], [ 16.988817595039691, 52.523346736969827 ], [ 16.98888017408769, 52.523271259282311 ], [ 16.988875636010885, 52.523209211478814 ], [ 16.988773056946929, 52.523149994278178 ], [ 16.988728953870126, 52.523111558487855 ], [ 16.988722858246462, 52.52309328639808 ], [ 16.988736393507324, 52.52306491463986 ], [ 16.988756830662854, 52.523027486028177 ], [ 16.988780489015969, 52.522961510322311 ], [ 16.988814926464666, 52.522904892018225 ], [ 16.988879733628515, 52.522841954270355 ], [ 16.988933396014559, 52.52277765779651 ], [ 16.988978893437793, 52.52268228215452 ], [ 16.988966569878656, 52.522626038250692 ], [ 16.988913508553178, 52.522583582711903 ], [ 16.988844146164908, 52.522565494418799 ], [ 16.988696974554294, 52.522552829105571 ], [ 16.988497055604615, 52.522561842522975 ], [ 16.988348750571646, 52.522573981753958 ], [ 16.988268185906993, 52.522559030542162 ], [ 16.988142735861878, 52.52251633316142 ], [ 16.98806943001135, 52.522513557596412 ], [ 16.988006272634195, 52.522521028173919 ], [ 16.987973587639178, 52.522519932689647 ], [ 16.987953858473468, 52.522506375568454 ], [ 16.987860348946949, 52.522368162000696 ], [ 16.987775438226524, 52.522257976907262 ], [ 16.987707084680864, 52.522233968863176 ], [ 16.987680804797982, 52.522234691150253 ], [ 16.987657994207364, 52.522243387417554 ], [ 16.987643670422088, 52.522308352424346 ], [ 16.987673663516436, 52.522348977110191 ], [ 16.987718411064439, 52.5224377923169 ], [ 16.987742877151792, 52.522560620767699 ], [ 16.987834641097596, 52.522662827563977 ], [ 16.987867870357508, 52.522713311012048 ], [ 16.987977885819735, 52.522809801908174 ], [ 16.988062733059731, 52.522892373278125 ], [ 16.9881644707459, 52.522931249700228 ], [ 16.98823311463094, 52.522965066183581 ], [ 16.98824652825536, 52.523032931338641 ] ] ] ] } },
{ "type": "Feature", "properties": { "gml_id": "OT_ADJA_A.20", "lokalnyId": "322BD60C-5C60-598B-E053-CC2BA8C05138", "przestrzen": "PL.PZGiK.308.BDOT10k", "wersjaId": "2022-01-20T00:00:00", "czyObiektB": 0, "x_kod": "ADJA05", "x_skrKarto": null, "x_katDoklG": "Dok", "x_doklGeom": 1, "x_doklGe_1": "m", "x_zrodloDa": "PRG", "x_zrodlo_1": "PRG", "x_katIstni": null, "x_rodzajRe": "ZP", "x_aktualno": "2022-01-20", "x_aktual_1": "2022-01-20", "poczatekWe": "2022-01-20T00:00:00", "x_dataUtwo": "2012-11-13", "x_kodKarto": "0010_505", "x_kodKar_1": "0025_505", "x_kodKar_2": "0050_505", "x_kodKar_3": "0100_505", "x_kodKar_4": null, "x_kodKar_5": null, "x_kodKar_6": null, "nazwa": "Czerwonak", "idPRG": 1030210420, "idTerytJed": 3021, "idTerytTer": 3021042, "rodzaj": "GW", "PRG|BT_Ref": 1030210420, "PRG|BT_R_1": "PL.PZGiK.200", "x_informDo": null }, "geometry": { "type": "MultiPolygon", "coordinates": [ [ [ [ 16.999272800690736, 52.525179752584407 ], [ 16.999285759014885, 52.525222334733698 ], [ 16.999311876819995, 52.525267387968498 ], [ 16.999384852326344, 52.525313233510062 ], [ 16.999465255023654, 52.525338427813658 ], [ 16.999796159261887, 52.525001070665695 ], [ 16.99980760226024, 52.524989391671866 ], [ 17.000017293282163, 52.524755757375118 ], [ 17.000199480426975, 52.524552957918431 ], [ 17.000159215743167, 52.524536897152423 ], [ 17.000019996878205, 52.524543718110557 ], [ 16.999842980127386, 52.524561322666536 ], [ 16.999605117967686, 52.524593908069811 ], [ 16.999319869534414, 52.524660049861659 ], [ 16.999259226202117, 52.524693292590335 ], [ 16.999034476996048, 52.524726098590939 ], [ 16.998953407180409, 52.524735070944033 ], [ 16.998772640571005, 52.524812422414385 ], [ 16.999040868656888, 52.525149926948174 ], [ 16.99911196731945, 52.52512675484077 ], [ 16.999183088566394, 52.525129036868051 ], [ 16.999249484337646, 52.525154174343342 ], [ 16.999272800690736, 52.525179752584407 ] ] ] ] } },
{ "type": "Feature", "properties": { "gml_id": "OT_ADJA_A.20", "lokalnyId": "322BD60C-5C60-598B-E053-CC2BA8C05138", "przestrzen": "PL.PZGiK.308.BDOT10k", "wersjaId": "2022-01-20T00:00:00", "czyObiektB": 0, "x_kod": "ADJA05", "x_skrKarto": null, "x_katDoklG": "Dok", "x_doklGeom": 1, "x_doklGe_1": "m", "x_zrodloDa": "PRG", "x_zrodlo_1": "PRG", "x_katIstni": null, "x_rodzajRe": "ZP", "x_aktualno": "2022-01-20", "x_aktual_1": "2022-01-20", "poczatekWe": "2022-01-20T00:00:00", "x_dataUtwo": "2012-11-13", "x_kodKarto": "0010_505", "x_kodKar_1": "0025_505", "x_kodKar_2": "0050_505", "x_kodKar_3": "0100_505", "x_kodKar_4": null, "x_kodKar_5": null, "x_kodKar_6": null, "nazwa": "Czerwonak", "idPRG": 1030210420, "idTerytJed": 3021, "idTerytTer": 3021042, "rodzaj": "GW", "PRG|BT_Ref": 1030210420, "PRG|BT_R_1": "PL.PZGiK.200", "x_informDo": null }, "geometry": { "type": "MultiPolygon", "coordinates": [ [ [ [ 16.994520595052702, 52.528960632165656 ], [ 16.994905062183843, 52.528860385939318 ], [ 16.994971317827865, 52.5288789575851 ], [ 16.995024150653176, 52.528952616533267 ], [ 16.995016626605871, 52.52898504831203 ], [ 16.994944295215255, 52.529041565871985 ], [ 16.994588085992316, 52.529220721248876 ], [ 16.994113885760346, 52.529477654588632 ], [ 16.993462437099137, 52.529714581209404 ], [ 16.9929293540606, 52.529800699372146 ], [ 16.992412921328594, 52.529887097651695 ], [ 16.992377300441788, 52.529934072994223 ], [ 16.992386807223554, 52.529968142722353 ], [ 16.992440650283211, 52.530009890291602 ], [ 16.992545532708451, 52.530031996819723 ], [ 16.992827002401853, 52.529968865060646 ], [ 16.993444881630818, 52.529857022657133 ], [ 16.993712055811869, 52.529861553157957 ], [ 16.993974404428712, 52.529849002063841 ], [ 16.994403217598091, 52.529730531324653 ], [ 16.994491569718907, 52.529626705919796 ], [ 16.994528895993792, 52.529539014796981 ], [ 16.994815773217656, 52.529357065688139 ], [ 16.995077460546241, 52.529239178012794 ], [ 16.995511668143042, 52.528972928850209 ], [ 16.995695855254475, 52.528914887940374 ], [ 16.996185543053741, 52.528728815675045 ], [ 16.996802908968828, 52.528459187651876 ], [ 16.997012502481983, 52.528361280502054 ], [ 16.997404933258899, 52.52817976286299 ], [ 16.997383768346811, 52.528126338437836 ], [ 16.997374402016575, 52.528108551136533 ], [ 16.997361396672616, 52.528089712872742 ], [ 16.997341657895262, 52.528073009208541 ], [ 16.997315189643242, 52.528055112326733 ], [ 16.997299609965804, 52.528044235385686 ], [ 16.997279237072544, 52.528034986223972 ], [ 16.997256887031327, 52.52802381479566 ], [ 16.997188510863815, 52.527993515977229 ], [ 16.997110523686526, 52.527963773970015 ], [ 16.997075185618616, 52.527952832364321 ], [ 16.99698682626682, 52.527927411831946 ], [ 16.996882126233007, 52.528021248487185 ], [ 16.996404917618666, 52.528208794095875 ], [ 16.995903500788408, 52.528383785503536 ], [ 16.995773066052017, 52.528420881148861 ], [ 16.995413742098986, 52.528522905277555 ], [ 16.994979564828935, 52.528629955917438 ], [ 16.994684124046625, 52.528673068544499 ], [ 16.994503616475978, 52.528737736070497 ], [ 16.994144072788071, 52.528886522886161 ], [ 16.99413022209389, 52.528973622501226 ], [ 16.994189767642084, 52.529019693258611 ], [ 16.994273273156679, 52.529028664011996 ], [ 16.994520595052702, 52.528960632165656 ] ] ] ] } },
{ "type": "Feature", "properties": { "gml_id": "OT_ADJA_A.20", "lokalnyId": "322BD60C-5C60-598B-E053-CC2BA8C05138", "przestrzen": "PL.PZGiK.308.BDOT10k", "wersjaId": "2022-01-20T00:00:00", "czyObiektB": 0, "x_kod": "ADJA05", "x_skrKarto": null, "x_katDoklG": "Dok", "x_doklGeom": 1, "x_doklGe_1": "m", "x_zrodloDa": "PRG", "x_zrodlo_1": "PRG", "x_katIstni": null, "x_rodzajRe": "ZP", "x_aktualno": "2022-01-20", "x_aktual_1": "2022-01-20", "poczatekWe": "2022-01-20T00:00:00", "x_dataUtwo": "2012-11-13", "x_kodKarto": "0010_505", "x_kodKar_1": "0025_505", "x_kodKar_2": "0050_505", "x_kodKar_3": "0100_505", "x_kodKar_4": null, "x_kodKar_5": null, "x_kodKar_6": null, "nazwa": "Czerwonak", "idPRG": 1030210420, "idTerytJed": 3021, "idTerytTer": 3021042, "rodzaj": "GW", "PRG|BT_Ref": 1030210420, "PRG|BT_R_1": "PL.PZGiK.200", "x_informDo": null }, "geometry": { "type": "MultiPolygon", "coordinates": [ [ [ [ 16.988896160205012, 52.532571171758462 ], [ 16.989023326965871, 52.532580168702474 ], [ 16.989117685511154, 52.532568011061024 ], [ 16.989200946219867, 52.532553416182346 ], [ 16.989301596703147, 52.532484251652441 ], [ 16.989258667839483, 52.532355353695884 ], [ 16.989351324915233, 52.532299724594118 ], [ 16.989529210632575, 52.532260653956129 ], [ 16.989509069657185, 52.532230180908087 ], [ 16.989466168313641, 52.532136181292024 ], [ 16.989447147082647, 52.532090886699024 ], [ 16.989263167776834, 52.532092257575925 ], [ 16.989095513708705, 52.532068811571598 ], [ 16.988966291024372, 52.532020924466366 ], [ 16.988862170914672, 52.531920757402695 ], [ 16.988711033575957, 52.531858646343629 ], [ 16.988445689800088, 52.53175573831917 ], [ 16.988060551948905, 52.531643957179071 ], [ 16.987585555669796, 52.531446010341426 ], [ 16.987422516913469, 52.531431364888427 ], [ 16.987493169759265, 52.531650498047149 ], [ 16.98758829700391, 52.531927880630001 ], [ 16.987661522791818, 52.531939199585302 ], [ 16.987707080257387, 52.531968576177789 ], [ 16.987741490905478, 52.53199659393195 ], [ 16.987772728207215, 52.532052080209681 ], [ 16.987786725165638, 52.532071745885702 ], [ 16.987806309400021, 52.532095014344335 ], [ 16.987814983384357, 52.532121425149718 ], [ 16.987828525365366, 52.532144590852639 ], [ 16.987848193550118, 52.532156348052162 ], [ 16.987898918204511, 52.532182394609734 ], [ 16.987956662105322, 52.532193629997018 ], [ 16.988047291118299, 52.53217916122447 ], [ 16.988201132710685, 52.532178898802627 ], [ 16.988272276391136, 52.532184155807286 ], [ 16.988298739776631, 52.532198906629574 ], [ 16.988306096469664, 52.532221877174194 ], [ 16.988305425350894, 52.5322946294879 ], [ 16.988351435399696, 52.532339933394539 ], [ 16.988458734592964, 52.532373777165354 ], [ 16.988588327973076, 52.532410338328901 ], [ 16.988723141411548, 52.532497266097273 ], [ 16.988896160205012, 52.532571171758462 ] ] ] ] } },
{ "type": "Feature", "properties": { "gml_id": "OT_ADJA_A.20", "lokalnyId": "322BD60C-5C60-598B-E053-CC2BA8C05138", "przestrzen": "PL.PZGiK.308.BDOT10k", "wersjaId": "2022-01-20T00:00:00", "czyObiektB": 0, "x_kod": "ADJA05", "x_skrKarto": null, "x_katDoklG": "Dok", "x_doklGeom": 1, "x_doklGe_1": "m", "x_zrodloDa": "PRG", "x_zrodlo_1": "PRG", "x_katIstni": null, "x_rodzajRe": "ZP", "x_aktualno": "2022-01-20", "x_aktual_1": "2022-01-20", "poczatekWe": "2022-01-20T00:00:00", "x_dataUtwo": "2012-11-13", "x_kodKarto": "0010_505", "x_kodKar_1": "0025_505", "x_kodKar_2": "0050_505", "x_kodKar_3": "0100_505", "x_kodKar_4": null, "x_kodKar_5": null, "x_kodKar_6": null, "nazwa": "Czerwonak", "idPRG": 1030210420, "idTerytJed": 3021, "idTerytTer": 3021042, "rodzaj": "GW", "PRG|BT_Ref": 1030210420, "PRG|BT_R_1": "PL.PZGiK.200", "x_informDo": null }, "geometry": { "type": "MultiPolygon", "coordinates": [ [ [ [ 16.99674809300161, 52.533185198030658 ], [ 16.996859913367896, 52.533113428028059 ], [ 16.996933240378716, 52.533074015261583 ], [ 16.99700907266287, 52.53303464485856 ], [ 16.997050799773636, 52.533005760053989 ], [ 16.996865935649904, 52.532981134374864 ], [ 16.996664974427478, 52.532934289863086 ], [ 16.996463354444501, 52.53288248700521 ], [ 16.996300891784415, 52.532822622441238 ], [ 16.996134823214906, 52.532783653228691 ], [ 16.995962667762441, 52.532774711488941 ], [ 16.995833628103529, 52.532790604421592 ], [ 16.995557679204058, 52.532806706959519 ], [ 16.995634658621775, 52.532933211175028 ], [ 16.995686154463495, 52.532994255118162 ], [ 16.995750987965899, 52.533034478366844 ], [ 16.995833944716235, 52.533052432930397 ], [ 16.995893673143179, 52.533042831330235 ], [ 16.995973338266044, 52.533026192056766 ], [ 16.996005057070086, 52.533035723520705 ], [ 16.996038819272858, 52.533104022150432 ], [ 16.996090659670259, 52.533157516561204 ], [ 16.99616696469176, 52.533201711442167 ], [ 16.99627963095551, 52.53323446969106 ], [ 16.996460196599742, 52.533223945857316 ], [ 16.996630818326828, 52.533214782416266 ], [ 16.99674809300161, 52.533185198030658 ] ] ] ] } },
{ "type": "Feature", "properties": { "gml_id": "OT_ADJA_A.20", "lokalnyId": "322BD60C-5C60-598B-E053-CC2BA8C05138", "przestrzen": "PL.PZGiK.308.BDOT10k", "wersjaId": "2022-01-20T00:00:00", "czyObiektB": 0, "x_kod": "ADJA05", "x_skrKarto": null, "x_katDoklG": "Dok", "x_doklGeom": 1, "x_doklGe_1": "m", "x_zrodloDa": "PRG", "x_zrodlo_1": "PRG", "x_katIstni": null, "x_rodzajRe": "ZP", "x_aktualno": "2022-01-20", "x_aktual_1": "2022-01-20", "poczatekWe": "2022-01-20T00:00:00", "x_dataUtwo": "2012-11-13", "x_kodKarto": "0010_505", "x_kodKar_1": "0025_505", "x_kodKar_2": "0050_505", "x_kodKar_3": "0100_505", "x_kodKar_4": null, "x_kodKar_5": null, "x_kodKar_6": null, "nazwa": "Czerwonak", "idPRG": 1030210420, "idTerytJed": 3021, "idTerytTer": 3021042, "rodzaj": "GW", "PRG|BT_Ref": 1030210420, "PRG|BT_R_1": "PL.PZGiK.200", "x_informDo": null }, "geometry": { "type": "MultiPolygon", "coordinates": [ [ [ [ 16.993685032308804, 52.533831526672515 ], [ 16.993345912628534, 52.533913110586568 ], [ 16.992861984840339, 52.534029563541708 ], [ 16.992673256388944, 52.534096067687294 ], [ 16.992580084330918, 52.534143595793168 ], [ 16.9930193109554, 52.534748535759384 ], [ 16.993611980067804, 52.534660549030548 ], [ 16.99433322227793, 52.534531386353862 ], [ 16.995432894102066, 52.534438671620357 ], [ 16.996141797394131, 52.534366492472905 ], [ 16.996637250645097, 52.534320736309922 ], [ 16.996861112969693, 52.534279374992892 ], [ 16.996933110763703, 52.534217364113246 ], [ 16.996928162135941, 52.534108989392827 ], [ 16.996871517354961, 52.534050826965164 ], [ 16.99678807958216, 52.534043388295181 ], [ 16.996648478663154, 52.534074123766054 ], [ 16.996440980087296, 52.534093006259276 ], [ 16.996425574791072, 52.534094454323025 ], [ 16.996076242194899, 52.534031155368886 ], [ 16.995714469382396, 52.533998135223698 ], [ 16.995481335232125, 52.533916025898172 ], [ 16.995186700351976, 52.533775580637084 ], [ 16.99509764817455, 52.533638887953508 ], [ 16.995054684363868, 52.533549206667885 ], [ 16.995032340497328, 52.533524903316582 ], [ 16.993685032308804, 52.533831526672515 ] ] ] ] } },
{ "type": "Feature", "properties": { "gml_id": "OT_ADJA_A.20", "lokalnyId": "322BD60C-5C60-598B-E053-CC2BA8C05138", "przestrzen": "PL.PZGiK.308.BDOT10k", "wersjaId": "2022-01-20T00:00:00", "czyObiektB": 0, "x_kod": "ADJA05", "x_skrKarto": null, "x_katDoklG": "Dok", "x_doklGeom": 1, "x_doklGe_1": "m", "x_zrodloDa": "PRG", "x_zrodlo_1": "PRG", "x_katIstni": null, "x_rodzajRe": "ZP", "x_aktualno": "2022-01-20", "x_aktual_1": "2022-01-20", "poczatekWe": "2022-01-20T00:00:00", "x_dataUtwo": "2012-11-13", "x_kodKarto": "0010_505", "x_kodKar_1": "0025_505", "x_kodKar_2": "0050_505", "x_kodKar_3": "0100_505", "x_kodKar_4": null, "x_kodKar_5": null, "x_kodKar_6": null, "nazwa": "Czerwonak", "idPRG": 1030210420, "idTerytJed": 3021, "idTerytTer": 3021042, "rodzaj": "GW", "PRG|BT_Ref": 1030210420, "PRG|BT_R_1": "PL.PZGiK.200", "x_informDo": null }, "geometry": { "type": "MultiPolygon", "coordinates": [ [ [ [ 16.998527446953826, 52.533985577391675 ], [ 16.998545761018175, 52.534017457027595 ], [ 16.998518344171192, 52.534078693927249 ], [ 16.998433433505003, 52.534155507749873 ], [ 16.998290065474535, 52.534162076805544 ], [ 16.998103828087601, 52.534131853430182 ], [ 16.99801836287774, 52.534113858042048 ], [ 16.997998270418311, 52.534121073280005 ], [ 16.998006844591703, 52.534149820104162 ], [ 16.998262022437579, 52.534233826342259 ], [ 16.998580605273858, 52.534279329721386 ], [ 16.998667544186084, 52.534287635820931 ], [ 16.998699898983784, 52.534296187937862 ], [ 16.998715203452345, 52.534316414044525 ], [ 16.998722637003457, 52.534360521709374 ], [ 16.998664778938853, 52.534439232311826 ], [ 16.998519697752545, 52.534493172438658 ], [ 16.998535027583273, 52.534525811078936 ], [ 16.998936153041562, 52.534601761078292 ], [ 16.999016126318327, 52.534630276150679 ], [ 16.999010563935443, 52.534700697097271 ], [ 16.999465155326646, 52.534687516851953 ], [ 16.9996812411738, 52.534719861608309 ], [ 16.999827741347485, 52.534741765661451 ], [ 17.000000118562504, 52.534794687391717 ], [ 17.000470113103361, 52.534939163153823 ], [ 17.001214451947391, 52.535171378417317 ], [ 17.001362308322687, 52.535215429333583 ], [ 17.001384090114456, 52.535196999237399 ], [ 17.001437566232845, 52.53513674150031 ], [ 17.001452918923906, 52.535107229811594 ], [ 17.001458933335869, 52.535078729654806 ], [ 17.001460153894872, 52.535051857440315 ], [ 17.001455745292777, 52.535025519749347 ], [ 17.001446208119273, 52.53500817963792 ], [ 17.001425424464841, 52.534988401009763 ], [ 17.00139173596612, 52.53496372739918 ], [ 17.001251092786312, 52.534910264440278 ], [ 17.000989964696355, 52.534791446368935 ], [ 17.000953479799954, 52.534727690307193 ], [ 17.000962304038076, 52.534640595075693 ], [ 17.000876858658607, 52.534566927643063 ], [ 17.000687804054966, 52.534491509586196 ], [ 17.000429501847279, 52.534420947220511 ], [ 17.000168876303839, 52.534401522357918 ], [ 17.00002564247762, 52.534405127683279 ], [ 17.000000047101427, 52.534403615760269 ], [ 16.9998878196484, 52.534396771988668 ], [ 16.999761661190689, 52.534352456381406 ], [ 16.999712628317656, 52.534308455063858 ], [ 16.999856362424342, 52.534316551114649 ], [ 16.999787153094697, 52.534255659338065 ], [ 16.999642777655211, 52.534170831313453 ], [ 16.999287338197512, 52.534040611279316 ], [ 16.999122968792108, 52.533993310386201 ], [ 16.999092423566903, 52.533931992664499 ], [ 16.999038416442101, 52.533870907787183 ], [ 16.998958432011005, 52.533839424421878 ], [ 16.998748858240852, 52.533835880142398 ], [ 16.998475182802792, 52.533834309275314 ], [ 16.998371440078948, 52.533835522523511 ], [ 16.998165006908426, 52.533840754770786 ], [ 16.998050419595337, 52.533843673067224 ], [ 16.997934374831299, 52.533846206822702 ], [ 16.997901154271474, 52.533869659423544 ], [ 16.997894577352746, 52.533907234108419 ], [ 16.997919507504243, 52.533955775234126 ], [ 16.997994619489916, 52.533984118818346 ], [ 16.998121156483798, 52.533968181171637 ], [ 16.99838795042502, 52.533962171208216 ], [ 16.998527446953826, 52.533985577391675 ] ] ] ] } },
{ "type": "Feature", "properties": { "gml_id": "OT_ADJA_A.20", "lokalnyId": "322BD60C-5C60-598B-E053-CC2BA8C05138", "przestrzen": "PL.PZGiK.308.BDOT10k", "wersjaId": "2022-01-20T00:00:00", "czyObiektB": 0, "x_kod": "ADJA05", "x_skrKarto": null, "x_katDoklG": "Dok", "x_doklGeom": 1, "x_doklGe_1": "m", "x_zrodloDa": "PRG", "x_zrodlo_1": "PRG", "x_katIstni": null, "x_rodzajRe": "ZP", "x_aktualno": "2022-01-20", "x_aktual_1": "2022-01-20", "poczatekWe": "2022-01-20T00:00:00", "x_dataUtwo": "2012-11-13", "x_kodKarto": "0010_505", "x_kodKar_1": "0025_505", "x_kodKar_2": "0050_505", "x_kodKar_3": "0100_505", "x_kodKar_4": null, "x_kodKar_5": null, "x_kodKar_6": null, "nazwa": "Czerwonak", "idPRG": 1030210420, "idTerytJed": 3021, "idTerytTer": 3021042, "rodzaj": "GW", "PRG|BT_Ref": 1030210420, "PRG|BT_R_1": "PL.PZGiK.200", "x_informDo": null }, "geometry": { "type": "MultiPolygon", "coordinates": [ [ [ [ 16.994084772899836, 52.538900546572329 ], [ 16.99431997109248, 52.538934664047432 ], [ 16.994507184639975, 52.538943863206484 ], [ 16.994651392133061, 52.538919234388253 ], [ 16.994739922317581, 52.538818379939499 ], [ 16.994889200246721, 52.538682487797502 ], [ 16.994892350131018, 52.538613375297608 ], [ 16.994791539570794, 52.538443204532314 ], [ 16.994719938227384, 52.538279464870371 ], [ 16.994715416715277, 52.538165071170155 ], [ 16.994767525881862, 52.538102724541766 ], [ 16.994958287173446, 52.538030764940679 ], [ 16.995152691332009, 52.537988907591 ], [ 16.99528428033133, 52.538024235846379 ], [ 16.995353885970253, 52.538121743585442 ], [ 16.995533759154231, 52.538181904197451 ], [ 16.995726370160771, 52.538176172460673 ], [ 16.9959316076142, 52.538113450750991 ], [ 16.995969933610969, 52.538029823602905 ], [ 16.995966493688218, 52.537888375559632 ], [ 16.995814809788531, 52.537753411071463 ], [ 16.995547170071397, 52.537670627695796 ], [ 16.995502449365286, 52.537567605391907 ], [ 16.995439362427774, 52.53743710926976 ], [ 16.995432018485179, 52.537274548476269 ], [ 16.995432691410759, 52.53704286765975 ], [ 16.995522710447645, 52.53690597086171 ], [ 16.995630796285823, 52.53681606025085 ], [ 16.995596847841394, 52.5367259023432 ], [ 16.995501144135076, 52.536534322337879 ], [ 16.995461136735116, 52.536470324997282 ], [ 16.995398558522439, 52.536422584668109 ], [ 16.995331333356255, 52.536408853840889 ], [ 16.995216845813083, 52.536399718814828 ], [ 16.995100777571714, 52.536422036821406 ], [ 16.995063432625404, 52.536315811406865 ], [ 16.995023564909648, 52.536274661709768 ], [ 16.994974981414305, 52.536204672611035 ], [ 16.994911471206365, 52.536125616181188 ], [ 16.994825330353692, 52.535986454305331 ], [ 16.994796546770402, 52.535896293719645 ], [ 16.994738817094603, 52.535865184638013 ], [ 16.99462302912745, 52.535858725268021 ], [ 16.994392610866811, 52.535881892816668 ], [ 16.994132594630422, 52.535955735569999 ], [ 16.994046892123734, 52.536104666894893 ], [ 16.993955362439618, 52.536374921965987 ], [ 16.993982277769593, 52.536567495777497 ], [ 16.993970493757779, 52.536596257543394 ], [ 16.994073072457816, 52.536585134685161 ], [ 16.994016485378882, 52.537069236155688 ], [ 16.993950418074014, 52.537266259809762 ], [ 16.993923082462548, 52.537535804223928 ], [ 16.993884639737718, 52.538463000787281 ], [ 16.99393316062951, 52.53887405170088 ], [ 16.994084772899836, 52.538900546572329 ] ] ] ] } },
{ "type": "Feature", "properties": { "gml_id": "OT_ADJA_A.20", "lokalnyId": "322BD60C-5C60-598B-E053-CC2BA8C05138", "przestrzen": "PL.PZGiK.308.BDOT10k", "wersjaId": "2022-01-20T00:00:00", "czyObiektB": 0, "x_kod": "ADJA05", "x_skrKarto": null, "x_katDoklG": "Dok", "x_doklGeom": 1, "x_doklGe_1": "m", "x_zrodloDa": "PRG", "x_zrodlo_1": "PRG", "x_katIstni": null, "x_rodzajRe": "ZP", "x_aktualno": "2022-01-20", "x_aktual_1": "2022-01-20", "poczatekWe": "2022-01-20T00:00:00", "x_dataUtwo": "2012-11-13", "x_kodKarto": "0010_505", "x_kodKar_1": "0025_505", "x_kodKar_2": "0050_505", "x_kodKar_3": "0100_505", "x_kodKar_4": null, "x_kodKar_5": null, "x_kodKar_6": null, "nazwa": "Czerwonak", "idPRG": 1030210420, "idTerytJed": 3021, "idTerytTer": 3021042, "rodzaj": "GW", "PRG|BT_Ref": 1030210420, "PRG|BT_R_1": "PL.PZGiK.200", "x_informDo": null }, "geometry": { "type": "MultiPolygon", "coordinates": [ [ [ [ 16.98858973831544, 52.543736488757787 ], [ 16.988532769116151, 52.543727335654957 ], [ 16.988370608274742, 52.543698945554759 ], [ 16.987710310439759, 52.543578978693589 ], [ 16.987574389267081, 52.543554271619456 ], [ 16.98757295015449, 52.543585727076277 ], [ 16.987488682516208, 52.543657327455406 ], [ 16.987324811339349, 52.543711474188974 ], [ 16.987397894629279, 52.543861752131136 ], [ 16.987764999189991, 52.544347403558668 ], [ 16.988445824369222, 52.545248052626107 ], [ 16.988608266374637, 52.545453580475439 ], [ 16.988922451429037, 52.545910610164626 ], [ 16.988947958538958, 52.545947713669165 ], [ 16.989278237280558, 52.545866607639603 ], [ 16.989371717370094, 52.545867836142179 ], [ 16.989746609488076, 52.545806298342654 ], [ 16.990321202044758, 52.5456976031262 ], [ 16.990549227944911, 52.545650477818015 ], [ 16.990524589220836, 52.545611743903528 ], [ 16.990254949893746, 52.545187672756825 ], [ 16.99078925337291, 52.545062910912584 ], [ 16.990869483001312, 52.545044125903267 ], [ 16.990799808171428, 52.544938429682325 ], [ 16.990707914689619, 52.544799167351016 ], [ 16.990716263728647, 52.544768188970778 ], [ 16.991217825864375, 52.544571994548768 ], [ 16.991057784222992, 52.544516481479569 ], [ 16.990971963439677, 52.544486512746928 ], [ 16.990937400117222, 52.544474503257874 ], [ 16.990900884217538, 52.544456794225283 ], [ 16.990864372452528, 52.544438995308788 ], [ 16.989811697086946, 52.544643636629232 ], [ 16.989781456394059, 52.544585469725753 ], [ 16.989614154587574, 52.544256315866448 ], [ 16.990069798935846, 52.54416421931586 ], [ 16.990246987028385, 52.544125315372497 ], [ 16.990372348643415, 52.544103519585612 ], [ 16.990353317549161, 52.544090604434111 ], [ 16.990123735966623, 52.543945945245717 ], [ 16.990036795997568, 52.543908221746356 ], [ 16.989893608154635, 52.543884293357912 ], [ 16.989272231210844, 52.5438260674185 ], [ 16.988839882261136, 52.543776537373397 ], [ 16.98858973831544, 52.543736488757787 ] ], [ [ 16.989501035935938, 52.544333003967068 ], [ 16.989499824096509, 52.544359516451365 ], [ 16.989486847885544, 52.5443851994686 ], [ 16.989469406416312, 52.544395606319441 ], [ 16.989438812216729, 52.54440650924758 ], [ 16.98939758097114, 52.544408057296565 ], [ 16.98934133450614, 52.544405662567222 ], [ 16.989306607371333, 52.544397247519498 ], [ 16.989253456921638, 52.544365853885374 ], [ 16.989186662491338, 52.544281162242108 ], [ 16.989179214585818, 52.544250455195318 ], [ 16.989188635432381, 52.544205733904064 ], [ 16.989216768053058, 52.544171224246739 ], [ 16.9892458710844, 52.544163893744319 ], [ 16.989307150799192, 52.544159448458934 ], [ 16.989349473883124, 52.544166283657972 ], [ 16.989386901664918, 52.544186617005508 ], [ 16.989447587300475, 52.544240354429732 ], [ 16.989477300708423, 52.544287449525811 ], [ 16.989501035935938, 52.544333003967068 ] ] ] ] } },
{ "type": "Feature", "properties": { "gml_id": "OT_ADJA_A.20", "lokalnyId": "322BD60C-5C60-598B-E053-CC2BA8C05138", "przestrzen": "PL.PZGiK.308.BDOT10k", "wersjaId": "2022-01-20T00:00:00", "czyObiektB": 0, "x_kod": "ADJA05", "x_skrKarto": null, "x_katDoklG": "Dok", "x_doklGeom": 1, "x_doklGe_1": "m", "x_zrodloDa": "PRG", "x_zrodlo_1": "PRG", "x_katIstni": null, "x_rodzajRe": "ZP", "x_aktualno": "2022-01-20", "x_aktual_1": "2022-01-20", "poczatekWe": "2022-01-20T00:00:00", "x_dataUtwo": "2012-11-13", "x_kodKarto": "0010_505", "x_kodKar_1": "0025_505", "x_kodKar_2": "0050_505", "x_kodKar_3": "0100_505", "x_kodKar_4": null, "x_kodKar_5": null, "x_kodKar_6": null, "nazwa": "Czerwonak", "idPRG": 1030210420, "idTerytJed": 3021, "idTerytTer": 3021042, "rodzaj": "GW", "PRG|BT_Ref": 1030210420, "PRG|BT_R_1": "PL.PZGiK.200", "x_informDo": null }, "geometry": { "type": "MultiPolygon", "coordinates": [ [ [ [ 16.994816823206481, 52.561378152846423 ], [ 16.99455655571613, 52.561493006739404 ], [ 16.993886849247872, 52.561773520361534 ], [ 16.993655437822376, 52.561870423209498 ], [ 16.993462681529248, 52.56194171777426 ], [ 16.993254312480257, 52.562018773456714 ], [ 16.992433488063138, 52.56227279203987 ], [ 16.992334029349486, 52.562311219306409 ], [ 16.992247511276823, 52.562350675485639 ], [ 16.992143970635389, 52.562404143664999 ], [ 16.992117628564454, 52.562418627224012 ], [ 16.992125415430792, 52.562432231692689 ], [ 16.992181530908557, 52.562412246044765 ], [ 16.992350268192201, 52.562353138056721 ], [ 16.993655728666432, 52.561870518081996 ], [ 16.995080885478142, 52.56130626515214 ], [ 16.996406861458407, 52.560786636634724 ], [ 16.997706731314246, 52.560470091185934 ], [ 16.998288661841944, 52.560349877887063 ], [ 16.998441957526946, 52.560315144333678 ], [ 16.998475952501884, 52.560304296550839 ], [ 16.998567045887818, 52.560276655507558 ], [ 16.998542773466585, 52.560253170064222 ], [ 16.998426611101291, 52.560282685473155 ], [ 16.998266163379345, 52.560318917008175 ], [ 16.99771582291558, 52.56039685208566 ], [ 16.997473996209642, 52.560434404090117 ], [ 16.997039244110589, 52.560524545068233 ], [ 16.996392536288589, 52.560667040702057 ], [ 16.996093513243267, 52.560748412916723 ], [ 16.995987203833888, 52.560781870344066 ], [ 16.995916463209596, 52.560808824502644 ], [ 16.995815744925455, 52.56085559796734 ], [ 16.995693191949215, 52.560950750326981 ], [ 16.995526200839659, 52.561036515522339 ], [ 16.995161153495037, 52.561209587691906 ], [ 16.994816823206481, 52.561378152846423 ] ] ] ] } },
{ "type": "Feature", "properties": { "gml_id": "OT_ADJA_A.20", "lokalnyId": "322BD60C-5C60-598B-E053-CC2BA8C05138", "przestrzen": "PL.PZGiK.308.BDOT10k", "wersjaId": "2022-01-20T00:00:00", "czyObiektB": 0, "x_kod": "ADJA05", "x_skrKarto": null, "x_katDoklG": "Dok", "x_doklGeom": 1, "x_doklGe_1": "m", "x_zrodloDa": "PRG", "x_zrodlo_1": "PRG", "x_katIstni": null, "x_rodzajRe": "ZP", "x_aktualno": "2022-01-20", "x_aktual_1": "2022-01-20", "poczatekWe": "2022-01-20T00:00:00", "x_dataUtwo": "2012-11-13", "x_kodKarto": "0010_505", "x_kodKar_1": "0025_505", "x_kodKar_2": "0050_505", "x_kodKar_3": "0100_505", "x_kodKar_4": null, "x_kodKar_5": null, "x_kodKar_6": null, "nazwa": "Czerwonak", "idPRG": 1030210420, "idTerytJed": 3021, "idTerytTer": 3021042, "rodzaj": "GW", "PRG|BT_Ref": 1030210420, "PRG|BT_R_1": "PL.PZGiK.200", "x_informDo": null }, "geometry": { "type": "MultiPolygon", "coordinates": [ [ [ [ 17.006900546950725, 52.441826999712127 ], [ 17.006999772623448, 52.441881919159265 ], [ 17.007146565107853, 52.441926487308471 ], [ 17.007276764728871, 52.441937586356524 ], [ 17.007402780290466, 52.441933774024598 ], [ 17.008148121240612, 52.442008934612844 ], [ 17.008756819393795, 52.441742701294856 ], [ 17.008748858591055, 52.441550447413604 ], [ 17.008672140882659, 52.441319528901666 ], [ 17.008709123552638, 52.441210960123776 ], [ 17.00887334255922, 52.441126930287304 ], [ 17.00889868105887, 52.441074200286479 ], [ 17.008814780118076, 52.440816537526509 ], [ 17.006821196408364, 52.440611331268791 ], [ 17.006717981458369, 52.440964329305594 ], [ 17.006706146637235, 52.441004784349687 ], [ 17.006796053055194, 52.441063954108394 ], [ 17.006936851219862, 52.441192339009184 ], [ 17.007015893392712, 52.44132265083983 ], [ 17.006861816115624, 52.441400373149541 ], [ 17.006775678523933, 52.441456574886779 ], [ 17.006706475119937, 52.441541934021956 ], [ 17.00667289633061, 52.441643454037624 ], [ 17.006710050526166, 52.441703983006676 ], [ 17.006808176093084, 52.441783258828096 ], [ 17.006900546950725, 52.441826999712127 ] ], [ [ 17.007438237386086, 52.441757991941337 ], [ 17.007391701452658, 52.441644418164621 ], [ 17.007353207307549, 52.44156138089437 ], [ 17.007666914874584, 52.441462243223107 ], [ 17.0078056711017, 52.441433730759385 ], [ 17.007957597935778, 52.441416683021032 ], [ 17.008082319114514, 52.441467623901637 ], [ 17.008199054744232, 52.441653165826679 ], [ 17.008117951577468, 52.441721775640701 ], [ 17.007937130170802, 52.441769187431994 ], [ 17.007438237386086, 52.441757991941337 ] ] ] ] } },
{ "type": "Feature", "properties": { "gml_id": "OT_ADJA_A.20", "lokalnyId": "322BD60C-5C60-598B-E053-CC2BA8C05138", "przestrzen": "PL.PZGiK.308.BDOT10k", "wersjaId": "2022-01-20T00:00:00", "czyObiektB": 0, "x_kod": "ADJA05", "x_skrKarto": null, "x_katDoklG": "Dok", "x_doklGeom": 1, "x_doklGe_1": "m", "x_zrodloDa": "PRG", "x_zrodlo_1": "PRG", "x_katIstni": null, "x_rodzajRe": "ZP", "x_aktualno": "2022-01-20", "x_aktual_1": "2022-01-20", "poczatekWe": "2022-01-20T00:00:00", "x_dataUtwo": "2012-11-13", "x_kodKarto": "0010_505", "x_kodKar_1": "0025_505", "x_kodKar_2": "0050_505", "x_kodKar_3": "0100_505", "x_kodKar_4": null, "x_kodKar_5": null, "x_kodKar_6": null, "nazwa": "Czerwonak", "idPRG": 1030210420, "idTerytJed": 3021, "idTerytTer": 3021042, "rodzaj": "GW", "PRG|BT_Ref": 1030210420, "PRG|BT_R_1": "PL.PZGiK.200", "x_informDo": null }, "geometry": { "type": "MultiPolygon", "coordinates": [ [ [ [ 17.006760401791027, 52.443920505973736 ], [ 17.006898126326934, 52.443990015791613 ], [ 17.007038720714434, 52.444049222982095 ], [ 17.006840556245006, 52.443948030917248 ], [ 17.006638127215986, 52.443844600648518 ], [ 17.006760401791027, 52.443920505973736 ] ] ] ] } },
{ "type": "Feature", "properties": { "gml_id": "OT_ADJA_A.20", "lokalnyId": "322BD60C-5C60-598B-E053-CC2BA8C05138", "przestrzen": "PL.PZGiK.308.BDOT10k", "wersjaId": "2022-01-20T00:00:00", "czyObiektB": 0, "x_kod": "ADJA05", "x_skrKarto": null, "x_katDoklG": "Dok", "x_doklGeom": 1, "x_doklGe_1": "m", "x_zrodloDa": "PRG", "x_zrodlo_1": "PRG", "x_katIstni": null, "x_rodzajRe": "ZP", "x_aktualno": "2022-01-20", "x_aktual_1": "2022-01-20", "poczatekWe": "2022-01-20T00:00:00", "x_dataUtwo": "2012-11-13", "x_kodKarto": "0010_505", "x_kodKar_1": "0025_505", "x_kodKar_2": "0050_505", "x_kodKar_3": "0100_505", "x_kodKar_4": null, "x_kodKar_5": null, "x_kodKar_6": null, "nazwa": "Czerwonak", "idPRG": 1030210420, "idTerytJed": 3021, "idTerytTer": 3021042, "rodzaj": "GW", "PRG|BT_Ref": 1030210420, "PRG|BT_R_1": "PL.PZGiK.200", "x_informDo": null }, "geometry": { "type": "MultiPolygon", "coordinates": [ [ [ [ 17.019292658355489, 52.451425183805334 ], [ 17.019134545412793, 52.451677794491843 ], [ 17.019066542687803, 52.451798888343802 ], [ 17.018967514722654, 52.45208639737438 ], [ 17.019157220548003, 52.452127082095956 ], [ 17.019340877377108, 52.451817065655931 ], [ 17.020252677534128, 52.45201222306325 ], [ 17.02042157094381, 52.451722644785171 ], [ 17.01937614553843, 52.451503573944755 ], [ 17.019405764085164, 52.451450463797286 ], [ 17.019292658355489, 52.451425183805334 ] ] ] ] } },
{ "type": "Feature", "properties": { "gml_id": "OT_ADJA_A.20", "lokalnyId": "322BD60C-5C60-598B-E053-CC2BA8C05138", "przestrzen": "PL.PZGiK.308.BDOT10k", "wersjaId": "2022-01-20T00:00:00", "czyObiektB": 0, "x_kod": "ADJA05", "x_skrKarto": null, "x_katDoklG": "Dok", "x_doklGeom": 1, "x_doklGe_1": "m", "x_zrodloDa": "PRG", "x_zrodlo_1": "PRG", "x_katIstni": null, "x_rodzajRe": "ZP", "x_aktualno": "2022-01-20", "x_aktual_1": "2022-01-20", "poczatekWe": "2022-01-20T00:00:00", "x_dataUtwo": "2012-11-13", "x_kodKarto": "0010_505", "x_kodKar_1": "0025_505", "x_kodKar_2": "0050_505", "x_kodKar_3": "0100_505", "x_kodKar_4": null, "x_kodKar_5": null, "x_kodKar_6": null, "nazwa": "Czerwonak", "idPRG": 1030210420, "idTerytJed": 3021, "idTerytTer": 3021042, "rodzaj": "GW", "PRG|BT_Ref": 1030210420, "PRG|BT_R_1": "PL.PZGiK.200", "x_informDo": null }, "geometry": { "type": "MultiPolygon", "coordinates": [ ] } },
{ "type": "Feature", "properties": { "gml_id": "OT_ADJA_A.20", "lokalnyId": "322BD60C-5C60-598B-E053-CC2BA8C05138", "przestrzen": "PL.PZGiK.308.BDOT10k", "wersjaId": "2022-01-20T00:00:00", "czyObiektB": 0, "x_kod": "ADJA05", "x_skrKarto": null, "x_katDoklG": "Dok", "x_doklGeom": 1, "x_doklGe_1": "m", "x_zrodloDa": "PRG", "x_zrodlo_1": "PRG", "x_katIstni": null, "x_rodzajRe": "ZP", "x_aktualno": "2022-01-20", "x_aktual_1": "2022-01-20", "poczatekWe": "2022-01-20T00:00:00", "x_dataUtwo": "2012-11-13", "x_kodKarto": "0010_505", "x_kodKar_1": "0025_505", "x_kodKar_2": "0050_505", "x_kodKar_3": "0100_505", "x_kodKar_4": null, "x_kodKar_5": null, "x_kodKar_6": null, "nazwa": "Czerwonak", "idPRG": 1030210420, "idTerytJed": 3021, "idTerytTer": 3021042, "rodzaj": "GW", "PRG|BT_Ref": 1030210420, "PRG|BT_R_1": "PL.PZGiK.200", "x_informDo": null }, "geometry": { "type": "MultiPolygon", "coordinates": [ [ [ [ 17.006190238043381, 52.458984365136985 ], [ 17.006205461687536, 52.459012414383302 ], [ 17.006569949511746, 52.459050129845018 ], [ 17.006657073289386, 52.458809920343633 ], [ 17.00667893102554, 52.458730239078065 ], [ 17.006567803863458, 52.458771718464313 ], [ 17.006377360501716, 52.458808892352359 ], [ 17.006268536110298, 52.458815692082638 ], [ 17.006239637431122, 52.458829595780529 ], [ 17.006190238043381, 52.458984365136985 ] ] ] ] } },
{ "type": "Feature", "properties": { "gml_id": "OT_ADJA_A.20", "lokalnyId": "322BD60C-5C60-598B-E053-CC2BA8C05138", "przestrzen": "PL.PZGiK.308.BDOT10k", "wersjaId": "2022-01-20T00:00:00", "czyObiektB": 0, "x_kod": "ADJA05", "x_skrKarto": null, "x_katDoklG": "Dok", "x_doklGeom": 1, "x_doklGe_1": "m", "x_zrodloDa": "PRG", "x_zrodlo_1": "PRG", "x_katIstni": null, "x_rodzajRe": "ZP", "x_aktualno": "2022-01-20", "x_aktual_1": "2022-01-20", "poczatekWe": "2022-01-20T00:00:00", "x_dataUtwo": "2012-11-13", "x_kodKarto": "0010_505", "x_kodKar_1": "0025_505", "x_kodKar_2": "0050_505", "x_kodKar_3": "0100_505", "x_kodKar_4": null, "x_kodKar_5": null, "x_kodKar_6": null, "nazwa": "Czerwonak", "idPRG": 1030210420, "idTerytJed": 3021, "idTerytTer": 3021042, "rodzaj": "GW", "PRG|BT_Ref": 1030210420, "PRG|BT_R_1": "PL.PZGiK.200", "x_informDo": null }, "geometry": { "type": "MultiPolygon", "coordinates": [ [ [ [ 17.00935709038713, 52.497403903537908 ], [ 17.009447073780333, 52.497369350688992 ], [ 17.009540703685587, 52.497364990026746 ], [ 17.00964433793424, 52.497357739567228 ], [ 17.009704325315543, 52.497334734152652 ], [ 17.009759587075941, 52.49730868107968 ], [ 17.009829103699534, 52.497293301201651 ], [ 17.009863225220428, 52.497301340551985 ], [ 17.009869163278879, 52.497333010436442 ], [ 17.009849811935165, 52.497347075731881 ], [ 17.009806607635237, 52.497357411810377 ], [ 17.009739041069416, 52.497381818782912 ], [ 17.009716613841878, 52.49744440150274 ], [ 17.009739038179564, 52.497492808348696 ], [ 17.009808199444386, 52.497537504399169 ], [ 17.009902686514128, 52.497585954385968 ], [ 17.009941436451665, 52.497599198329453 ], [ 17.009984116638982, 52.497610259806727 ], [ 17.010038353889332, 52.49761342082784 ], [ 17.010117611455037, 52.49760099288158 ], [ 17.010152831591679, 52.497568396412227 ], [ 17.010161317362403, 52.497504499776767 ], [ 17.010189644117997, 52.497458116006896 ], [ 17.01025579532126, 52.497445467496917 ], [ 17.010338313067376, 52.497445686258466 ], [ 17.010461813471597, 52.497491295922728 ], [ 17.010485297816981, 52.497493399830574 ], [ 17.010513638217017, 52.497485871569346 ], [ 17.010542599554249, 52.497487437982691 ], [ 17.010562931760184, 52.497494075950314 ], [ 17.010587976891046, 52.49751383490586 ], [ 17.0106225538511, 52.497524849811668 ], [ 17.01069907602459, 52.497550151511142 ], [ 17.010741963304365, 52.497556629106469 ], [ 17.010798423299295, 52.497552991495262 ], [ 17.010837117446332, 52.497525040336804 ], [ 17.010821433624574, 52.497444817313564 ], [ 17.010380098252661, 52.497264434504544 ], [ 17.010328096981358, 52.497244401972189 ], [ 17.010228256950533, 52.497268806014795 ], [ 17.010186971862044, 52.497269280789894 ], [ 17.010121234915147, 52.497272762047061 ], [ 17.01005203049851, 52.497268180011261 ], [ 17.009995592461831, 52.497251760353393 ], [ 17.009957266096965, 52.497232407429713 ], [ 17.009906930245862, 52.497201609573622 ], [ 17.009785131935391, 52.497177074610008 ], [ 17.009647459036191, 52.497177726268141 ], [ 17.009539237725217, 52.497178873360959 ], [ 17.009481008543872, 52.497162962972737 ], [ 17.009435683933827, 52.497132159298033 ], [ 17.009402932049017, 52.497097070037434 ], [ 17.009405234264996, 52.497046111115623 ], [ 17.009448804271216, 52.497004840956862 ], [ 17.009504268766943, 52.49697429426687 ], [ 17.009496132935265, 52.496926037869969 ], [ 17.009218656724205, 52.496850583128513 ], [ 17.008941606241422, 52.496798340183695 ], [ 17.008630694711545, 52.496781233901736 ], [ 17.008570792811891, 52.496789309675513 ], [ 17.008534854139139, 52.496814967973989 ], [ 17.008516644140176, 52.496855945222222 ], [ 17.008526721661287, 52.49690360478381 ], [ 17.008569466929696, 52.496955591933762 ], [ 17.008642390944193, 52.497018070799314 ], [ 17.00875667751475, 52.49711749294147 ], [ 17.008903238601736, 52.49722996031327 ], [ 17.009118343972968, 52.497364897659317 ], [ 17.009246989481337, 52.497449900276955 ], [ 17.009298443720635, 52.497449417083203 ], [ 17.009333852453405, 52.497428966328279 ], [ 17.00935709038713, 52.497403903537908 ] ] ] ] } },
{ "type": "Feature", "properties": { "gml_id": "OT_ADJA_A.20", "lokalnyId": "322BD60C-5C60-598B-E053-CC2BA8C05138", "przestrzen": "PL.PZGiK.308.BDOT10k", "wersjaId": "2022-01-20T00:00:00", "czyObiektB": 0, "x_kod": "ADJA05", "x_skrKarto": null, "x_katDoklG": "Dok", "x_doklGeom": 1, "x_doklGe_1": "m", "x_zrodloDa": "PRG", "x_zrodlo_1": "PRG", "x_katIstni": null, "x_rodzajRe": "ZP", "x_aktualno": "2022-01-20", "x_aktual_1": "2022-01-20", "poczatekWe": "2022-01-20T00:00:00", "x_dataUtwo": "2012-11-13", "x_kodKarto": "0010_505", "x_kodKar_1": "0025_505", "x_kodKar_2": "0050_505", "x_kodKar_3": "0100_505", "x_kodKar_4": null, "x_kodKar_5": null, "x_kodKar_6": null, "nazwa": "Czerwonak", "idPRG": 1030210420, "idTerytJed": 3021, "idTerytTer": 3021042, "rodzaj": "GW", "PRG|BT_Ref": 1030210420, "PRG|BT_R_1": "PL.PZGiK.200", "x_informDo": null }, "geometry": { "type": "MultiPolygon", "coordinates": [ [ [ [ 17.011830836877898, 52.498511421490129 ], [ 17.011789328411965, 52.498487428604371 ], [ 17.011790966908745, 52.498451119205207 ], [ 17.011843671705606, 52.498413149718402 ], [ 17.011875186621182, 52.498384268070829 ], [ 17.011882421741845, 52.498370898236125 ], [ 17.011880028307036, 52.498348821993794 ], [ 17.011873008920347, 52.498328017145013 ], [ 17.011875815318085, 52.498265823812723 ], [ 17.011865721991651, 52.498208630358214 ], [ 17.011838781588668, 52.498145937053096 ], [ 17.011802745754299, 52.498098650990627 ], [ 17.011748690845064, 52.498071838859907 ], [ 17.011684926780809, 52.498070767065421 ], [ 17.011635242689049, 52.498080994893805 ], [ 17.011611885877116, 52.498092384799854 ], [ 17.011597946903294, 52.498107350844464 ], [ 17.011588290014632, 52.498141726597787 ], [ 17.011585247972032, 52.498209132655646 ], [ 17.011545616840476, 52.498332947463702 ], [ 17.011477789224301, 52.498425168006492 ], [ 17.011443059973075, 52.498489343082731 ], [ 17.011382044733267, 52.498522045936042 ], [ 17.011332975061599, 52.498525178479007 ], [ 17.011291500533414, 52.498503704389201 ], [ 17.011267427754163, 52.498472179416034 ], [ 17.011232285588473, 52.498450811767377 ], [ 17.011149990708603, 52.498439084695207 ], [ 17.010950933662638, 52.498470725483671 ], [ 17.010814237034026, 52.498534534882488 ], [ 17.010777479038975, 52.498568544771437 ], [ 17.010958019938574, 52.498751196748429 ], [ 17.011265247385516, 52.498765356690953 ], [ 17.011476851505687, 52.498765945971819 ], [ 17.011511378866345, 52.498761759420283 ], [ 17.011616822282743, 52.498760204029431 ], [ 17.011840195580227, 52.498751456544547 ], [ 17.012005620020325, 52.498740115779711 ], [ 17.012039719287138, 52.49866702560913 ], [ 17.012055875418529, 52.498589856278905 ], [ 17.012061134221074, 52.498564760641429 ], [ 17.0120243511948, 52.498553619147948 ], [ 17.011965911430561, 52.498529251832466 ], [ 17.011885589916368, 52.498522775129473 ], [ 17.011830836877898, 52.498511421490129 ] ] ] ] } },
{ "type": "Feature", "properties": { "gml_id": "OT_ADJA_A.20", "lokalnyId": "322BD60C-5C60-598B-E053-CC2BA8C05138", "przestrzen": "PL.PZGiK.308.BDOT10k", "wersjaId": "2022-01-20T00:00:00", "czyObiektB": 0, "x_kod": "ADJA05", "x_skrKarto": null, "x_katDoklG": "Dok", "x_doklGeom": 1, "x_doklGe_1": "m", "x_zrodloDa": "PRG", "x_zrodlo_1": "PRG", "x_katIstni": null, "x_rodzajRe": "ZP", "x_aktualno": "2022-01-20", "x_aktual_1": "2022-01-20", "poczatekWe": "2022-01-20T00:00:00", "x_dataUtwo": "2012-11-13", "x_kodKarto": "0010_505", "x_kodKar_1": "0025_505", "x_kodKar_2": "0050_505", "x_kodKar_3": "0100_505", "x_kodKar_4": null, "x_kodKar_5": null, "x_kodKar_6": null, "nazwa": "Czerwonak", "idPRG": 1030210420, "idTerytJed": 3021, "idTerytTer": 3021042, "rodzaj": "GW", "PRG|BT_Ref": 1030210420, "PRG|BT_R_1": "PL.PZGiK.200", "x_informDo": null }, "geometry": { "type": "MultiPolygon", "coordinates": [ [ [ [ 17.032191044119983, 52.457586070597372 ], [ 17.032619484688034, 52.457870494694149 ], [ 17.032301412210522, 52.458046347668216 ], [ 17.032480000636959, 52.458172091834008 ], [ 17.032703002890539, 52.458335361417127 ], [ 17.032752103917822, 52.45837341479313 ], [ 17.034483641724929, 52.457408247985512 ], [ 17.033481254504089, 52.456790491310507 ], [ 17.033008596129395, 52.457081960450701 ], [ 17.032191044119983, 52.457586070597372 ] ] ] ] } },
{ "type": "Feature", "properties": { "gml_id": "OT_ADJA_A.20", "lokalnyId": "322BD60C-5C60-598B-E053-CC2BA8C05138", "przestrzen": "PL.PZGiK.308.BDOT10k", "wersjaId": "2022-01-20T00:00:00", "czyObiektB": 0, "x_kod": "ADJA05", "x_skrKarto": null, "x_katDoklG": "Dok", "x_doklGeom": 1, "x_doklGe_1": "m", "x_zrodloDa": "PRG", "x_zrodlo_1": "PRG", "x_katIstni": null, "x_rodzajRe": "ZP", "x_aktualno": "2022-01-20", "x_aktual_1": "2022-01-20", "poczatekWe": "2022-01-20T00:00:00", "x_dataUtwo": "2012-11-13", "x_kodKarto": "0010_505", "x_kodKar_1": "0025_505", "x_kodKar_2": "0050_505", "x_kodKar_3": "0100_505", "x_kodKar_4": null, "x_kodKar_5": null, "x_kodKar_6": null, "nazwa": "Czerwonak", "idPRG": 1030210420, "idTerytJed": 3021, "idTerytTer": 3021042, "rodzaj": "GW", "PRG|BT_Ref": 1030210420, "PRG|BT_R_1": "PL.PZGiK.200", "x_informDo": null }, "geometry": { "type": "MultiPolygon", "coordinates": [ [ [ [ 17.022542784740153, 52.460647060158912 ], [ 17.022378084395267, 52.461019998818969 ], [ 17.022384365967991, 52.461339762265169 ], [ 17.02280714522195, 52.461375344209394 ], [ 17.022995554593855, 52.461380203320303 ], [ 17.023220503604851, 52.461397725373757 ], [ 17.023198189719498, 52.461504654652032 ], [ 17.023195773516267, 52.461515857166503 ], [ 17.023163060124279, 52.461693847642245 ], [ 17.023681092313996, 52.461736505335303 ], [ 17.023768634905071, 52.461429103311794 ], [ 17.023803033565187, 52.461298900710723 ], [ 17.023838209974926, 52.461200640950807 ], [ 17.023869474084261, 52.461137123837467 ], [ 17.023907090045476, 52.461086304920094 ], [ 17.02395492288969, 52.461034217634214 ], [ 17.024018668924747, 52.460985184488976 ], [ 17.024125059879587, 52.46092427184319 ], [ 17.023877402595158, 52.460831898987763 ], [ 17.022620520845717, 52.460627583222461 ], [ 17.022589386074127, 52.460622475462777 ], [ 17.022577169882602, 52.46062892697725 ], [ 17.022542784740153, 52.460647060158912 ] ] ] ] } },
{ "type": "Feature", "properties": { "gml_id": "OT_ADJA_A.20", "lokalnyId": "322BD60C-5C60-598B-E053-CC2BA8C05138", "przestrzen": "PL.PZGiK.308.BDOT10k", "wersjaId": "2022-01-20T00:00:00", "czyObiektB": 0, "x_kod": "ADJA05", "x_skrKarto": null, "x_katDoklG": "Dok", "x_doklGeom": 1, "x_doklGe_1": "m", "x_zrodloDa": "PRG", "x_zrodlo_1": "PRG", "x_katIstni": null, "x_rodzajRe": "ZP", "x_aktualno": "2022-01-20", "x_aktual_1": "2022-01-20", "poczatekWe": "2022-01-20T00:00:00", "x_dataUtwo": "2012-11-13", "x_kodKarto": "0010_505", "x_kodKar_1": "0025_505", "x_kodKar_2": "0050_505", "x_kodKar_3": "0100_505", "x_kodKar_4": null, "x_kodKar_5": null, "x_kodKar_6": null, "nazwa": "Czerwonak", "idPRG": 1030210420, "idTerytJed": 3021, "idTerytTer": 3021042, "rodzaj": "GW", "PRG|BT_Ref": 1030210420, "PRG|BT_R_1": "PL.PZGiK.200", "x_informDo": null }, "geometry": { "type": "MultiPolygon", "coordinates": [ [ [ [ 17.029388237322419, 52.469143947985515 ], [ 17.029577105067261, 52.468829416174799 ], [ 17.028770177745177, 52.468664863819775 ], [ 17.028591395644163, 52.468628424719803 ], [ 17.02858202856909, 52.468646886783219 ], [ 17.028588169906453, 52.468700595242176 ], [ 17.028580125044101, 52.468742194720186 ], [ 17.028631089255917, 52.468784867851873 ], [ 17.028688590181805, 52.468796619563072 ], [ 17.028755143063648, 52.468810141110801 ], [ 17.028851054910188, 52.468838992599188 ], [ 17.028865083789942, 52.468838147120238 ], [ 17.028858772020783, 52.468910176262895 ], [ 17.028769057593376, 52.469016162819777 ], [ 17.028736695072656, 52.4690746260219 ], [ 17.028813899112677, 52.46909039377082 ], [ 17.029352356016187, 52.46918229540973 ], [ 17.029388237322419, 52.469143947985515 ] ] ] ] } },
{ "type": "Feature", "properties": { "gml_id": "OT_ADJA_A.20", "lokalnyId": "322BD60C-5C60-598B-E053-CC2BA8C05138", "przestrzen": "PL.PZGiK.308.BDOT10k", "wersjaId": "2022-01-20T00:00:00", "czyObiektB": 0, "x_kod": "ADJA05", "x_skrKarto": null, "x_katDoklG": "Dok", "x_doklGeom": 1, "x_doklGe_1": "m", "x_zrodloDa": "PRG", "x_zrodlo_1": "PRG", "x_katIstni": null, "x_rodzajRe": "ZP", "x_aktualno": "2022-01-20", "x_aktual_1": "2022-01-20", "poczatekWe": "2022-01-20T00:00:00", "x_dataUtwo": "2012-11-13", "x_kodKarto": "0010_505", "x_kodKar_1": "0025_505", "x_kodKar_2": "0050_505", "x_kodKar_3": "0100_505", "x_kodKar_4": null, "x_kodKar_5": null, "x_kodKar_6": null, "nazwa": "Czerwonak", "idPRG": 1030210420, "idTerytJed": 3021, "idTerytTer": 3021042, "rodzaj": "GW", "PRG|BT_Ref": 1030210420, "PRG|BT_R_1": "PL.PZGiK.200", "x_informDo": null }, "geometry": { "type": "MultiPolygon", "coordinates": [ [ [ [ 17.031455637056244, 52.484537126110055 ], [ 17.032287630371869, 52.484674911982459 ], [ 17.032458136117697, 52.484307453951885 ], [ 17.032675255028909, 52.483839585355248 ], [ 17.032899862932762, 52.483355651205557 ], [ 17.033070847964392, 52.482987120945552 ], [ 17.0330222906919, 52.482989101633642 ], [ 17.032888531726616, 52.482982289945781 ], [ 17.032597294622068, 52.482952171793961 ], [ 17.032164137208262, 52.482919871602689 ], [ 17.031995683123363, 52.482904836492871 ], [ 17.031908018355253, 52.482908324613035 ], [ 17.031840573820567, 52.482910979895472 ], [ 17.03174926232073, 52.482920253498385 ], [ 17.031042458255769, 52.484466209188433 ], [ 17.031455637056244, 52.484537126110055 ] ] ] ] } },
{ "type": "Feature", "properties": { "gml_id": "OT_ADJA_A.20", "lokalnyId": "322BD60C-5C60-598B-E053-CC2BA8C05138", "przestrzen": "PL.PZGiK.308.BDOT10k", "wersjaId": "2022-01-20T00:00:00", "czyObiektB": 0, "x_kod": "ADJA05", "x_skrKarto": null, "x_katDoklG": "Dok", "x_doklGeom": 1, "x_doklGe_1": "m", "x_zrodloDa": "PRG", "x_zrodlo_1": "PRG", "x_katIstni": null, "x_rodzajRe": "ZP", "x_aktualno": "2022-01-20", "x_aktual_1": "2022-01-20", "poczatekWe": "2022-01-20T00:00:00", "x_dataUtwo": "2012-11-13", "x_kodKarto": "0010_505", "x_kodKar_1": "0025_505", "x_kodKar_2": "0050_505", "x_kodKar_3": "0100_505", "x_kodKar_4": null, "x_kodKar_5": null, "x_kodKar_6": null, "nazwa": "Czerwonak", "idPRG": 1030210420, "idTerytJed": 3021, "idTerytTer": 3021042, "rodzaj": "GW", "PRG|BT_Ref": 1030210420, "PRG|BT_R_1": "PL.PZGiK.200", "x_informDo": null }, "geometry": { "type": "MultiPolygon", "coordinates": [ [ [ [ 17.024230505996389, 52.522635182723228 ], [ 17.02427110221694, 52.522571731688103 ], [ 17.024156536882813, 52.522499303687511 ], [ 17.024115587179811, 52.522491784211134 ], [ 17.023985274144188, 52.522471259659014 ], [ 17.023891664360988, 52.52246744767578 ], [ 17.023820862379608, 52.522454842439977 ], [ 17.02376953774619, 52.522428801300286 ], [ 17.023711517729797, 52.522384389989185 ], [ 17.023706161866372, 52.522336181328136 ], [ 17.023723345480803, 52.522288439095483 ], [ 17.02378188999846, 52.52223904920919 ], [ 17.024005706702376, 52.522265722692516 ], [ 17.024085241693243, 52.522333428485211 ], [ 17.024176491379411, 52.522389817221985 ], [ 17.024269891274926, 52.522398302481804 ], [ 17.024353591438679, 52.522369929194717 ], [ 17.024425075737241, 52.522331188383163 ], [ 17.024423619880086, 52.522209202152027 ], [ 17.024385678190288, 52.522157661206478 ], [ 17.02411428681221, 52.522018125685058 ], [ 17.023947334615507, 52.521894095055963 ], [ 17.023797147008768, 52.521813786395512 ], [ 17.023708503295694, 52.521784783379566 ], [ 17.023529682755289, 52.521754363863892 ], [ 17.023442563981892, 52.521773505326564 ], [ 17.023412372100445, 52.521838389097923 ], [ 17.023243521290212, 52.52207193688497 ], [ 17.023086457859968, 52.522269524527218 ], [ 17.023022792043381, 52.522350848010035 ], [ 17.023009745333766, 52.522391823645577 ], [ 17.023011786150764, 52.522428464318715 ], [ 17.023039157849926, 52.52244610068395 ], [ 17.023059632581628, 52.522449860609093 ], [ 17.02309217723861, 52.522434394637067 ], [ 17.023290123452284, 52.522203132013367 ], [ 17.023404582967544, 52.52209396532573 ], [ 17.023420025579671, 52.522088287109142 ], [ 17.02344005194497, 52.52208232569599 ], [ 17.023599761264819, 52.522095067207076 ], [ 17.023643412025322, 52.522147513258496 ], [ 17.023597741724064, 52.522245147393122 ], [ 17.023515981679616, 52.522312407688354 ], [ 17.023483151402978, 52.522373649702445 ], [ 17.023524235531518, 52.522463558911817 ], [ 17.023647739544487, 52.522550347748165 ], [ 17.023691801946569, 52.522573929131788 ], [ 17.023855243700471, 52.522608678580461 ], [ 17.024055947899495, 52.522650975673741 ], [ 17.024157072655569, 52.522654913021391 ], [ 17.024230505996389, 52.522635182723228 ] ] ] ] } },
{ "type": "Feature", "properties": { "gml_id": "OT_ADJA_A.20", "lokalnyId": "322BD60C-5C60-598B-E053-CC2BA8C05138", "przestrzen": "PL.PZGiK.308.BDOT10k", "wersjaId": "2022-01-20T00:00:00", "czyObiektB": 0, "x_kod": "ADJA05", "x_skrKarto": null, "x_katDoklG": "Dok", "x_doklGeom": 1, "x_doklGe_1": "m", "x_zrodloDa": "PRG", "x_zrodlo_1": "PRG", "x_katIstni": null, "x_rodzajRe": "ZP", "x_aktualno": "2022-01-20", "x_aktual_1": "2022-01-20", "poczatekWe": "2022-01-20T00:00:00", "x_dataUtwo": "2012-11-13", "x_kodKarto": "0010_505", "x_kodKar_1": "0025_505", "x_kodKar_2": "0050_505", "x_kodKar_3": "0100_505", "x_kodKar_4": null, "x_kodKar_5": null, "x_kodKar_6": null, "nazwa": "Czerwonak", "idPRG": 1030210420, "idTerytJed": 3021, "idTerytTer": 3021042, "rodzaj": "GW", "PRG|BT_Ref": 1030210420, "PRG|BT_R_1": "PL.PZGiK.200", "x_informDo": null }, "geometry": { "type": "MultiPolygon", "coordinates": [ [ [ [ 17.023936883080964, 52.522859452440464 ], [ 17.023912503464235, 52.522817851634926 ], [ 17.023867289856302, 52.522780489918951 ], [ 17.023802703795401, 52.52275422730402 ], [ 17.023636577583719, 52.522746415673346 ], [ 17.023490175981507, 52.522772212012811 ], [ 17.02333404558679, 52.522811067174942 ], [ 17.023220313280135, 52.522785782014381 ], [ 17.023160609167221, 52.522874097325726 ], [ 17.023070230808642, 52.52297233340488 ], [ 17.023054793872827, 52.522974593859992 ], [ 17.023034427879434, 52.522968407307282 ], [ 17.02295825614501, 52.522911190332316 ], [ 17.022912579058563, 52.522884163882182 ], [ 17.022851416695254, 52.522867042141442 ], [ 17.022741162266744, 52.522859533296767 ], [ 17.022618488434315, 52.522875741477698 ], [ 17.022556359063639, 52.522922822323196 ], [ 17.022531598857704, 52.522952089505196 ], [ 17.022525442471107, 52.522984096061691 ], [ 17.022533358568968, 52.523017956779917 ], [ 17.022559886637538, 52.523054377122641 ], [ 17.022628741275298, 52.523107064889061 ], [ 17.022761023489487, 52.523126454581451 ], [ 17.022919614113654, 52.523137919095461 ], [ 17.022974533839445, 52.523152867810211 ], [ 17.023005018380026, 52.523166868552956 ], [ 17.023209086822693, 52.523193393415276 ], [ 17.023312572404635, 52.523207174644433 ], [ 17.023420133638393, 52.52324512843844 ], [ 17.023515876583129, 52.523254013193259 ], [ 17.02360000537033, 52.52325883634137 ], [ 17.02365084586398, 52.523256267769597 ], [ 17.023726668307738, 52.523239186014806 ], [ 17.023804973006655, 52.523206225863937 ], [ 17.023878734522953, 52.523110230090822 ], [ 17.02393120760177, 52.523025301413391 ], [ 17.023952925110596, 52.52291926224553 ], [ 17.023936883080964, 52.522859452440464 ] ] ] ] } },
{ "type": "Feature", "properties": { "gml_id": "OT_ADJA_A.20", "lokalnyId": "322BD60C-5C60-598B-E053-CC2BA8C05138", "przestrzen": "PL.PZGiK.308.BDOT10k", "wersjaId": "2022-01-20T00:00:00", "czyObiektB": 0, "x_kod": "ADJA05", "x_skrKarto": null, "x_katDoklG": "Dok", "x_doklGeom": 1, "x_doklGe_1": "m", "x_zrodloDa": "PRG", "x_zrodlo_1": "PRG", "x_katIstni": null, "x_rodzajRe": "ZP", "x_aktualno": "2022-01-20", "x_aktual_1": "2022-01-20", "poczatekWe": "2022-01-20T00:00:00", "x_dataUtwo": "2012-11-13", "x_kodKarto": "0010_505", "x_kodKar_1": "0025_505", "x_kodKar_2": "0050_505", "x_kodKar_3": "0100_505", "x_kodKar_4": null, "x_kodKar_5": null, "x_kodKar_6": null, "nazwa": "Czerwonak", "idPRG": 1030210420, "idTerytJed": 3021, "idTerytTer": 3021042, "rodzaj": "GW", "PRG|BT_Ref": 1030210420, "PRG|BT_R_1": "PL.PZGiK.200", "x_informDo": null }, "geometry": { "type": "MultiPolygon", "coordinates": [ [ [ [ 17.022027727994224, 52.523687491059384 ], [ 17.021815749733005, 52.523932098313807 ], [ 17.020397223269008, 52.525551171895565 ], [ 17.02030273546136, 52.525684774463997 ], [ 17.020321025386117, 52.525687958642479 ], [ 17.020750793699474, 52.525768721465681 ], [ 17.021201936263576, 52.5258464223704 ], [ 17.021424511621667, 52.525884682420013 ], [ 17.021545186933512, 52.525762220016723 ], [ 17.02199627333902, 52.525263655920263 ], [ 17.023226591758323, 52.523903601399553 ], [ 17.022027727994224, 52.523687491059384 ] ] ] ] } },
{ "type": "Feature", "properties": { "gml_id": "OT_ADJA_A.20", "lokalnyId": "322BD60C-5C60-598B-E053-CC2BA8C05138", "przestrzen": "PL.PZGiK.308.BDOT10k", "wersjaId": "2022-01-20T00:00:00", "czyObiektB": 0, "x_kod": "ADJA05", "x_skrKarto": null, "x_katDoklG": "Dok", "x_doklGeom": 1, "x_doklGe_1": "m", "x_zrodloDa": "PRG", "x_zrodlo_1": "PRG", "x_katIstni": null, "x_rodzajRe": "ZP", "x_aktualno": "2022-01-20", "x_aktual_1": "2022-01-20", "poczatekWe": "2022-01-20T00:00:00", "x_dataUtwo": "2012-11-13", "x_kodKarto": "0010_505", "x_kodKar_1": "0025_505", "x_kodKar_2": "0050_505", "x_kodKar_3": "0100_505", "x_kodKar_4": null, "x_kodKar_5": null, "x_kodKar_6": null, "nazwa": "Czerwonak", "idPRG": 1030210420, "idTerytJed": 3021, "idTerytTer": 3021042, "rodzaj": "GW", "PRG|BT_Ref": 1030210420, "PRG|BT_R_1": "PL.PZGiK.200", "x_informDo": null }, "geometry": { "type": "MultiPolygon", "coordinates": [ [ [ [ 17.020258946000194, 52.528077949148809 ], [ 17.020499024591068, 52.528205996397368 ], [ 17.020582844379398, 52.528270358320732 ], [ 17.020578250588475, 52.528333151204194 ], [ 17.020514773934714, 52.528396847810711 ], [ 17.020433355499176, 52.528452868939617 ], [ 17.020266648646963, 52.52849028403628 ], [ 17.020218861204299, 52.528510081275357 ], [ 17.020192330075062, 52.52853599047571 ], [ 17.020182903430545, 52.528558678115182 ], [ 17.020203616834952, 52.528596530674591 ], [ 17.020295823760186, 52.528674434545984 ], [ 17.020358217552602, 52.528706958296453 ], [ 17.020481778702624, 52.528723866000476 ], [ 17.020588879489559, 52.528703441949737 ], [ 17.020709541200688, 52.528653653602873 ], [ 17.020765798716781, 52.528143811826411 ], [ 17.020756251505851, 52.527749434606427 ], [ 17.020707666007866, 52.527682064503864 ], [ 17.020636534973093, 52.527643818334205 ], [ 17.020327855120723, 52.527559055121387 ], [ 17.019709684454558, 52.527404353177168 ], [ 17.019583194517324, 52.527383797918112 ], [ 17.019491108772403, 52.527408160010026 ], [ 17.019431994648983, 52.527440449219917 ], [ 17.019386893736215, 52.527498876388577 ], [ 17.019511298386721, 52.527837793106585 ], [ 17.019548395320086, 52.527888422014229 ], [ 17.019585496381655, 52.527938961035957 ], [ 17.019784963728078, 52.528025586110402 ], [ 17.019932505919403, 52.528050271019872 ], [ 17.020050922597566, 52.528050363812227 ], [ 17.020258946000194, 52.528077949148809 ] ] ] ] } },
{ "type": "Feature", "properties": { "gml_id": "OT_ADJA_A.20", "lokalnyId": "322BD60C-5C60-598B-E053-CC2BA8C05138", "przestrzen": "PL.PZGiK.308.BDOT10k", "wersjaId": "2022-01-20T00:00:00", "czyObiektB": 0, "x_kod": "ADJA05", "x_skrKarto": null, "x_katDoklG": "Dok", "x_doklGeom": 1, "x_doklGe_1": "m", "x_zrodloDa": "PRG", "x_zrodlo_1": "PRG", "x_katIstni": null, "x_rodzajRe": "ZP", "x_aktualno": "2022-01-20", "x_aktual_1": "2022-01-20", "poczatekWe": "2022-01-20T00:00:00", "x_dataUtwo": "2012-11-13", "x_kodKarto": "0010_505", "x_kodKar_1": "0025_505", "x_kodKar_2": "0050_505", "x_kodKar_3": "0100_505", "x_kodKar_4": null, "x_kodKar_5": null, "x_kodKar_6": null, "nazwa": "Czerwonak", "idPRG": 1030210420, "idTerytJed": 3021, "idTerytTer": 3021042, "rodzaj": "GW", "PRG|BT_Ref": 1030210420, "PRG|BT_R_1": "PL.PZGiK.200", "x_informDo": null }, "geometry": { "type": "MultiPolygon", "coordinates": [ [ [ [ 17.027780509005794, 52.536680254493248 ], [ 17.027884656425062, 52.536607608063846 ], [ 17.028048887502742, 52.536616101302556 ], [ 17.028477222468492, 52.536715069460051 ], [ 17.028659035683848, 52.536752546330632 ], [ 17.028822756112213, 52.536772452637543 ], [ 17.029103669366357, 52.536777491499599 ], [ 17.029176497720947, 52.536649907300472 ], [ 17.026557655461406, 52.536142339769903 ], [ 17.025208043179557, 52.535921861522816 ], [ 17.024030816883879, 52.535738694386175 ], [ 17.023852824205481, 52.535721421206318 ], [ 17.023791399789705, 52.535726151699834 ], [ 17.023756291475816, 52.535749220175056 ], [ 17.023751401856448, 52.535779269166881 ], [ 17.023827289262883, 52.535817053086888 ], [ 17.02390564607812, 52.535855687675564 ], [ 17.023941942571554, 52.535884985384172 ], [ 17.023977209860163, 52.535937201166334 ], [ 17.023975663959998, 52.535971623230097 ], [ 17.023985087217536, 52.535994985687353 ], [ 17.024055502594116, 52.536079088274278 ], [ 17.024575928860706, 52.536222600786388 ], [ 17.025863757001098, 52.536459234428946 ], [ 17.026889883063582, 52.53665416453498 ], [ 17.027343083803924, 52.536724859873466 ], [ 17.027559307593346, 52.53672846421928 ], [ 17.027672191271847, 52.536727467628594 ], [ 17.027780509005794, 52.536680254493248 ] ] ] ] } },
{ "type": "Feature", "properties": { "gml_id": "OT_ADJA_A.20", "lokalnyId": "322BD60C-5C60-598B-E053-CC2BA8C05138", "przestrzen": "PL.PZGiK.308.BDOT10k", "wersjaId": "2022-01-20T00:00:00", "czyObiektB": 0, "x_kod": "ADJA05", "x_skrKarto": null, "x_katDoklG": "Dok", "x_doklGeom": 1, "x_doklGe_1": "m", "x_zrodloDa": "PRG", "x_zrodlo_1": "PRG", "x_katIstni": null, "x_rodzajRe": "ZP", "x_aktualno": "2022-01-20", "x_aktual_1": "2022-01-20", "poczatekWe": "2022-01-20T00:00:00", "x_dataUtwo": "2012-11-13", "x_kodKarto": "0010_505", "x_kodKar_1": "0025_505", "x_kodKar_2": "0050_505", "x_kodKar_3": "0100_505", "x_kodKar_4": null, "x_kodKar_5": null, "x_kodKar_6": null, "nazwa": "Czerwonak", "idPRG": 1030210420, "idTerytJed": 3021, "idTerytTer": 3021042, "rodzaj": "GW", "PRG|BT_Ref": 1030210420, "PRG|BT_R_1": "PL.PZGiK.200", "x_informDo": null }, "geometry": { "type": "MultiPolygon", "coordinates": [ [ [ [ 17.038603710879144, 52.456001505116667 ], [ 17.037703571627517, 52.456566883353325 ], [ 17.038318733510653, 52.45689099206168 ], [ 17.038267198259195, 52.456970546213704 ], [ 17.038215662818725, 52.457050100340432 ], [ 17.038043120202193, 52.457168930591436 ], [ 17.037923350254893, 52.457223427530749 ], [ 17.037715102821959, 52.457267731601547 ], [ 17.037521842620876, 52.457292856336352 ], [ 17.037303226289673, 52.457427920085884 ], [ 17.037624505793222, 52.457623032415768 ], [ 17.03864743734939, 52.456972086995215 ], [ 17.03934829830121, 52.456526034795566 ], [ 17.038608761008554, 52.455999008510091 ], [ 17.038603710879144, 52.456001505116667 ] ] ] ] } },
{ "type": "Feature", "properties": { "gml_id": "OT_ADJA_A.20", "lokalnyId": "322BD60C-5C60-598B-E053-CC2BA8C05138", "przestrzen": "PL.PZGiK.308.BDOT10k", "wersjaId": "2022-01-20T00:00:00", "czyObiektB": 0, "x_kod": "ADJA05", "x_skrKarto": null, "x_katDoklG": "Dok", "x_doklGeom": 1, "x_doklGe_1": "m", "x_zrodloDa": "PRG", "x_zrodlo_1": "PRG", "x_katIstni": null, "x_rodzajRe": "ZP", "x_aktualno": "2022-01-20", "x_aktual_1": "2022-01-20", "poczatekWe": "2022-01-20T00:00:00", "x_dataUtwo": "2012-11-13", "x_kodKarto": "0010_505", "x_kodKar_1": "0025_505", "x_kodKar_2": "0050_505", "x_kodKar_3": "0100_505", "x_kodKar_4": null, "x_kodKar_5": null, "x_kodKar_6": null, "nazwa": "Czerwonak", "idPRG": 1030210420, "idTerytJed": 3021, "idTerytTer": 3021042, "rodzaj": "GW", "PRG|BT_Ref": 1030210420, "PRG|BT_R_1": "PL.PZGiK.200", "x_informDo": null }, "geometry": { "type": "MultiPolygon", "coordinates": [ [ [ [ 17.040200008677598, 52.459143871405374 ], [ 17.039272684073801, 52.459687134777511 ], [ 17.038777534861371, 52.459924917641672 ], [ 17.0383930392723, 52.460071533014172 ], [ 17.038158323898205, 52.460161089933642 ], [ 17.038107230017953, 52.460131280557071 ], [ 17.038049761554692, 52.460155421176161 ], [ 17.037919671824234, 52.460210016746252 ], [ 17.037795885450201, 52.460261928537946 ], [ 17.037614932120469, 52.460337805729175 ], [ 17.037517099563846, 52.460378905063436 ], [ 17.03757770195174, 52.460390254281037 ], [ 17.037772128142215, 52.460438542268136 ], [ 17.037862336618961, 52.460452990973359 ], [ 17.038131469983192, 52.460483540003274 ], [ 17.03821502149615, 52.460498687478456 ], [ 17.038077311490014, 52.460751121479937 ], [ 17.038063143543511, 52.460781646937264 ], [ 17.03807388783455, 52.460821490092108 ], [ 17.038219624268322, 52.461037612702896 ], [ 17.037902232304837, 52.461188217960718 ], [ 17.037774058229239, 52.461216222025094 ], [ 17.037576794126064, 52.461215107080122 ], [ 17.037234140981742, 52.461155634048083 ], [ 17.037099673352365, 52.461126509013404 ], [ 17.0370380931531, 52.461223164952209 ], [ 17.036685771532394, 52.461797898298052 ], [ 17.036725000844637, 52.461806464612863 ], [ 17.036307336452264, 52.462462859568326 ], [ 17.036275235414255, 52.462581950756821 ], [ 17.036473720590738, 52.462866768507162 ], [ 17.036936794108922, 52.463076199101906 ], [ 17.037519007348664, 52.463196133070952 ], [ 17.037037844716178, 52.463945826898829 ], [ 17.035808747323653, 52.463745891317735 ], [ 17.035757251120554, 52.463738290209982 ], [ 17.035665572278983, 52.463726963528025 ], [ 17.034099271943326, 52.463510435078305 ], [ 17.033852658939804, 52.463473145929534 ], [ 17.033114142824562, 52.463361387324618 ], [ 17.033083279102538, 52.463356736576706 ], [ 17.033007875232915, 52.463475826188287 ], [ 17.033184188072116, 52.463507810471953 ], [ 17.03358402313626, 52.463566537119775 ], [ 17.034037116816879, 52.463632983534524 ], [ 17.035698524076516, 52.463876546540398 ], [ 17.036151343366917, 52.463952604151707 ], [ 17.036956713078403, 52.464074717606593 ], [ 17.037269590511919, 52.464125422297165 ], [ 17.039255582819255, 52.464435483239036 ], [ 17.041295494582521, 52.462089038381123 ], [ 17.0424415820071, 52.461358341962921 ], [ 17.044451060805859, 52.460107187651715 ], [ 17.044427830573305, 52.460082626382999 ], [ 17.044286101634228, 52.459931606640623 ], [ 17.043465390638676, 52.459379721063264 ], [ 17.043404614665718, 52.459352362136457 ], [ 17.042157040809641, 52.458519166990044 ], [ 17.041811223897973, 52.458318983803849 ], [ 17.04180693512393, 52.458316460847968 ], [ 17.041798029509817, 52.458321013875469 ], [ 17.041314133599734, 52.458567987882866 ], [ 17.040742708827349, 52.45885947057387 ], [ 17.040200008677598, 52.459143871405374 ] ] ] ] } },
{ "type": "Feature", "properties": { "gml_id": "OT_ADJA_A.20", "lokalnyId": "322BD60C-5C60-598B-E053-CC2BA8C05138", "przestrzen": "PL.PZGiK.308.BDOT10k", "wersjaId": "2022-01-20T00:00:00", "czyObiektB": 0, "x_kod": "ADJA05", "x_skrKarto": null, "x_katDoklG": "Dok", "x_doklGeom": 1, "x_doklGe_1": "m", "x_zrodloDa": "PRG", "x_zrodlo_1": "PRG", "x_katIstni": null, "x_rodzajRe": "ZP", "x_aktualno": "2022-01-20", "x_aktual_1": "2022-01-20", "poczatekWe": "2022-01-20T00:00:00", "x_dataUtwo": "2012-11-13", "x_kodKarto": "0010_505", "x_kodKar_1": "0025_505", "x_kodKar_2": "0050_505", "x_kodKar_3": "0100_505", "x_kodKar_4": null, "x_kodKar_5": null, "x_kodKar_6": null, "nazwa": "Czerwonak", "idPRG": 1030210420, "idTerytJed": 3021, "idTerytTer": 3021042, "rodzaj": "GW", "PRG|BT_Ref": 1030210420, "PRG|BT_R_1": "PL.PZGiK.200", "x_informDo": null }, "geometry": { "type": "MultiPolygon", "coordinates": [ [ [ [ 17.042607296642963, 52.46224648390848 ], [ 17.04268159608214, 52.462218032581411 ], [ 17.042720134640859, 52.462195735020799 ], [ 17.042747200572585, 52.462133312873583 ], [ 17.042738198713931, 52.462083965067109 ], [ 17.042665904351349, 52.462007486160601 ], [ 17.042608193381071, 52.46196407779609 ], [ 17.042466571654423, 52.46197990192411 ], [ 17.042367996383298, 52.462051033919138 ], [ 17.041994514857606, 52.462277802658164 ], [ 17.041989515479674, 52.462310818896157 ], [ 17.041986155963802, 52.462333428900806 ], [ 17.042014211817417, 52.462371489620672 ], [ 17.042049429482919, 52.46238421505236 ], [ 17.042168766104464, 52.462399412550475 ], [ 17.042257392825999, 52.462386578948326 ], [ 17.042321496292764, 52.462355620523219 ], [ 17.042358749898835, 52.462339058156644 ], [ 17.042458992587086, 52.462296735524184 ], [ 17.042607296642963, 52.46224648390848 ] ] ] ] } },
{ "type": "Feature", "properties": { "gml_id": "OT_ADJA_A.20", "lokalnyId": "322BD60C-5C60-598B-E053-CC2BA8C05138", "przestrzen": "PL.PZGiK.308.BDOT10k", "wersjaId": "2022-01-20T00:00:00", "czyObiektB": 0, "x_kod": "ADJA05", "x_skrKarto": null, "x_katDoklG": "Dok", "x_doklGeom": 1, "x_doklGe_1": "m", "x_zrodloDa": "PRG", "x_zrodlo_1": "PRG", "x_katIstni": null, "x_rodzajRe": "ZP", "x_aktualno": "2022-01-20", "x_aktual_1": "2022-01-20", "poczatekWe": "2022-01-20T00:00:00", "x_dataUtwo": "2012-11-13", "x_kodKarto": "0010_505", "x_kodKar_1": "0025_505", "x_kodKar_2": "0050_505", "x_kodKar_3": "0100_505", "x_kodKar_4": null, "x_kodKar_5": null, "x_kodKar_6": null, "nazwa": "Czerwonak", "idPRG": 1030210420, "idTerytJed": 3021, "idTerytTer": 3021042, "rodzaj": "GW", "PRG|BT_Ref": 1030210420, "PRG|BT_R_1": "PL.PZGiK.200", "x_informDo": null }, "geometry": { "type": "MultiPolygon", "coordinates": [ [ [ [ 17.041593520541237, 52.478965280046374 ], [ 17.041579859985742, 52.47893123536079 ], [ 17.041556489281188, 52.478890284172934 ], [ 17.041540296902483, 52.478866810803382 ], [ 17.041511190902462, 52.478842224158917 ], [ 17.041012537769742, 52.478646974534122 ], [ 17.040795426812991, 52.478553705169162 ], [ 17.040748840758731, 52.478597634988269 ], [ 17.040433061495762, 52.478894880896817 ], [ 17.040331905881089, 52.478989983261322 ], [ 17.040675626079395, 52.479131401732658 ], [ 17.03989061372117, 52.479267339305252 ], [ 17.039733495427203, 52.4789346451889 ], [ 17.039899799317819, 52.478812201147129 ], [ 17.039969526797254, 52.4788408792366 ], [ 17.039986596675828, 52.478847907839111 ], [ 17.040088675839744, 52.47875192164215 ], [ 17.040141410347971, 52.478702247685369 ], [ 17.040400147062993, 52.478458832568982 ], [ 17.040457798906697, 52.478404562924602 ], [ 17.039889245813697, 52.478181437299646 ], [ 17.039775741167421, 52.478136833243362 ], [ 17.039730479980712, 52.478177456743097 ], [ 17.0392944643595, 52.478568136013308 ], [ 17.039185430561666, 52.478525674199851 ], [ 17.038940605240889, 52.478572072800617 ], [ 17.039123266648684, 52.478956279053563 ], [ 17.038548468271451, 52.479052340425973 ], [ 17.038478418097508, 52.479064040463911 ], [ 17.038522748569278, 52.479156967066857 ], [ 17.038592994059677, 52.479144190927435 ], [ 17.03916668528052, 52.479039926181628 ], [ 17.03932330207342, 52.479373871957726 ], [ 17.039368441223047, 52.479471848427551 ], [ 17.038983282775138, 52.479540115270495 ], [ 17.039002816163197, 52.479581183236853 ], [ 17.039183979440896, 52.479959428241713 ], [ 17.040519799009992, 52.479720823428785 ], [ 17.040360498960027, 52.479384046639339 ], [ 17.04031958075123, 52.479297113520232 ], [ 17.040525142988855, 52.479289006770337 ], [ 17.040666819373097, 52.479283169181635 ], [ 17.040906684920074, 52.479242351233587 ], [ 17.041038342231285, 52.479219977653067 ], [ 17.041113803048297, 52.479205847320394 ], [ 17.041580658793034, 52.479118869196299 ], [ 17.04159183732315, 52.479019757489837 ], [ 17.041593520541237, 52.478965280046374 ] ] ] ] } },
{ "type": "Feature", "properties": { "gml_id": "OT_ADJA_A.20", "lokalnyId": "322BD60C-5C60-598B-E053-CC2BA8C05138", "przestrzen": "PL.PZGiK.308.BDOT10k", "wersjaId": "2022-01-20T00:00:00", "czyObiektB": 0, "x_kod": "ADJA05", "x_skrKarto": null, "x_katDoklG": "Dok", "x_doklGeom": 1, "x_doklGe_1": "m", "x_zrodloDa": "PRG", "x_zrodlo_1": "PRG", "x_katIstni": null, "x_rodzajRe": "ZP", "x_aktualno": "2022-01-20", "x_aktual_1": "2022-01-20", "poczatekWe": "2022-01-20T00:00:00", "x_dataUtwo": "2012-11-13", "x_kodKarto": "0010_505", "x_kodKar_1": "0025_505", "x_kodKar_2": "0050_505", "x_kodKar_3": "0100_505", "x_kodKar_4": null, "x_kodKar_5": null, "x_kodKar_6": null, "nazwa": "Czerwonak", "idPRG": 1030210420, "idTerytJed": 3021, "idTerytTer": 3021042, "rodzaj": "GW", "PRG|BT_Ref": 1030210420, "PRG|BT_R_1": "PL.PZGiK.200", "x_informDo": null }, "geometry": { "type": "MultiPolygon", "coordinates": [ [ [ [ 17.037586167693945, 52.479603556417963 ], [ 17.037611258376895, 52.479609099479795 ], [ 17.037686132076917, 52.47961151105951 ], [ 17.037716114041455, 52.479609759944211 ], [ 17.037771826707772, 52.479599171618105 ], [ 17.037854188441703, 52.479582279679988 ], [ 17.037874326235777, 52.479570021781406 ], [ 17.037919188183206, 52.479531820811999 ], [ 17.038018142982256, 52.479433356082488 ], [ 17.038034197356531, 52.479410237279559 ], [ 17.038037078829621, 52.47938851892053 ], [ 17.03801796580256, 52.479374440603131 ], [ 17.037968211771194, 52.479357065737801 ], [ 17.03788275590157, 52.479321020046726 ], [ 17.03784371010109, 52.479327837511612 ], [ 17.037728064638308, 52.479347864868956 ], [ 17.037610556610478, 52.479092006588282 ], [ 17.037318242422945, 52.479146158450256 ], [ 17.03727642721827, 52.479218498086503 ], [ 17.037276292172439, 52.479281096049242 ], [ 17.03730283280845, 52.479310318202749 ], [ 17.037388735168825, 52.479372724971626 ], [ 17.037392673331546, 52.479406698765814 ], [ 17.037382695399881, 52.479438912601545 ], [ 17.037369643884592, 52.479464059891683 ], [ 17.037356468471714, 52.479475443873248 ], [ 17.037357761820719, 52.479505955951097 ], [ 17.037433080588819, 52.479557933569644 ], [ 17.037530436766307, 52.47957483934438 ], [ 17.037586167693945, 52.479603556417963 ] ] ] ] } },
{ "type": "Feature", "properties": { "gml_id": "OT_ADJA_A.20", "lokalnyId": "322BD60C-5C60-598B-E053-CC2BA8C05138", "przestrzen": "PL.PZGiK.308.BDOT10k", "wersjaId": "2022-01-20T00:00:00", "czyObiektB": 0, "x_kod": "ADJA05", "x_skrKarto": null, "x_katDoklG": "Dok", "x_doklGeom": 1, "x_doklGe_1": "m", "x_zrodloDa": "PRG", "x_zrodlo_1": "PRG", "x_katIstni": null, "x_rodzajRe": "ZP", "x_aktualno": "2022-01-20", "x_aktual_1": "2022-01-20", "poczatekWe": "2022-01-20T00:00:00", "x_dataUtwo": "2012-11-13", "x_kodKarto": "0010_505", "x_kodKar_1": "0025_505", "x_kodKar_2": "0050_505", "x_kodKar_3": "0100_505", "x_kodKar_4": null, "x_kodKar_5": null, "x_kodKar_6": null, "nazwa": "Czerwonak", "idPRG": 1030210420, "idTerytJed": 3021, "idTerytTer": 3021042, "rodzaj": "GW", "PRG|BT_Ref": 1030210420, "PRG|BT_R_1": "PL.PZGiK.200", "x_informDo": null }, "geometry": { "type": "MultiPolygon", "coordinates": [ [ [ [ 17.035775992103176, 52.482613034281762 ], [ 17.035744319844415, 52.482632835348689 ], [ 17.035984743586749, 52.483062797093424 ], [ 17.036485102924388, 52.482962364072364 ], [ 17.036456207354171, 52.482866904777524 ], [ 17.036441339290469, 52.482777344754005 ], [ 17.036396117973595, 52.482701131984285 ], [ 17.036321923562635, 52.482640358032171 ], [ 17.036248466071296, 52.482606039447575 ], [ 17.036133840589191, 52.482573195872362 ], [ 17.036066313609656, 52.482574413106924 ], [ 17.035966940889182, 52.48257618078987 ], [ 17.035910553928328, 52.48257866223986 ], [ 17.035838790044455, 52.482592311033073 ], [ 17.035775992103176, 52.482613034281762 ] ] ] ] } },
{ "type": "Feature", "properties": { "gml_id": "OT_ADJA_A.20", "lokalnyId": "322BD60C-5C60-598B-E053-CC2BA8C05138", "przestrzen": "PL.PZGiK.308.BDOT10k", "wersjaId": "2022-01-20T00:00:00", "czyObiektB": 0, "x_kod": "ADJA05", "x_skrKarto": null, "x_katDoklG": "Dok", "x_doklGeom": 1, "x_doklGe_1": "m", "x_zrodloDa": "PRG", "x_zrodlo_1": "PRG", "x_katIstni": null, "x_rodzajRe": "ZP", "x_aktualno": "2022-01-20", "x_aktual_1": "2022-01-20", "poczatekWe": "2022-01-20T00:00:00", "x_dataUtwo": "2012-11-13", "x_kodKarto": "0010_505", "x_kodKar_1": "0025_505", "x_kodKar_2": "0050_505", "x_kodKar_3": "0100_505", "x_kodKar_4": null, "x_kodKar_5": null, "x_kodKar_6": null, "nazwa": "Czerwonak", "idPRG": 1030210420, "idTerytJed": 3021, "idTerytTer": 3021042, "rodzaj": "GW", "PRG|BT_Ref": 1030210420, "PRG|BT_R_1": "PL.PZGiK.200", "x_informDo": null }, "geometry": { "type": "MultiPolygon", "coordinates": [ [ [ [ 17.034616941340467, 52.48502376406168 ], [ 17.03471391632246, 52.484818147293915 ], [ 17.035031803897915, 52.484072226850579 ], [ 17.035093674655986, 52.483883215622512 ], [ 17.03495546536384, 52.483842147148678 ], [ 17.034728228170255, 52.483724314994184 ], [ 17.034691297611921, 52.483710257668903 ], [ 17.034423845071565, 52.483608453364397 ], [ 17.033638381552603, 52.483468218065305 ], [ 17.033630060918128, 52.483483010236966 ], [ 17.033536116786284, 52.483732928427649 ], [ 17.033409157880634, 52.483963319661804 ], [ 17.033271732045893, 52.484243365027936 ], [ 17.033192244274208, 52.484433351590177 ], [ 17.033976784354419, 52.484561611984006 ], [ 17.033783207543898, 52.484967633806797 ], [ 17.034254524161984, 52.485049940716749 ], [ 17.034566638114622, 52.485104506261649 ], [ 17.034616941340467, 52.48502376406168 ] ] ] ] } },
{ "type": "Feature", "properties": { "gml_id": "OT_ADJA_A.20", "lokalnyId": "322BD60C-5C60-598B-E053-CC2BA8C05138", "przestrzen": "PL.PZGiK.308.BDOT10k", "wersjaId": "2022-01-20T00:00:00", "czyObiektB": 0, "x_kod": "ADJA05", "x_skrKarto": null, "x_katDoklG": "Dok", "x_doklGeom": 1, "x_doklGe_1": "m", "x_zrodloDa": "PRG", "x_zrodlo_1": "PRG", "x_katIstni": null, "x_rodzajRe": "ZP", "x_aktualno": "2022-01-20", "x_aktual_1": "2022-01-20", "poczatekWe": "2022-01-20T00:00:00", "x_dataUtwo": "2012-11-13", "x_kodKarto": "0010_505", "x_kodKar_1": "0025_505", "x_kodKar_2": "0050_505", "x_kodKar_3": "0100_505", "x_kodKar_4": null, "x_kodKar_5": null, "x_kodKar_6": null, "nazwa": "Czerwonak", "idPRG": 1030210420, "idTerytJed": 3021, "idTerytTer": 3021042, "rodzaj": "GW", "PRG|BT_Ref": 1030210420, "PRG|BT_R_1": "PL.PZGiK.200", "x_informDo": null }, "geometry": { "type": "MultiPolygon", "coordinates": [ [ [ [ 17.048653519617012, 52.489583133221124 ], [ 17.047810232451184, 52.489740378663441 ], [ 17.048331379181029, 52.490209754425592 ], [ 17.049030972478228, 52.489926913941304 ], [ 17.048653519617012, 52.489583133221124 ] ] ] ] } },
{ "type": "Feature", "properties": { "gml_id": "OT_ADJA_A.20", "lokalnyId": "322BD60C-5C60-598B-E053-CC2BA8C05138", "przestrzen": "PL.PZGiK.308.BDOT10k", "wersjaId": "2022-01-20T00:00:00", "czyObiektB": 0, "x_kod": "ADJA05", "x_skrKarto": null, "x_katDoklG": "Dok", "x_doklGeom": 1, "x_doklGe_1": "m", "x_zrodloDa": "PRG", "x_zrodlo_1": "PRG", "x_katIstni": null, "x_rodzajRe": "ZP", "x_aktualno": "2022-01-20", "x_aktual_1": "2022-01-20", "poczatekWe": "2022-01-20T00:00:00", "x_dataUtwo": "2012-11-13", "x_kodKarto": "0010_505", "x_kodKar_1": "0025_505", "x_kodKar_2": "0050_505", "x_kodKar_3": "0100_505", "x_kodKar_4": null, "x_kodKar_5": null, "x_kodKar_6": null, "nazwa": "Czerwonak", "idPRG": 1030210420, "idTerytJed": 3021, "idTerytTer": 3021042, "rodzaj": "GW", "PRG|BT_Ref": 1030210420, "PRG|BT_R_1": "PL.PZGiK.200", "x_informDo": null }, "geometry": { "type": "MultiPolygon", "coordinates": [ [ [ [ 17.051216192000567, 52.492037370589493 ], [ 17.0517985989142, 52.491812394696574 ], [ 17.051390153458545, 52.491432225551016 ], [ 17.050999638852463, 52.491056577678044 ], [ 17.050406306637448, 52.491288834770863 ], [ 17.05051769660535, 52.491372248526119 ], [ 17.050828423090628, 52.491652863144083 ], [ 17.050859182338769, 52.491680352756923 ], [ 17.051216192000567, 52.492037370589493 ] ] ] ] } },
{ "type": "Feature", "properties": { "gml_id": "OT_ADJA_A.20", "lokalnyId": "322BD60C-5C60-598B-E053-CC2BA8C05138", "przestrzen": "PL.PZGiK.308.BDOT10k", "wersjaId": "2022-01-20T00:00:00", "czyObiektB": 0, "x_kod": "ADJA05", "x_skrKarto": null, "x_katDoklG": "Dok", "x_doklGeom": 1, "x_doklGe_1": "m", "x_zrodloDa": "PRG", "x_zrodlo_1": "PRG", "x_katIstni": null, "x_rodzajRe": "ZP", "x_aktualno": "2022-01-20", "x_aktual_1": "2022-01-20", "poczatekWe": "2022-01-20T00:00:00", "x_dataUtwo": "2012-11-13", "x_kodKarto": "0010_505", "x_kodKar_1": "0025_505", "x_kodKar_2": "0050_505", "x_kodKar_3": "0100_505", "x_kodKar_4": null, "x_kodKar_5": null, "x_kodKar_6": null, "nazwa": "Czerwonak", "idPRG": 1030210420, "idTerytJed": 3021, "idTerytTer": 3021042, "rodzaj": "GW", "PRG|BT_Ref": 1030210420, "PRG|BT_R_1": "PL.PZGiK.200", "x_informDo": null }, "geometry": { "type": "MultiPolygon", "coordinates": [ [ [ [ 17.070010012014368, 52.483557435993106 ], [ 17.070012307935972, 52.483622771576513 ], [ 17.070055773522618, 52.48367312898619 ], [ 17.070354015293692, 52.48383332550312 ], [ 17.070500442714842, 52.483860538430044 ], [ 17.070587269279113, 52.483852600853702 ], [ 17.070717713689248, 52.48377710850059 ], [ 17.07076092629443, 52.483718811218459 ], [ 17.070728560242721, 52.483643721109338 ], [ 17.070376013916803, 52.483448551446671 ], [ 17.070275238766669, 52.483425141245185 ], [ 17.07004794842911, 52.483505258888435 ], [ 17.070010012014368, 52.483557435993106 ] ] ] ] } },
{ "type": "Feature", "properties": { "gml_id": "OT_ADJA_A.20", "lokalnyId": "322BD60C-5C60-598B-E053-CC2BA8C05138", "przestrzen": "PL.PZGiK.308.BDOT10k", "wersjaId": "2022-01-20T00:00:00", "czyObiektB": 0, "x_kod": "ADJA05", "x_skrKarto": null, "x_katDoklG": "Dok", "x_doklGeom": 1, "x_doklGe_1": "m", "x_zrodloDa": "PRG", "x_zrodlo_1": "PRG", "x_katIstni": null, "x_rodzajRe": "ZP", "x_aktualno": "2022-01-20", "x_aktual_1": "2022-01-20", "poczatekWe": "2022-01-20T00:00:00", "x_dataUtwo": "2012-11-13", "x_kodKarto": "0010_505", "x_kodKar_1": "0025_505", "x_kodKar_2": "0050_505", "x_kodKar_3": "0100_505", "x_kodKar_4": null, "x_kodKar_5": null, "x_kodKar_6": null, "nazwa": "Czerwonak", "idPRG": 1030210420, "idTerytJed": 3021, "idTerytTer": 3021042, "rodzaj": "GW", "PRG|BT_Ref": 1030210420, "PRG|BT_R_1": "PL.PZGiK.200", "x_informDo": null }, "geometry": { "type": "MultiPolygon", "coordinates": [ [ [ [ 17.072324062281862, 52.484967962455173 ], [ 17.072017568749917, 52.484531243928238 ], [ 17.071981073996174, 52.484419120614028 ], [ 17.071900560900378, 52.484299534049164 ], [ 17.071722576796844, 52.484178628199942 ], [ 17.071653777382373, 52.484124710407819 ], [ 17.071496932413289, 52.484106593117367 ], [ 17.071250396159876, 52.484158517154839 ], [ 17.071005484211206, 52.484291145407234 ], [ 17.070978396408048, 52.484331087709847 ], [ 17.071017534745572, 52.484365904099604 ], [ 17.071461656719865, 52.48468056923452 ], [ 17.071537084198923, 52.484815363362209 ], [ 17.071627817602998, 52.485068411243383 ], [ 17.071769349542635, 52.485204282946945 ], [ 17.071888685202186, 52.485268288539061 ], [ 17.072060983316579, 52.485283509188939 ], [ 17.072241541659746, 52.485224392026851 ], [ 17.072316869731939, 52.485132439569156 ], [ 17.072324062281862, 52.484967962455173 ] ] ] ] } },
{ "type": "Feature", "properties": { "gml_id": "OT_ADJA_A.20", "lokalnyId": "322BD60C-5C60-598B-E053-CC2BA8C05138", "przestrzen": "PL.PZGiK.308.BDOT10k", "wersjaId": "2022-01-20T00:00:00", "czyObiektB": 0, "x_kod": "ADJA05", "x_skrKarto": null, "x_katDoklG": "Dok", "x_doklGeom": 1, "x_doklGe_1": "m", "x_zrodloDa": "PRG", "x_zrodlo_1": "PRG", "x_katIstni": null, "x_rodzajRe": "ZP", "x_aktualno": "2022-01-20", "x_aktual_1": "2022-01-20", "poczatekWe": "2022-01-20T00:00:00", "x_dataUtwo": "2012-11-13", "x_kodKarto": "0010_505", "x_kodKar_1": "0025_505", "x_kodKar_2": "0050_505", "x_kodKar_3": "0100_505", "x_kodKar_4": null, "x_kodKar_5": null, "x_kodKar_6": null, "nazwa": "Czerwonak", "idPRG": 1030210420, "idTerytJed": 3021, "idTerytTer": 3021042, "rodzaj": "GW", "PRG|BT_Ref": 1030210420, "PRG|BT_R_1": "PL.PZGiK.200", "x_informDo": null }, "geometry": { "type": "MultiPolygon", "coordinates": [ [ [ [ 17.061234200531594, 52.490657058351289 ], [ 17.061211530441359, 52.490479050646016 ], [ 17.061154183430688, 52.490117981505776 ], [ 17.061110451727021, 52.489802466441347 ], [ 17.060825028482331, 52.489809569846322 ], [ 17.060527097310217, 52.489799558306721 ], [ 17.060290315200096, 52.48976608449744 ], [ 17.06008707072397, 52.489713822652 ], [ 17.059905639885372, 52.489654722861125 ], [ 17.05985756337553, 52.489632258172051 ], [ 17.060398549256298, 52.490119084295941 ], [ 17.060581560926039, 52.490289647802832 ], [ 17.060737684710702, 52.490401577485066 ], [ 17.061234200531594, 52.490657058351289 ] ] ] ] } },
{ "type": "Feature", "properties": { "gml_id": "OT_ADJA_A.20", "lokalnyId": "322BD60C-5C60-598B-E053-CC2BA8C05138", "przestrzen": "PL.PZGiK.308.BDOT10k", "wersjaId": "2022-01-20T00:00:00", "czyObiektB": 0, "x_kod": "ADJA05", "x_skrKarto": null, "x_katDoklG": "Dok", "x_doklGeom": 1, "x_doklGe_1": "m", "x_zrodloDa": "PRG", "x_zrodlo_1": "PRG", "x_katIstni": null, "x_rodzajRe": "ZP", "x_aktualno": "2022-01-20", "x_aktual_1": "2022-01-20", "poczatekWe": "2022-01-20T00:00:00", "x_dataUtwo": "2012-11-13", "x_kodKarto": "0010_505", "x_kodKar_1": "0025_505", "x_kodKar_2": "0050_505", "x_kodKar_3": "0100_505", "x_kodKar_4": null, "x_kodKar_5": null, "x_kodKar_6": null, "nazwa": "Czerwonak", "idPRG": 1030210420, "idTerytJed": 3021, "idTerytTer": 3021042, "rodzaj": "GW", "PRG|BT_Ref": 1030210420, "PRG|BT_R_1": "PL.PZGiK.200", "x_informDo": null }, "geometry": { "type": "MultiPolygon", "coordinates": [ [ [ [ 17.066580488358753, 52.49142722994543 ], [ 17.066811185219198, 52.491280617157514 ], [ 17.067016123710324, 52.491140058828883 ], [ 17.067105531837065, 52.491093760565015 ], [ 17.067508315656081, 52.491340577589654 ], [ 17.067780975148207, 52.491409700393064 ], [ 17.06794191694279, 52.491513064643428 ], [ 17.068245548602434, 52.491352979804056 ], [ 17.068668521980022, 52.491134746592664 ], [ 17.068532545324356, 52.491037831983675 ], [ 17.067839143893721, 52.490624015746576 ], [ 17.067610672908732, 52.490767069183114 ], [ 17.067511198520965, 52.490740530025327 ], [ 17.067369951646967, 52.490732465967618 ], [ 17.067106034381595, 52.490726174788804 ], [ 17.066983382251856, 52.490724170433239 ], [ 17.066930668230491, 52.490709907556123 ], [ 17.06657878758848, 52.490485236859662 ], [ 17.066529061942717, 52.490449886214655 ], [ 17.066407904654099, 52.490363449900585 ], [ 17.066336536400797, 52.490341146771669 ], [ 17.066013512693551, 52.490318596672374 ], [ 17.065815727344908, 52.490309606295966 ], [ 17.06560702827554, 52.490263920538872 ], [ 17.065385882123891, 52.490072144438003 ], [ 17.064310412634867, 52.490290198071968 ], [ 17.064652782149032, 52.490583525846141 ], [ 17.064862771107656, 52.490737434956031 ], [ 17.065547491525773, 52.490438694077305 ], [ 17.06586392465773, 52.490681945961754 ], [ 17.065183275249939, 52.490985252378685 ], [ 17.065246417550174, 52.491037192540901 ], [ 17.065507526931444, 52.491251838181313 ], [ 17.065627842000911, 52.491350763603734 ], [ 17.065819880826709, 52.491500869648569 ], [ 17.066092514999372, 52.491731712119247 ], [ 17.066342790614392, 52.491575526687896 ], [ 17.066580488358753, 52.49142722994543 ] ] ] ] } },
{ "type": "Feature", "properties": { "gml_id": "OT_ADJA_A.20", "lokalnyId": "322BD60C-5C60-598B-E053-CC2BA8C05138", "przestrzen": "PL.PZGiK.308.BDOT10k", "wersjaId": "2022-01-20T00:00:00", "czyObiektB": 0, "x_kod": "ADJA05", "x_skrKarto": null, "x_katDoklG": "Dok", "x_doklGeom": 1, "x_doklGe_1": "m", "x_zrodloDa": "PRG", "x_zrodlo_1": "PRG", "x_katIstni": null, "x_rodzajRe": "ZP", "x_aktualno": "2022-01-20", "x_aktual_1": "2022-01-20", "poczatekWe": "2022-01-20T00:00:00", "x_dataUtwo": "2012-11-13", "x_kodKarto": "0010_505", "x_kodKar_1": "0025_505", "x_kodKar_2": "0050_505", "x_kodKar_3": "0100_505", "x_kodKar_4": null, "x_kodKar_5": null, "x_kodKar_6": null, "nazwa": "Czerwonak", "idPRG": 1030210420, "idTerytJed": 3021, "idTerytTer": 3021042, "rodzaj": "GW", "PRG|BT_Ref": 1030210420, "PRG|BT_R_1": "PL.PZGiK.200", "x_informDo": null }, "geometry": { "type": "MultiPolygon", "coordinates": [ [ [ [ 17.079397610797766, 52.492246565264949 ], [ 17.079391864288226, 52.491972688299441 ], [ 17.079518750619091, 52.491769410754053 ], [ 17.079557305154211, 52.491696194281495 ], [ 17.079519344001437, 52.491684784897757 ], [ 17.07946849710736, 52.491701947746336 ], [ 17.07923913216198, 52.491818925699576 ], [ 17.079057260585003, 52.491904385308914 ], [ 17.078868621156467, 52.491992972636652 ], [ 17.078853648012174, 52.492001813598399 ], [ 17.078520252138105, 52.492199847205612 ], [ 17.078132930417183, 52.492488924534641 ], [ 17.077444892004891, 52.492973054560636 ], [ 17.077029949192273, 52.493286953120787 ], [ 17.076695089715592, 52.493470836960917 ], [ 17.07667319692515, 52.493482892996347 ], [ 17.076476414404468, 52.493393168876082 ], [ 17.076341107127394, 52.493518866143752 ], [ 17.076199792914597, 52.493579617314815 ], [ 17.076007402101414, 52.493659324803723 ], [ 17.076206423608543, 52.493765275690173 ], [ 17.076178113262433, 52.493806188614229 ], [ 17.076088354916507, 52.493833600157785 ], [ 17.07595744811265, 52.493858453540284 ], [ 17.075656554491548, 52.494060695496024 ], [ 17.075654466478305, 52.494108510721013 ], [ 17.075650816365876, 52.494192097485403 ], [ 17.07521015260582, 52.494534262849342 ], [ 17.075022038906948, 52.494455200619413 ], [ 17.073513072593268, 52.49379807153845 ], [ 17.07348584738838, 52.493841070176629 ], [ 17.07348910528075, 52.49388789314272 ], [ 17.073537098888128, 52.49399678522753 ], [ 17.073665236256101, 52.494089263880674 ], [ 17.073787262972541, 52.494142877830328 ], [ 17.073992609629737, 52.494222042764399 ], [ 17.074973881655719, 52.494613074770086 ], [ 17.074674800520256, 52.494712899716291 ], [ 17.074655268123561, 52.494957584064878 ], [ 17.07462243566809, 52.495034489798513 ], [ 17.074454215276909, 52.495103795172042 ], [ 17.074172100334849, 52.495142374655266 ], [ 17.07386319511971, 52.495122954288185 ], [ 17.073491363779208, 52.494989001335334 ], [ 17.073337608400177, 52.494993692453235 ], [ 17.073282705913822, 52.495036060351111 ], [ 17.073822016180706, 52.495593040703717 ], [ 17.073124063209342, 52.496055668274529 ], [ 17.07330424031516, 52.49606354995381 ], [ 17.073348384534931, 52.496075151960859 ], [ 17.07359666666148, 52.49615330791373 ], [ 17.073961850402966, 52.49626088911603 ], [ 17.073846116340743, 52.496120493811567 ], [ 17.073794845268804, 52.496076396786307 ], [ 17.073861088699378, 52.49598024806545 ], [ 17.074024796827214, 52.495946846884301 ], [ 17.074290462851835, 52.495947574458093 ], [ 17.074502031527096, 52.495965499215217 ], [ 17.074830642521945, 52.496077069446578 ], [ 17.07498251293288, 52.496115607826255 ], [ 17.075104045644938, 52.496103104889308 ], [ 17.075221489924097, 52.496049251890661 ], [ 17.075295005236448, 52.495985599859679 ], [ 17.075406250279421, 52.495928587780668 ], [ 17.076086384207496, 52.49583298048325 ], [ 17.076575105581941, 52.495770773480039 ], [ 17.077076917768888, 52.495705719242451 ], [ 17.07708503911579, 52.495789767197834 ], [ 17.077327534138107, 52.495865572659298 ], [ 17.077497943865389, 52.495884531944327 ], [ 17.077670249319109, 52.495856661986714 ], [ 17.077782430728728, 52.495788240271324 ], [ 17.07793826543011, 52.495668361391836 ], [ 17.077955856127303, 52.495535353113986 ], [ 17.077900219304791, 52.495388563077299 ], [ 17.077864629748198, 52.495217994300738 ], [ 17.077920735303707, 52.495225651631387 ], [ 17.078038400125919, 52.495230801431703 ], [ 17.078219891444853, 52.495201730811409 ], [ 17.078464063723285, 52.495157938293922 ], [ 17.078518964335863, 52.495149296257686 ], [ 17.078431501881379, 52.495059822223567 ], [ 17.078417449753818, 52.495037378264392 ], [ 17.078407554425102, 52.495017610149873 ], [ 17.078410301906516, 52.495001914925091 ], [ 17.078417239764523, 52.494991504411125 ], [ 17.078441655238599, 52.494972293670536 ], [ 17.078450164708574, 52.49492584192555 ], [ 17.078101404549493, 52.494972162428667 ], [ 17.077915450076681, 52.495039385711088 ], [ 17.07781996071347, 52.495063017825274 ], [ 17.077685670225399, 52.495030255236131 ], [ 17.077498210705873, 52.495000226047303 ], [ 17.077314768957898, 52.495009836371075 ], [ 17.077168545545558, 52.494980386969814 ], [ 17.077551379163058, 52.494862399515448 ], [ 17.077668667849451, 52.49486601456276 ], [ 17.077955737079996, 52.494791440505693 ], [ 17.078455173140387, 52.494574429769102 ], [ 17.078794131076496, 52.494428383193664 ], [ 17.07878995410751, 52.494419411089474 ], [ 17.078735672254339, 52.494248269142247 ], [ 17.07864837402597, 52.494158438146613 ], [ 17.0786107266469, 52.494119511316541 ], [ 17.078466078763331, 52.493915421620919 ], [ 17.078438270598067, 52.4937421012459 ], [ 17.078541841443528, 52.493533049454861 ], [ 17.078726853120862, 52.493348705344232 ], [ 17.079186181339214, 52.493033812779267 ], [ 17.079229850804488, 52.493005560564029 ], [ 17.079419986284048, 52.492882729016308 ], [ 17.079443033668309, 52.492827249210507 ], [ 17.079416002862068, 52.492500770346957 ], [ 17.079397610797766, 52.492246565264949 ] ] ] ] } },
{ "type": "Feature", "properties": { "gml_id": "OT_ADJA_A.20", "lokalnyId": "322BD60C-5C60-598B-E053-CC2BA8C05138", "przestrzen": "PL.PZGiK.308.BDOT10k", "wersjaId": "2022-01-20T00:00:00", "czyObiektB": 0, "x_kod": "ADJA05", "x_skrKarto": null, "x_katDoklG": "Dok", "x_doklGeom": 1, "x_doklGe_1": "m", "x_zrodloDa": "PRG", "x_zrodlo_1": "PRG", "x_katIstni": null, "x_rodzajRe": "ZP", "x_aktualno": "2022-01-20", "x_aktual_1": "2022-01-20", "poczatekWe": "2022-01-20T00:00:00", "x_dataUtwo": "2012-11-13", "x_kodKarto": "0010_505", "x_kodKar_1": "0025_505", "x_kodKar_2": "0050_505", "x_kodKar_3": "0100_505", "x_kodKar_4": null, "x_kodKar_5": null, "x_kodKar_6": null, "nazwa": "Czerwonak", "idPRG": 1030210420, "idTerytJed": 3021, "idTerytTer": 3021042, "rodzaj": "GW", "PRG|BT_Ref": 1030210420, "PRG|BT_R_1": "PL.PZGiK.200", "x_informDo": null }, "geometry": { "type": "MultiPolygon", "coordinates": [ [ [ [ 17.072948603389335, 52.493550800077216 ], [ 17.072857517249414, 52.493510820885398 ], [ 17.072606380385288, 52.493400597321717 ], [ 17.072508915491497, 52.493449196874003 ], [ 17.07243733624043, 52.493515756893842 ], [ 17.072435150424713, 52.493565729106741 ], [ 17.072456809701396, 52.493612941915707 ], [ 17.072513354426661, 52.493650919492566 ], [ 17.072599399236552, 52.493678134962011 ], [ 17.072840676428072, 52.493724069146211 ], [ 17.073080075973269, 52.493748925787934 ], [ 17.073185873704986, 52.493749030255017 ], [ 17.07323428102017, 52.493730481211458 ], [ 17.073248372803743, 52.493708135276222 ], [ 17.073227646776385, 52.493673259892759 ], [ 17.072948603389335, 52.493550800077216 ] ] ] ] } },
{ "type": "Feature", "properties": { "gml_id": "OT_ADJA_A.20", "lokalnyId": "322BD60C-5C60-598B-E053-CC2BA8C05138", "przestrzen": "PL.PZGiK.308.BDOT10k", "wersjaId": "2022-01-20T00:00:00", "czyObiektB": 0, "x_kod": "ADJA05", "x_skrKarto": null, "x_katDoklG": "Dok", "x_doklGeom": 1, "x_doklGe_1": "m", "x_zrodloDa": "PRG", "x_zrodlo_1": "PRG", "x_katIstni": null, "x_rodzajRe": "ZP", "x_aktualno": "2022-01-20", "x_aktual_1": "2022-01-20", "poczatekWe": "2022-01-20T00:00:00", "x_dataUtwo": "2012-11-13", "x_kodKarto": "0010_505", "x_kodKar_1": "0025_505", "x_kodKar_2": "0050_505", "x_kodKar_3": "0100_505", "x_kodKar_4": null, "x_kodKar_5": null, "x_kodKar_6": null, "nazwa": "Czerwonak", "idPRG": 1030210420, "idTerytJed": 3021, "idTerytTer": 3021042, "rodzaj": "GW", "PRG|BT_Ref": 1030210420, "PRG|BT_R_1": "PL.PZGiK.200", "x_informDo": null }, "geometry": { "type": "MultiPolygon", "coordinates": [ [ [ [ 17.082280778215381, 52.488265738985163 ], [ 17.082416252803988, 52.488318302957282 ], [ 17.082459293542275, 52.488412720376353 ], [ 17.082425071535251, 52.488474585375634 ], [ 17.082829005990348, 52.48865571083342 ], [ 17.083052231079268, 52.488892728439048 ], [ 17.083046035250099, 52.489035186194343 ], [ 17.083086434233252, 52.489163288819505 ], [ 17.083173388014075, 52.489281352835441 ], [ 17.083287561569282, 52.489339326867942 ], [ 17.083475617940245, 52.489409380920613 ], [ 17.083657486599545, 52.489448934007811 ], [ 17.083793019770038, 52.489493492464952 ], [ 17.083793161698768, 52.489493405047426 ], [ 17.083767439278823, 52.489058388130907 ], [ 17.081882971780153, 52.487419139480139 ], [ 17.081752151708951, 52.487334181254852 ], [ 17.081275627938929, 52.487027124745524 ], [ 17.081171439858856, 52.486959956705704 ], [ 17.080699932389855, 52.48665630704226 ], [ 17.080431789706779, 52.486483512325393 ], [ 17.080703631199707, 52.486659335152495 ], [ 17.080909696117271, 52.486792555181587 ], [ 17.080272454682955, 52.487046823905452 ], [ 17.079869907421703, 52.486716048307677 ], [ 17.080357062023026, 52.486435287082806 ], [ 17.079993015003197, 52.486199980044901 ], [ 17.079606395079033, 52.485950230040615 ], [ 17.079534050529944, 52.485903005033201 ], [ 17.079534023082601, 52.485902988013606 ], [ 17.078781913141253, 52.486265039613087 ], [ 17.079114671242127, 52.486648560989444 ], [ 17.079056531278145, 52.48666416612005 ], [ 17.078921235301774, 52.486736171002576 ], [ 17.078784814582189, 52.486833970860047 ], [ 17.078647970141382, 52.486941477431849 ], [ 17.078601588028043, 52.486974632172931 ], [ 17.078555205844754, 52.487007786894985 ], [ 17.078339708435273, 52.487097825786684 ], [ 17.078180913533629, 52.487164681115758 ], [ 17.078081961119285, 52.487190415698599 ], [ 17.077616787683567, 52.486826415410988 ], [ 17.07715175312665, 52.487050457403356 ], [ 17.075706851631626, 52.487752252798828 ], [ 17.077170525833257, 52.488869482921004 ], [ 17.07759563005563, 52.489193169024183 ], [ 17.077733528026872, 52.489298214021659 ], [ 17.078335658688207, 52.489786130361679 ], [ 17.078578595410402, 52.489982912845832 ], [ 17.078955437106494, 52.489825519035236 ], [ 17.079021906807814, 52.489747359566088 ], [ 17.079078228338428, 52.489628201536306 ], [ 17.078980917199573, 52.489507987506563 ], [ 17.079003499939979, 52.489334676053879 ], [ 17.07874936133258, 52.489386762994336 ], [ 17.078646310060225, 52.489337777109 ], [ 17.078468016465724, 52.48923687740573 ], [ 17.078213156473961, 52.489114456869842 ], [ 17.077763935438, 52.489005774439754 ], [ 17.077197789622439, 52.488658629612765 ], [ 17.077315650559793, 52.488494953536275 ], [ 17.077600881270712, 52.48842862169063 ], [ 17.077855716707298, 52.488297586085771 ], [ 17.078026686039223, 52.48818546377511 ], [ 17.078205984156039, 52.488009267410192 ], [ 17.078572327389967, 52.487841918650787 ], [ 17.07907004998064, 52.487476383333039 ], [ 17.0793869644639, 52.487332287694556 ], [ 17.079788502956607, 52.487264459739166 ], [ 17.080111121954651, 52.487229143726061 ], [ 17.080391340014849, 52.487277624387971 ], [ 17.080547394913914, 52.487327318354339 ], [ 17.080762593752723, 52.487453851233482 ], [ 17.080862791847107, 52.487565296346972 ], [ 17.081295534366081, 52.487866157811226 ], [ 17.080720065712601, 52.488142927196613 ], [ 17.080240759484159, 52.488373315476821 ], [ 17.080200276432532, 52.488392805441919 ], [ 17.079898762850089, 52.488498989745757 ], [ 17.079999633041382, 52.488615303356177 ], [ 17.080228181916347, 52.488695913556249 ], [ 17.080357689210516, 52.48870278239287 ], [ 17.080444989611312, 52.488596178734909 ], [ 17.080629974887344, 52.488503122504881 ], [ 17.080854376769711, 52.488408277105741 ], [ 17.08091404410041, 52.488394854475658 ], [ 17.081127507190331, 52.488371874703553 ], [ 17.081323439686273, 52.48838944388951 ], [ 17.081511108690847, 52.488414074085441 ], [ 17.081649606628172, 52.488397162741329 ], [ 17.081771300834951, 52.488312702039465 ], [ 17.08196147684086, 52.488279719301538 ], [ 17.082280778215381, 52.488265738985163 ] ] ] ] } },
{ "type": "Feature", "properties": { "gml_id": "OT_ADJA_A.20", "lokalnyId": "322BD60C-5C60-598B-E053-CC2BA8C05138", "przestrzen": "PL.PZGiK.308.BDOT10k", "wersjaId": "2022-01-20T00:00:00", "czyObiektB": 0, "x_kod": "ADJA05", "x_skrKarto": null, "x_katDoklG": "Dok", "x_doklGeom": 1, "x_doklGe_1": "m", "x_zrodloDa": "PRG", "x_zrodlo_1": "PRG", "x_katIstni": null, "x_rodzajRe": "ZP", "x_aktualno": "2022-01-20", "x_aktual_1": "2022-01-20", "poczatekWe": "2022-01-20T00:00:00", "x_dataUtwo": "2012-11-13", "x_kodKarto": "0010_505", "x_kodKar_1": "0025_505", "x_kodKar_2": "0050_505", "x_kodKar_3": "0100_505", "x_kodKar_4": null, "x_kodKar_5": null, "x_kodKar_6": null, "nazwa": "Czerwonak", "idPRG": 1030210420, "idTerytJed": 3021, "idTerytTer": 3021042, "rodzaj": "GW", "PRG|BT_Ref": 1030210420, "PRG|BT_R_1": "PL.PZGiK.200", "x_informDo": null }, "geometry": { "type": "MultiPolygon", "coordinates": [ [ [ [ 17.091619514547837, 52.489807463656334 ], [ 17.091546305565796, 52.489354414176908 ], [ 17.091527451226696, 52.489252205744705 ], [ 17.09151518634317, 52.489198582336741 ], [ 17.091469409755739, 52.489000151324319 ], [ 17.09118766146776, 52.48900091144035 ], [ 17.090979832688078, 52.489029936463879 ], [ 17.090597626199258, 52.489135475119888 ], [ 17.090247673469822, 52.489176685160487 ], [ 17.089942382271719, 52.489139286571046 ], [ 17.089588842596601, 52.489018550847071 ], [ 17.089390238687528, 52.489052209521773 ], [ 17.088966082408273, 52.48916686898388 ], [ 17.088449164398892, 52.48930719033811 ], [ 17.088226220275775, 52.489375273147445 ], [ 17.088281781318333, 52.489524663136528 ], [ 17.088592358367386, 52.489654252007263 ], [ 17.088775082895616, 52.489657204630134 ], [ 17.089139473553299, 52.489554981680342 ], [ 17.089412268867097, 52.489529707533663 ], [ 17.089988595252365, 52.48957229389837 ], [ 17.09058632720836, 52.489668378686666 ], [ 17.090871622510974, 52.489755910275044 ], [ 17.090938392395234, 52.489850617509397 ], [ 17.091014928811354, 52.489917150614744 ], [ 17.091205557466612, 52.489948558748942 ], [ 17.091365192005256, 52.489940341710188 ], [ 17.091632957061915, 52.489905357477795 ], [ 17.091619514547837, 52.489807463656334 ] ] ] ] } },
{ "type": "Feature", "properties": { "gml_id": "OT_ADJA_A.20", "lokalnyId": "322BD60C-5C60-598B-E053-CC2BA8C05138", "przestrzen": "PL.PZGiK.308.BDOT10k", "wersjaId": "2022-01-20T00:00:00", "czyObiektB": 0, "x_kod": "ADJA05", "x_skrKarto": null, "x_katDoklG": "Dok", "x_doklGeom": 1, "x_doklGe_1": "m", "x_zrodloDa": "PRG", "x_zrodlo_1": "PRG", "x_katIstni": null, "x_rodzajRe": "ZP", "x_aktualno": "2022-01-20", "x_aktual_1": "2022-01-20", "poczatekWe": "2022-01-20T00:00:00", "x_dataUtwo": "2012-11-13", "x_kodKarto": "0010_505", "x_kodKar_1": "0025_505", "x_kodKar_2": "0050_505", "x_kodKar_3": "0100_505", "x_kodKar_4": null, "x_kodKar_5": null, "x_kodKar_6": null, "nazwa": "Czerwonak", "idPRG": 1030210420, "idTerytJed": 3021, "idTerytTer": 3021042, "rodzaj": "GW", "PRG|BT_Ref": 1030210420, "PRG|BT_R_1": "PL.PZGiK.200", "x_informDo": null }, "geometry": { "type": "MultiPolygon", "coordinates": [ [ [ [ 17.094403692757751, 52.490162380535587 ], [ 17.094101971382546, 52.489977455617364 ], [ 17.093770248930749, 52.489774237921672 ], [ 17.093463592306541, 52.489591120572676 ], [ 17.092534296749875, 52.489036306658527 ], [ 17.092222764928184, 52.488850319183094 ], [ 17.092110023506613, 52.488915597404606 ], [ 17.092354526279532, 52.489172817471534 ], [ 17.092438819934483, 52.489267806471553 ], [ 17.092598492430461, 52.489738709036537 ], [ 17.092655269162925, 52.489856728971169 ], [ 17.092754546655172, 52.490010691412202 ], [ 17.093190250933464, 52.489904928912793 ], [ 17.093352928376468, 52.489911508720667 ], [ 17.093474163660126, 52.489901950325965 ], [ 17.093574651551066, 52.489878116418183 ], [ 17.093758235519125, 52.490007713384323 ], [ 17.093991533880008, 52.490139370345254 ], [ 17.094032493171394, 52.490176906529918 ], [ 17.093975361867358, 52.490387259443978 ], [ 17.094026962160076, 52.49047857246488 ], [ 17.094114988776024, 52.490490783879814 ], [ 17.094258125487912, 52.490455224589994 ], [ 17.09434486459033, 52.490292747938518 ], [ 17.094403692757751, 52.490162380535587 ] ] ] ] } },
{ "type": "Feature", "properties": { "gml_id": "OT_ADJA_A.20", "lokalnyId": "322BD60C-5C60-598B-E053-CC2BA8C05138", "przestrzen": "PL.PZGiK.308.BDOT10k", "wersjaId": "2022-01-20T00:00:00", "czyObiektB": 0, "x_kod": "ADJA05", "x_skrKarto": null, "x_katDoklG": "Dok", "x_doklGeom": 1, "x_doklGe_1": "m", "x_zrodloDa": "PRG", "x_zrodlo_1": "PRG", "x_katIstni": null, "x_rodzajRe": "ZP", "x_aktualno": "2022-01-20", "x_aktual_1": "2022-01-20", "poczatekWe": "2022-01-20T00:00:00", "x_dataUtwo": "2012-11-13", "x_kodKarto": "0010_505", "x_kodKar_1": "0025_505", "x_kodKar_2": "0050_505", "x_kodKar_3": "0100_505", "x_kodKar_4": null, "x_kodKar_5": null, "x_kodKar_6": null, "nazwa": "Czerwonak", "idPRG": 1030210420, "idTerytJed": 3021, "idTerytTer": 3021042, "rodzaj": "GW", "PRG|BT_Ref": 1030210420, "PRG|BT_R_1": "PL.PZGiK.200", "x_informDo": null }, "geometry": { "type": "MultiPolygon", "coordinates": [ [ [ [ 17.087284670549032, 52.490221693391 ], [ 17.087285771406524, 52.490247254717076 ], [ 17.087212120208321, 52.490297690410408 ], [ 17.08712655019028, 52.490320590944179 ], [ 17.087059747122979, 52.49033884811729 ], [ 17.086979622004012, 52.490358508749537 ], [ 17.086843775897876, 52.490382124958842 ], [ 17.086707297560348, 52.490420301389186 ], [ 17.086579535738665, 52.490502060649959 ], [ 17.086594998906918, 52.490570127052379 ], [ 17.086607025510428, 52.490598563384552 ], [ 17.086627207981135, 52.490629200311702 ], [ 17.086784442978807, 52.490622029925355 ], [ 17.087006742532523, 52.490633270435161 ], [ 17.087181651472413, 52.490636458860898 ], [ 17.087241723697858, 52.49062052120685 ], [ 17.087337804083479, 52.490565951079901 ], [ 17.087447326150325, 52.490483446377709 ], [ 17.087505918545979, 52.490382759316134 ], [ 17.087723592830059, 52.490008162538324 ], [ 17.087835519378377, 52.489754716641855 ], [ 17.087932213233696, 52.489543297133501 ], [ 17.087985608576222, 52.489446432982916 ], [ 17.087032404125768, 52.489721101156711 ], [ 17.087284670549032, 52.490221693391 ] ] ] ] } },
{ "type": "Feature", "properties": { "gml_id": "OT_ADJA_A.20", "lokalnyId": "322BD60C-5C60-598B-E053-CC2BA8C05138", "przestrzen": "PL.PZGiK.308.BDOT10k", "wersjaId": "2022-01-20T00:00:00", "czyObiektB": 0, "x_kod": "ADJA05", "x_skrKarto": null, "x_katDoklG": "Dok", "x_doklGeom": 1, "x_doklGe_1": "m", "x_zrodloDa": "PRG", "x_zrodlo_1": "PRG", "x_katIstni": null, "x_rodzajRe": "ZP", "x_aktualno": "2022-01-20", "x_aktual_1": "2022-01-20", "poczatekWe": "2022-01-20T00:00:00", "x_dataUtwo": "2012-11-13", "x_kodKarto": "0010_505", "x_kodKar_1": "0025_505", "x_kodKar_2": "0050_505", "x_kodKar_3": "0100_505", "x_kodKar_4": null, "x_kodKar_5": null, "x_kodKar_6": null, "nazwa": "Czerwonak", "idPRG": 1030210420, "idTerytJed": 3021, "idTerytTer": 3021042, "rodzaj": "GW", "PRG|BT_Ref": 1030210420, "PRG|BT_R_1": "PL.PZGiK.200", "x_informDo": null }, "geometry": { "type": "MultiPolygon", "coordinates": [ [ [ [ 17.085448522863306, 52.490725613410731 ], [ 17.085951147858296, 52.490687697568134 ], [ 17.086146710322037, 52.490676741072619 ], [ 17.086015807128526, 52.490430430430628 ], [ 17.085336147662925, 52.490565046797741 ], [ 17.085337893175343, 52.490606268492733 ], [ 17.085369467529443, 52.490669738989531 ], [ 17.085448522863306, 52.490725613410731 ] ] ] ] } },
{ "type": "Feature", "properties": { "gml_id": "OT_ADJA_A.20", "lokalnyId": "322BD60C-5C60-598B-E053-CC2BA8C05138", "przestrzen": "PL.PZGiK.308.BDOT10k", "wersjaId": "2022-01-20T00:00:00", "czyObiektB": 0, "x_kod": "ADJA05", "x_skrKarto": null, "x_katDoklG": "Dok", "x_doklGeom": 1, "x_doklGe_1": "m", "x_zrodloDa": "PRG", "x_zrodlo_1": "PRG", "x_katIstni": null, "x_rodzajRe": "ZP", "x_aktualno": "2022-01-20", "x_aktual_1": "2022-01-20", "poczatekWe": "2022-01-20T00:00:00", "x_dataUtwo": "2012-11-13", "x_kodKarto": "0010_505", "x_kodKar_1": "0025_505", "x_kodKar_2": "0050_505", "x_kodKar_3": "0100_505", "x_kodKar_4": null, "x_kodKar_5": null, "x_kodKar_6": null, "nazwa": "Czerwonak", "idPRG": 1030210420, "idTerytJed": 3021, "idTerytTer": 3021042, "rodzaj": "GW", "PRG|BT_Ref": 1030210420, "PRG|BT_R_1": "PL.PZGiK.200", "x_informDo": null }, "geometry": { "type": "MultiPolygon", "coordinates": [ [ [ [ 17.079398849759851, 52.495196864418929 ], [ 17.079555154816191, 52.495218200058424 ], [ 17.079736213401013, 52.495242995363398 ], [ 17.080043579372152, 52.495263994335723 ], [ 17.080140322590953, 52.495448326721082 ], [ 17.080201700696488, 52.495598806512149 ], [ 17.080263744966128, 52.495656207097475 ], [ 17.080345348818522, 52.495694227773193 ], [ 17.080538886338307, 52.495784432297974 ], [ 17.08060710636618, 52.495767730757528 ], [ 17.080551244085026, 52.495663121176513 ], [ 17.080524271424501, 52.495612495855198 ], [ 17.080361336979866, 52.495306927114434 ], [ 17.080233119225348, 52.495121184677046 ], [ 17.080185228655001, 52.49503658146471 ], [ 17.080073855696437, 52.494941144190584 ], [ 17.079810379139488, 52.494893695260537 ], [ 17.079234679710826, 52.494967185058108 ], [ 17.07887289414435, 52.495008079687921 ], [ 17.078847761757178, 52.495043738265537 ], [ 17.078867202195543, 52.495071036612181 ], [ 17.078913135538276, 52.495102452845259 ], [ 17.079398849759851, 52.495196864418929 ] ] ] ] } },
{ "type": "Feature", "properties": { "gml_id": "OT_ADJA_A.20", "lokalnyId": "322BD60C-5C60-598B-E053-CC2BA8C05138", "przestrzen": "PL.PZGiK.308.BDOT10k", "wersjaId": "2022-01-20T00:00:00", "czyObiektB": 0, "x_kod": "ADJA05", "x_skrKarto": null, "x_katDoklG": "Dok", "x_doklGeom": 1, "x_doklGe_1": "m", "x_zrodloDa": "PRG", "x_zrodlo_1": "PRG", "x_katIstni": null, "x_rodzajRe": "ZP", "x_aktualno": "2022-01-20", "x_aktual_1": "2022-01-20", "poczatekWe": "2022-01-20T00:00:00", "x_dataUtwo": "2012-11-13", "x_kodKarto": "0010_505", "x_kodKar_1": "0025_505", "x_kodKar_2": "0050_505", "x_kodKar_3": "0100_505", "x_kodKar_4": null, "x_kodKar_5": null, "x_kodKar_6": null, "nazwa": "Czerwonak", "idPRG": 1030210420, "idTerytJed": 3021, "idTerytTer": 3021042, "rodzaj": "GW", "PRG|BT_Ref": 1030210420, "PRG|BT_R_1": "PL.PZGiK.200", "x_informDo": null }, "geometry": { "type": "MultiPolygon", "coordinates": [ [ [ [ 17.080527754181521, 52.498171222071051 ], [ 17.080508144522842, 52.498022589558659 ], [ 17.080383369822222, 52.497754246608437 ], [ 17.080225722294163, 52.497415125318668 ], [ 17.080190976426536, 52.497421127179386 ], [ 17.080124247452638, 52.497433985188174 ], [ 17.079710505345677, 52.497513523758577 ], [ 17.079741644753046, 52.497739064116864 ], [ 17.079806616241246, 52.497824034673556 ], [ 17.07986267918665, 52.497873333502682 ], [ 17.079866014550344, 52.497918538519187 ], [ 17.079842136873623, 52.497979491362322 ], [ 17.079850773831421, 52.498024782436076 ], [ 17.079988556306855, 52.498139986012362 ], [ 17.080065679105154, 52.498189626562201 ], [ 17.080148945710153, 52.49822002924811 ], [ 17.080275038259536, 52.498238265189322 ], [ 17.080386360042432, 52.498233595922763 ], [ 17.08047201547646, 52.498209172541657 ], [ 17.080527754181521, 52.498171222071051 ] ] ] ] } },
{ "type": "Feature", "properties": { "gml_id": "OT_ADJA_A.20", "lokalnyId": "322BD60C-5C60-598B-E053-CC2BA8C05138", "przestrzen": "PL.PZGiK.308.BDOT10k", "wersjaId": "2022-01-20T00:00:00", "czyObiektB": 0, "x_kod": "ADJA05", "x_skrKarto": null, "x_katDoklG": "Dok", "x_doklGeom": 1, "x_doklGe_1": "m", "x_zrodloDa": "PRG", "x_zrodlo_1": "PRG", "x_katIstni": null, "x_rodzajRe": "ZP", "x_aktualno": "2022-01-20", "x_aktual_1": "2022-01-20", "poczatekWe": "2022-01-20T00:00:00", "x_dataUtwo": "2012-11-13", "x_kodKarto": "0010_505", "x_kodKar_1": "0025_505", "x_kodKar_2": "0050_505", "x_kodKar_3": "0100_505", "x_kodKar_4": null, "x_kodKar_5": null, "x_kodKar_6": null, "nazwa": "Czerwonak", "idPRG": 1030210420, "idTerytJed": 3021, "idTerytTer": 3021042, "rodzaj": "GW", "PRG|BT_Ref": 1030210420, "PRG|BT_R_1": "PL.PZGiK.200", "x_informDo": null }, "geometry": { "type": "MultiPolygon", "coordinates": [ [ [ [ 17.084710764869154, 52.501537283063804 ], [ 17.084809501699578, 52.501700237346476 ], [ 17.084951763992237, 52.501831607033026 ], [ 17.085148169320949, 52.501938039647534 ], [ 17.085590393322899, 52.50198387205505 ], [ 17.08600976722964, 52.501822916562105 ], [ 17.086106074552564, 52.501553390010351 ], [ 17.086035827516366, 52.501223066290081 ], [ 17.085916352257659, 52.500808030216952 ], [ 17.085874834360123, 52.500549225273659 ], [ 17.085917147121926, 52.500304638454409 ], [ 17.085876325789123, 52.50002641731502 ], [ 17.085759049890143, 52.499950947156357 ], [ 17.086480673639752, 52.499810350718576 ], [ 17.085542622517082, 52.498138173628803 ], [ 17.084913216985949, 52.498236095735578 ], [ 17.084707294196019, 52.498264241446762 ], [ 17.084481651623388, 52.498295125503212 ], [ 17.084366756743332, 52.498310803616533 ], [ 17.084076525599013, 52.498349365299667 ], [ 17.084625441090612, 52.499272514033592 ], [ 17.084448714560011, 52.499293397054217 ], [ 17.084307386620676, 52.499381410085931 ], [ 17.084238729091609, 52.499502978954595 ], [ 17.084296729580227, 52.499626509068428 ], [ 17.084372287765156, 52.499834329208674 ], [ 17.084416186620047, 52.500041546679824 ], [ 17.084314876799294, 52.500181924337191 ], [ 17.084244818850081, 52.500335669721423 ], [ 17.08431813858569, 52.500594990317907 ], [ 17.084483794160686, 52.500920384325561 ], [ 17.084549872806601, 52.501102237473148 ], [ 17.084614981688457, 52.501309798249082 ], [ 17.084710764869154, 52.501537283063804 ] ] ] ] } },
{ "type": "Feature", "properties": { "gml_id": "OT_ADJA_A.20", "lokalnyId": "322BD60C-5C60-598B-E053-CC2BA8C05138", "przestrzen": "PL.PZGiK.308.BDOT10k", "wersjaId": "2022-01-20T00:00:00", "czyObiektB": 0, "x_kod": "ADJA05", "x_skrKarto": null, "x_katDoklG": "Dok", "x_doklGeom": 1, "x_doklGe_1": "m", "x_zrodloDa": "PRG", "x_zrodlo_1": "PRG", "x_katIstni": null, "x_rodzajRe": "ZP", "x_aktualno": "2022-01-20", "x_aktual_1": "2022-01-20", "poczatekWe": "2022-01-20T00:00:00", "x_dataUtwo": "2012-11-13", "x_kodKarto": "0010_505", "x_kodKar_1": "0025_505", "x_kodKar_2": "0050_505", "x_kodKar_3": "0100_505", "x_kodKar_4": null, "x_kodKar_5": null, "x_kodKar_6": null, "nazwa": "Czerwonak", "idPRG": 1030210420, "idTerytJed": 3021, "idTerytTer": 3021042, "rodzaj": "GW", "PRG|BT_Ref": 1030210420, "PRG|BT_R_1": "PL.PZGiK.200", "x_informDo": null }, "geometry": { "type": "MultiPolygon", "coordinates": [ [ [ [ 17.098789256451266, 52.503981086813226 ], [ 17.098719053797225, 52.503988952716242 ], [ 17.098691974757674, 52.504022155680225 ], [ 17.098692949249223, 52.504084950610988 ], [ 17.098655351177928, 52.504102334658064 ], [ 17.098556128786221, 52.504102988424279 ], [ 17.098474157465347, 52.50413081195228 ], [ 17.098439865454733, 52.504242328035545 ], [ 17.098481298160515, 52.504388789428887 ], [ 17.098592736251227, 52.504446614246412 ], [ 17.098810758564383, 52.504503993313499 ], [ 17.098905051784186, 52.504617575934653 ], [ 17.098857619067136, 52.504774031653177 ], [ 17.098948216006477, 52.504860572340249 ], [ 17.099086520871346, 52.504927732635835 ], [ 17.099246168465179, 52.504975088761434 ], [ 17.099443453827828, 52.505000743822251 ], [ 17.099631293873944, 52.504992518716385 ], [ 17.09994475852843, 52.504966164148115 ], [ 17.100381955599097, 52.50488351349491 ], [ 17.100768812034985, 52.504775319118565 ], [ 17.100986526260364, 52.504668995473835 ], [ 17.101011555418896, 52.504512359205748 ], [ 17.101011529377299, 52.504342009379464 ], [ 17.100891897370499, 52.50422118613232 ], [ 17.100596391190365, 52.504084137770207 ], [ 17.09991969279762, 52.503927565393731 ], [ 17.099477452640983, 52.503871083503618 ], [ 17.099409241701032, 52.503921614148695 ], [ 17.099263804979611, 52.503968565496749 ], [ 17.099009115204328, 52.503995862707605 ], [ 17.098789256451266, 52.503981086813226 ] ], [ [ 17.099850785821193, 52.504247100524168 ], [ 17.099761082752469, 52.504238914041323 ], [ 17.099694632422409, 52.504204208465502 ], [ 17.099667349678235, 52.504156730732902 ], [ 17.099661532264509, 52.504120750572341 ], [ 17.099695878156165, 52.504089912663417 ], [ 17.099786790544449, 52.504070056834244 ], [ 17.099962293170236, 52.504047062510665 ], [ 17.100191672231116, 52.504052994946598 ], [ 17.100387190476948, 52.504078530139708 ], [ 17.100400663616554, 52.504107887571713 ], [ 17.10036622130221, 52.504140972674314 ], [ 17.100291080591752, 52.504177901301439 ], [ 17.100250362824866, 52.504226625380525 ], [ 17.100239540886669, 52.504265666139993 ], [ 17.100194051601981, 52.504298573790756 ], [ 17.100136034902402, 52.504321206776069 ], [ 17.100048199872155, 52.50431412981218 ], [ 17.099970555167786, 52.504282662388022 ], [ 17.099915007901515, 52.50424804211157 ], [ 17.099850785821193, 52.504247100524168 ] ] ] ] } },
{ "type": "Feature", "properties": { "gml_id": null, "lokalnyId": null, "przestrzen": null, "wersjaId": null, "czyObiektB": null, "x_kod": null, "x_skrKarto": null, "x_katDoklG": null, "x_doklGeom": null, "x_doklGe_1": null, "x_zrodloDa": null, "x_zrodlo_1": null, "x_katIstni": null, "x_rodzajRe": null, "x_aktualno": null, "x_aktual_1": null, "poczatekWe": null, "x_dataUtwo": null, "x_kodKarto": null, "x_kodKar_1": null, "x_kodKar_2": null, "x_kodKar_3": null, "x_kodKar_4": null, "x_kodKar_5": null, "x_kodKar_6": null, "nazwa": null, "idPRG": null, "idTerytJed": null, "idTerytTer": null, "rodzaj": null, "PRG|BT_Ref": null, "PRG|BT_R_1": null, "x_informDo": null }, "geometry": { "type": "MultiPolygon", "coordinates": [ [ [ [ 16.998296415306203, 52.499889907121712 ], [ 16.998327229321301, 52.499873429308771 ], [ 16.998332913664225, 52.499852119042231 ], [ 16.998323159062018, 52.499823531960693 ], [ 16.997954960015097, 52.499513203183852 ], [ 16.997946888838037, 52.499454063905198 ], [ 16.997953916972779, 52.499348049996485 ], [ 16.99793793678937, 52.499320256941431 ], [ 16.997900764044566, 52.499308025121529 ], [ 16.997733290123531, 52.499335141485545 ], [ 16.997664636250764, 52.499331371020801 ], [ 16.99746937863241, 52.499233715324401 ], [ 16.997252406354033, 52.499095037361798 ], [ 16.997039203330221, 52.498964247864173 ], [ 16.996882909242373, 52.498813554883348 ], [ 16.996834860407741, 52.498803926781527 ], [ 16.996834860407741, 52.498803926781527 ], [ 16.996783726104457, 52.498855677562744 ], [ 16.996807648737555, 52.498955110069637 ], [ 16.996838097731395, 52.499089281192134 ], [ 16.996840161782583, 52.49913788543126 ], [ 16.996781617480284, 52.499245635234537 ], [ 16.996783804063988, 52.499291543255367 ], [ 16.996890726868823, 52.499396878462612 ], [ 16.996966103964986, 52.499444025861806 ], [ 16.997054247775047, 52.499482664903645 ], [ 16.997166792188668, 52.499512992541099 ], [ 16.997468590974684, 52.499523408743642 ], [ 16.997587372528759, 52.499530006643838 ], [ 16.997671867031524, 52.499551674140527 ], [ 16.997792495065035, 52.499637632905227 ], [ 16.998253740577265, 52.499885227475829 ], [ 16.998296415306203, 52.499889907121712 ] ] ] ] } },
{ "type": "Feature", "properties": { "gml_id": null, "lokalnyId": null, "przestrzen": null, "wersjaId": null, "czyObiektB": null, "x_kod": null, "x_skrKarto": null, "x_katDoklG": null, "x_doklGeom": null, "x_doklGe_1": null, "x_zrodloDa": null, "x_zrodlo_1": null, "x_katIstni": null, "x_rodzajRe": null, "x_aktualno": null, "x_aktual_1": null, "poczatekWe": null, "x_dataUtwo": null, "x_kodKarto": null, "x_kodKar_1": null, "x_kodKar_2": null, "x_kodKar_3": null, "x_kodKar_4": null, "x_kodKar_5": null, "x_kodKar_6": null, "nazwa": null, "idPRG": null, "idTerytJed": null, "idTerytTer": null, "rodzaj": null, "PRG|BT_Ref": null, "PRG|BT_R_1": null, "x_informDo": null }, "geometry": { "type": "MultiPolygon", "coordinates": [ [ [ [ 17.039001269030969, 52.458435843118941 ], [ 17.039529109011372, 52.458144545604533 ], [ 17.039824403492258, 52.457973692363026 ], [ 17.03998992112124, 52.45786049944892 ], [ 17.038673870787328, 52.456980260559519 ], [ 17.03864743734939, 52.456972086995215 ], [ 17.037624505793222, 52.457623032415768 ], [ 17.039001269030969, 52.458435843118941 ] ] ] ] } },
{ "type": "Feature", "properties": { "gml_id": null, "lokalnyId": null, "przestrzen": null, "wersjaId": null, "czyObiektB": null, "x_kod": null, "x_skrKarto": null, "x_katDoklG": null, "x_doklGeom": null, "x_doklGe_1": null, "x_zrodloDa": null, "x_zrodlo_1": null, "x_katIstni": null, "x_rodzajRe": null, "x_aktualno": null, "x_aktual_1": null, "poczatekWe": null, "x_dataUtwo": null, "x_kodKarto": null, "x_kodKar_1": null, "x_kodKar_2": null, "x_kodKar_3": null, "x_kodKar_4": null, "x_kodKar_5": null, "x_kodKar_6": null, "nazwa": null, "idPRG": null, "idTerytJed": null, "idTerytTer": null, "rodzaj": null, "PRG|BT_Ref": null, "PRG|BT_R_1": null, "x_informDo": null }, "geometry": { "type": "MultiPolygon", "coordinates": [ [ [ [ 17.022671222467036, 52.456949929947079 ], [ 17.023107944941028, 52.456985564403411 ], [ 17.023366777396141, 52.455730145308351 ], [ 17.022889327320794, 52.455847993604884 ], [ 17.022671222467036, 52.456949929947079 ] ] ] ] } },
{ "type": "Feature", "properties": { "gml_id": null, "lokalnyId": null, "przestrzen": null, "wersjaId": null, "czyObiektB": null, "x_kod": null, "x_skrKarto": null, "x_katDoklG": null, "x_doklGeom": null, "x_doklGe_1": null, "x_zrodloDa": null, "x_zrodlo_1": null, "x_katIstni": null, "x_rodzajRe": null, "x_aktualno": null, "x_aktual_1": null, "poczatekWe": null, "x_dataUtwo": null, "x_kodKarto": null, "x_kodKar_1": null, "x_kodKar_2": null, "x_kodKar_3": null, "x_kodKar_4": null, "x_kodKar_5": null, "x_kodKar_6": null, "nazwa": null, "idPRG": null, "idTerytJed": null, "idTerytTer": null, "rodzaj": null, "PRG|BT_Ref": null, "PRG|BT_R_1": null, "x_informDo": null }, "geometry": { "type": "MultiPolygon", "coordinates": [ [ [ [ 16.988860647573741, 52.489615015202979 ], [ 16.988975772588802, 52.489594576777819 ], [ 16.989065866152831, 52.489557612803566 ], [ 16.989122140476596, 52.489460981007689 ], [ 16.988829059499896, 52.489412825068889 ], [ 16.98881206264425, 52.489604475196117 ], [ 16.988860647573741, 52.489615015202979 ] ] ] ] } },
{ "type": "Feature", "properties": { "gml_id": null, "lokalnyId": null, "przestrzen": null, "wersjaId": null, "czyObiektB": null, "x_kod": null, "x_skrKarto": null, "x_katDoklG": null, "x_doklGeom": null, "x_doklGe_1": null, "x_zrodloDa": null, "x_zrodlo_1": null, "x_katIstni": null, "x_rodzajRe": null, "x_aktualno": null, "x_aktual_1": null, "poczatekWe": null, "x_dataUtwo": null, "x_kodKarto": null, "x_kodKar_1": null, "x_kodKar_2": null, "x_kodKar_3": null, "x_kodKar_4": null, "x_kodKar_5": null, "x_kodKar_6": null, "nazwa": null, "idPRG": null, "idTerytJed": null, "idTerytTer": null, "rodzaj": null, "PRG|BT_Ref": null, "PRG|BT_R_1": null, "x_informDo": null }, "geometry": { "type": "MultiPolygon", "coordinates": [ [ [ [ 16.983550324086359, 52.495131583499003 ], [ 16.983977678658871, 52.495131582658665 ], [ 16.984374645425682, 52.495154807496966 ], [ 16.984405140167478, 52.495093805887954 ], [ 16.984401502701804, 52.494992917405675 ], [ 16.983953452174262, 52.494910628623948 ], [ 16.983907811691186, 52.495035321699703 ], [ 16.983760290086799, 52.495029119493097 ], [ 16.983571919030247, 52.495023569883706 ], [ 16.983550324086359, 52.495131583499003 ] ] ] ] } },
{ "type": "Feature", "properties": { "gml_id": null, "lokalnyId": null, "przestrzen": null, "wersjaId": null, "czyObiektB": null, "x_kod": null, "x_skrKarto": null, "x_katDoklG": null, "x_doklGeom": null, "x_doklGe_1": null, "x_zrodloDa": null, "x_zrodlo_1": null, "x_katIstni": null, "x_rodzajRe": null, "x_aktualno": null, "x_aktual_1": null, "poczatekWe": null, "x_dataUtwo": null, "x_kodKarto": null, "x_kodKar_1": null, "x_kodKar_2": null, "x_kodKar_3": null, "x_kodKar_4": null, "x_kodKar_5": null, "x_kodKar_6": null, "nazwa": null, "idPRG": null, "idTerytJed": null, "idTerytTer": null, "rodzaj": null, "PRG|BT_Ref": null, "PRG|BT_R_1": null, "x_informDo": null }, "geometry": { "type": "MultiPolygon", "coordinates": [ [ [ [ 16.976310568181944, 52.496609115093612 ], [ 16.976287645539745, 52.496373430853872 ], [ 16.976382377096702, 52.496268108795711 ], [ 16.976442139141973, 52.495817165336867 ], [ 16.976502236129058, 52.495593154905762 ], [ 16.976499831663698, 52.495571707229132 ], [ 16.976493695105241, 52.495554512992868 ], [ 16.976465918467863, 52.495543244594501 ], [ 16.976430842739493, 52.495536888152706 ], [ 16.976196607287829, 52.495519209280602 ], [ 16.976055969140081, 52.495552420532803 ], [ 16.975932140661826, 52.495607865471932 ], [ 16.975915683127688, 52.495632498190965 ], [ 16.975916702882422, 52.495648795408464 ], [ 16.975947824968198, 52.495699516420657 ], [ 16.975991770246562, 52.495740563066178 ], [ 16.976146481119979, 52.495830905158627 ], [ 16.976163075813094, 52.49595728982392 ], [ 16.976150003033258, 52.496338156572833 ], [ 16.976201291898224, 52.496495265888022 ], [ 16.976263298606661, 52.496611544333959 ], [ 16.97630745540711, 52.496628759453507 ], [ 16.976310568181944, 52.496609115093612 ] ] ] ] } },
{ "type": "Feature", "properties": { "gml_id": null, "lokalnyId": null, "przestrzen": null, "wersjaId": null, "czyObiektB": null, "x_kod": null, "x_skrKarto": null, "x_katDoklG": null, "x_doklGeom": null, "x_doklGe_1": null, "x_zrodloDa": null, "x_zrodlo_1": null, "x_katIstni": null, "x_rodzajRe": null, "x_aktualno": null, "x_aktual_1": null, "poczatekWe": null, "x_dataUtwo": null, "x_kodKarto": null, "x_kodKar_1": null, "x_kodKar_2": null, "x_kodKar_3": null, "x_kodKar_4": null, "x_kodKar_5": null, "x_kodKar_6": null, "nazwa": null, "idPRG": null, "idTerytJed": null, "idTerytTer": null, "rodzaj": null, "PRG|BT_Ref": null, "PRG|BT_R_1": null, "x_informDo": null }, "geometry": { "type": "MultiPolygon", "coordinates": [ [ [ [ 16.972236179900822, 52.50771525910158 ], [ 16.972252118178695, 52.507615605231578 ], [ 16.972656661202279, 52.507630273984724 ], [ 16.97272341873775, 52.507601826672889 ], [ 16.972797137783601, 52.507585461085753 ], [ 16.972839741650219, 52.507585381669323 ], [ 16.972931555633942, 52.50756338981391 ], [ 16.972988183725295, 52.50752442529685 ], [ 16.97300270567365, 52.507455507692342 ], [ 16.973126832458426, 52.507269473026426 ], [ 16.97312385762152, 52.507212397971657 ], [ 16.973114003515622, 52.507067780108763 ], [ 16.973232532092506, 52.506897659329681 ], [ 16.973235456544021, 52.506866139316749 ], [ 16.973235900103596, 52.506696333860866 ], [ 16.973240876159554, 52.506344740581504 ], [ 16.972957385371, 52.50629751988172 ], [ 16.972918472243073, 52.506291096709411 ], [ 16.972889931651498, 52.506257868257535 ], [ 16.972767961731908, 52.506006365157951 ], [ 16.972697256722661, 52.505957303589412 ], [ 16.972610412020209, 52.505932250081941 ], [ 16.972515130874356, 52.505907951350366 ], [ 16.972329938105975, 52.505896412421578 ], [ 16.972189417841424, 52.505900659527995 ], [ 16.972004814206617, 52.505905140110556 ], [ 16.971919963163071, 52.505894421268934 ], [ 16.971941217067904, 52.50594182603902 ], [ 16.97190140896635, 52.506028478588902 ], [ 16.971863407655228, 52.506344787558206 ], [ 16.97184453632488, 52.506396091515896 ], [ 16.971812201713853, 52.506499691577012 ], [ 16.971788109124734, 52.506606760845202 ], [ 16.971761070683648, 52.506713779599792 ], [ 16.971720792120909, 52.506813825583258 ], [ 16.971716013197259, 52.506946410124769 ], [ 16.97169993846515, 52.50729547457145 ], [ 16.971680893457936, 52.507504176418465 ], [ 16.971665756968171, 52.507531979218712 ], [ 16.971676662665711, 52.507551234202218 ], [ 16.971711407049128, 52.507612991413424 ], [ 16.971746816398078, 52.507647507174582 ], [ 16.971814443503842, 52.507670612828669 ], [ 16.972236179900822, 52.50771525910158 ] ] ] ] } },
{ "type": "Feature", "properties": { "gml_id": null, "lokalnyId": null, "przestrzen": null, "wersjaId": null, "czyObiektB": null, "x_kod": null, "x_skrKarto": null, "x_katDoklG": null, "x_doklGeom": null, "x_doklGe_1": null, "x_zrodloDa": null, "x_zrodlo_1": null, "x_katIstni": null, "x_rodzajRe": null, "x_aktualno": null, "x_aktual_1": null, "poczatekWe": null, "x_dataUtwo": null, "x_kodKarto": null, "x_kodKar_1": null, "x_kodKar_2": null, "x_kodKar_3": null, "x_kodKar_4": null, "x_kodKar_5": null, "x_kodKar_6": null, "nazwa": null, "idPRG": null, "idTerytJed": null, "idTerytTer": null, "rodzaj": null, "PRG|BT_Ref": null, "PRG|BT_R_1": null, "x_informDo": null }, "geometry": { "type": "MultiPolygon", "coordinates": [ [ [ [ 16.979816391374147, 52.566502801309049 ], [ 16.979823086030716, 52.566469546917119 ], [ 16.979767827396703, 52.566425791165344 ], [ 16.979725258538394, 52.566388547953267 ], [ 16.979725878215302, 52.566375067160521 ], [ 16.979747293537717, 52.56636194131292 ], [ 16.979768089184144, 52.566362296254447 ], [ 16.979827167441275, 52.566380753424056 ], [ 16.979882280275312, 52.566430892574758 ], [ 16.979927523327124, 52.566438860126304 ], [ 16.979960519879672, 52.566427460914184 ], [ 16.980023171257464, 52.566368178737186 ], [ 16.980115164755382, 52.566296715369447 ], [ 16.98018076080978, 52.566227949460973 ], [ 16.98020232849175, 52.566156903188002 ], [ 16.980220733348361, 52.566096865862477 ], [ 16.980240432904978, 52.566069679625016 ], [ 16.980272404411568, 52.566048459108174 ], [ 16.980303890299215, 52.566044229421479 ], [ 16.980336978573575, 52.566005129393851 ], [ 16.980333637850492, 52.565965407765148 ], [ 16.980314085488512, 52.565938001455564 ], [ 16.980249917027621, 52.565914690715594 ], [ 16.980232822967793, 52.565898029493383 ], [ 16.980241121170156, 52.565881261911585 ], [ 16.980287919068161, 52.565826476022337 ], [ 16.980320936979588, 52.565788903820199 ], [ 16.980338028220771, 52.565757445764085 ], [ 16.980333762492084, 52.56571536984611 ], [ 16.980317994647233, 52.565701969193718 ], [ 16.980274246578233, 52.565696815512304 ], [ 16.980230491338101, 52.565711089264887 ], [ 16.980194280311341, 52.565708942326026 ], [ 16.980166762776182, 52.565684637996547 ], [ 16.980164259295147, 52.565652395872036 ], [ 16.980192981209765, 52.565621586022147 ], [ 16.980269320415168, 52.565601662266502 ], [ 16.98029133164648, 52.565581980691164 ], [ 16.98028504717805, 52.56554850479958 ], [ 16.980229571517288, 52.565506274571234 ], [ 16.980168573503963, 52.565475013002249 ], [ 16.980072044681631, 52.565474984688102 ], [ 16.980016310850523, 52.565499397323201 ], [ 16.979980563841636, 52.56553854183111 ], [ 16.979928822854106, 52.565588476288312 ], [ 16.979900896497494, 52.565627664303015 ], [ 16.979849299891484, 52.565674453203791 ], [ 16.97984209439338, 52.56571561381886 ], [ 16.979860411251771, 52.565769891922095 ], [ 16.979882647178929, 52.565791444484496 ], [ 16.979935661993206, 52.565834675607903 ], [ 16.97997379550981, 52.565856013180714 ], [ 16.979956121549598, 52.565900143128779 ], [ 16.979927318083071, 52.565961621911768 ], [ 16.979911420145818, 52.566021701980453 ], [ 16.979910939650658, 52.56608996011142 ], [ 16.979877995513622, 52.566125914496247 ], [ 16.979782442820849, 52.566162419256919 ], [ 16.979711875855173, 52.566169129743571 ], [ 16.979637238763733, 52.56614878797442 ], [ 16.979564498086983, 52.566087194935172 ], [ 16.979499528289619, 52.566081318948292 ], [ 16.979438554114328, 52.566104112840321 ], [ 16.979387249808866, 52.566144520617968 ], [ 16.979363897895485, 52.566196558430853 ], [ 16.979329814840696, 52.56631506041181 ], [ 16.979328602064292, 52.566399225859683 ], [ 16.97933873811667, 52.566461279317473 ], [ 16.979393776112055, 52.56651303638516 ], [ 16.979472406483008, 52.566558900188156 ], [ 16.979528904467031, 52.566575694494382 ], [ 16.979588565445134, 52.566581479840941 ], [ 16.979659718501324, 52.566565245526334 ], [ 16.979744432898464, 52.56653656074996 ], [ 16.979816391374147, 52.566502801309049 ] ] ] ] } },
{ "type": "Feature", "properties": { "gml_id": null, "lokalnyId": null, "przestrzen": null, "wersjaId": null, "czyObiektB": null, "x_kod": null, "x_skrKarto": null, "x_katDoklG": null, "x_doklGeom": null, "x_doklGe_1": null, "x_zrodloDa": null, "x_zrodlo_1": null, "x_katIstni": null, "x_rodzajRe": null, "x_aktualno": null, "x_aktual_1": null, "poczatekWe": null, "x_dataUtwo": null, "x_kodKarto": null, "x_kodKar_1": null, "x_kodKar_2": null, "x_kodKar_3": null, "x_kodKar_4": null, "x_kodKar_5": null, "x_kodKar_6": null, "nazwa": null, "idPRG": null, "idTerytJed": null, "idTerytTer": null, "rodzaj": null, "PRG|BT_Ref": null, "PRG|BT_R_1": null, "x_informDo": null }, "geometry": { "type": "MultiPolygon", "coordinates": [ [ [ [ 16.979848016399625, 52.566813462663717 ], [ 16.980672255675493, 52.566440414981628 ], [ 16.981257914519251, 52.566216104997416 ], [ 16.98126856948198, 52.566148020406331 ], [ 16.981285722338139, 52.566031657600945 ], [ 16.981340814121996, 52.565908746441167 ], [ 16.981395222776033, 52.565746069043229 ], [ 16.981425346538959, 52.565543312844156 ], [ 16.981435609039643, 52.565435556919844 ], [ 16.98140307462003, 52.565404781408205 ], [ 16.98133116288426, 52.565382958159105 ], [ 16.981154109267059, 52.565378319426245 ], [ 16.98084242532385, 52.565412667427836 ], [ 16.980658240133057, 52.565450808850265 ], [ 16.980534878761972, 52.565469390933387 ], [ 16.980521099069158, 52.565486604666518 ], [ 16.980559744616247, 52.565496797922322 ], [ 16.980652814765644, 52.565511067682593 ], [ 16.980699181016966, 52.565549184832889 ], [ 16.980757186072278, 52.565565284732187 ], [ 16.980842657438547, 52.565577895686154 ], [ 16.980881710484493, 52.565617776798156 ], [ 16.980959429781208, 52.565644916046686 ], [ 16.980990781900967, 52.565682147369579 ], [ 16.981060127358774, 52.56572128594253 ], [ 16.98117988391509, 52.565726566517007 ], [ 16.981189938402633, 52.565735822195016 ], [ 16.981186661458707, 52.565746109685151 ], [ 16.981136325167192, 52.565765488185981 ], [ 16.981075500880632, 52.565785047541979 ], [ 16.981058480335484, 52.565814977885047 ], [ 16.981067548140338, 52.5658457129894 ], [ 16.981079137862775, 52.565869745425289 ], [ 16.981125041026935, 52.565898680372555 ], [ 16.98116551954028, 52.565952526778354 ], [ 16.981209631252867, 52.565985118776382 ], [ 16.981208285495406, 52.566014417061304 ], [ 16.981169034726971, 52.566046306765323 ], [ 16.981123839448554, 52.566066222660638 ], [ 16.981059922376712, 52.566095263157969 ], [ 16.980991206517647, 52.56611630682962 ], [ 16.980942087667124, 52.566109172994295 ], [ 16.980863015896844, 52.566069688554556 ], [ 16.980803499939114, 52.566060758334636 ], [ 16.980715082704037, 52.566057631003424 ], [ 16.980652152621502, 52.566007358874884 ], [ 16.980608608120278, 52.565936730684172 ], [ 16.980507106777662, 52.565874647541797 ], [ 16.980419709975621, 52.565849321609512 ], [ 16.980367354488472, 52.565854814194317 ], [ 16.980349899803418, 52.565894180989474 ], [ 16.980371598942675, 52.565932686846345 ], [ 16.980384391122509, 52.565994785530542 ], [ 16.980384274784406, 52.566055134935688 ], [ 16.980415496883559, 52.566111252107774 ], [ 16.980453341797823, 52.566138880569497 ], [ 16.98047223772345, 52.566180576504358 ], [ 16.980480376023021, 52.566231532847581 ], [ 16.980522875178004, 52.566270303617841 ], [ 16.980526975320956, 52.566283864940907 ], [ 16.980520022222425, 52.566297057793044 ], [ 16.980430662331621, 52.566349768433682 ], [ 16.980358196595393, 52.566394582510455 ], [ 16.980325182376497, 52.566432064843141 ], [ 16.980307215290118, 52.5664825757516 ], [ 16.980280014375627, 52.566509184287099 ], [ 16.980240641106551, 52.566514808401543 ], [ 16.980189379320723, 52.56649648482491 ], [ 16.980088561853883, 52.566477315555858 ], [ 16.979994541030074, 52.56648047797966 ], [ 16.979913138472465, 52.566494918604675 ], [ 16.979834778729252, 52.566555551589204 ], [ 16.979771837647707, 52.566621124696034 ], [ 16.979729469090422, 52.566691905801775 ], [ 16.979719681627767, 52.566734641299746 ], [ 16.97972898827728, 52.566760163921828 ], [ 16.979848016399625, 52.566813462663717 ] ] ] ] } },
{ "type": "Feature", "properties": { "gml_id": null, "lokalnyId": null, "przestrzen": null, "wersjaId": null, "czyObiektB": null, "x_kod": null, "x_skrKarto": null, "x_katDoklG": null, "x_doklGeom": null, "x_doklGe_1": null, "x_zrodloDa": null, "x_zrodlo_1": null, "x_katIstni": null, "x_rodzajRe": null, "x_aktualno": null, "x_aktual_1": null, "poczatekWe": null, "x_dataUtwo": null, "x_kodKarto": null, "x_kodKar_1": null, "x_kodKar_2": null, "x_kodKar_3": null, "x_kodKar_4": null, "x_kodKar_5": null, "x_kodKar_6": null, "nazwa": null, "idPRG": null, "idTerytJed": null, "idTerytTer": null, "rodzaj": null, "PRG|BT_Ref": null, "PRG|BT_R_1": null, "x_informDo": null }, "geometry": { "type": "MultiPolygon", "coordinates": [ [ [ [ 16.97650254868535, 52.542791453864893 ], [ 16.97699879165669, 52.542753527803889 ], [ 16.977744771867609, 52.542699164003864 ], [ 16.978467417325746, 52.542667290954363 ], [ 16.978478628100355, 52.542531384066749 ], [ 16.978496386012829, 52.542315105150905 ], [ 16.978554836263498, 52.541983764955553 ], [ 16.978263373547058, 52.541799842813887 ], [ 16.9780017676594, 52.541926286562955 ], [ 16.977850792334024, 52.542444295780584 ], [ 16.977705136975533, 52.542455028312446 ], [ 16.977333445427039, 52.542482494271674 ], [ 16.976928534563747, 52.542516946354446 ], [ 16.976432703515243, 52.54254597480729 ], [ 16.97650254868535, 52.542791453864893 ] ] ] ] } },
{ "type": "Feature", "properties": { "gml_id": null, "lokalnyId": null, "przestrzen": null, "wersjaId": null, "czyObiektB": null, "x_kod": null, "x_skrKarto": null, "x_katDoklG": null, "x_doklGeom": null, "x_doklGe_1": null, "x_zrodloDa": null, "x_zrodlo_1": null, "x_katIstni": null, "x_rodzajRe": null, "x_aktualno": null, "x_aktual_1": null, "poczatekWe": null, "x_dataUtwo": null, "x_kodKarto": null, "x_kodKar_1": null, "x_kodKar_2": null, "x_kodKar_3": null, "x_kodKar_4": null, "x_kodKar_5": null, "x_kodKar_6": null, "nazwa": null, "idPRG": null, "idTerytJed": null, "idTerytTer": null, "rodzaj": null, "PRG|BT_Ref": null, "PRG|BT_R_1": null, "x_informDo": null }, "geometry": { "type": "MultiPolygon", "coordinates": [ [ [ [ 16.999449724339332, 52.549837890985323 ], [ 17.00006359588442, 52.549806982858044 ], [ 17.000062358511819, 52.549710903469553 ], [ 17.000035424655859, 52.549589385842957 ], [ 16.999401972886002, 52.549629136933859 ], [ 16.999449724339332, 52.549837890985323 ] ] ] ] } },
{ "type": "Feature", "properties": { "gml_id": null, "lokalnyId": null, "przestrzen": null, "wersjaId": null, "czyObiektB": null, "x_kod": null, "x_skrKarto": null, "x_katDoklG": null, "x_doklGeom": null, "x_doklGe_1": null, "x_zrodloDa": null, "x_zrodlo_1": null, "x_katIstni": null, "x_rodzajRe": null, "x_aktualno": null, "x_aktual_1": null, "poczatekWe": null, "x_dataUtwo": null, "x_kodKarto": null, "x_kodKar_1": null, "x_kodKar_2": null, "x_kodKar_3": null, "x_kodKar_4": null, "x_kodKar_5": null, "x_kodKar_6": null, "nazwa": null, "idPRG": null, "idTerytJed": null, "idTerytTer": null, "rodzaj": null, "PRG|BT_Ref": null, "PRG|BT_R_1": null, "x_informDo": null }, "geometry": { "type": "MultiPolygon", "coordinates": [ [ [ [ 16.991209702193345, 52.54302808183661 ], [ 16.99124103343798, 52.543081769764008 ], [ 16.992140364756448, 52.542906713719312 ], [ 16.99159636591191, 52.54269843935527 ], [ 16.991086672946306, 52.54279538048354 ], [ 16.991209702193345, 52.54302808183661 ] ] ] ] } },
{ "type": "Feature", "properties": { "gml_id": null, "lokalnyId": null, "przestrzen": null, "wersjaId": null, "czyObiektB": null, "x_kod": null, "x_skrKarto": null, "x_katDoklG": null, "x_doklGeom": null, "x_doklGe_1": null, "x_zrodloDa": null, "x_zrodlo_1": null, "x_katIstni": null, "x_rodzajRe": null, "x_aktualno": null, "x_aktual_1": null, "poczatekWe": null, "x_dataUtwo": null, "x_kodKarto": null, "x_kodKar_1": null, "x_kodKar_2": null, "x_kodKar_3": null, "x_kodKar_4": null, "x_kodKar_5": null, "x_kodKar_6": null, "nazwa": null, "idPRG": null, "idTerytJed": null, "idTerytTer": null, "rodzaj": null, "PRG|BT_Ref": null, "PRG|BT_R_1": null, "x_informDo": null }, "geometry": { "type": "MultiPolygon", "coordinates": [ [ [ [ 16.99306388742237, 52.546543647127649 ], [ 16.993944844654369, 52.546423490117128 ], [ 16.993889371459236, 52.546287635965868 ], [ 16.993007361568097, 52.54638888676174 ], [ 16.99306388742237, 52.546543647127649 ] ] ] ] } },
{ "type": "Feature", "properties": { "gml_id": null, "lokalnyId": null, "przestrzen": null, "wersjaId": null, "czyObiektB": null, "x_kod": null, "x_skrKarto": null, "x_katDoklG": null, "x_doklGeom": null, "x_doklGe_1": null, "x_zrodloDa": null, "x_zrodlo_1": null, "x_katIstni": null, "x_rodzajRe": null, "x_aktualno": null, "x_aktual_1": null, "poczatekWe": null, "x_dataUtwo": null, "x_kodKarto": null, "x_kodKar_1": null, "x_kodKar_2": null, "x_kodKar_3": null, "x_kodKar_4": null, "x_kodKar_5": null, "x_kodKar_6": null, "nazwa": null, "idPRG": null, "idTerytJed": null, "idTerytTer": null, "rodzaj": null, "PRG|BT_Ref": null, "PRG|BT_R_1": null, "x_informDo": null }, "geometry": { "type": "MultiPolygon", "coordinates": [ [ [ [ 16.984853176310953, 52.539238023292313 ], [ 16.984899369134801, 52.539253650473107 ], [ 16.984940483718226, 52.539257768430588 ], [ 16.98512854831095, 52.539248378781522 ], [ 16.985263688776122, 52.539206068145667 ], [ 16.985307487766299, 52.539186148100377 ], [ 16.985418857030286, 52.53913549653052 ], [ 16.985479999552549, 52.539111353473935 ], [ 16.985578620984999, 52.539090186917328 ], [ 16.985626176006456, 52.539076065954397 ], [ 16.985675652001849, 52.539058649790697 ], [ 16.985716734948227, 52.539021573163858 ], [ 16.985747558045293, 52.538963724993167 ], [ 16.985757187440139, 52.538875834955483 ], [ 16.98573891873048, 52.538785131527284 ], [ 16.985701886445788, 52.538691860128097 ], [ 16.985673211654191, 52.53863194984519 ], [ 16.985652419296493, 52.53858344654352 ], [ 16.985622748077382, 52.538493718244226 ], [ 16.985572214025222, 52.538450494955164 ], [ 16.985537487087289, 52.538429306887444 ], [ 16.985500625204235, 52.538416087369107 ], [ 16.985464096256468, 52.538414925836442 ], [ 16.985428969767824, 52.538421793074249 ], [ 16.985320697677842, 52.538450800096115 ], [ 16.985283815767495, 52.538455525152301 ], [ 16.985194278525974, 52.538466995994362 ], [ 16.985094832172486, 52.538467551285457 ], [ 16.9850102100628, 52.538472946004688 ], [ 16.984939215103914, 52.538506095203488 ], [ 16.984879832837901, 52.538533685779775 ], [ 16.984803775358753, 52.538590403634018 ], [ 16.984866672193384, 52.538688972698559 ], [ 16.984936992820391, 52.538718861933525 ], [ 16.984991005597344, 52.538766641869245 ], [ 16.984986344517953, 52.538807216625536 ], [ 16.984966469451354, 52.538828914160327 ], [ 16.984913970647195, 52.53885113546189 ], [ 16.984739400011801, 52.538936306485638 ], [ 16.984720852189898, 52.538970888398119 ], [ 16.984720911612083, 52.53901145359449 ], [ 16.984788225713849, 52.539097326048491 ], [ 16.984823854004617, 52.539182568924602 ], [ 16.984853176310953, 52.539238023292313 ] ] ] ] } },
{ "type": "Feature", "properties": { "gml_id": null, "lokalnyId": null, "przestrzen": null, "wersjaId": null, "czyObiektB": null, "x_kod": null, "x_skrKarto": null, "x_katDoklG": null, "x_doklGeom": null, "x_doklGe_1": null, "x_zrodloDa": null, "x_zrodlo_1": null, "x_katIstni": null, "x_rodzajRe": null, "x_aktualno": null, "x_aktual_1": null, "poczatekWe": null, "x_dataUtwo": null, "x_kodKarto": null, "x_kodKar_1": null, "x_kodKar_2": null, "x_kodKar_3": null, "x_kodKar_4": null, "x_kodKar_5": null, "x_kodKar_6": null, "nazwa": null, "idPRG": null, "idTerytJed": null, "idTerytTer": null, "rodzaj": null, "PRG|BT_Ref": null, "PRG|BT_R_1": null, "x_informDo": null }, "geometry": { "type": "MultiPolygon", "coordinates": [ [ [ [ 16.978197385651196, 52.441443596348968 ], [ 16.978286819363284, 52.441216577653336 ], [ 16.978845466344207, 52.441140772619988 ], [ 16.979425300425554, 52.441187291334828 ], [ 16.98053891239617, 52.441032367022828 ], [ 16.980488810894872, 52.440902122211767 ], [ 16.979557687443634, 52.441053918133946 ], [ 16.978254150925981, 52.441200368709332 ], [ 16.978197385651196, 52.441443596348968 ] ] ] ] } },
{ "type": "Feature", "properties": { "gml_id": null, "lokalnyId": null, "przestrzen": null, "wersjaId": null, "czyObiektB": null, "x_kod": null, "x_skrKarto": null, "x_katDoklG": null, "x_doklGeom": null, "x_doklGe_1": null, "x_zrodloDa": null, "x_zrodlo_1": null, "x_katIstni": null, "x_rodzajRe": null, "x_aktualno": null, "x_aktual_1": null, "poczatekWe": null, "x_dataUtwo": null, "x_kodKarto": null, "x_kodKar_1": null, "x_kodKar_2": null, "x_kodKar_3": null, "x_kodKar_4": null, "x_kodKar_5": null, "x_kodKar_6": null, "nazwa": null, "idPRG": null, "idTerytJed": null, "idTerytTer": null, "rodzaj": null, "PRG|BT_Ref": null, "PRG|BT_R_1": null, "x_informDo": null }, "geometry": { "type": "MultiPolygon", "coordinates": [ [ [ [ 16.992893183317328, 52.49066011791173 ], [ 16.993213482044375, 52.49052301540344 ], [ 16.993501336148618, 52.490755767656673 ], [ 16.99365229291379, 52.49067047854885 ], [ 16.993775452065591, 52.490586851661824 ], [ 16.993493458130441, 52.490349924595272 ], [ 16.993300251376859, 52.490166220602887 ], [ 16.992589685955505, 52.490503952617964 ], [ 16.992893183317328, 52.49066011791173 ] ] ] ] } },
{ "type": "Feature", "properties": { "gml_id": "OT_ADJA_A.20", "lokalnyId": "322BD60C-5C60-598B-E053-CC2BA8C05138", "przestrzen": "PL.PZGiK.308.BDOT10k", "wersjaId": "2022-01-20T00:00:00", "czyObiektB": 0, "x_kod": "ADJA05", "x_skrKarto": null, "x_katDoklG": "Dok", "x_doklGeom": 1, "x_doklGe_1": "m", "x_zrodloDa": "PRG", "x_zrodlo_1": "PRG", "x_katIstni": null, "x_rodzajRe": "ZP", "x_aktualno": "2022-01-20", "x_aktual_1": "2022-01-20", "poczatekWe": "2022-01-20T00:00:00", "x_dataUtwo": "2012-11-13", "x_kodKarto": "0010_505", "x_kodKar_1": "0025_505", "x_kodKar_2": "0050_505", "x_kodKar_3": "0100_505", "x_kodKar_4": null, "x_kodKar_5": null, "x_kodKar_6": null, "nazwa": "Czerwonak", "idPRG": 1030210420, "idTerytJed": 3021, "idTerytTer": 3021042, "rodzaj": "GW", "PRG|BT_Ref": 1030210420, "PRG|BT_R_1": "PL.PZGiK.200", "x_informDo": null }, "geometry": { "type": "MultiPolygon", "coordinates": [ [ [ [ 16.973230544024897, 52.535198242036657 ], [ 16.973185905517553, 52.535145850175958 ], [ 16.973137951886272, 52.535027743137768 ], [ 16.97310861986027, 52.534873618090742 ], [ 16.972970050471968, 52.534884735842077 ], [ 16.972730958135202, 52.534903935037988 ], [ 16.972276113213582, 52.534925552835517 ], [ 16.971827271316336, 52.534928923408607 ], [ 16.971296537772098, 52.53493295698447 ], [ 16.971294457190751, 52.534949290940631 ], [ 16.971286773540221, 52.535007172445042 ], [ 16.971231312035354, 52.535192763347844 ], [ 16.971212375161283, 52.535248383217272 ], [ 16.971167841672962, 52.535379296221109 ], [ 16.971116660703494, 52.535529612860131 ], [ 16.971061907729371, 52.535690211673398 ], [ 16.971006608578136, 52.535853049669939 ], [ 16.970971159878179, 52.535959653878045 ], [ 16.970914283061504, 52.536131099304569 ], [ 16.970909652960355, 52.536145140958908 ], [ 16.970855183059474, 52.536309162360375 ], [ 16.970815780018665, 52.536427930956975 ], [ 16.970773296870572, 52.536555910847646 ], [ 16.970723511865312, 52.53670148427009 ], [ 16.970628504791524, 52.536980027342956 ], [ 16.970586277035306, 52.537124830882249 ], [ 16.97052513799078, 52.53730546714187 ], [ 16.970487425716222, 52.537435507495296 ], [ 16.970477789536631, 52.537468531184423 ], [ 16.970449389408859, 52.537566171879 ], [ 16.97042910802713, 52.537663681987361 ], [ 16.970431112501085, 52.537744934880266 ], [ 16.970446945619273, 52.537871756216312 ], [ 16.970479176098372, 52.537991663343924 ], [ 16.970499330078916, 52.538066391848254 ], [ 16.970538785418601, 52.538160789119544 ], [ 16.970647328810585, 52.538381931621842 ], [ 16.970753578998771, 52.538598447592754 ], [ 16.970812366475815, 52.538718270364804 ], [ 16.970868455098753, 52.538832650246391 ], [ 16.970977946439646, 52.539055697456959 ], [ 16.971129509457377, 52.539364461984512 ], [ 16.971285273374658, 52.539662145384227 ], [ 16.971288111748652, 52.539667770507975 ], [ 16.971352648724341, 52.539790929487339 ], [ 16.971520751369123, 52.540112209227146 ], [ 16.971698341472568, 52.540451729843426 ], [ 16.971598431376119, 52.540468635483286 ], [ 16.97132887337677, 52.540488838852525 ], [ 16.97103651615615, 52.540510809325426 ], [ 16.970830376282134, 52.540524903479451 ], [ 16.970574658456439, 52.540542464287761 ], [ 16.970270103712068, 52.54056341419728 ], [ 16.969837394689844, 52.540593137797785 ], [ 16.969519818349735, 52.540614941694258 ], [ 16.968966012443428, 52.540647531031929 ], [ 16.968732220471274, 52.54066303572953 ], [ 16.968388040644335, 52.540685908959638 ], [ 16.968389697606163, 52.540701137769268 ], [ 16.968407330616628, 52.540875120373826 ], [ 16.968426763983416, 52.541064424183098 ], [ 16.968497304593644, 52.541162863549367 ], [ 16.968021605604463, 52.541196969269606 ], [ 16.967542279012537, 52.54123613752558 ], [ 16.967544502427476, 52.541274221592786 ], [ 16.967553068144781, 52.541395342014198 ], [ 16.967556805017789, 52.541448562493905 ], [ 16.967561262244406, 52.541540470823513 ], [ 16.967565810844704, 52.541624016024592 ], [ 16.967567631515134, 52.541670817639833 ], [ 16.967571798102316, 52.541775402932544 ], [ 16.967447601534872, 52.541755910780999 ], [ 16.967415620894574, 52.541828664992615 ], [ 16.967270953058623, 52.542153212665504 ], [ 16.967256089834159, 52.542184347445748 ], [ 16.967229249181958, 52.542241629766544 ], [ 16.967151822381108, 52.542407143912286 ], [ 16.967035415115763, 52.542595733290327 ], [ 16.967024564944865, 52.542613445539125 ], [ 16.967012392263353, 52.542631045123599 ], [ 16.966967669049627, 52.542695395489901 ], [ 16.966956447220088, 52.542711572317003 ], [ 16.966684229514449, 52.543155980484052 ], [ 16.966476378772448, 52.543436538748544 ], [ 16.966403666566965, 52.543586123578905 ], [ 16.96642704917123, 52.543638782260459 ], [ 16.966489741562466, 52.543648494106144 ], [ 16.966589876324814, 52.543646077401483 ], [ 16.966695773229386, 52.543611560040155 ], [ 16.966900673565632, 52.54354483506259 ], [ 16.967347785242449, 52.543446742920715 ], [ 16.967395475212001, 52.543436319201433 ], [ 16.967541949795837, 52.543446300274766 ], [ 16.967686271457396, 52.543506072583497 ], [ 16.967653874631804, 52.543562270197626 ], [ 16.967724251165837, 52.543562129689619 ], [ 16.967848311700351, 52.543565519385972 ], [ 16.968364296899466, 52.54360199149825 ], [ 16.968728702058982, 52.543627225050962 ], [ 16.969053690372519, 52.543627496411801 ], [ 16.969357818292803, 52.54360348410647 ], [ 16.969766992170367, 52.543566522627536 ], [ 16.969815136706003, 52.543562221852696 ], [ 16.970227207910234, 52.543520001861509 ], [ 16.970464334166284, 52.543499694379179 ], [ 16.971036059931269, 52.543447167889219 ], [ 16.971364088476481, 52.543419872569686 ], [ 16.971771367689453, 52.543382332042533 ], [ 16.97209327046285, 52.543353490629009 ], [ 16.972240063020493, 52.543337387892372 ], [ 16.972443711487379, 52.543320010566859 ], [ 16.972637986054927, 52.543304361098528 ], [ 16.972621130441354, 52.543090727822012 ], [ 16.972620419246397, 52.543080552092398 ], [ 16.972603442215508, 52.54285675317923 ], [ 16.972580223529246, 52.542550729464452 ], [ 16.972575838756505, 52.542495429409165 ], [ 16.972574647364798, 52.542479668992151 ], [ 16.972559762811461, 52.542287295968016 ], [ 16.972558852098839, 52.542275048131835 ], [ 16.972557941386633, 52.542262800295617 ], [ 16.972531145686396, 52.541915971123387 ], [ 16.97251488298128, 52.541705495940029 ], [ 16.972513155151301, 52.541682171125764 ], [ 16.972512207179591, 52.54167073213565 ], [ 16.972511820535019, 52.541666318309062 ], [ 16.972506233844911, 52.541592289526562 ], [ 16.972500984106063, 52.541523753032976 ], [ 16.972500499767317, 52.5415182582176 ], [ 16.9724916304468, 52.541403429054604 ], [ 16.972488393354862, 52.541361640084453 ], [ 16.972479775749928, 52.54125095260391 ], [ 16.972474318261938, 52.541180523744536 ], [ 16.972469008189922, 52.541110097409828 ], [ 16.9724828132318, 52.540944788814549 ], [ 16.972549434271865, 52.540641779124954 ], [ 16.972586279379851, 52.540559677307854 ], [ 16.972635396862167, 52.540489373979845 ], [ 16.972680738086346, 52.540420984680551 ], [ 16.972886150317983, 52.540096122081046 ], [ 16.973160792491981, 52.539674137327665 ], [ 16.973271673009545, 52.539505504691739 ], [ 16.973315169737816, 52.539429078642449 ], [ 16.973341977522317, 52.539385105973643 ], [ 16.973625977475773, 52.538932699833374 ], [ 16.97396336965031, 52.53841303046076 ], [ 16.974546326646372, 52.537474202337087 ], [ 16.974988505726483, 52.536773289809048 ], [ 16.974890060850264, 52.536768187227629 ], [ 16.975654491887497, 52.535561281405187 ], [ 16.975222215033355, 52.535460974254832 ], [ 16.975069852847998, 52.535425627785102 ], [ 16.974957186036587, 52.535399505039088 ], [ 16.974667965346345, 52.535331684922191 ], [ 16.974487559956049, 52.53534802461381 ], [ 16.974289024821623, 52.535367291609226 ], [ 16.97421483623754, 52.53510131939121 ], [ 16.973991310257549, 52.535125194839814 ], [ 16.973811164854308, 52.535155119335535 ], [ 16.973611959807442, 52.535188944480815 ], [ 16.973446355801638, 52.535210572864166 ], [ 16.973309634305295, 52.535216775804074 ], [ 16.973230544024897, 52.535198242036657 ] ] ] ] } },
{ "type": "Feature", "properties": { "gml_id": "OT_ADJA_A.20", "lokalnyId": "322BD60C-5C60-598B-E053-CC2BA8C05138", "przestrzen": "PL.PZGiK.308.BDOT10k", "wersjaId": "2022-01-20T00:00:00", "czyObiektB": 0, "x_kod": "ADJA05", "x_skrKarto": null, "x_katDoklG": "Dok", "x_doklGeom": 1, "x_doklGe_1": "m", "x_zrodloDa": "PRG", "x_zrodlo_1": "PRG", "x_katIstni": null, "x_rodzajRe": "ZP", "x_aktualno": "2022-01-20", "x_aktual_1": "2022-01-20", "poczatekWe": "2022-01-20T00:00:00", "x_dataUtwo": "2012-11-13", "x_kodKarto": "0010_505", "x_kodKar_1": "0025_505", "x_kodKar_2": "0050_505", "x_kodKar_3": "0100_505", "x_kodKar_4": null, "x_kodKar_5": null, "x_kodKar_6": null, "nazwa": "Czerwonak", "idPRG": 1030210420, "idTerytJed": 3021, "idTerytTer": 3021042, "rodzaj": "GW", "PRG|BT_Ref": 1030210420, "PRG|BT_R_1": "PL.PZGiK.200", "x_informDo": null }, "geometry": { "type": "MultiPolygon", "coordinates": [ [ [ [ 16.979707622243041, 52.528089017479388 ], [ 16.97960153447962, 52.528205840801057 ], [ 16.979509874988114, 52.528323180241557 ], [ 16.979503416556589, 52.528354639939785 ], [ 16.979578940854029, 52.528428153807923 ], [ 16.979709702316445, 52.528589855474443 ], [ 16.979900852148919, 52.528884984054379 ], [ 16.980038918208557, 52.529048249126028 ], [ 16.980396665807159, 52.529370325557259 ], [ 16.980415746061272, 52.529439817358622 ], [ 16.980357353229152, 52.529474977731311 ], [ 16.980092954200835, 52.529483955852108 ], [ 16.979924583475459, 52.529550337511708 ], [ 16.979898455642971, 52.529582990444915 ], [ 16.97999974166105, 52.529741130437145 ], [ 16.980088446498367, 52.529906700709098 ], [ 16.980211389046818, 52.530181056713111 ], [ 16.980287687094751, 52.53030207315836 ], [ 16.980096755094561, 52.530400449423112 ], [ 16.980008878977323, 52.53047063377705 ], [ 16.979916418854078, 52.53053786163219 ], [ 16.979754829003326, 52.530575307265892 ], [ 16.979633057918441, 52.530564593571214 ], [ 16.979484700763393, 52.530516189384208 ], [ 16.97936882997119, 52.530479762543621 ], [ 16.979307144625722, 52.530490221812499 ], [ 16.979187720770447, 52.530531174996653 ], [ 16.979125672940679, 52.530591276490561 ], [ 16.979086335491566, 52.530641782170363 ], [ 16.979064110765229, 52.53069860629715 ], [ 16.97903735133643, 52.530741771581624 ], [ 16.979030280111857, 52.530789770284038 ], [ 16.979051510279294, 52.530863796169641 ], [ 16.979073495797589, 52.530921375391657 ], [ 16.979093470164081, 52.530971365051798 ], [ 16.979024234753151, 52.53102738624407 ], [ 16.978961739109252, 52.531045836420404 ], [ 16.978895128576266, 52.531044698657261 ], [ 16.97883844855485, 52.530991113859884 ], [ 16.978794004347453, 52.53093764810361 ], [ 16.978727038144243, 52.530892881836593 ], [ 16.978650690430015, 52.530888609480208 ], [ 16.978589387316863, 52.530935681691908 ], [ 16.978572301537497, 52.530986567343525 ], [ 16.978548529721131, 52.531019260234359 ], [ 16.978463504663804, 52.531043351431123 ], [ 16.978370965914884, 52.531051214402844 ], [ 16.978259238013038, 52.531068137183162 ], [ 16.97830350656486, 52.53124519495838 ], [ 16.978429907771798, 52.531228917545008 ], [ 16.978472248362042, 52.531360279896305 ], [ 16.979756017364995, 52.530902809804196 ], [ 16.980486048511377, 52.5306331210219 ], [ 16.980625217828457, 52.530582879628845 ], [ 16.98075091458788, 52.530533757302706 ], [ 16.98108482703708, 52.530877460715139 ], [ 16.981184684039363, 52.530983318393695 ], [ 16.98120015244621, 52.530999772035891 ], [ 16.981212131093013, 52.531060148221371 ], [ 16.981176024572932, 52.531201012390007 ], [ 16.981014961068027, 52.531648068759914 ], [ 16.980964077013226, 52.531795966084111 ], [ 16.980901125119228, 52.531978645251883 ], [ 16.980858861916474, 52.532199003731058 ], [ 16.980739022737659, 52.532284293259451 ], [ 16.980675719624017, 52.532374954719657 ], [ 16.98063752140024, 52.532506698785944 ], [ 16.980557203673431, 52.532646718291922 ], [ 16.980316663231328, 52.532942032725622 ], [ 16.980234369024114, 52.533015820303198 ], [ 16.980079046227576, 52.533064346437634 ], [ 16.979730656130393, 52.533157875495284 ], [ 16.979678553935976, 52.533170601219531 ], [ 16.979618348602752, 52.53318435837474 ], [ 16.980175509775968, 52.533964386494361 ], [ 16.980395647029948, 52.534389662569666 ], [ 16.980622413716343, 52.5346742444993 ], [ 16.980682461142091, 52.534789586641253 ], [ 16.981072124671424, 52.535137151684722 ], [ 16.981171427684927, 52.535068927883053 ], [ 16.982389475028668, 52.534386709648608 ], [ 16.983108854462035, 52.534006013310908 ], [ 16.983299014427391, 52.53390537044428 ], [ 16.983811621350135, 52.533623860344527 ], [ 16.98406195380965, 52.533848395533923 ], [ 16.984387283063732, 52.534287192317294 ], [ 16.984497588265945, 52.53435526913826 ], [ 16.984675181208367, 52.534358293978663 ], [ 16.984845230140973, 52.534307044498597 ], [ 16.985076455491399, 52.534214653341522 ], [ 16.985314387656349, 52.534078843607411 ], [ 16.985186133229139, 52.533980780791417 ], [ 16.984378704946934, 52.533363603126631 ], [ 16.984360470600329, 52.533349531260406 ], [ 16.984439061857714, 52.53330814714927 ], [ 16.984710230297996, 52.533148620204543 ], [ 16.985010511178366, 52.532923390482232 ], [ 16.985424313395232, 52.532589553093636 ], [ 16.985652079764407, 52.532359849203509 ], [ 16.985761455663159, 52.532232283402259 ], [ 16.985808207027659, 52.532116333434303 ], [ 16.98589940547031, 52.531934762208017 ], [ 16.986033923587556, 52.531596168508571 ], [ 16.98613049168917, 52.5311811968811 ], [ 16.986162226413377, 52.531042055761411 ], [ 16.986119682982839, 52.530921078093975 ], [ 16.985928274656001, 52.530678842007909 ], [ 16.985857231352686, 52.530304100025717 ], [ 16.985860293455481, 52.530266196263113 ], [ 16.985596221298692, 52.530242183245065 ], [ 16.985551986266795, 52.530225870039246 ], [ 16.985523000663637, 52.530205049470041 ], [ 16.985508971217882, 52.530173240669363 ], [ 16.985497393732725, 52.530087867663667 ], [ 16.985516123431044, 52.529791465018036 ], [ 16.985500292339577, 52.528735805752689 ], [ 16.985486164650126, 52.528615941180206 ], [ 16.985457465647414, 52.528527668295602 ], [ 16.985396015001015, 52.528442885189286 ], [ 16.985339587939521, 52.528390117312092 ], [ 16.985243782240026, 52.52834063636697 ], [ 16.985044264768455, 52.528269421900134 ], [ 16.983791647533643, 52.527921051303558 ], [ 16.98317795152678, 52.52775499093687 ], [ 16.98295144345515, 52.527703280153276 ], [ 16.982867320176318, 52.527682148541722 ], [ 16.982612658761191, 52.527646236812501 ], [ 16.982449976294028, 52.527601639460059 ], [ 16.982280698236345, 52.527562595812228 ], [ 16.982176827002533, 52.527563702620746 ], [ 16.98208195414162, 52.527587268654734 ], [ 16.981941344175436, 52.527646661315714 ], [ 16.981760953708307, 52.527737394957093 ], [ 16.981379096463694, 52.527809221161732 ], [ 16.980830962584442, 52.527872992013961 ], [ 16.980191987841184, 52.527997720024302 ], [ 16.979918833193789, 52.52804342485112 ], [ 16.97980282877224, 52.528077511391238 ], [ 16.979707622243041, 52.528089017479388 ] ] ] ] } },
{ "type": "Feature", "properties": { "gml_id": "OT_ADJA_A.20", "lokalnyId": "322BD60C-5C60-598B-E053-CC2BA8C05138", "przestrzen": "PL.PZGiK.308.BDOT10k", "wersjaId": "2022-01-20T00:00:00", "czyObiektB": 0, "x_kod": "ADJA05", "x_skrKarto": null, "x_katDoklG": "Dok", "x_doklGeom": 1, "x_doklGe_1": "m", "x_zrodloDa": "PRG", "x_zrodlo_1": "PRG", "x_katIstni": null, "x_rodzajRe": "ZP", "x_aktualno": "2022-01-20", "x_aktual_1": "2022-01-20", "poczatekWe": "2022-01-20T00:00:00", "x_dataUtwo": "2012-11-13", "x_kodKarto": "0010_505", "x_kodKar_1": "0025_505", "x_kodKar_2": "0050_505", "x_kodKar_3": "0100_505", "x_kodKar_4": null, "x_kodKar_5": null, "x_kodKar_6": null, "nazwa": "Czerwonak", "idPRG": 1030210420, "idTerytJed": 3021, "idTerytTer": 3021042, "rodzaj": "GW", "PRG|BT_Ref": 1030210420, "PRG|BT_R_1": "PL.PZGiK.200", "x_informDo": null }, "geometry": { "type": "MultiPolygon", "coordinates": [ [ [ [ 16.982823186193816, 52.477428829302092 ], [ 16.98286166169316, 52.477582749466542 ], [ 16.982906186232061, 52.477762226824929 ], [ 16.982983659523878, 52.47775599290491 ], [ 16.98387459679234, 52.477684389034025 ], [ 16.983939935906218, 52.477920975212044 ], [ 16.983938181916599, 52.477991551028893 ], [ 16.983932361431226, 52.478125287864891 ], [ 16.983944304890947, 52.478176579421877 ], [ 16.98405013345495, 52.478171997432987 ], [ 16.984317608725185, 52.478146965087227 ], [ 16.984705357495791, 52.478097808140276 ], [ 16.984845975139105, 52.478079787061709 ], [ 16.985084213766047, 52.47806270950732 ], [ 16.985265994946747, 52.478049706531031 ], [ 16.985281511695909, 52.478048621716312 ], [ 16.985298155833487, 52.478093787099048 ], [ 16.985341652161537, 52.478212174256946 ], [ 16.985354953988626, 52.478246669352451 ], [ 16.984981630798654, 52.478289598282231 ], [ 16.98499258348048, 52.47833358741314 ], [ 16.985076408607728, 52.478658992321442 ], [ 16.985207796118583, 52.478759179271613 ], [ 16.985354263964023, 52.478816270168636 ], [ 16.985569583273385, 52.478849529345226 ], [ 16.985551890236614, 52.478917585077561 ], [ 16.985695646681389, 52.478876051228028 ], [ 16.985763911346336, 52.478968236764764 ], [ 16.985843657359716, 52.479083193625229 ], [ 16.985866560831344, 52.479136470490516 ], [ 16.985871412044766, 52.479191508615074 ], [ 16.985874241147872, 52.479258564736362 ], [ 16.985066436355009, 52.47929301445523 ], [ 16.98515759502116, 52.479557922233361 ], [ 16.985321499003106, 52.479804101696509 ], [ 16.985225985574814, 52.479814976737373 ], [ 16.985254992582423, 52.479831390899662 ], [ 16.985311597338111, 52.479898283798391 ], [ 16.985307189807944, 52.479917366690302 ], [ 16.985276303028066, 52.479935638726637 ], [ 16.985229820271815, 52.479979278976408 ], [ 16.985188481154836, 52.480023186723081 ], [ 16.985124932724446, 52.48005988037621 ], [ 16.985065483116216, 52.480087469586479 ], [ 16.985008040079943, 52.480100162326124 ], [ 16.984974326792212, 52.48010291583806 ], [ 16.984955035149131, 52.480241370036353 ], [ 16.984941042431736, 52.480302563066999 ], [ 16.984874789031235, 52.480366193563583 ], [ 16.98493435146386, 52.480368377681749 ], [ 16.985145089726092, 52.480444012870429 ], [ 16.985173930699055, 52.480454398002742 ], [ 16.985621942651527, 52.480605309602822 ], [ 16.986212286407259, 52.48081701643985 ], [ 16.986258811993064, 52.480853066495442 ], [ 16.986262479776997, 52.480921126244787 ], [ 16.985995606446231, 52.481448597821299 ], [ 16.985989777483002, 52.481460101272546 ], [ 16.985913337955147, 52.481611253805262 ], [ 16.985967878161262, 52.481845945777692 ], [ 16.985959381813025, 52.48186423951023 ], [ 16.985906441944223, 52.481881506558501 ], [ 16.985865621680826, 52.481878562805342 ], [ 16.985517860072143, 52.481741862013983 ], [ 16.985457056671351, 52.481699092539365 ], [ 16.985413031601009, 52.481630884988554 ], [ 16.985342410860149, 52.48130327697703 ], [ 16.985290937958375, 52.48116595581719 ], [ 16.985260899493841, 52.481130186243675 ], [ 16.985148035503396, 52.481072588470745 ], [ 16.984841804252401, 52.480923461374594 ], [ 16.984654120828424, 52.480833287903629 ], [ 16.98436028220053, 52.480703168908754 ], [ 16.984349924968548, 52.480684823793567 ], [ 16.98434956867143, 52.480650729117038 ], [ 16.984236673899478, 52.480758176338909 ], [ 16.984195107503936, 52.480732913283411 ], [ 16.984079274645239, 52.480669417536397 ], [ 16.983968652021684, 52.480620851174692 ], [ 16.983937959207015, 52.480644522786299 ], [ 16.983892596384951, 52.48066362702118 ], [ 16.983814769490003, 52.480674262775075 ], [ 16.98353773835138, 52.48068563962206 ], [ 16.983364342772941, 52.48068897915374 ], [ 16.983216309276042, 52.480698237483097 ], [ 16.982699273172507, 52.480761734123313 ], [ 16.982620849659572, 52.480769300836272 ], [ 16.982559591886091, 52.480775181557327 ], [ 16.982448991378675, 52.480848487681676 ], [ 16.982177713494146, 52.480914375359255 ], [ 16.982066044386364, 52.481226642972608 ], [ 16.982079258602798, 52.482566487855209 ], [ 16.982167754159711, 52.482747704949183 ], [ 16.982145917445173, 52.482899696757819 ], [ 16.982028923954264, 52.483015976394313 ], [ 16.981953953225773, 52.483105720063534 ], [ 16.981827637581301, 52.484574411381914 ], [ 16.981505376193226, 52.484565943795438 ], [ 16.981273123696702, 52.484544800602883 ], [ 16.981174632727729, 52.484533585451828 ], [ 16.981094412466543, 52.484509460400758 ], [ 16.981003159134911, 52.484459243211163 ], [ 16.980885931122568, 52.484516154997031 ], [ 16.980783080305567, 52.484574391448618 ], [ 16.980759444804754, 52.48466582028454 ], [ 16.980736815565603, 52.48502152041975 ], [ 16.9806893688177, 52.485214628623034 ], [ 16.980654173700959, 52.485301093063725 ], [ 16.980366007807959, 52.485294373802851 ], [ 16.979707883253308, 52.48527503886767 ], [ 16.979731695720005, 52.484990144672857 ], [ 16.979763246393983, 52.484613550268833 ], [ 16.979776834211464, 52.484442439883686 ], [ 16.97983892635979, 52.483579412637013 ], [ 16.979445341080673, 52.483558658028223 ], [ 16.979082894088656, 52.483636382738311 ], [ 16.979532463918027, 52.483660343558505 ], [ 16.979553334798098, 52.483661419650623 ], [ 16.979530541108456, 52.483834081695228 ], [ 16.979496532353316, 52.484183920858221 ], [ 16.979485904819317, 52.484267926480904 ], [ 16.979395836694568, 52.484625802242782 ], [ 16.979273435013017, 52.485001204156653 ], [ 16.979188205539081, 52.485263102693729 ], [ 16.979036333992379, 52.485574230844648 ], [ 16.978766567472295, 52.485953410122278 ], [ 16.978765281669364, 52.485981450537736 ], [ 16.978819167757432, 52.486004767357066 ], [ 16.978910756739626, 52.486009120740093 ], [ 16.979086348325914, 52.485984058778627 ], [ 16.979366608279509, 52.485874079223017 ], [ 16.979639690875999, 52.485724581133582 ], [ 16.979678183322523, 52.485665875920837 ], [ 16.979673326108049, 52.485601483314774 ], [ 16.980377025660047, 52.48553624023458 ], [ 16.98037958600759, 52.485547886671263 ], [ 16.980385146307331, 52.485577662985683 ], [ 16.980897629209021, 52.48552803961163 ], [ 16.981063424420075, 52.485568826042964 ], [ 16.98119161045739, 52.485909651491262 ], [ 16.981260984457705, 52.485932601946637 ], [ 16.981717713176732, 52.485849014080245 ], [ 16.981769342896673, 52.485931293986098 ], [ 16.981801233534117, 52.486001263043228 ], [ 16.981825573994303, 52.486054666624028 ], [ 16.981879379541692, 52.486050817722031 ], [ 16.981893199311994, 52.486102950934644 ], [ 16.981930350542044, 52.486179677048341 ], [ 16.981987034832251, 52.486206278120548 ], [ 16.982060548707871, 52.486212839073495 ], [ 16.982240312600563, 52.486106264863622 ], [ 16.982318018434231, 52.486066306438097 ], [ 16.982343241253115, 52.485888648584613 ], [ 16.982332621298855, 52.485872817245813 ], [ 16.982322562037837, 52.485780363603681 ], [ 16.982337159481286, 52.485741487201473 ], [ 16.982360006648399, 52.485712285542597 ], [ 16.982408166024054, 52.485686933529458 ], [ 16.982449612194749, 52.485685931614533 ], [ 16.982485765666173, 52.485703997368653 ], [ 16.98252367060633, 52.485748176603913 ], [ 16.982564800102224, 52.485754094896244 ], [ 16.982662270003559, 52.48571042591302 ], [ 16.982715171198464, 52.485707010926234 ], [ 16.982750768406248, 52.485679285868265 ], [ 16.982717284831253, 52.485538492851404 ], [ 16.982688494907624, 52.485417477505443 ], [ 16.982670346159978, 52.48534080591412 ], [ 16.982314360941093, 52.485187046242807 ], [ 16.982118871397308, 52.485138379574067 ], [ 16.982055613106322, 52.484904616402346 ], [ 16.982559934945733, 52.484891453652466 ], [ 16.983178584562864, 52.484833197910277 ], [ 16.983118984103559, 52.484619195336819 ], [ 16.983029218848255, 52.484320671061809 ], [ 16.983487931822665, 52.484235131557746 ], [ 16.983903165689721, 52.484169266309863 ], [ 16.984309604084707, 52.484095964287889 ], [ 16.984723528419188, 52.484023238150805 ], [ 16.984928130927948, 52.483994974225126 ], [ 16.985166573504575, 52.483996697961224 ], [ 16.985336399006883, 52.48399761217167 ], [ 16.985496215181829, 52.4839725418706 ], [ 16.985765147984619, 52.484412898418562 ], [ 16.985888995832322, 52.484604338558391 ], [ 16.986010671485754, 52.484827221780087 ], [ 16.986108765069165, 52.484831050757563 ], [ 16.986080272188879, 52.484954867459003 ], [ 16.986157818746864, 52.484950521440517 ], [ 16.986604188607281, 52.484925561457629 ], [ 16.987114832540062, 52.484883615058799 ], [ 16.987164765197306, 52.485248465985229 ], [ 16.986987181734403, 52.48541732556501 ], [ 16.986529270123643, 52.485562614764284 ], [ 16.986511123346197, 52.485621218793931 ], [ 16.986834470686922, 52.486173848973905 ], [ 16.987037142730323, 52.486520342770021 ], [ 16.987603601563947, 52.487357101868113 ], [ 16.987622650435767, 52.487385218487198 ], [ 16.988024200441021, 52.487884310140963 ], [ 16.988124985121669, 52.487993956605493 ], [ 16.988476611793764, 52.488370054282477 ], [ 16.988522840956289, 52.488370840490298 ], [ 16.988882294471018, 52.488249413297311 ], [ 16.989517997682288, 52.488034552865365 ], [ 16.989590148485082, 52.488129230440187 ], [ 16.989699270078304, 52.488259704209014 ], [ 16.989802186597384, 52.48840671193306 ], [ 16.989876026886538, 52.488548368468827 ], [ 16.99016751613653, 52.488430999023258 ], [ 16.990601233894196, 52.488257672032546 ], [ 16.990807704733033, 52.488486127903649 ], [ 16.990968589965728, 52.488664160365822 ], [ 16.991577888613342, 52.488417540110532 ], [ 16.991684573709122, 52.488375279413724 ], [ 16.991308285572156, 52.48797071032071 ], [ 16.990515010875139, 52.487062568763186 ], [ 16.991027449913055, 52.486280221996822 ], [ 16.991020298864374, 52.486207606169373 ], [ 16.990569513063956, 52.485666674022312 ], [ 16.990289707248245, 52.485550839788708 ], [ 16.989998500716027, 52.485403960544176 ], [ 16.989791136796271, 52.485169641524202 ], [ 16.989620947083989, 52.484934335021634 ], [ 16.989568725160893, 52.484832440895737 ], [ 16.989356477147481, 52.48472791633808 ], [ 16.989337876197546, 52.484680289879229 ], [ 16.989376211386062, 52.4846247269424 ], [ 16.989529415463664, 52.484560503341342 ], [ 16.989844744469075, 52.484559477105115 ], [ 16.989908155963619, 52.484529074633258 ], [ 16.989986765440158, 52.484391537977125 ], [ 16.99016557337303, 52.484211631741942 ], [ 16.990384864036955, 52.484161661797494 ], [ 16.990624885374601, 52.484225732124457 ], [ 16.990678403609287, 52.484299225687238 ], [ 16.990668346298087, 52.484519865886149 ], [ 16.990518298856603, 52.484750809712885 ], [ 16.990518133421411, 52.484867553439393 ], [ 16.990975091832997, 52.485272866183244 ], [ 16.991383873150109, 52.485374429598608 ], [ 16.991441395836464, 52.485473264881762 ], [ 16.991450391141743, 52.485618586257971 ], [ 16.991541255373576, 52.485777889982479 ], [ 16.99159526453386, 52.485902119488671 ], [ 16.991625538253771, 52.485971710071325 ], [ 16.991794806737509, 52.486337505730553 ], [ 16.991895141758999, 52.486405407610668 ], [ 16.992193234537428, 52.486491957035213 ], [ 16.992422319569027, 52.486463286220314 ], [ 16.992918154747969, 52.486468553401693 ], [ 16.993082763477219, 52.48648393871067 ], [ 16.993597565256636, 52.486532158010604 ], [ 16.993653031307382, 52.486498290847663 ], [ 16.993906997475886, 52.486304903268369 ], [ 16.9940130660435, 52.486243652007332 ], [ 16.993811807725859, 52.485932902016309 ], [ 16.993910882418334, 52.485892578958818 ], [ 16.994020618052893, 52.485847849523736 ], [ 16.994548887088555, 52.485671164977482 ], [ 16.994925218918194, 52.485466088689563 ], [ 16.995899714091809, 52.485157190204383 ], [ 16.99599848019572, 52.485162461452816 ], [ 16.996185125685244, 52.4852472023803 ], [ 16.996316852721176, 52.485263105438968 ], [ 16.996389447634378, 52.485276927318381 ], [ 16.996457393707232, 52.485305511048566 ], [ 16.996555676589047, 52.485370046284388 ], [ 16.996595991134317, 52.48540041046018 ], [ 16.996613282107266, 52.485421929966641 ], [ 16.996605227330271, 52.485446797769725 ], [ 16.996555549649035, 52.485528434301138 ], [ 16.996743324114611, 52.485944994288637 ], [ 16.996797573493733, 52.486002667340024 ], [ 16.997058985721264, 52.486131396199141 ], [ 16.997120438097571, 52.486137563627281 ], [ 16.997189504885576, 52.486141521437268 ], [ 16.997873981825599, 52.485973583306325 ], [ 16.99831148640547, 52.485809736489948 ], [ 16.998478602426296, 52.485747175903413 ], [ 16.99876062520276, 52.48563619116841 ], [ 16.998831731705867, 52.485637394294848 ], [ 16.998875526947781, 52.485656034003156 ], [ 16.999009552736226, 52.485809586142103 ], [ 16.999064427495476, 52.486028806822276 ], [ 16.999059457466469, 52.486245396064092 ], [ 16.99868512671291, 52.486257411068522 ], [ 16.998358075605125, 52.486467650523416 ], [ 16.997603715468582, 52.486688374350642 ], [ 16.997029283751989, 52.486934176703969 ], [ 16.997031522441386, 52.486962726636108 ], [ 16.997054228396781, 52.486978581398738 ], [ 16.99775683248539, 52.487144910214738 ], [ 16.998298800776872, 52.487315441953321 ], [ 16.99915895500601, 52.487497200567901 ], [ 16.999434268900881, 52.487534237214795 ], [ 16.999487328822639, 52.487550065255199 ], [ 16.999400444850433, 52.487756814274086 ], [ 16.999290079318342, 52.487795961549566 ], [ 16.998428203008434, 52.487768787249486 ], [ 16.99804322360724, 52.487748960077404 ], [ 16.997834349530187, 52.487770518639628 ], [ 16.997752353722927, 52.487830561844497 ], [ 16.99774161623894, 52.487908001107087 ], [ 16.997749791839226, 52.487968041718645 ], [ 16.997711512132945, 52.48800957708098 ], [ 16.997630865999611, 52.488023682046872 ], [ 16.997515104616486, 52.488012907763533 ], [ 16.997439245678564, 52.48800271902482 ], [ 16.997310926341964, 52.487947299946718 ], [ 16.997233254352878, 52.487977015185471 ], [ 16.997192356368643, 52.48807615968083 ], [ 16.997096371003863, 52.488110061888307 ], [ 16.996901728044659, 52.488155604828918 ], [ 16.996839395413016, 52.48818171203343 ], [ 16.996817418667849, 52.488198429049547 ], [ 16.996813555249268, 52.488221838810084 ], [ 16.996827642331095, 52.488265250162456 ], [ 16.99690007871769, 52.488350753784424 ], [ 16.996976196072485, 52.488436319696277 ], [ 16.997060430507172, 52.488502145552616 ], [ 16.997182802783204, 52.488526343818648 ], [ 16.997266628361889, 52.488523356008926 ], [ 16.997390609747274, 52.488512143662142 ], [ 16.997511159687154, 52.488498624508438 ], [ 16.997592411037921, 52.488471218263591 ], [ 16.997663980092931, 52.488416934904244 ], [ 16.997767780026319, 52.488369942865553 ], [ 16.997877634686411, 52.48835183506835 ], [ 16.998011449146492, 52.488367411724376 ], [ 16.998155935410885, 52.488404305512411 ], [ 16.998170672630902, 52.488430188764667 ], [ 16.998213473900559, 52.488512941403741 ], [ 16.998203883869568, 52.488610547402509 ], [ 16.998109832991034, 52.488747827959713 ], [ 16.998029088972412, 52.48878027996912 ], [ 16.997944654650773, 52.488796659561771 ], [ 16.997861277930745, 52.488792999653313 ], [ 16.997761355566439, 52.488751373376658 ], [ 16.997659108491739, 52.488683084456639 ], [ 16.997550159406416, 52.488681239985937 ], [ 16.997458715081969, 52.48869300338869 ], [ 16.997290447054727, 52.488719026126105 ], [ 16.997246769379807, 52.488720445192214 ], [ 16.997110536310185, 52.488758073128828 ], [ 16.996972076551121, 52.488766881358231 ], [ 16.996819658050452, 52.488839672505151 ], [ 16.996682060008261, 52.488910555841372 ], [ 16.996557540115223, 52.488975724289048 ], [ 16.996438599655974, 52.488982973715821 ], [ 16.996582549711416, 52.489164579040171 ], [ 16.996712686107564, 52.489115245762214 ], [ 16.996761964858035, 52.489071648423852 ], [ 16.996843777162749, 52.489028692002634 ], [ 16.996923522683375, 52.489034449768582 ], [ 16.996984203023487, 52.489057693380545 ], [ 16.997110805019169, 52.489073148899521 ], [ 16.997314129331144, 52.48907659177241 ], [ 16.997628416759117, 52.489037570865712 ], [ 16.997898670782217, 52.489011025433228 ], [ 16.998106883975712, 52.488987926499988 ], [ 16.998186542781575, 52.48898261892738 ], [ 16.998323833061267, 52.489155294929915 ], [ 16.998527961060589, 52.489439552074721 ], [ 16.998572050402529, 52.489721100882107 ], [ 16.998453429811693, 52.489756959704785 ], [ 16.998278958881485, 52.489838373872026 ], [ 16.998115990791085, 52.489906580932129 ], [ 16.997888859322288, 52.48994707849544 ], [ 16.997620769528119, 52.49000693957673 ], [ 16.99738193735239, 52.490064956904213 ], [ 16.997280336143479, 52.490092648056212 ], [ 16.997197833886879, 52.490115086042564 ], [ 16.996901056030598, 52.490245245059334 ], [ 16.99656579792272, 52.490346689269934 ], [ 16.996249829408708, 52.490432179594855 ], [ 16.996271447294216, 52.490507648428036 ], [ 16.996350091421149, 52.490615473484056 ], [ 16.99644542487755, 52.490683556445653 ], [ 16.996691716499189, 52.49060740884785 ], [ 16.997026555799302, 52.490518459289703 ], [ 16.997315871778035, 52.490523358286019 ], [ 16.99761918130287, 52.490557545136582 ], [ 16.99763645607084, 52.490547044396905 ], [ 16.997722240848997, 52.490494530689432 ], [ 16.997783979106195, 52.490413457637736 ], [ 16.997805457654671, 52.490342856017207 ], [ 16.997895037249378, 52.490291125970153 ], [ 16.997962123823427, 52.490254485367551 ], [ 16.998034710077714, 52.490255713967848 ], [ 16.998206112058533, 52.490323014299307 ], [ 16.998365819184855, 52.490407745337642 ], [ 16.998439568145347, 52.490464488327689 ], [ 16.99845178076265, 52.490513534158111 ], [ 16.998403322140337, 52.490581250851108 ], [ 16.998438627329648, 52.49064417894779 ], [ 16.998506170403985, 52.490678600899912 ], [ 16.99860836677524, 52.490667018598003 ], [ 16.998776282725817, 52.490652140946885 ], [ 16.998899511066579, 52.490660881632941 ], [ 16.998952580252702, 52.490692809871533 ], [ 16.998939269037415, 52.490745831049544 ], [ 16.998916380126175, 52.490847529348059 ], [ 16.998897727330377, 52.49094030498933 ], [ 16.99894182312493, 52.491007608978045 ], [ 16.999058249963653, 52.491085040969871 ], [ 16.999101889469706, 52.491165648768721 ], [ 16.999094585063851, 52.491245394760561 ], [ 16.999063363587183, 52.491293705748944 ], [ 16.999030803252619, 52.491368257492304 ], [ 16.999134269114172, 52.491357955407722 ], [ 16.99998990465944, 52.491215745462725 ], [ 17.000122298188138, 52.491207640574089 ], [ 17.000128052051814, 52.491298400585777 ], [ 17.000251170748935, 52.491390785148731 ], [ 17.000358140313896, 52.491433157988524 ], [ 17.000506741419638, 52.491444574507362 ], [ 17.000649645630418, 52.491428911590695 ], [ 17.00072435193842, 52.491454908733218 ], [ 17.000720633507761, 52.491536874051064 ], [ 17.000691842361249, 52.491609601134357 ], [ 17.000595851843716, 52.491643506112858 ], [ 17.000488204197147, 52.491612814643936 ], [ 17.000388069073761, 52.491575684228529 ], [ 17.000220097482156, 52.491594970462359 ], [ 17.000132328710386, 52.49160679810776 ], [ 17.000063732739939, 52.49167669338987 ], [ 17.00006041275558, 52.49174985099885 ], [ 17.000115205316217, 52.491808790786841 ], [ 17.00024293748044, 52.491890460165152 ], [ 17.000321695725603, 52.491996035822488 ], [ 17.000339865879688, 52.492076212540354 ], [ 17.000335441137224, 52.49217372607049 ], [ 17.000315315958495, 52.492217817756163 ], [ 17.000223106797172, 52.492249537789107 ], [ 17.000080254029946, 52.492273745678467 ], [ 17.000000081264798, 52.492270771102248 ], [ 16.999971397882184, 52.492269656494585 ], [ 16.999859221368546, 52.492338724803403 ], [ 16.999797438848155, 52.492417549579976 ], [ 16.999781552523693, 52.492446152690526 ], [ 16.999866104640748, 52.49250523606073 ], [ 16.999972142832746, 52.492571428415815 ], [ 16.999997901409909, 52.492666214343721 ], [ 17.000000143073727, 52.492668770656039 ], [ 17.000041875754786, 52.492716786399477 ], [ 17.000319979760938, 52.49275476733137 ], [ 17.000543046329241, 52.492807377423553 ], [ 17.000758755380655, 52.492859772788833 ], [ 17.000876621925073, 52.492938126678183 ], [ 17.000942130823425, 52.493066233566154 ], [ 17.000936714182274, 52.493253853360926 ], [ 17.000935143260634, 52.493307972582464 ], [ 17.000943621647533, 52.493361452155675 ], [ 17.00097128433568, 52.493398076812234 ], [ 17.00107439846175, 52.493496328425415 ], [ 17.001109984516866, 52.493536954503135 ], [ 17.001114177432861, 52.493567965798675 ], [ 17.001097292458372, 52.493589356750867 ], [ 17.001040168741731, 52.493610967112204 ], [ 17.001030263227758, 52.493644168613912 ], [ 17.001012039633146, 52.493769781024781 ], [ 17.001010583608828, 52.493993534931661 ], [ 17.001019629013264, 52.494118978578719 ], [ 17.001033864200501, 52.494156005890652 ], [ 17.001065457317914, 52.494187210409322 ], [ 17.001098373784089, 52.494205485472378 ], [ 17.001127971929971, 52.494215699511678 ], [ 17.001156302907276, 52.494231108831237 ], [ 17.001162771985246, 52.494247677742159 ], [ 17.001164774527297, 52.494291244054992 ], [ 17.001191732875956, 52.494889191760308 ], [ 17.001349929710592, 52.494929730964984 ], [ 17.002010881379015, 52.494945304407594 ], [ 17.002465557468327, 52.494937423480373 ], [ 17.002816452922037, 52.494894599559494 ], [ 17.003132752236329, 52.494893283923979 ], [ 17.00331170073386, 52.494953958295291 ], [ 17.003559974940607, 52.495091264753839 ], [ 17.003664620337972, 52.495129907600095 ], [ 17.003947771868848, 52.495196746829571 ], [ 17.004391880475605, 52.495259555289131 ], [ 17.005005119324469, 52.495284290648222 ], [ 17.006037457799987, 52.495445876238612 ], [ 17.007276592204057, 52.495613185346826 ], [ 17.008224076826973, 52.495722324504449 ], [ 17.009454709180307, 52.495918339201026 ], [ 17.009982770000715, 52.495975973447116 ], [ 17.010658103506636, 52.496071609725639 ], [ 17.010751749637954, 52.495851385275287 ], [ 17.01104351375194, 52.495104188481527 ], [ 17.011106193015078, 52.494907187981134 ], [ 17.011728206460447, 52.495008487537859 ], [ 17.012075868729614, 52.49507306368514 ], [ 17.012500014897373, 52.49514414064636 ], [ 17.012348292997157, 52.495913751456733 ], [ 17.012302339842865, 52.496285612876555 ], [ 17.013422302695194, 52.496439791618933 ], [ 17.014539292858373, 52.496578349674998 ], [ 17.015002913461181, 52.496630652423448 ], [ 17.015349794027571, 52.496726056100599 ], [ 17.015542271734851, 52.496764992706055 ], [ 17.016010028221903, 52.496836788530381 ], [ 17.016190609950492, 52.496871567058378 ], [ 17.016237052716374, 52.496871086744896 ], [ 17.016336377971712, 52.496864567655493 ], [ 17.016432984706494, 52.496836596491569 ], [ 17.016620299453876, 52.496747995702314 ], [ 17.016839463015948, 52.496662267104917 ], [ 17.017151381950097, 52.496571886943777 ], [ 17.017578622186988, 52.496437118165559 ], [ 17.01798108216078, 52.496306070013929 ], [ 17.01891685139309, 52.496001459602063 ], [ 17.01927903714942, 52.495890869120721 ], [ 17.019548353631844, 52.495823514217079 ], [ 17.019693981832006, 52.495793303106282 ], [ 17.019790216256805, 52.49578007361854 ], [ 17.019938183120225, 52.495769958613451 ], [ 17.020161561511571, 52.495777115486156 ], [ 17.020211916257121, 52.495781376124285 ], [ 17.020351639830203, 52.495797295996994 ], [ 17.020558795801051, 52.495817851927633 ], [ 17.02096727451876, 52.495864171727895 ], [ 17.021402570640909, 52.495910578921134 ], [ 17.021932145182703, 52.495961079527298 ], [ 17.022727535256433, 52.496045162869692 ], [ 17.022874736337339, 52.496058686342835 ], [ 17.023383727347845, 52.496121338421105 ], [ 17.023962712730967, 52.496230128994512 ], [ 17.024379491548196, 52.496308415349489 ], [ 17.024783606806093, 52.49640294828869 ], [ 17.025100898546199, 52.496465179914011 ], [ 17.025457002658438, 52.496529497656645 ], [ 17.025594586580151, 52.49657352766647 ], [ 17.025627368957736, 52.496604925214641 ], [ 17.02564746534788, 52.49663988860609 ], [ 17.025648705111596, 52.496704308306981 ], [ 17.025634916664437, 52.496745631711391 ], [ 17.025578568810626, 52.496865214466041 ], [ 17.025456578972044, 52.497134175685332 ], [ 17.025308874774463, 52.497391554608761 ], [ 17.025185260255924, 52.497752589792732 ], [ 17.025085130037457, 52.49804008399952 ], [ 17.025028658834689, 52.498234676673292 ], [ 17.025000036279941, 52.4983406010411 ], [ 17.024954208340446, 52.498452264292567 ], [ 17.024898972780257, 52.498553516974305 ], [ 17.024867961634818, 52.498666686787324 ], [ 17.024863148677131, 52.498705011970046 ], [ 17.024866809554531, 52.498728548150218 ], [ 17.024875248592732, 52.498770422487134 ], [ 17.024893319879705, 52.498804542694373 ], [ 17.024931205263904, 52.49883719487817 ], [ 17.024988260173092, 52.498882759093725 ], [ 17.025066884838814, 52.498933720196732 ], [ 17.025246290319881, 52.499024679337808 ], [ 17.025303458693777, 52.499097318049202 ], [ 17.025643679897151, 52.499190961065125 ], [ 17.025928508438728, 52.499333506953946 ], [ 17.026138602920689, 52.499420479720278 ], [ 17.026287744771253, 52.499538994370198 ], [ 17.026498703348825, 52.499738319327257 ], [ 17.026666149777988, 52.499846345738568 ], [ 17.026828523400354, 52.49993602892237 ], [ 17.027094692904768, 52.500070885381646 ], [ 17.027462244889133, 52.500298273946029 ], [ 17.027595690017531, 52.500352755785414 ], [ 17.027909326985974, 52.500434796004512 ], [ 17.028056980515135, 52.500511010484722 ], [ 17.028075112663011, 52.500524084606532 ], [ 17.028349678677035, 52.500721768178835 ], [ 17.028559834903312, 52.500863602593235 ], [ 17.028937819240404, 52.501078838167217 ], [ 17.029074227754865, 52.501182476361869 ], [ 17.02910675360064, 52.501213149067887 ], [ 17.029120845745915, 52.501253947988005 ], [ 17.029077648157642, 52.501330039277967 ], [ 17.028913229825751, 52.501628427683087 ], [ 17.028413778491718, 52.502645270586065 ], [ 17.028298406561824, 52.502842120864038 ], [ 17.028379584746013, 52.502912010172054 ], [ 17.026862444763289, 52.503153753956738 ], [ 17.025122956422312, 52.503426574408223 ], [ 17.024575769611516, 52.503520242614236 ], [ 17.023168205978614, 52.503736606341491 ], [ 17.022124874924437, 52.503896263839394 ], [ 17.021266303031116, 52.504047490125025 ], [ 17.019867748065302, 52.504262706261379 ], [ 17.019414421333568, 52.504336875185878 ], [ 17.017696114711583, 52.504605264576163 ], [ 17.017717825132227, 52.504515865510719 ], [ 17.017810210718149, 52.504451035824388 ], [ 17.017820753959562, 52.504357582081617 ], [ 17.017736862265433, 52.504092823959134 ], [ 17.017607246886545, 52.503989286448082 ], [ 17.01739325500251, 52.503913476141911 ], [ 17.017049294060321, 52.503814080498842 ], [ 17.016849664660665, 52.503723759332729 ], [ 17.016785423812131, 52.503595593208082 ], [ 17.016714045903427, 52.503478640177029 ], [ 17.016246097778161, 52.502941480480054 ], [ 17.016147642611976, 52.502830189108749 ], [ 17.015980483971759, 52.502676821404187 ], [ 17.015833833740555, 52.502513184194214 ], [ 17.015678286484164, 52.502383485873061 ], [ 17.015548621656613, 52.502258358905841 ], [ 17.015417368911251, 52.502139051432017 ], [ 17.015334242203789, 52.502054009980185 ], [ 17.015247898099549, 52.501955333118076 ], [ 17.015166611186, 52.501875269265341 ], [ 17.015117932030687, 52.50183694631108 ], [ 17.015038018557366, 52.501762391923435 ], [ 17.014878966323529, 52.501605920666513 ], [ 17.014871306253511, 52.501592750408456 ], [ 17.014852575642866, 52.501560326487478 ], [ 17.014833181216371, 52.501516468683157 ], [ 17.014823670677075, 52.501482220743895 ], [ 17.014811559301361, 52.501414110649861 ], [ 17.014801981042478, 52.501338847637754 ], [ 17.014794348281491, 52.501295636924091 ], [ 17.014780879881176, 52.50124783113214 ], [ 17.014763120738255, 52.501210206812637 ], [ 17.014733154269958, 52.501172017846926 ], [ 17.014507883242921, 52.501189913192242 ], [ 17.014282616762145, 52.501181544874619 ], [ 17.013935735330037, 52.501186784393276 ], [ 17.0135501865952, 52.501229149570854 ], [ 17.013385459920087, 52.501267307244504 ], [ 17.013257337415791, 52.501274869298207 ], [ 17.013149878871705, 52.501245811773273 ], [ 17.012929385891194, 52.501245975683197 ], [ 17.012621783387964, 52.501269140182927 ], [ 17.012514769030787, 52.501295584291618 ], [ 17.012441445489504, 52.501359291077002 ], [ 17.012423656726252, 52.501436702827029 ], [ 17.012445636361786, 52.501975290241312 ], [ 17.012465783591345, 52.502381360990576 ], [ 17.012571827493012, 52.502974337023673 ], [ 17.012575081300852, 52.503059027908449 ], [ 17.012543482072193, 52.503292258468463 ], [ 17.012549384290367, 52.50364493356647 ], [ 17.012584873518495, 52.503825325539708 ], [ 17.012744010623681, 52.504221678783402 ], [ 17.01280559936777, 52.504444332523725 ], [ 17.012866402838373, 52.504766090016197 ], [ 17.012939677395046, 52.504929038041013 ], [ 17.013114542676881, 52.505006267942328 ], [ 17.013393949505041, 52.50504999565883 ], [ 17.013730712192555, 52.505037751970079 ], [ 17.013783859125134, 52.505052225690534 ], [ 17.013840893895242, 52.505088350934571 ], [ 17.013905770375452, 52.50514997167523 ], [ 17.013919460076888, 52.505169988928017 ], [ 17.013919617171723, 52.505192657150651 ], [ 17.013260770600702, 52.505300138568288 ], [ 17.013100007821102, 52.505325230849458 ], [ 17.012211635521552, 52.505456103810559 ], [ 17.011614417251828, 52.505556516799302 ], [ 17.010007954866953, 52.505810395281074 ], [ 17.00874843922141, 52.506005873375777 ], [ 17.008586678013675, 52.506033371204445 ], [ 17.006217310875552, 52.506415833425663 ], [ 17.004100414517204, 52.50673945835284 ], [ 17.004101472559949, 52.507613901175532 ], [ 17.00415543367631, 52.508352073515447 ], [ 17.004171044790077, 52.508830563237289 ], [ 17.004152334440029, 52.509184892370243 ], [ 17.004122783461519, 52.509472660745658 ], [ 17.00409004613714, 52.510103957121402 ], [ 17.004093233049019, 52.510576840544083 ], [ 17.004164717084603, 52.511491146435247 ], [ 17.004232803329689, 52.511543652432259 ], [ 17.004298633287718, 52.511567878272174 ], [ 17.00436688193977, 52.511574516077253 ], [ 17.00453816857609, 52.511591076662427 ], [ 17.004559567086453, 52.511564544685761 ], [ 17.004681881154731, 52.5115166894347 ], [ 17.004815095324282, 52.511504815140491 ], [ 17.004964682767671, 52.511538278175017 ], [ 17.005094805000613, 52.511568624557697 ], [ 17.005206325761975, 52.51158003897838 ], [ 17.005341729150274, 52.511620727619075 ], [ 17.005526156345066, 52.511727990811437 ], [ 17.005833145212566, 52.511827515944795 ], [ 17.00602452638978, 52.511934265960853 ], [ 17.006133624737672, 52.512022000120552 ], [ 17.006217769110673, 52.512100859003255 ], [ 17.006254151912263, 52.512189436229356 ], [ 17.00626657741071, 52.512295958035082 ], [ 17.007019256199875, 52.51241108507768 ], [ 17.006857267171132, 52.512749239271479 ], [ 17.006578588496367, 52.513349589085685 ], [ 17.006385839392909, 52.513904616050816 ], [ 17.006380877233251, 52.513926298586227 ], [ 17.006324936404397, 52.514171979013199 ], [ 17.006142832776646, 52.514485238873476 ], [ 17.005835740165043, 52.515012614175212 ], [ 17.005593637231847, 52.515406979606695 ], [ 17.005509486296468, 52.515529951840691 ], [ 17.005395853979383, 52.515649548811453 ], [ 17.00516404052475, 52.51590449566153 ], [ 17.005116562239234, 52.515956671400424 ], [ 17.005062345383621, 52.516069714696805 ], [ 17.005015670401761, 52.516201773126788 ], [ 17.004989768460643, 52.516356937352001 ], [ 17.004968083515354, 52.516448313311479 ], [ 17.004921407102369, 52.516577133737592 ], [ 17.00483507439446, 52.516735146387681 ], [ 17.004773193960578, 52.516805787209037 ], [ 17.0047291283486, 52.51684443898985 ], [ 17.004606031742259, 52.516938511740534 ], [ 17.004546696448799, 52.516972498720875 ], [ 17.004467591849203, 52.517010019762708 ], [ 17.004362340183963, 52.517042152855417 ], [ 17.004387432762098, 52.517054538501853 ], [ 17.004401471302877, 52.517083107272796 ], [ 17.004416820175337, 52.517173848598972 ], [ 17.004420176051781, 52.517194142327526 ], [ 17.005014225808697, 52.517226106962333 ], [ 17.005356363827936, 52.517237272301209 ], [ 17.005449737629995, 52.51723300022136 ], [ 17.005771817175496, 52.517218282453939 ], [ 17.006086436629708, 52.51722178640393 ], [ 17.006970108633411, 52.517320952259446 ], [ 17.007162853467548, 52.517349293072854 ], [ 17.007334638495848, 52.517410739245783 ], [ 17.007426560467678, 52.517438550703957 ], [ 17.007569952057175, 52.51746605963222 ], [ 17.00777661753667, 52.517499580720227 ], [ 17.007909372694758, 52.517524301787773 ], [ 17.007949870715393, 52.517538385145713 ], [ 17.008122443715187, 52.5176150437457 ], [ 17.008306154862858, 52.517712756302735 ], [ 17.008434603352534, 52.517783814709297 ], [ 17.008530701444251, 52.517839937604656 ], [ 17.008771617139391, 52.517921433250976 ], [ 17.008840873023086, 52.51794841239667 ], [ 17.00894377656304, 52.517961656874967 ], [ 17.009065524864486, 52.517972250275683 ], [ 17.009140661845745, 52.517973514657804 ], [ 17.009187659293723, 52.517974305492181 ], [ 17.009238721022207, 52.517989555526469 ], [ 17.009274477130823, 52.518030271613057 ], [ 17.009286804127488, 52.518070683412013 ], [ 17.009275692784858, 52.51810773272436 ], [ 17.009241022166101, 52.518147353726548 ], [ 17.009192082002894, 52.518189522830731 ], [ 17.009133322591321, 52.518240161181318 ], [ 17.009070642058667, 52.518276432631247 ], [ 17.009055072007332, 52.518307740502998 ], [ 17.009067272884202, 52.518350938425044 ], [ 17.009106833286193, 52.518411865739679 ], [ 17.009254045199032, 52.518586493168883 ], [ 17.009293610127887, 52.518647330549129 ], [ 17.009365136780207, 52.518731731012821 ], [ 17.009572796877393, 52.518818421761338 ], [ 17.009701510654448, 52.518883726875522 ], [ 17.009829578847704, 52.518963321871318 ], [ 17.009945059643911, 52.519008256958024 ], [ 17.009992058218963, 52.519009047483806 ], [ 17.010063518284976, 52.518987314041098 ], [ 17.010117303101577, 52.518942347897728 ], [ 17.010129843813925, 52.518873662735871 ], [ 17.010132951283722, 52.518804908858996 ], [ 17.010294027442193, 52.5183629413091 ], [ 17.010442040513883, 52.518001162611668 ], [ 17.010497249189399, 52.517924650365117 ], [ 17.010572723580466, 52.517814030824077 ], [ 17.010696542893083, 52.517778786606847 ], [ 17.01077053879624, 52.51775961378214 ], [ 17.012214638113374, 52.517986346408165 ], [ 17.012068773673587, 52.518353110172164 ], [ 17.011812033102625, 52.519023455787497 ], [ 17.011805634560673, 52.519050870710643 ], [ 17.011797413649646, 52.519085990076128 ], [ 17.01179852982763, 52.519191871320871 ], [ 17.011836234252467, 52.519267876857477 ], [ 17.011927225981132, 52.519339291309286 ], [ 17.012027795322293, 52.519391259124511 ], [ 17.01212336437397, 52.519423355458876 ], [ 17.012191017463785, 52.51945327378273 ], [ 17.012247798624362, 52.519498659427434 ], [ 17.012267378005578, 52.519531997320755 ], [ 17.012275383031437, 52.519563701672816 ], [ 17.012294512051103, 52.519607015626242 ], [ 17.012311297202832, 52.519653258305063 ], [ 17.012325404494554, 52.519706561459884 ], [ 17.012352120959136, 52.519738580159 ], [ 17.01241177935303, 52.519772501400844 ], [ 17.01251127883895, 52.519805742752602 ], [ 17.012546019714506, 52.51981352175423 ], [ 17.01257086931432, 52.519749720150806 ], [ 17.012590848491605, 52.519695820360226 ], [ 17.012597851163999, 52.519655014097367 ], [ 17.012601964864842, 52.519573685125231 ], [ 17.012604937223973, 52.519514372922906 ], [ 17.01260845638161, 52.519482142634999 ], [ 17.012702465518444, 52.519222168591746 ], [ 17.012732131857355, 52.51915943722851 ], [ 17.01274847279274, 52.519127332357222 ], [ 17.012765366706677, 52.51908624250909 ], [ 17.012848242874714, 52.518919351856873 ], [ 17.012882848415963, 52.518815779517681 ], [ 17.013105372561458, 52.518249820113006 ], [ 17.013154284195593, 52.518126520679886 ], [ 17.013481204290432, 52.518167987379535 ], [ 17.013641442280534, 52.518194782391433 ], [ 17.013584569397466, 52.518389992392144 ], [ 17.013594839195523, 52.518433607106481 ], [ 17.013678625118743, 52.518494825655161 ], [ 17.01380407708016, 52.51852796199379 ], [ 17.01394966468775, 52.518552711774738 ], [ 17.014154085858813, 52.518587173337203 ], [ 17.014322600441542, 52.51860376293191 ], [ 17.014482640334329, 52.518621918972471 ], [ 17.014572186235903, 52.518637182924444 ], [ 17.014740613461164, 52.518658987126052 ], [ 17.014835835078898, 52.518672637205469 ], [ 17.015001867996233, 52.518711579895509 ], [ 17.015285670252553, 52.518731721281611 ], [ 17.015495895322239, 52.518781388228113 ], [ 17.015679887762577, 52.51885696800727 ], [ 17.015709627129461, 52.518916828898242 ], [ 17.015635576599298, 52.519038628385786 ], [ 17.015436967785341, 52.519316727458666 ], [ 17.015463284657052, 52.519311862279743 ], [ 17.015488625840707, 52.519312287341904 ], [ 17.015950414122813, 52.519413842338743 ], [ 17.016021075203774, 52.519429418083902 ], [ 17.016040797472531, 52.519404025226883 ], [ 17.016282824491235, 52.519091575553155 ], [ 17.016889497799745, 52.519246643432098 ], [ 17.016666634253856, 52.519539628199531 ], [ 17.016639673371415, 52.519575153265251 ], [ 17.016438180238449, 52.519923900474488 ], [ 17.016415737092434, 52.519950776802553 ], [ 17.016389240820761, 52.519966162467142 ], [ 17.016360970303062, 52.519968566649631 ], [ 17.016306898455607, 52.519967660069682 ], [ 17.015819129210193, 52.519833921077471 ], [ 17.015777986023025, 52.51982423681747 ], [ 17.015327452400427, 52.519731324578039 ], [ 17.015232786371246, 52.519711837965858 ], [ 17.015061044296669, 52.520054516179627 ], [ 17.015039164445827, 52.520098310907912 ], [ 17.015244023514736, 52.520133047697271 ], [ 17.015594823175764, 52.52019793431019 ], [ 17.015662125016846, 52.520212824319565 ], [ 17.015679432452878, 52.520247562600744 ], [ 17.015660735235471, 52.520295997888375 ], [ 17.01563026880342, 52.520347113941341 ], [ 17.015591113761229, 52.520433971343124 ], [ 17.015601266560481, 52.52046715055252 ], [ 17.015608180343211, 52.520523120847479 ], [ 17.015733503569102, 52.520624699212277 ], [ 17.015895642959006, 52.520704409203724 ], [ 17.016009673876457, 52.520732674594363 ], [ 17.016110355366298, 52.520736521483776 ], [ 17.016247181572293, 52.520736657082146 ], [ 17.016310057330688, 52.520702543752861 ], [ 17.016330802443896, 52.520641370861576 ], [ 17.016451633412991, 52.520597256136845 ], [ 17.016534736369692, 52.520591993589193 ], [ 17.016737183928058, 52.520575599968808 ], [ 17.017036675252193, 52.520565239697632 ], [ 17.017287780015476, 52.520270568910171 ], [ 17.017519594778037, 52.519922868040979 ], [ 17.017614537090012, 52.519782349647059 ], [ 17.01761482442128, 52.519775968540387 ], [ 17.01764941876106, 52.519678960510852 ], [ 17.017908699386393, 52.519281081424872 ], [ 17.018130311711623, 52.51887483573654 ], [ 17.017746245348469, 52.51881542537636 ], [ 17.017786174137797, 52.518724352942272 ], [ 17.017821480968255, 52.518670439279788 ], [ 17.017877813109195, 52.518621105153912 ], [ 17.017976083308593, 52.518576880763668 ], [ 17.018120402554295, 52.518557802117947 ], [ 17.018306975965206, 52.518592497159275 ], [ 17.01847469138098, 52.518626876065909 ], [ 17.018680264226091, 52.518603066293032 ], [ 17.01877874968077, 52.518557315822925 ], [ 17.018771365278077, 52.518462572602147 ], [ 17.018557833690789, 52.518286486824081 ], [ 17.018404063067443, 52.518129030337143 ], [ 17.018382300535894, 52.518068764088696 ], [ 17.01841985835863, 52.51799429110644 ], [ 17.018533780160645, 52.517880712864958 ], [ 17.018665278433222, 52.517759873692249 ], [ 17.018706759086619, 52.517637526929533 ], [ 17.01868336893066, 52.517518411038857 ], [ 17.018619703303383, 52.517409683578492 ], [ 17.018566100548735, 52.517323070597818 ], [ 17.018795892611358, 52.517098374809677 ], [ 17.019235767429521, 52.516690385296137 ], [ 17.018769393212008, 52.516484792527017 ], [ 17.018621223299924, 52.516337323716293 ], [ 17.018619144869774, 52.516222971885256 ], [ 17.018687397432242, 52.516065905919113 ], [ 17.018948248074842, 52.515776611543558 ], [ 17.01903067519434, 52.515802546062588 ], [ 17.019215009240451, 52.515870391077023 ], [ 17.019191408000367, 52.515995196001583 ], [ 17.01911422864476, 52.516108220805584 ], [ 17.019069957166227, 52.516210733625968 ], [ 17.019045383136195, 52.516278498637654 ], [ 17.019176000894145, 52.516370448300073 ], [ 17.019192268549034, 52.516454547141997 ], [ 17.019276180454408, 52.516506499739585 ], [ 17.019410724182517, 52.516688187598575 ], [ 17.019526319486086, 52.516799492846332 ], [ 17.019852816206882, 52.516909291222284 ], [ 17.020056339969479, 52.516989868120852 ], [ 17.020209915198386, 52.516735292374996 ], [ 17.020052725784335, 52.516706308703654 ], [ 17.019961644416878, 52.516649829493957 ], [ 17.019907694521294, 52.51656761849906 ], [ 17.019902372044072, 52.516446646616394 ], [ 17.019952824182894, 52.516364024304302 ], [ 17.020030001866058, 52.516250998941054 ], [ 17.020142105891807, 52.516079285862517 ], [ 17.020862595362914, 52.516256745134051 ], [ 17.021000291260076, 52.516381550249811 ], [ 17.020791068662479, 52.516709848395848 ], [ 17.020766974441585, 52.516845708277479 ], [ 17.020789601553862, 52.516903200324535 ], [ 17.020702558724015, 52.516996273766573 ], [ 17.020603647336106, 52.517031945120706 ], [ 17.020477926021449, 52.51703757672496 ], [ 17.020410885141956, 52.51707270184977 ], [ 17.020420938545868, 52.517134390766408 ], [ 17.020497855241139, 52.517164909045313 ], [ 17.020916196097396, 52.517320942531285 ], [ 17.021152422663562, 52.517326782655495 ], [ 17.021271757399219, 52.517315646962956 ], [ 17.021931204804947, 52.516509186657167 ], [ 17.022058828970358, 52.516553053723634 ], [ 17.022129111496177, 52.51646212755783 ], [ 17.02281739598255, 52.51665117865263 ], [ 17.022617497283974, 52.517028204710776 ], [ 17.022613081528689, 52.517257844091056 ], [ 17.022942952474896, 52.518034793789653 ], [ 17.022928429878274, 52.518095532120988 ], [ 17.022756711534935, 52.518383356612382 ], [ 17.022779543877505, 52.518462617755731 ], [ 17.022852868252023, 52.51853381838432 ], [ 17.022952883900981, 52.51859835953416 ], [ 17.023052455331985, 52.518607128831107 ], [ 17.023135907570094, 52.518649806856516 ], [ 17.023165836531135, 52.518702383631897 ], [ 17.023240049690259, 52.518753811514621 ], [ 17.023426161263433, 52.518864582067181 ], [ 17.023564327447094, 52.518933267793635 ], [ 17.023772354043452, 52.519015712231301 ], [ 17.024185160299869, 52.519124871379802 ], [ 17.024692948839057, 52.519210431009363 ], [ 17.025162481502786, 52.519300836386279 ], [ 17.025172901512093, 52.51933150080329 ], [ 17.025171832126745, 52.519407934035264 ], [ 17.025174426266062, 52.519455287063167 ], [ 17.025205756015133, 52.519493136115415 ], [ 17.025303593559197, 52.519524180284421 ], [ 17.025417868760712, 52.519533912521389 ], [ 17.025481863323094, 52.51952067968903 ], [ 17.02551080191294, 52.519467197173135 ], [ 17.025892687367094, 52.518756818390756 ], [ 17.025959557306042, 52.518725464910069 ], [ 17.026063499756688, 52.518715686509587 ], [ 17.026425326082148, 52.518774788744402 ], [ 17.026662446199186, 52.518833249032056 ], [ 17.026873783844039, 52.518891278862149 ], [ 17.027079095565831, 52.518929150663737 ], [ 17.027338423914212, 52.518965854077329 ], [ 17.027641397726573, 52.519005802915906 ], [ 17.027843168599802, 52.518974628520176 ], [ 17.028002476071656, 52.518950031359303 ], [ 17.028243323701318, 52.519014216955419 ], [ 17.028040363514243, 52.519420881774927 ], [ 17.027707779322739, 52.519511936186007 ], [ 17.027729046382376, 52.519586852966036 ], [ 17.027849819961453, 52.519672062912861 ], [ 17.02789450887078, 52.519724434758253 ], [ 17.028011359865683, 52.519795188365556 ], [ 17.028159455979239, 52.519846495382559 ], [ 17.028237849930051, 52.519923263558582 ], [ 17.028225445660023, 52.519956605348916 ], [ 17.028200633036345, 52.520023378799969 ], [ 17.02810722769771, 52.520117161028629 ], [ 17.027923140157601, 52.520148450769156 ], [ 17.027557594144604, 52.520119421914707 ], [ 17.027070035901694, 52.520085479232868 ], [ 17.026719791438762, 52.520030889465119 ], [ 17.026478079016442, 52.519969474588777 ], [ 17.026321694393467, 52.519955083469299 ], [ 17.026127301787852, 52.519893917581314 ], [ 17.025786900620243, 52.519830315121375 ], [ 17.025536109979424, 52.519793840759604 ], [ 17.025328715011863, 52.519759619173009 ], [ 17.025195660024114, 52.519836547739224 ], [ 17.025156542227819, 52.520064348608258 ], [ 17.025226750283462, 52.520267621126884 ], [ 17.025238137402141, 52.520299740752741 ], [ 17.025303438544494, 52.520484223287177 ], [ 17.025329261718188, 52.52056596223759 ], [ 17.025401715238708, 52.520794815752076 ], [ 17.025427963648767, 52.520893381005031 ], [ 17.025471983823312, 52.521059249944521 ], [ 17.025590664128966, 52.521302905788765 ], [ 17.025813175450264, 52.521358605495855 ], [ 17.026381480810535, 52.521341463810508 ], [ 17.027341970162702, 52.52128228999198 ], [ 17.027392685017567, 52.521279178078871 ], [ 17.027712932668805, 52.521256454935497 ], [ 17.028194854663401, 52.52122230449654 ], [ 17.028251241599257, 52.521224233576007 ], [ 17.030915894905867, 52.521008047556165 ], [ 17.031224733585024, 52.520986474186209 ], [ 17.031368732777253, 52.520948216320029 ], [ 17.031570220661454, 52.520963081299911 ], [ 17.031759095189329, 52.521052298301207 ], [ 17.032253517202246, 52.521546570571786 ], [ 17.032721613288306, 52.52192077966771 ], [ 17.032849827780058, 52.521747434013079 ], [ 17.033025110009905, 52.521523873431853 ], [ 17.033525181762862, 52.521667639061938 ], [ 17.033639670827515, 52.521524195117166 ], [ 17.03370410483679, 52.521441709567931 ], [ 17.033010649153226, 52.521207305909812 ], [ 17.032448534007067, 52.521053062354355 ], [ 17.032087865209554, 52.520917996735847 ], [ 17.031857908535631, 52.520853910324291 ], [ 17.031685394591488, 52.520820909787894 ], [ 17.031559877979525, 52.520788780857664 ], [ 17.031458113933063, 52.520749761664256 ], [ 17.031346810521551, 52.520716339965787 ], [ 17.031170979467834, 52.520704779699152 ], [ 17.031092881883108, 52.5207135536265 ], [ 17.031035251973719, 52.520742725265571 ], [ 17.030976899818601, 52.520784746613067 ], [ 17.030942632300334, 52.520815746085049 ], [ 17.030859309086598, 52.520835855570404 ], [ 17.030729862285366, 52.520842155670884 ], [ 17.030691067695347, 52.520852392980338 ], [ 17.030499907330395, 52.520853888035482 ], [ 17.030318152836024, 52.520846185363816 ], [ 17.030164103519674, 52.520799279100913 ], [ 17.030077917286707, 52.520718604926465 ], [ 17.030052329771131, 52.520651171835461 ], [ 17.030170347694536, 52.520498256033378 ], [ 17.030440513726305, 52.520141365330005 ], [ 17.031053735024212, 52.520365724692965 ], [ 17.031195035042234, 52.520417454422414 ], [ 17.031563812616287, 52.520552387902192 ], [ 17.032242983554028, 52.520772801438085 ], [ 17.032705616888954, 52.520955612527516 ], [ 17.03290390839642, 52.521032122514413 ], [ 17.033768685942391, 52.521359226428743 ], [ 17.034210325113371, 52.521520456255885 ], [ 17.034428097892619, 52.521599985588637 ], [ 17.034659365634013, 52.521684415677484 ], [ 17.035014824996608, 52.52180436646281 ], [ 17.035350679799031, 52.521917604730064 ], [ 17.035627083036115, 52.522011686650998 ], [ 17.035815615785026, 52.522075797506545 ], [ 17.035962862801345, 52.52213328653901 ], [ 17.036090029346429, 52.522184775713782 ], [ 17.036264952774093, 52.522273034294408 ], [ 17.036438685138471, 52.522364870533764 ], [ 17.036541480906866, 52.522417303892553 ], [ 17.036693439273051, 52.522494837360931 ], [ 17.036959763519718, 52.522653057569435 ], [ 17.036664932985456, 52.522922399471277 ], [ 17.03730570690141, 52.523062817226695 ], [ 17.037353169439911, 52.523132680172637 ], [ 17.037487244797905, 52.523115296721791 ], [ 17.037550656457523, 52.523158171634854 ], [ 17.037760209483675, 52.523336404880489 ], [ 17.038020224177441, 52.523580142966431 ], [ 17.038024046366466, 52.523583714092965 ], [ 17.038027725213158, 52.52358719290023 ], [ 17.038182858736665, 52.523732593471927 ], [ 17.038027106423055, 52.523898832397954 ], [ 17.037929071156501, 52.523987598647402 ], [ 17.037907395169057, 52.524000820468004 ], [ 17.037871360732822, 52.524005349606142 ], [ 17.037575651054496, 52.523933798186057 ], [ 17.037245589552334, 52.523848904376635 ], [ 17.037084730868276, 52.524103110810088 ], [ 17.036776317687949, 52.524032066173554 ], [ 17.036708524752861, 52.52414031103401 ], [ 17.036483078450978, 52.52450020635343 ], [ 17.036807642025597, 52.524576196699066 ], [ 17.036752079204401, 52.524654873632386 ], [ 17.036706043917437, 52.524728222156931 ], [ 17.036666940003734, 52.524794940013294 ], [ 17.036345282033075, 52.52471989693754 ], [ 17.03610018910706, 52.524657366629057 ], [ 17.036022789186763, 52.524643759813856 ], [ 17.035883209834715, 52.524619137191138 ], [ 17.035629517502997, 52.524564288120686 ], [ 17.035503260681583, 52.524525315587503 ], [ 17.035397273607945, 52.524478224913082 ], [ 17.035516492315409, 52.524281701873285 ], [ 17.03488066156476, 52.524139287959073 ], [ 17.034883207748777, 52.524135102962077 ], [ 17.034990228370276, 52.523954207674606 ], [ 17.035267644507766, 52.52401925580169 ], [ 17.035270669877004, 52.524010941410374 ], [ 17.035278898768357, 52.523995068334415 ], [ 17.035375042199608, 52.523836477649816 ], [ 17.035109828936424, 52.523772262013026 ], [ 17.035255995451102, 52.523540209833037 ], [ 17.035549138553911, 52.523609655816607 ], [ 17.035396485950724, 52.523841690592647 ], [ 17.035708829807671, 52.523913793474584 ], [ 17.03573661769439, 52.523918931793929 ], [ 17.035846756682655, 52.523737457926849 ], [ 17.03587713405123, 52.523687864376242 ], [ 17.035957778836679, 52.523555998618711 ], [ 17.035646450380629, 52.523490928729103 ], [ 17.035348314117606, 52.523421040301677 ], [ 17.034694269349654, 52.523277333470922 ], [ 17.034322657445333, 52.523195248996394 ], [ 17.034188245984495, 52.523167292380492 ], [ 17.033550373274448, 52.523034730875274 ], [ 17.033473150289939, 52.523136071541266 ], [ 17.033326520337482, 52.523328809106765 ], [ 17.032867084724277, 52.523232218578158 ], [ 17.03251005750948, 52.523157116535629 ], [ 17.032379991507952, 52.52332557414806 ], [ 17.032354009263045, 52.523359230191545 ], [ 17.032145637857134, 52.5235937520726 ], [ 17.032093002818897, 52.523652958093656 ], [ 17.032030874470681, 52.523729904707963 ], [ 17.031848823910313, 52.523784619504546 ], [ 17.031466148726512, 52.523705939713992 ], [ 17.031651268799902, 52.523457271024377 ], [ 17.031657639599672, 52.523450001740571 ], [ 17.031892815198582, 52.523183277511407 ], [ 17.032095979297981, 52.522953076628404 ], [ 17.032128131245457, 52.522916645101652 ], [ 17.032333412329628, 52.522714900796451 ], [ 17.03272439095603, 52.522858384414654 ], [ 17.032771451201629, 52.522772102738458 ], [ 17.032833173250225, 52.522677790123581 ], [ 17.032887413304664, 52.522559518374322 ], [ 17.03296011155479, 52.522450547702235 ], [ 17.033000877336882, 52.522389614959359 ], [ 17.033037119803144, 52.522337511292235 ], [ 17.032063930760803, 52.521598551994721 ], [ 17.031727241821553, 52.52134920769204 ], [ 17.031570234454176, 52.521272752991749 ], [ 17.031542411443791, 52.521212388498803 ], [ 17.03135943734252, 52.521076949027616 ], [ 17.029601277620429, 52.521241058122712 ], [ 17.028206417460609, 52.521349315954623 ], [ 17.028316893071679, 52.521371573961154 ], [ 17.028724269044044, 52.521464436876805 ], [ 17.028538039538955, 52.521685020609048 ], [ 17.027990844922797, 52.521553400078972 ], [ 17.028137319642809, 52.521354640231749 ], [ 17.027604356870309, 52.52137939504702 ], [ 17.02751989123664, 52.52138545213797 ], [ 17.026216791825355, 52.521479296500495 ], [ 17.025708492585434, 52.521526130353877 ], [ 17.025605030540635, 52.52157764978093 ], [ 17.025619486264489, 52.52167287019784 ], [ 17.025643652398429, 52.521706102445258 ], [ 17.025736827228926, 52.521775473810642 ], [ 17.025831036854271, 52.521831640832275 ], [ 17.025897320152477, 52.521856221756792 ], [ 17.02610610364809, 52.521859705128222 ], [ 17.026277557643947, 52.521893325714238 ], [ 17.026491246119882, 52.521945279237144 ], [ 17.026494138618474, 52.522041925616286 ], [ 17.026580416803888, 52.522205980544541 ], [ 17.026700103299987, 52.522269497350806 ], [ 17.027064577884097, 52.522332688967204 ], [ 17.027359944568005, 52.522388251416068 ], [ 17.027530546150185, 52.522164530810876 ], [ 17.027623138655688, 52.522042943283118 ], [ 17.027697662105069, 52.521939582608482 ], [ 17.028252200362417, 52.522078522232647 ], [ 17.028303382321667, 52.522091337507064 ], [ 17.028137902503339, 52.522322609776609 ], [ 17.027976677025812, 52.522547746703722 ], [ 17.027815601246189, 52.522772795967612 ], [ 17.02719216259705, 52.522608241213753 ], [ 17.027068086358085, 52.522770946744345 ], [ 17.026919653004818, 52.522957260580014 ], [ 17.026730285001811, 52.523194878234698 ], [ 17.026556588365167, 52.523457850900961 ], [ 17.02662262298449, 52.523468306292997 ], [ 17.027003010488116, 52.523528705384351 ], [ 17.027175324876435, 52.523293231398675 ], [ 17.027888985421569, 52.523418995828095 ], [ 17.029017093963017, 52.521823688234328 ], [ 17.02995680210352, 52.522001684687538 ], [ 17.028666759429143, 52.523703583022005 ], [ 17.029079840442314, 52.523788085001016 ], [ 17.029491562237332, 52.523870044503234 ], [ 17.02991536527859, 52.523958859454062 ], [ 17.02985624808224, 52.524034326069675 ], [ 17.02968546212912, 52.524252380499412 ], [ 17.029898688972377, 52.524311695323355 ], [ 17.030055075885748, 52.524250620025555 ], [ 17.030097513147261, 52.524241432921208 ], [ 17.030141743820426, 52.524238301794796 ], [ 17.030187178522151, 52.524241216831975 ], [ 17.030231921826669, 52.524249696764642 ], [ 17.03029017535107, 52.524272612477318 ], [ 17.030321087548582, 52.524290306064664 ], [ 17.030356012658917, 52.524320478485137 ], [ 17.030661851542686, 52.524244531344664 ], [ 17.030654043247822, 52.524194933111772 ], [ 17.03066018597595, 52.524107071776804 ], [ 17.030804028152712, 52.524023121237491 ], [ 17.030847085406517, 52.524006658858184 ], [ 17.030893896928429, 52.524011755154753 ], [ 17.030932417513451, 52.5240439659731 ], [ 17.030963409485437, 52.524099436487937 ], [ 17.03095220612915, 52.524138914599362 ], [ 17.03095549242904, 52.524401690753493 ], [ 17.030962232051909, 52.524455408523565 ], [ 17.03101542927763, 52.524485884823342 ], [ 17.031109354896586, 52.524489336619375 ], [ 17.031215447746977, 52.524491102011162 ], [ 17.031352803379228, 52.524473060517863 ], [ 17.031424804634863, 52.524458968295889 ], [ 17.031553764481384, 52.524305513674811 ], [ 17.031701258762872, 52.524129971616851 ], [ 17.031994409288814, 52.524195918791392 ], [ 17.032358289877774, 52.52402550392155 ], [ 17.032510599297048, 52.523827915148736 ], [ 17.032837328670677, 52.523894778380999 ], [ 17.032677064840513, 52.524088907439591 ], [ 17.032356015672438, 52.524465643632823 ], [ 17.032634301550861, 52.524524416441224 ], [ 17.032584318347528, 52.524583666769438 ], [ 17.033080881490733, 52.524687890988233 ], [ 17.032977150370858, 52.524811456114954 ], [ 17.032972006599422, 52.524817666560033 ], [ 17.032842408481748, 52.524972281329987 ], [ 17.032801713113173, 52.525008481060063 ], [ 17.032714395450192, 52.525124403932104 ], [ 17.032501108868239, 52.52534337462793 ], [ 17.032169120686323, 52.525255376598501 ], [ 17.03208688311145, 52.525349977246016 ], [ 17.03197524138135, 52.525475568555727 ], [ 17.031586953542835, 52.525334106154546 ], [ 17.031527075097486, 52.525403534785781 ], [ 17.031475444370656, 52.52546329689865 ], [ 17.031446888142483, 52.525495111075813 ], [ 17.031294962202054, 52.525664103237588 ], [ 17.03127261347219, 52.52568900516065 ], [ 17.031189297485099, 52.525688967975597 ], [ 17.031080356549975, 52.525681578765273 ], [ 17.031016699122613, 52.525680519452287 ], [ 17.030965208865897, 52.525697561100401 ], [ 17.030931305912333, 52.525723619813874 ], [ 17.030894773235893, 52.525752422964402 ], [ 17.030869181218495, 52.525770705050867 ], [ 17.030834020305488, 52.525795213782729 ], [ 17.030752412077252, 52.52579655384713 ], [ 17.030669732405563, 52.525788881793581 ], [ 17.030490774018723, 52.525714938604523 ], [ 17.030525551558192, 52.525748436368197 ], [ 17.03054454919274, 52.525765481852574 ], [ 17.030548631770124, 52.525782998611106 ], [ 17.030548925331576, 52.525822578103707 ], [ 17.030540265528906, 52.525844739647695 ], [ 17.030531027212657, 52.525860055947817 ], [ 17.030504985169838, 52.525868616698915 ], [ 17.030470558787961, 52.525870112325393 ], [ 17.030454276133607, 52.525864894462323 ], [ 17.030432356326592, 52.525863720106194 ], [ 17.030390272596204, 52.5258715640894 ], [ 17.030416764949177, 52.525899077716694 ], [ 17.030457605201043, 52.525902545753404 ], [ 17.030485720273539, 52.5259168648601 ], [ 17.030502669327568, 52.525946737997437 ], [ 17.030515364296686, 52.526005771564201 ], [ 17.030482625043664, 52.526028881426029 ], [ 17.030454485975891, 52.526051348314539 ], [ 17.030423343764411, 52.526065130746616 ], [ 17.030363905077678, 52.526078532077115 ], [ 17.030324657438356, 52.526075720117291 ], [ 17.030164891331786, 52.526027639543116 ], [ 17.030055869032271, 52.52599569379398 ], [ 17.0299567699197, 52.525949612340241 ], [ 17.029910382679621, 52.525908635776673 ], [ 17.029930172650062, 52.525782776246608 ], [ 17.030002562477172, 52.525634857208964 ], [ 17.030068332427625, 52.525532698483666 ], [ 17.030213328563992, 52.525446159526986 ], [ 17.030338565962548, 52.525379348607288 ], [ 17.03035578857828, 52.525310829452749 ], [ 17.030321807595325, 52.525187042827007 ], [ 17.030012177054427, 52.525103728120484 ], [ 17.030170766741552, 52.524884750649242 ], [ 17.030408449927926, 52.524559068910229 ], [ 17.030246837277051, 52.524529305891285 ], [ 17.029944844322777, 52.524476428676103 ], [ 17.029902686680277, 52.524518899039002 ], [ 17.029575634149438, 52.524857842054772 ], [ 17.029473636013083, 52.524949053802715 ], [ 17.029391590112755, 52.524996436093588 ], [ 17.029231344710315, 52.525005279720375 ], [ 17.029118601297046, 52.525000523622495 ], [ 17.028946008949188, 52.524968956978867 ], [ 17.02879227797073, 52.524937704314191 ], [ 17.028653314489969, 52.524889518509283 ], [ 17.02852301300172, 52.524858655852661 ], [ 17.028431188206646, 52.524808287116883 ], [ 17.028308609020279, 52.524786097419877 ], [ 17.028138290801422, 52.524970429083233 ], [ 17.028026770141157, 52.5250963785303 ], [ 17.028667296137325, 52.525219390074994 ], [ 17.029180580709276, 52.525312396654058 ], [ 17.029231691763524, 52.525323591350194 ], [ 17.029371679832273, 52.525339054522561 ], [ 17.029527320191175, 52.525370518102747 ], [ 17.029695442645274, 52.525409744486574 ], [ 17.029853974261712, 52.525442514971573 ], [ 17.029732094133863, 52.525569372804426 ], [ 17.029731048876513, 52.525661906026443 ], [ 17.029563546412273, 52.525842688896383 ], [ 17.02933220524131, 52.526092293465453 ], [ 17.029225043791932, 52.526111015456486 ], [ 17.029170575256842, 52.526158317279183 ], [ 17.029156639775433, 52.526304870994629 ], [ 17.029009071008634, 52.526448749010946 ], [ 17.028986390832884, 52.526497479698826 ], [ 17.029005983745339, 52.526544036420525 ], [ 17.029074659617059, 52.526581247262996 ], [ 17.029367081303803, 52.526673631734312 ], [ 17.02944344500953, 52.526700537092609 ], [ 17.029477895144048, 52.526718289806198 ], [ 17.029486794805202, 52.526783016583977 ], [ 17.029440125167863, 52.526827390373548 ], [ 17.029393455435724, 52.526871764143479 ], [ 17.028940424076527, 52.527132066346333 ], [ 17.028445533229398, 52.527042783189202 ], [ 17.02833931360172, 52.527027252069956 ], [ 17.028276065007777, 52.527017023992649 ], [ 17.027688211802108, 52.526929066630814 ], [ 17.027155969949273, 52.526844102256405 ], [ 17.026838802706589, 52.526784038641658 ], [ 17.026569112725969, 52.526734030091816 ], [ 17.026880655006487, 52.526347167148629 ], [ 17.026770202193884, 52.526258350951238 ], [ 17.026578767026326, 52.526199663822595 ], [ 17.026329529563782, 52.526206659487272 ], [ 17.02612542347482, 52.526295715413163 ], [ 17.025933909523292, 52.526370320476993 ], [ 17.025806762383894, 52.52636442150839 ], [ 17.025723376359725, 52.526329751509095 ], [ 17.025646366706372, 52.526287722634024 ], [ 17.025512526902975, 52.52629295446409 ], [ 17.025429971824103, 52.526239769996842 ], [ 17.025721969342801, 52.525956737106462 ], [ 17.025190301183891, 52.525849467633456 ], [ 17.024950189593948, 52.526113218254764 ], [ 17.024739692438846, 52.526344633825971 ], [ 17.024709134488198, 52.526378211839614 ], [ 17.024162029455606, 52.526259976916734 ], [ 17.024051981522106, 52.526224680613154 ], [ 17.023975170512429, 52.526303086791977 ], [ 17.023856424950047, 52.526553481910732 ], [ 17.02366102176568, 52.526934631909441 ], [ 17.023595362569793, 52.527070067692442 ], [ 17.02354684264029, 52.527175209330821 ], [ 17.023074704550531, 52.528057031666023 ], [ 17.022899078757522, 52.528424389897999 ], [ 17.022871247160055, 52.528482567265264 ], [ 17.022672225836004, 52.529085003315117 ], [ 17.02258343504586, 52.529318269026746 ], [ 17.022482573122129, 52.529567432610236 ], [ 17.022455973122277, 52.529673659676007 ], [ 17.022435645584757, 52.529748601687828 ], [ 17.022412140167273, 52.529848314670893 ], [ 17.022388323999834, 52.529928684850518 ], [ 17.022285432461288, 52.530190136439707 ], [ 17.022144975397516, 52.530503126579347 ], [ 17.022053652680555, 52.530667903439728 ], [ 17.022005270604939, 52.530756677240106 ], [ 17.022016124800061, 52.530794094812642 ], [ 17.022029559131983, 52.530826608685565 ], [ 17.022064671191234, 52.530862453020809 ], [ 17.022128397550052, 52.5309048017862 ], [ 17.022220482118637, 52.530942947516358 ], [ 17.022282004692002, 52.530955578391101 ], [ 17.022694884112369, 52.531049093059892 ], [ 17.022917995761802, 52.531095723676721 ], [ 17.023080012782657, 52.53112676249836 ], [ 17.023264297561841, 52.531174272774109 ], [ 17.023473930833973, 52.531215640395416 ], [ 17.023729934697947, 52.531265517164819 ], [ 17.024058790354971, 52.531328662223721 ], [ 17.024226352962437, 52.531367617048573 ], [ 17.024556772623495, 52.531428808096351 ], [ 17.024530779722244, 52.531469028063697 ], [ 17.024457703290196, 52.531493621465337 ], [ 17.024433880096073, 52.531521645484361 ], [ 17.024436068000401, 52.531568182179925 ], [ 17.024515351232331, 52.531625449959598 ], [ 17.024755558074538, 52.531744766020324 ], [ 17.02523724971627, 52.531826828464801 ], [ 17.025853687840083, 52.531926607163449 ], [ 17.026185151859281, 52.531961368010307 ], [ 17.026348968709492, 52.531958973813246 ], [ 17.026491397862742, 52.53193031930784 ], [ 17.026502483994516, 52.531913325234299 ], [ 17.026559739081826, 52.531797535083065 ], [ 17.026692473431282, 52.531820615334659 ], [ 17.026647181243156, 52.53197222218877 ], [ 17.026711874318643, 52.532058926090585 ], [ 17.02690951954667, 52.532081649484418 ], [ 17.027304588634252, 52.532148497841014 ], [ 17.028913667192835, 52.532392163309822 ], [ 17.029820321666609, 52.53256565095824 ], [ 17.03120490027775, 52.532843412539712 ], [ 17.031346205209843, 52.532902517056698 ], [ 17.031392253974623, 52.532944656571622 ], [ 17.031456972799511, 52.533014539032642 ], [ 17.031438837408086, 52.533291349168955 ], [ 17.031400272163637, 52.533461058053732 ], [ 17.031344783523249, 52.533692545466202 ], [ 17.031208401516754, 52.533836522360012 ], [ 17.030924225990411, 52.534386017499337 ], [ 17.030768401657564, 52.534713871917191 ], [ 17.030604489453605, 52.535222375264688 ], [ 17.030428441472694, 52.535563653795613 ], [ 17.029956028376112, 52.53653166216688 ], [ 17.029879319483094, 52.536709729712463 ], [ 17.029839020062418, 52.536756548216147 ], [ 17.029798648161876, 52.536778631408573 ], [ 17.029733104428658, 52.536773222886715 ], [ 17.029555040710967, 52.536757396226598 ], [ 17.029381697698749, 52.536741557970224 ], [ 17.029269628706007, 52.536721073584715 ], [ 17.029226876339113, 52.53673043509491 ], [ 17.029199029613434, 52.536775841819072 ], [ 17.029213655055035, 52.536814850470719 ], [ 17.029301437012471, 52.536850670314557 ], [ 17.029710692260558, 52.536904794851075 ], [ 17.03017255379488, 52.536973285005693 ], [ 17.03027729570179, 52.536963066236673 ], [ 17.030389797771296, 52.53697060519967 ], [ 17.030524530998175, 52.537008734619164 ], [ 17.030628754076162, 52.537046356119376 ], [ 17.030797450582881, 52.537060586196638 ], [ 17.030895238691553, 52.53708379957515 ], [ 17.03094168198011, 52.537097434122195 ], [ 17.030950535955856, 52.53711053311801 ], [ 17.030960896953253, 52.537139397062056 ], [ 17.030973124127861, 52.537182592855835 ], [ 17.030971476844666, 52.537252360536158 ], [ 17.030798261783577, 52.537220426861843 ], [ 17.030086379804402, 52.537089314919712 ], [ 17.029210295882368, 52.536935946609589 ], [ 17.029041253112776, 52.536906418327234 ], [ 17.028886849160209, 52.536879382200389 ], [ 17.028624638742194, 52.536832201708563 ], [ 17.028576644430061, 52.536823577165578 ], [ 17.028157498211002, 52.536983616065221 ], [ 17.027887021145947, 52.537097832328826 ], [ 17.027879724213967, 52.53713557637392 ], [ 17.027952046443001, 52.537160886163157 ], [ 17.028340889889098, 52.537061593695128 ], [ 17.028529532024162, 52.537058620621025 ], [ 17.028822147581266, 52.537079055327872 ], [ 17.029086538858056, 52.537100638177975 ], [ 17.029330945597625, 52.537136997904724 ], [ 17.029384084945445, 52.537202011604585 ], [ 17.029408251785036, 52.537446247216629 ], [ 17.028913798899644, 52.538510122509301 ], [ 17.028220705868236, 52.539825582046163 ], [ 17.025755287851602, 52.539520855775706 ], [ 17.025153261180517, 52.539449289932001 ], [ 17.024346684723323, 52.539435826614607 ], [ 17.023444676992362, 52.539573215878477 ], [ 17.023325229870412, 52.539638047755318 ], [ 17.023259995837655, 52.539714308365319 ], [ 17.023076494802648, 52.539832395080232 ], [ 17.02290970220216, 52.539883933613559 ], [ 17.022318640619318, 52.540070490809732 ], [ 17.02197595683695, 52.540247885594553 ], [ 17.02193746691626, 52.540300128240283 ], [ 17.021968440305191, 52.540352722514882 ], [ 17.022064467442348, 52.54039875905066 ], [ 17.022491481737671, 52.540524349485835 ], [ 17.022311406633563, 52.540608763961039 ], [ 17.022007788504975, 52.540730867673247 ], [ 17.021789244666827, 52.540824352114058 ], [ 17.021528644156316, 52.54093781972896 ], [ 17.021168243959298, 52.541105472086372 ], [ 17.020767875105484, 52.541318775119684 ], [ 17.020613515451775, 52.541395432399092 ], [ 17.020557715384449, 52.541353665273739 ], [ 17.020623260787005, 52.541221467272265 ], [ 17.020633978391398, 52.541130804899126 ], [ 17.020529592746403, 52.541096769592151 ], [ 17.020410577814953, 52.541092799997834 ], [ 17.020280780732659, 52.541108796962881 ], [ 17.020202120789801, 52.541161985986975 ], [ 17.020102374516142, 52.541172369436289 ], [ 17.019993235633972, 52.541168564658605 ], [ 17.01989439546805, 52.541158816034461 ], [ 17.019816031897363, 52.541133310312595 ], [ 17.019805399029249, 52.54107457999541 ], [ 17.019864612628158, 52.541010992308294 ], [ 17.019849919623315, 52.540970362386979 ], [ 17.019701493355381, 52.540957805127825 ], [ 17.019571783047915, 52.540952216629485 ], [ 17.019173663373358, 52.540840230867218 ], [ 17.019027079464593, 52.540826084635718 ], [ 17.01897364737027, 52.540875917591727 ], [ 17.019007906971602, 52.540970120988803 ], [ 17.01897293720922, 52.541035823015484 ], [ 17.018843936897269, 52.541057048394975 ], [ 17.018755336034861, 52.54103613751429 ], [ 17.018677117492381, 52.540925548091543 ], [ 17.018577453636222, 52.540865326966383 ], [ 17.018418397842741, 52.54084314617495 ], [ 17.018212743275864, 52.540863177187234 ], [ 17.018152445449108, 52.540924587291642 ], [ 17.018120298358347, 52.541068406226408 ], [ 17.018157384287086, 52.541240637147062 ], [ 17.01814366858445, 52.541404282227305 ], [ 17.018076962065813, 52.541522788235923 ], [ 17.017699241528238, 52.541445856885048 ], [ 17.017630020344122, 52.541433544484114 ], [ 17.017522239410653, 52.541419236933294 ], [ 17.017385940219345, 52.541405980513687 ], [ 17.017291909644044, 52.541384437915383 ], [ 17.017252705357251, 52.541370559540198 ], [ 17.017188034006619, 52.541342403330368 ], [ 17.017143595425374, 52.541317014546884 ], [ 17.017092034350767, 52.541295823627948 ], [ 17.017009432337428, 52.541266197614391 ], [ 17.016957811232658, 52.541256158471455 ], [ 17.016904414728618, 52.541249507359971 ], [ 17.016807190041249, 52.541243201031151 ], [ 17.016624221221218, 52.541237706107204 ], [ 17.016361861937142, 52.541239334711328 ], [ 17.016517845221081, 52.541179169582186 ], [ 17.016684463633339, 52.541131774412193 ], [ 17.01671376114825, 52.541090532215506 ], [ 17.016704370231491, 52.541086147539893 ], [ 17.016471756850219, 52.541092232370815 ], [ 17.016306810157367, 52.541089467472425 ], [ 17.016045904063546, 52.541088331518822 ], [ 17.015783974978348, 52.541106605370921 ], [ 17.015522480952246, 52.541118500037506 ], [ 17.015367709547569, 52.54112561823365 ], [ 17.015245217039087, 52.541126801769806 ], [ 17.01511269385572, 52.541111627319808 ], [ 17.015065371056501, 52.541097881866065 ], [ 17.015044144686275, 52.541097525822138 ], [ 17.014947893223209, 52.541105625053348 ], [ 17.014835574539973, 52.541113454671724 ], [ 17.014692001708074, 52.541111046076793 ], [ 17.014560505015755, 52.541073132824188 ], [ 17.01453455480852, 52.541056507817601 ], [ 17.014405404487167, 52.540969885026051 ], [ 17.014218025809484, 52.540872571216596 ], [ 17.014103769845445, 52.540808953429412 ], [ 17.014077531904537, 52.540798709395432 ], [ 17.013945890617268, 52.540764030944537 ], [ 17.013872035831682, 52.540749839715694 ], [ 17.013818238646827, 52.540761888480844 ], [ 17.013812343724926, 52.540774831175838 ], [ 17.013784641005049, 52.54079703166893 ], [ 17.013768425125818, 52.540803325282624 ], [ 17.013735561895203, 52.540822201223712 ], [ 17.013714189588494, 52.540825080414152 ], [ 17.013591988800361, 52.540816553358383 ], [ 17.013455919238481, 52.54076561040786 ], [ 17.013414492380814, 52.540738921625788 ], [ 17.013320879626825, 52.540688601314123 ], [ 17.013268397440797, 52.540671530591737 ], [ 17.013111546552487, 52.54060386883738 ], [ 17.013022945891269, 52.540563436152858 ], [ 17.0129339057058, 52.540529471868446 ], [ 17.012907518005363, 52.540522552923221 ], [ 17.012760105115589, 52.540484370378294 ], [ 17.012648816129111, 52.540472697716375 ], [ 17.012496243308025, 52.540431190258637 ], [ 17.012366362666974, 52.540357594566316 ], [ 17.01224223279349, 52.540277529535153 ], [ 17.012092593216348, 52.540171132440861 ], [ 17.012072101213409, 52.540151270706055 ], [ 17.011969636923794, 52.540061855563344 ], [ 17.011964769099464, 52.540052060009707 ], [ 17.011847852173481, 52.539929932760394 ], [ 17.011848290830475, 52.539920226355399 ], [ 17.011820707661602, 52.539822265408887 ], [ 17.011814786055599, 52.539718282489886 ], [ 17.011850292177478, 52.539637661078942 ], [ 17.011875474925837, 52.539553718234089 ], [ 17.011890782805747, 52.539450002043701 ], [ 17.011866420590742, 52.539280770916079 ], [ 17.011791931680094, 52.539045669246121 ], [ 17.011723359607419, 52.538911402392664 ], [ 17.01170592233078, 52.538709728425047 ], [ 17.011693055109184, 52.538521172881396 ], [ 17.011753011574097, 52.538372785989786 ], [ 17.01182203706658, 52.538304420276347 ], [ 17.011811984226377, 52.537919747678437 ], [ 17.011735168098866, 52.537729667943914 ], [ 17.009051831086047, 52.538347067226695 ], [ 17.007161314502646, 52.538781416105159 ], [ 17.002806635008554, 52.539786680021116 ], [ 17.002593462045265, 52.539835788312118 ], [ 17.002458692274079, 52.539880013691786 ], [ 17.002325647108698, 52.539931733260509 ], [ 17.00222484152226, 52.539984896390436 ], [ 17.000969008761587, 52.540713179242189 ], [ 17.000697835304209, 52.540879578743628 ], [ 17.000829778324228, 52.540959338300262 ], [ 17.00103536073285, 52.541061208321921 ], [ 17.001082591440053, 52.541096364178536 ], [ 17.001112920723521, 52.541172338245893 ], [ 17.001111929938805, 52.541275305666645 ], [ 17.001059545564605, 52.541356808126608 ], [ 17.001067526170981, 52.541427907561776 ], [ 17.001060994184282, 52.54148724921145 ], [ 17.000990514933076, 52.541564398569676 ], [ 17.000674074304669, 52.541580908689582 ], [ 17.000514985841356, 52.541608261544859 ], [ 17.000362969234999, 52.541801317827144 ], [ 17.00032960543578, 52.541993320933706 ], [ 17.000194070974686, 52.54226184744266 ], [ 17.000263538524187, 52.542687280091258 ], [ 17.000365689789273, 52.542935718484266 ], [ 17.000523740214884, 52.543152002437814 ], [ 17.000577695220013, 52.543483902366987 ], [ 17.000580570683443, 52.54353099086272 ], [ 17.000652369100003, 52.543687804396143 ], [ 17.000675801108152, 52.543740276967533 ], [ 17.000828370687692, 52.543973377042171 ], [ 17.000691731655376, 52.544019457695128 ], [ 17.00076716749123, 52.544102759659154 ], [ 17.000786352344672, 52.544144817068421 ], [ 17.000776598715301, 52.544184137031763 ], [ 17.000642904920223, 52.544246546973781 ], [ 17.000629870551265, 52.544280145122194 ], [ 17.000659426633771, 52.544616579553498 ], [ 17.000758591311961, 52.54520351040803 ], [ 17.000846478088327, 52.545655606761649 ], [ 17.000778223833102, 52.54652104907116 ], [ 17.000721051085975, 52.546581154117106 ], [ 17.000670036901756, 52.546638844793499 ], [ 17.0006369056835, 52.546695848210234 ], [ 17.000630715673744, 52.546750878340021 ], [ 17.000635729121559, 52.546799621893882 ], [ 17.000645996018601, 52.54684314759897 ], [ 17.000667660578507, 52.546934535345187 ], [ 17.000672371249685, 52.547100288872798 ], [ 17.000677507301184, 52.547337823633079 ], [ 17.0006745834269, 52.547415124716274 ], [ 17.000667193000581, 52.54761988868546 ], [ 17.000661236232713, 52.547828814220047 ], [ 17.000661684126911, 52.548036408871937 ], [ 17.000660268183822, 52.548200619788901 ], [ 17.000754913591472, 52.548247729572168 ], [ 17.000791821169312, 52.548299170521339 ], [ 17.000809314437653, 52.548397952967896 ], [ 17.000799356634396, 52.548565077618115 ], [ 17.000790613988055, 52.54864704733955 ], [ 17.000775253775998, 52.548770728483241 ], [ 17.000765765762992, 52.549005407798262 ], [ 17.000739459633142, 52.549100482223245 ], [ 17.000717273235082, 52.549156861067367 ], [ 17.000667866136116, 52.549221324570489 ], [ 17.000782695750946, 52.549765706994307 ], [ 17.000761853971028, 52.550181968027935 ], [ 17.000762609483633, 52.551083832969688 ], [ 17.000755734508026, 52.552257374681858 ], [ 17.00072606355187, 52.5525854328572 ], [ 17.000745360066091, 52.552917196373798 ], [ 17.000787932893946, 52.553058315534457 ], [ 17.000907172877319, 52.553236526762532 ], [ 17.001284749152465, 52.553935010136321 ], [ 17.001736747309078, 52.554743039254916 ], [ 17.002055380611285, 52.555225922314229 ], [ 17.002048892744156, 52.555225812790248 ], [ 17.002038640994382, 52.555227348629671 ], [ 17.002035327633887, 52.555228821714223 ], [ 17.002030355980335, 52.555234314207368 ], [ 17.002028849222693, 52.555238246231895 ], [ 17.002028604185806, 52.555243638632902 ], [ 17.002029895353566, 52.555250945755574 ], [ 17.002044557766101, 52.555275747524746 ], [ 17.002680181794663, 52.556320362516615 ], [ 17.002229262979171, 52.556397207807315 ], [ 17.002117729981755, 52.556461522630066 ], [ 17.002133119250551, 52.556558020643386 ], [ 17.002417315668058, 52.556821581573139 ], [ 17.002868820331113, 52.557316688243574 ], [ 17.003413876910919, 52.55770499088802 ], [ 17.003593501508981, 52.557818110216509 ], [ 17.003576633041547, 52.557838602336311 ], [ 17.003575405814246, 52.557839719925525 ], [ 17.003653916725526, 52.557803839099016 ], [ 17.004306332674595, 52.557625153697892 ], [ 17.004988038405422, 52.557487072678747 ], [ 17.007016937057141, 52.55729981703827 ], [ 17.008442172933595, 52.557085011571715 ], [ 17.009383358840452, 52.557059381842471 ], [ 17.009881674447993, 52.557095913890663 ], [ 17.010447330862085, 52.55714769677305 ], [ 17.012133501563891, 52.557287467661396 ], [ 17.014228427878283, 52.557427867257303 ], [ 17.014634705929083, 52.557319737122185 ], [ 17.015096474770157, 52.557028424795099 ], [ 17.015537834279776, 52.55629659193103 ], [ 17.016079697578249, 52.555838876781152 ], [ 17.017263753352037, 52.5552534985408 ], [ 17.017495364626665, 52.555163299022738 ], [ 17.018239583216264, 52.554661204348832 ], [ 17.01868066983252, 52.554346326901964 ], [ 17.018919940977, 52.554216948185015 ], [ 17.01907238639248, 52.554154381796543 ], [ 17.01918045978945, 52.554025324931089 ], [ 17.019383814504774, 52.55396271076954 ], [ 17.019629738823689, 52.553744489278422 ], [ 17.019781661143224, 52.553650883225181 ], [ 17.020078320572956, 52.553397083156526 ], [ 17.02137749167543, 52.551982165713973 ], [ 17.021877096055839, 52.551647838030071 ], [ 17.021936446414919, 52.551588029181353 ], [ 17.021989775559902, 52.551534145786967 ], [ 17.022317778307016, 52.551202884291321 ], [ 17.022636901845452, 52.550954130303225 ], [ 17.022686644284033, 52.550904503892951 ], [ 17.023746103908714, 52.550479775197829 ], [ 17.023881036521956, 52.550363214868938 ], [ 17.024353728906338, 52.549989932336878 ], [ 17.024569927998947, 52.549722905663131 ], [ 17.025170892087441, 52.549321810242269 ], [ 17.025829260848855, 52.548805194473196 ], [ 17.025973245040557, 52.548693819548291 ], [ 17.026141856809062, 52.548569543787821 ], [ 17.026439366230115, 52.548291907598419 ], [ 17.026789377930108, 52.548080443994813 ], [ 17.027145986509247, 52.547896161897434 ], [ 17.027525667590474, 52.547407899445837 ], [ 17.027924763108608, 52.54697014697696 ], [ 17.027950316512115, 52.546953034095758 ], [ 17.028440004394078, 52.546633444310089 ], [ 17.028891041434392, 52.546277411846255 ], [ 17.029526417517836, 52.545889999378332 ], [ 17.029594087018985, 52.54585155159775 ], [ 17.030531687581338, 52.545201767806482 ], [ 17.030733659009776, 52.54498423125542 ], [ 17.030886464160176, 52.544807069737338 ], [ 17.031470152009074, 52.544251854548683 ], [ 17.031910837329821, 52.543990887186318 ], [ 17.032133156799873, 52.543849148047372 ], [ 17.033430539998239, 52.543000166139571 ], [ 17.034812421382412, 52.542365376261699 ], [ 17.036070568378371, 52.541950313997532 ], [ 17.036536825644028, 52.541399511235909 ], [ 17.037138861363495, 52.540833779976147 ], [ 17.037953683042552, 52.540252865987284 ], [ 17.038343969029864, 52.539886436866325 ], [ 17.038828046841505, 52.539510498053147 ], [ 17.039375553339305, 52.539207202034298 ], [ 17.039433512314805, 52.539164450497076 ], [ 17.039861909364401, 52.538849285205117 ], [ 17.040290357088463, 52.538602385189378 ], [ 17.041057865151394, 52.538237426787219 ], [ 17.041689597829929, 52.537860502881536 ], [ 17.041718219078383, 52.537836185834337 ], [ 17.041717974345627, 52.53783605855353 ], [ 17.04170214573606, 52.537628300484869 ], [ 17.040831860902426, 52.537317086516659 ], [ 17.04052886555878, 52.537195055126745 ], [ 17.04045614878698, 52.537135388702239 ], [ 17.040452943875017, 52.537051689574184 ], [ 17.040890143301425, 52.536624328858828 ], [ 17.040988290809636, 52.53662631350376 ], [ 17.04103739191391, 52.536630004508275 ], [ 17.041408964653609, 52.536825123288544 ], [ 17.041525073210426, 52.536877592392194 ], [ 17.041624790303896, 52.536903976759447 ], [ 17.041735791860727, 52.536872355323553 ], [ 17.042424335214331, 52.535721877314437 ], [ 17.042576031061976, 52.535239599410652 ], [ 17.042701621828144, 52.535191579156894 ], [ 17.043545483179134, 52.535283693847312 ], [ 17.043768836846461, 52.535458546057484 ], [ 17.043881205356666, 52.535532087397804 ], [ 17.044094654417648, 52.535677634041363 ], [ 17.044214324349401, 52.535762808310686 ], [ 17.044090022371204, 52.535824972356863 ], [ 17.044006627986338, 52.535879357924244 ], [ 17.043963553153141, 52.535915971819989 ], [ 17.043936224188535, 52.535960041341063 ], [ 17.043893660891282, 52.536046911717122 ], [ 17.043912536860404, 52.536028365441595 ], [ 17.044338864554241, 52.535768284426993 ], [ 17.044719401605608, 52.535536136764144 ], [ 17.045161527809686, 52.535298709425497 ], [ 17.045397934470213, 52.535189827408942 ], [ 17.045847296269944, 52.535121428040334 ], [ 17.046275058508929, 52.534901657830609 ], [ 17.047672928941022, 52.533923045954069 ], [ 17.048183760192103, 52.533555785563458 ], [ 17.048953568066221, 52.533002386280884 ], [ 17.049268285489227, 52.532753399105033 ], [ 17.049703631602892, 52.532371576414313 ], [ 17.050171842962946, 52.531872794971072 ], [ 17.050125708424638, 52.531816395274703 ], [ 17.050489660358217, 52.531461095369501 ], [ 17.050522466574947, 52.531502328617869 ], [ 17.050984305392596, 52.531015217000608 ], [ 17.051345382912693, 52.530531340143959 ], [ 17.051781185018463, 52.529705204297748 ], [ 17.052898327400015, 52.529428583084858 ], [ 17.053761717339555, 52.529217123127687 ], [ 17.054106189067184, 52.529131137746667 ], [ 17.054309693113147, 52.529094729926328 ], [ 17.054875182457561, 52.529003112413633 ], [ 17.055593773441601, 52.528887565270622 ], [ 17.055933136037837, 52.528766863019705 ], [ 17.05628109915877, 52.528641714049726 ], [ 17.056844699852732, 52.528459034968776 ], [ 17.056884029014999, 52.528434366668208 ], [ 17.056883986817692, 52.528434316529747 ], [ 17.057195987143238, 52.528238419645945 ], [ 17.057771831505601, 52.52799864425171 ], [ 17.057771872801553, 52.527998723709942 ], [ 17.057785348210942, 52.52799310983994 ], [ 17.05794614722798, 52.527951767561589 ], [ 17.058028635512265, 52.527930546000498 ], [ 17.058639306087862, 52.527773634814622 ], [ 17.058836235807526, 52.527695468314867 ], [ 17.059355373069806, 52.527490551837552 ], [ 17.05952046088019, 52.5274254431855 ], [ 17.060710579496991, 52.526966104434003 ], [ 17.062016187543904, 52.526773614131351 ], [ 17.06244665307203, 52.526639455154481 ], [ 17.063567319198818, 52.526282743496218 ], [ 17.064221886149195, 52.526058885875607 ], [ 17.064648006035892, 52.525788475963623 ], [ 17.064850483244808, 52.525513237840741 ], [ 17.065424395496041, 52.525087484285365 ], [ 17.065574842865541, 52.525026265228234 ], [ 17.065907434075033, 52.524883837932691 ], [ 17.066043970699219, 52.52482706787243 ], [ 17.066777611089478, 52.52446732747012 ], [ 17.067586417264852, 52.52419551410361 ], [ 17.067702788377545, 52.524057195364911 ], [ 17.068161872993265, 52.523511819613617 ], [ 17.068729883249389, 52.523309998922215 ], [ 17.068980992870991, 52.523189168245914 ], [ 17.069557065647622, 52.522756234876439 ], [ 17.069827619343933, 52.52231624643899 ], [ 17.069874459979253, 52.522240020385929 ], [ 17.069974650870087, 52.522076971337761 ], [ 17.070824320865032, 52.521160560344626 ], [ 17.071064650724747, 52.520857957082832 ], [ 17.071356338070146, 52.520497008815411 ], [ 17.071562683325336, 52.520222811838181 ], [ 17.071872550044684, 52.519810172266148 ], [ 17.072064681535274, 52.51956074661183 ], [ 17.072739498233432, 52.518625103355625 ], [ 17.073156406154403, 52.518110860925447 ], [ 17.073701817506937, 52.51763486593039 ], [ 17.074257258538349, 52.516932648202584 ], [ 17.07458830005562, 52.516722445518994 ], [ 17.074624103327789, 52.516699373481103 ], [ 17.075401297755498, 52.516205286661858 ], [ 17.075852892818013, 52.515712465655028 ], [ 17.075891123851854, 52.515643922174284 ], [ 17.076027160856473, 52.515678603468402 ], [ 17.076996606334653, 52.515224148915252 ], [ 17.077916961109107, 52.514792813508627 ], [ 17.079075122690366, 52.513654522532889 ], [ 17.079464888341239, 52.513624603776869 ], [ 17.079593692134882, 52.51358505156125 ], [ 17.079862385165086, 52.513542463104471 ], [ 17.081993578113448, 52.513081094020322 ], [ 17.083946590739298, 52.513081709999732 ], [ 17.084206920452782, 52.513075312724069 ], [ 17.085542378927357, 52.513062482801288 ], [ 17.086867602791578, 52.513010347669962 ], [ 17.088157644361694, 52.512977326400751 ], [ 17.088451125957061, 52.513018854767729 ], [ 17.089344165551331, 52.513145437710868 ], [ 17.09035892817964, 52.513402415329324 ], [ 17.091386875591478, 52.513681992315327 ], [ 17.092969737131082, 52.513747181209524 ], [ 17.093114710011466, 52.51376291922589 ], [ 17.093584260843631, 52.513813838218489 ], [ 17.094730125034499, 52.513937888204843 ], [ 17.095821719163816, 52.514099998281985 ], [ 17.096684234233393, 52.514176566356284 ], [ 17.098074882745472, 52.514234816828946 ], [ 17.098744417057379, 52.514270581889818 ], [ 17.100131295601944, 52.514344577259813 ], [ 17.101653968012918, 52.514538018944101 ], [ 17.103350644790645, 52.514611010746414 ], [ 17.103453473582675, 52.514616166865764 ], [ 17.103992914658548, 52.514636505329065 ], [ 17.104319651792661, 52.514758844758298 ], [ 17.10549068757263, 52.515186565773298 ], [ 17.106515576815504, 52.515578118205156 ], [ 17.108193232678957, 52.516304249677532 ], [ 17.108926594189054, 52.516667284559567 ], [ 17.109293978235911, 52.516853128680552 ], [ 17.109367604471096, 52.516906741027128 ], [ 17.110540555888029, 52.517670192696293 ], [ 17.111411543104225, 52.51798108503683 ], [ 17.113475670734566, 52.518018782131769 ], [ 17.113780559267497, 52.518070682412187 ], [ 17.114215688958836, 52.518169538511607 ], [ 17.114514032707884, 52.51824004035074 ], [ 17.115716988081193, 52.51848099960754 ], [ 17.115844659144276, 52.518512263700003 ], [ 17.116346936675836, 52.518706349629774 ], [ 17.1167667759997, 52.51892511426913 ], [ 17.117369546525204, 52.519207048874314 ], [ 17.117491999659027, 52.519267722183145 ], [ 17.117975022242618, 52.519091303480174 ], [ 17.118062185634919, 52.518866487849444 ], [ 17.117843632575092, 52.518739971815471 ], [ 17.117542460307149, 52.518707838325206 ], [ 17.117216995534548, 52.518723166215558 ], [ 17.117105309770931, 52.518714553366259 ], [ 17.117074637702355, 52.518645709934155 ], [ 17.117292068843298, 52.518539801502833 ], [ 17.117957844385074, 52.518427354219995 ], [ 17.118007029404907, 52.518342512575288 ], [ 17.118136734154454, 52.518277929225874 ], [ 17.118345133922645, 52.518276296953594 ], [ 17.118865045363133, 52.518168270332829 ], [ 17.119156620797977, 52.518159234739791 ], [ 17.119408911426738, 52.518286374544324 ], [ 17.119671090849788, 52.518440923129617 ], [ 17.119741144446181, 52.518526761005873 ], [ 17.119775192078013, 52.518627136771215 ], [ 17.119736056135203, 52.518756389878 ], [ 17.119627122135292, 52.518845589189652 ], [ 17.119379442802231, 52.518976294565618 ], [ 17.119026440984971, 52.519152993907504 ], [ 17.118497132991529, 52.519380583569593 ], [ 17.118157410605221, 52.519597416145615 ], [ 17.118189500678053, 52.519613315731185 ], [ 17.118421819812742, 52.51974904411027 ], [ 17.119344436809477, 52.520427478337808 ], [ 17.119846414878054, 52.520836593597984 ], [ 17.121078389802445, 52.521764569126212 ], [ 17.121559073684978, 52.52203761756823 ], [ 17.12163819973566, 52.522076918818314 ], [ 17.123462054974297, 52.521944594456947 ], [ 17.123629880100601, 52.521985480961483 ], [ 17.124011346498126, 52.521929830207661 ], [ 17.124920450334777, 52.521782706551221 ], [ 17.125947257172513, 52.521589501702117 ], [ 17.126997266750411, 52.521325511936858 ], [ 17.129787471766821, 52.520394237737236 ], [ 17.130678268417199, 52.520312437672168 ], [ 17.130897874160301, 52.520279750738972 ], [ 17.132288738413202, 52.519045418579651 ], [ 17.132168198900359, 52.51895348479858 ], [ 17.132281643065816, 52.518852196493469 ], [ 17.132221718171227, 52.518807545969409 ], [ 17.132197543388724, 52.518786567851535 ], [ 17.132141651751613, 52.51873819666509 ], [ 17.132041491465909, 52.518666371485708 ], [ 17.131979667357996, 52.518611880512253 ], [ 17.131970591592832, 52.518598411687243 ], [ 17.130376326134932, 52.519204270618374 ], [ 17.130310494549391, 52.51913307635504 ], [ 17.130131585502408, 52.518939120032925 ], [ 17.129779868727134, 52.518594757527957 ], [ 17.129679709218838, 52.518488303033799 ], [ 17.129586940619557, 52.518395096090714 ], [ 17.129091291508413, 52.517936385699301 ], [ 17.128344848579417, 52.516926334262109 ], [ 17.128337144137088, 52.516927281524659 ], [ 17.127312167786837, 52.517052539996463 ], [ 17.127312157441263, 52.517052475814893 ], [ 17.127310392126294, 52.517052691773543 ], [ 17.127281489856458, 52.517056281654611 ], [ 17.127092024638287, 52.517039251796966 ], [ 17.127085272513412, 52.517038644907231 ], [ 17.127090317751776, 52.517082846205064 ], [ 17.126807648844743, 52.517059483637908 ], [ 17.126273547505281, 52.517040953017556 ], [ 17.126294021392372, 52.516967728280392 ], [ 17.126291269924483, 52.516967481979876 ], [ 17.126181264667149, 52.516957555178891 ], [ 17.125796049974856, 52.516984606270228 ], [ 17.125796047477344, 52.516984641929035 ], [ 17.125531940496028, 52.517003213071924 ], [ 17.125531797298308, 52.517003195830966 ], [ 17.125515970998471, 52.51700430918244 ], [ 17.125359704780873, 52.51698321551909 ], [ 17.124875377693048, 52.516917618535423 ], [ 17.124474308843499, 52.516863412802195 ], [ 17.12421969524793, 52.516610689169831 ], [ 17.124199380536808, 52.516590625678113 ], [ 17.124158342201959, 52.51658696134502 ], [ 17.123974011548995, 52.516390665248309 ], [ 17.123990452683408, 52.516383322526842 ], [ 17.12364271639915, 52.51603814890877 ], [ 17.123591128923461, 52.515951347025485 ], [ 17.123387694323903, 52.515622263656006 ], [ 17.123623233491443, 52.515429747792759 ], [ 17.124413714461561, 52.51522624306741 ], [ 17.124968387123754, 52.515090049728549 ], [ 17.125516221908537, 52.514948169121674 ], [ 17.125753304791083, 52.514840308148109 ], [ 17.126112123440183, 52.51469174277679 ], [ 17.126723583841525, 52.514571910564257 ], [ 17.126741652465711, 52.514568368269209 ], [ 17.126738800262025, 52.514564236670353 ], [ 17.126858571884828, 52.514545446516237 ], [ 17.127857700576971, 52.514662714240444 ], [ 17.128193849009197, 52.514339747828096 ], [ 17.128457128755642, 52.514076607882558 ], [ 17.128457177400982, 52.514076626391905 ], [ 17.128662107268706, 52.513857709472859 ], [ 17.128662062904159, 52.513857694959484 ], [ 17.128663292640553, 52.513856443188487 ], [ 17.12895656306592, 52.513543151709506 ], [ 17.129001809924951, 52.51349484935497 ], [ 17.129029607297316, 52.51346515867251 ], [ 17.126633003578085, 52.512677754967122 ], [ 17.125605248094907, 52.512053114562796 ], [ 17.124405756904732, 52.511349472371222 ], [ 17.123641216944581, 52.510900774685318 ], [ 17.123306084927425, 52.510639306432466 ], [ 17.122930857980023, 52.5102879793479 ], [ 17.122589475139648, 52.509889789054419 ], [ 17.121962962670231, 52.509043301619535 ], [ 17.120997074573179, 52.507317461306798 ], [ 17.120747687919664, 52.507268709306274 ], [ 17.119893267148473, 52.507211961952549 ], [ 17.119159615670245, 52.507147234964592 ], [ 17.118182111951889, 52.507063064929362 ], [ 17.116145678271916, 52.507161788994424 ], [ 17.114250695084543, 52.507261563602391 ], [ 17.113534654504893, 52.50728828296559 ], [ 17.113475750609098, 52.507290401679278 ], [ 17.112299369932739, 52.507334415826378 ], [ 17.111575637312271, 52.507272318356627 ], [ 17.110806063719899, 52.507382082036408 ], [ 17.109443533400189, 52.507425523450294 ], [ 17.108774185950171, 52.50734988727757 ], [ 17.108352845443683, 52.507221010364653 ], [ 17.108044340131254, 52.507056161073976 ], [ 17.107906016605124, 52.506954653466479 ], [ 17.107813761569609, 52.506889049659797 ], [ 17.107512958677418, 52.506675393970482 ], [ 17.106034488194826, 52.505271131292773 ], [ 17.104148453784909, 52.505215647796739 ], [ 17.103463762552522, 52.505155025429254 ], [ 17.102650385975767, 52.505234982593215 ], [ 17.10201892064341, 52.505297166281217 ], [ 17.102016398304833, 52.505290147477758 ], [ 17.102008036309726, 52.50529321410945 ], [ 17.101985276231794, 52.505308318902323 ], [ 17.101977044465862, 52.50533858708738 ], [ 17.101973225030214, 52.5054032837484 ], [ 17.101975732494104, 52.505495604041911 ], [ 17.101942743184637, 52.505512073715472 ], [ 17.101890523944537, 52.505519870275279 ], [ 17.101634504887155, 52.505547061913347 ], [ 17.100703108584369, 52.505656501457558 ], [ 17.100272924171843, 52.505696004036764 ], [ 17.100102527851494, 52.505702981317235 ], [ 17.09985830614427, 52.505695821008686 ], [ 17.099667955705787, 52.505673336079013 ], [ 17.099439781632409, 52.505663194786621 ], [ 17.099367041444502, 52.505668322074207 ], [ 17.099367187699837, 52.505716173362778 ], [ 17.099349181905271, 52.505761124711299 ], [ 17.099329068028538, 52.505779779236732 ], [ 17.099300380101788, 52.505795597754869 ], [ 17.099259102383233, 52.505809415155042 ], [ 17.099146642348082, 52.505829823791338 ], [ 17.098749312871316, 52.505883250053294 ], [ 17.098690098759597, 52.505820868266539 ], [ 17.098563112043173, 52.50570658015166 ], [ 17.098363852946015, 52.505552455269381 ], [ 17.097169725212193, 52.504813720953315 ], [ 17.097143264999158, 52.504788201621714 ], [ 17.097116952107491, 52.504762684653599 ], [ 17.097094456261292, 52.504696575448641 ], [ 17.097038285383164, 52.504522893973025 ], [ 17.097023359287853, 52.504462392958274 ], [ 17.096960431498733, 52.504206306118419 ], [ 17.096897600636147, 52.504009402409082 ], [ 17.096838204409586, 52.503862651424555 ], [ 17.096802030799356, 52.503799290179444 ], [ 17.096508629059528, 52.50339558825852 ], [ 17.096225889147025, 52.503059063692298 ], [ 17.096142272833006, 52.502985135076237 ], [ 17.095768333006991, 52.502702545660952 ], [ 17.095511721338749, 52.502522128969389 ], [ 17.095360405448801, 52.502394853719011 ], [ 17.094973425994663, 52.502011856673839 ], [ 17.094889920760131, 52.501918411567708 ], [ 17.094798276458572, 52.50179506460497 ], [ 17.094581947873909, 52.501429744774164 ], [ 17.09405384254439, 52.500585678451479 ], [ 17.093941468879208, 52.500376102396807 ], [ 17.093814810251299, 52.500087956759302 ], [ 17.093501588699404, 52.500048101666891 ], [ 17.093444659443236, 52.500045655141079 ], [ 17.092979964665204, 52.499896146668512 ], [ 17.092187484138822, 52.4996995274387 ], [ 17.091937664687102, 52.499699905309711 ], [ 17.091721795244695, 52.499763699644326 ], [ 17.091517593115398, 52.499894958287832 ], [ 17.091160668504727, 52.500333242035772 ], [ 17.090830763196063, 52.500821248896528 ], [ 17.090665511346678, 52.500903756662794 ], [ 17.08991062876623, 52.501026123094427 ], [ 17.089525746180318, 52.501160307026858 ], [ 17.089349911979763, 52.501218267839022 ], [ 17.089224012931485, 52.501259856095785 ], [ 17.088980885499737, 52.501550847927021 ], [ 17.088811108258621, 52.501693361158196 ], [ 17.088688207848303, 52.501954545260098 ], [ 17.088586670351443, 52.502066411243767 ], [ 17.088493236463577, 52.502164736929821 ], [ 17.088479824661963, 52.502300602169683 ], [ 17.088511576605764, 52.502428203006723 ], [ 17.088558733120173, 52.502710302929358 ], [ 17.088552076723847, 52.503036953930454 ], [ 17.088719974796454, 52.503107752636602 ], [ 17.088938242120705, 52.503220198380866 ], [ 17.08885225516741, 52.503486565964032 ], [ 17.088553850464301, 52.503508997121784 ], [ 17.08860596159602, 52.503850178836743 ], [ 17.088509177647936, 52.504025620456396 ], [ 17.088140016236292, 52.504133071507219 ], [ 17.087728143301263, 52.504198997429832 ], [ 17.087406811919273, 52.504216378147035 ], [ 17.087085516401356, 52.504165043036906 ], [ 17.086850175572305, 52.504153862071782 ], [ 17.086440110949855, 52.504120427066312 ], [ 17.086157892746495, 52.504089059007541 ], [ 17.08599643625536, 52.504032841525273 ], [ 17.085736691438573, 52.503850643855266 ], [ 17.085554390950449, 52.503633092593915 ], [ 17.085371076543069, 52.503347348711394 ], [ 17.085118216837145, 52.502728863225414 ], [ 17.085060057432816, 52.50259867534556 ], [ 17.084901467848173, 52.502476665281527 ], [ 17.084791161524514, 52.502440791527512 ], [ 17.084531228396116, 52.502446296683992 ], [ 17.084340036470785, 52.502433487019331 ], [ 17.08409567495508, 52.502358835351032 ], [ 17.083935079639854, 52.502283021599617 ], [ 17.08374940099548, 52.502143482232022 ], [ 17.083288569071495, 52.501143182782847 ], [ 17.083180380383798, 52.50114346362021 ], [ 17.082961945994771, 52.501848306330174 ], [ 17.082865711926452, 52.502274870159759 ], [ 17.082858368360277, 52.502301373946153 ], [ 17.082426301849061, 52.502296439653747 ], [ 17.082164302222044, 52.502258014461681 ], [ 17.082044961663534, 52.502246905566928 ], [ 17.081829159588494, 52.501882019988464 ], [ 17.081742706975213, 52.501758746846349 ], [ 17.081604265569695, 52.50181739250646 ], [ 17.081355412244822, 52.501842677676315 ], [ 17.081341302246628, 52.501838401439336 ], [ 17.081278517583542, 52.501686100813245 ], [ 17.081260590149451, 52.5016544203066 ], [ 17.081236216218763, 52.501625243550137 ], [ 17.081204302666894, 52.501616900959796 ], [ 17.081100934239942, 52.50162826582352 ], [ 17.080910903338939, 52.501656572872584 ], [ 17.080638169823132, 52.50171240914554 ], [ 17.080653925036778, 52.501729663797519 ], [ 17.080691478761278, 52.501770926847357 ], [ 17.080709879619402, 52.501791732150913 ], [ 17.081087453544821, 52.502218605750393 ], [ 17.081216213539204, 52.502378902136833 ], [ 17.081356956666681, 52.502534805689699 ], [ 17.081292469584056, 52.502553546981723 ], [ 17.081194881326503, 52.502503215603859 ], [ 17.080619186085475, 52.502696155628875 ], [ 17.080556855350647, 52.502658627874297 ], [ 17.080323098796562, 52.502706011742518 ], [ 17.080304178054515, 52.502771542182614 ], [ 17.080122771151803, 52.502838573025294 ], [ 17.079990166287153, 52.502827426677577 ], [ 17.079705994647092, 52.502932453313925 ], [ 17.079639581942118, 52.502897287244181 ], [ 17.079258459335367, 52.501923234606316 ], [ 17.079126546219339, 52.501598830716723 ], [ 17.079117766338562, 52.501577102082926 ], [ 17.079758321704084, 52.501468238663151 ], [ 17.081290394898417, 52.501149430155856 ], [ 17.081317779163378, 52.501072254438526 ], [ 17.081262338424295, 52.500869795356905 ], [ 17.08118363413681, 52.500582233594891 ], [ 17.08080522208169, 52.500662079387347 ], [ 17.080386202869761, 52.500750439114015 ], [ 17.079642900878543, 52.500904048004045 ], [ 17.079399302714201, 52.500298381596558 ], [ 17.079250712185274, 52.5001537707777 ], [ 17.078007257570267, 52.500198242455902 ], [ 17.077677944123458, 52.500209980425602 ], [ 17.075665593253341, 52.500281864404386 ], [ 17.075581603171035, 52.50024101353317 ], [ 17.075464273303311, 52.499974855103304 ], [ 17.075985523719353, 52.499975419349042 ], [ 17.076300395880477, 52.499926485093013 ], [ 17.076609837617855, 52.499870266347024 ], [ 17.076879621151701, 52.499773827592335 ], [ 17.07713236238844, 52.49966263054452 ], [ 17.077342764113858, 52.499576018514539 ], [ 17.077347003971806, 52.499478860128036 ], [ 17.077624880213421, 52.499487333649704 ], [ 17.077655422426165, 52.499581099830912 ], [ 17.077805047032513, 52.499674822352858 ], [ 17.077957800240419, 52.499683330511495 ], [ 17.077934803095594, 52.499274710161373 ], [ 17.078672564883032, 52.499318624666003 ], [ 17.078734569124041, 52.499265486655922 ], [ 17.078888822712329, 52.49924631585953 ], [ 17.078963038909205, 52.49930517393534 ], [ 17.078995063256958, 52.499344728812652 ], [ 17.079452675614657, 52.499381660224245 ], [ 17.079385966181615, 52.499214814091609 ], [ 17.079452953825154, 52.499169041921284 ], [ 17.079635403424916, 52.499179199300812 ], [ 17.079877065399319, 52.499186719865016 ], [ 17.079973189376304, 52.499148705637971 ], [ 17.080022347182968, 52.499106241428365 ], [ 17.080002713885939, 52.499012293177216 ], [ 17.080098684630411, 52.498977784099978 ], [ 17.080266519092792, 52.499056149138788 ], [ 17.080332658500048, 52.499161735032615 ], [ 17.080567020105892, 52.499201514820022 ], [ 17.080791792910333, 52.499190771075718 ], [ 17.081083708114715, 52.499130658654465 ], [ 17.081152268925781, 52.499045336594484 ], [ 17.081238805726489, 52.498956708397131 ], [ 17.081447161032607, 52.498916825750271 ], [ 17.081615163513209, 52.498987996230419 ], [ 17.081836018180496, 52.499067218852325 ], [ 17.082107134161316, 52.499075212464142 ], [ 17.08229301361277, 52.499114922304514 ], [ 17.082338570910153, 52.499124655040994 ], [ 17.082325149659788, 52.499182450014203 ], [ 17.082320430733521, 52.499226535003778 ], [ 17.08226352172192, 52.499216888056573 ], [ 17.082247722066747, 52.499214203483582 ], [ 17.082108009304633, 52.499190532216161 ], [ 17.081872237651069, 52.499183111726303 ], [ 17.081713037724889, 52.499180530185342 ], [ 17.081571004050286, 52.499257555620289 ], [ 17.081654024263841, 52.49977094143113 ], [ 17.081722837376805, 52.499767830068656 ], [ 17.081788621420557, 52.499769976121918 ], [ 17.082005549164393, 52.49977700128477 ], [ 17.082190221374113, 52.499742939309208 ], [ 17.082445235362297, 52.499690949628139 ], [ 17.082491180747656, 52.499681620903807 ], [ 17.08255316092346, 52.499794873089094 ], [ 17.083113747062843, 52.499677140305849 ], [ 17.083299977479761, 52.500003589035977 ], [ 17.082958661114844, 52.500081254518598 ], [ 17.082753693999642, 52.500127850465105 ], [ 17.082942475192606, 52.500480334293847 ], [ 17.083501962577031, 52.50035754507843 ], [ 17.084093081267831, 52.50025289415337 ], [ 17.083324170382951, 52.499088372333645 ], [ 17.0830192208258, 52.498560688420589 ], [ 17.082975577537727, 52.498503587561785 ], [ 17.082962671297594, 52.498505537011376 ], [ 17.082694543708623, 52.498544093756379 ], [ 17.082545933178515, 52.498572535041035 ], [ 17.081996320876652, 52.498668677048911 ], [ 17.081859917544456, 52.49868751173215 ], [ 17.081658887367109, 52.498711504222385 ], [ 17.081537113291979, 52.498722660883871 ], [ 17.08112070732254, 52.498737942678517 ], [ 17.08060549833392, 52.498761423563174 ], [ 17.080214488686163, 52.498775585230895 ], [ 17.08014053007685, 52.49869388686141 ], [ 17.079830445917203, 52.498497996988775 ], [ 17.079598917112399, 52.498393323586562 ], [ 17.079442711078141, 52.498318744043509 ], [ 17.079296400315478, 52.498324823037628 ], [ 17.079350702585856, 52.498820205746895 ], [ 17.078621431383631, 52.498848746687699 ], [ 17.07848404734094, 52.498856228869194 ], [ 17.076755516923789, 52.498940206146372 ], [ 17.076564029406782, 52.498948065642523 ], [ 17.076190359657904, 52.49896330544528 ], [ 17.076114192656199, 52.498858093728735 ], [ 17.07582701937762, 52.498421431282985 ], [ 17.075858128076852, 52.498414382171759 ], [ 17.076237218310556, 52.49832889693522 ], [ 17.076494641678991, 52.498319591788018 ], [ 17.076751736922972, 52.498307672427636 ], [ 17.076602233576157, 52.497694805094063 ], [ 17.076750659171701, 52.497687504640545 ], [ 17.076896867894121, 52.497680347844593 ], [ 17.07719150203749, 52.497665889859327 ], [ 17.077714279464598, 52.497651091402666 ], [ 17.077913024239948, 52.497642268698677 ], [ 17.077968544738102, 52.497717462928499 ], [ 17.078015924386857, 52.49784415157287 ], [ 17.078058849526283, 52.497951340345772 ], [ 17.078127010501134, 52.49808475246239 ], [ 17.078223647952793, 52.498173476282922 ], [ 17.078321686919921, 52.498226695698392 ], [ 17.078401064098102, 52.498227985172086 ], [ 17.078553187514618, 52.498230546193561 ], [ 17.078808247484389, 52.498217959715042 ], [ 17.078775850284639, 52.497886177169072 ], [ 17.078740393192035, 52.497607680504544 ], [ 17.078706986313488, 52.497305832192446 ], [ 17.078686470778702, 52.497120668145349 ], [ 17.078489081227129, 52.497057920304563 ], [ 17.078321288734873, 52.497026143294157 ], [ 17.078155097301593, 52.497001587417586 ], [ 17.078069364787499, 52.497004151954187 ], [ 17.077633613842657, 52.49701730822126 ], [ 17.07760653626584, 52.496759723913989 ], [ 17.077603508686703, 52.496731163087503 ], [ 17.077572789125927, 52.496442219742832 ], [ 17.077568199673703, 52.496398793094556 ], [ 17.077147699197397, 52.496413814337679 ], [ 17.077059087454337, 52.49641822011445 ], [ 17.077064487587329, 52.496466696718571 ], [ 17.077109873722254, 52.496878739454566 ], [ 17.076598780710174, 52.496902899258416 ], [ 17.076671791276876, 52.497539526878995 ], [ 17.076526207101402, 52.497539138418468 ], [ 17.076152851682984, 52.497554203253372 ], [ 17.076172334933808, 52.497715516369325 ], [ 17.076073147091861, 52.497729193333711 ], [ 17.075903266371665, 52.497765465061427 ], [ 17.075783464853892, 52.49768085960131 ], [ 17.075660907038728, 52.497598637611915 ], [ 17.075704728701826, 52.497573806946541 ], [ 17.075909677535979, 52.497460036227103 ], [ 17.076139645568979, 52.497444888777636 ], [ 17.076114305872903, 52.497235451347258 ], [ 17.075219214331781, 52.497444036378006 ], [ 17.075309408644163, 52.49758563366516 ], [ 17.075491440548188, 52.49787173289269 ], [ 17.07539875368159, 52.497901884512622 ], [ 17.074979096694449, 52.498001817159171 ], [ 17.074793680518216, 52.497708916396178 ], [ 17.074619366582759, 52.497414936832207 ], [ 17.075120112029587, 52.497293839507265 ], [ 17.074915290414996, 52.496986412267283 ], [ 17.073956966380589, 52.497249183112039 ], [ 17.073742934354037, 52.496947000340818 ], [ 17.07355013018811, 52.496658204466819 ], [ 17.073126621814001, 52.496155545684402 ], [ 17.073018340382337, 52.496057094025147 ], [ 17.072285579149089, 52.496058556133079 ], [ 17.072280150325518, 52.496020961800383 ], [ 17.072171776287011, 52.496066145397329 ], [ 17.072096220783571, 52.496088748661002 ], [ 17.072015780697853, 52.496101738399368 ], [ 17.071836212817267, 52.496116979811092 ], [ 17.071265434406623, 52.496148058518585 ], [ 17.070456136401241, 52.496204565100278 ], [ 17.069963226021891, 52.496247700755902 ], [ 17.069780469960772, 52.496265045646147 ], [ 17.069550063649796, 52.496286919211563 ], [ 17.069619709071947, 52.496362258055811 ], [ 17.069559523336743, 52.496538551827967 ], [ 17.069577263133425, 52.496574278537565 ], [ 17.069670112523252, 52.496590904032828 ], [ 17.069853302379819, 52.496587237588045 ], [ 17.07000504665924, 52.496658879023435 ], [ 17.070113571798416, 52.496704541412491 ], [ 17.070196480133696, 52.496705894024942 ], [ 17.070264816028669, 52.496663117090613 ], [ 17.070307383523172, 52.496576117934744 ], [ 17.070405295946024, 52.496544436578766 ], [ 17.070462747803436, 52.496561743213753 ], [ 17.070447035824341, 52.497300811193085 ], [ 17.070212881635058, 52.497344211055022 ], [ 17.070150880715339, 52.497370182195105 ], [ 17.070144822376594, 52.497508504283552 ], [ 17.069307946811115, 52.497494218505615 ], [ 17.069256714747304, 52.497819242650287 ], [ 17.069196253378355, 52.498173257366332 ], [ 17.069156549507188, 52.498453768377338 ], [ 17.069145712881674, 52.498603525010694 ], [ 17.069133772858894, 52.498751554729289 ], [ 17.06913246916351, 52.498962897425578 ], [ 17.069138834373287, 52.499059779040003 ], [ 17.06917088730982, 52.499111929002318 ], [ 17.069193673660198, 52.499136765185277 ], [ 17.069248397894842, 52.499162572363623 ], [ 17.069100738773695, 52.499179139988222 ], [ 17.068828972841665, 52.499189364180886 ], [ 17.066625101200597, 52.499162988378863 ], [ 17.065202477817152, 52.499139728405765 ], [ 17.064475343871344, 52.499146091372296 ], [ 17.062261809821283, 52.499128380388321 ], [ 17.06069292066589, 52.499100061743675 ], [ 17.059838674659357, 52.499104761933417 ], [ 17.05892817607895, 52.499091713706768 ], [ 17.058747114053745, 52.499083615782737 ], [ 17.058335484939189, 52.499070474043961 ], [ 17.058220532276813, 52.499070475921613 ], [ 17.058098129040182, 52.499072334107524 ], [ 17.05796027638004, 52.499063595168295 ], [ 17.057152356514766, 52.498559153691104 ], [ 17.05920357535835, 52.497182351034169 ], [ 17.059720383597103, 52.496841313577548 ], [ 17.061660801314957, 52.49556095838372 ], [ 17.06200073424824, 52.495340593277099 ], [ 17.060724101648304, 52.494735225382101 ], [ 17.060240249857831, 52.494505763934711 ], [ 17.059613078834737, 52.494194710350875 ], [ 17.058597712600687, 52.49369110201998 ], [ 17.058675974537955, 52.493640579708746 ], [ 17.058249351816432, 52.493420413800955 ], [ 17.057778864390631, 52.493195928382043 ], [ 17.057447583433472, 52.493036057324439 ], [ 17.056873133356039, 52.492776762051847 ], [ 17.057078877011818, 52.492775914442149 ], [ 17.058978966994523, 52.492753414070961 ], [ 17.059002554308915, 52.492753171533451 ], [ 17.060007874288821, 52.492711381447997 ], [ 17.061367199531283, 52.492634641469799 ], [ 17.061379596733069, 52.491850367795458 ], [ 17.06132681801164, 52.491415531058408 ], [ 17.061266584886948, 52.490919051524671 ], [ 17.061255866820066, 52.490831092130428 ], [ 17.061234200531594, 52.490657058351289 ], [ 17.060737684710702, 52.490401577485066 ], [ 17.060581560926039, 52.490289647802832 ], [ 17.060398549256298, 52.490119084295941 ], [ 17.060004885574941, 52.489764832790328 ], [ 17.05985756337553, 52.489632258172051 ], [ 17.059596879693487, 52.489602888027797 ], [ 17.059557438653101, 52.48962859410733 ], [ 17.059429368252044, 52.489699526211929 ], [ 17.059287624862254, 52.489756382714226 ], [ 17.059167858280436, 52.48979264308494 ], [ 17.058997437791049, 52.489811432774715 ], [ 17.058811589638221, 52.489832577357333 ], [ 17.058596043013775, 52.489835515549821 ], [ 17.058168450990408, 52.489802053469262 ], [ 17.057859179862216, 52.489775209689917 ], [ 17.057549905170251, 52.489748454982795 ], [ 17.057073010866681, 52.48971705741954 ], [ 17.056797262095575, 52.489705242225867 ], [ 17.056409744099795, 52.489688621756784 ], [ 17.056237247929008, 52.489674274555753 ], [ 17.055989505376374, 52.489632157400102 ], [ 17.055771187940227, 52.489597718790598 ], [ 17.055526191406365, 52.489576872208488 ], [ 17.055195344827922, 52.489558211279522 ], [ 17.054706132129304, 52.489538923714704 ], [ 17.054350916864205, 52.489521568545733 ], [ 17.054091392316778, 52.489496072824835 ], [ 17.053749213843155, 52.489477131469933 ], [ 17.053621747815502, 52.489480790331704 ], [ 17.053471767247956, 52.489310309706511 ], [ 17.053286801140288, 52.489321476511634 ], [ 17.052747617223424, 52.489402813468324 ], [ 17.052470540823158, 52.489414441290435 ], [ 17.052081546028287, 52.489384650687363 ], [ 17.051323167827739, 52.48931810338847 ], [ 17.051116266939268, 52.489325487608703 ], [ 17.050316974137669, 52.489517743814496 ], [ 17.050138356934262, 52.489511921280823 ], [ 17.050375293832616, 52.489674935237019 ], [ 17.050814328088862, 52.49005588206937 ], [ 17.051214968498766, 52.490438892910639 ], [ 17.051613263272145, 52.490811790130692 ], [ 17.052018564549645, 52.491183002482657 ], [ 17.052410534783089, 52.491572611963356 ], [ 17.052819964889636, 52.491947397170684 ], [ 17.053212548422167, 52.492323432643801 ], [ 17.05370731796156, 52.49278812250575 ], [ 17.053531135712653, 52.492830284565287 ], [ 17.053120970819922, 52.492965463397852 ], [ 17.053044054552974, 52.492992079538432 ], [ 17.052454586045318, 52.493169905433781 ], [ 17.052138354013746, 52.493236742180429 ], [ 17.051615867303543, 52.493329232260095 ], [ 17.051295487934375, 52.493023276984822 ], [ 17.050968609930923, 52.492711097629574 ], [ 17.050750738922556, 52.492503068259644 ], [ 17.050567079996764, 52.492327801721913 ], [ 17.050174897338017, 52.49195320300003 ], [ 17.049760805481878, 52.491557734790518 ], [ 17.049751019598922, 52.491549118848091 ], [ 17.049480418957671, 52.491310896352786 ], [ 17.049588506718621, 52.491325720364706 ], [ 17.049695818095021, 52.491321463668712 ], [ 17.049851988999617, 52.491285273376143 ], [ 17.050032345486315, 52.491198664093197 ], [ 17.050124528277397, 52.491130028614421 ], [ 17.050181544363898, 52.491070257328424 ], [ 17.050067281144592, 52.490941914575842 ], [ 17.049369217768099, 52.491203290187826 ], [ 17.049068842403589, 52.490918794949273 ], [ 17.049767205398577, 52.4906572461732 ], [ 17.04962983161861, 52.490518448365357 ], [ 17.049350527717525, 52.490330539723857 ], [ 17.048713116678268, 52.490583287834362 ], [ 17.048991616237025, 52.490855910552973 ], [ 17.048847862130202, 52.490891225220565 ], [ 17.047549611456148, 52.491066776621608 ], [ 17.047382965877542, 52.491089929184625 ], [ 17.046886144088496, 52.491158897250685 ], [ 17.04705977595712, 52.490751986023895 ], [ 17.047228158959559, 52.490367023803586 ], [ 17.047389140778026, 52.489999388013096 ], [ 17.047549755441548, 52.489560151679093 ], [ 17.047503833532243, 52.489569017492883 ], [ 17.047469949200131, 52.489575563609797 ], [ 17.047223358658442, 52.489643986427382 ], [ 17.04715031296276, 52.489663107459819 ], [ 17.046723127245706, 52.489421213728548 ], [ 17.046183388289375, 52.489089315538337 ], [ 17.045825110084248, 52.488921859899691 ], [ 17.045620105692986, 52.488793452538303 ], [ 17.045484695981692, 52.488720430226692 ], [ 17.0451942890518, 52.488560929787951 ], [ 17.044863028708868, 52.488409028043385 ], [ 17.044579425583294, 52.488172647658239 ], [ 17.044561667668088, 52.488157783377076 ], [ 17.044263157639417, 52.487922055179816 ], [ 17.044125084579694, 52.487593730095668 ], [ 17.043998633418649, 52.487411933657313 ], [ 17.043616228760314, 52.487021733969421 ], [ 17.04329721862652, 52.486756882476243 ], [ 17.042877350529658, 52.486557008739567 ], [ 17.04226389825542, 52.486293937653322 ], [ 17.041901754016148, 52.486101581632525 ], [ 17.041812764213304, 52.486224319171846 ], [ 17.041614884960509, 52.486589358133848 ], [ 17.041532112372899, 52.486814193384653 ], [ 17.040836493811756, 52.486705984730868 ], [ 17.040229736809085, 52.486590789755674 ], [ 17.039263389623763, 52.486444716952114 ], [ 17.039177484466368, 52.48643169021863 ], [ 17.03879052079337, 52.486522592410829 ], [ 17.038502541923716, 52.486600744111463 ], [ 17.037729803685504, 52.486755669711194 ], [ 17.03670230382858, 52.48696383515248 ], [ 17.035963140465736, 52.487092413712404 ], [ 17.03552579510357, 52.48720270579495 ], [ 17.03537620857723, 52.48721353273978 ], [ 17.034766048262465, 52.487369790310041 ], [ 17.034088020367246, 52.48749829368473 ], [ 17.033039831319094, 52.487693851410377 ], [ 17.031656499408651, 52.4879903152978 ], [ 17.030694310636758, 52.488216065211468 ], [ 17.030105662828642, 52.488374905658098 ], [ 17.029628125872854, 52.488490442928175 ], [ 17.029314017223999, 52.488562470733129 ], [ 17.028835138823368, 52.488625545815097 ], [ 17.028325075404204, 52.488736848132298 ], [ 17.028094194914026, 52.488779589577348 ], [ 17.027860953586952, 52.488832274863995 ], [ 17.027699421510054, 52.488869516043316 ], [ 17.027590155882105, 52.488933981853243 ], [ 17.027508698880045, 52.488953220363918 ], [ 17.027432204991538, 52.488953743539042 ], [ 17.027362178814322, 52.488934856938371 ], [ 17.027197299902692, 52.488938223114133 ], [ 17.026955585519875, 52.489005695812573 ], [ 17.026765901044367, 52.489102368032754 ], [ 17.026673670323763, 52.489131859604427 ], [ 17.026466407785353, 52.489134067932035 ], [ 17.026298604882161, 52.489150066012513 ], [ 17.025920614318519, 52.489230282975868 ], [ 17.025365520041884, 52.489369602752788 ], [ 17.025175380716721, 52.48938423697507 ], [ 17.024780492303289, 52.489489622014844 ], [ 17.024188146253987, 52.489611764724081 ], [ 17.023814026365248, 52.489687632457226 ], [ 17.023503608872925, 52.489752511175659 ], [ 17.023265328871059, 52.489802315033479 ], [ 17.023040214460199, 52.48984109560844 ], [ 17.02285813158629, 52.489928984339791 ], [ 17.022572313269613, 52.489984108277831 ], [ 17.021684166488228, 52.490173337158552 ], [ 17.02134023917009, 52.490252580278614 ], [ 17.021059838254292, 52.49031822458619 ], [ 17.020546156391511, 52.490427184469368 ], [ 17.020317644854057, 52.490498822146712 ], [ 17.020047894508306, 52.490514274303592 ], [ 17.019809984370898, 52.490552384859122 ], [ 17.019232141680966, 52.490695432587287 ], [ 17.018955840459416, 52.490715629477293 ], [ 17.018478967465267, 52.490811885379536 ], [ 17.017935669664084, 52.490933649399572 ], [ 17.0174762030267, 52.491045753095257 ], [ 17.016785908086334, 52.491192300650553 ], [ 17.016658618730624, 52.491195113188979 ], [ 17.016155804534321, 52.491314220023149 ], [ 17.015567305592953, 52.491438183220993 ], [ 17.01513744024669, 52.491570022314207 ], [ 17.014665711632112, 52.491702146572322 ], [ 17.014353466926625, 52.491702301768356 ], [ 17.014137031293338, 52.491669076926698 ], [ 17.01401962697437, 52.4916650370442 ], [ 17.013433810387063, 52.491621380999305 ], [ 17.013251646332563, 52.491599343396729 ], [ 17.013114526929094, 52.491571766169479 ], [ 17.013005376419695, 52.491538272678937 ], [ 17.012192255925687, 52.491169965075201 ], [ 17.011925743175773, 52.491022026696463 ], [ 17.011701289032086, 52.490938024659485 ], [ 17.011006077502948, 52.490713171107245 ], [ 17.010637929751297, 52.490597249275076 ], [ 17.010199874260422, 52.49049912824136 ], [ 17.009990363859309, 52.490466102184527 ], [ 17.009741398918866, 52.490468209207677 ], [ 17.009425763168846, 52.490488171684788 ], [ 17.009210537795038, 52.490509913330222 ], [ 17.008826798185218, 52.490507681247387 ], [ 17.008823264530921, 52.490507621760351 ], [ 17.008780295344348, 52.490529204271226 ], [ 17.008758879944416, 52.490602057402434 ], [ 17.008715300684507, 52.490761062625467 ], [ 17.008691004132078, 52.490816148454428 ], [ 17.008708389128678, 52.490914029363303 ], [ 17.008820397984596, 52.491011344606441 ], [ 17.0089538784963, 52.491031310375817 ], [ 17.009285827011659, 52.491005867328631 ], [ 17.009568912720887, 52.491015038657913 ], [ 17.00979731779185, 52.49102778641074 ], [ 17.009850695771327, 52.491053059108189 ], [ 17.009897888800896, 52.491133722576194 ], [ 17.009756813948432, 52.491601661043873 ], [ 17.009682006087548, 52.491891008234163 ], [ 17.009694078475334, 52.491946706228475 ], [ 17.009817343963412, 52.492033056955663 ], [ 17.010200284442423, 52.492245828911713 ], [ 17.010318013405843, 52.492376517814819 ], [ 17.01041285039944, 52.492527958146475 ], [ 17.01054227300423, 52.492621607097135 ], [ 17.011058278271953, 52.49294877313335 ], [ 17.010775952478077, 52.492938808753678 ], [ 17.010651011071616, 52.492967827762747 ], [ 17.010569606236754, 52.493001896166483 ], [ 17.010522738519551, 52.492992293461555 ], [ 17.010214841035076, 52.492889436213247 ], [ 17.010178105181641, 52.492789251306519 ], [ 17.009754645350984, 52.492615462421426 ], [ 17.009476757709145, 52.492490982177806 ], [ 17.009130690663003, 52.492427504362098 ], [ 17.008551676031555, 52.492373415317651 ], [ 17.00824631804986, 52.492292811561477 ], [ 17.007706637232708, 52.492010835375517 ], [ 17.007508835161506, 52.491963161569686 ], [ 17.007318827134682, 52.491824596348387 ], [ 17.0072869385681, 52.491757501245409 ], [ 17.007273822958773, 52.491676061687791 ], [ 17.007276939962178, 52.49160712786319 ], [ 17.007213007009238, 52.49151224011672 ], [ 17.007085600350628, 52.491195022901003 ], [ 17.006983058080639, 52.491051364929838 ], [ 17.006862079544703, 52.490996080080485 ], [ 17.006562745537323, 52.490942196537333 ], [ 17.006253863434864, 52.490861618073161 ], [ 17.005981654814242, 52.490774911323768 ], [ 17.005704512931885, 52.490712585286069 ], [ 17.005512978447808, 52.490689388336143 ], [ 17.005337443990335, 52.490683819919582 ], [ 17.005425981205626, 52.490501918959602 ], [ 17.005459209320524, 52.490428635988934 ], [ 17.005515009000661, 52.490305905136466 ], [ 17.005656744575543, 52.489993584096041 ], [ 17.005054729511055, 52.489891779748781 ], [ 17.004779115614383, 52.489880475014296 ], [ 17.004535535803978, 52.489880863030919 ], [ 17.004305212393596, 52.489832545150414 ], [ 17.004235889833001, 52.489756003113094 ], [ 17.004245793351203, 52.489618647152533 ], [ 17.004271909367759, 52.489539757960124 ], [ 17.004271898071554, 52.48950746818047 ], [ 17.004252068908848, 52.489480060712296 ], [ 17.004220437537814, 52.489456231708068 ], [ 17.004058959276893, 52.489407186163689 ], [ 17.004026836275937, 52.489397469884672 ], [ 17.003971354439269, 52.489395993945578 ], [ 17.003928075952722, 52.489411363408252 ], [ 17.003851273743312, 52.489503248371875 ], [ 17.003476169070368, 52.48984076993748 ], [ 17.00337590110507, 52.489887916524857 ], [ 17.00300536511298, 52.489883819698235 ], [ 17.002448901410098, 52.489892231931137 ], [ 17.00221822940755, 52.489848401240586 ], [ 17.002022101970567, 52.489767377499 ], [ 17.001971443677107, 52.489682245008105 ], [ 17.001977775290431, 52.489542580269152 ], [ 17.001983468267515, 52.489495006553689 ], [ 17.002395914997692, 52.489218022480735 ], [ 17.002598074828875, 52.489087870978423 ], [ 17.002785064467108, 52.489107128415839 ], [ 17.002982479433204, 52.489107673513423 ], [ 17.002409317892887, 52.489403441837524 ], [ 17.002391463939908, 52.489436509219956 ], [ 17.002399141535754, 52.489465420702061 ], [ 17.002623380366, 52.489651162679124 ], [ 17.002678800043434, 52.489712540347369 ], [ 17.002697154783512, 52.489733447279008 ], [ 17.002728050990026, 52.489744222521324 ], [ 17.002793569454766, 52.489745328856841 ], [ 17.0028446823381, 52.489739176349879 ], [ 17.003023224504133, 52.489649009812055 ], [ 17.003366133801585, 52.489459532281487 ], [ 17.003825251294675, 52.489199430939465 ], [ 17.004121320631807, 52.489243732469617 ], [ 17.00449695197609, 52.489447585580628 ], [ 17.004976775812313, 52.489608763033331 ], [ 17.005277427659937, 52.489711422079445 ], [ 17.005507755624507, 52.489759648197378 ], [ 17.005749255795642, 52.489785666395932 ], [ 17.006276962229517, 52.48974518387697 ], [ 17.006693518314385, 52.489728639562131 ], [ 17.00712975388209, 52.489739588177649 ], [ 17.007429438802575, 52.489746436018287 ], [ 17.008102815410695, 52.489475626568115 ], [ 17.008620883772853, 52.489380915518574 ], [ 17.008986281140469, 52.489351899160312 ], [ 17.009425097146419, 52.489370887699124 ], [ 17.009958034850424, 52.489481940967416 ], [ 17.01033749571107, 52.489608128942393 ], [ 17.01064793330675, 52.489817431430808 ], [ 17.011296673666767, 52.490258718327205 ], [ 17.012264624830927, 52.490718677972751 ], [ 17.012936182748028, 52.491138213083303 ], [ 17.0134997770088, 52.491373976429834 ], [ 17.013972994242344, 52.491519445859332 ], [ 17.014278272826594, 52.491520164101949 ], [ 17.01435281437498, 52.491497670545357 ], [ 17.015044745148728, 52.491288924032226 ], [ 17.015764080763528, 52.491132440390437 ], [ 17.016310990851661, 52.491012455793431 ], [ 17.016933499496751, 52.490875837529089 ], [ 17.018891332233128, 52.490452725177626 ], [ 17.019386617084564, 52.490356506120506 ], [ 17.020394353737043, 52.490129451290102 ], [ 17.021283872346491, 52.48994259353082 ], [ 17.022444102090333, 52.489682454941061 ], [ 17.023420294756196, 52.489471396598098 ], [ 17.024630054564554, 52.489239766803351 ], [ 17.027544420126933, 52.488596203380908 ], [ 17.027985857258756, 52.48852036699725 ], [ 17.028595260772889, 52.488381940239471 ], [ 17.02885902477054, 52.488335248706662 ], [ 17.02898380149357, 52.488388415594947 ], [ 17.029085043312676, 52.488401165630421 ], [ 17.029167368527467, 52.488349291269891 ], [ 17.029359882890311, 52.488268222498817 ], [ 17.029412809478302, 52.488224672550388 ], [ 17.029366030987042, 52.488130712431705 ], [ 17.029244728775208, 52.488013024894542 ], [ 17.02942757646225, 52.487894378742524 ], [ 17.029555217141034, 52.487801075908315 ], [ 17.029653994109658, 52.48764810974091 ], [ 17.029665609419602, 52.487787084996249 ], [ 17.029634830836471, 52.487879033477469 ], [ 17.029539182398338, 52.487991667425391 ], [ 17.029513722602893, 52.488076688944261 ], [ 17.029529860404718, 52.488117791830696 ], [ 17.029548758000566, 52.488163078060346 ], [ 17.029557640853724, 52.488178606263681 ], [ 17.029591796458636, 52.48823853752252 ], [ 17.030018099753395, 52.488148410401017 ], [ 17.030426554552246, 52.48804881037514 ], [ 17.031354364790655, 52.487853790541898 ], [ 17.031847833441159, 52.487773858984696 ], [ 17.032215226042698, 52.487732482059798 ], [ 17.032478836498257, 52.48768245206179 ], [ 17.033042330561624, 52.487568512755097 ], [ 17.034943909628975, 52.487157692313211 ], [ 17.036299794131732, 52.486861094328312 ], [ 17.036795004978249, 52.486754817951748 ], [ 17.038058823378613, 52.486483744514508 ], [ 17.038413462018209, 52.486324671693943 ], [ 17.037401562067704, 52.486182774944979 ], [ 17.03707078659151, 52.486130155830253 ], [ 17.036077896419062, 52.48598505540776 ], [ 17.035383973587223, 52.485859213853438 ], [ 17.034351304636502, 52.485704443816537 ], [ 17.034365110072375, 52.485672383794707 ], [ 17.033520888430303, 52.485543943361456 ], [ 17.032881497423194, 52.485447685413838 ], [ 17.031994384332716, 52.485306648199732 ], [ 17.031199159665611, 52.485173339948055 ], [ 17.030981234125846, 52.4851409304637 ], [ 17.030815871648461, 52.485115871604094 ], [ 17.030565894366138, 52.485078700396123 ], [ 17.03043833037249, 52.485038620340035 ], [ 17.030379598173877, 52.485007781270014 ], [ 17.030356660453219, 52.484967194838298 ], [ 17.030368597755654, 52.484907761527438 ], [ 17.030449770160246, 52.484716635584661 ], [ 17.030599150779842, 52.484410169366072 ], [ 17.030787768961101, 52.484023407692902 ], [ 17.03084680353999, 52.483902338137177 ], [ 17.031278655003824, 52.482977719391215 ], [ 17.031332405189005, 52.482902342543809 ], [ 17.031281310757731, 52.482819284286137 ], [ 17.03122256563033, 52.482633743675763 ], [ 17.030970771101906, 52.482165896519078 ], [ 17.029969469377683, 52.480190535773424 ], [ 17.029837302759493, 52.479871375350889 ], [ 17.02977680819512, 52.479725199727831 ], [ 17.029497483533287, 52.479264265705638 ], [ 17.031122053265424, 52.478794927026733 ], [ 17.031244533856292, 52.478757121261985 ], [ 17.031918904904067, 52.478555900166903 ], [ 17.031997885873746, 52.478515750775983 ], [ 17.032051219129844, 52.478462762442291 ], [ 17.032079629982704, 52.478317977397374 ], [ 17.032057629135871, 52.477952802870853 ], [ 17.032043331144997, 52.47771538549118 ], [ 17.032036036406407, 52.477538886047682 ], [ 17.032024746893974, 52.477267070571891 ], [ 17.032052276716747, 52.477168411571 ], [ 17.032304166833683, 52.476966993236132 ], [ 17.032650003819477, 52.476696891796735 ], [ 17.033345250758842, 52.476234815804311 ], [ 17.033632337740094, 52.476039916211377 ], [ 17.033819697881462, 52.475970627216462 ], [ 17.033955252301425, 52.476055628239585 ], [ 17.034064453340125, 52.476087484485575 ], [ 17.034227935529444, 52.476120962432574 ], [ 17.035259587279533, 52.476253862279762 ], [ 17.035345785670607, 52.475763936241343 ], [ 17.035008837528601, 52.475603726416196 ], [ 17.034572269078559, 52.475418205082953 ], [ 17.034136545497251, 52.475227029747238 ], [ 17.033779706602171, 52.475070443197147 ], [ 17.03363744687212, 52.474990547138695 ], [ 17.033379504924877, 52.474845857157057 ], [ 17.033302612919801, 52.474766687902068 ], [ 17.033279928349188, 52.474713873927428 ], [ 17.03328901684818, 52.474658710161442 ], [ 17.033307507693923, 52.474561159743168 ], [ 17.03335182698444, 52.474346843183092 ], [ 17.033352233582509, 52.474344331542191 ], [ 17.03339678829202, 52.474055366231653 ], [ 17.033428676481456, 52.473802707103673 ], [ 17.033415989680801, 52.473747001336172 ], [ 17.033250337851143, 52.473722750232319 ], [ 17.032816306678107, 52.473659227033941 ], [ 17.032316966335745, 52.473544247554848 ], [ 17.031938023191369, 52.473493959856064 ], [ 17.031285903244235, 52.473383269068222 ], [ 17.030766081571866, 52.47329501486886 ], [ 17.030415346150669, 52.473233229538678 ], [ 17.030399551049346, 52.473260399093185 ], [ 17.030046116385105, 52.473196409074795 ], [ 17.029844625162553, 52.473160133404043 ], [ 17.029466740307047, 52.472852258574157 ], [ 17.028030158475449, 52.471819781376773 ], [ 17.027566218951414, 52.471480424276123 ], [ 17.027218494465192, 52.471224058804168 ], [ 17.027073432938852, 52.471315253489372 ], [ 17.026628905932526, 52.471651599020518 ], [ 17.026156211455437, 52.472008339570991 ], [ 17.026110366269776, 52.47203554667017 ], [ 17.025512080838617, 52.472361496530539 ], [ 17.025028330027304, 52.471984652133038 ], [ 17.024283086868593, 52.471405562481024 ], [ 17.024010449290039, 52.471192249341229 ], [ 17.023739598347721, 52.470975277736784 ], [ 17.023495939524384, 52.470782594891347 ], [ 17.02326561949247, 52.470604525388588 ], [ 17.023032468582414, 52.470420651733832 ], [ 17.022835620795007, 52.47026148932369 ], [ 17.023298282569996, 52.47012549455868 ], [ 17.023151741698157, 52.469948015655596 ], [ 17.023688716447587, 52.469803457810123 ], [ 17.023549650186172, 52.469623495959198 ], [ 17.023864404909595, 52.469527659988806 ], [ 17.023945512508995, 52.46964036491228 ], [ 17.024418332787302, 52.469500937839257 ], [ 17.024481314791139, 52.46948238238452 ], [ 17.024311251483386, 52.469254593527417 ], [ 17.022391642950677, 52.469796794600342 ], [ 17.022271817004814, 52.469637839889259 ], [ 17.02222259897755, 52.469549771892972 ], [ 17.021941776381571, 52.469237019626696 ], [ 17.02190671612647, 52.469194519658004 ], [ 17.021802912174103, 52.469019912492946 ], [ 17.02178401828731, 52.468988026379741 ], [ 17.021771055616615, 52.468981513514912 ], [ 17.021723720217853, 52.468667629460214 ], [ 17.022090871927773, 52.46855603525502 ], [ 17.022915071412239, 52.468311680757161 ], [ 17.023023966832515, 52.468287327835888 ], [ 17.023436116854107, 52.468117928754587 ], [ 17.023470909646267, 52.468077676091106 ], [ 17.023488060260437, 52.468020309177433 ], [ 17.023477675809076, 52.467969407666935 ], [ 17.023099933445515, 52.46760116214633 ], [ 17.022264474720554, 52.466710876077947 ], [ 17.022152197546511, 52.466702342451889 ], [ 17.021473012262351, 52.466702043856628 ], [ 17.021371894870221, 52.466608879753977 ], [ 17.021235766627377, 52.466606781859255 ], [ 17.020938760012662, 52.466550274153079 ], [ 17.020795167999282, 52.466668574754692 ], [ 17.020641915533986, 52.466765846659619 ], [ 17.020351772600911, 52.466996101423774 ], [ 17.019931983760756, 52.467286425463953 ], [ 17.019582599323602, 52.467399299875702 ], [ 17.019536748352149, 52.46749225284151 ], [ 17.019323815411536, 52.467777134503734 ], [ 17.019229466179635, 52.467969471789424 ], [ 17.019137410571108, 52.468113997624513 ], [ 17.019094941947717, 52.468220138787807 ], [ 17.019017004331729, 52.468414279849441 ], [ 17.018941916664989, 52.468531836977647 ], [ 17.018815848701198, 52.46866302083793 ], [ 17.018671361049613, 52.468781303903178 ], [ 17.018512810707779, 52.468878214505878 ], [ 17.017664383610633, 52.469385576119748 ], [ 17.017492863263019, 52.469515367067388 ], [ 17.017299674958554, 52.469635710220906 ], [ 17.017233047492702, 52.469669760927637 ], [ 17.017175667819785, 52.469697940459575 ], [ 17.016838004717982, 52.469886915517407 ], [ 17.016589077518439, 52.470054532352592 ], [ 17.016390636313556, 52.470160574911105 ], [ 17.016231363541944, 52.470247126911936 ], [ 17.016124694783535, 52.47029381690399 ], [ 17.015791411247779, 52.470421251368911 ], [ 17.015376960102213, 52.470552269644223 ], [ 17.015278377620636, 52.470543599604078 ], [ 17.015230194993279, 52.47054081219455 ], [ 17.015167648237405, 52.470523392760221 ], [ 17.015082678906754, 52.470480592716285 ], [ 17.01498822000757, 52.470426120587348 ], [ 17.014933555335798, 52.470400468608744 ], [ 17.014900095767057, 52.470384706544422 ], [ 17.014879390407415, 52.470376803744792 ], [ 17.014794229543654, 52.470351359321789 ], [ 17.014638334204616, 52.470316992216517 ], [ 17.014464780389915, 52.470285566378251 ], [ 17.01431085433854, 52.470256538554047 ], [ 17.014044318152845, 52.470203313535364 ], [ 17.013952473005826, 52.470166063622024 ], [ 17.013730769842848, 52.470065740996922 ], [ 17.013590227210894, 52.470014271308408 ], [ 17.013450922048204, 52.469977842765417 ], [ 17.013070325028313, 52.469873860214037 ], [ 17.012697968675109, 52.469792950446895 ], [ 17.012511436668671, 52.469765261120799 ], [ 17.01250734030128, 52.469764652615247 ], [ 17.012124067388545, 52.469654775698423 ], [ 17.010436595441412, 52.469170744641303 ], [ 17.010213021204613, 52.469115445445773 ], [ 17.009186460921303, 52.468816285534551 ], [ 17.009193428126231, 52.468750024630133 ], [ 17.009278538018666, 52.468636150023755 ], [ 17.010250505512865, 52.468186601660904 ], [ 17.010171735751065, 52.468114310959052 ], [ 17.010403422347807, 52.468025567578671 ], [ 17.010572232916751, 52.46796598695299 ], [ 17.010638338673992, 52.467940295929225 ], [ 17.010691213318385, 52.467917350423356 ], [ 17.010716446990255, 52.467906442045596 ], [ 17.010644158863013, 52.467830842844194 ], [ 17.010354011128729, 52.467527709279231 ], [ 17.010016491355959, 52.467181144636903 ], [ 17.009863685664349, 52.467137379054307 ], [ 17.009739568630906, 52.467153009024003 ], [ 17.009496795851504, 52.467219888132881 ], [ 17.009205451351363, 52.46723719974834 ], [ 17.008577989700015, 52.467200101526991 ], [ 17.008476769116712, 52.467122844461983 ], [ 17.008365466594739, 52.467014476980786 ], [ 17.008250808236362, 52.466817368680495 ], [ 17.008270076843704, 52.466690693147264 ], [ 17.008235235112227, 52.4665197535112 ], [ 17.008182713285329, 52.466394657026648 ], [ 17.007952559388634, 52.466341940892114 ], [ 17.00767619040553, 52.46635059657838 ], [ 17.007436622291674, 52.466346560095033 ], [ 17.007240703707936, 52.466308630486637 ], [ 17.007101777786357, 52.466198986771985 ], [ 17.00707118547647, 52.466074259336459 ], [ 17.007130366792747, 52.465888893944111 ], [ 17.007273124854272, 52.465753956108976 ], [ 17.007447285343908, 52.46562800192271 ], [ 17.007618300853512, 52.465460800408835 ], [ 17.007623943336259, 52.465335874119674 ], [ 17.00763675964674, 52.465211878187425 ], [ 17.007736693132692, 52.46508926006252 ], [ 17.007949067804812, 52.46505290301161 ], [ 17.008306250682576, 52.464783872556794 ], [ 17.008452012341802, 52.464693146133669 ], [ 17.00859003397262, 52.464584660277502 ], [ 17.008596913362268, 52.46453665640022 ], [ 17.008602475721727, 52.464498254288948 ], [ 17.00837775617812, 52.463930704294036 ], [ 17.00833075760255, 52.463937737792897 ], [ 17.008000607270287, 52.463989830408359 ], [ 17.007643705848004, 52.464047317714048 ], [ 17.007300994625286, 52.464103603980057 ], [ 17.00709905372555, 52.463622241301124 ], [ 17.006798459460626, 52.463672040421059 ], [ 17.006393559839747, 52.463739148329758 ], [ 17.006115132539737, 52.463783922830331 ], [ 17.00601856446864, 52.463799473700178 ], [ 17.005698712863438, 52.463851733559331 ], [ 17.005716340341067, 52.463891785861158 ], [ 17.005411979618135, 52.463946644733049 ], [ 17.005076946591039, 52.464002424472795 ], [ 17.004846181068476, 52.463484953858533 ], [ 17.004816539051991, 52.46341753576796 ], [ 17.00417412355819, 52.463520203458984 ], [ 17.004466689818369, 52.464201336190392 ], [ 17.004167385944452, 52.464274535744529 ], [ 17.004083928560181, 52.464289946552327 ], [ 17.003826873410638, 52.464337414961996 ], [ 17.003952699253194, 52.464632125107293 ], [ 17.003126779449129, 52.464760741320639 ], [ 17.003008124332595, 52.464779424566622 ], [ 17.002796923680549, 52.464812554622576 ], [ 17.002642568620871, 52.464832613299933 ], [ 17.002682600588614, 52.464849389352665 ], [ 17.002670904193593, 52.464899560153761 ], [ 17.002568019241458, 52.464924445598548 ], [ 17.00238951711227, 52.464976925445377 ], [ 17.002055652201427, 52.465110697444409 ], [ 17.002115977121061, 52.465206157342145 ], [ 17.002201033783184, 52.465376598199747 ], [ 17.002250953281361, 52.465454703017677 ], [ 17.002370780119623, 52.465628069673535 ], [ 17.002432249794207, 52.465717792347753 ], [ 17.002492298941412, 52.465816125566548 ], [ 17.002615155448691, 52.466065725260073 ], [ 17.002740650291482, 52.466257085993419 ], [ 17.002807423854936, 52.466350046055808 ], [ 17.002879583534266, 52.46641512462034 ], [ 17.003170469641233, 52.46666162507244 ], [ 17.003876294744583, 52.467147183808649 ], [ 17.004256139019724, 52.467113839973479 ], [ 17.00455302671234, 52.467094475444718 ], [ 17.004701377966292, 52.467132416390733 ], [ 17.004752180358356, 52.467184631274243 ], [ 17.004885060070151, 52.46745067732077 ], [ 17.004890192717507, 52.467460927523724 ], [ 17.00480036333029, 52.467535683974901 ], [ 17.004758293542384, 52.467622489120771 ], [ 17.004744424621936, 52.467675141855224 ], [ 17.004837281814261, 52.467758107364389 ], [ 17.005170321477038, 52.467945681416303 ], [ 17.005354570779929, 52.468046377973174 ], [ 17.005414496418101, 52.468167193377013 ], [ 17.005411521388645, 52.46823298177798 ], [ 17.005384702691217, 52.468269136397964 ], [ 17.005310693005132, 52.468283897975894 ], [ 17.005230322609609, 52.468266712243455 ], [ 17.004957652048098, 52.46874357953439 ], [ 17.005227346191496, 52.468931703631618 ], [ 17.005422157367317, 52.469121352338725 ], [ 17.005377359521169, 52.469486666385507 ], [ 17.005391513529965, 52.469587281951767 ], [ 17.005354982154685, 52.469659070213332 ], [ 17.005304181896719, 52.469707682217603 ], [ 17.005294400082835, 52.469741605769606 ], [ 17.005294198635518, 52.469768855220806 ], [ 17.005333304423861, 52.469802973778371 ], [ 17.005319408281764, 52.469813892368641 ], [ 17.005313686140699, 52.469849233548658 ], [ 17.005462640501655, 52.46985777213861 ], [ 17.005557682391686, 52.469863242658221 ], [ 17.005592352701701, 52.469865176531194 ], [ 17.005707217393329, 52.469871970618755 ], [ 17.005739091555263, 52.469873857294054 ], [ 17.005785273080878, 52.469858985932483 ], [ 17.005997482864721, 52.469891975814114 ], [ 17.006095798580525, 52.469939054944994 ], [ 17.006150081414024, 52.469950223729604 ], [ 17.00620232606353, 52.469938062789851 ], [ 17.006302834076017, 52.469900811817588 ], [ 17.006360125149222, 52.469881270585972 ], [ 17.00645352347107, 52.469870972584651 ], [ 17.006690215372853, 52.469899966704659 ], [ 17.006815037455137, 52.469930852490037 ], [ 17.007081412381954, 52.470137354664367 ], [ 17.007113218364303, 52.470170090392685 ], [ 17.007131652620124, 52.470189109267892 ], [ 17.007167595152907, 52.470179191591846 ], [ 17.007322345590115, 52.470167048584372 ], [ 17.007429042087708, 52.470168846412228 ], [ 17.007607776600569, 52.470183280665665 ], [ 17.007729748152755, 52.470153405682574 ], [ 17.00780439762876, 52.470150615822448 ], [ 17.007887442828089, 52.470170633071845 ], [ 17.008027695923019, 52.470218596914563 ], [ 17.008097365524012, 52.470264112508289 ], [ 17.00811570107496, 52.470317937640239 ], [ 17.008118497491054, 52.470344068313238 ], [ 17.008101648395268, 52.470361683238885 ], [ 17.008081114978406, 52.470376088086617 ], [ 17.008224120491946, 52.47042508742711 ], [ 17.008214587285771, 52.470450290885395 ], [ 17.008121178942712, 52.470698850036783 ], [ 17.007766791972315, 52.470617957567285 ], [ 17.007630828397691, 52.470840165575837 ], [ 17.007534569402722, 52.470991987152019 ], [ 17.00759983183428, 52.470994885571642 ], [ 17.00761805659824, 52.470995732279249 ], [ 17.007681880851329, 52.4709880830519 ], [ 17.007719289527742, 52.470984845713645 ], [ 17.007771771486311, 52.470983751105969 ], [ 17.007807612047021, 52.470998925708273 ], [ 17.007831272003394, 52.471019651480482 ], [ 17.00783401956738, 52.471046860655484 ], [ 17.00796560617075, 52.471022633935206 ], [ 17.007901277860949, 52.471155565899842 ], [ 17.007845202816554, 52.471223158110618 ], [ 17.007790059344714, 52.471289686668676 ], [ 17.007784435382323, 52.471332674786048 ], [ 17.007772351079932, 52.471358914551928 ], [ 17.007681771290159, 52.471476293672055 ], [ 17.007620119095897, 52.471569515614021 ], [ 17.007581478461713, 52.471635872392376 ], [ 17.007549095181307, 52.471684345915932 ], [ 17.007518212057921, 52.471719173318618 ], [ 17.007490457140474, 52.471743440105655 ], [ 17.007461151328901, 52.471762913758404 ], [ 17.007376081470223, 52.471856100783448 ], [ 17.007342848095181, 52.471920120125347 ], [ 17.007311241784336, 52.472065475651462 ], [ 17.007277082235547, 52.472149986449132 ], [ 17.008469362055454, 52.472619697513899 ], [ 17.008494966093728, 52.472718076957314 ], [ 17.007894258444207, 52.472928230672757 ], [ 17.007086127747847, 52.472558978937407 ], [ 17.006432201342854, 52.473688888370653 ], [ 17.006314453911351, 52.47389224401995 ], [ 17.00578689285269, 52.474607932512122 ], [ 17.004824387693308, 52.474394902163624 ], [ 17.004598980265985, 52.474343878879552 ], [ 17.003975532078858, 52.474202940079834 ], [ 17.003202411154252, 52.474026821445719 ], [ 17.002128134592546, 52.473778062960726 ], [ 17.001985515926112, 52.474013014108763 ], [ 17.00146645409319, 52.474081324943555 ], [ 17.0013763836516, 52.47410246851603 ], [ 17.00125165366622, 52.474231857747064 ], [ 17.00115820883552, 52.474246198370153 ], [ 17.001036252107468, 52.474236401875636 ], [ 17.000692193999456, 52.474778520963362 ], [ 17.000384099553639, 52.474738503898344 ], [ 17.000604020848911, 52.474374443648664 ], [ 17.000003604856261, 52.474278035422785 ], [ 17.000000092901907, 52.474277526312711 ], [ 16.999612007782339, 52.474218345602196 ], [ 16.999425144982951, 52.474207449539485 ], [ 16.998823290339828, 52.474181796423444 ], [ 16.998691812872078, 52.474174084983709 ], [ 16.998666901362597, 52.474200466551437 ], [ 16.99848053873583, 52.47432134458564 ], [ 16.998364392879282, 52.474362012000299 ], [ 16.998138644503761, 52.474383554925346 ], [ 16.997960673771495, 52.474374695881743 ], [ 16.997880925996441, 52.47436956818575 ], [ 16.997858159135276, 52.47433572379002 ], [ 16.997757273383584, 52.474170048875372 ], [ 16.997701891304455, 52.474053264048635 ], [ 16.997659819266662, 52.473964497077574 ], [ 16.997358417669794, 52.474030268938606 ], [ 16.997240519798154, 52.474099777431853 ], [ 16.997198852524178, 52.474112383417221 ], [ 16.996918158005915, 52.474198922011333 ], [ 16.996804756874404, 52.474214809997591 ], [ 16.99665438507996, 52.474165851968486 ], [ 16.996092446228392, 52.474030050747444 ], [ 16.996077644329187, 52.474070544322707 ], [ 16.996031114025872, 52.474135054819797 ], [ 16.995739053424593, 52.474374391871343 ], [ 16.99564163019161, 52.474430844210033 ], [ 16.995555984821532, 52.474474454293158 ], [ 16.995491156959513, 52.474510502144291 ], [ 16.995376051136386, 52.474573580196861 ], [ 16.995304984818116, 52.474633447164159 ], [ 16.995161384938335, 52.474795159700925 ], [ 16.995150281242111, 52.474809362419883 ], [ 16.994798625794715, 52.47474592652425 ], [ 16.994769857113678, 52.474821440968043 ], [ 16.994753635080549, 52.474863979003366 ], [ 16.994720777681213, 52.474928990663408 ], [ 16.994703586587161, 52.474970163107983 ], [ 16.99470129345513, 52.475001154723834 ], [ 16.994588988470767, 52.475284371196985 ], [ 16.994578003190043, 52.47531215733575 ], [ 16.994501473769265, 52.47550504752828 ], [ 16.994432294590595, 52.475682052382552 ], [ 16.99441130070981, 52.475732334527926 ], [ 16.994400973431127, 52.47575860276983 ], [ 16.994364889195619, 52.475852431460666 ], [ 16.994179641233899, 52.476346677050991 ], [ 16.994166901445741, 52.476380639492305 ], [ 16.994137120605952, 52.476397403529411 ], [ 16.993927746435673, 52.476515275836093 ], [ 16.993801675744425, 52.476586081419235 ], [ 16.99377415969353, 52.476601624577121 ], [ 16.993992778420779, 52.476691768692326 ], [ 16.993974555617623, 52.476726447600242 ], [ 16.993902947934693, 52.476862846446323 ], [ 16.993896005472681, 52.476876220201305 ], [ 16.993811039750245, 52.477031010696514 ], [ 16.993595901342946, 52.477456751056764 ], [ 16.993690552750536, 52.477497032501944 ], [ 16.993571768022118, 52.477637487746506 ], [ 16.993514780774856, 52.477614394822226 ], [ 16.992742551841168, 52.477301778876623 ], [ 16.992860487116175, 52.477186494201909 ], [ 16.992880374628943, 52.47716704416014 ], [ 16.992671314812945, 52.477083716058047 ], [ 16.992234173663583, 52.476911069358991 ], [ 16.991942381777204, 52.476791077527906 ], [ 16.991882277044997, 52.476765322505557 ], [ 16.991710140126674, 52.47669287317575 ], [ 16.991641858822515, 52.476662302116672 ], [ 16.99149218318507, 52.47662387276808 ], [ 16.991322155395178, 52.476579521056195 ], [ 16.991176658895903, 52.476539903076272 ], [ 16.990958706971348, 52.476480525712944 ], [ 16.990888299680826, 52.476461071090931 ], [ 16.990643753277254, 52.476393776026867 ], [ 16.99048620535628, 52.476350354686033 ], [ 16.990131131341293, 52.476235758948654 ], [ 16.989737802524196, 52.476126717975369 ], [ 16.989695276082525, 52.476187156694152 ], [ 16.98959762839452, 52.476325808689282 ], [ 16.989536739584224, 52.476310832353413 ], [ 16.989159875375801, 52.476244522698536 ], [ 16.988733052270046, 52.476165849432739 ], [ 16.988333943466522, 52.47608027067001 ], [ 16.987940775568607, 52.475974284492111 ], [ 16.987607803130395, 52.475875887191513 ], [ 16.98701598147689, 52.475710752369629 ], [ 16.986872987343077, 52.475661637614621 ], [ 16.98664220961421, 52.475689818820285 ], [ 16.986453513784468, 52.47569641006676 ], [ 16.986310274892354, 52.475694600784983 ], [ 16.986199807024743, 52.475681566757387 ], [ 16.986106270076434, 52.475665493031904 ], [ 16.985962022201711, 52.475637402616755 ], [ 16.985816935359093, 52.4756147842945 ], [ 16.98566974642581, 52.47559626739406 ], [ 16.98551328790046, 52.475583978406313 ], [ 16.985136769433321, 52.475568389914002 ], [ 16.984612155908469, 52.475550906125711 ], [ 16.983842028318342, 52.475513404603454 ], [ 16.983719429507826, 52.475507986532733 ], [ 16.983566126971922, 52.475500785611871 ], [ 16.983488209277617, 52.475484616346492 ], [ 16.983427190489977, 52.475462888850544 ], [ 16.983453169367468, 52.475696825489983 ], [ 16.983376902304997, 52.47566710281184 ], [ 16.983171942018526, 52.475675030462803 ], [ 16.983099988267934, 52.475712029393662 ], [ 16.983091260167754, 52.475741831769149 ], [ 16.983164157516132, 52.475890312697786 ], [ 16.982914251474636, 52.475930842486846 ], [ 16.982891821875779, 52.475980018865485 ], [ 16.983276783244836, 52.476439090575539 ], [ 16.982577704941885, 52.476570807191109 ], [ 16.982610640719102, 52.476623626276705 ], [ 16.982626465866581, 52.476676962967211 ], [ 16.982689063778142, 52.476889578166059 ], [ 16.982701271085492, 52.476941503976512 ], [ 16.98278743514896, 52.477286198542203 ], [ 16.982823186193816, 52.477428829302092 ] ], [ [ 17.028681234780269, 52.5201929239783 ], [ 17.028769914656589, 52.520204654937388 ], [ 17.028744072731016, 52.520310896053786 ], [ 17.02872109982977, 52.520395868620255 ], [ 17.028681483499465, 52.52049360552121 ], [ 17.028592548639526, 52.520480970827634 ], [ 17.028008530332574, 52.520398204992894 ], [ 17.02810722769771, 52.520117161028629 ], [ 17.028681234780269, 52.5201929239783 ] ], [ [ 17.035218201814104, 52.524756950513762 ], [ 17.034962858787015, 52.524696136415272 ], [ 17.03462257577301, 52.52462878416371 ], [ 17.034777346990584, 52.524346148071537 ], [ 17.035397273607945, 52.524478224913082 ], [ 17.035218201814104, 52.524756950513762 ] ], [ [ 17.037244934140109, 52.52447210311567 ], [ 17.037362988609772, 52.524279948582773 ], [ 17.037667197227865, 52.524325848106116 ], [ 17.037527611764911, 52.524544968201667 ], [ 17.037244934140109, 52.52447210311567 ] ], [ [ 17.033133840539683, 52.524624732463721 ], [ 17.033290071247706, 52.524438360740611 ], [ 17.033559490672165, 52.524504179366701 ], [ 17.033932887148541, 52.5245894437899 ], [ 17.033852096942162, 52.52470457652457 ], [ 17.034021001301639, 52.524732926734657 ], [ 17.034137018431949, 52.524760128173078 ], [ 17.034449773149579, 52.524842944293525 ], [ 17.034357168040362, 52.524991519490413 ], [ 17.033736364992116, 52.524849259195364 ], [ 17.033635312539086, 52.524959108236018 ], [ 17.033302439879066, 52.524884320191788 ], [ 17.033438292073846, 52.52469859891162 ], [ 17.033133840539683, 52.524624732463721 ] ], [ [ 16.989061065095587, 52.481479353360243 ], [ 16.989098178363871, 52.481431145091975 ], [ 16.989143309474802, 52.481388020026102 ], [ 16.989167469061538, 52.481336353526892 ], [ 16.989160676831119, 52.481304398055521 ], [ 16.989121030395044, 52.4812660376545 ], [ 16.989087875467721, 52.481243617665257 ], [ 16.98904570172537, 52.481208991892018 ], [ 16.989042781205143, 52.481182588796095 ], [ 16.989053252024981, 52.481156503340152 ], [ 16.989133495709854, 52.481105790443934 ], [ 16.989292636128557, 52.481014505203284 ], [ 16.98941122839091, 52.480936921385904 ], [ 16.989472808737251, 52.480891647362775 ], [ 16.989527814730291, 52.480877471933347 ], [ 16.989617877255156, 52.480882780520453 ], [ 16.989691399598851, 52.480892215122012 ], [ 16.989761335857615, 52.480902757989071 ], [ 16.989787321800495, 52.48081424558795 ], [ 16.989903478949703, 52.480744804749847 ], [ 16.990077249184637, 52.480713849351709 ], [ 16.990284274921436, 52.480677252712347 ], [ 16.99039024585776, 52.480650271509326 ], [ 16.990434826231454, 52.48061595106072 ], [ 16.99050322686082, 52.480602002777232 ], [ 16.99067232490108, 52.480541015953385 ], [ 16.991043904171807, 52.480494621497016 ], [ 16.99123925228368, 52.480487955890382 ], [ 16.991342142970943, 52.480528558996831 ], [ 16.991362838449461, 52.480569025264103 ], [ 16.991343639871033, 52.480586238170616 ], [ 16.991283486866831, 52.480600237076573 ], [ 16.99118881696943, 52.480647558360019 ], [ 16.991145786065413, 52.480693148338815 ], [ 16.991038672859744, 52.480745205036023 ], [ 16.990856836627785, 52.480817398806458 ], [ 16.990764230729869, 52.480864664874538 ], [ 16.990642158532619, 52.480976639251331 ], [ 16.990502628154726, 52.481109633472776 ], [ 16.990411016394997, 52.481186777386917 ], [ 16.99034149057757, 52.481244778795187 ], [ 16.990230083072657, 52.481281111640165 ], [ 16.990125710465492, 52.481295617730161 ], [ 16.990054095977396, 52.481296019664946 ], [ 16.989999639315972, 52.48129167632456 ], [ 16.989942748304692, 52.481301952369364 ], [ 16.989867080185597, 52.481316946080547 ], [ 16.989813269273764, 52.48135659598158 ], [ 16.989758729788623, 52.481402529517027 ], [ 16.989743495861099, 52.481426465372365 ], [ 16.989741914972388, 52.481451442783161 ], [ 16.989703024308291, 52.481493414938342 ], [ 16.989613451693771, 52.481522563098395 ], [ 16.989560878383443, 52.481570598665726 ], [ 16.989491019270705, 52.481593875740998 ], [ 16.989228649044431, 52.481584108635587 ], [ 16.989181902981237, 52.481552823030242 ], [ 16.98916616744355, 52.481561909612893 ], [ 16.989138630237001, 52.481577811127323 ], [ 16.989079420994948, 52.481616289593092 ], [ 16.989064018163972, 52.481647148138229 ], [ 16.989050198340713, 52.481707894828197 ], [ 16.989016201166873, 52.481716850771228 ], [ 16.988897286334883, 52.481665809559047 ], [ 16.988814066987786, 52.481629946080474 ], [ 16.98887257561357, 52.481571308494956 ], [ 16.988974000589106, 52.481492263916188 ], [ 16.989046306691876, 52.481489625806454 ], [ 16.989061065095587, 52.481479353360243 ] ], [ [ 16.982019250437705, 52.485521907956681 ], [ 16.982062407257583, 52.485515718641835 ], [ 16.98212295402217, 52.485531952109653 ], [ 16.9821916403275, 52.485557048932336 ], [ 16.982210801061175, 52.48557941198429 ], [ 16.982197543189841, 52.485624427384806 ], [ 16.982186249721014, 52.485649059120746 ], [ 16.982126571146242, 52.485745809548831 ], [ 16.982102292398114, 52.485790187192201 ], [ 16.982048588242098, 52.485798265268357 ], [ 16.981997736501178, 52.48579874679023 ], [ 16.981941730765676, 52.48578951639373 ], [ 16.981885943137442, 52.485775522685913 ], [ 16.981875247485863, 52.485738823117615 ], [ 16.981903647134999, 52.485684891878144 ], [ 16.981976156355348, 52.485581434830543 ], [ 16.982019250437705, 52.485521907956681 ] ], [ [ 17.02904130555611, 52.484894824818497 ], [ 17.029091786573058, 52.484902591636363 ], [ 17.029456823529085, 52.484949687925919 ], [ 17.029169133310972, 52.485218950327855 ], [ 17.028563999934011, 52.485668113606522 ], [ 17.028240362388214, 52.485917346951169 ], [ 17.028117071583527, 52.485722454029222 ], [ 17.028078327124696, 52.485587343497059 ], [ 17.027937338920573, 52.485043806569479 ], [ 17.027917145108212, 52.484721294483741 ], [ 17.028969025618245, 52.484883636647574 ], [ 17.029005167591759, 52.484889185800576 ], [ 17.02904130555611, 52.484894824818497 ] ], [ [ 17.007716931401411, 52.470111096267743 ], [ 17.007621303013366, 52.47011533149162 ], [ 17.007513860545217, 52.470133308807071 ], [ 17.007385221807262, 52.470151018816793 ], [ 17.007279708718809, 52.470155626869179 ], [ 17.00722798501042, 52.470146480485717 ], [ 17.007105800193337, 52.470093063802487 ], [ 17.006784913793506, 52.469890230016176 ], [ 17.006676983184601, 52.469831026926315 ], [ 17.006570266068799, 52.469797118280248 ], [ 17.006426576611826, 52.469773109637316 ], [ 17.006149591344371, 52.469804687073491 ], [ 17.006089677530788, 52.469800798701648 ], [ 17.006053618234414, 52.469787238857705 ], [ 17.00604471790427, 52.469769100110241 ], [ 17.006057568427721, 52.469732439997273 ], [ 17.00607962082001, 52.469710505864164 ], [ 17.006122466477049, 52.469681457014886 ], [ 17.006160068265231, 52.469670668187938 ], [ 17.006253940181622, 52.469659658784629 ], [ 17.006449692308024, 52.469652705359501 ], [ 17.006642605100314, 52.469666210840586 ], [ 17.006830319840947, 52.469713267217415 ], [ 17.006983260793817, 52.46978024433367 ], [ 17.00711974508382, 52.469836600431805 ], [ 17.007228503587125, 52.469887272444247 ], [ 17.00740548168957, 52.469950336775064 ], [ 17.007589934476957, 52.469978358917416 ], [ 17.007753796294246, 52.470005764050995 ], [ 17.007878224526337, 52.470003003255464 ], [ 17.007914187094407, 52.470005677761698 ], [ 17.007944681158506, 52.470012037760355 ], [ 17.008010168618167, 52.470032748538493 ], [ 17.008013144517484, 52.47004512090578 ], [ 17.008007197019687, 52.470059411659413 ], [ 17.007933638885358, 52.470086954453052 ], [ 17.007716931401411, 52.470111096267743 ] ], [ [ 17.004982052326035, 52.481054534987827 ], [ 17.005653199698319, 52.481256983676943 ], [ 17.005950245207728, 52.481366506339029 ], [ 17.006330716798132, 52.481507655506249 ], [ 17.006366195451854, 52.481664574883538 ], [ 17.006351677743353, 52.481747797471819 ], [ 17.006440251327373, 52.481883845555473 ], [ 17.006418756711135, 52.482140900724296 ], [ 17.007418962160607, 52.482129963622384 ], [ 17.007714817843496, 52.482259519051752 ], [ 17.007709379288134, 52.482754744590892 ], [ 17.006409527078031, 52.482390607392418 ], [ 17.006271030960246, 52.48235184579778 ], [ 17.005813956450577, 52.482213722185712 ], [ 17.00575487639378, 52.482194287648234 ], [ 17.005598975143183, 52.482142999496162 ], [ 17.005380699020673, 52.48205720032405 ], [ 17.005277385714631, 52.482012554987278 ], [ 17.005159454469482, 52.481952372651655 ], [ 17.005012821878143, 52.481839538985447 ], [ 17.004987760316979, 52.4818236460058 ], [ 17.005048371900227, 52.481822239935852 ], [ 17.005113446072151, 52.481810115917945 ], [ 17.005166158202318, 52.481778175731819 ], [ 17.005187306403915, 52.481727534616731 ], [ 17.005179386729775, 52.481664890488396 ], [ 17.005131359698257, 52.48159329509285 ], [ 17.004935521041471, 52.481395894180686 ], [ 17.004879468364596, 52.481325872213567 ], [ 17.004859417732479, 52.481231813108259 ], [ 17.004878660637107, 52.481164680287741 ], [ 17.004919244755239, 52.481101235370339 ], [ 17.004982052326035, 52.481054534987827 ] ], [ [ 17.018279777645194, 52.482343384076898 ], [ 17.018767834382832, 52.482507611978541 ], [ 17.018350693435931, 52.483148393233527 ], [ 17.018079799255986, 52.483560560169529 ], [ 17.017274206371962, 52.483348193857516 ], [ 17.017569978234899, 52.48277607725079 ], [ 17.017970677666792, 52.48287471474665 ], [ 17.018279777645194, 52.482343384076898 ] ], [ [ 17.014812214481935, 52.471512558724456 ], [ 17.014799517170939, 52.471513245009263 ], [ 17.014789579730845, 52.471514787111744 ], [ 17.014766831698545, 52.471519532003747 ], [ 17.014747180854148, 52.471520911041814 ], [ 17.014678073393526, 52.471524877656947 ], [ 17.01465442156427, 52.471520253257474 ], [ 17.01462370949524, 52.471515420380278 ], [ 17.014593464742994, 52.47151329363794 ], [ 17.014491174783075, 52.471465885117702 ], [ 17.014390290788889, 52.471364354279267 ], [ 17.01434682075601, 52.47129940491417 ], [ 17.014368570433145, 52.471284119980304 ], [ 17.014452518660573, 52.471274376526111 ], [ 17.01460518701872, 52.471272532488449 ], [ 17.014771826635709, 52.471284234392151 ], [ 17.014863600853452, 52.471303493802985 ], [ 17.014958014445885, 52.47136228252748 ], [ 17.014975608476615, 52.471377148656629 ], [ 17.014986057342263, 52.471393693714106 ], [ 17.014993707439803, 52.471413519692355 ], [ 17.014993011664647, 52.471428978250508 ], [ 17.014992008452847, 52.47145126733426 ], [ 17.014984958070229, 52.471480290600432 ], [ 17.01496573875777, 52.471494988517208 ], [ 17.014944234980405, 52.471511357006193 ], [ 17.014911850426351, 52.471514231248726 ], [ 17.014868287294352, 52.471513499992895 ], [ 17.014858426720817, 52.471513334469925 ], [ 17.014834584737436, 52.47151293424681 ], [ 17.014812214481935, 52.471512558724456 ] ], [ [ 17.011528903064541, 52.480235136278075 ], [ 17.010683649740535, 52.480018999417581 ], [ 17.010713022211817, 52.479958961707773 ], [ 17.01073004760746, 52.479924440064046 ], [ 17.010788610596542, 52.47985410013429 ], [ 17.01089570490339, 52.479818215165523 ], [ 17.011016878764462, 52.479786974101501 ], [ 17.011159486572343, 52.47976715636873 ], [ 17.011373534589271, 52.479757264210861 ], [ 17.011530542961186, 52.47975783544161 ], [ 17.011615484390408, 52.47980810269447 ], [ 17.011648543479666, 52.479881872237691 ], [ 17.011528903064541, 52.480235136278075 ] ], [ [ 17.004186717349601, 52.482118096755627 ], [ 17.00364118677637, 52.481949060499041 ], [ 17.003869726188345, 52.481677961415251 ], [ 17.004603229396416, 52.481905663157171 ], [ 17.004549990898614, 52.481962238663257 ], [ 17.005087033537517, 52.482136614068516 ], [ 17.005037455606516, 52.482262058106677 ], [ 17.005258697392719, 52.482318136717794 ], [ 17.005511922996217, 52.482383658661171 ], [ 17.005544665200564, 52.482578218342454 ], [ 17.005555493940282, 52.482644958934515 ], [ 17.005504934030768, 52.482717230152197 ], [ 17.005498736691585, 52.482740241048901 ], [ 17.005289896961266, 52.48283979396281 ], [ 17.004862122932636, 52.482666183568782 ], [ 17.004557108066493, 52.482530800013208 ], [ 17.003981806961239, 52.482345612972033 ], [ 17.004186717349601, 52.482118096755627 ] ], [ [ 16.998956872716381, 52.489235262761014 ], [ 16.998880983016267, 52.488985555632638 ], [ 16.998892896592029, 52.48882700739572 ], [ 16.998994898599353, 52.488719002356248 ], [ 16.999121744705736, 52.488647934467849 ], [ 16.999480814688614, 52.48858304304207 ], [ 16.999969215221519, 52.488551367951352 ], [ 17.00000012949101, 52.488555218596495 ], [ 17.000215057250564, 52.488582147994919 ], [ 17.000327803427506, 52.488659426619101 ], [ 17.000275300569712, 52.488754688255767 ], [ 17.000160929963197, 52.488891806737698 ], [ 17.000161550515241, 52.489040493357123 ], [ 17.000163031100307, 52.489166978542279 ], [ 17.000117499793859, 52.489290420263117 ], [ 17.000000179766264, 52.489372353536012 ], [ 16.99997476834265, 52.489390092372417 ], [ 16.999719240304994, 52.489416801655295 ], [ 16.999516068768539, 52.489406709717457 ], [ 16.999264465239747, 52.489346959021105 ], [ 16.999084491995387, 52.489306228335877 ], [ 16.998956872716381, 52.489235262761014 ] ], [ [ 17.000616139159298, 52.489192357604232 ], [ 17.000952444281836, 52.489350046058938 ], [ 17.001465195369818, 52.489502889993766 ], [ 17.001541926737215, 52.4895751516597 ], [ 17.001483730126708, 52.489656286470101 ], [ 17.001408833865021, 52.489706018733266 ], [ 17.001197439383994, 52.489718006718412 ], [ 17.000874366507791, 52.489710298058931 ], [ 17.000645265955988, 52.489713081415481 ], [ 17.000430190464115, 52.489725005807351 ], [ 17.000306711995538, 52.489725076904186 ], [ 17.000278812351524, 52.489700230605109 ], [ 17.000308617463574, 52.489446015368998 ], [ 17.000376367892876, 52.489352450591291 ], [ 17.000462805154914, 52.489207484343368 ], [ 17.000616139159298, 52.489192357604232 ] ], [ [ 17.004317808373145, 52.493517637175259 ], [ 17.004063572715015, 52.493700788822764 ], [ 17.003590264643737, 52.493619317665853 ], [ 17.003700406019636, 52.493412958329969 ], [ 17.004317808373145, 52.493517637175259 ] ], [ [ 17.04538479448561, 52.491355175784683 ], [ 17.045529574608647, 52.490881502279819 ], [ 17.045596615860621, 52.490662250787977 ], [ 17.045435210855644, 52.490753303880282 ], [ 17.045347358371242, 52.490780633735895 ], [ 17.045233606094598, 52.490773986928239 ], [ 17.045080971424557, 52.49075698358773 ], [ 17.04477835043723, 52.490749643089281 ], [ 17.044968671592837, 52.490272495692942 ], [ 17.045072910417677, 52.489948806366336 ], [ 17.045943001290208, 52.489835375487374 ], [ 17.046828937187314, 52.489733352759011 ], [ 17.046706308493274, 52.489747517387976 ], [ 17.046551204851269, 52.490171913178827 ], [ 17.04637370631735, 52.49058622507701 ], [ 17.046422693309939, 52.490584695664595 ], [ 17.046315276826345, 52.490877213489007 ], [ 17.046223043955248, 52.49103659723157 ], [ 17.046142677570078, 52.491260665719871 ], [ 17.04538479448561, 52.491355175784683 ] ], [ [ 17.080281191877464, 52.506197505433498 ], [ 17.080334339842693, 52.506151598106179 ], [ 17.080438261870743, 52.506114249632219 ], [ 17.080605513985294, 52.506091599759742 ], [ 17.080848828603397, 52.506085743552845 ], [ 17.080984830083462, 52.506117270823339 ], [ 17.081299385892343, 52.506235519817416 ], [ 17.081365668423093, 52.506236594822376 ], [ 17.081427237533187, 52.506237593349283 ], [ 17.081489636642253, 52.506273682625341 ], [ 17.081483847705272, 52.506332140888013 ], [ 17.081390654488494, 52.506488657342089 ], [ 17.081349217879374, 52.506560118677314 ], [ 17.081291345851099, 52.506568983736528 ], [ 17.081168389410443, 52.506539107490603 ], [ 17.08097458314402, 52.506501336206583 ], [ 17.080702361775202, 52.506436479122932 ], [ 17.08049987059206, 52.506388312779578 ], [ 17.080377636658142, 52.506331734693525 ], [ 17.0802823092747, 52.506246272057098 ], [ 17.080281191877464, 52.506197505433498 ] ], [ [ 17.082504241819958, 52.507437070488905 ], [ 17.082477156670933, 52.507507325747589 ], [ 17.082356452939916, 52.507581370079009 ], [ 17.082082278519454, 52.507615330645628 ], [ 17.081885268291142, 52.50763408236238 ], [ 17.081765913887853, 52.50763988213037 ], [ 17.081584551845573, 52.507641168536153 ], [ 17.08141889553054, 52.507627059495221 ], [ 17.081347300819868, 52.507615914837089 ], [ 17.081243990934905, 52.507585008196727 ], [ 17.081134204523188, 52.507543743046597 ], [ 17.081035574523789, 52.507537376309209 ], [ 17.080847216602852, 52.507563911701062 ], [ 17.080691474201462, 52.507589536875059 ], [ 17.080726357326832, 52.507519678342888 ], [ 17.08074205476127, 52.507453735812724 ], [ 17.080783979721275, 52.507377875459945 ], [ 17.081451464284033, 52.507248213025079 ], [ 17.081605410180426, 52.507250259812345 ], [ 17.081494128194681, 52.507145201976897 ], [ 17.081385410450935, 52.507072654622242 ], [ 17.081170940121691, 52.507001629834889 ], [ 17.081339924598513, 52.506780235533945 ], [ 17.081450573053026, 52.506859200120829 ], [ 17.081582986610588, 52.506939327028569 ], [ 17.081756907356809, 52.506983610437594 ], [ 17.081897816995362, 52.506956664082331 ], [ 17.08190895303477, 52.506883721926485 ], [ 17.081909433944674, 52.50678128597356 ], [ 17.081998484603989, 52.506665715440583 ], [ 17.082099529766968, 52.506545482437865 ], [ 17.082078849551866, 52.506472024454958 ], [ 17.082023832233027, 52.506449186683049 ], [ 17.081931128828536, 52.506374471021076 ], [ 17.081907743998457, 52.506271738053947 ], [ 17.082033489345459, 52.506044604963812 ], [ 17.082098052796994, 52.506030991168778 ], [ 17.082154140420219, 52.50611725526074 ], [ 17.082255170568978, 52.506274942168048 ], [ 17.082242763511829, 52.506377094851153 ], [ 17.082269156946825, 52.506414129034319 ], [ 17.082418218129721, 52.506477525870928 ], [ 17.082883634236879, 52.506638329896695 ], [ 17.082961658077192, 52.506738800104543 ], [ 17.082732786228842, 52.506775115202814 ], [ 17.08249492338232, 52.506824955286987 ], [ 17.082385192787392, 52.50686706826874 ], [ 17.082350474654099, 52.506929824546276 ], [ 17.082353481262274, 52.507046977541471 ], [ 17.082320192547691, 52.507168309108501 ], [ 17.08236832790746, 52.507254444164907 ], [ 17.082461037789056, 52.507329069620106 ], [ 17.082504241819958, 52.507437070488905 ] ], [ [ 17.08026148684699, 52.508164753641609 ], [ 17.08026466492311, 52.508250789611019 ], [ 17.080172582801918, 52.508425581338635 ], [ 17.080105497648812, 52.508510477058195 ], [ 17.080017572913999, 52.508586490056118 ], [ 17.0800143914968, 52.508659471195223 ], [ 17.080053858158646, 52.508724600000861 ], [ 17.080121831989381, 52.508781646946218 ], [ 17.08033789028438, 52.508836689692401 ], [ 17.08039191156719, 52.50888919286794 ], [ 17.08040249581861, 52.50897103178734 ], [ 17.080308252220654, 52.50902967363826 ], [ 17.080174500411939, 52.50902750320391 ], [ 17.079796930994373, 52.508961204357369 ], [ 17.079438741841006, 52.508933893911873 ], [ 17.079091890795105, 52.50887645607456 ], [ 17.079149378822709, 52.508819017240363 ], [ 17.079237883183243, 52.50866215656869 ], [ 17.079277166398697, 52.508565837048657 ], [ 17.07929487247597, 52.508487695224133 ], [ 17.079294872326216, 52.508342349193413 ], [ 17.07927874897327, 52.508272652313728 ], [ 17.07923104739513, 52.508213865346207 ], [ 17.079140248700661, 52.508122539191021 ], [ 17.079033353951747, 52.508058923518306 ], [ 17.078971923712523, 52.507990469622662 ], [ 17.079189906119591, 52.507991130929675 ], [ 17.07938456120981, 52.507982508880772 ], [ 17.079695157194209, 52.507901026856587 ], [ 17.079926136516587, 52.507826706391086 ], [ 17.080079234278976, 52.507797531565913 ], [ 17.080340362098276, 52.507809324206399 ], [ 17.080407152691205, 52.50788335081058 ], [ 17.080388123888973, 52.50795130790317 ], [ 17.080322048246305, 52.508026596347712 ], [ 17.080158526783862, 52.508020974723884 ], [ 17.08026148684699, 52.508164753641609 ] ], [ [ 17.082957443846581, 52.506249718109245 ], [ 17.082590407838431, 52.506236484513614 ], [ 17.082352447036779, 52.506105809440982 ], [ 17.082241977517889, 52.505799295724913 ], [ 17.082251736630198, 52.505575138964538 ], [ 17.082327393643801, 52.505303301953369 ], [ 17.08248482785789, 52.505174268972048 ], [ 17.082652539403409, 52.505086775605996 ], [ 17.082884718141905, 52.505075877902371 ], [ 17.083080637111916, 52.505071767429975 ], [ 17.083377431786253, 52.505137466918285 ], [ 17.083610615771676, 52.505194939869604 ], [ 17.083846552226618, 52.505284026521792 ], [ 17.084002822916435, 52.505364627104086 ], [ 17.084091871466399, 52.505431906723011 ], [ 17.084107729411702, 52.505524803624589 ], [ 17.0840957491016, 52.505617249678167 ], [ 17.084052654488012, 52.50568967444373 ], [ 17.084057218902711, 52.505767727925807 ], [ 17.084088177997955, 52.505882815198937 ], [ 17.084098041938642, 52.506022024997286 ], [ 17.084037768565757, 52.506123402631914 ], [ 17.083927513367989, 52.506177650676889 ], [ 17.083682444077485, 52.506210287458259 ], [ 17.083342439834293, 52.506219439876325 ], [ 17.082957443846581, 52.506249718109245 ] ], [ [ 17.041721001016409, 52.491025646588312 ], [ 17.042010441562628, 52.49040767564302 ], [ 17.043547044417704, 52.490157068246489 ], [ 17.043414963888395, 52.490530123941298 ], [ 17.042931267961759, 52.491726992614019 ], [ 17.042192658820884, 52.491825129084056 ], [ 17.042042654694509, 52.491845041840946 ], [ 17.041673925489455, 52.491819779861906 ], [ 17.041514188335857, 52.491783496571117 ], [ 17.041721001016409, 52.491025646588312 ] ], [ [ 17.014327404912894, 52.504755814979838 ], [ 17.014327300723075, 52.504696001269821 ], [ 17.014230245408015, 52.504713889684538 ], [ 17.0141469191888, 52.504701877654583 ], [ 17.014074741608344, 52.504671434566511 ], [ 17.014027012099874, 52.504657771464636 ], [ 17.013936428642513, 52.504646536877274 ], [ 17.013786333432535, 52.504641048731429 ], [ 17.013643375281731, 52.504621109501151 ], [ 17.013550475858697, 52.50458932876748 ], [ 17.01347429107452, 52.504543167968897 ], [ 17.013385298120049, 52.504460724956076 ], [ 17.013345096426534, 52.504358594319875 ], [ 17.013381825935138, 52.504220699209178 ], [ 17.013447953468731, 52.504100926567581 ], [ 17.013525816495896, 52.50407390211948 ], [ 17.013622562654422, 52.504062844751907 ], [ 17.013706125009996, 52.504046709025268 ], [ 17.013800029542207, 52.504039831111804 ], [ 17.013959463281029, 52.504027757303994 ], [ 17.014106342386704, 52.50399010864755 ], [ 17.014235538963781, 52.503932735336477 ], [ 17.01427537607049, 52.503863158720783 ], [ 17.014269192427776, 52.503840119503963 ], [ 17.014242553233274, 52.503826180907204 ], [ 17.014210518771577, 52.503814220420139 ], [ 17.0141797865295, 52.503786451849479 ], [ 17.014196446942705, 52.503734025038035 ], [ 17.014262432798702, 52.503689261881135 ], [ 17.01438708077945, 52.50365429775816 ], [ 17.014529951358913, 52.503640146316556 ], [ 17.014756061831996, 52.503659501259406 ], [ 17.014910992418052, 52.503698258233911 ], [ 17.015007640889269, 52.503771114735983 ], [ 17.01512677331776, 52.503806212669197 ], [ 17.015280615132689, 52.503833168377788 ], [ 17.015505163558306, 52.503851236471768 ], [ 17.015670080179934, 52.503877747859214 ], [ 17.01587322766645, 52.503945554394761 ], [ 17.016010382525927, 52.504005957805497 ], [ 17.016082205192308, 52.50408028583918 ], [ 17.016130800526522, 52.504149996985682 ], [ 17.016193603898465, 52.504218417351417 ], [ 17.016186308527931, 52.50427567850155 ], [ 17.016151132885021, 52.504343265228627 ], [ 17.016041324356696, 52.504415266683928 ], [ 17.015989855408964, 52.504461713380699 ], [ 17.015966134063738, 52.504536777525068 ], [ 17.01593457707234, 52.504592732318834 ], [ 17.015905733483883, 52.504608078478661 ], [ 17.015852745627221, 52.504635881486266 ], [ 17.015715476080992, 52.504656514432035 ], [ 17.015598102891097, 52.504696818677644 ], [ 17.015354739014036, 52.504775663278245 ], [ 17.01514518162076, 52.504814060705385 ], [ 17.015015206159603, 52.504826540492104 ], [ 17.014907315110019, 52.504803593499922 ], [ 17.014854057262102, 52.504788308938011 ], [ 17.014738826711564, 52.504928214963059 ], [ 17.014540631557146, 52.504999001527757 ], [ 17.014474272102387, 52.505081444602013 ], [ 17.014464090016627, 52.505111134709161 ], [ 17.014152768716023, 52.505157356239671 ], [ 17.014187534600769, 52.505089133611655 ], [ 17.014199297688418, 52.505053803670528 ], [ 17.014222399141413, 52.50496640729483 ], [ 17.014248301521484, 52.504875730047694 ], [ 17.014327404912894, 52.504755814979838 ] ], [ [ 17.01399392526006, 52.502455865494298 ], [ 17.013986195023172, 52.502440985087915 ], [ 17.013986244690294, 52.502423537011893 ], [ 17.013995075408033, 52.502400929732126 ], [ 17.014005189854846, 52.502385809259138 ], [ 17.014029053605782, 52.502369750359513 ], [ 17.014056697886257, 52.502354834237842 ], [ 17.014064565486077, 52.502347051351592 ], [ 17.014076591845502, 52.502335290855065 ], [ 17.014101837115817, 52.502288584627564 ], [ 17.014153613118793, 52.502225504471568 ], [ 17.014195990302774, 52.502158398972625 ], [ 17.014224666988035, 52.502100957182542 ], [ 17.014220974161823, 52.502039014520264 ], [ 17.014146884724966, 52.501939912954512 ], [ 17.014153910079578, 52.501914846898131 ], [ 17.014166525390895, 52.501903096279719 ], [ 17.014180586504178, 52.501895237473185 ], [ 17.014228635518194, 52.501888668763947 ], [ 17.014247298817029, 52.501889881489703 ], [ 17.014264442195259, 52.501895385954441 ], [ 17.014314137991978, 52.501930758216353 ], [ 17.014362644867163, 52.502015399173295 ], [ 17.014345754713524, 52.502082752669864 ], [ 17.01434270010547, 52.502094933620995 ], [ 17.014318077085804, 52.50220631924099 ], [ 17.014338082601466, 52.502272583149519 ], [ 17.014351109241804, 52.502330185338984 ], [ 17.014475052253722, 52.502484089248647 ], [ 17.014492219068345, 52.502541401139297 ], [ 17.014491277840541, 52.502559014135031 ], [ 17.01448449676737, 52.502572121912834 ], [ 17.014460680519992, 52.502593668213173 ], [ 17.014430216269449, 52.502605748867907 ], [ 17.014348679711958, 52.502626056463704 ], [ 17.01431495337739, 52.502625490336641 ], [ 17.01425697502652, 52.502623437781097 ], [ 17.014219832741958, 52.502613640116323 ], [ 17.014203509126364, 52.502603022667707 ], [ 17.01419630593087, 52.502596066092458 ], [ 17.014143301961948, 52.502565405223159 ], [ 17.014093566711541, 52.502543973373321 ], [ 17.014026457810179, 52.502495986518639 ], [ 17.01399392526006, 52.502455865494298 ] ], [ [ 17.008136567394374, 52.511807947885949 ], [ 17.008232344298758, 52.511874139351342 ], [ 17.008310716647046, 52.511960094967208 ], [ 17.008357820287202, 52.512062703196861 ], [ 17.00784263282365, 52.511928109013368 ], [ 17.007757581911473, 52.511921370158205 ], [ 17.007143141484367, 52.511872435895192 ], [ 17.007180549860205, 52.511697317802586 ], [ 17.007188438117215, 52.511650050820968 ], [ 17.007299857107892, 52.511660472176693 ], [ 17.007648559487887, 52.511695036942832 ], [ 17.007886267805866, 52.511716308966491 ], [ 17.007961499502109, 52.511728278960575 ], [ 17.008136567394374, 52.511807947885949 ] ], [ [ 17.009744287170165, 52.516684987992953 ], [ 17.009705222366279, 52.51663594164544 ], [ 17.009655254492326, 52.516570432229933 ], [ 17.009599389800286, 52.516504913528003 ], [ 17.009549930942132, 52.516493378252974 ], [ 17.00945653717385, 52.516543793830913 ], [ 17.009372643829742, 52.516576470588134 ], [ 17.009313943314901, 52.516573684045845 ], [ 17.009238357505577, 52.516556312459443 ], [ 17.009210270527376, 52.516525349263489 ], [ 17.009206405359979, 52.516480402810686 ], [ 17.009269267167348, 52.516456366556618 ], [ 17.009388451638834, 52.516422484816054 ], [ 17.009448691869238, 52.516391208941364 ], [ 17.009433513076935, 52.516338876727147 ], [ 17.009357023956884, 52.516273010892824 ], [ 17.009338589026349, 52.516224221585787 ], [ 17.009375725893527, 52.516185451535421 ], [ 17.009404042682171, 52.516142845420951 ], [ 17.009386076061595, 52.516086958525349 ], [ 17.009338583304086, 52.516028686025727 ], [ 17.009229181464793, 52.51597665714128 ], [ 17.009126083138977, 52.51591565001317 ], [ 17.009107791861059, 52.515866953024812 ], [ 17.00914437900072, 52.515837078124413 ], [ 17.009261375775601, 52.515851548889593 ], [ 17.009353744934984, 52.515888990265857 ], [ 17.009432936028833, 52.51596029813507 ], [ 17.009523603218046, 52.51603539673679 ], [ 17.009575841404203, 52.51605066643792 ], [ 17.009641246613008, 52.51603557710893 ], [ 17.00976161790069, 52.516030856404733 ], [ 17.009790493877059, 52.516305307656033 ], [ 17.00981253786275, 52.516388425770586 ], [ 17.009825631025649, 52.516640215764092 ], [ 17.009827217197628, 52.51680735598422 ], [ 17.009744287170165, 52.516684987992953 ] ], [ [ 17.015090253232877, 52.548811026737027 ], [ 17.015144197869809, 52.548635734731342 ], [ 17.015303547457155, 52.548642184759551 ], [ 17.015379101338308, 52.548661530181235 ], [ 17.015472241309361, 52.548729289527074 ], [ 17.015518526403628, 52.548831610399802 ], [ 17.015457472403902, 52.548948680692966 ], [ 17.015326286441997, 52.549066823410875 ], [ 17.01512284416776, 52.549255977717614 ], [ 17.014937646272966, 52.549410270305756 ], [ 17.014894700302275, 52.549443188329995 ], [ 17.01481405982214, 52.549454787340132 ], [ 17.014623069471448, 52.549319008651786 ], [ 17.014607111130232, 52.54922475133975 ], [ 17.014898610935404, 52.548983919152349 ], [ 17.015090253232877, 52.548811026737027 ] ], [ [ 17.013003497859135, 52.548309388713378 ], [ 17.013230943471918, 52.548467548134084 ], [ 17.013380444907327, 52.548613605642451 ], [ 17.0134717034963, 52.54865435233819 ], [ 17.013597124283383, 52.548693333874162 ], [ 17.013736472942124, 52.5487212163168 ], [ 17.013886419027966, 52.548766005695292 ], [ 17.014002629376964, 52.548812927022013 ], [ 17.014101016893413, 52.548878796790497 ], [ 17.014283813772536, 52.549035845122127 ], [ 17.014347410976786, 52.549068391967509 ], [ 17.014386318123996, 52.549121660946923 ], [ 17.014382279280301, 52.549149025554051 ], [ 17.014399950860852, 52.54916937915808 ], [ 17.01449647319151, 52.54923737590331 ], [ 17.014539737393964, 52.549298722782609 ], [ 17.014547310729736, 52.549349937004884 ], [ 17.014576793411099, 52.549389736360219 ], [ 17.014579105128114, 52.549423503465071 ], [ 17.014561372702104, 52.549463320196573 ], [ 17.014566829167734, 52.549486257053836 ], [ 17.014585416661088, 52.549502668536896 ], [ 17.014736958563596, 52.549584090050445 ], [ 17.014821526429511, 52.549629310490829 ], [ 17.014845348961551, 52.549676839799773 ], [ 17.014876348626579, 52.549738610414259 ], [ 17.014852464040764, 52.549852616235626 ], [ 17.014817473955596, 52.549921734500188 ], [ 17.014732691124433, 52.549969510675552 ], [ 17.014630474103523, 52.54998839270467 ], [ 17.014562652688785, 52.550013428100911 ], [ 17.01451551816535, 52.550060666471389 ], [ 17.014461636693643, 52.550133155324872 ], [ 17.014326344667698, 52.550250598472147 ], [ 17.01416310515765, 52.550388978760367 ], [ 17.014038903447503, 52.550469911264813 ], [ 17.013867317202866, 52.550551307624779 ], [ 17.013749879525427, 52.550600064099825 ], [ 17.013705231584701, 52.550611816721499 ], [ 17.013635185130269, 52.550627280377675 ], [ 17.013565036043062, 52.550631949207038 ], [ 17.013257238026316, 52.550651786428624 ], [ 17.013056687850771, 52.550662270654136 ], [ 17.013024363801826, 52.550665775359263 ], [ 17.012849411452784, 52.550658340791955 ], [ 17.012697266416474, 52.550639236694366 ], [ 17.012408264766567, 52.55058923241603 ], [ 17.012106958138368, 52.550553591378197 ], [ 17.011821424257413, 52.55050850078505 ], [ 17.011731739324865, 52.550488376049636 ], [ 17.011596850283095, 52.550436821464025 ], [ 17.011431361207084, 52.550363706078457 ], [ 17.011208023823198, 52.550251662725188 ], [ 17.011064639257366, 52.550143301149305 ], [ 17.010968686033323, 52.550088892432413 ], [ 17.010827639609868, 52.5500006269748 ], [ 17.010621356172301, 52.549831306089942 ], [ 17.010175613663982, 52.549518368536965 ], [ 17.010079554001049, 52.549443540394726 ], [ 17.009989511918388, 52.549359639247747 ], [ 17.009958752339745, 52.549335107432611 ], [ 17.009909577914637, 52.549264305453534 ], [ 17.009856675149344, 52.549226989219434 ], [ 17.009817000681309, 52.549190794840015 ], [ 17.009715557590429, 52.549091501503575 ], [ 17.009647965035423, 52.549026685618152 ], [ 17.00960319232313, 52.548897764881943 ], [ 17.009585032429626, 52.548800231862103 ], [ 17.009595787296266, 52.548696259591999 ], [ 17.009574639908269, 52.548658218107434 ], [ 17.009521275426554, 52.548634385288764 ], [ 17.009493217277463, 52.54858930199925 ], [ 17.009497566356991, 52.548535589666812 ], [ 17.009520740673562, 52.548479945405347 ], [ 17.009533453586833, 52.548417469458904 ], [ 17.009531414414283, 52.548351687355741 ], [ 17.009567388429272, 52.548303363804905 ], [ 17.009594522901782, 52.548222152584188 ], [ 17.009640273824804, 52.548166438294466 ], [ 17.009684701920261, 52.548084528536471 ], [ 17.009757497095777, 52.547949580167227 ], [ 17.009836051670245, 52.547847107829469 ], [ 17.009934443473011, 52.547746408099528 ], [ 17.010034747508605, 52.547684955278434 ], [ 17.010145192121644, 52.547614588708818 ], [ 17.010287140786449, 52.547532699452532 ], [ 17.010407240161385, 52.547509804605383 ], [ 17.010495970332961, 52.547498704379535 ], [ 17.010567539097089, 52.547491902651416 ], [ 17.010695632028636, 52.54748146398088 ], [ 17.01078555506286, 52.547486393314735 ], [ 17.010994584249996, 52.547487118437544 ], [ 17.011083085176523, 52.547500658101384 ], [ 17.011250518911094, 52.54753378245556 ], [ 17.011455068839972, 52.54759442297911 ], [ 17.011672581835956, 52.547681634022126 ], [ 17.011820861668145, 52.547743577040769 ], [ 17.012019042673238, 52.5478080670363 ], [ 17.012165192554384, 52.547855133365296 ], [ 17.012251606492857, 52.547892022075558 ], [ 17.012296514473846, 52.547936488285671 ], [ 17.012505859741655, 52.548031475501453 ], [ 17.01261183723598, 52.54807948556266 ], [ 17.012856383044578, 52.548208521781902 ], [ 17.013003497859135, 52.548309388713378 ] ], [ [ 17.024903221447683, 52.51426350689956 ], [ 17.024739667671074, 52.514498134633634 ], [ 17.024654569861781, 52.514561292542695 ], [ 17.024513278528833, 52.514562531062516 ], [ 17.024397812037602, 52.514513922790186 ], [ 17.024316411501349, 52.514494664902955 ], [ 17.024250936791212, 52.514511470049328 ], [ 17.024148962709745, 52.514556447199723 ], [ 17.024145905822241, 52.514624572582839 ], [ 17.02411901830499, 52.514707949967359 ], [ 17.023718880510021, 52.514760898411105 ], [ 17.023104443938671, 52.514773028609433 ], [ 17.022847942195867, 52.514319389284537 ], [ 17.022400249201628, 52.514466158071151 ], [ 17.02220064497822, 52.514459313604917 ], [ 17.02193444295094, 52.514494257925385 ], [ 17.02179347485237, 52.514488303193893 ], [ 17.021748895315795, 52.5144337721228 ], [ 17.021774571681025, 52.514384013511311 ], [ 17.021978670887389, 52.514294065714047 ], [ 17.022225154092428, 52.514176224388137 ], [ 17.022292738161465, 52.514109177731271 ], [ 17.022223447510392, 52.514082925422883 ], [ 17.022064146764887, 52.514094563100876 ], [ 17.021412974416243, 52.514054982890059 ], [ 17.020762596992213, 52.514001021570643 ], [ 17.020596019625021, 52.513912159609575 ], [ 17.020575030821512, 52.51385433512813 ], [ 17.020672227075, 52.51378778482745 ], [ 17.020767340749678, 52.513764282106351 ], [ 17.020954491814447, 52.513788999158074 ], [ 17.021376452378785, 52.513821150984782 ], [ 17.022045313180445, 52.513857429451619 ], [ 17.022567092193018, 52.513784304123924 ], [ 17.023209293146863, 52.513787211422382 ], [ 17.023580043750528, 52.513787739344068 ], [ 17.023964599097241, 52.513773026562653 ], [ 17.024578348912748, 52.51374630983306 ], [ 17.024888593736115, 52.513866526218756 ], [ 17.024903221447683, 52.51426350689956 ] ], [ [ 17.031733389977123, 52.537811614270595 ], [ 17.03174860165247, 52.537913411926631 ], [ 17.031631049801383, 52.538087923044657 ], [ 17.031619144516291, 52.53816939244409 ], [ 17.031686154506943, 52.53823769382322 ], [ 17.031732675462546, 52.538269407701712 ], [ 17.031844580724833, 52.5382936645588 ], [ 17.031901624784165, 52.538311072712332 ], [ 17.031902732612117, 52.538368744022648 ], [ 17.031898756367731, 52.53845763062607 ], [ 17.031975441889241, 52.538530589856435 ], [ 17.03205914797417, 52.538552128968938 ], [ 17.032130886766428, 52.538524630453935 ], [ 17.032180085602189, 52.538476699988976 ], [ 17.032210822061867, 52.538422706200706 ], [ 17.03223313126967, 52.538342758888653 ], [ 17.032287946910422, 52.538274774751315 ], [ 17.032397676069731, 52.538242151495183 ], [ 17.032526377723496, 52.538204177231421 ], [ 17.032593563034499, 52.538103659695835 ], [ 17.032740275199682, 52.537808030719084 ], [ 17.032760225333266, 52.537767618611937 ], [ 17.032715124176878, 52.537710744953785 ], [ 17.032619351493206, 52.537672096565196 ], [ 17.031391953564132, 52.537454710660832 ], [ 17.031456603930774, 52.537341649623812 ], [ 17.031540346464016, 52.537355724535182 ], [ 17.032063336324516, 52.536291863481814 ], [ 17.032220094094701, 52.536160726413371 ], [ 17.032441128387958, 52.536122668702063 ], [ 17.032742394067085, 52.536127677585824 ], [ 17.033047975611442, 52.536191219814221 ], [ 17.033307052497559, 52.536311821119952 ], [ 17.033356466908455, 52.536486680352368 ], [ 17.033098234587403, 52.537399707837523 ], [ 17.03314467534954, 52.537433218672646 ], [ 17.033236985097567, 52.537453640779525 ], [ 17.03332903468695, 52.537413887231089 ], [ 17.033416361445735, 52.537304889655417 ], [ 17.033552857353005, 52.537165049495378 ], [ 17.033641486918018, 52.537020276453795 ], [ 17.033783860575365, 52.536837991093648 ], [ 17.034155377901396, 52.536564893431887 ], [ 17.034868166358915, 52.536104446839417 ], [ 17.035282421287828, 52.535881433633129 ], [ 17.03597360771802, 52.535600416034924 ], [ 17.036613199744941, 52.535397867298542 ], [ 17.037033508132989, 52.535346288122611 ], [ 17.037524941021093, 52.535307219747871 ], [ 17.038424546159639, 52.535505257871478 ], [ 17.04001293155584, 52.535853300318358 ], [ 17.039546448789419, 52.536739236757555 ], [ 17.039430409944156, 52.536791189526497 ], [ 17.039142002611435, 52.536765634180142 ], [ 17.038870384881545, 52.536730732585887 ], [ 17.038825092823924, 52.536644896799729 ], [ 17.038761187779684, 52.536566307636058 ], [ 17.038680336886628, 52.53648734762416 ], [ 17.03814691850328, 52.536399266298069 ], [ 17.037582250081215, 52.536472829815544 ], [ 17.037468920185333, 52.536490467736591 ], [ 17.037420574276908, 52.536522764591147 ], [ 17.037384728809382, 52.536569119828492 ], [ 17.037380728267525, 52.536629044821801 ], [ 17.037403046338937, 52.536664402432649 ], [ 17.037465549308944, 52.536691702126966 ], [ 17.037493629030759, 52.536736779074033 ], [ 17.037481594163598, 52.536794951865467 ], [ 17.03747091413145, 52.536865739010722 ], [ 17.037484852769083, 52.5369368445064 ], [ 17.037446891914655, 52.537010776884749 ], [ 17.037324642842044, 52.537092755194557 ], [ 17.03672205685557, 52.537496852372925 ], [ 17.036543114004548, 52.537550187119187 ], [ 17.036356738953625, 52.537571738666706 ], [ 17.036070395002053, 52.537549448009997 ], [ 17.036013429062766, 52.537560015144287 ], [ 17.035975256743907, 52.537625399059415 ], [ 17.035904668425495, 52.537680081478463 ], [ 17.035800747222925, 52.537688430072073 ], [ 17.035711327746856, 52.5376560956622 ], [ 17.035654753025444, 52.537601730954819 ], [ 17.035503377032313, 52.537552987798755 ], [ 17.034934845684507, 52.537484725968781 ], [ 17.034455656977965, 52.537509956165785 ], [ 17.034214239471453, 52.537551816397233 ], [ 17.034190195626355, 52.537558432455974 ], [ 17.034092665506069, 52.53758550373044 ], [ 17.034032675711988, 52.537617515835159 ], [ 17.033988310167715, 52.537659681122172 ], [ 17.033978177714665, 52.537731286558959 ], [ 17.033940580567922, 52.537783727734251 ], [ 17.033881255503875, 52.537794254651224 ], [ 17.03379779530421, 52.537777128069493 ], [ 17.033725117946069, 52.53776296880423 ], [ 17.033698873803822, 52.537772606234157 ], [ 17.033678839483379, 52.537795118620636 ], [ 17.033676086627036, 52.537817108687179 ], [ 17.03376388657156, 52.537895558019478 ], [ 17.033831424158638, 52.53791251000645 ], [ 17.033982592619228, 52.537949379502081 ], [ 17.034041966996689, 52.537990570045061 ], [ 17.03410945955337, 52.538133979675798 ], [ 17.034197768791962, 52.538184555092286 ], [ 17.034266804830899, 52.538224107177285 ], [ 17.03434581084252, 52.538245206824534 ], [ 17.034455987895463, 52.538248745819565 ], [ 17.034575987320959, 52.538233829845211 ], [ 17.034652294526378, 52.538203077834424 ], [ 17.034682749033351, 52.538148718972614 ], [ 17.034727375348609, 52.538054481305871 ], [ 17.034768347012303, 52.537999127841445 ], [ 17.034765809044021, 52.537930459897602 ], [ 17.034707448045911, 52.537859965438429 ], [ 17.034683804454605, 52.537722231227299 ], [ 17.03525960136335, 52.537908618856456 ], [ 17.035241063071151, 52.53798683047448 ], [ 17.035194666255165, 52.538077801016918 ], [ 17.035114757420828, 52.538182605825547 ], [ 17.035022231397623, 52.538252843204944 ], [ 17.034795906963254, 52.538369517232702 ], [ 17.034689377208501, 52.538439521793343 ], [ 17.034261693885817, 52.538638925019839 ], [ 17.034122255492246, 52.538656395894826 ], [ 17.03398795955825, 52.538763444396857 ], [ 17.033962603287058, 52.538806015433941 ], [ 17.033902815691231, 52.538879674013842 ], [ 17.033914532097921, 52.538934373566988 ], [ 17.033936177353077, 52.538974847349856 ], [ 17.034036419120373, 52.539081924849441 ], [ 17.033749471490271, 52.539053142780418 ], [ 17.033316173092061, 52.539008346566725 ], [ 17.032972237335144, 52.53896089688525 ], [ 17.032795244665778, 52.538930792190115 ], [ 17.032658217946981, 52.538930582850476 ], [ 17.032492934859487, 52.538948701445435 ], [ 17.032387864560295, 52.538992555081265 ], [ 17.032355546534038, 52.539006048676967 ], [ 17.032314809284237, 52.539023089894656 ], [ 17.032120213211847, 52.539050164470524 ], [ 17.031113411359527, 52.538810630823718 ], [ 17.03076927823091, 52.538777562161584 ], [ 17.030618302692442, 52.538855008198041 ], [ 17.030330116723494, 52.538860555085748 ], [ 17.030203668768042, 52.538848106970178 ], [ 17.030164105294123, 52.538822444485518 ], [ 17.030847380059324, 52.5375434169325 ], [ 17.030957597274671, 52.537569085631169 ], [ 17.031320289555783, 52.537638799194013 ], [ 17.031287185637115, 52.537722614156245 ], [ 17.031674509630733, 52.537785810869444 ], [ 17.031733389977123, 52.537811614270595 ] ], [ [ 17.034627480720626, 52.523666843308604 ], [ 17.034431326891383, 52.52389878386689 ], [ 17.033860985625914, 52.523752865272741 ], [ 17.033771039457527, 52.523861729734996 ], [ 17.033541696130644, 52.523803323303632 ], [ 17.033111280321346, 52.523713871803771 ], [ 17.033189378731588, 52.523576479068289 ], [ 17.033109588875043, 52.523550418562166 ], [ 17.03318992006567, 52.523415851152848 ], [ 17.033711442132489, 52.523528852345201 ], [ 17.033998625130032, 52.523586420703261 ], [ 17.034067992316654, 52.523502487917391 ], [ 17.034627480720626, 52.523666843308604 ] ], [ [ 17.034585736745534, 52.524971661663109 ], [ 17.035016001231433, 52.525071448519085 ], [ 17.034776867887135, 52.525443525384979 ], [ 17.034353038644262, 52.525348161821725 ], [ 17.034585736745534, 52.524971661663109 ] ], [ [ 17.03571259557626, 52.52515119127689 ], [ 17.036415231307135, 52.525307121284989 ], [ 17.036145088322648, 52.525743174773908 ], [ 17.035441916354383, 52.525589213037385 ], [ 17.03571259557626, 52.52515119127689 ] ], [ [ 17.037140055943016, 52.528771668339573 ], [ 17.037478072778512, 52.528824494787877 ], [ 17.037556077615168, 52.528824709241491 ], [ 17.037569277369332, 52.528823039377528 ], [ 17.037590839653394, 52.528812424048098 ], [ 17.037612590809022, 52.528781035211018 ], [ 17.037642276037431, 52.528763539102201 ], [ 17.037673744759907, 52.528749040654958 ], [ 17.037689297035566, 52.528737606098659 ], [ 17.037694121844048, 52.528731929816651 ], [ 17.037694291049924, 52.528724827193116 ], [ 17.037683983558356, 52.528694705516422 ], [ 17.037632738797946, 52.528640070244684 ], [ 17.037621646829674, 52.528624236353316 ], [ 17.037621785801655, 52.528611197046374 ], [ 17.03782275946088, 52.528648348226469 ], [ 17.03790160056813, 52.528662877123409 ], [ 17.037983891241602, 52.528676114035001 ], [ 17.038017821930872, 52.528689088674653 ], [ 17.038037677633017, 52.528700210965852 ], [ 17.038080861231236, 52.528710730689404 ], [ 17.03811708346306, 52.528718616593807 ], [ 17.038134159281839, 52.528729243065705 ], [ 17.038136589784216, 52.528740885900682 ], [ 17.038117988401677, 52.528761174231157 ], [ 17.038053634141615, 52.528802110164335 ], [ 17.037949473937864, 52.528846073636636 ], [ 17.037844826460464, 52.528894346160804 ], [ 17.037771414212134, 52.528966431601091 ], [ 17.037750305048863, 52.529009883360082 ], [ 17.037718057858445, 52.529045145553241 ], [ 17.037694145630937, 52.529055542050131 ], [ 17.037479376924313, 52.529178888477148 ], [ 17.037227988156292, 52.529329689021765 ], [ 17.037098917450308, 52.529482428303659 ], [ 17.037160807688945, 52.529569529620616 ], [ 17.037260172115129, 52.529662918872738 ], [ 17.037302324927488, 52.529772627955531 ], [ 17.03726931936156, 52.529881090349882 ], [ 17.037177826548024, 52.530034453033956 ], [ 17.036908485452123, 52.530167686230115 ], [ 17.036670105321033, 52.530238293164096 ], [ 17.03645186311897, 52.530280632199052 ], [ 17.036185391252911, 52.530280077467495 ], [ 17.03588458368349, 52.530133515733745 ], [ 17.035420104902478, 52.529999526035724 ], [ 17.035226869202155, 52.52990457654154 ], [ 17.035137197048677, 52.529805590206387 ], [ 17.03509970788954, 52.529641093035835 ], [ 17.035071808620497, 52.529588823047533 ], [ 17.035128222774762, 52.529517716178347 ], [ 17.035161812919469, 52.529475551430359 ], [ 17.035049211364019, 52.529414499626327 ], [ 17.034975420388918, 52.529435489917553 ], [ 17.034887895784518, 52.529493218313654 ], [ 17.034768688653223, 52.529580101361205 ], [ 17.034725752865391, 52.52959045113117 ], [ 17.03458178517651, 52.529554781260586 ], [ 17.034523714496622, 52.529494544775105 ], [ 17.034405565434515, 52.529422337315118 ], [ 17.034392725710436, 52.529303670165 ], [ 17.034255814074641, 52.529242123810192 ], [ 17.034043769706766, 52.529234913265576 ], [ 17.033802359528583, 52.529204998650414 ], [ 17.033469785346764, 52.52931423804732 ], [ 17.033000628707985, 52.529354558913319 ], [ 17.032667798733197, 52.529334185098833 ], [ 17.032433588286143, 52.529278484036624 ], [ 17.032280204919957, 52.529179695221707 ], [ 17.032146837817045, 52.529177477269158 ], [ 17.031990642196998, 52.529141600855212 ], [ 17.031915108664222, 52.529066322083196 ], [ 17.031901798809379, 52.528955022052443 ], [ 17.031892688924813, 52.528888313279161 ], [ 17.031810619621538, 52.528823988616558 ], [ 17.031669158393889, 52.528729084924713 ], [ 17.031702988487989, 52.528651937598816 ], [ 17.031847671747663, 52.528539578005386 ], [ 17.03216147244612, 52.528441183786008 ], [ 17.032388717191623, 52.528382093256454 ], [ 17.032500063671769, 52.528335825702655 ], [ 17.032733700136689, 52.528265687962772 ], [ 17.032812474753484, 52.528228862154975 ], [ 17.032842276493557, 52.528202195069404 ], [ 17.032838472302569, 52.528161927650054 ], [ 17.032813110130924, 52.528118963321631 ], [ 17.032688102103407, 52.528065078208783 ], [ 17.032654680287685, 52.527997875322583 ], [ 17.03274858005928, 52.527932789356036 ], [ 17.032864645306482, 52.527916190913317 ], [ 17.0331704897309, 52.527998985298275 ], [ 17.033429191264581, 52.528047716742755 ], [ 17.033689770552936, 52.528070935233536 ], [ 17.033952620758257, 52.528148965686263 ], [ 17.034487483962934, 52.528179168003163 ], [ 17.035276205594069, 52.528270876580294 ], [ 17.035635764807026, 52.528244017499247 ], [ 17.035846094149527, 52.528282946341712 ], [ 17.035989891407855, 52.528190174442699 ], [ 17.03613697086557, 52.528159337065865 ], [ 17.036294321429292, 52.528169323831023 ], [ 17.036590439097257, 52.528229012633005 ], [ 17.03664398073537, 52.528430472101164 ], [ 17.036974968629615, 52.528677188618438 ], [ 17.037140055943016, 52.528771668339573 ] ], [ [ 17.034801549251579, 52.530426193477744 ], [ 17.034848130930467, 52.53039036065217 ], [ 17.034876978061249, 52.530348746807448 ], [ 17.034878446899715, 52.530315852369029 ], [ 17.034862261558843, 52.530275379418228 ], [ 17.034855479226422, 52.530225798586358 ], [ 17.034851475762029, 52.530180041476044 ], [ 17.034905078527991, 52.530122379345677 ], [ 17.034943900030036, 52.530124912853601 ], [ 17.03496407909152, 52.530145305072558 ], [ 17.034976840633806, 52.530193096408858 ], [ 17.034983627112062, 52.530242587359787 ], [ 17.034985586480161, 52.530291188667576 ], [ 17.03498648701521, 52.530313958990121 ], [ 17.034995402294069, 52.53038183349306 ], [ 17.034980282899383, 52.530452906543672 ], [ 17.034936159089938, 52.530499753182809 ], [ 17.034869144208116, 52.530524183808851 ], [ 17.034818153600021, 52.53052333695814 ], [ 17.034773450054786, 52.530517108032704 ], [ 17.03475096050337, 52.530485704464468 ], [ 17.034751939796941, 52.530463774841024 ], [ 17.034801549251579, 52.530426193477744 ] ], [ [ 17.033645022743325, 52.532145472026798 ], [ 17.033744810640844, 52.532153426196523 ], [ 17.033817607698516, 52.532174603002069 ], [ 17.033863340042618, 52.532204054447014 ], [ 17.033878810781435, 52.53227041899062 ], [ 17.03388764265727, 52.532300516476354 ], [ 17.033851022407244, 52.532341101502681 ], [ 17.033809026203926, 52.532366666791482 ], [ 17.033768280066219, 52.532360952968375 ], [ 17.033714606506805, 52.53232768189892 ], [ 17.033640472864857, 52.532290203290444 ], [ 17.033558935205601, 52.532240189572711 ], [ 17.033523540743065, 52.532207132242817 ], [ 17.033539507081887, 52.532169981646184 ], [ 17.033587468180613, 52.532149552340258 ], [ 17.033645022743325, 52.532145472026798 ] ], [ [ 17.015991300017568, 52.506654901968474 ], [ 17.01607461301672, 52.506647664696388 ], [ 17.016220645484523, 52.506655150440643 ], [ 17.01638981036524, 52.506620301084006 ], [ 17.016890481183747, 52.50647084569605 ], [ 17.017061700497191, 52.506455817227646 ], [ 17.017188925039751, 52.506504540059233 ], [ 17.017244222423088, 52.506582637757326 ], [ 17.017220130519817, 52.506659404823687 ], [ 17.017095343605309, 52.506739880654735 ], [ 17.017062709105996, 52.506760829948114 ], [ 17.016850434876481, 52.506839749074359 ], [ 17.016604097001917, 52.506889494927215 ], [ 17.016350216352318, 52.506910332115197 ], [ 17.01614330671357, 52.506935554177673 ], [ 17.016031579072976, 52.50693547931894 ], [ 17.015967727951235, 52.506916419915534 ], [ 17.015947134485153, 52.506853294495528 ], [ 17.015909204729741, 52.506779085179865 ], [ 17.015917517345347, 52.50672543883401 ], [ 17.015991300017568, 52.506654901968474 ] ], [ [ 17.007119803316378, 52.50946931025203 ], [ 17.006694806577144, 52.509358805738195 ], [ 17.006220048248867, 52.509289284461097 ], [ 17.005849722306483, 52.509241129232166 ], [ 17.005542400530221, 52.509214452084997 ], [ 17.005333529974248, 52.50920121667739 ], [ 17.005198560027694, 52.509180412643524 ], [ 17.005105674375454, 52.509151503724958 ], [ 17.005044645806887, 52.509122232528064 ], [ 17.005012873613008, 52.509081672157585 ], [ 17.00497775586614, 52.509010834553209 ], [ 17.004962271284572, 52.508929624833456 ], [ 17.004960854678398, 52.508853509271447 ], [ 17.00497281718286, 52.508830235918346 ], [ 17.004994153361608, 52.508788772294665 ], [ 17.005048489379842, 52.508718453843144 ], [ 17.005133595696648, 52.508675007505893 ], [ 17.005307536492559, 52.508645740951117 ], [ 17.005702846284436, 52.508636845607825 ], [ 17.006522340970037, 52.508671524508912 ], [ 17.006655634309944, 52.508683754218076 ], [ 17.006816017740729, 52.508726031405537 ], [ 17.00709099881232, 52.508832119639656 ], [ 17.007497296414687, 52.508997442783254 ], [ 17.007703341825369, 52.509047053640948 ], [ 17.007779926538269, 52.509084410452111 ], [ 17.007798138370067, 52.509141291184704 ], [ 17.007756492605598, 52.509276583417275 ], [ 17.007719313394048, 52.509365270526139 ], [ 17.007653482081018, 52.509445380232883 ], [ 17.007573648419488, 52.509509154310742 ], [ 17.007513788657768, 52.509525684990365 ], [ 17.007424069122134, 52.509531009511356 ], [ 17.007119803316378, 52.50946931025203 ] ], [ [ 17.009790630060007, 52.510297134430516 ], [ 17.009701291002017, 52.510245083589012 ], [ 17.009568951023152, 52.510175759721925 ], [ 17.009408047406971, 52.510118726961224 ], [ 17.008612722969332, 52.509865104621902 ], [ 17.007931569042494, 52.509655672552256 ], [ 17.00785139301157, 52.509625990456762 ], [ 17.007781275336534, 52.509585774495086 ], [ 17.007773904388273, 52.509536901354785 ], [ 17.007808103331065, 52.509484770773611 ], [ 17.007917766362173, 52.509357909264764 ], [ 17.008042705402026, 52.509212686710349 ], [ 17.008095172562779, 52.509173815414741 ], [ 17.008123696870435, 52.509152619471713 ], [ 17.008199521938401, 52.509138336034582 ], [ 17.008285561088883, 52.509142662793138 ], [ 17.008496911738014, 52.509208641225534 ], [ 17.009276990530051, 52.509512285937419 ], [ 17.009967886023002, 52.509803092443725 ], [ 17.010347799712505, 52.509955729589265 ], [ 17.010374863839861, 52.509996209301434 ], [ 17.010350845926411, 52.510031872416931 ], [ 17.010318819123864, 52.510075135908409 ], [ 17.010306578461222, 52.510091569451021 ], [ 17.010197388051036, 52.510198293892387 ], [ 17.010102566950376, 52.510280615611549 ], [ 17.010033940548912, 52.510314988663325 ], [ 17.009952064307495, 52.510322875498169 ], [ 17.009869897182025, 52.510317625736356 ], [ 17.009790630060007, 52.510297134430516 ] ], [ [ 17.010595366103789, 52.510199140804104 ], [ 17.010910639200112, 52.510438383262546 ], [ 17.011144517042339, 52.510639020188464 ], [ 17.011171825834118, 52.510674107253529 ], [ 17.011155775919971, 52.510712872590766 ], [ 17.01098279130353, 52.510818795080539 ], [ 17.01083319872366, 52.510880049316441 ], [ 17.010738409845892, 52.510893116151145 ], [ 17.010667231956965, 52.510876269232718 ], [ 17.010545869081287, 52.510802094280173 ], [ 17.010308479508947, 52.510640072493295 ], [ 17.010074865436508, 52.51050545632576 ], [ 17.010093019791654, 52.510456023334832 ], [ 17.010274476873889, 52.510332256078719 ], [ 17.010453078337033, 52.51023578312946 ], [ 17.010595366103789, 52.510199140804104 ] ], [ [ 17.013565065644656, 52.512410456394946 ], [ 17.013179224891449, 52.512192431915608 ], [ 17.013006841093219, 52.512098784551348 ], [ 17.012784526755713, 52.511958427442941 ], [ 17.012755152586159, 52.51190046062581 ], [ 17.012754069446196, 52.511852592901988 ], [ 17.012838116441724, 52.511692107770784 ], [ 17.012864639546258, 52.511600901641096 ], [ 17.01285626863687, 52.511502183806186 ], [ 17.01286633197283, 52.511455582620613 ], [ 17.012920563904142, 52.511423304669741 ], [ 17.012994422322809, 52.51141672018823 ], [ 17.013080596240897, 52.511418167518521 ], [ 17.013231275025337, 52.511483118336663 ], [ 17.01339517532536, 52.511588315491224 ], [ 17.013694477324751, 52.511737699168435 ], [ 17.014053017133957, 52.511835370072248 ], [ 17.014252823936584, 52.51190609110494 ], [ 17.014389333377562, 52.51196495630915 ], [ 17.014476414667822, 52.512054201917437 ], [ 17.014474343502776, 52.512136104954003 ], [ 17.014401838750558, 52.512227079335659 ], [ 17.014156874247654, 52.512405821156918 ], [ 17.013898058827575, 52.512541876997354 ], [ 17.013820971364897, 52.512551375952135 ], [ 17.013773653746096, 52.512534931513784 ], [ 17.013565065644656, 52.512410456394946 ] ], [ [ 17.025109609582298, 52.513987590823319 ], [ 17.025095954467179, 52.513897600240497 ], [ 17.025130081058041, 52.513794106412234 ], [ 17.025380515289434, 52.513719406999414 ], [ 17.025682728206171, 52.513666977481513 ], [ 17.025802050019358, 52.513629573856299 ], [ 17.025839510500877, 52.513579921090837 ], [ 17.025826158450837, 52.513486427895145 ], [ 17.02585885036914, 52.51341160158767 ], [ 17.026158526153321, 52.513287444347547 ], [ 17.026502945542212, 52.513214220668445 ], [ 17.026929856872549, 52.513201643907344 ], [ 17.027031557920367, 52.513228433957345 ], [ 17.026999592959275, 52.513287083049029 ], [ 17.026737844252885, 52.513354491685419 ], [ 17.026620180300888, 52.513430599178321 ], [ 17.026630266629542, 52.513521339525845 ], [ 17.026597092607183, 52.513606951096065 ], [ 17.02645928817606, 52.513662035702723 ], [ 17.026234996556902, 52.513679790216116 ], [ 17.025953314374167, 52.513797142440339 ], [ 17.025492349111204, 52.514108745896479 ], [ 17.025364396526342, 52.514207076132116 ], [ 17.025276140182768, 52.514209200736616 ], [ 17.025178186420117, 52.51416457317864 ], [ 17.025122946317708, 52.514084681547494 ], [ 17.025109609582298, 52.513987590823319 ] ], [ [ 17.028524713259358, 52.515216140108897 ], [ 17.028493576932402, 52.515190437365554 ], [ 17.028284124011467, 52.515136758939761 ], [ 17.028087452316065, 52.515133481067451 ], [ 17.027978583131691, 52.515131666434371 ], [ 17.027806850260593, 52.515157495432263 ], [ 17.027666792010674, 52.51526282172582 ], [ 17.027617948181348, 52.5153131847011 ], [ 17.027560032715567, 52.515325800462428 ], [ 17.027505720783754, 52.515313921980812 ], [ 17.027402835793914, 52.515247627896059 ], [ 17.027295181718117, 52.5151561602474 ], [ 17.027300162473811, 52.515044984453894 ], [ 17.027306413623986, 52.514981139585061 ], [ 17.027286820696105, 52.514947893940089 ], [ 17.027224951749691, 52.514936878683827 ], [ 17.027146158644349, 52.514938353008866 ], [ 17.02699226543044, 52.51496088060798 ], [ 17.026901770149962, 52.515009649246082 ], [ 17.026800925244927, 52.515029463605678 ], [ 17.026707580061831, 52.515013515917801 ], [ 17.026652966548298, 52.514985352419387 ], [ 17.026637844940598, 52.51496090566517 ], [ 17.026642374734202, 52.514909174348105 ], [ 17.026655062938225, 52.514872779391411 ], [ 17.026711377528894, 52.514665591768434 ], [ 17.026785530729963, 52.514455103941835 ], [ 17.026831680211014, 52.514402357861989 ], [ 17.02688157549726, 52.514374588307078 ], [ 17.026957339400926, 52.514361730892475 ], [ 17.027089671952211, 52.51435971046245 ], [ 17.027237868160281, 52.514299761620009 ], [ 17.027311434400421, 52.514270138031499 ], [ 17.027418384942621, 52.514113982295832 ], [ 17.0273461030751, 52.514019506728864 ], [ 17.027232080286996, 52.513938635949074 ], [ 17.027270165892219, 52.513878290009124 ], [ 17.027524042297493, 52.513825409559104 ], [ 17.027988481953436, 52.513728818746223 ], [ 17.029658411829018, 52.514824888896165 ], [ 17.029828274133504, 52.514936368186852 ], [ 17.029852763673137, 52.515048034806547 ], [ 17.029789491309376, 52.51514744684583 ], [ 17.029674291903508, 52.515224497820761 ], [ 17.029515002284079, 52.515232548036529 ], [ 17.029305856086914, 52.515175278841454 ], [ 17.029131280221517, 52.515132886024681 ], [ 17.029060539577124, 52.51513890295081 ], [ 17.028958904281829, 52.515173096770788 ], [ 17.028874772678865, 52.515214777528819 ], [ 17.028756088803515, 52.515237894036233 ], [ 17.028639369560477, 52.515240176511938 ], [ 17.028567589171175, 52.515229896234835 ], [ 17.028524713259358, 52.515216140108897 ] ], [ [ 17.007547385327658, 52.514279817641437 ], [ 17.007229340984889, 52.514290560643374 ], [ 17.006806512093785, 52.514274443423353 ], [ 17.006713499275801, 52.514257855889682 ], [ 17.006651935426916, 52.514246745023804 ], [ 17.006615485634718, 52.514208444850077 ], [ 17.006614218987753, 52.514106158566314 ], [ 17.006612494971602, 52.514007462285846 ], [ 17.006814372269528, 52.514025884068175 ], [ 17.00790746635969, 52.514125243604944 ], [ 17.007692694580111, 52.51425168422999 ], [ 17.007547385327658, 52.514279817641437 ] ], [ [ 17.029234474429611, 52.518621313139342 ], [ 17.029296523808064, 52.518519722417402 ], [ 17.029363673641999, 52.518435935271221 ], [ 17.029626944142446, 52.518239568635508 ], [ 17.030005184534581, 52.518508499053297 ], [ 17.030107386771945, 52.518587011559781 ], [ 17.030241808559072, 52.518525390499256 ], [ 17.030356288014353, 52.518649168322938 ], [ 17.029983170110857, 52.518947770897313 ], [ 17.029704014946013, 52.518826916808294 ], [ 17.029633500040564, 52.518893648988779 ], [ 17.029536774793502, 52.518953019041525 ], [ 17.029411544179112, 52.518990418009594 ], [ 17.029322393315173, 52.519012318125014 ], [ 17.029204182152426, 52.519024649923587 ], [ 17.029104210104705, 52.519024783445737 ], [ 17.028999115142263, 52.519020784131662 ], [ 17.029056950501399, 52.518898076809698 ], [ 17.029234474429611, 52.518621313139342 ] ], [ [ 17.039890394598, 52.520222926758017 ], [ 17.039893807892508, 52.52014626258152 ], [ 17.039923381731736, 52.520078126600787 ], [ 17.039985418782237, 52.52002267060864 ], [ 17.040027117067645, 52.519976951188646 ], [ 17.040073980306783, 52.519967564033763 ], [ 17.040135397466987, 52.519998891949591 ], [ 17.040145693069693, 52.520065709687564 ], [ 17.040121225367155, 52.52016819829425 ], [ 17.040151951709944, 52.520223212261612 ], [ 17.040223148892192, 52.520256770801723 ], [ 17.040322906658769, 52.520248259684841 ], [ 17.040424193631392, 52.520278269083228 ], [ 17.040442232736563, 52.520316883239545 ], [ 17.040404224043076, 52.520352590382963 ], [ 17.040304077297492, 52.520373147385037 ], [ 17.040165677504984, 52.520358712734037 ], [ 17.040029781846407, 52.520347647265652 ], [ 17.039955356383036, 52.520326986809877 ], [ 17.039900869939931, 52.520285700094568 ], [ 17.039890394598, 52.520222926758017 ] ], [ [ 17.045158099546132, 52.521141863981164 ], [ 17.045132412110757, 52.521205658257536 ], [ 17.045084164327662, 52.52123957874614 ], [ 17.044998219979473, 52.521242475895043 ], [ 17.04488200674324, 52.521246311880716 ], [ 17.044665047415773, 52.521214484695427 ], [ 17.044367417807578, 52.521209565584208 ], [ 17.044192291201508, 52.521185354515048 ], [ 17.04403617424996, 52.521141490288599 ], [ 17.043981220780076, 52.521037598024662 ], [ 17.044042270160215, 52.52085494538867 ], [ 17.044046574758269, 52.520758058895744 ], [ 17.043937201394986, 52.520687624845841 ], [ 17.043793588124622, 52.520568145748697 ], [ 17.043719460050681, 52.520447836664289 ], [ 17.043916941720273, 52.520323923523826 ], [ 17.044015278833388, 52.52027104431712 ], [ 17.044264143783156, 52.520251683387002 ], [ 17.044519374527312, 52.520245019050456 ], [ 17.044705903672206, 52.520294601909711 ], [ 17.044827104857426, 52.520397519943828 ], [ 17.044975979106425, 52.520455024616645 ], [ 17.045109141876345, 52.520454616581681 ], [ 17.045270958496939, 52.520386685532209 ], [ 17.045445929936342, 52.520248277048196 ], [ 17.045692823657948, 52.520127155978379 ], [ 17.045820762426736, 52.520108222718619 ], [ 17.045986967985709, 52.520104132176762 ], [ 17.046112280177024, 52.520114476363872 ], [ 17.046231486323663, 52.520146125817561 ], [ 17.046378493723942, 52.520265657970107 ], [ 17.04639536029153, 52.520407235571867 ], [ 17.046218075300928, 52.520521412801322 ], [ 17.046323492572753, 52.520607968981565 ], [ 17.046368679946664, 52.52069613888272 ], [ 17.046274584127779, 52.520826260418318 ], [ 17.046187503440173, 52.520914584690303 ], [ 17.045941605960081, 52.520936786901643 ], [ 17.045750039821428, 52.520927506848444 ], [ 17.045393333322618, 52.520911540984486 ], [ 17.045280373821686, 52.520921817000634 ], [ 17.045168586569151, 52.52099866946714 ], [ 17.045158099546132, 52.521141863981164 ] ], [ [ 17.008061014382776, 52.542888673767187 ], [ 17.008109194310563, 52.542746656257101 ], [ 17.008173123548538, 52.542390391243842 ], [ 17.008392970259315, 52.542330861932591 ], [ 17.008468141111855, 52.541977124454014 ], [ 17.008836116771192, 52.541917119037954 ], [ 17.009309308270417, 52.541928048166923 ], [ 17.009444570225863, 52.541993552965877 ], [ 17.009473622291601, 52.54211438453035 ], [ 17.009488067846451, 52.542232002297673 ], [ 17.009394569463815, 52.542335662130419 ], [ 17.009159031324632, 52.542415975826586 ], [ 17.00893891263134, 52.542481528119133 ], [ 17.008883001213867, 52.542624944885645 ], [ 17.008824447985798, 52.542781088989621 ], [ 17.008737892709728, 52.543014831853675 ], [ 17.008546911921762, 52.543205713729584 ], [ 17.008180589051982, 52.543154037710018 ], [ 17.007929801365204, 52.543121394529457 ], [ 17.008021260273807, 52.542968413080764 ], [ 17.008061014382776, 52.542888673767187 ] ], [ [ 17.007797879338494, 52.542330648891308 ], [ 17.007770778923444, 52.54241437872934 ], [ 17.007740249334169, 52.542521705676535 ], [ 17.007694681141899, 52.542710267229282 ], [ 17.007373800462727, 52.542713948740492 ], [ 17.006957021730951, 52.542652694872295 ], [ 17.006708711164052, 52.542471056240714 ], [ 17.00657826055971, 52.542361287743667 ], [ 17.006708820787178, 52.542367714270469 ], [ 17.006970877140176, 52.542389217123123 ], [ 17.006965777631414, 52.542010113970477 ], [ 17.007373189125651, 52.541958872074645 ], [ 17.007693142924293, 52.541939704906824 ], [ 17.007922565640047, 52.541926028429891 ], [ 17.007797879338494, 52.542330648891308 ] ], [ [ 17.017627302610226, 52.54362817963208 ], [ 17.017651905491462, 52.543606016265414 ], [ 17.017699058626082, 52.543584320575185 ], [ 17.017736361671819, 52.543574961841657 ], [ 17.017799960245746, 52.54357135014218 ], [ 17.017875573049086, 52.543543385412804 ], [ 17.017928773216134, 52.543528266756375 ], [ 17.018014650594385, 52.543514774673312 ], [ 17.01808103223339, 52.543541070252999 ], [ 17.018108855524769, 52.543571846754219 ], [ 17.018089740531408, 52.543619555772224 ], [ 17.018015677228821, 52.543658969251794 ], [ 17.01793205940724, 52.543704158844996 ], [ 17.01791433486758, 52.543724278861589 ], [ 17.017870330037585, 52.543744858120924 ], [ 17.017804920096154, 52.543762470506458 ], [ 17.017757322186821, 52.543771117166564 ], [ 17.017725650753917, 52.543766809080402 ], [ 17.017679921613539, 52.543737261566569 ], [ 17.017637391943872, 52.543702191212091 ], [ 17.01761827689451, 52.543668052729004 ], [ 17.017616118440049, 52.543650477837012 ], [ 17.017627302610226, 52.54362817963208 ] ], [ [ 17.018737238277744, 52.54387809887541 ], [ 17.01871612494012, 52.543845725965753 ], [ 17.01871361560768, 52.543799903368736 ], [ 17.018762018258542, 52.543779937079307 ], [ 17.018834915307693, 52.543766406968153 ], [ 17.018927693427788, 52.543770028825676 ], [ 17.01898981975738, 52.54376962975865 ], [ 17.019012167772949, 52.54377459091387 ], [ 17.019030784200147, 52.543777241044403 ], [ 17.01908091031369, 52.54378779388346 ], [ 17.019105881144341, 52.543796756381589 ], [ 17.019123022185411, 52.543812513362958 ], [ 17.019129483985314, 52.543836096441076 ], [ 17.019110989222131, 52.543870054840042 ], [ 17.019079623086554, 52.543901549225581 ], [ 17.019008273948806, 52.543923290140661 ], [ 17.018955664624297, 52.543925287611295 ], [ 17.018821698989193, 52.543918997521963 ], [ 17.018769964050311, 52.543901582031403 ], [ 17.018737238277744, 52.54387809887541 ] ], [ [ 17.019718752575681, 52.543887421952043 ], [ 17.019737988150105, 52.543876321175411 ], [ 17.019772211496473, 52.543866550498208 ], [ 17.019811878806351, 52.543860378650692 ], [ 17.019903564633371, 52.543865330596375 ], [ 17.019963408826847, 52.543869749710282 ], [ 17.020008052601437, 52.543880840020364 ], [ 17.020059403702845, 52.543906793052365 ], [ 17.020072947291983, 52.543940208315924 ], [ 17.020060876221752, 52.543956016066815 ], [ 17.020018774628447, 52.543973659869899 ], [ 17.019964751808189, 52.543974285007074 ], [ 17.019909296548025, 52.543983790428726 ], [ 17.019837156036566, 52.5439805146708 ], [ 17.01975880897071, 52.543964363220574 ], [ 17.019729145432148, 52.543948216902571 ], [ 17.019702275794842, 52.543919165653755 ], [ 17.01970673399433, 52.543902061297487 ], [ 17.019718752575681, 52.543887421952043 ] ], [ [ 17.020151678427229, 52.544147762957159 ], [ 17.020263248090153, 52.544150169125793 ], [ 17.020332163295336, 52.544162834596229 ], [ 17.020373198027453, 52.544185287048379 ], [ 17.020376179664051, 52.544230487900975 ], [ 17.020356836700618, 52.544276754377229 ], [ 17.020298050761284, 52.544320921948177 ], [ 17.020233180227546, 52.544336386085469 ], [ 17.020158974801735, 52.544339641762804 ], [ 17.020101689587264, 52.54432096475837 ], [ 17.020027020620571, 52.544285357573479 ], [ 17.019956466533571, 52.544233719537928 ], [ 17.019916416867758, 52.544192665389403 ], [ 17.019932036411266, 52.544173409280511 ], [ 17.020011583679398, 52.544159629944971 ], [ 17.020151678427229, 52.544147762957159 ] ], [ [ 17.021806214638801, 52.544695117675346 ], [ 17.022027266403299, 52.54471689094018 ], [ 17.022177976912019, 52.544767528886943 ], [ 17.022204362903686, 52.544840193413513 ], [ 17.022112775855899, 52.544901892050682 ], [ 17.022006840818143, 52.544951298555191 ], [ 17.021832459106804, 52.544987418660178 ], [ 17.02157187415796, 52.545050788949581 ], [ 17.021340720386558, 52.545102688451522 ], [ 17.021121545452203, 52.545114583667342 ], [ 17.021041154425916, 52.545094621337149 ], [ 17.020981652800938, 52.545033365064093 ], [ 17.021072507129194, 52.544961761400714 ], [ 17.021202431516613, 52.544841522663901 ], [ 17.02149857375813, 52.54473215762588 ], [ 17.021806214638801, 52.544695117675346 ] ], [ [ 17.011899820445429, 52.5469955945577 ], [ 17.011920488358857, 52.546995312168562 ], [ 17.011964456988661, 52.547005045025578 ], [ 17.01202852180899, 52.547007560299782 ], [ 17.012088520680621, 52.546989050693405 ], [ 17.01212505796099, 52.546957555046603 ], [ 17.012135126335064, 52.546953496883404 ], [ 17.012152316966059, 52.546951806910606 ], [ 17.012191148918404, 52.546957675826143 ], [ 17.012206622546604, 52.547052734876367 ], [ 17.012196838248524, 52.547083150899141 ], [ 17.012180161991772, 52.547102837970435 ], [ 17.012150592346874, 52.547117271700074 ], [ 17.012113545112623, 52.547120876688474 ], [ 17.01205810102806, 52.547120215176271 ], [ 17.011991691129708, 52.547110824913418 ], [ 17.011866416818531, 52.547098107226503 ], [ 17.011825563756322, 52.547074935335701 ], [ 17.011820504202394, 52.54702367318653 ], [ 17.011841818097199, 52.547009100843503 ], [ 17.011848511987793, 52.547004626244423 ], [ 17.011879001044395, 52.546995964340553 ], [ 17.011899820445429, 52.5469955945577 ] ], [ [ 17.017574920904728, 52.550472711756889 ], [ 17.017570055484285, 52.550472630256856 ], [ 17.017315940116386, 52.550401456371596 ], [ 17.016994570072427, 52.550303521536499 ], [ 17.016951458965149, 52.550228866722058 ], [ 17.01687073327064, 52.550062380251816 ], [ 17.016664568718301, 52.550092743649493 ], [ 17.016397337750668, 52.550106343301749 ], [ 17.016254191393255, 52.550106912049216 ], [ 17.016054893853809, 52.550037373807676 ], [ 17.015969799146873, 52.549954729492583 ], [ 17.015924760628867, 52.549860704407344 ], [ 17.015966838298425, 52.549801238517304 ], [ 17.016028685696114, 52.549745072126349 ], [ 17.016159260518471, 52.549696083923109 ], [ 17.016341908318573, 52.549693119372279 ], [ 17.016559742263169, 52.54967878194163 ], [ 17.016740937397611, 52.549652407467789 ], [ 17.016920457577346, 52.549669716539839 ], [ 17.017087694732787, 52.54968457098196 ], [ 17.017216773001373, 52.549668745199874 ], [ 17.017357753608394, 52.549604909682699 ], [ 17.017592110352886, 52.549554600472518 ], [ 17.017669820904469, 52.549565436032623 ], [ 17.017903187460984, 52.54967457704543 ], [ 17.018308372387065, 52.549759162418496 ], [ 17.018529584893425, 52.549889235058103 ], [ 17.018653383132378, 52.549990603841508 ], [ 17.018733061230684, 52.550082239665045 ], [ 17.018731166331591, 52.550235649207259 ], [ 17.018746723919389, 52.550329179639036 ], [ 17.018572166375364, 52.550476730421629 ], [ 17.018450251162903, 52.550552938851304 ], [ 17.018320810933243, 52.550553829538501 ], [ 17.018146908533001, 52.550493624360882 ], [ 17.0179347562731, 52.550493129498967 ], [ 17.017782135449853, 52.550484547213706 ], [ 17.017574920904728, 52.550472711756889 ] ], [ [ 17.011256596547312, 52.554192217279066 ], [ 17.011279504013658, 52.554227319886571 ], [ 17.011269935012681, 52.554259448334612 ], [ 17.011232659214532, 52.554271233982782 ], [ 17.011200448046029, 52.554265655944064 ], [ 17.011116273149092, 52.55423447056581 ], [ 17.011052703534943, 52.554201202969843 ], [ 17.011022251673708, 52.554153471565499 ], [ 17.011012067565289, 52.554111117531527 ], [ 17.011070104748541, 52.554087268834877 ], [ 17.011166931105929, 52.554106254829783 ], [ 17.01123804532083, 52.554152151106429 ], [ 17.011256596547312, 52.554192217279066 ] ] ], [ [ [ 16.983120633842177, 52.489435516868014 ], [ 16.982966957066086, 52.48947085239228 ], [ 16.983017459838916, 52.489539261153638 ], [ 16.983098916367485, 52.489646063916872 ], [ 16.983182039718411, 52.489745429735756 ], [ 16.983537257473834, 52.48963986640107 ], [ 16.98386192725329, 52.489551410211455 ], [ 16.983735914873588, 52.489345989993218 ], [ 16.983625581940512, 52.489380806030468 ], [ 16.98316600598816, 52.489496912431626 ], [ 16.983120633842177, 52.489435516868014 ] ] ] ] } },
{ "type": "Feature", "properties": { "gml_id": "OT_ADJA_A.20", "lokalnyId": "322BD60C-5C60-598B-E053-CC2BA8C05138", "przestrzen": "PL.PZGiK.308.BDOT10k", "wersjaId": "2022-01-20T00:00:00", "czyObiektB": 0, "x_kod": "ADJA05", "x_skrKarto": null, "x_katDoklG": "Dok", "x_doklGeom": 1, "x_doklGe_1": "m", "x_zrodloDa": "PRG", "x_zrodlo_1": "PRG", "x_katIstni": null, "x_rodzajRe": "ZP", "x_aktualno": "2022-01-20", "x_aktual_1": "2022-01-20", "poczatekWe": "2022-01-20T00:00:00", "x_dataUtwo": "2012-11-13", "x_kodKarto": "0010_505", "x_kodKar_1": "0025_505", "x_kodKar_2": "0050_505", "x_kodKar_3": "0100_505", "x_kodKar_4": null, "x_kodKar_5": null, "x_kodKar_6": null, "nazwa": "Czerwonak", "idPRG": 1030210420, "idTerytJed": 3021, "idTerytTer": 3021042, "rodzaj": "GW", "PRG|BT_Ref": 1030210420, "PRG|BT_R_1": "PL.PZGiK.200", "x_informDo": null }, "geometry": { "type": "MultiPolygon", "coordinates": [ [ [ [ 17.002042163722752, 52.453754732657195 ], [ 17.00000003288153, 52.453578726322348 ], [ 16.999413133956221, 52.453528142925656 ], [ 16.998409761541854, 52.453441365319485 ], [ 16.998395514325175, 52.453460102258468 ], [ 16.998247044541451, 52.453438880488847 ], [ 16.997965779273311, 52.453420896649369 ], [ 16.997831801059323, 52.453408014664291 ], [ 16.997732541076424, 52.453395720457635 ], [ 16.997642441877051, 52.453372967945683 ], [ 16.9976130354367, 52.453365634221598 ], [ 16.997497894341869, 52.453336701107077 ], [ 16.997483628398449, 52.453333131577381 ], [ 16.997320279542468, 52.45329591648651 ], [ 16.997302887601116, 52.453293103481037 ], [ 16.997218747773641, 52.453281784491843 ], [ 16.997138367866771, 52.453275206206847 ], [ 16.997053689417005, 52.453272512574188 ], [ 16.996843154405415, 52.453272633622113 ], [ 16.996840690379823, 52.453326917894209 ], [ 16.996831293228929, 52.453400962271779 ], [ 16.996830219072461, 52.453408409403643 ], [ 16.996817362046425, 52.453500293965959 ], [ 16.99676374364968, 52.453711742709764 ], [ 16.996672615179481, 52.454149483924375 ], [ 16.996659561151823, 52.454180832996926 ], [ 16.99650799804412, 52.454782237058744 ], [ 16.996257419874695, 52.45589752036215 ], [ 16.995410258803702, 52.455952327803992 ], [ 16.995338513976453, 52.456257909489459 ], [ 16.995338199584722, 52.456264829825571 ], [ 16.995327832752068, 52.456493021162657 ], [ 16.995330086533766, 52.456644344700756 ], [ 16.995342283641762, 52.456703194790855 ], [ 16.99534516943676, 52.456717454822858 ], [ 16.996954135935969, 52.456344337400736 ], [ 16.99725341316902, 52.456822144484775 ], [ 16.997325940236784, 52.456804626411419 ], [ 16.997415689076746, 52.457042878228833 ], [ 16.997643511371813, 52.457515522896479 ], [ 16.997976226070207, 52.457487247958788 ], [ 16.998224253118298, 52.457449803251663 ], [ 16.998500136808314, 52.457353286859409 ], [ 16.998700658198477, 52.457246499951353 ], [ 16.998733523477558, 52.457242559021942 ], [ 16.998773181662163, 52.457244669333448 ], [ 16.998827034179936, 52.457255204734736 ], [ 16.998846733622219, 52.457265611822336 ], [ 16.998928832494741, 52.457331850622637 ], [ 16.998887244742036, 52.457359299170392 ], [ 16.999025806590708, 52.457423975032775 ], [ 16.999082907915462, 52.457463527148647 ], [ 16.999136193893982, 52.45758072598543 ], [ 16.999646321958387, 52.458997874346323 ], [ 16.999245693853485, 52.459068897430519 ], [ 16.998912449667269, 52.459137821572071 ], [ 16.998593807412831, 52.459209420411646 ], [ 16.998358339008252, 52.459255443301977 ], [ 16.998267116480108, 52.459276654793854 ], [ 16.998062820157912, 52.459297660806314 ], [ 16.997304706910928, 52.459442674261417 ], [ 16.997178004544274, 52.459463733713989 ], [ 16.996965583506636, 52.459504747600619 ], [ 16.996920339393036, 52.459541307784662 ], [ 16.996865467093507, 52.459588857858066 ], [ 16.996816357520864, 52.459639203842343 ], [ 16.996878102543171, 52.459735410228866 ], [ 16.996957196943228, 52.459828942334823 ], [ 16.997004512174041, 52.459882990472003 ], [ 16.99716773771982, 52.460020760699557 ], [ 16.997295113842746, 52.460121136573392 ], [ 16.997493803329363, 52.460246465147321 ], [ 16.99763800190625, 52.460378515854757 ], [ 16.997730917144334, 52.460469313314682 ], [ 16.99781383881011, 52.460592141301028 ], [ 16.997896760929997, 52.460714969231432 ], [ 16.997922915529323, 52.460771357001704 ], [ 16.998005751489345, 52.460759807621947 ], [ 16.99820462218554, 52.460731964043831 ], [ 16.998289031640088, 52.460643539311519 ], [ 16.998481940548746, 52.460633493127204 ], [ 16.998565615155172, 52.46063266084321 ], [ 16.9986931552675, 52.46062240730032 ], [ 16.99869699300729, 52.46062220242289 ], [ 16.998810040540338, 52.460649030066392 ], [ 16.998881930885119, 52.460706731298252 ], [ 16.999043284137592, 52.46090221096528 ], [ 16.999175038678349, 52.461088015319952 ], [ 16.999299018792595, 52.461227726797041 ], [ 16.99945939139015, 52.461334504881385 ], [ 16.99959447830723, 52.461446881202079 ], [ 16.999668372648635, 52.461466929471584 ], [ 16.999763138042198, 52.461471590617847 ], [ 16.999894021487901, 52.461446101911093 ], [ 17.000001920920603, 52.461407902046481 ], [ 17.000355441387345, 52.461343544986512 ], [ 17.000707839568811, 52.461193451672692 ], [ 17.000974650746386, 52.461164323660789 ], [ 17.001295937057094, 52.461148348169864 ], [ 17.001487975923698, 52.461108780873374 ], [ 17.001636802745281, 52.461031696075786 ], [ 17.001623011935337, 52.460890791273101 ], [ 17.001800331126255, 52.46084782668774 ], [ 17.001957349905712, 52.460807666843415 ], [ 17.001900086281026, 52.460745537606414 ], [ 17.001620761731264, 52.460719410746293 ], [ 17.001301425392093, 52.460695664999086 ], [ 17.001073096698345, 52.46064899223213 ], [ 17.000699974317477, 52.460593664838179 ], [ 17.000355894862111, 52.460560323921904 ], [ 17.000032934431736, 52.460502874543039 ], [ 16.999819208861187, 52.460468678656227 ], [ 16.999539056109359, 52.460460881340012 ], [ 16.999308660621477, 52.460463099497424 ], [ 16.999220610617126, 52.460476000658353 ], [ 16.999152913237175, 52.460481690880606 ], [ 16.99909985840711, 52.460476206000827 ], [ 16.999054624986993, 52.460460599878985 ], [ 16.999043034094203, 52.46042721454657 ], [ 16.999068529995181, 52.460400752846027 ], [ 16.999102145577243, 52.460364085022434 ], [ 16.999108951303658, 52.460337396989573 ], [ 16.999062255836172, 52.460263122894666 ], [ 16.999028901031792, 52.460225861470683 ], [ 16.99900030018005, 52.460194167045493 ], [ 16.999005688773384, 52.460175999679677 ], [ 16.999021965632263, 52.460161254537795 ], [ 16.999404773507663, 52.460067804525643 ], [ 16.999518110423445, 52.460003793352556 ], [ 16.999583124440772, 52.459956593526876 ], [ 16.999601089196773, 52.459943585790207 ], [ 16.999650124389294, 52.459907808277002 ], [ 16.999664702844004, 52.459878553395406 ], [ 16.999652313980189, 52.459570466834634 ], [ 16.999668880313468, 52.459494115127271 ], [ 16.999720089811458, 52.459433100213438 ], [ 16.999802110641166, 52.459371257324115 ], [ 16.999869268390029, 52.459348198496187 ], [ 16.999999961648903, 52.459323515983478 ], [ 17.000457388967476, 52.459237081101691 ], [ 17.001457110344525, 52.459033620570473 ], [ 17.001548884523814, 52.45900018362439 ], [ 17.00162336528328, 52.458958449363777 ], [ 17.001662649964643, 52.458920077764297 ], [ 17.001759127986329, 52.458577943792335 ], [ 17.002430652630014, 52.458617892241513 ], [ 17.003376484876004, 52.458703483302187 ], [ 17.003948011261741, 52.458763500876714 ], [ 17.00417386795856, 52.458532650537926 ], [ 17.003767895705778, 52.45849098932576 ], [ 17.003812091751001, 52.458334244258069 ], [ 17.003859113153688, 52.458167113414504 ], [ 17.004279994893306, 52.458155779387582 ], [ 17.004243885696752, 52.458283519399195 ], [ 17.004705387149574, 52.458334480773829 ], [ 17.006640480749319, 52.458548174796846 ], [ 17.006665925680934, 52.458561825443134 ], [ 17.006683135471974, 52.458575247315643 ], [ 17.006703583817028, 52.458608241524665 ], [ 17.007417512715779, 52.45865157472943 ], [ 17.007480619981319, 52.458656145955302 ], [ 17.007558956522264, 52.4586136634762 ], [ 17.007599052591488, 52.458573504740961 ], [ 17.007597224893676, 52.458506376082276 ], [ 17.007622039167028, 52.458335092025138 ], [ 17.007627609564434, 52.458296510172062 ], [ 17.007631812151587, 52.458043659807366 ], [ 17.007744631046222, 52.458010302856032 ], [ 17.007774927985878, 52.458001279304042 ], [ 17.007832374430102, 52.457994242201913 ], [ 17.007839702377112, 52.457994995267505 ], [ 17.008566604824555, 52.457900746716177 ], [ 17.008575484332212, 52.457752939187259 ], [ 17.008626269858123, 52.457700997651678 ], [ 17.009036898168318, 52.457658983192246 ], [ 17.009187251869285, 52.458040266816255 ], [ 17.009214736039251, 52.458109896101114 ], [ 17.009231970236812, 52.458109736542013 ], [ 17.009487965863826, 52.458130505898723 ], [ 17.009670314443429, 52.458145358003328 ], [ 17.009724089728504, 52.457867168502013 ], [ 17.009604969637394, 52.457109997778169 ], [ 17.009583835598679, 52.456948553202423 ], [ 17.009557254087749, 52.456787106861093 ], [ 17.009532636881264, 52.456621286343136 ], [ 17.009505816525706, 52.456465142626456 ], [ 17.009443529001015, 52.456073649238625 ], [ 17.0094399574992, 52.456051642894074 ], [ 17.009437774401071, 52.456038024670335 ], [ 17.009553849199477, 52.456053110453254 ], [ 17.009672571246004, 52.455797330796777 ], [ 17.009884533383079, 52.455445891433023 ], [ 17.009987313284505, 52.455341128147175 ], [ 17.010142220372696, 52.455288419892014 ], [ 17.010213149924002, 52.455263080195756 ], [ 17.010924696371195, 52.455008639461134 ], [ 17.011657901635211, 52.454694836218223 ], [ 17.011851521722264, 52.454625867364221 ], [ 17.012143247593364, 52.454608016523771 ], [ 17.012318817211682, 52.45454099203193 ], [ 17.012808467648004, 52.454351976227954 ], [ 17.012968255136443, 52.454298626781913 ], [ 17.013135195947505, 52.454259698340287 ], [ 17.013264333426466, 52.454223282498255 ], [ 17.01342910631768, 52.454189983658019 ], [ 17.013684279445343, 52.454136976600424 ], [ 17.013896807930653, 52.454089368846475 ], [ 17.014013595251338, 52.454062368695702 ], [ 17.014356525785125, 52.453969819935224 ], [ 17.01475623711509, 52.453861943784162 ], [ 17.014810225692052, 52.453849808438065 ], [ 17.015129678455612, 52.453778359759482 ], [ 17.015524529070046, 52.453706466766363 ], [ 17.015900882571259, 52.45363336264014 ], [ 17.016294910980342, 52.453556776232197 ], [ 17.016870418887681, 52.453438620516884 ], [ 17.017026054299482, 52.45341523710696 ], [ 17.017070222691515, 52.453411930387013 ], [ 17.017100322501847, 52.45341045641689 ], [ 17.017132686705718, 52.453417565040816 ], [ 17.017955807913662, 52.453227554076314 ], [ 17.018477566001504, 52.453093109236569 ], [ 17.018612772562527, 52.453078735505116 ], [ 17.01880272834488, 52.452736805584045 ], [ 17.018955840365557, 52.452461265920519 ], [ 17.018941282184301, 52.452378903641915 ], [ 17.018763485268988, 52.452213936406615 ], [ 17.018717654583668, 52.452116569181022 ], [ 17.018061340400418, 52.451874235070726 ], [ 17.017592421891834, 52.451842089214573 ], [ 17.017485843727069, 52.451812419764565 ], [ 17.015738735386694, 52.451326109724441 ], [ 17.015336137012689, 52.451213938794794 ], [ 17.015159463735369, 52.450962189357313 ], [ 17.01510714163776, 52.450832601843459 ], [ 17.015114905646357, 52.450741799289105 ], [ 17.01511500669487, 52.450739552397586 ], [ 17.015156565283437, 52.450702563722402 ], [ 17.015227562224919, 52.450668947397546 ], [ 17.015444548413726, 52.450534886131997 ], [ 17.015469211561502, 52.450516771730307 ], [ 17.015800797746145, 52.450273103318729 ], [ 17.01596276041586, 52.450154577375763 ], [ 17.016067008868177, 52.450065663603866 ], [ 17.016168081682345, 52.44995241171079 ], [ 17.016759654236726, 52.450019540119108 ], [ 17.017270910329731, 52.450121386066257 ], [ 17.018231570845174, 52.450312611759529 ], [ 17.018906539217269, 52.450460277395173 ], [ 17.018932552638173, 52.45040548797094 ], [ 17.020524271729624, 52.450732647911757 ], [ 17.020609043505171, 52.450447597249166 ], [ 17.020409588277651, 52.450411068861797 ], [ 17.020444088087949, 52.450285185993238 ], [ 17.020198850402736, 52.45026506992221 ], [ 17.020214954036405, 52.450198151811563 ], [ 17.020740691653351, 52.450140151914617 ], [ 17.020486320194362, 52.449835905979853 ], [ 17.020217099278298, 52.449539891582944 ], [ 17.019955837376301, 52.449243739992433 ], [ 17.019767458571376, 52.448963739101515 ], [ 17.019588194184024, 52.448752967140983 ], [ 17.018957178279422, 52.448331713993454 ], [ 17.018376693231488, 52.44804100282871 ], [ 17.017479795099991, 52.447689758249211 ], [ 17.016905289333533, 52.447528478766678 ], [ 17.015160815632335, 52.447157690390732 ], [ 17.014846175385031, 52.44708719880736 ], [ 17.014183525505473, 52.44693872698209 ], [ 17.012875360281541, 52.446460913650327 ], [ 17.012517397770292, 52.446715283527674 ], [ 17.012394517213142, 52.446809367542059 ], [ 17.012315557988611, 52.446892407223359 ], [ 17.011777345855435, 52.447458726951794 ], [ 17.011657558619167, 52.447601701610324 ], [ 17.011537058539677, 52.447623240292899 ], [ 17.011497261171286, 52.447621131865397 ], [ 17.011427127643454, 52.447612756807303 ], [ 17.011362883301878, 52.44759782493508 ], [ 17.011311850406557, 52.44757717896907 ], [ 17.011213184302374, 52.447515976674026 ], [ 17.011087511641652, 52.447446494895523 ], [ 17.010978985312796, 52.447401586211349 ], [ 17.010877018695659, 52.447371178764968 ], [ 17.010707804634762, 52.447323899653682 ], [ 17.010520837682051, 52.447265528336821 ], [ 17.010469841756152, 52.447253876985563 ], [ 17.010252736993845, 52.447181596494637 ], [ 17.009751341310121, 52.446826244713883 ], [ 17.009203947038618, 52.446378013903328 ], [ 17.008880921238987, 52.446213104169239 ], [ 17.008409118408668, 52.445972293439276 ], [ 17.007909457979373, 52.445699800946223 ], [ 17.007709787013304, 52.445616566470278 ], [ 17.007553575909824, 52.445620589888321 ], [ 17.007457544415068, 52.445654499254438 ], [ 17.007323402096556, 52.445652238461818 ], [ 17.007218689097886, 52.445637161889159 ], [ 17.007022137808249, 52.445660921878094 ], [ 17.006939946090466, 52.445701270235411 ], [ 17.006812863798935, 52.445699127878207 ], [ 17.006714101329525, 52.445676146186031 ], [ 17.006575713132815, 52.445644041596204 ], [ 17.005953978980678, 52.44542506763095 ], [ 17.00571923458034, 52.445316773512538 ], [ 17.005613122306812, 52.445173052382067 ], [ 17.005516569278814, 52.445140303079476 ], [ 17.00544345587036, 52.445152381332036 ], [ 17.005446443944319, 52.445187239963161 ], [ 17.005442127846027, 52.445240413834526 ], [ 17.005353168733805, 52.445277408953416 ], [ 17.005155706840867, 52.445239898793673 ], [ 17.004802947742188, 52.445101549102453 ], [ 17.004680665512442, 52.445058381155825 ], [ 17.004563063419145, 52.445022397626289 ], [ 17.004537076730482, 52.445014403753206 ], [ 17.004437399596156, 52.444998690142597 ], [ 17.004211301479728, 52.445330903486052 ], [ 17.004763682459341, 52.445468756336219 ], [ 17.005298271363856, 52.445612782349698 ], [ 17.005143033237886, 52.445771162425608 ], [ 17.005065735822438, 52.4458171685826 ], [ 17.004605310700502, 52.445696429451942 ], [ 17.004456194616246, 52.445856081234204 ], [ 17.00438426056094, 52.445933208062897 ], [ 17.004295279664422, 52.445973889722538 ], [ 17.00419374437001, 52.445969927186425 ], [ 17.00405414886567, 52.445925476966949 ], [ 17.003862526507614, 52.445882486732842 ], [ 17.003754488283768, 52.446038603822849 ], [ 17.004447215054498, 52.446214265482695 ], [ 17.004891579357096, 52.446348495553565 ], [ 17.004673604631897, 52.446666995485671 ], [ 17.004421294921556, 52.446602025094343 ], [ 17.004151086842185, 52.446672477097636 ], [ 17.003982081196881, 52.446718463444221 ], [ 17.003863818671537, 52.446755592354272 ], [ 17.003287744464167, 52.446604293439073 ], [ 17.002519472813805, 52.446400005811903 ], [ 17.002462064484551, 52.446383745458057 ], [ 17.002448124989016, 52.446408784139358 ], [ 17.002322681004543, 52.446633862560525 ], [ 17.002489200299664, 52.446668875886012 ], [ 17.00234653199421, 52.44690373702106 ], [ 17.001502121625919, 52.446680707224338 ], [ 17.001415273299635, 52.446875766278986 ], [ 17.001402155143406, 52.446905405855901 ], [ 17.001481599294245, 52.446925906787605 ], [ 17.002094596227618, 52.447084224456731 ], [ 17.001922433101413, 52.447362479222093 ], [ 17.001773097709645, 52.447630686077744 ], [ 17.001913479754286, 52.447817173417008 ], [ 17.001997876908561, 52.448040490871655 ], [ 17.002017623528712, 52.448244906898061 ], [ 17.002016401738246, 52.448431249661247 ], [ 17.001996164712608, 52.448559617155304 ], [ 17.001985396614664, 52.448634897973392 ], [ 17.00189209537297, 52.448770845201295 ], [ 17.001807755517266, 52.448871416036496 ], [ 17.001754884903399, 52.448946704824877 ], [ 17.001597202107114, 52.449077246403817 ], [ 17.001844147469622, 52.449179638606175 ], [ 17.002084993412751, 52.449260700497788 ], [ 17.002955350456173, 52.449640216262317 ], [ 17.004164586441625, 52.450202455511835 ], [ 17.004798168734382, 52.450492783706608 ], [ 17.004636909659855, 52.450542949246483 ], [ 17.004330970648684, 52.450917977632329 ], [ 17.003871831107162, 52.451487035769034 ], [ 17.003230979767121, 52.452281300582108 ], [ 17.002993277765384, 52.452576078913417 ], [ 17.002042163722752, 52.453754732657195 ] ], [ [ 17.008559595730688, 52.446656601124531 ], [ 17.008655158282863, 52.446633116425055 ], [ 17.008761579552772, 52.446652807600159 ], [ 17.009642885603434, 52.447096498490779 ], [ 17.009992420700264, 52.447280920298198 ], [ 17.01000453469879, 52.447355057858942 ], [ 17.010025333558364, 52.44740307805327 ], [ 17.010280185589782, 52.447542552490276 ], [ 17.01081645241549, 52.447748282757111 ], [ 17.011365369290584, 52.447911859882176 ], [ 17.011320472778852, 52.447970647395422 ], [ 17.011203725767626, 52.448111424149168 ], [ 17.008325285848709, 52.446998397701343 ], [ 17.008190738488899, 52.44694630231001 ], [ 17.00841056817395, 52.44673297145777 ], [ 17.008559595730688, 52.446656601124531 ] ] ] ] } },
{ "type": "Feature", "properties": { "gml_id": "OT_ADJA_A.20", "lokalnyId": "322BD60C-5C60-598B-E053-CC2BA8C05138", "przestrzen": "PL.PZGiK.308.BDOT10k", "wersjaId": "2022-01-20T00:00:00", "czyObiektB": 0, "x_kod": "ADJA05", "x_skrKarto": null, "x_katDoklG": "Dok", "x_doklGeom": 1, "x_doklGe_1": "m", "x_zrodloDa": "PRG", "x_zrodlo_1": "PRG", "x_katIstni": null, "x_rodzajRe": "ZP", "x_aktualno": "2022-01-20", "x_aktual_1": "2022-01-20", "poczatekWe": "2022-01-20T00:00:00", "x_dataUtwo": "2012-11-13", "x_kodKarto": "0010_505", "x_kodKar_1": "0025_505", "x_kodKar_2": "0050_505", "x_kodKar_3": "0100_505", "x_kodKar_4": null, "x_kodKar_5": null, "x_kodKar_6": null, "nazwa": "Czerwonak", "idPRG": 1030210420, "idTerytJed": 3021, "idTerytTer": 3021042, "rodzaj": "GW", "PRG|BT_Ref": 1030210420, "PRG|BT_R_1": "PL.PZGiK.200", "x_informDo": null }, "geometry": { "type": "MultiPolygon", "coordinates": [ [ [ [ 16.990736277849361, 52.466682071191116 ], [ 16.990665254310308, 52.466695884975934 ], [ 16.990387405729532, 52.466749806731833 ], [ 16.990120528947877, 52.466837643190324 ], [ 16.98987236468944, 52.466922019506775 ], [ 16.9895809874434, 52.466978677553676 ], [ 16.989384037086026, 52.467008878014603 ], [ 16.989270402077619, 52.467030241266421 ], [ 16.989188406087905, 52.46704566647113 ], [ 16.989059961823827, 52.466797486369792 ], [ 16.988945575408387, 52.466815958331921 ], [ 16.988958533553543, 52.466887054312153 ], [ 16.988726717901351, 52.466897053023253 ], [ 16.988745910237355, 52.46703166534634 ], [ 16.988360196910332, 52.466980312519794 ], [ 16.988199302988793, 52.46694645487328 ], [ 16.988438349882138, 52.467372087451288 ], [ 16.988739713324605, 52.467331227910762 ], [ 16.989124578826537, 52.467218646260122 ], [ 16.989547364838657, 52.467163839577552 ], [ 16.990125734354915, 52.467204971576614 ], [ 16.990530641198081, 52.467232719759899 ], [ 16.990885984712001, 52.467149083758152 ], [ 16.990893797774124, 52.467126280874574 ], [ 16.99077607489993, 52.466742739797645 ], [ 16.990736277849361, 52.466682071191116 ] ] ] ] } }
]
}
