{
"type": "FeatureCollection",
"name": "rolne_1933",
"crs": { "type": "name", "properties": { "name": "urn:ogc:def:crs:OGC:1.3:CRS84" } },
"features": [
{ "type": "Feature", "properties": { "id": null, "area": 34.394 }, "geometry": { "type": "MultiPolygon", "coordinates": [ [ [ [ 16.986890462807079, 52.48212518166585 ], [ 16.987271323174191, 52.482131663817746 ], [ 16.98757624745285, 52.482131681386086 ], [ 16.987958758886297, 52.482101990426287 ], [ 16.988248406488434, 52.482065547381183 ], [ 16.98855757414492, 52.481972551492049 ], [ 16.988741437835497, 52.48184122499439 ], [ 16.98891919412981, 52.481658081526412 ], [ 16.989010428794057, 52.481514836925165 ], [ 16.988990695450767, 52.48139039057353 ], [ 16.988853417398097, 52.481243260301461 ], [ 16.988724839364092, 52.481091106528929 ], [ 16.988597440960682, 52.480913116245901 ], [ 16.988502246463717, 52.480771872534497 ], [ 16.988517782526291, 52.480616998224065 ], [ 16.988650861031321, 52.48048480812087 ], [ 16.988774532599788, 52.480373143039181 ], [ 16.988814508597986, 52.48028591100924 ], [ 16.988745345316897, 52.480290837702562 ], [ 16.986396270248601, 52.480379622175938 ], [ 16.986220159173413, 52.480371693197043 ], [ 16.98610361284733, 52.480373587132597 ], [ 16.985817326637438, 52.48040038594965 ], [ 16.985612556573937, 52.480433097400699 ], [ 16.985422351499867, 52.48051776947635 ], [ 16.985359094626169, 52.480604603826841 ], [ 16.985575125735068, 52.480696195511648 ], [ 16.985851109060643, 52.480773293957533 ], [ 16.986076785576056, 52.480839192541033 ], [ 16.986332539820541, 52.480988343387629 ], [ 16.986360964877992, 52.481107766943296 ], [ 16.986318142680854, 52.481303546722422 ], [ 16.986300946421608, 52.481494591518718 ], [ 16.986310792589684, 52.481649897743537 ], [ 16.986353548719801, 52.481826449435033 ], [ 16.986448030437881, 52.48198319660824 ], [ 16.986613053242365, 52.482079089166128 ], [ 16.986890462807079, 52.48212518166585 ] ] ] ] } },
{ "type": "Feature", "properties": { "id": null, "area": 3.711 }, "geometry": { "type": "MultiPolygon", "coordinates": [ [ [ [ 16.987853438293108, 52.446522830009101 ], [ 16.987825030776108, 52.446629842238359 ], [ 16.988159813948151, 52.446681891915986 ], [ 16.988509566586465, 52.446775397474624 ], [ 16.988743517467118, 52.446820579679539 ], [ 16.988765520878459, 52.446707648067061 ], [ 16.988763664006843, 52.446563408944527 ], [ 16.988817480720908, 52.44649222065209 ], [ 16.988806497942999, 52.446363277095273 ], [ 16.988752231412732, 52.446259348573712 ], [ 16.988396384759547, 52.446299647027992 ], [ 16.9883369596592, 52.446308936471866 ], [ 16.988247363441904, 52.446240458462412 ], [ 16.988201755181251, 52.446131526731826 ], [ 16.988170646157378, 52.446074344405275 ], [ 16.988000324683963, 52.446112648199573 ], [ 16.98795026030308, 52.44610149566541 ], [ 16.987961028262202, 52.446050176214101 ], [ 16.987798894368012, 52.446093769325785 ], [ 16.987803797780288, 52.446171106833155 ], [ 16.987887997807501, 52.446357949561168 ], [ 16.987850320643815, 52.446444862930619 ], [ 16.987853438293108, 52.446522830009101 ] ] ] ] } },
{ "type": "Feature", "properties": { "id": null, "area": 268.565 }, "geometry": { "type": "MultiPolygon", "coordinates": [ [ [ [ 17.074116625427724, 52.51195227876552 ], [ 17.078702596883197, 52.51325257825382 ], [ 17.079051501807584, 52.5133818473454 ], [ 17.079075122690366, 52.513654522532889 ], [ 17.079464888341239, 52.513624603776869 ], [ 17.079593692134882, 52.51358505156125 ], [ 17.079862385165086, 52.513542463104471 ], [ 17.081993578113448, 52.513081094020322 ], [ 17.083946590739298, 52.513081709999732 ], [ 17.083951286343748, 52.512472474916898 ], [ 17.084464532895861, 52.509988116765257 ], [ 17.081314073025624, 52.509452950444064 ], [ 17.080623221062318, 52.509389149039016 ], [ 17.080368905261164, 52.509202298827674 ], [ 17.080002152315064, 52.509079507034741 ], [ 17.080114694378473, 52.508664199810248 ], [ 17.079169977824606, 52.508542733749323 ], [ 17.078981608041513, 52.508838969122976 ], [ 17.078746901569506, 52.509282728768696 ], [ 17.078620290892047, 52.509253982536194 ], [ 17.075863235864819, 52.508684602033206 ], [ 17.074116625427724, 52.51195227876552 ] ] ] ] } },
{ "type": "Feature", "properties": { "id": null, "area": 4.75 }, "geometry": { "type": "MultiPolygon", "coordinates": [ [ [ [ 17.091717777741216, 52.492111459812904 ], [ 17.091817902934498, 52.49212949970849 ], [ 17.091978885081204, 52.49214030887714 ], [ 17.092339079671635, 52.492055783002499 ], [ 17.092533877571938, 52.491906996598821 ], [ 17.092630502866307, 52.491695034492928 ], [ 17.092615841112412, 52.491567507151757 ], [ 17.092553768212444, 52.491447427587275 ], [ 17.092463918548582, 52.491347430837671 ], [ 17.092336384964611, 52.491312553945718 ], [ 17.092304360077943, 52.491303795998846 ], [ 17.092177169852071, 52.491289426130258 ], [ 17.092048380965277, 52.491311985770153 ], [ 17.09190472618673, 52.491367154738107 ], [ 17.091783340920635, 52.491529442935537 ], [ 17.091709544048168, 52.491680180284312 ], [ 17.091669713748583, 52.491823253265892 ], [ 17.091661718226927, 52.492007901427634 ], [ 17.091717777741216, 52.492111459812904 ] ] ] ] } },
{ "type": "Feature", "properties": { "id": null, "area": 2.33 }, "geometry": { "type": "MultiPolygon", "coordinates": [ [ [ [ 17.103682710452237, 52.505518403036426 ], [ 17.104308612257846, 52.50548723325744 ], [ 17.104427576708979, 52.505468538988474 ], [ 17.104825291738752, 52.50524830521055 ], [ 17.104845432503769, 52.505236155083438 ], [ 17.104148453784909, 52.505215647796739 ], [ 17.103463762552522, 52.505155025429254 ], [ 17.103682710452237, 52.505518403036426 ] ] ] ] } },
{ "type": "Feature", "properties": { "id": null, "area": 12.625 }, "geometry": { "type": "MultiPolygon", "coordinates": [ [ [ [ 16.994801788435975, 52.486761897702401 ], [ 16.994902699550199, 52.486761555362541 ], [ 16.995024614094845, 52.48674309097958 ], [ 16.995413601351967, 52.486694250362071 ], [ 16.995847954442873, 52.486609221190768 ], [ 16.996764919846516, 52.486487197030939 ], [ 16.996788054586158, 52.486200153297688 ], [ 16.99658137865698, 52.486159696650525 ], [ 16.996556724721039, 52.485962180352004 ], [ 16.996564273788863, 52.485722094189335 ], [ 16.996502471750699, 52.485601966845927 ], [ 16.996087543847217, 52.485629840353667 ], [ 16.995817863644223, 52.48564374886422 ], [ 16.995599059507118, 52.4857221654391 ], [ 16.995416906175933, 52.485832533568939 ], [ 16.995388096988961, 52.485849989203608 ], [ 16.995161078432336, 52.486035027567603 ], [ 16.99481111745709, 52.486187184561999 ], [ 16.994533966007761, 52.486291300429286 ], [ 16.994488598844001, 52.48640139921833 ], [ 16.994603325573049, 52.486540903008262 ], [ 16.994801788435975, 52.486761897702401 ] ] ] ] } },
{ "type": "Feature", "properties": { "id": null, "area": 34.075 }, "geometry": { "type": "MultiPolygon", "coordinates": [ [ [ [ 16.994885351883049, 52.488103996172335 ], [ 16.995105104761148, 52.488152889831802 ], [ 16.995380122311669, 52.488169869971131 ], [ 16.995538823593179, 52.488230046731836 ], [ 16.9957617542618, 52.488357011229823 ], [ 16.995974414847645, 52.488413995518073 ], [ 16.996324862547503, 52.488399401699986 ], [ 16.996940234809394, 52.488179876449777 ], [ 16.996815503593439, 52.487964240508084 ], [ 16.996779464430247, 52.487869187034384 ], [ 16.9968177332027, 52.487767179641132 ], [ 16.997010405975178, 52.487671893365757 ], [ 16.997351506241969, 52.487566801380993 ], [ 16.996313599846072, 52.487019520361329 ], [ 16.995971557939484, 52.486849476484295 ], [ 16.995754427164513, 52.48689096572101 ], [ 16.995239323160035, 52.486976678981158 ], [ 16.994809538479732, 52.486961180926116 ], [ 16.994401411356041, 52.486913198767937 ], [ 16.994053775941747, 52.486866241148775 ], [ 16.993612978488393, 52.4867971710419 ], [ 16.993170127544751, 52.486773232907751 ], [ 16.992711218832188, 52.486806507736453 ], [ 16.992340432461646, 52.486824851753752 ], [ 16.99235013708639, 52.486907140983192 ], [ 16.99247073853541, 52.487065224601075 ], [ 16.992638763292842, 52.48721590051079 ], [ 16.992861867252184, 52.487338767307051 ], [ 16.993154240294661, 52.487417640550881 ], [ 16.993544445294219, 52.487563872325161 ], [ 16.993889657867562, 52.487664171213353 ], [ 16.994206866364316, 52.487788631514725 ], [ 16.994502605726556, 52.487941470481083 ], [ 16.994885351883049, 52.488103996172335 ] ] ] ] } },
{ "type": "Feature", "properties": { "id": null, "area": 23.498 }, "geometry": { "type": "MultiPolygon", "coordinates": [ [ [ [ 17.003603041717533, 52.489349462140304 ], [ 17.004184692604834, 52.489406913957161 ], [ 17.004537223503135, 52.489494986299128 ], [ 17.004786887749976, 52.489626490760202 ], [ 17.005046803955533, 52.489680149511777 ], [ 17.005240618235362, 52.489708055615594 ], [ 17.005401010048541, 52.489731291569392 ], [ 17.005642642561465, 52.489770137220148 ], [ 17.005639288044669, 52.489471367760103 ], [ 17.005802216361744, 52.489226904193238 ], [ 17.005967471162606, 52.488930977401026 ], [ 17.006010506315622, 52.488725694009084 ], [ 17.003876930534123, 52.487772965778824 ], [ 17.003608248610885, 52.488489462524839 ], [ 17.003491697732532, 52.488827410058576 ], [ 17.003430390926795, 52.48906328553025 ], [ 17.003423397024136, 52.489217674207026 ], [ 17.003603041717533, 52.489349462140304 ] ] ] ] } },
{ "type": "Feature", "properties": { "id": null, "area": 37.357 }, "geometry": { "type": "MultiPolygon", "coordinates": [ [ [ [ 16.976093668143829, 52.511038948292374 ], [ 16.976110808415118, 52.511377911859128 ], [ 16.976130969619703, 52.511487353861398 ], [ 16.976252831544695, 52.51146672994885 ], [ 16.976719990587526, 52.511317775779069 ], [ 16.976926323366197, 52.511246962191727 ], [ 16.977250810493025, 52.511145832285159 ], [ 16.977613083778355, 52.511032924301993 ], [ 16.97872320596014, 52.510837130380722 ], [ 16.97990099168058, 52.51054335856346 ], [ 16.980253285192646, 52.510482123362735 ], [ 16.980573368912747, 52.510426485763745 ], [ 16.981083744388265, 52.510337769174946 ], [ 16.981546236752568, 52.510270056480095 ], [ 16.982464892574441, 52.510135551689473 ], [ 16.982334659539319, 52.50996158631925 ], [ 16.982270888650003, 52.509580527362502 ], [ 16.982136621851694, 52.509556209904474 ], [ 16.981782889170013, 52.509594230343801 ], [ 16.981428843381661, 52.50963449976225 ], [ 16.981060158029411, 52.509708220199883 ], [ 16.980865964712894, 52.509653469635531 ], [ 16.980736502773901, 52.509616969084632 ], [ 16.980643431589687, 52.509603950136423 ], [ 16.980478004638197, 52.509511386447258 ], [ 16.979752063829643, 52.509399868535844 ], [ 16.97931168201486, 52.509359306151318 ], [ 16.978993264372775, 52.509414441967344 ], [ 16.978744719585638, 52.509520332294777 ], [ 16.978471317448793, 52.509774481855558 ], [ 16.977806505540833, 52.510297282493141 ], [ 16.977530818810628, 52.510600952375015 ], [ 16.977203291362624, 52.510854173724368 ], [ 16.976755060887054, 52.510984179574642 ], [ 16.976093668143829, 52.511038948292374 ] ] ] ] } },
{ "type": "Feature", "properties": { "id": null, "area": 235.046 }, "geometry": { "type": "MultiPolygon", "coordinates": [ [ [ [ 17.020285859929572, 52.545755341557111 ], [ 17.021440135807019, 52.546011553078444 ], [ 17.022996155282218, 52.545975755755222 ], [ 17.024491353156815, 52.546165529896619 ], [ 17.026079295296096, 52.546171426176549 ], [ 17.027373034913648, 52.545956090759475 ], [ 17.028334176726126, 52.545621896916323 ], [ 17.028533943942932, 52.545267984973293 ], [ 17.028619962375011, 52.544961039302208 ], [ 17.028587484754553, 52.54477877515135 ], [ 17.028319327747543, 52.544413614822616 ], [ 17.028379525104853, 52.544279702085333 ], [ 17.028617769666717, 52.544203823064436 ], [ 17.028719321155382, 52.544054078762528 ], [ 17.028834804138164, 52.543593434373015 ], [ 17.028914996822074, 52.543214803497996 ], [ 17.028906069014077, 52.543010904582665 ], [ 17.028838747120975, 52.542798500352099 ], [ 17.028208741308827, 52.542766617213097 ], [ 17.027283468646392, 52.542679094263583 ], [ 17.026275638080698, 52.54254898581496 ], [ 17.025630856306503, 52.54185840816789 ], [ 17.025616244306288, 52.541054738436465 ], [ 17.023310226447059, 52.540490924333191 ], [ 17.022359309402425, 52.542102489868334 ], [ 17.022127816634232, 52.542366429760783 ], [ 17.021582294127668, 52.542099802387185 ], [ 17.02076132779252, 52.54232298218087 ], [ 17.020218077954784, 52.542756809572587 ], [ 17.019700503232595, 52.542995357713458 ], [ 17.019501363559591, 52.543290734984765 ], [ 17.019538107434567, 52.543600360093656 ], [ 17.020196715452787, 52.543982192449626 ], [ 17.021618285184339, 52.544304676069153 ], [ 17.022863883659319, 52.544407895635239 ], [ 17.023706157680387, 52.544463165907388 ], [ 17.024625671000972, 52.544303412561625 ], [ 17.025091663842197, 52.544084582850076 ], [ 17.025548411899905, 52.544071603659972 ], [ 17.026442049815525, 52.544488222880673 ], [ 17.026856010300108, 52.544716877903625 ], [ 17.026891319352284, 52.544835862017557 ], [ 17.026777605676887, 52.544904177245641 ], [ 17.026353737272004, 52.544950264762228 ], [ 17.025358581840255, 52.544913063221834 ], [ 17.025066954796777, 52.545011200079315 ], [ 17.023580351269871, 52.545006982411898 ], [ 17.022692971325753, 52.544827353693492 ], [ 17.0221147966773, 52.544910394862917 ], [ 17.021610168954773, 52.544860758433117 ], [ 17.020961219646509, 52.545014713118924 ], [ 17.020030355934963, 52.545050644221526 ], [ 17.020285859929572, 52.545755341557111 ] ] ] ] } },
{ "type": "Feature", "properties": { "id": null, "area": 670.697 }, "geometry": { "type": "MultiPolygon", "coordinates": [ [ [ [ 17.037138861363495, 52.540833779976147 ], [ 17.037953683042552, 52.540252865987284 ], [ 17.038828046841505, 52.539510498053147 ], [ 17.039375553339305, 52.539207202034298 ], [ 17.039861909364401, 52.538849285205117 ], [ 17.040290357088463, 52.538602385189378 ], [ 17.041057865151394, 52.538237426787219 ], [ 17.041689597829929, 52.537860502881536 ], [ 17.042211282100286, 52.537417266612167 ], [ 17.043281084306763, 52.536648778544468 ], [ 17.043912536860404, 52.536028365441595 ], [ 17.044338864554241, 52.535768284426993 ], [ 17.044719401605608, 52.535536136764144 ], [ 17.045161527809686, 52.535298709425497 ], [ 17.045397934470213, 52.535189827408942 ], [ 17.045847296269944, 52.535121428040334 ], [ 17.046275058508929, 52.534901657830609 ], [ 17.047672928941022, 52.533923045954069 ], [ 17.048183760192103, 52.533555785563458 ], [ 17.048953568066221, 52.533002386280884 ], [ 17.049268285489227, 52.532753399105033 ], [ 17.049703631602892, 52.532371576414313 ], [ 17.050234417020228, 52.531806134362569 ], [ 17.050984305392596, 52.531015217000608 ], [ 17.051149771250049, 52.530793479128597 ], [ 17.051116227097459, 52.530785727116005 ], [ 17.049966275254899, 52.530818283017446 ], [ 17.048170423970273, 52.530562066812777 ], [ 17.043650135950561, 52.529663391379536 ], [ 17.042661716252752, 52.529482239906777 ], [ 17.042375723881065, 52.529456908022397 ], [ 17.042760787861283, 52.531811751443328 ], [ 17.042781605578103, 52.53286272834022 ], [ 17.042908332585586, 52.533431341871385 ], [ 17.042970752340491, 52.53392678944109 ], [ 17.043084725387438, 52.534402488882449 ], [ 17.043055487106361, 52.534680113860126 ], [ 17.042985682451011, 52.534730460995441 ], [ 17.042218867615102, 52.534501469932501 ], [ 17.041654148039441, 52.53428611895891 ], [ 17.040684345574679, 52.534064058569065 ], [ 17.037563276744756, 52.533600325642865 ], [ 17.037018115040745, 52.53370458674857 ], [ 17.036381668493558, 52.53396183547634 ], [ 17.035522574977687, 52.534287487017828 ], [ 17.034850515051939, 52.534585337670428 ], [ 17.034452187210384, 52.534805329094162 ], [ 17.034354458540182, 52.53510241525067 ], [ 17.034572834445292, 52.53550775535664 ], [ 17.0347460929794, 52.535788741789759 ], [ 17.034799818796088, 52.536098643845037 ], [ 17.034739985998055, 52.536303656680062 ], [ 17.034358981217913, 52.536513635215698 ], [ 17.033898173994963, 52.53661928338547 ], [ 17.033357107015807, 52.536630892970365 ], [ 17.033055429738198, 52.53695548932636 ], [ 17.031306621891407, 52.540552122892905 ], [ 17.031670176765143, 52.540733276052734 ], [ 17.033345869468793, 52.541039244974407 ], [ 17.034236898447588, 52.541136452163066 ], [ 17.034927653892691, 52.54117882553399 ], [ 17.035550885270776, 52.541220073960851 ], [ 17.036127149631152, 52.541178137138758 ], [ 17.036311466323628, 52.541212096758457 ], [ 17.036536825644028, 52.541399511235909 ], [ 17.037138861363495, 52.540833779976147 ] ] ] ] } },
{ "type": "Feature", "properties": { "id": null, "area": 13.861 }, "geometry": { "type": "MultiPolygon", "coordinates": [ [ [ [ 16.97112110202136, 52.513119681089854 ], [ 16.971302369561187, 52.513103515719692 ], [ 16.971298599356892, 52.512720037506568 ], [ 16.971142415904708, 52.512681564669187 ], [ 16.971029733867649, 52.51275190940229 ], [ 16.971077509359986, 52.512890399715978 ], [ 16.971031726598547, 52.513002504696878 ], [ 16.970830139377309, 52.513067882663549 ], [ 16.970639345661233, 52.513094897575535 ], [ 16.970538813400804, 52.51321983028906 ], [ 16.970401332393422, 52.513558895713793 ], [ 16.970359295867379, 52.513687585222826 ], [ 16.970328987277739, 52.514345132315363 ], [ 16.970332244021677, 52.514568215090769 ], [ 16.970366870574541, 52.51469821981388 ], [ 16.970425892330542, 52.514886464819696 ], [ 16.970501487105189, 52.515008912056238 ], [ 16.970632847244353, 52.515096521392792 ], [ 16.970822762147094, 52.515088765291253 ], [ 16.971019341904803, 52.515034315083923 ], [ 16.971217188823747, 52.514952352103499 ], [ 16.971335054988824, 52.514745113530012 ], [ 16.971392139765577, 52.514583640728198 ], [ 16.971395615418682, 52.51441023498856 ], [ 16.971404614639358, 52.514214896613119 ], [ 16.971385035168115, 52.51405210920386 ], [ 16.971388077146312, 52.513986079327736 ], [ 16.971186286189386, 52.513957838202629 ], [ 16.97121421179342, 52.513743550463026 ], [ 16.971190357946064, 52.513379690147588 ], [ 16.971157884803382, 52.513202914462184 ], [ 16.97112110202136, 52.513119681089854 ] ] ] ] } },
{ "type": "Feature", "properties": { "id": null, "area": 53.103 }, "geometry": { "type": "MultiPolygon", "coordinates": [ [ [ [ 17.049765673690572, 52.519634441250574 ], [ 17.049927557709218, 52.519444372808792 ], [ 17.050664286639805, 52.517892592361179 ], [ 17.047238765509665, 52.516971540750625 ], [ 17.045553730460494, 52.51649766841421 ], [ 17.045435664411436, 52.517327240227495 ], [ 17.049765673690572, 52.519634441250574 ] ] ] ] } },
{ "type": "Feature", "properties": { "id": null, "area": 41.48 }, "geometry": { "type": "MultiPolygon", "coordinates": [ [ [ [ 17.044044681458651, 52.514501305390766 ], [ 17.048576217669503, 52.515716038046186 ], [ 17.049111812835701, 52.514629024115877 ], [ 17.044497730947729, 52.513445987400509 ], [ 17.044044681458651, 52.514501305390766 ] ] ] ] } },
{ "type": "Feature", "properties": { "id": null, "area": 19.489 }, "geometry": { "type": "MultiPolygon", "coordinates": [ [ [ [ 17.082923095668786, 52.508127590747385 ], [ 17.084824751333844, 52.508395181356008 ], [ 17.086594496786127, 52.508583513430615 ], [ 17.086855101475802, 52.507778236927969 ], [ 17.086155241610165, 52.507684315869461 ], [ 17.085730892710174, 52.50768846368792 ], [ 17.085286592997551, 52.507736341038203 ], [ 17.084672375906376, 52.507748425410981 ], [ 17.084142676356411, 52.507684780915064 ], [ 17.083320636121645, 52.507495249629891 ], [ 17.082923095668786, 52.508127590747385 ] ] ] ] } },
{ "type": "Feature", "properties": { "id": null, "area": 1.937 }, "geometry": { "type": "MultiPolygon", "coordinates": [ [ [ [ 17.086653651041086, 52.507637310409756 ], [ 17.087262847958712, 52.507740776186409 ], [ 17.087371193988925, 52.507324015451964 ], [ 17.086779322331779, 52.507237350610964 ], [ 17.086653651041086, 52.507637310409756 ] ] ] ] } },
{ "type": "Feature", "properties": { "id": null, "area": 1.476 }, "geometry": { "type": "MultiPolygon", "coordinates": [ [ [ [ 17.087315401276712, 52.508193178730671 ], [ 17.087898507092937, 52.508274192363018 ], [ 17.088082282855595, 52.507990811968817 ], [ 17.087455282261953, 52.507881555889739 ], [ 17.087315401276712, 52.508193178730671 ] ] ] ] } },
{ "type": "Feature", "properties": { "id": null, "area": 2.421 }, "geometry": { "type": "MultiPolygon", "coordinates": [ [ [ [ 17.090855926113793, 52.509379248960329 ], [ 17.091437904885382, 52.509278504445987 ], [ 17.091206840349315, 52.508779170118338 ], [ 17.090577865218656, 52.508923208865454 ], [ 17.090855926113793, 52.509379248960329 ] ] ] ] } },
{ "type": "Feature", "properties": { "id": null, "area": 6.248 }, "geometry": { "type": "MultiPolygon", "coordinates": [ [ [ [ 17.093544134940682, 52.508783817917973 ], [ 17.094825491300462, 52.508997195553299 ], [ 17.095085923398695, 52.508401155115152 ], [ 17.093850628915828, 52.508166495402762 ], [ 17.093544134940682, 52.508783817917973 ] ] ] ] } },
{ "type": "Feature", "properties": { "id": null, "area": 23.646 }, "geometry": { "type": "MultiPolygon", "coordinates": [ [ [ [ 17.094365805250046, 52.510443569926913 ], [ 17.096013215124596, 52.510541681844664 ], [ 17.095838714219575, 52.51102897257968 ], [ 17.096599405821202, 52.511178881825373 ], [ 17.097117611156708, 52.510256580215092 ], [ 17.09629308645351, 52.510122167241981 ], [ 17.096741494580389, 52.509352932543365 ], [ 17.094956489541744, 52.509098426302515 ], [ 17.094365805250046, 52.510443569926913 ] ] ] ] } },
{ "type": "Feature", "properties": { "id": null, "area": 3.32 }, "geometry": { "type": "MultiPolygon", "coordinates": [ [ [ [ 17.094393404006432, 52.511683029587537 ], [ 17.095361548402447, 52.511836288037244 ], [ 17.095604405250295, 52.511438206077216 ], [ 17.094610163085125, 52.511262502307247 ], [ 17.094393404006432, 52.511683029587537 ] ] ] ] } },
{ "type": "Feature", "properties": { "id": null, "area": 18.966 }, "geometry": { "type": "MultiPolygon", "coordinates": [ [ [ [ 17.111478855775449, 52.511896419653965 ], [ 17.113593085739733, 52.512266059215534 ], [ 17.11410900040649, 52.511178447509067 ], [ 17.111922427553537, 52.510813169013069 ], [ 17.111478855775449, 52.511896419653965 ] ] ] ] } },
{ "type": "Feature", "properties": { "id": null, "area": 1.009 }, "geometry": { "type": "MultiPolygon", "coordinates": [ [ [ [ 16.961556619941589, 52.558576921001695 ], [ 16.9622740616574, 52.558544869146822 ], [ 16.96227848668109, 52.558302998869692 ], [ 16.96183869276296, 52.558339479298382 ], [ 16.961556619941589, 52.558576921001695 ] ] ] ] } },
{ "type": "Feature", "properties": { "id": null, "area": 46712.46 }, "geometry": { "type": "MultiPolygon", "coordinates": [ [ [ [ 17.073820636855906, 52.492104698629092 ], [ 17.073722233086574, 52.491585718714276 ], [ 17.073872812338273, 52.491526578272008 ], [ 17.074228014831846, 52.491556998839492 ], [ 17.074489823547271, 52.491569473367512 ], [ 17.074642732117095, 52.491456989662218 ], [ 17.074912336127561, 52.491136990393301 ], [ 17.075148954577333, 52.490956063519931 ], [ 17.075568946369195, 52.490581023597727 ], [ 17.075855931986979, 52.490478932005821 ], [ 17.076200728251472, 52.490439372535889 ], [ 17.076416550996477, 52.49042645788213 ], [ 17.076642677030463, 52.490331586988205 ], [ 17.076803909297873, 52.490182280357125 ], [ 17.07695895555495, 52.490020554430103 ], [ 17.077205602364504, 52.489917803762609 ], [ 17.077462291251017, 52.489893233021519 ], [ 17.077865790026365, 52.489895684543946 ], [ 17.078173212758479, 52.489941741561772 ], [ 17.078522578239895, 52.489951523619197 ], [ 17.078867010459131, 52.489920162836214 ], [ 17.079138394349272, 52.489867083959737 ], [ 17.079303835079987, 52.489775328672486 ], [ 17.079432519339644, 52.489600852982846 ], [ 17.079550082967454, 52.489372816414239 ], [ 17.079848778886937, 52.489155932651663 ], [ 17.08008340036934, 52.489020131484068 ], [ 17.080317484262316, 52.488896639636501 ], [ 17.080564831829843, 52.488777468739407 ], [ 17.080790940586258, 52.48868258972319 ], [ 17.080946793142758, 52.488656375279625 ], [ 17.081093244083846, 52.488691600620918 ], [ 17.081176876527294, 52.488779186897808 ], [ 17.081179668417498, 52.488869567872491 ], [ 17.081023391112566, 52.489060022432071 ], [ 17.080869435097135, 52.489197134275926 ], [ 17.080551471527528, 52.48939317707859 ], [ 17.080288531867961, 52.48956136891276 ], [ 17.080108577591229, 52.48967752699258 ], [ 17.080058485127335, 52.489746518758551 ], [ 17.080132893110218, 52.489891442374095 ], [ 17.080407354017478, 52.490076568236816 ], [ 17.08061781310597, 52.490186743895876 ], [ 17.080749395242815, 52.490254577679885 ], [ 17.080895672627683, 52.490293906573719 ], [ 17.081105664686731, 52.490260357939789 ], [ 17.081378119866176, 52.490182654309677 ], [ 17.081581210391196, 52.490153099055568 ], [ 17.081910769548038, 52.490154337513871 ], [ 17.082191488878269, 52.490195844847378 ], [ 17.082546151503841, 52.490238550207351 ], [ 17.082756320613285, 52.490200895355969 ], [ 17.08301074811785, 52.490073621787559 ], [ 17.083104023990611, 52.48993962999365 ], [ 17.083150780625022, 52.489792565764418 ], [ 17.083178798621621, 52.48961234852343 ], [ 17.083185936720124, 52.489448217569823 ], [ 17.083159108216798, 52.489291748497088 ], [ 17.083099027292906, 52.489126528190347 ], [ 17.082994035270847, 52.48891130598021 ], [ 17.082980651415742, 52.488755054746278 ], [ 17.083008312413497, 52.488583044064093 ], [ 17.083138801126193, 52.488511569069743 ], [ 17.081973641012059, 52.487498013700474 ], [ 17.081613286659326, 52.487660004963374 ], [ 17.079980592830264, 52.486537165831891 ], [ 17.080308028242552, 52.486403593602041 ], [ 17.079359035748695, 52.485794481180534 ], [ 17.071513951287386, 52.480972830942299 ], [ 17.070257215097051, 52.482036317625258 ], [ 17.069155291600755, 52.482590996447236 ], [ 17.068604886490711, 52.482907511038178 ], [ 17.067400051848225, 52.483516797067779 ], [ 17.065038709361556, 52.484192601677812 ], [ 17.063599241312605, 52.484560472817677 ], [ 17.061137881238949, 52.485343752748442 ], [ 17.060900492227606, 52.485106910231195 ], [ 17.060597477140501, 52.484710872359422 ], [ 17.06041241033936, 52.484302916796835 ], [ 17.060200809973924, 52.483604101574926 ], [ 17.060002584634052, 52.483436264885924 ], [ 17.059991998618681, 52.48343023928642 ], [ 17.059432856913659, 52.482963885537238 ], [ 17.058835398080234, 52.482510484984552 ], [ 17.058289049804742, 52.482057560632924 ], [ 17.057525036369462, 52.481599979661809 ], [ 17.056711206968412, 52.481079784596645 ], [ 17.055348660145967, 52.480308977133937 ], [ 17.054323983806217, 52.479630686876213 ], [ 17.05366502490708, 52.479080998330232 ], [ 17.053322983145087, 52.478747168356094 ], [ 17.053220858166576, 52.478461178769209 ], [ 17.053131837088671, 52.478011889102667 ], [ 17.053127762077857, 52.477710514239561 ], [ 17.053179966038794, 52.477288823131062 ], [ 17.053240978627723, 52.476567498172152 ], [ 17.053202071468334, 52.476314388733499 ], [ 17.053114690063087, 52.476051576977696 ], [ 17.052753251896512, 52.475460562463091 ], [ 17.052629059719447, 52.475257482731578 ], [ 17.052554498813581, 52.475094717948039 ], [ 17.052374563607692, 52.474503080052592 ], [ 17.05226152407122, 52.474277800795811 ], [ 17.051965348080998, 52.473813675204234 ], [ 17.05164548032559, 52.473329191201657 ], [ 17.051340814805851, 52.472844147261299 ], [ 17.051212257229942, 52.472533615311541 ], [ 17.051070658368317, 52.47228492875864 ], [ 17.05080022230635, 52.471858820185361 ], [ 17.050630460264163, 52.471447681977139 ], [ 17.050485265514045, 52.471000611600552 ], [ 17.050391914119526, 52.470783479888624 ], [ 17.050268139417003, 52.470581586491321 ], [ 17.049848085045593, 52.470085551586614 ], [ 17.049603018653748, 52.469747871423927 ], [ 17.049369577189228, 52.469426204204922 ], [ 17.04915398541398, 52.469042819481388 ], [ 17.049122808870202, 52.469005158797366 ], [ 17.048926811132535, 52.468668327446757 ], [ 17.048630698752127, 52.467918085568627 ], [ 17.048305949359566, 52.466863363392676 ], [ 17.048110901264419, 52.466382277823897 ], [ 17.048025214675977, 52.465789399279608 ], [ 17.048009914311105, 52.465712515408441 ], [ 17.047851766119447, 52.465302913343976 ], [ 17.047638556143184, 52.464520398233553 ], [ 17.047435667162301, 52.464323311381328 ], [ 17.047136998264691, 52.464034519680006 ], [ 17.046896679885595, 52.463754965690406 ], [ 17.046762419716806, 52.463564849948483 ], [ 17.046618531425054, 52.463202439151537 ], [ 17.046546789941846, 52.463103306208772 ], [ 17.046437778979186, 52.462937989130417 ], [ 17.046188670221468, 52.462651002986192 ], [ 17.045928382390723, 52.462347192108247 ], [ 17.045621952030078, 52.462014735695362 ], [ 17.045168178100294, 52.461398681066292 ], [ 17.044865590673162, 52.460873448376653 ], [ 17.044831410515599, 52.460814060533679 ], [ 17.0447223269022, 52.460550972524018 ], [ 17.044661680403973, 52.4604043520226 ], [ 17.044538103363372, 52.460199217257198 ], [ 17.044286101634228, 52.459931606640623 ], [ 17.043465390638676, 52.459379721063264 ], [ 17.043404614665718, 52.459352362136457 ], [ 17.042157040809641, 52.458519166990044 ], [ 17.041811223897973, 52.458318983803849 ], [ 17.041424368560172, 52.458091406753425 ], [ 17.040892280170389, 52.457735861727116 ], [ 17.040518023903488, 52.457436985625797 ], [ 17.039660053272062, 52.456748191545152 ], [ 17.039483088099509, 52.456622035500338 ], [ 17.039415725495854, 52.456574058233471 ], [ 17.038576287577428, 52.455975866146566 ], [ 17.038458094035985, 52.455888999176011 ], [ 17.038092614311747, 52.455714652036313 ], [ 17.037901215998083, 52.455641770229455 ], [ 17.037331697561022, 52.455420682134587 ], [ 17.036975556247178, 52.455288130155637 ], [ 17.036673254070649, 52.455176528385103 ], [ 17.035964225302298, 52.454914621363962 ], [ 17.035613559146942, 52.454782205161095 ], [ 17.03543254201292, 52.454713849970886 ], [ 17.035319665145487, 52.454716111865274 ], [ 17.035270771554462, 52.45465359842391 ], [ 17.034958723342534, 52.454546147527971 ], [ 17.034042415560123, 52.454357055703234 ], [ 17.032890165856209, 52.454137048735532 ], [ 17.032586957159193, 52.454079207338083 ], [ 17.031192733227432, 52.453887806625751 ], [ 17.030746709429945, 52.453770828193569 ], [ 17.029149869661349, 52.453287220681396 ], [ 17.028810136703409, 52.453190354925155 ], [ 17.028232664562939, 52.453023775305823 ], [ 17.027163826940249, 52.452799976222877 ], [ 17.024690766006547, 52.452386411293027 ], [ 17.024171333609168, 52.45227222884747 ], [ 17.023445428496473, 52.451998630901834 ], [ 17.022177590744406, 52.451374269458839 ], [ 17.021774088124154, 52.45115381357887 ], [ 17.021682213757437, 52.451097241217425 ], [ 17.021376566098102, 52.450905124189724 ], [ 17.021297838196428, 52.450828883819227 ], [ 17.02104771345315, 52.4505860777533 ], [ 17.0207755827063, 52.450190628512097 ], [ 17.020740745802872, 52.450140216680722 ], [ 17.020657081291041, 52.450040148628887 ], [ 17.018742422939951, 52.450273030513337 ], [ 17.017917873577638, 52.450238609800202 ], [ 17.017304136464208, 52.450202568391084 ], [ 17.016735291328462, 52.450105473881592 ], [ 17.016335374211216, 52.450000910400583 ], [ 17.01599511486285, 52.449881895900702 ], [ 17.014963600920503, 52.450513513308636 ], [ 17.015673676804656, 52.450627954602695 ], [ 17.01628014719903, 52.450897972146805 ], [ 17.016306219288239, 52.450909580025687 ], [ 17.017040982611224, 52.451160066550464 ], [ 17.017685867586845, 52.451466528833208 ], [ 17.018019534131561, 52.451669221534338 ], [ 17.018241980197629, 52.451804349491859 ], [ 17.018437932162065, 52.451930820542877 ], [ 17.018733520025418, 52.452083598241963 ], [ 17.019157819446232, 52.452213894190351 ], [ 17.019613676300196, 52.452389885675295 ], [ 17.019839812925742, 52.452442947798147 ], [ 17.020382154062982, 52.45278873996098 ], [ 17.020607280450946, 52.4530142452384 ], [ 17.020575721731717, 52.453268303027095 ], [ 17.020451423763937, 52.453492064614736 ], [ 17.020278822226711, 52.453743760911983 ], [ 17.019995723536148, 52.453911482115899 ], [ 17.019694867389081, 52.454025524290202 ], [ 17.019613719368039, 52.454036483860733 ], [ 17.019529537806733, 52.453965268012112 ], [ 17.019581523493695, 52.453855270593884 ], [ 17.01971051783417, 52.453676757057139 ], [ 17.019846411445425, 52.453494252696572 ], [ 17.019892415963191, 52.453367730064777 ], [ 17.019879079168721, 52.453215576286183 ], [ 17.019811276770618, 52.45307893527059 ], [ 17.019670333749691, 52.452924644317747 ], [ 17.019482010658489, 52.452777772026629 ], [ 17.01928513119098, 52.452671818374796 ], [ 17.019100395633888, 52.452594811441806 ], [ 17.018934209352754, 52.452573251648992 ], [ 17.018968473191272, 52.452748933896189 ], [ 17.018975849052854, 52.452960217315777 ], [ 17.018902452718983, 52.45309289381489 ], [ 17.018552457972156, 52.453190033913366 ], [ 17.018010332732647, 52.453247900853107 ], [ 17.015674361066388, 52.453641341153187 ], [ 17.014773100861849, 52.453811621229008 ], [ 17.014153064402937, 52.453914514595851 ], [ 17.012411648007973, 52.454395128612717 ], [ 17.012136053930458, 52.454524401959929 ], [ 17.011956928206139, 52.454595113791221 ], [ 17.01079709148561, 52.455052959804433 ], [ 17.010437318719713, 52.455366221860565 ], [ 17.010166424009849, 52.455577973670302 ], [ 17.009917317929911, 52.455867345264551 ], [ 17.009717061417927, 52.45600818150271 ], [ 17.009510700779799, 52.456097412199497 ], [ 17.009648148617661, 52.456975267516945 ], [ 17.00974141762735, 52.457337354543263 ], [ 17.009815217380158, 52.457570357683906 ], [ 17.009753459987227, 52.45763112113692 ], [ 17.00938045753615, 52.457676344689624 ], [ 17.008963705921381, 52.457756882119497 ], [ 17.008461313173502, 52.457866877160555 ], [ 17.007907905556539, 52.45798631111672 ], [ 17.007339737436837, 52.45805914154711 ], [ 17.005707271666623, 52.458175826612198 ], [ 17.004633385663531, 52.458245263829582 ], [ 17.002863870042003, 52.458269467562587 ], [ 17.002478982465739, 52.457459527279987 ], [ 17.001563543601552, 52.457567664879079 ], [ 17.001146048291069, 52.45747820399216 ], [ 17.000792686094357, 52.457461929491615 ], [ 17.000485673350052, 52.457539142246084 ], [ 17.000211891117146, 52.457627216729712 ], [ 16.999302124573941, 52.45733113800722 ], [ 16.999321282713861, 52.457094550555219 ], [ 17.000608718485672, 52.456730541722969 ], [ 17.001510215497156, 52.456418257626076 ], [ 17.001447249807015, 52.456319338602832 ], [ 17.00140253143385, 52.456189826463692 ], [ 17.001675137084966, 52.45612748065313 ], [ 17.001982137942083, 52.456050264673756 ], [ 17.001590924410849, 52.455008452739648 ], [ 17.001587360629365, 52.454714828119457 ], [ 17.003324805024953, 52.452648028001974 ], [ 17.005192860074359, 52.45050220579369 ], [ 17.007105383896008, 52.448267143189511 ], [ 17.007222082495517, 52.448109452323145 ], [ 17.007168932082834, 52.447979800146285 ], [ 17.007004195788681, 52.447894619315008 ], [ 17.006865425303353, 52.447794425216799 ], [ 17.006810649586306, 52.447700797239975 ], [ 17.006220381998922, 52.446959508736363 ], [ 17.005950861725577, 52.446954963404821 ], [ 17.004576412848202, 52.447153235419449 ], [ 17.004490791549831, 52.447182691870687 ], [ 17.004103800443499, 52.449962447686474 ], [ 17.002081150264427, 52.449021841278281 ], [ 17.002311017177426, 52.448412844836717 ], [ 17.002422105283451, 52.44819326071439 ], [ 17.002430256849376, 52.448013139444704 ], [ 17.002382011683949, 52.447775412489861 ], [ 17.002323248221657, 52.447583860100643 ], [ 17.002326741856507, 52.447506665268229 ], [ 17.003073750939247, 52.447390528139927 ], [ 17.003286368566634, 52.447162357490157 ], [ 17.003382233011905, 52.446906463578237 ], [ 17.003567717277853, 52.446719036273166 ], [ 17.00390926968841, 52.44662179805426 ], [ 17.004279391479432, 52.446638346754135 ], [ 17.004633133956922, 52.44664431734985 ], [ 17.005023357379422, 52.446589099383289 ], [ 17.005297526356131, 52.446490720159332 ], [ 17.005616363785744, 52.446336440995523 ], [ 17.005945999345141, 52.44631624974722 ], [ 17.006290155029355, 52.44634780498582 ], [ 17.006609973627906, 52.446358347873804 ], [ 17.006770222620428, 52.446366938829883 ], [ 17.006776284358654, 52.446289932388147 ], [ 17.006505969461951, 52.446174506397767 ], [ 17.006484668241495, 52.44605096000889 ], [ 17.006588728991389, 52.445978802226712 ], [ 17.00652602581771, 52.445879195225949 ], [ 17.006388160842857, 52.445807064510369 ], [ 17.006352503598695, 52.445703807218742 ], [ 17.006635414501719, 52.445540221572422 ], [ 17.006915729743252, 52.445434078876175 ], [ 17.007523964013814, 52.445358099712351 ], [ 17.007989701612178, 52.445312566560517 ], [ 17.008467942597655, 52.445287773395357 ], [ 17.008939653237224, 52.445258762083576 ], [ 17.00929030967237, 52.445231816923581 ], [ 17.009444752901693, 52.44523441728694 ], [ 17.009508386893216, 52.445313507183769 ], [ 17.009364782876261, 52.445368576758739 ], [ 17.009285348464893, 52.445383932172945 ], [ 17.009032604707514, 52.445432789475305 ], [ 17.008799484281404, 52.44553562577228 ], [ 17.008642500247877, 52.445738293765174 ], [ 17.008671077690973, 52.445849643563847 ], [ 17.008881516351149, 52.44595173750227 ], [ 17.009194717215252, 52.446010392817698 ], [ 17.009434423427372, 52.446059597462273 ], [ 17.009662420006503, 52.446219472939589 ], [ 17.009810577012956, 52.446361579088226 ], [ 17.009984300601058, 52.446532859039102 ], [ 17.010181315297075, 52.446634724661941 ], [ 17.010439691990044, 52.446717091356327 ], [ 17.010622168709926, 52.446843349013562 ], [ 17.01070859973267, 52.447013159025637 ], [ 17.010866621248809, 52.447085623729421 ], [ 17.011107074730134, 52.447118412543304 ], [ 17.011335207270815, 52.4471263562044 ], [ 17.011644230760918, 52.446979622826895 ], [ 17.011857761292045, 52.446864132806837 ], [ 17.012096673106313, 52.446781919056797 ], [ 17.012388566285608, 52.446717020468519 ], [ 17.012569321432768, 52.446732377752674 ], [ 17.012760063516911, 52.446961510678832 ], [ 17.013136593159359, 52.446556299818909 ], [ 17.012823082468181, 52.446441776447031 ], [ 17.010889438665441, 52.445658231381877 ], [ 17.010115861835267, 52.44531979799401 ], [ 17.009274664258296, 52.445051456264729 ], [ 17.008911319552595, 52.444935426592835 ], [ 17.008434139354808, 52.444748851252101 ], [ 17.006840556245006, 52.443948030917248 ], [ 17.006638127215986, 52.443844600648518 ], [ 17.006577896000753, 52.443796364657395 ], [ 17.006006096483237, 52.443339252140966 ], [ 17.005688738006018, 52.443085474586596 ], [ 17.006000280987266, 52.442947978134463 ], [ 17.005675040111775, 52.442812365738703 ], [ 17.005039635576541, 52.442300683845566 ], [ 17.003306224039893, 52.440809597870448 ], [ 17.001426966322768, 52.441652474710544 ], [ 16.999504592505087, 52.440182774733721 ], [ 16.999187662240672, 52.43995912258395 ], [ 16.998912532050152, 52.439654709733972 ], [ 16.998636783613239, 52.439372984223077 ], [ 16.998358847566028, 52.439375000761743 ], [ 16.996855514554873, 52.439357003400197 ], [ 16.996127396829699, 52.439341515987856 ], [ 16.995412086862558, 52.43933244738767 ], [ 16.99469952850685, 52.439376218229732 ], [ 16.993994971685989, 52.439425247361129 ], [ 16.99396055201786, 52.439291995972653 ], [ 16.993801911678798, 52.439307832453125 ], [ 16.993750014687812, 52.43931306795389 ], [ 16.992525395102213, 52.439435200601068 ], [ 16.992282445083806, 52.439463454770987 ], [ 16.991688864348482, 52.439528475992354 ], [ 16.991079088372356, 52.439596816803245 ], [ 16.989631717763768, 52.439755698960298 ], [ 16.989358682513007, 52.43979023157695 ], [ 16.989708010698401, 52.439885197204617 ], [ 16.990161949962133, 52.439950402818994 ], [ 16.990299209595513, 52.44003486131286 ], [ 16.990410351455406, 52.440250275841265 ], [ 16.990710041895984, 52.440604401314097 ], [ 16.991007870058297, 52.440999556868221 ], [ 16.991359230929035, 52.441399727401503 ], [ 16.992259677464897, 52.441989897993899 ], [ 16.992638849684873, 52.44222218049218 ], [ 16.992968786489801, 52.442502900935295 ], [ 16.993151008812575, 52.442781113102363 ], [ 16.993342185921357, 52.443010201937049 ], [ 16.993478342167244, 52.443119275369774 ], [ 16.993723237209771, 52.443201450205535 ], [ 16.994065868678824, 52.443350982855293 ], [ 16.994365228455475, 52.443417655421655 ], [ 16.994949397571499, 52.443427563997979 ], [ 16.995534684821532, 52.443412851144814 ], [ 16.996072597133779, 52.443405544905033 ], [ 16.996798517923139, 52.443401421927867 ], [ 16.997500758701769, 52.443474912124827 ], [ 16.998592431970785, 52.443407166369376 ], [ 16.999080366352956, 52.443464700334651 ], [ 16.999568673908701, 52.443514026096331 ], [ 17.000002336136667, 52.443582956666766 ], [ 17.00124385491484, 52.443916027031612 ], [ 17.001265062542149, 52.444634978495195 ], [ 17.001352292069807, 52.444674949186286 ], [ 17.001497881634958, 52.444724632097966 ], [ 17.001751094414555, 52.444772027632553 ], [ 17.002140197676418, 52.444860728333467 ], [ 17.002500385332322, 52.444920195501204 ], [ 17.00296819733688, 52.444977373276501 ], [ 17.003077414826059, 52.445014121115058 ], [ 17.002877006012479, 52.445062064028036 ], [ 17.002123176667851, 52.445088337267308 ], [ 17.000631509999085, 52.444861915100915 ], [ 17.000441928088915, 52.444794093570835 ], [ 16.999764637753206, 52.444674481363933 ], [ 16.999752951126524, 52.444746387308314 ], [ 16.999199894683084, 52.444675225991716 ], [ 16.999470720508203, 52.444092679025019 ], [ 16.998789648210561, 52.443948423175556 ], [ 16.998690044004899, 52.443922099673657 ], [ 16.998626245476959, 52.443847107249333 ], [ 16.998413980591398, 52.443786026340021 ], [ 16.998119465979705, 52.443760508611135 ], [ 16.997982065601896, 52.443777266877213 ], [ 16.997882964483196, 52.443789353802927 ], [ 16.997578199421721, 52.44384167984812 ], [ 16.997073296692864, 52.443861870951061 ], [ 16.996563540958824, 52.443840915176843 ], [ 16.99570928934812, 52.443859286252696 ], [ 16.99447379298967, 52.443838334600784 ], [ 16.99399947672898, 52.443776906418215 ], [ 16.993646398090764, 52.443709321326757 ], [ 16.993397742401594, 52.443546012092796 ], [ 16.993254897805972, 52.443452195480383 ], [ 16.992979974309247, 52.443143666100852 ], [ 16.992233743662219, 52.442412401570465 ], [ 16.991857558116287, 52.442114468463586 ], [ 16.991527439182519, 52.441985673100255 ], [ 16.991312025938164, 52.441846506990125 ], [ 16.991078898231574, 52.44165365817026 ], [ 16.990455260125607, 52.440887508656772 ], [ 16.990212074799057, 52.440620574496307 ], [ 16.989977090333188, 52.440468754373583 ], [ 16.989698646966051, 52.440386001126399 ], [ 16.989432511770506, 52.440328094067219 ], [ 16.989157420758335, 52.440319309141657 ], [ 16.988848572520823, 52.440314055574461 ], [ 16.9885466253948, 52.440304812359663 ], [ 16.988080004781342, 52.440222959716117 ], [ 16.987812376828384, 52.440197873633032 ], [ 16.987085124491806, 52.440072494024264 ], [ 16.986750011288684, 52.440099985875413 ], [ 16.985282639290528, 52.440202978865798 ], [ 16.984967104320926, 52.440229480978637 ], [ 16.984862448293406, 52.440238270954602 ], [ 16.984661981578956, 52.440254551532732 ], [ 16.984333462902121, 52.440280611153796 ], [ 16.98382201023103, 52.440303190463574 ], [ 16.983708029305795, 52.440323912484324 ], [ 16.982762813247351, 52.44050519230737 ], [ 16.98256061066591, 52.440543970882594 ], [ 16.98263369552792, 52.440774173854763 ], [ 16.982686061323982, 52.440951636568315 ], [ 16.982793043743314, 52.441257325199274 ], [ 16.982913456102455, 52.441563242845376 ], [ 16.983046906860448, 52.441951507953803 ], [ 16.983186418217155, 52.442354248164783 ], [ 16.983300854860563, 52.442717550996136 ], [ 16.983370728432529, 52.44302671221218 ], [ 16.98360809004981, 52.442994008086259 ], [ 16.984267797645312, 52.442943454534905 ], [ 16.984597940233055, 52.443834930252685 ], [ 16.983935869404, 52.443936948182618 ], [ 16.983659720010941, 52.443945283527945 ], [ 16.983559884443864, 52.443740321084881 ], [ 16.983243361542115, 52.443755453420742 ], [ 16.982998862599018, 52.443782736979614 ], [ 16.982762726899367, 52.443803345704339 ], [ 16.982637962069553, 52.443739622979201 ], [ 16.982615041252107, 52.443653000455527 ], [ 16.982607049647083, 52.443533782613621 ], [ 16.982650899411816, 52.443456511951958 ], [ 16.982493313090099, 52.443375803977851 ], [ 16.982347656194928, 52.443328149442237 ], [ 16.982448597528268, 52.443177940520236 ], [ 16.982520430187794, 52.443076509885906 ], [ 16.982455946427944, 52.44287009656518 ], [ 16.982293372261569, 52.442604521548553 ], [ 16.982130612477125, 52.442343049374806 ], [ 16.981957614292149, 52.442011595783654 ], [ 16.981875429966426, 52.441751498569907 ], [ 16.981806112367053, 52.441503939708518 ], [ 16.981631431569731, 52.441209413173354 ], [ 16.981599399836178, 52.441028190872011 ], [ 16.98154627000245, 52.440722970479058 ], [ 16.981071918905126, 52.440805816882119 ], [ 16.980863072476161, 52.440841106038519 ], [ 16.979557687443634, 52.441053918133946 ], [ 16.978833085906345, 52.441134714592692 ], [ 16.978254150925981, 52.441200368709332 ], [ 16.978197385651196, 52.441443596348968 ], [ 16.978059887484012, 52.441431350988253 ], [ 16.977411520451451, 52.441373801528883 ], [ 16.977450570954126, 52.442119358312738 ], [ 16.977546742586394, 52.443100346950509 ], [ 16.977481695762648, 52.443493435275748 ], [ 16.977479951323403, 52.443678187182222 ], [ 16.977268578579938, 52.444331572752638 ], [ 16.97714207309949, 52.445479161257666 ], [ 16.976965169031658, 52.446358534151749 ], [ 16.976773333455245, 52.446926467653029 ], [ 16.976574027098021, 52.447169432396691 ], [ 16.976387960652165, 52.447416729683169 ], [ 16.976273558466392, 52.447566703138833 ], [ 16.976279840337213, 52.447722848520741 ], [ 16.976267105384853, 52.447854030837355 ], [ 16.976041755980265, 52.448371668288061 ], [ 16.975621299870152, 52.44977291672852 ], [ 16.975501935591041, 52.450177392506717 ], [ 16.975440999156834, 52.450480212195991 ], [ 16.974919698455196, 52.451148817247947 ], [ 16.974753626788033, 52.451252735423644 ], [ 16.974586299294568, 52.45123755036763 ], [ 16.974369513954862, 52.45127489911625 ], [ 16.97401540058458, 52.45137559453002 ], [ 16.973742062709299, 52.451473566958384 ], [ 16.973344004763213, 52.451799351502267 ], [ 16.972383980604878, 52.452653418852691 ], [ 16.972308338224941, 52.452836903293736 ], [ 16.97228027245313, 52.453008884844294 ], [ 16.972345099036612, 52.453207096996827 ], [ 16.972668953705114, 52.453619169941696 ], [ 16.972898669259461, 52.453885908998053 ], [ 16.97318400108751, 52.454112538384038 ], [ 16.973954152685092, 52.454466557040092 ], [ 16.974712453649541, 52.454639692317912 ], [ 16.975252889970207, 52.454726966999985 ], [ 16.97589871816519, 52.454861212230739 ], [ 16.976458179579549, 52.454973444576083 ], [ 16.977156993204158, 52.455125014672916 ], [ 16.977563114376952, 52.45520998075822 ], [ 16.978183732192679, 52.455454651018734 ], [ 16.978422701248956, 52.455520330790058 ], [ 16.978456145551966, 52.455377183731294 ], [ 16.978425809886915, 52.455159033650595 ], [ 16.978346956797211, 52.45497290403808 ], [ 16.978302625479255, 52.454766833368438 ], [ 16.978161635720696, 52.454616597438914 ], [ 16.978133882341435, 52.454488828989462 ], [ 16.978192875540845, 52.454374862642396 ], [ 16.978280048929424, 52.454232634336442 ], [ 16.978320208747352, 52.454089602118991 ], [ 16.978334255682853, 52.453929698386425 ], [ 16.978343842000619, 52.453720443328606 ], [ 16.978496344858726, 52.453472569253144 ], [ 16.978653306777787, 52.453274046267637 ], [ 16.978834876236093, 52.453125218779505 ], [ 16.978990471608718, 52.45310324093159 ], [ 16.979326083551975, 52.453113083289544 ], [ 16.979567483814215, 52.453125421094555 ], [ 16.979710164299991, 52.453238727985678 ], [ 16.979823915284882, 52.453396709206636 ], [ 16.979958754348448, 52.453534519325665 ], [ 16.979985009993879, 52.45369511177045 ], [ 16.980073776706551, 52.453811603350836 ], [ 16.980193870964555, 52.453977905054444 ], [ 16.980339328483812, 52.454177489888174 ], [ 16.980371738679711, 52.454350506104646 ], [ 16.98038306155167, 52.45454369338028 ], [ 16.980376676940406, 52.454683196908945 ], [ 16.980308387791386, 52.454706667963073 ], [ 16.980108215135612, 52.454674504779149 ], [ 16.979958437208143, 52.454569289682077 ], [ 16.979854845926123, 52.454475498067069 ], [ 16.979731258841536, 52.454392945617499 ], [ 16.979613185134884, 52.454329334304838 ], [ 16.979485953370116, 52.45431894766601 ], [ 16.979417288589563, 52.454350624293383 ], [ 16.979425836350579, 52.454457532949789 ], [ 16.979649678886219, 52.454559908053525 ], [ 16.979794993847548, 52.454615772260141 ], [ 16.979871831993034, 52.454699210134983 ], [ 16.979795887124897, 52.454743081359204 ], [ 16.979534517075869, 52.454726296590366 ], [ 16.979187715056998, 52.454666988625803 ], [ 16.978872427962383, 52.454653387133604 ], [ 16.978697430106774, 52.454658608159257 ], [ 16.978580246989004, 52.454722304897913 ], [ 16.978683572124282, 52.454814408886804 ], [ 16.978809301661194, 52.454857620727466 ], [ 16.979122335372935, 52.45492045890115 ], [ 16.979368207168577, 52.454982148501159 ], [ 16.979579183178704, 52.45507198507304 ], [ 16.979715529235396, 52.455176971135359 ], [ 16.979704868085555, 52.455263020276917 ], [ 16.979584866844029, 52.455388263642938 ], [ 16.97964639461054, 52.455512502555209 ], [ 16.97956128948195, 52.455609598394538 ], [ 16.97930174565651, 52.455699606919794 ], [ 16.97929761206014, 52.455789873831478 ], [ 16.979388686397616, 52.455849158217951 ], [ 16.979503324395022, 52.455923220994237 ], [ 16.979541910273422, 52.456001134388934 ], [ 16.979555459583768, 52.456073469686686 ], [ 16.979551925049815, 52.456150663329467 ], [ 16.979450364251363, 52.456159228388564 ], [ 16.979331427105429, 52.456225714463336 ], [ 16.979048019916853, 52.456249614599621 ], [ 16.978837553997131, 52.456295292177906 ], [ 16.978727711420103, 52.456320554978269 ], [ 16.978946454029, 52.456478701636641 ], [ 16.979185748084276, 52.456686744210856 ], [ 16.979379949222437, 52.45684783774422 ], [ 16.979464373436109, 52.456930091850971 ], [ 16.979529738585203, 52.457015868382399 ], [ 16.979574459978455, 52.4571397737529 ], [ 16.979614956087829, 52.457355962796264 ], [ 16.979667337354527, 52.457587747539549 ], [ 16.979806962614838, 52.457840263672082 ], [ 16.980007422940385, 52.458139996846803 ], [ 16.980173990579566, 52.458354491152825 ], [ 16.980249660234261, 52.458490469358814 ], [ 16.980263967796471, 52.458590765937352 ], [ 16.980232100445825, 52.458736451716234 ], [ 16.980160000273617, 52.458935324484059 ], [ 16.980076499664644, 52.459245599118617 ], [ 16.980069591661085, 52.459534093159995 ], [ 16.98003785624762, 52.459814466745485 ], [ 16.980439722624851, 52.459834857224386 ], [ 16.981351431086882, 52.459891795728993 ], [ 16.981477097552865, 52.459453981035104 ], [ 16.981530502683281, 52.459459745503878 ], [ 16.981614079539142, 52.459468766611636 ], [ 16.98170671876268, 52.459478765818915 ], [ 16.981784372142201, 52.459495824116395 ], [ 16.982499387236285, 52.459595938192059 ], [ 16.982551230383471, 52.459943300230584 ], [ 16.982510636209629, 52.46064590516918 ], [ 16.982336862280416, 52.461113528903155 ], [ 16.982017380542022, 52.461620036266737 ], [ 16.981569813780713, 52.462150213011277 ], [ 16.981155761325411, 52.462132801960571 ], [ 16.980919835771321, 52.462108088518306 ], [ 16.979060476162005, 52.461898854008382 ], [ 16.978714723103764, 52.46228502461846 ], [ 16.978553623858613, 52.462659776133847 ], [ 16.97853308859435, 52.462923161729471 ], [ 16.978570415567344, 52.463032397275278 ], [ 16.979108769327507, 52.463108826108389 ], [ 16.980036516715302, 52.463186733598057 ], [ 16.980658764601426, 52.463280102336292 ], [ 16.980904512772995, 52.46331057155804 ], [ 16.980846622915003, 52.46362063126147 ], [ 16.981305860887812, 52.46357509088228 ], [ 16.981487799276749, 52.463565877985786 ], [ 16.981555069121505, 52.463564973145026 ], [ 16.98164225710077, 52.463569541053431 ], [ 16.981793262299941, 52.463575198114498 ], [ 16.98199624709347, 52.46359462330161 ], [ 16.982180667840751, 52.463618371485346 ], [ 16.982314704077741, 52.463441687048757 ], [ 16.982407025508188, 52.46326538474981 ], [ 16.981945307259448, 52.46318154029656 ], [ 16.982043370522106, 52.462985087451038 ], [ 16.981855277593596, 52.462941457432251 ], [ 16.981913958915396, 52.462801366187485 ], [ 16.982086403242562, 52.462845513278722 ], [ 16.982093246447192, 52.46275292325771 ], [ 16.982101931646959, 52.462655216489779 ], [ 16.98217719585308, 52.462576671787701 ], [ 16.982341137450863, 52.462587194632391 ], [ 16.982402233258778, 52.462541884736829 ], [ 16.982515010654712, 52.462196166256405 ], [ 16.982564526815477, 52.462127482531294 ], [ 16.98241873185885, 52.462088943168368 ], [ 16.982357072142921, 52.462054414381377 ], [ 16.982514422116918, 52.461748083386333 ], [ 16.982577089406956, 52.461687381523618 ], [ 16.982921999478812, 52.461715849941619 ], [ 16.982993410060299, 52.461599171756433 ], [ 16.982844720775503, 52.461439552367359 ], [ 16.982876663342051, 52.461310611287132 ], [ 16.983165505565001, 52.461315538202548 ], [ 16.983173581175166, 52.461254602211127 ], [ 16.983163318167701, 52.461110219813627 ], [ 16.983170520119828, 52.461022027097741 ], [ 16.983211560158988, 52.460977135807106 ], [ 16.983282489318587, 52.460901091608278 ], [ 16.98328931129312, 52.460751850342227 ], [ 16.983335553003972, 52.460662509401345 ], [ 16.983751297389574, 52.460697925593898 ], [ 16.983641057763407, 52.461265149782434 ], [ 16.983613799039496, 52.461326434225327 ], [ 16.98357576625472, 52.461411941151923 ], [ 16.983500097302997, 52.461582062254251 ], [ 16.983681037504105, 52.461609714219001 ], [ 16.983594335030315, 52.461741688747921 ], [ 16.983174117237038, 52.462441746735287 ], [ 16.983458697141096, 52.462487802273316 ], [ 16.983408476220063, 52.462571925127151 ], [ 16.983274096923154, 52.462744742231294 ], [ 16.982938569255285, 52.463351900385994 ], [ 16.982582955925967, 52.463291756113968 ], [ 16.982442052797335, 52.463565225049877 ], [ 16.982657016065033, 52.463568892557873 ], [ 16.982708223925307, 52.463625200475683 ], [ 16.982694488749519, 52.463705037941885 ], [ 16.982674955492751, 52.463838157680179 ], [ 16.982761815807908, 52.463849905097184 ], [ 16.983246740879512, 52.463683661147464 ], [ 16.98372057128838, 52.463465897992158 ], [ 16.983938098472958, 52.463266347773654 ], [ 16.984065043516804, 52.463430708706944 ], [ 16.984000765471336, 52.463454073886815 ], [ 16.984420974316684, 52.463526937117514 ], [ 16.984509404987346, 52.463989434476936 ], [ 16.984016389755119, 52.464038517702264 ], [ 16.983617056164668, 52.464089443374732 ], [ 16.983566048760171, 52.463992792237008 ], [ 16.983541275351495, 52.463799376285955 ], [ 16.983028353815268, 52.463989781380768 ], [ 16.982564422022733, 52.464137904518168 ], [ 16.982298284266282, 52.464297613488959 ], [ 16.981938491510196, 52.464373598670832 ], [ 16.981826388951983, 52.464546200893722 ], [ 16.982052090471814, 52.464535680879735 ], [ 16.982398374106126, 52.464387605561129 ], [ 16.982570257828392, 52.464304307010643 ], [ 16.982694676878648, 52.464363628802495 ], [ 16.982987459009721, 52.464414975566619 ], [ 16.982758460029956, 52.464812789545512 ], [ 16.982534116857103, 52.465293086676368 ], [ 16.982353407065744, 52.465372407617572 ], [ 16.982969583587245, 52.46572798686995 ], [ 16.983089580624181, 52.465759857491534 ], [ 16.983287432962637, 52.465877000542172 ], [ 16.983434523103462, 52.465994460623222 ], [ 16.983633118384546, 52.465785655371896 ], [ 16.983979483394371, 52.465956369191879 ], [ 16.984240414679757, 52.466151376958805 ], [ 16.984098306818964, 52.466308612443832 ], [ 16.983933209461139, 52.466423982006766 ], [ 16.984126505098438, 52.466599775542029 ], [ 16.984238772988462, 52.466922309893199 ], [ 16.984267852365203, 52.467212398319802 ], [ 16.983683356443429, 52.467217947475596 ], [ 16.983109683903173, 52.467171965346466 ], [ 16.982702626332866, 52.467185707164411 ], [ 16.982570044066751, 52.467307556543204 ], [ 16.982544614291339, 52.467493289500609 ], [ 16.982430133955024, 52.467589591052921 ], [ 16.982241870024463, 52.467632920547047 ], [ 16.982068163235255, 52.467728211156498 ], [ 16.982019849192753, 52.468229002790686 ], [ 16.981900389389303, 52.468295226468385 ], [ 16.981798032201404, 52.468314260154479 ], [ 16.981714546230165, 52.468329784592008 ], [ 16.981551190840111, 52.468293402490303 ], [ 16.981421492353036, 52.468167077417156 ], [ 16.981390302902877, 52.467923493890993 ], [ 16.981434078240945, 52.467707046511833 ], [ 16.980407959869375, 52.467741239365999 ], [ 16.980014466826834, 52.467750458115646 ], [ 16.980026695748283, 52.467632132571161 ], [ 16.980091497449447, 52.467344258536471 ], [ 16.980161106524829, 52.466951382586643 ], [ 16.980276648934709, 52.466672103750099 ], [ 16.980518257321616, 52.466240968150622 ], [ 16.980708399430764, 52.465979362400972 ], [ 16.981079726702436, 52.465431359604757 ], [ 16.981102659355599, 52.465248054940929 ], [ 16.980791840548015, 52.46525808803635 ], [ 16.980544219242752, 52.465233328241368 ], [ 16.980295453222539, 52.465215221023719 ], [ 16.98005422005971, 52.465203844773193 ], [ 16.97979786800969, 52.465809679340957 ], [ 16.97965019483873, 52.466076064179177 ], [ 16.980078128344676, 52.466160944290237 ], [ 16.98008889711166, 52.466295582113325 ], [ 16.979794199935444, 52.466259520063375 ], [ 16.979438859759288, 52.466253448904837 ], [ 16.979071034629069, 52.466335075471783 ], [ 16.978694984444836, 52.46641138900592 ], [ 16.978489327418892, 52.466464757823118 ], [ 16.978580498676404, 52.466507686791289 ], [ 16.978900104498297, 52.466554520197512 ], [ 16.979100316442128, 52.466619997591394 ], [ 16.979138831392607, 52.466703396651468 ], [ 16.9790094928812, 52.466939066210067 ], [ 16.978854060675857, 52.467189803553083 ], [ 16.978548163973326, 52.467582765189434 ], [ 16.978297763494691, 52.467873248784478 ], [ 16.978144912340596, 52.468145096637173 ], [ 16.978010667678291, 52.468292573454789 ], [ 16.979050152396919, 52.468385187650206 ], [ 16.979260976252679, 52.468478111810278 ], [ 16.979142837380973, 52.46873289195117 ], [ 16.97905412999302, 52.46907289890941 ], [ 16.978985742058679, 52.469344948480995 ], [ 16.978920416565902, 52.469737896908036 ], [ 16.97887123311196, 52.470060189498597 ], [ 16.979156612812606, 52.470028287244602 ], [ 16.979782979620801, 52.470065260407281 ], [ 16.979766117404278, 52.469775991484923 ], [ 16.980110734387306, 52.469783945509704 ], [ 16.980649809708318, 52.469798302338795 ], [ 16.980690654129763, 52.470195569642655 ], [ 16.98003383434158, 52.470174051604431 ], [ 16.9797755720674, 52.470164979115587 ], [ 16.979752378302837, 52.470477204552544 ], [ 16.980044972858053, 52.470483257344249 ], [ 16.980382518815563, 52.470478722028766 ], [ 16.980375684614881, 52.470627962780952 ], [ 16.980728907351768, 52.47064944548741 ], [ 16.980675933935789, 52.470885452764001 ], [ 16.979975319223819, 52.470899238437497 ], [ 16.97972101042879, 52.470899458323828 ], [ 16.97970443075365, 52.471122639171824 ], [ 16.979684319997787, 52.471279921492346 ], [ 16.979680558668665, 52.471371254600001 ], [ 16.978613589935311, 52.471364081026081 ], [ 16.978657001923452, 52.471167790668616 ], [ 16.97869499950081, 52.471089627188007 ], [ 16.978778453199425, 52.470770547548803 ], [ 16.978860494344314, 52.470388393328726 ], [ 16.978686489103453, 52.470407092805765 ], [ 16.977642326516683, 52.470381359349403 ], [ 16.977683834689451, 52.469851395099681 ], [ 16.977690954744531, 52.469359506987907 ], [ 16.977708578800875, 52.469124111630506 ], [ 16.97762414217221, 52.469183090932631 ], [ 16.977543728727056, 52.469360033028934 ], [ 16.977356093684449, 52.469574018558603 ], [ 16.976706030341326, 52.470085199629736 ], [ 16.976390758237173, 52.470312513691511 ], [ 16.976041562233942, 52.47072541322548 ], [ 16.975854625452563, 52.470923894462167 ], [ 16.975640405315676, 52.471163278788502 ], [ 16.975227062127313, 52.471497508311167 ], [ 16.974994251869273, 52.471772772312363 ], [ 16.974818534030618, 52.472095555319129 ], [ 16.974586348080315, 52.472541482210701 ], [ 16.974565308289215, 52.472815200891006 ], [ 16.974296907115608, 52.472758890605817 ], [ 16.97376893928686, 52.473375573267845 ], [ 16.973460103669549, 52.473830527267374 ], [ 16.973233594285311, 52.474152437564491 ], [ 16.973134337601344, 52.47428519030322 ], [ 16.972809694113472, 52.474346852711314 ], [ 16.972818452061105, 52.474708994012488 ], [ 16.972722756211425, 52.474764237915203 ], [ 16.97265401904049, 52.474969911666186 ], [ 16.972661678161646, 52.475171723752311 ], [ 16.972797246516585, 52.476275534948854 ], [ 16.972896863632489, 52.476871942099862 ], [ 16.973060056880932, 52.477743517649856 ], [ 16.973090404265605, 52.478188769541006 ], [ 16.973118703014826, 52.478494361203296 ], [ 16.973128264788414, 52.478654835350206 ], [ 16.973095274791586, 52.478819751518913 ], [ 16.973212058146864, 52.478862632090241 ], [ 16.973157239359644, 52.479119148206621 ], [ 16.973095269438144, 52.479344016558969 ], [ 16.97305877113871, 52.47943985633097 ], [ 16.97296803926514, 52.479678104463844 ], [ 16.972866361949951, 52.480017884412661 ], [ 16.972818448519181, 52.480311298077488 ], [ 16.972835945663039, 52.480679391632883 ], [ 16.972945376138721, 52.481106857033296 ], [ 16.973064071956138, 52.48114567072534 ], [ 16.973398707842119, 52.481167168001413 ], [ 16.973569722104767, 52.481191115101375 ], [ 16.973688660020819, 52.48122467811487 ], [ 16.973691895173562, 52.481260498295704 ], [ 16.973700066658299, 52.481350974192146 ], [ 16.97362146895469, 52.481375898510045 ], [ 16.973059636315689, 52.481429321185601 ], [ 16.973083894410522, 52.481650413073574 ], [ 16.973064583553562, 52.482070417607858 ], [ 16.973044880397179, 52.482311772822108 ], [ 16.973043491458135, 52.482716321889633 ], [ 16.973074900954543, 52.48296906145282 ], [ 16.973795882761525, 52.484883432832191 ], [ 16.974089199414543, 52.485991837386628 ], [ 16.974152207739383, 52.486119017190724 ], [ 16.97425130529049, 52.48621003576126 ], [ 16.974385768252244, 52.486280643179867 ], [ 16.974494672921747, 52.486345558554881 ], [ 16.974438730245915, 52.486439175891476 ], [ 16.974339545912613, 52.486537306804578 ], [ 16.974352317163312, 52.486821251729928 ], [ 16.974521338608383, 52.487076347435725 ], [ 16.97489121845231, 52.487455728477649 ], [ 16.974989596855373, 52.487562496628762 ], [ 16.975159913202706, 52.487602191838242 ], [ 16.975471692270549, 52.487560241323266 ], [ 16.97608242962756, 52.487568066717024 ], [ 16.976077972341741, 52.487946291872113 ], [ 16.976177722932057, 52.488210708063278 ], [ 16.975876791008684, 52.488297506681079 ], [ 16.975599408610378, 52.488340047029205 ], [ 16.975808027960689, 52.488565774456383 ], [ 16.975849824755009, 52.488616515668433 ], [ 16.975878140820555, 52.488686266895016 ], [ 16.975919231463635, 52.48875238858097 ], [ 16.975929798640031, 52.488796823100934 ], [ 16.975945693588415, 52.48886251359783 ], [ 16.975958968843525, 52.488916614822749 ], [ 16.975968829763417, 52.48897642983637 ], [ 16.975983841917142, 52.48906134594926 ], [ 16.975985726359692, 52.489157581849582 ], [ 16.975993468372099, 52.489263538350919 ], [ 16.975982666462393, 52.489361481226339 ], [ 16.975979311355104, 52.489434538585016 ], [ 16.975992321928587, 52.489494407489516 ], [ 16.975958367449262, 52.489628778570363 ], [ 16.976279342640986, 52.489711366806901 ], [ 16.976309960920226, 52.48973750310018 ], [ 16.976341580213475, 52.489764493835949 ], [ 16.976379354260398, 52.489796738314325 ], [ 16.976410471646396, 52.489823300525671 ], [ 16.976435571246753, 52.489844725846815 ], [ 16.976451908817847, 52.48985867178034 ], [ 16.976466201919195, 52.489870872522623 ], [ 16.976476837694179, 52.489879951327062 ], [ 16.976318036227159, 52.489998385148688 ], [ 16.97621753339266, 52.490222446472494 ], [ 16.97605510938407, 52.490616160550545 ], [ 16.975551559483279, 52.491758474864838 ], [ 16.975352984012641, 52.491760582777786 ], [ 16.97502921457022, 52.491738519673298 ], [ 16.974690108766634, 52.491853864370988 ], [ 16.974499251061619, 52.491830647715688 ], [ 16.974352174279666, 52.492218715746617 ], [ 16.974180427122338, 52.492594816622052 ], [ 16.974086457049122, 52.492787538471028 ], [ 16.974022159938375, 52.492951907414621 ], [ 16.974106892207743, 52.492961767413156 ], [ 16.974301426024432, 52.493047701956066 ], [ 16.974658229592713, 52.493136414845488 ], [ 16.974921850576546, 52.493289613522769 ], [ 16.975347237959312, 52.493456594397806 ], [ 16.975356419462404, 52.493649491302101 ], [ 16.975238291491436, 52.494060482957259 ], [ 16.975169448436976, 52.494576948315895 ], [ 16.975180730327708, 52.495116812635949 ], [ 16.975255207588202, 52.495459512145644 ], [ 16.975331961487559, 52.495752688920049 ], [ 16.975396725048277, 52.496552290364782 ], [ 16.975551674965978, 52.496714640998363 ], [ 16.975838912888598, 52.496747090949547 ], [ 16.976079050725982, 52.496822789075537 ], [ 16.975965301325306, 52.496941993337209 ], [ 16.975721285923196, 52.49714707780484 ], [ 16.97556616223379, 52.497381217402705 ], [ 16.975498161498699, 52.497682930121179 ], [ 16.975566663041043, 52.497959444828481 ], [ 16.975764928606814, 52.498161084351523 ], [ 16.975723723186398, 52.498468762550907 ], [ 16.975427111488372, 52.499229137705861 ], [ 16.975253693248952, 52.499468470605528 ], [ 16.975079008565093, 52.499735315800834 ], [ 16.97498382339186, 52.499840881395222 ], [ 16.975143931325853, 52.499893372239697 ], [ 16.975172662642048, 52.500053562552011 ], [ 16.97513288602569, 52.500231854113061 ], [ 16.975010696552786, 52.500436269088397 ], [ 16.974807104651735, 52.500644797151082 ], [ 16.974556115689566, 52.500706581932135 ], [ 16.974339547495905, 52.500804750121283 ], [ 16.973988995665849, 52.500873088964475 ], [ 16.973639534225825, 52.501015787864496 ], [ 16.973456576204789, 52.501265968451754 ], [ 16.973250266595038, 52.501631392411831 ], [ 16.973055151121606, 52.502145692641236 ], [ 16.972937736410344, 52.50254017347708 ], [ 16.972920518653137, 52.502914343850158 ], [ 16.972928677549834, 52.503129250584969 ], [ 16.973145493951979, 52.503320198466604 ], [ 16.973201777391935, 52.503469847605494 ], [ 16.973103251702106, 52.503649885287672 ], [ 16.973105432686115, 52.503798607430546 ], [ 16.973172252802861, 52.50391539605036 ], [ 16.973157159223749, 52.504047301673374 ], [ 16.973067142803679, 52.504238498804021 ], [ 16.973024237456393, 52.504386448384821 ], [ 16.973176770932596, 52.504405582491799 ], [ 16.973399670405023, 52.504464469824747 ], [ 16.973329207737468, 52.504622961077729 ], [ 16.973184327296725, 52.504829738843547 ], [ 16.973042737192497, 52.504964983862735 ], [ 16.972893901428311, 52.505061556656145 ], [ 16.972788885766722, 52.505186414429929 ], [ 16.972571201864479, 52.505210218001402 ], [ 16.97254977409343, 52.505479686040246 ], [ 16.972611529790285, 52.505706524987126 ], [ 16.972799757797869, 52.505734531549876 ], [ 16.972992318957562, 52.505864488634145 ], [ 16.973019779634914, 52.506052191790403 ], [ 16.972928998584344, 52.50625989621458 ], [ 16.972775346279633, 52.506461016327272 ], [ 16.972713135883904, 52.506636169146127 ], [ 16.972721040699255, 52.506856578265428 ], [ 16.97263202943801, 52.507025764899687 ], [ 16.972384496597243, 52.507109631885406 ], [ 16.972081691990116, 52.507021838779963 ], [ 16.971779372754504, 52.50672754663411 ], [ 16.971736609550369, 52.507068237646656 ], [ 16.971722323783784, 52.507196097156459 ], [ 16.971705904234216, 52.507343053273388 ], [ 16.971663497828111, 52.507479997216997 ], [ 16.971544998533368, 52.507505499563749 ], [ 16.97143982532009, 52.507437613998071 ], [ 16.971366014420695, 52.507276649847057 ], [ 16.971247728510775, 52.50690566290772 ], [ 16.971158418338046, 52.506689364366494 ], [ 16.970846202686069, 52.506414173982257 ], [ 16.97039669880057, 52.506180682104066 ], [ 16.969634769622367, 52.506068483994312 ], [ 16.969318524482997, 52.506060761983314 ], [ 16.969529067522782, 52.506418404920531 ], [ 16.969744487997755, 52.506670307302628 ], [ 16.969943448201491, 52.506937319354314 ], [ 16.97038730887671, 52.507500991615167 ], [ 16.970717383563063, 52.507933797609041 ], [ 16.970881202177175, 52.508142483051763 ], [ 16.971100793340643, 52.508375018529186 ], [ 16.971229547208331, 52.508616774272838 ], [ 16.971290412926908, 52.50886287250092 ], [ 16.971283696127887, 52.509008688594349 ], [ 16.971266366856007, 52.509090994022351 ], [ 16.97197132937503, 52.509265533249938 ], [ 16.972049833036863, 52.509324700847252 ], [ 16.972094112659892, 52.509441103537831 ], [ 16.972098443625754, 52.509543054312296 ], [ 16.972018367581171, 52.509616023948169 ], [ 16.971917392529438, 52.509652840790913 ], [ 16.971803793816385, 52.509668733732262 ], [ 16.971752297595984, 52.509906078396298 ], [ 16.971720829654419, 52.510197401367009 ], [ 16.97173025019087, 52.510384795418418 ], [ 16.972008808851825, 52.510411598355567 ], [ 16.972323075689967, 52.510430810372064 ], [ 16.972301234998596, 52.510296493052927 ], [ 16.972436258557149, 52.510059259829958 ], [ 16.97245586602552, 52.509927431751002 ], [ 16.972380147454626, 52.509807736945874 ], [ 16.97237498002573, 52.50962592268526 ], [ 16.97244722787287, 52.509428914759688 ], [ 16.972534345112514, 52.509300997120633 ], [ 16.972619562088177, 52.509214348147623 ], [ 16.972667819378124, 52.509146339667026 ], [ 16.97281610174926, 52.50910499811512 ], [ 16.972886221233377, 52.509150254382305 ], [ 16.973120441506616, 52.509159774470199 ], [ 16.973551133608087, 52.50901846831156 ], [ 16.973790258520221, 52.508725194969095 ], [ 16.974008306630189, 52.508497642255676 ], [ 16.974321914954903, 52.508547067437924 ], [ 16.97482583456879, 52.508618658403485 ], [ 16.974934501539867, 52.508525082892248 ], [ 16.975114242754632, 52.508588166355182 ], [ 16.975405098779831, 52.508543582967143 ], [ 16.975729035281571, 52.508524040260056 ], [ 16.975925744359074, 52.508899423019393 ], [ 16.975938676119593, 52.509698135552831 ], [ 16.976555715625967, 52.509626088698646 ], [ 16.976548885642632, 52.509185425015964 ], [ 16.976695199796211, 52.509143872870105 ], [ 16.976827016062366, 52.509024976899482 ], [ 16.977010665972831, 52.50895652870647 ], [ 16.977470088598729, 52.508975397902965 ], [ 16.977910464702429, 52.509015967090079 ], [ 16.978376886008196, 52.509079007059675 ], [ 16.978799227596884, 52.509119264728753 ], [ 16.97924862474197, 52.50915998304076 ], [ 16.979753394365151, 52.509174111103562 ], [ 16.980151711774749, 52.509147871659934 ], [ 16.980797810186917, 52.50903224425565 ], [ 16.981097934243035, 52.508982298246295 ], [ 16.981414328669143, 52.508971176931176 ], [ 16.981746742135609, 52.509004382717798 ], [ 16.98196292755517, 52.509013577595702 ], [ 16.982309905981026, 52.50892587996961 ], [ 16.982481756257769, 52.508917797228158 ], [ 16.982761573044787, 52.508917062161196 ], [ 16.983013831183385, 52.508926870225316 ], [ 16.983465246245789, 52.508923552263319 ], [ 16.983585254364076, 52.508865022734952 ], [ 16.983566513405862, 52.508682977899646 ], [ 16.983516234823011, 52.508401272532005 ], [ 16.983533114083578, 52.5080326025994 ], [ 16.983760278130088, 52.508196172613388 ], [ 16.984208915441311, 52.50825337965162 ], [ 16.984596693397965, 52.508259986693972 ], [ 16.984918323757075, 52.508331547685991 ], [ 16.985272798948007, 52.508277010107832 ], [ 16.985678906909104, 52.508080173108695 ], [ 16.985894626227402, 52.507902120712529 ], [ 16.986261385428286, 52.507776200571385 ], [ 16.986667195689538, 52.507783107805608 ], [ 16.987161425933511, 52.507830065934826 ], [ 16.987694746279168, 52.507811605008904 ], [ 16.98817320409896, 52.507808729160523 ], [ 16.988443996083308, 52.507807827216133 ], [ 16.989186437113023, 52.508150858970957 ], [ 16.989843730902717, 52.50838230266433 ], [ 16.990433154266864, 52.50851897373024 ], [ 16.990646829118699, 52.508583178329012 ], [ 16.990605986426019, 52.508687114252609 ], [ 16.988705940630872, 52.508980326754667 ], [ 16.987970094595227, 52.509093872234587 ], [ 16.987086506847696, 52.509234822701664 ], [ 16.987142376670082, 52.509394713241811 ], [ 16.987287103852683, 52.509782653497382 ], [ 16.987293035328033, 52.510245327782663 ], [ 16.987341865525501, 52.510361801878666 ], [ 16.987164998050375, 52.510380820001529 ], [ 16.98710542617955, 52.51079557172811 ], [ 16.986784636120234, 52.510803880134397 ], [ 16.986767190631902, 52.510988061908442 ], [ 16.987203881589181, 52.510969448137189 ], [ 16.987042565398838, 52.511380979019748 ], [ 16.986691337485421, 52.511363988573159 ], [ 16.986659433827718, 52.511663461981904 ], [ 16.98627825647068, 52.511219287253034 ], [ 16.986516013504854, 52.511151745349991 ], [ 16.986436606386516, 52.511111846045232 ], [ 16.986204888361204, 52.511047326766338 ], [ 16.985990705049325, 52.510994119198493 ], [ 16.985865198787771, 52.510975461992409 ], [ 16.985753703125539, 52.511045152424323 ], [ 16.985617919693546, 52.511053854105498 ], [ 16.985483646474485, 52.511029540388556 ], [ 16.985394718428797, 52.511000491899971 ], [ 16.985345389288085, 52.510895022136602 ], [ 16.985274498867497, 52.510866280730511 ], [ 16.985042028598802, 52.510818266819889 ], [ 16.984819081038328, 52.510759401006432 ], [ 16.984535774011842, 52.510638931353014 ], [ 16.984364924692159, 52.510625006865013 ], [ 16.984048117811493, 52.510623076184935 ], [ 16.983698557966267, 52.510591624017096 ], [ 16.983303001031516, 52.510557347420956 ], [ 16.982890919828357, 52.510489746773239 ], [ 16.98235448349082, 52.51077246094421 ], [ 16.982519880976106, 52.511004741445241 ], [ 16.982797434960496, 52.511545463916569 ], [ 16.982982046995748, 52.512215461857679 ], [ 16.981420160222562, 52.512449872366446 ], [ 16.981625961551558, 52.512882916359082 ], [ 16.981142655759506, 52.512990313117825 ], [ 16.980935217794354, 52.512986773001501 ], [ 16.980778490303983, 52.51266470196839 ], [ 16.979688135616755, 52.512822305158679 ], [ 16.980067445489446, 52.51389986048094 ], [ 16.980764593128992, 52.517271181437536 ], [ 16.976802465681768, 52.516766819579985 ], [ 16.976944513451297, 52.517408040847741 ], [ 16.977643091811306, 52.51733187509852 ], [ 16.977912017352551, 52.517766004360148 ], [ 16.977122726731778, 52.517851634409148 ], [ 16.97738592823039, 52.518803308763296 ], [ 16.974910505127582, 52.519041811638282 ], [ 16.974634621527017, 52.518465067138713 ], [ 16.973945546988499, 52.518530364357368 ], [ 16.97338044194073, 52.516686910580603 ], [ 16.973307550236573, 52.516333912972868 ], [ 16.973208080426847, 52.516337715769907 ], [ 16.973086947966017, 52.516321873431274 ], [ 16.972980231730062, 52.516287004053382 ], [ 16.972965358905135, 52.516217913812149 ], [ 16.973014383576956, 52.516133397858752 ], [ 16.973125532229648, 52.516071973564777 ], [ 16.973257963202801, 52.516038447928459 ], [ 16.973837877959806, 52.515990559417482 ], [ 16.973846107241663, 52.515811728288604 ], [ 16.973630017197287, 52.515799767019494 ], [ 16.973180888721007, 52.515849895188367 ], [ 16.973122740506113, 52.51564239272497 ], [ 16.973762416612274, 52.515570747710967 ], [ 16.973752052526741, 52.515501734789595 ], [ 16.9736341657485, 52.515513482750542 ], [ 16.973559622892893, 52.515269905274053 ], [ 16.973709963432906, 52.515239439331815 ], [ 16.973694709939107, 52.515178602907483 ], [ 16.973577583720154, 52.515173843332327 ], [ 16.973427116691244, 52.515207060355756 ], [ 16.973303172892194, 52.515056252625541 ], [ 16.973486093807196, 52.515004317765907 ], [ 16.973653586015178, 52.514993419616047 ], [ 16.973642589150163, 52.514938162923144 ], [ 16.973241709182602, 52.514906248721424 ], [ 16.972981563277362, 52.514885537660135 ], [ 16.972543451598323, 52.514825979526947 ], [ 16.972467388522304, 52.514951757419269 ], [ 16.972469820255785, 52.515094976797599 ], [ 16.972462294699096, 52.515356422466212 ], [ 16.972489884623304, 52.515541374252471 ], [ 16.97248253673456, 52.515700946518237 ], [ 16.97247118574478, 52.515849436507267 ], [ 16.972458821135373, 52.5160199364568 ], [ 16.972423349338758, 52.516300177061872 ], [ 16.972348479925049, 52.516455838668584 ], [ 16.972221523963416, 52.516663850512927 ], [ 16.971387331258487, 52.51664724476737 ], [ 16.971270312873862, 52.517520901272796 ], [ 16.971486324676388, 52.517596708407353 ], [ 16.971547447668456, 52.518102478799619 ], [ 16.971450758657205, 52.518368632863307 ], [ 16.97133150529196, 52.518758005407598 ], [ 16.97114476071928, 52.519146220463142 ], [ 16.971097260902276, 52.519444119109622 ], [ 16.971406928050509, 52.519686339629821 ], [ 16.971905041605588, 52.519869987093678 ], [ 16.972197369475747, 52.52012220869716 ], [ 16.97233642390913, 52.520402704149838 ], [ 16.972454340949181, 52.520775541239551 ], [ 16.972533154179423, 52.527863598361357 ], [ 16.973836841167806, 52.5277932264814 ], [ 16.974102586793858, 52.527890480861402 ], [ 16.974170857372393, 52.52824186464148 ], [ 16.97308227657221, 52.52840862935475 ], [ 16.972875026107893, 52.528508083211818 ], [ 16.972726744448796, 52.528793954970745 ], [ 16.972762957826848, 52.529474404323665 ], [ 16.972477290456975, 52.529809424007674 ], [ 16.971922069409707, 52.530129522670734 ], [ 16.971284355249583, 52.530407002652304 ], [ 16.970847729397498, 52.530718829238197 ], [ 16.970603915844453, 52.531610785894912 ], [ 16.970471536267265, 52.531917528483888 ], [ 16.970360779205944, 52.532121637448427 ], [ 16.97019343132412, 52.532087865478864 ], [ 16.970266375454038, 52.531604996207179 ], [ 16.970189586298229, 52.531438871927207 ], [ 16.96998300528227, 52.531157216061338 ], [ 16.969966344007091, 52.530786114387624 ], [ 16.970049518001396, 52.530447626829229 ], [ 16.970059962623314, 52.530221196328839 ], [ 16.969829389545087, 52.530093635105132 ], [ 16.968965841815134, 52.530140617898027 ], [ 16.968606912500434, 52.529866644717877 ], [ 16.969648458282432, 52.529256194750189 ], [ 16.969763959069251, 52.528949163360458 ], [ 16.96983120445319, 52.52858980167381 ], [ 16.969778419495817, 52.528269582211905 ], [ 16.969775312514312, 52.527970816017394 ], [ 16.96959442895125, 52.52786470769432 ], [ 16.969374096744122, 52.527881527412852 ], [ 16.969261445676015, 52.528126804709785 ], [ 16.968787026891874, 52.528159863056572 ], [ 16.968697423097566, 52.528271629691609 ], [ 16.968705273130933, 52.528467472926117 ], [ 16.968529388960462, 52.528618959949398 ], [ 16.968272450041102, 52.528696951805401 ], [ 16.968062811585593, 52.528847858536096 ], [ 16.96768726349417, 52.528934112635156 ], [ 16.967568896407304, 52.5293028955412 ], [ 16.967247775051831, 52.52930767958641 ], [ 16.967153410779275, 52.529522367757089 ], [ 16.966914525831978, 52.529940581617204 ], [ 16.966815328768124, 52.530053507012617 ], [ 16.966736251907246, 52.530143527194461 ], [ 16.961036446043686, 52.52993101089919 ], [ 16.961094045862591, 52.530080448109423 ], [ 16.961329340588208, 52.530458967019065 ], [ 16.961562090484833, 52.530892509882968 ], [ 16.961667507715728, 52.531345886088197 ], [ 16.961778024227616, 52.531689213382691 ], [ 16.962086025505702, 52.532057969334573 ], [ 16.96211452941359, 52.532807389088035 ], [ 16.962000495517181, 52.533124821154004 ], [ 16.961807443076072, 52.533198591534493 ], [ 16.961674633122747, 52.53323898169706 ], [ 16.961667751116003, 52.533387547536023 ], [ 16.961622737299273, 52.533579511121893 ], [ 16.96164735963189, 52.533827742588691 ], [ 16.961772257534253, 52.53405567405899 ], [ 16.961745035099536, 52.534253450965139 ], [ 16.961714753664737, 52.534517257106806 ], [ 16.961645217663669, 52.534653729976071 ], [ 16.961619268764103, 52.534823994640242 ], [ 16.961607275238691, 52.535058516576726 ], [ 16.962040401162561, 52.535065977105987 ], [ 16.962226388840293, 52.535068547314012 ], [ 16.962148521060207, 52.535485669727301 ], [ 16.961968486581, 52.536058032455315 ], [ 16.961985565916606, 52.536176723394227 ], [ 16.96207743538432, 52.53633800362357 ], [ 16.962059821908337, 52.536425809497487 ], [ 16.961947917285698, 52.536404608259645 ], [ 16.961754799227958, 52.53638200802385 ], [ 16.961622310134882, 52.536683289619027 ], [ 16.961379278098459, 52.536860828111429 ], [ 16.961222148023538, 52.53713346225522 ], [ 16.961138737387277, 52.537374325462487 ], [ 16.961129401680655, 52.537770656099504 ], [ 16.961194808358364, 52.538113206265436 ], [ 16.959906407177353, 52.538046945898898 ], [ 16.95998602572304, 52.538472344202482 ], [ 16.960904703770044, 52.538526726271016 ], [ 16.960644885432576, 52.538676439906226 ], [ 16.960537201677411, 52.538856309263899 ], [ 16.960446737006826, 52.539443980402382 ], [ 16.960104322149469, 52.539427064467944 ], [ 16.959968795662274, 52.539622973819419 ], [ 16.959575806304798, 52.539528088894158 ], [ 16.959359189790984, 52.539525041901754 ], [ 16.95932114137608, 52.53976117927958 ], [ 16.959036037595421, 52.54045562916459 ], [ 16.958777654880304, 52.540963307217226 ], [ 16.958207732631305, 52.541858659371485 ], [ 16.958709293162549, 52.541949914767116 ], [ 16.958587461153808, 52.542239674812585 ], [ 16.958558686178247, 52.542470465047316 ], [ 16.958465458956084, 52.542727677478908 ], [ 16.958261545317171, 52.54283980270187 ], [ 16.958223487666579, 52.543075939513287 ], [ 16.958123530803377, 52.543283474143628 ], [ 16.957982023370484, 52.543413196161922 ], [ 16.958009694433539, 52.543595398849448 ], [ 16.958036088505335, 52.543805113608762 ], [ 16.957944898827904, 52.544018306188754 ], [ 16.957917907279981, 52.544210579247952 ], [ 16.957925228656052, 52.544441992180872 ], [ 16.958192754302829, 52.544710935890087 ], [ 16.958583232743418, 52.544860849941131 ], [ 16.958847101795214, 52.545014085762013 ], [ 16.958999091875189, 52.54524248695202 ], [ 16.959221756273866, 52.545505147667313 ], [ 16.959400316259288, 52.545745020139385 ], [ 16.959607231535365, 52.545957847115368 ], [ 16.959796607832981, 52.546159357693725 ], [ 16.959857072808941, 52.546413713839378 ], [ 16.959860288722624, 52.546733853197217 ], [ 16.959741002719216, 52.54696858995883 ], [ 16.959513750380875, 52.547388696924848 ], [ 16.959269207459247, 52.547791984836266 ], [ 16.958973312158651, 52.548133811581359 ], [ 16.958797817335711, 52.548411632525649 ], [ 16.958739916692743, 52.548685974799355 ], [ 16.958651360660792, 52.549036883723893 ], [ 16.958501438472002, 52.549347497901493 ], [ 16.958399935165051, 52.549588046900759 ], [ 16.958389461725591, 52.549813645790437 ], [ 16.958366640703819, 52.550110620298135 ], [ 16.958405472681619, 52.550441699306788 ], [ 16.958269988426711, 52.550830346048137 ], [ 16.957873100710064, 52.55084917886537 ], [ 16.957586917406367, 52.550870358027559 ], [ 16.957558557510367, 52.550871331881282 ], [ 16.957522241608977, 52.550872578927212 ], [ 16.957310094653799, 52.550879863583148 ], [ 16.957119512008035, 52.550898601167262 ], [ 16.95698027727742, 52.550978799896178 ], [ 16.956790461062621, 52.550981029727346 ], [ 16.956637518652037, 52.550967375468531 ], [ 16.95633975272948, 52.551251341860571 ], [ 16.956056523531647, 52.55112530052363 ], [ 16.95612687146037, 52.550972324528296 ], [ 16.956234424523863, 52.550990702425075 ], [ 16.956303710519897, 52.550763365921235 ], [ 16.956088349783148, 52.550732112569165 ], [ 16.955735287788208, 52.550748041665251 ], [ 16.955420707145073, 52.550907811870026 ], [ 16.955170334598016, 52.551046663404946 ], [ 16.954764901038473, 52.551023136963977 ], [ 16.954432084471851, 52.55116804258617 ], [ 16.954527298027408, 52.551178728299313 ], [ 16.955502513045804, 52.551382811692399 ], [ 16.954993828691041, 52.551831088838753 ], [ 16.954391333150369, 52.551771114877972 ], [ 16.954131992295448, 52.552102547964402 ], [ 16.953983275423511, 52.552386331662127 ], [ 16.954083150552776, 52.552569783365868 ], [ 16.953998067126079, 52.552650914766069 ], [ 16.954205243583875, 52.552858248623913 ], [ 16.95441293393635, 52.553054577341754 ], [ 16.955105789131458, 52.55330885104857 ], [ 16.955489535217861, 52.553216358314927 ], [ 16.955592086618005, 52.552953802600406 ], [ 16.955851825917229, 52.553002343759125 ], [ 16.955652023834201, 52.553219165265688 ], [ 16.955650562121466, 52.553444919566331 ], [ 16.95581785798047, 52.553538671820839 ], [ 16.956127762251565, 52.553577065176647 ], [ 16.956107315578045, 52.553725396137253 ], [ 16.956176720192516, 52.55378716973609 ], [ 16.956325030720514, 52.55380349794023 ], [ 16.956551096068697, 52.55379914125772 ], [ 16.956686416140936, 52.55390060037147 ], [ 16.956871475639421, 52.553903795316991 ], [ 16.95701600059262, 52.553807167555703 ], [ 16.957012263004366, 52.553498721293629 ], [ 16.957290189416071, 52.553544819801324 ], [ 16.957239013440233, 52.553285116094408 ], [ 16.95777306338708, 52.553360414725738 ], [ 16.957856777019014, 52.553431963771196 ], [ 16.957894716408248, 52.553464390020793 ], [ 16.958072322069079, 52.553530782867668 ], [ 16.958176688315298, 52.553617939155139 ], [ 16.958197126760524, 52.55376146897985 ], [ 16.9582466058101, 52.55396056796436 ], [ 16.958364301430265, 52.554149830110653 ], [ 16.95847088404452, 52.554286585685624 ], [ 16.958493750771183, 52.554377842582262 ], [ 16.95842002576002, 52.554503960052692 ], [ 16.958673756774687, 52.554614160035797 ], [ 16.958955608812516, 52.55473061661754 ], [ 16.959216275476301, 52.554827466609382 ], [ 16.959438736245964, 52.554931353523799 ], [ 16.95962947775984, 52.555038541289392 ], [ 16.959771002014556, 52.555117943468716 ], [ 16.95990785610044, 52.555229973975848 ], [ 16.96010738144658, 52.555420046898533 ], [ 16.960280482605388, 52.555567334766074 ], [ 16.960453706948261, 52.555780042490326 ], [ 16.960550484323875, 52.555939483034045 ], [ 16.960580733792842, 52.555967903145806 ], [ 16.960704495513902, 52.556294239608043 ], [ 16.960730520179442, 52.55661792985898 ], [ 16.960722293442775, 52.55693140962768 ], [ 16.96071093498805, 52.557108227281674 ], [ 16.960665906271739, 52.557228928617135 ], [ 16.960882067813181, 52.557243666721064 ], [ 16.961030695245196, 52.557350856750574 ], [ 16.961209566694034, 52.557585224213106 ], [ 16.961247307252151, 52.557745571822338 ], [ 16.961309243441566, 52.557804288132111 ], [ 16.96099334043851, 52.557961469109856 ], [ 16.960851792956504, 52.558091193864463 ], [ 16.96086219274591, 52.558256577335833 ], [ 16.960890904301277, 52.558416769485312 ], [ 16.960720994011957, 52.558573539471745 ], [ 16.960497933754343, 52.558707366103 ], [ 16.960403310972513, 52.558799351271766 ], [ 16.960325978585885, 52.558908154772283 ], [ 16.959941700264949, 52.559595389661474 ], [ 16.959667270587449, 52.559667754403804 ], [ 16.959440881175126, 52.559873110215811 ], [ 16.959139618770561, 52.559939504315615 ], [ 16.958930684869824, 52.559963435436124 ], [ 16.958894059711323, 52.559973817441147 ], [ 16.958686830073013, 52.560350213363748 ], [ 16.95841375590695, 52.560587802916181 ], [ 16.958216997735594, 52.560738599453352 ], [ 16.95799962471698, 52.560944108104422 ], [ 16.95770516217209, 52.561252915569675 ], [ 16.957463590283997, 52.561590169132572 ], [ 16.956969538018111, 52.562110295834593 ], [ 16.956730948016233, 52.562188779334143 ], [ 16.956540903669527, 52.562389250334576 ], [ 16.956303484728199, 52.562831202670225 ], [ 16.955990647880338, 52.563728917329627 ], [ 16.95596081859982, 52.563981715423537 ], [ 16.956002018275917, 52.564456012503356 ], [ 16.956108815543882, 52.564816847774829 ], [ 16.95900715162059, 52.564553999920179 ], [ 16.959596178286084, 52.564581711370757 ], [ 16.959570869190877, 52.564275290574898 ], [ 16.959937072269344, 52.56427058941032 ], [ 16.959953041554236, 52.564598498980679 ], [ 16.960102586163838, 52.564605533554989 ], [ 16.960275434522451, 52.564619026815315 ], [ 16.960280063330302, 52.564279254112755 ], [ 16.960483682129034, 52.564281129564002 ], [ 16.960359982722306, 52.563628074903683 ], [ 16.960326535350418, 52.563277816344026 ], [ 16.960405570025216, 52.56293775633663 ], [ 16.95953229543251, 52.562867636539366 ], [ 16.959743872105911, 52.562397698455023 ], [ 16.960086210120206, 52.562420119586399 ], [ 16.96018218945667, 52.561909640702126 ], [ 16.960357290636004, 52.561251841440452 ], [ 16.959991878795407, 52.5612400369425 ], [ 16.960007674496282, 52.561094378784652 ], [ 16.960079475903843, 52.561007507398685 ], [ 16.960234113956854, 52.560985391901667 ], [ 16.960293265218105, 52.560879028547085 ], [ 16.960434231957606, 52.560859430589787 ], [ 16.960533548116029, 52.560861142000597 ], [ 16.960579921235336, 52.560738037895725 ], [ 16.960566203555931, 52.56064418578918 ], [ 16.960264125202084, 52.560630719992155 ], [ 16.960233627475201, 52.560509044612679 ], [ 16.960271355360064, 52.560377531412861 ], [ 16.960562314142084, 52.560338490921858 ], [ 16.960805321577965, 52.560359198447017 ], [ 16.960815721496669, 52.56052458186641 ], [ 16.960929138167817, 52.560611891409081 ], [ 16.960964838155686, 52.560816258329453 ], [ 16.96095049732341, 52.561028023349991 ], [ 16.960875762274249, 52.561178172993252 ], [ 16.960603749280825, 52.561198266915916 ], [ 16.960541998559616, 52.561263284570401 ], [ 16.960466427265803, 52.561820923288025 ], [ 16.960696584775715, 52.561924011646354 ], [ 16.960634497251622, 52.562093652873216 ], [ 16.960822064097055, 52.56214093904152 ], [ 16.960790732295415, 52.562426753158221 ], [ 16.960941929176069, 52.562478919302059 ], [ 16.960869376097087, 52.562874159381686 ], [ 16.960848860033323, 52.563121612181071 ], [ 16.960812072096303, 52.563330236987852 ], [ 16.960966556463998, 52.564285575725528 ], [ 16.96100826916242, 52.564680877129923 ], [ 16.96263495297152, 52.564821121155695 ], [ 16.962714793806111, 52.56480540631852 ], [ 16.962715181952934, 52.564774742527881 ], [ 16.962794281208883, 52.564775024679498 ], [ 16.963427808580736, 52.564777382548883 ], [ 16.964129977427515, 52.564750876845032 ], [ 16.964384001621017, 52.564741124904067 ], [ 16.964883376908535, 52.564755918316713 ], [ 16.966345181980884, 52.564832490921297 ], [ 16.967237215478505, 52.564919678425326 ], [ 16.968378134948598, 52.565146675012265 ], [ 16.971304800901375, 52.565087413367564 ], [ 16.972536917742911, 52.5651841668382 ], [ 16.97452943972138, 52.565550618321701 ], [ 16.974643042431627, 52.565586920336742 ], [ 16.975630867896335, 52.565761308704005 ], [ 16.976466262989927, 52.565960605326374 ], [ 16.977116799898848, 52.566055551509599 ], [ 16.977226620419213, 52.566036201909583 ], [ 16.978293673677946, 52.566324080103726 ], [ 16.978750373720828, 52.566477178477435 ], [ 16.979349584031247, 52.566678045934509 ], [ 16.979799615072157, 52.566835661846149 ], [ 16.980672255675493, 52.566440414981628 ], [ 16.981220890908077, 52.566228425250856 ], [ 16.981621113376811, 52.566098268319926 ], [ 16.981930521086987, 52.56599786168244 ], [ 16.98197607066848, 52.565983078241352 ], [ 16.982523687453167, 52.565831596431416 ], [ 16.9827113143002, 52.565779569687358 ], [ 16.982865335866713, 52.565736144083147 ], [ 16.983890598230079, 52.565513465805239 ], [ 16.984727507603111, 52.565249076567866 ], [ 16.985679774724641, 52.56488923709351 ], [ 16.98639700713375, 52.564559390037978 ], [ 16.986856804683679, 52.564381390351315 ], [ 16.98700991948774, 52.564322114122803 ], [ 16.987279265580217, 52.564241878938923 ], [ 16.987456361006792, 52.564184269115977 ], [ 16.987636005578615, 52.564119327095618 ], [ 16.988121589546576, 52.563945268715692 ], [ 16.988202998107869, 52.563969227985268 ], [ 16.989828338672609, 52.563290795316313 ], [ 16.99140272102845, 52.562689635738316 ], [ 16.992181530908557, 52.562412246044765 ], [ 16.993655728666432, 52.561870518081996 ], [ 16.995080885478142, 52.56130626515214 ], [ 16.996406861458407, 52.560786636634724 ], [ 16.997706731314246, 52.560470091185934 ], [ 16.998441957526946, 52.560315144333678 ], [ 16.999203693244077, 52.560083470615197 ], [ 16.99925921359236, 52.560066600585586 ], [ 16.99950198333611, 52.559975815072626 ], [ 17.000155926697406, 52.559514849336274 ], [ 17.000787242020561, 52.559103325842948 ], [ 17.000999854143544, 52.5589648082073 ], [ 17.00119026511614, 52.558840665793873 ], [ 17.002057255866529, 52.558409280801342 ], [ 17.002288754629149, 52.558319378694215 ], [ 17.002703586634837, 52.558137501144145 ], [ 17.002812121059918, 52.558103535640697 ], [ 17.003281697149607, 52.557944435816964 ], [ 17.003492968151821, 52.557877395223919 ], [ 17.003653916725526, 52.557803839099016 ], [ 17.003085996728512, 52.557105759240137 ], [ 17.002736455272558, 52.556615744891793 ], [ 17.002535629131149, 52.556200341831783 ], [ 17.002423915993667, 52.555683438990293 ], [ 17.000276703999706, 52.552732178347526 ], [ 17.000709018806262, 52.551400435918538 ], [ 17.000714127160911, 52.550916405388264 ], [ 17.00051521670817, 52.550459829154917 ], [ 17.000471545585068, 52.549933772962959 ], [ 17.000541814927974, 52.549131532039816 ], [ 17.000468588262148, 52.548512273123279 ], [ 17.000317240185396, 52.545151796776977 ], [ 17.000499127639827, 52.544495646547446 ], [ 17.000586774522418, 52.544054211556123 ], [ 17.000551099620523, 52.543723996980546 ], [ 17.000295025331447, 52.543410658985842 ], [ 17.000109289247419, 52.543036706885971 ], [ 16.999830189354753, 52.542115256670677 ], [ 16.999838111471558, 52.541569470761246 ], [ 17.000442519076135, 52.541280974250796 ], [ 17.00106103775612, 52.54142532871635 ], [ 17.002450018555173, 52.541716592777632 ], [ 17.003535620932386, 52.541992422130882 ], [ 17.004373151513519, 52.54215075421434 ], [ 17.005545518031806, 52.5423765262654 ], [ 17.006567828074399, 52.542558557522653 ], [ 17.007441941531532, 52.542655681790677 ], [ 17.008111614537611, 52.5427905600176 ], [ 17.009638070271176, 52.543032551110997 ], [ 17.010675308549299, 52.542885186367187 ], [ 17.011653055413273, 52.542932519710433 ], [ 17.012411340998177, 52.542976159150761 ], [ 17.013051455357942, 52.54301780964829 ], [ 17.01405491906548, 52.542869848258412 ], [ 17.015888367457773, 52.542673995047465 ], [ 17.016587944075784, 52.542520916803667 ], [ 17.016856945908209, 52.542175213351854 ], [ 17.017059809649322, 52.541797500031826 ], [ 17.017411818013038, 52.541484087256208 ], [ 17.018337043913405, 52.541571686969441 ], [ 17.019259493033935, 52.541721034995845 ], [ 17.01991786791611, 52.541732053041834 ], [ 17.021522095988651, 52.540996659682563 ], [ 17.022592785424767, 52.540478938064773 ], [ 17.023351271686394, 52.540141398451077 ], [ 17.024023955903324, 52.539833322357104 ], [ 17.024627259681825, 52.539565285692433 ], [ 17.025118646202063, 52.539532286015294 ], [ 17.02583943265433, 52.539657616562813 ], [ 17.02679470701143, 52.539828054240687 ], [ 17.027447518604546, 52.539962541778891 ], [ 17.028201158166443, 52.54010900611739 ], [ 17.02865509700225, 52.540157770382493 ], [ 17.029633398535459, 52.537928591746542 ], [ 17.030122517027674, 52.53696886429826 ], [ 17.032355506691061, 52.532586812597074 ], [ 17.032794314932655, 52.531461071670705 ], [ 17.032746578272366, 52.531457259299984 ], [ 17.032718114140973, 52.531437512373302 ], [ 17.032683672353027, 52.531425237861832 ], [ 17.032652860246326, 52.531407516919678 ], [ 17.032607108880569, 52.531395742693995 ], [ 17.032529607580472, 52.531387226439229 ], [ 17.03232314101713, 52.531158015711569 ], [ 17.031994127652307, 52.530640414422948 ], [ 17.031903816672276, 52.530236918092314 ], [ 17.031650605167911, 52.529841725446509 ], [ 17.031293717813746, 52.529543929163637 ], [ 17.030895820677944, 52.529355584741474 ], [ 17.030477911694472, 52.529210960035385 ], [ 17.030342168928023, 52.529015963455599 ], [ 17.030278697334282, 52.528618419207149 ], [ 17.030824987026296, 52.527911631462295 ], [ 17.031118219383995, 52.527613638651758 ], [ 17.031275621683591, 52.527324398722982 ], [ 17.031438598487476, 52.527112346161324 ], [ 17.031757778290849, 52.526927134711755 ], [ 17.031460457721607, 52.526777983675593 ], [ 17.031404923716984, 52.52650925073268 ], [ 17.031792758297108, 52.526144890311805 ], [ 17.031926534693508, 52.525796903758796 ], [ 17.032127349916816, 52.525460332389684 ], [ 17.032602765242139, 52.525025323525846 ], [ 17.032673334786175, 52.524945339924813 ], [ 17.03388351874273, 52.523573663243383 ], [ 17.033996641139417, 52.524821884808084 ], [ 17.033982849547947, 52.525130665984371 ], [ 17.034044374082349, 52.525265592740922 ], [ 17.037723896641335, 52.526068297111998 ], [ 17.037877613277171, 52.526068384071095 ], [ 17.038557657048425, 52.525193069534858 ], [ 17.038829048296972, 52.525181047878505 ], [ 17.039007770546732, 52.525064698910427 ], [ 17.039092789034033, 52.524783424996308 ], [ 17.039089355188384, 52.524353840097412 ], [ 17.038724810079703, 52.52443039945932 ], [ 17.038455875568296, 52.524387393877511 ], [ 17.038254507625954, 52.524246386099264 ], [ 17.038294257281066, 52.524022837421896 ], [ 17.037887527259052, 52.523676181989821 ], [ 17.038033993450579, 52.523421102284239 ], [ 17.038598651092425, 52.52325535837425 ], [ 17.03877565058669, 52.523072886310239 ], [ 17.038534458115176, 52.522801079230774 ], [ 17.038132143960198, 52.522166088139386 ], [ 17.037939000873237, 52.521652971970745 ], [ 17.03717539480709, 52.521568718426735 ], [ 17.035588855588827, 52.520909108517188 ], [ 17.035307601664506, 52.521344980485026 ], [ 17.035134728115654, 52.521375150357997 ], [ 17.035013591264942, 52.521257496300912 ], [ 17.034915900831518, 52.521019082471348 ], [ 17.034239046685251, 52.520407600124067 ], [ 17.033538689097465, 52.520120622958309 ], [ 17.032844656824782, 52.519894321300065 ], [ 17.032336869116811, 52.519742701197487 ], [ 17.031010835064667, 52.519114894817015 ], [ 17.030465344982275, 52.518797435663259 ], [ 17.030318397106075, 52.518651813034076 ], [ 17.030176452803794, 52.518495259955337 ], [ 17.029812926662213, 52.518549781524243 ], [ 17.02969778614931, 52.518702053997458 ], [ 17.029516545902741, 52.51891930687993 ], [ 17.029232629171851, 52.51921194417605 ], [ 17.028964286362534, 52.519559908076666 ], [ 17.028877680450748, 52.519679614441593 ], [ 17.028593422422468, 52.519866349886087 ], [ 17.028403718398813, 52.520331855215851 ], [ 17.028341665609542, 52.520397773493521 ], [ 17.027770970031508, 52.520321309367858 ], [ 17.027116140885028, 52.520238289398115 ], [ 17.026898864550486, 52.520188314488742 ], [ 17.026924502301434, 52.519993035135613 ], [ 17.026711148760928, 52.519855572193634 ], [ 17.026682246663594, 52.519746936322605 ], [ 17.026943050723226, 52.519390773161163 ], [ 17.027151617878364, 52.519069789679833 ], [ 17.027205099435136, 52.518818322526833 ], [ 17.027233271433158, 52.518566433329511 ], [ 17.027366733402005, 52.518414153151831 ], [ 17.027600507196819, 52.518284145915601 ], [ 17.027759104485373, 52.517948363819002 ], [ 17.027998709604976, 52.518040466310325 ], [ 17.028507448003211, 52.518170094024455 ], [ 17.028677849409277, 52.518194960522031 ], [ 17.029161101794848, 52.518087369080618 ], [ 17.029401295536619, 52.517964713980732 ], [ 17.029662483581649, 52.517776326643784 ], [ 17.029347142947749, 52.517762814424778 ], [ 17.029191153261362, 52.51762954163695 ], [ 17.028883631108577, 52.517631190410334 ], [ 17.028657926211384, 52.517531061139202 ], [ 17.028689771320376, 52.517373708787247 ], [ 17.028289302954825, 52.51729638688866 ], [ 17.028181109676222, 52.517192708230702 ], [ 17.027900473249389, 52.517041514530227 ], [ 17.027653923355277, 52.517172907168117 ], [ 17.027326363264436, 52.517042243759704 ], [ 17.026979981159112, 52.516902851097555 ], [ 17.026682052834619, 52.516702391370337 ], [ 17.026196680408582, 52.516454749529913 ], [ 17.025751355286015, 52.516320663073721 ], [ 17.025300291533128, 52.516287418302774 ], [ 17.025004238916775, 52.516488483978968 ], [ 17.024577457705519, 52.516883411108481 ], [ 17.024423071189986, 52.517004735949953 ], [ 17.0236501189911, 52.516829376204591 ], [ 17.022864754942333, 52.516629023387118 ], [ 17.022705429505638, 52.516571292816167 ], [ 17.02164453527433, 52.516275464550702 ], [ 17.021940034717609, 52.516027093111688 ], [ 17.022121607674393, 52.515903472578636 ], [ 17.022163001337159, 52.515785768584124 ], [ 17.021967036816783, 52.515727424461375 ], [ 17.02170842857517, 52.515657018951124 ], [ 17.021622309880531, 52.515564716832749 ], [ 17.021606930319333, 52.515404762696249 ], [ 17.021251332908012, 52.515283173111797 ], [ 17.019606071041384, 52.514735252060859 ], [ 17.019413263181587, 52.514707243849493 ], [ 17.019365318777211, 52.514769769335011 ], [ 17.019336334326418, 52.514912460736987 ], [ 17.01923038062607, 52.51496024800003 ], [ 17.019113496425103, 52.514950030816692 ], [ 17.01900959285366, 52.514851922161888 ], [ 17.018994734320302, 52.514479964735038 ], [ 17.018356717680614, 52.514215967111021 ], [ 17.018403195995806, 52.513985460204267 ], [ 17.018357498719929, 52.513797463728302 ], [ 17.018119175429369, 52.513677828838908 ], [ 17.017544961299432, 52.513407516758818 ], [ 17.017518359851866, 52.513623379159043 ], [ 17.017192720205941, 52.513731226181186 ], [ 17.016503341776616, 52.513668168280581 ], [ 17.01558473465202, 52.513446755709765 ], [ 17.014934207981984, 52.513271035963967 ], [ 17.014318355576911, 52.513075293800007 ], [ 17.01404999678617, 52.514533445200463 ], [ 17.014177073218988, 52.514710684958786 ], [ 17.014543130189121, 52.514830133072721 ], [ 17.015331894478351, 52.51493607113327 ], [ 17.016053178123361, 52.515040872316092 ], [ 17.016755276203131, 52.515196849397178 ], [ 17.017458769620916, 52.515321944495852 ], [ 17.018010888567321, 52.515434199153638 ], [ 17.018527878137927, 52.515576764010191 ], [ 17.014375693892294, 52.516671092886753 ], [ 17.013930528718333, 52.516807826161887 ], [ 17.013790911302102, 52.516908486211932 ], [ 17.013568946228691, 52.517337375969397 ], [ 17.013473594901306, 52.517953798315311 ], [ 17.012538067748746, 52.517883735080055 ], [ 17.008509334261294, 52.517581929397025 ], [ 17.008000844877039, 52.51762487100283 ], [ 17.007515747601559, 52.517523998800684 ], [ 17.00666319732192, 52.517334530956788 ], [ 17.00614109998341, 52.517305132477652 ], [ 17.005704295268462, 52.517256568654936 ], [ 17.005573050048341, 52.517171953020274 ], [ 17.005698146028436, 52.517019555747311 ], [ 17.006221171791484, 52.517028371051765 ], [ 17.007043697521063, 52.51713493317834 ], [ 17.007765461692003, 52.517229492461894 ], [ 17.008539707054329, 52.517283729132217 ], [ 17.009328964987819, 52.517379414904532 ], [ 17.009682811135786, 52.517395668542314 ], [ 17.009817540309125, 52.516656306502512 ], [ 17.009767732657799, 52.516264053558814 ], [ 17.009494289154176, 52.51558992741171 ], [ 17.009004005992058, 52.514159740969028 ], [ 17.008524739077469, 52.512761601160904 ], [ 17.008262618729248, 52.512211267008155 ], [ 17.008090084600198, 52.511919950771116 ], [ 17.007793877022845, 52.511750156571942 ], [ 17.00710501023363, 52.511676751760646 ], [ 17.006654185594247, 52.511566152395915 ], [ 17.005856557356562, 52.511284899438436 ], [ 17.004963317729771, 52.510878423726552 ], [ 17.003919670763857, 52.510438502193068 ], [ 17.003284705710943, 52.510293881466218 ], [ 16.998721374169154, 52.50993276435829 ], [ 16.998154117905358, 52.509887862108975 ], [ 16.997564171556981, 52.509867577367046 ], [ 16.997231317836988, 52.509834745884561 ], [ 16.997015249586841, 52.509822827549229 ], [ 16.996787155470173, 52.5097776642762 ], [ 16.99663609421404, 52.509725544869113 ], [ 16.996646989954709, 52.509684428247851 ], [ 16.996026594822233, 52.509632619464909 ], [ 16.995828564816073, 52.509621004511793 ], [ 16.995672119562492, 52.509588066514169 ], [ 16.995512918447226, 52.509516533879065 ], [ 16.995448536237692, 52.509443854319365 ], [ 16.995446782004642, 52.509383249583294 ], [ 16.99545609729206, 52.509337313349867 ], [ 16.9953051177955, 52.509323027452048 ], [ 16.995080159549079, 52.509308201500318 ], [ 16.994813491455716, 52.509317448835652 ], [ 16.994618343821287, 52.50934167502912 ], [ 16.994357686786017, 52.509417105077688 ], [ 16.994088010471241, 52.509492381625812 ], [ 16.993961499985176, 52.509594866024585 ], [ 16.993851644655372, 52.50982704300791 ], [ 16.993804920385553, 52.509961167743661 ], [ 16.993853642255104, 52.510080390610398 ], [ 16.993807669691186, 52.510198007631416 ], [ 16.99368541509126, 52.510306070735268 ], [ 16.99355489339283, 52.510397473041728 ], [ 16.993345456553477, 52.510537098040182 ], [ 16.993311125793191, 52.510795336252428 ], [ 16.993236465118848, 52.510948260760209 ], [ 16.993157545303976, 52.511095606150505 ], [ 16.993050310424501, 52.511369127993156 ], [ 16.992810555487228, 52.511480703632159 ], [ 16.99261001537085, 52.511424986195799 ], [ 16.992510939801274, 52.511321428840631 ], [ 16.992430660531436, 52.511102547140375 ], [ 16.992479396962938, 52.510924402513879 ], [ 16.99249681855051, 52.510740219656746 ], [ 16.992497080661401, 52.51053647173589 ], [ 16.992457260883235, 52.510321029994515 ], [ 16.9923664540981, 52.510234133264021 ], [ 16.992026007576232, 52.510178793825681 ], [ 16.991512579006656, 52.510156311022811 ], [ 16.990564389454814, 52.510068620391117 ], [ 16.990324530967165, 52.509984697025601 ], [ 16.990224082880243, 52.509911401884295 ], [ 16.990239504541229, 52.509771239880479 ], [ 16.990375544687272, 52.509657907640964 ], [ 16.990637957355073, 52.50964309119157 ], [ 16.990822207206151, 52.50965998763288 ], [ 16.99092817814066, 52.509612225954598 ], [ 16.991114561436405, 52.509582350178292 ], [ 16.991303069468898, 52.509604825002597 ], [ 16.99147880292994, 52.509610562169883 ], [ 16.991583769307649, 52.509584810143764 ], [ 16.991651414813433, 52.509486835755162 ], [ 16.991692506760693, 52.509377396903815 ], [ 16.991704912516315, 52.509303265403517 ], [ 16.991488848636966, 52.509291337014183 ], [ 16.991119598622792, 52.509274053629319 ], [ 16.990787300868128, 52.509238122811595 ], [ 16.990513622755504, 52.509203186804875 ], [ 16.990286292116057, 52.509141503415186 ], [ 16.990207763948749, 52.509082347677328 ], [ 16.990313231950228, 52.509045591654782 ], [ 16.990483819127, 52.509027118050795 ], [ 16.990347597169954, 52.508933361921116 ], [ 16.990445099684813, 52.508849291268348 ], [ 16.990640847695762, 52.508824905968297 ], [ 16.99072770486605, 52.50881408562725 ], [ 16.991036043302664, 52.508830752494575 ], [ 16.991133485068239, 52.508747011106117 ], [ 16.993895504908838, 52.508348347540235 ], [ 16.994038360232398, 52.508283380564386 ], [ 16.994735116697836, 52.508181888420403 ], [ 16.995310044401421, 52.508160731212918 ], [ 16.995717225472923, 52.50811612841936 ], [ 16.996279966176527, 52.507991755709973 ], [ 16.996962185417843, 52.507838502123093 ], [ 16.997438238605451, 52.507764158267463 ], [ 16.998132172672332, 52.507724401006215 ], [ 16.998331783999205, 52.50778958126125 ], [ 16.998455971554797, 52.508028592354187 ], [ 16.998875340360637, 52.508087189196573 ], [ 16.999499935289748, 52.508087452641369 ], [ 17.000275877862148, 52.508100571681531 ], [ 17.001000748878941, 52.508123123063612 ], [ 17.001776692789626, 52.508136232269855 ], [ 17.002344148100256, 52.508279721412947 ], [ 17.003272377869205, 52.50828509182621 ], [ 17.003946182162178, 52.50831706359385 ], [ 17.004192212782389, 52.508475720851123 ], [ 17.004606972914303, 52.508573041545596 ], [ 17.005213689304696, 52.508528205499076 ], [ 17.00567760743747, 52.508447918247406 ], [ 17.005946610605836, 52.508287248519984 ], [ 17.006100119168504, 52.50808608394594 ], [ 17.006325716414764, 52.508006975076626 ], [ 17.008126108549739, 52.507017562073315 ], [ 17.008349322591506, 52.506655433976405 ], [ 17.008387907908528, 52.506397392829967 ], [ 17.008425565130398, 52.506159867052908 ], [ 17.008561487282119, 52.505981482348851 ], [ 17.008921948936344, 52.505897213423395 ], [ 17.009423430979677, 52.505819422633259 ], [ 17.009775126264518, 52.505780171836797 ], [ 17.010310596932115, 52.505694736717196 ], [ 17.010743906593014, 52.505636324723255 ], [ 17.011170676283733, 52.505573694996507 ], [ 17.011598185683187, 52.505494651366362 ], [ 17.011902993046995, 52.50545049994038 ], [ 17.012241050000764, 52.505415118836559 ], [ 17.012434567831562, 52.505451219991812 ], [ 17.012367015191931, 52.505606120607446 ], [ 17.012104091241657, 52.50576595067767 ], [ 17.011863004709198, 52.505889191374251 ], [ 17.011535428510452, 52.505990446807012 ], [ 17.011184714006273, 52.506157011557832 ], [ 17.010830793283247, 52.506245503549742 ], [ 17.01050506539876, 52.506305725223847 ], [ 17.010468175015621, 52.506366846381553 ], [ 17.010787732924307, 52.506392821094693 ], [ 17.01303251290939, 52.507553648763853 ], [ 17.013533521219017, 52.507814166328679 ], [ 17.01543825777026, 52.508829721368045 ], [ 17.016825204552454, 52.508770576858744 ], [ 17.017496711622421, 52.508853934756573 ], [ 17.017914725750312, 52.508943342318645 ], [ 17.018535168011514, 52.509036139098384 ], [ 17.019107783837942, 52.509066329426666 ], [ 17.019426904146311, 52.509102573676174 ], [ 17.019452053868537, 52.509669516285186 ], [ 17.022986647396582, 52.510060729516255 ], [ 17.023618052453312, 52.51013060239891 ], [ 17.023685309520069, 52.510512840185982 ], [ 17.023950141254385, 52.510630568254577 ], [ 17.026028586678233, 52.510963977799065 ], [ 17.026748301974045, 52.509595733736361 ], [ 17.027363707896889, 52.509716216103364 ], [ 17.030831712242815, 52.510395099944134 ], [ 17.032771882214924, 52.50626602792034 ], [ 17.031195807511828, 52.504138530900136 ], [ 17.030589051457447, 52.504118130722894 ], [ 17.029719621862245, 52.504309660818222 ], [ 17.029104575007686, 52.50447452186441 ], [ 17.028712022671446, 52.504570984888829 ], [ 17.028526022141616, 52.504578185625959 ], [ 17.027576110533822, 52.504304841380204 ], [ 17.027824231872501, 52.504041168141022 ], [ 17.027695747264247, 52.503894820615692 ], [ 17.027171948673598, 52.503906687124129 ], [ 17.026597087789991, 52.503927999896234 ], [ 17.026389611262115, 52.504037842886113 ], [ 17.026342042402526, 52.504346060922522 ], [ 17.026302774017278, 52.50446901042573 ], [ 17.02209199098904, 52.504264776136225 ], [ 17.021841652582257, 52.504260013741032 ], [ 17.021339103069806, 52.504362476263282 ], [ 17.02072933613432, 52.504454930413779 ], [ 17.02048073292838, 52.504446664454008 ], [ 17.02035584189051, 52.504231052311681 ], [ 17.020389744666289, 52.504075584201615 ], [ 17.020696193234595, 52.503994481925844 ], [ 17.020995363777153, 52.503925575694375 ], [ 17.021348324608923, 52.50385756843901 ], [ 17.021666375010756, 52.503817719681024 ], [ 17.021944634248111, 52.503764886130789 ], [ 17.022218148159993, 52.503710664037328 ], [ 17.028013077770886, 52.502839171008546 ], [ 17.02829446034179, 52.502586351652958 ], [ 17.028927789933576, 52.501257855673757 ], [ 17.028987597805347, 52.501052844426887 ], [ 17.028522261172583, 52.500890584139256 ], [ 17.024953739625079, 52.498791578033043 ], [ 17.025792189876981, 52.496652790801178 ], [ 17.025550296141997, 52.496401543723501 ], [ 17.025047141139147, 52.496331341581296 ], [ 17.024563620500366, 52.49619966276375 ], [ 17.024697356611302, 52.495851682385592 ], [ 17.025102960374085, 52.495085924648912 ], [ 17.025368367734529, 52.494812244654561 ], [ 17.025679289233835, 52.49465262822261 ], [ 17.02603388253857, 52.494648245860759 ], [ 17.026134602123733, 52.494660227046722 ], [ 17.026372534351047, 52.494622995641045 ], [ 17.026768689604122, 52.494444197689191 ], [ 17.026951148977393, 52.494138229232981 ], [ 17.027615995034719, 52.492480651910675 ], [ 17.027850128804879, 52.491773827928903 ], [ 17.02810738673092, 52.49130429831267 ], [ 17.028521461830856, 52.490724077561126 ], [ 17.02891774346649, 52.490164159679011 ], [ 17.033905161130491, 52.490329570271484 ], [ 17.03670652733998, 52.490324600086332 ], [ 17.037496744974693, 52.490389215867637 ], [ 17.038301994457786, 52.49049527721953 ], [ 17.039187436641285, 52.490695365985751 ], [ 17.03965591178855, 52.490785534308849 ], [ 17.039364974589056, 52.491635644324596 ], [ 17.039402282629275, 52.491934973963076 ], [ 17.039561292692927, 52.492153917644245 ], [ 17.040193833400316, 52.492349806680949 ], [ 17.040903897411852, 52.492320367862206 ], [ 17.041621278915684, 52.492126239808378 ], [ 17.042002317559454, 52.491905939505443 ], [ 17.042136760707127, 52.491918465314676 ], [ 17.044203587267859, 52.491736350097916 ], [ 17.044657961737073, 52.491764463013723 ], [ 17.044858485513434, 52.491808979224793 ], [ 17.045654493091959, 52.494407528230518 ], [ 17.047623283132406, 52.499868333425489 ], [ 17.054319282160524, 52.498825019651782 ], [ 17.054449156615583, 52.498559346608708 ], [ 17.054476020771716, 52.498333180675367 ], [ 17.054842003271641, 52.498071390228084 ], [ 17.055323764574041, 52.497863003874492 ], [ 17.055498773683059, 52.497721675933036 ], [ 17.051417219947464, 52.493462263750978 ], [ 17.052248068425367, 52.493372944239944 ], [ 17.05239699928336, 52.493339397082842 ], [ 17.052674197220011, 52.493276956712535 ], [ 17.053030006672959, 52.493203904471088 ], [ 17.053185094658051, 52.493172062506829 ], [ 17.053641308952859, 52.493158969583391 ], [ 17.054125903540488, 52.493173994658903 ], [ 17.054349106938119, 52.493180914510987 ], [ 17.054716343668236, 52.493202276945432 ], [ 17.055089723561785, 52.493223995543758 ], [ 17.05541504234753, 52.493234315288248 ], [ 17.055763797133945, 52.493245377469904 ], [ 17.0565231930312, 52.493169681355894 ], [ 17.056899532229519, 52.49313013526703 ], [ 17.057410418372562, 52.493025222694101 ], [ 17.057729910667991, 52.493051069980361 ], [ 17.058023468596549, 52.49328249773356 ], [ 17.058249576279223, 52.493512817500417 ], [ 17.058525823090395, 52.493754260129165 ], [ 17.058819843247395, 52.493975393054335 ], [ 17.06150702034104, 52.495420308735113 ], [ 17.056542716248678, 52.498542259385189 ], [ 17.058168826630844, 52.499557797516054 ], [ 17.058714961842885, 52.499803669269937 ], [ 17.059065514872088, 52.499891824375823 ], [ 17.069130648665872, 52.499757833706347 ], [ 17.069313682840807, 52.499759915211285 ], [ 17.069311971066288, 52.500182822565826 ], [ 17.069479597167938, 52.500268245018063 ], [ 17.070689444281598, 52.500390986434681 ], [ 17.071395116591571, 52.500464295404917 ], [ 17.072081673108077, 52.500588790216803 ], [ 17.072553025455971, 52.500617071857185 ], [ 17.072823785008982, 52.500600882569863 ], [ 17.072984584852204, 52.500397495693441 ], [ 17.073289975400165, 52.50036126884239 ], [ 17.077230115646582, 52.50018847082557 ], [ 17.078228357172282, 52.500132589995154 ], [ 17.079091668002235, 52.500074509767849 ], [ 17.0792667696183, 52.500104266225705 ], [ 17.079504610571878, 52.500668332306255 ], [ 17.079611072908445, 52.501077257426047 ], [ 17.079699713566722, 52.501281951328096 ], [ 17.077744658189221, 52.501677239363694 ], [ 17.077186131669468, 52.501969710115212 ], [ 17.076619193181205, 52.502197400783395 ], [ 17.076006592979905, 52.502311042677881 ], [ 17.075568953676303, 52.502283323392867 ], [ 17.074975465463101, 52.502345769305371 ], [ 17.07406937191314, 52.502609129594703 ], [ 17.072853356790095, 52.503011638988454 ], [ 17.072222067142484, 52.503166158207769 ], [ 17.072077172757069, 52.503204580723896 ], [ 17.071906666854147, 52.503249794484923 ], [ 17.071709744746535, 52.503302012716844 ], [ 17.071319610754323, 52.505273313718398 ], [ 17.071006451488049, 52.506257038065506 ], [ 17.070879095436297, 52.506852379601128 ], [ 17.070688054520346, 52.507745391478892 ], [ 17.074772813095638, 52.507369023308065 ], [ 17.076282678381226, 52.507197879174797 ], [ 17.076905473927454, 52.50723890578508 ], [ 17.077373306585439, 52.507349512897861 ], [ 17.077632885647386, 52.507588176959658 ], [ 17.077797503995374, 52.507598153838501 ], [ 17.078472010760898, 52.506789307440719 ], [ 17.078571856995229, 52.506816191657705 ], [ 17.079483022583741, 52.506964581575687 ], [ 17.079409715206261, 52.506871002937444 ], [ 17.079453819902607, 52.506785489651662 ], [ 17.079958879002593, 52.506777263242498 ], [ 17.080367647920745, 52.506816746135051 ], [ 17.08076672298143, 52.50676984105737 ], [ 17.080957156573039, 52.506723656474676 ], [ 17.080895274087915, 52.506599467927948 ], [ 17.080597317916624, 52.506487873980348 ], [ 17.080420404655605, 52.506378243400945 ], [ 17.080263844620912, 52.506264836676962 ], [ 17.08024706894513, 52.506186547460558 ], [ 17.080447801288006, 52.506058407688947 ], [ 17.080831811445602, 52.50604821340049 ], [ 17.08104574330579, 52.506080426876309 ], [ 17.081175764242925, 52.506185189788404 ], [ 17.081287153398137, 52.506408728904191 ], [ 17.081409473048598, 52.506489833984375 ], [ 17.081502986509371, 52.506551838592209 ], [ 17.081611651608487, 52.506528963831059 ], [ 17.081763410095306, 52.506289161454632 ], [ 17.08185886953099, 52.506105932248758 ], [ 17.081890633243486, 52.506081553691921 ], [ 17.0819613895511, 52.506069612528393 ], [ 17.081992832387932, 52.506071918757556 ], [ 17.082037961755979, 52.506088305150278 ], [ 17.082189912985957, 52.506230377879582 ], [ 17.082299763541833, 52.506334812543351 ], [ 17.082464839954326, 52.506407293018505 ], [ 17.082594295694651, 52.506414518992678 ], [ 17.082634305390592, 52.506270963301773 ], [ 17.083315762028285, 52.506127501612916 ], [ 17.084396683376546, 52.50611410862119 ], [ 17.084626575034683, 52.506262035061006 ], [ 17.084947834204588, 52.506638046568 ], [ 17.085385076084773, 52.506676024654695 ], [ 17.085674722152181, 52.506654550151715 ], [ 17.085665361553062, 52.506604750777868 ], [ 17.08560647149552, 52.506488825512037 ], [ 17.085624913968857, 52.506374151648089 ], [ 17.085743001807188, 52.506211816359304 ], [ 17.086019445600591, 52.506121847699688 ], [ 17.086289495449044, 52.506101579578221 ], [ 17.086443356875229, 52.506122546125411 ], [ 17.086544200051875, 52.506202194165375 ], [ 17.086555574850646, 52.506327615820531 ], [ 17.086523863957908, 52.506437969050658 ], [ 17.086433414347759, 52.506506310636262 ], [ 17.086201302682969, 52.506582625914113 ], [ 17.086172976147079, 52.506622718924483 ], [ 17.086248507284079, 52.506617893389226 ], [ 17.086907277826541, 52.506607947826886 ], [ 17.087583810583549, 52.506577685157097 ], [ 17.088125840373863, 52.50653494470729 ], [ 17.088718028337443, 52.506503312433232 ], [ 17.089197047046991, 52.506356546197004 ], [ 17.089558429545171, 52.506197578109841 ], [ 17.089849211203319, 52.506109570997182 ], [ 17.089904187342849, 52.506398866652837 ], [ 17.090168282789076, 52.506537034143221 ], [ 17.092166361885383, 52.506394168923762 ], [ 17.090468155444334, 52.503513590562811 ], [ 17.089250168340307, 52.501629571036709 ], [ 17.089698076457299, 52.501420498754662 ], [ 17.089877900024668, 52.501165895164348 ], [ 17.089951613875002, 52.501022881290311 ], [ 17.090259673016419, 52.500924852006037 ], [ 17.090567730801791, 52.500826821904901 ], [ 17.090842054406366, 52.500728246580252 ], [ 17.091106646038877, 52.500464708902605 ], [ 17.091205248018518, 52.500136690603846 ], [ 17.091333121488823, 52.49991214744604 ], [ 17.09144323584384, 52.499707918213595 ], [ 17.091733079060269, 52.499640492135889 ], [ 17.092342483761943, 52.499598819747682 ], [ 17.092812503906252, 52.499657900004244 ], [ 17.093244338626757, 52.499819365793329 ], [ 17.0935558864943, 52.500030392937354 ], [ 17.0937378515749, 52.500115727673808 ], [ 17.094666186881536, 52.501675726686699 ], [ 17.095378511998625, 52.502377316560185 ], [ 17.09619158281544, 52.503482234231477 ], [ 17.096686490484462, 52.503747704847228 ], [ 17.097010000583619, 52.504855039071003 ], [ 17.098576478205217, 52.505714549396458 ], [ 17.098783327921382, 52.50600628148468 ], [ 17.099184174649185, 52.506105425232356 ], [ 17.099623201167464, 52.50610217821967 ], [ 17.10037207635445, 52.505959701597796 ], [ 17.100901656840371, 52.505813700116782 ], [ 17.101297173975858, 52.505644944142013 ], [ 17.101727311917596, 52.505456141857501 ], [ 17.10201892064341, 52.505297166281217 ], [ 17.099666611563862, 52.498750534028623 ], [ 17.099521911047969, 52.498347759963302 ], [ 17.097810970286162, 52.498493487627947 ], [ 17.097797135324111, 52.498407730567557 ], [ 17.097218767367668, 52.495990058261057 ], [ 17.097191193013288, 52.495894906014492 ], [ 17.096097241368319, 52.49128181618179 ], [ 17.096173714850924, 52.491118093705531 ], [ 17.095968919579736, 52.490998080674636 ], [ 17.094818571094304, 52.490323941008469 ], [ 17.094385150827048, 52.490787111497845 ], [ 17.094010064314688, 52.491216320847563 ], [ 17.09381826976869, 52.491451387363625 ], [ 17.093694761408834, 52.491662917157676 ], [ 17.093452533912977, 52.491975187293612 ], [ 17.093263218449689, 52.492152806671747 ], [ 17.093053048490635, 52.492190480177804 ], [ 17.093038183257626, 52.492223089790642 ], [ 17.093071238197158, 52.49239197516026 ], [ 17.093271644853989, 52.492579982908985 ], [ 17.093360433655246, 52.492704598842479 ], [ 17.093508482920569, 52.492858912954368 ], [ 17.093176771866084, 52.492906946161042 ], [ 17.092812868121126, 52.492921610127631 ], [ 17.092691711084047, 52.492767728757997 ], [ 17.092612843242822, 52.492569361445383 ], [ 17.09260437097479, 52.492454252402176 ], [ 17.092418806683849, 52.492389667607135 ], [ 17.092089052128539, 52.492392561559242 ], [ 17.091784765925237, 52.492428714724852 ], [ 17.091560082410592, 52.49249078840829 ], [ 17.09143798186679, 52.492669489346866 ], [ 17.091331457902541, 52.492799167601632 ], [ 17.091051569922996, 52.492893198811032 ], [ 17.090859784562827, 52.492972226734253 ], [ 17.090840473381036, 52.493107418292411 ], [ 17.090974003425838, 52.49328613822734 ], [ 17.091028818635841, 52.493418419946877 ], [ 17.090921580578179, 52.493564510947103 ], [ 17.090607718162232, 52.493666205120469 ], [ 17.090247684965366, 52.493746622255969 ], [ 17.089905471641917, 52.493260676102764 ], [ 17.089752987194025, 52.493208939774767 ], [ 17.089528830567421, 52.493258699666413 ], [ 17.089013073248402, 52.493517268837515 ], [ 17.088817366578663, 52.493686565645255 ], [ 17.088761410238998, 52.493890969520642 ], [ 17.088786659409081, 52.49408436698014 ], [ 17.088890623820348, 52.494324203961469 ], [ 17.088990179853763, 52.494510589548028 ], [ 17.089252252293814, 52.494982925276815 ], [ 17.089405060330655, 52.495182489130109 ], [ 17.08954602505278, 52.495344906069732 ], [ 17.089774566382754, 52.495504630957875 ], [ 17.090016199504667, 52.495672779094598 ], [ 17.090174348608297, 52.495749243408675 ], [ 17.090259079307273, 52.495812203745977 ], [ 17.090370524258073, 52.495879701446384 ], [ 17.09054389875099, 52.495915349474863 ], [ 17.090779380355734, 52.49591504426995 ], [ 17.090860767070442, 52.495899933210772 ], [ 17.09107113433701, 52.495858160520513 ], [ 17.091149352922514, 52.495760874998957 ], [ 17.091149740008017, 52.495596634965359 ], [ 17.091123591001033, 52.495423754394089 ], [ 17.09106684969111, 52.495180575446085 ], [ 17.091100673425693, 52.495020981146055 ], [ 17.091230215842607, 52.494825976023606 ], [ 17.091376726405322, 52.494705155383741 ], [ 17.091560729475965, 52.494650637985842 ], [ 17.091660860344508, 52.494668678061302 ], [ 17.091754772220312, 52.494830333227945 ], [ 17.091924796753215, 52.49478790823121 ], [ 17.092177093323592, 52.494709854535984 ], [ 17.092382862458322, 52.4946187315063 ], [ 17.092543169934, 52.494489919628755 ], [ 17.092835800193871, 52.494412514936833 ], [ 17.093389195855391, 52.49437216217391 ], [ 17.093669953458832, 52.494413642594594 ], [ 17.093889496853276, 52.494470560573085 ], [ 17.094030121079076, 52.494641178914733 ], [ 17.093877250103741, 52.494753687989892 ], [ 17.093559148244115, 52.494797835490978 ], [ 17.093311800916041, 52.494917033459515 ], [ 17.093003413963729, 52.495047565351022 ], [ 17.092690433578326, 52.495128748506133 ], [ 17.092392496472385, 52.495173218029201 ], [ 17.092085703993266, 52.495266817855388 ], [ 17.091964308279717, 52.495429106041009 ], [ 17.091884137594988, 52.495571528324582 ], [ 17.091659260374463, 52.495637705304148 ], [ 17.09145703940386, 52.4956467612136 ], [ 17.091377399864061, 52.495776873261718 ], [ 17.091411872565953, 52.495912932651223 ], [ 17.091495183603016, 52.496008718434084 ], [ 17.09156113927278, 52.496194559594102 ], [ 17.091507680248807, 52.496341518729999 ], [ 17.09126935243502, 52.496407477978018 ], [ 17.090770102428348, 52.496284448649703 ], [ 17.090453409133957, 52.496295761356805 ], [ 17.090128925577947, 52.496331584381686 ], [ 17.089832223030097, 52.496347324347063 ], [ 17.089591617226311, 52.496310589506294 ], [ 17.089419843229539, 52.496238010520024 ], [ 17.089110762745094, 52.496228911800607 ], [ 17.088765575721602, 52.496276715111712 ], [ 17.088456839587806, 52.496326351223125 ], [ 17.088311573534472, 52.496351502015791 ], [ 17.088205293431592, 52.496165007244535 ], [ 17.088267266383244, 52.495977125538005 ], [ 17.088479772367311, 52.49588611810276 ], [ 17.088722332634191, 52.495877719067408 ], [ 17.088957280090291, 52.495889727336795 ], [ 17.08921822986078, 52.495922685957325 ], [ 17.089431585528136, 52.495967193762169 ], [ 17.089706693634842, 52.495983955346716 ], [ 17.089902371334301, 52.495970690603194 ], [ 17.089987137783663, 52.495877617723551 ], [ 17.089939401506818, 52.495737237560434 ], [ 17.089769230044332, 52.49562772952023 ], [ 17.089580669677407, 52.495476862660304 ], [ 17.089379198592898, 52.495313468477903 ], [ 17.088993582191438, 52.495052657487861 ], [ 17.088770167133674, 52.494929969302483 ], [ 17.088523915116564, 52.494868504041314 ], [ 17.08820193294406, 52.494846875916672 ], [ 17.087864190871528, 52.494878372229053 ], [ 17.087614022822642, 52.494907177272431 ], [ 17.087526092174709, 52.494918074133281 ], [ 17.087463494462824, 52.494810301890993 ], [ 17.087662550837539, 52.49471907847505 ], [ 17.088191733692003, 52.494616766147075 ], [ 17.088195294062178, 52.49453470050053 ], [ 17.088171963482626, 52.494452200231784 ], [ 17.088112527038195, 52.4944266026191 ], [ 17.087909598882092, 52.494452065639763 ], [ 17.087863786097682, 52.494422581962745 ], [ 17.087862226768721, 52.494303478120472 ], [ 17.087761073473356, 52.494154021162728 ], [ 17.087717753932115, 52.494067091489391 ], [ 17.087580673477792, 52.493970433630622 ], [ 17.087563888895669, 52.493892145218204 ], [ 17.087488381464045, 52.493771845760563 ], [ 17.08756411107834, 52.49373200855581 ], [ 17.087813916369385, 52.493711410113306 ], [ 17.088118748511956, 52.493662957437614 ], [ 17.088341840739186, 52.493637819956326 ], [ 17.088470994221016, 52.493607057876289 ], [ 17.088501978262457, 52.493513116897702 ], [ 17.088412845742138, 52.49339670401627 ], [ 17.088358004303011, 52.493307963912955 ], [ 17.088245317790026, 52.49318253902333 ], [ 17.087486457948476, 52.491614924911197 ], [ 17.08735027070502, 52.491447917861805 ], [ 17.087247810006176, 52.491281456033661 ], [ 17.086983318291871, 52.491304087884338 ], [ 17.08657290492609, 52.491305661877313 ], [ 17.085757374665949, 52.491341740609023 ], [ 17.085594793018352, 52.491367852519033 ], [ 17.085495690510513, 52.491481221096166 ], [ 17.085416397831192, 52.491603122565763 ], [ 17.085313780844395, 52.491642523171222 ], [ 17.0851724344117, 52.491644341263438 ], [ 17.084961421962195, 52.491546483389413 ], [ 17.084742083315039, 52.491485445786196 ], [ 17.084417151023075, 52.491377529959017 ], [ 17.084084071068634, 52.491302330567386 ], [ 17.083796977402862, 52.491252512200653 ], [ 17.083481211171325, 52.491243290208963 ], [ 17.08303010826047, 52.491252404944973 ], [ 17.082752176526853, 52.491301280471518 ], [ 17.082413208447594, 52.491361484358485 ], [ 17.082196311256322, 52.491399029546535 ], [ 17.082079533173481, 52.49145462242133 ], [ 17.082418013145283, 52.492178689050569 ], [ 17.082425682416719, 52.492466244894096 ], [ 17.082303188036104, 52.492653142588907 ], [ 17.082185986530654, 52.492872975288236 ], [ 17.082081935127835, 52.492945199177733 ], [ 17.081945763574421, 52.492828018578976 ], [ 17.082067251969601, 52.492509707669306 ], [ 17.082171901113412, 52.492269140736937 ], [ 17.082241151820298, 52.492069061448134 ], [ 17.082089994020365, 52.49183255922776 ], [ 17.081914563567267, 52.491690104995634 ], [ 17.08171224518399, 52.49154721443881 ], [ 17.081642765489995, 52.491443433489806 ], [ 17.081566742499991, 52.491335440206107 ], [ 17.081331464411612, 52.491331624036079 ], [ 17.081153113377212, 52.491410854218003 ], [ 17.081122651283398, 52.491492483364731 ], [ 17.081322645173206, 52.491688717393224 ], [ 17.081429242941127, 52.491867011564352 ], [ 17.081403895642222, 52.491985679225955 ], [ 17.081138687596003, 52.492051182037521 ], [ 17.080846232008426, 52.492124454506957 ], [ 17.080532357371748, 52.492226121844034 ], [ 17.080231926058005, 52.492328006541463 ], [ 17.080059933876967, 52.492415550637936 ], [ 17.080040589896498, 52.492550740129431 ], [ 17.080108458643473, 52.492691451360152 ], [ 17.080159665311577, 52.492905803092974 ], [ 17.07988794255045, 52.493275053652795 ], [ 17.079803338895598, 52.493364015914203 ], [ 17.07970736351513, 52.493559553806541 ], [ 17.079674215082154, 52.493702731450867 ], [ 17.079742263133948, 52.493839339608996 ], [ 17.07996160624991, 52.493900386506674 ], [ 17.08016364229189, 52.493895453456943 ], [ 17.080318977475496, 52.493881549833795 ], [ 17.080382162129624, 52.493820982768611 ], [ 17.080415487102989, 52.493673701643125 ], [ 17.080454998206555, 52.49353883938938 ], [ 17.080565597497301, 52.493470829328622 ], [ 17.080801065596379, 52.493470543864092 ], [ 17.081052301603474, 52.493417133591976 ], [ 17.081181816645518, 52.493378172980243 ], [ 17.081319661850568, 52.493302391867722 ], [ 17.081451677249138, 52.493205985217649 ], [ 17.081615875610346, 52.49314294969075 ], [ 17.081722364068391, 52.493169313673768 ], [ 17.081717005695477, 52.493292411706236 ], [ 17.081520915061702, 52.493469902723419 ], [ 17.081362366017885, 52.493557666743918 ], [ 17.081130939956058, 52.493619611367507 ], [ 17.080858999036508, 52.49368500438171 ], [ 17.080761130019976, 52.49376964592669 ], [ 17.080749046228323, 52.493892634800645 ], [ 17.080798717019896, 52.493987882499638 ], [ 17.080705604011769, 52.494117768974611 ], [ 17.080661157610223, 52.494211489574539 ], [ 17.080728673345728, 52.494360406984278 ], [ 17.080823795193322, 52.494493347594812 ], [ 17.080760610152307, 52.494553914885962 ], [ 17.08052209781296, 52.494623955701293 ], [ 17.080428158350042, 52.494618325128428 ], [ 17.080310436652816, 52.494386469478215 ], [ 17.080227153108194, 52.494290676055257 ], [ 17.079953240108168, 52.49440120282182 ], [ 17.079826510158714, 52.494530542944034 ], [ 17.07973886420605, 52.494689260573352 ], [ 17.079695130393453, 52.494766567728952 ], [ 17.079963898086234, 52.495082999129139 ], [ 17.080078900749896, 52.495068441118548 ], [ 17.08027725824072, 52.494993643343697 ], [ 17.08037863626058, 52.494982970090099 ], [ 17.080399271256354, 52.495127020701041 ], [ 17.08035357186591, 52.495249463996174 ], [ 17.080449051913519, 52.495374198370527 ], [ 17.080369380572897, 52.495504302705783 ], [ 17.080190474454302, 52.495595840992969 ], [ 17.080067496094756, 52.495639012814934 ], [ 17.079729206279094, 52.495682795566431 ], [ 17.079487003519013, 52.495682969632789 ], [ 17.079093215244555, 52.495610876892947 ], [ 17.078773737571904, 52.495531777465196 ], [ 17.078494061369156, 52.4954656422101 ], [ 17.078306358431622, 52.495450274482813 ], [ 17.077937317855021, 52.495427853891556 ], [ 17.077677553834381, 52.495522180695069 ], [ 17.077598053091318, 52.495648179823249 ], [ 17.077466299915677, 52.49589240845556 ], [ 17.077288460538291, 52.495959322742024 ], [ 17.076903284300052, 52.495998229159269 ], [ 17.076560236094835, 52.495996757696766 ], [ 17.076305481590691, 52.495976190329394 ], [ 17.076030379434876, 52.495959397625633 ], [ 17.07592281279782, 52.495957648009465 ], [ 17.075329941918373, 52.495976746126814 ], [ 17.075078326117101, 52.496038350515313 ], [ 17.074771671226458, 52.49612780175984 ], [ 17.074436421031624, 52.496101814055955 ], [ 17.074029550585543, 52.496021279132769 ], [ 17.073578717839652, 52.495792204809774 ], [ 17.073197403126965, 52.495588898136631 ], [ 17.0729869374792, 52.49547870930008 ], [ 17.072916216386606, 52.495403646144787 ], [ 17.073026831885663, 52.495335643310447 ], [ 17.073207809467103, 52.495350909886383 ], [ 17.073381346757245, 52.495382479674014 ], [ 17.073619336072621, 52.495324763155274 ], [ 17.073884754043757, 52.495255174287308 ], [ 17.074110013784836, 52.495180824838052 ], [ 17.07436816943072, 52.495123435156977 ], [ 17.074512395865813, 52.495055978102705 ], [ 17.074465068470257, 52.494907385660838 ], [ 17.074416665568997, 52.494783412694204 ], [ 17.074476364190257, 52.494648880959133 ], [ 17.074608398473458, 52.494552482150453 ], [ 17.074810079342456, 52.494555764779868 ], [ 17.075061777775172, 52.494646090550361 ], [ 17.075285331798327, 52.494764701001642 ], [ 17.075603543094886, 52.494872532510996 ], [ 17.075970427752473, 52.494944199362514 ], [ 17.076473918434015, 52.494968812546553 ], [ 17.076920486198432, 52.494910374842263 ], [ 17.077394480902637, 52.494840062750001 ], [ 17.077775429707316, 52.494743599777046 ], [ 17.078273347308748, 52.49458744345678 ], [ 17.078412453764155, 52.494482943020273 ], [ 17.078433771913055, 52.494302618043029 ], [ 17.078206530994809, 52.494114148855807 ], [ 17.078119214222426, 52.493956695891143 ], [ 17.078207401282, 52.493785669708522 ], [ 17.078445273311761, 52.493576013509525 ], [ 17.078857645995743, 52.493221369132094 ], [ 17.078443942172822, 52.492680847600042 ], [ 17.078339501735726, 52.492453311736909 ], [ 17.078311973218437, 52.492313254828716 ], [ 17.07856535226875, 52.492210610668998 ], [ 17.078825631359919, 52.492103971875736 ], [ 17.079066278784953, 52.491984695201452 ], [ 17.079188427198755, 52.491806007477912 ], [ 17.079282149305396, 52.491507779203758 ], [ 17.079288765918868, 52.491355958467011 ], [ 17.0791996621316, 52.491239538877892 ], [ 17.078818538742169, 52.491032147043583 ], [ 17.078487618124385, 52.490907692859516 ], [ 17.078206897991848, 52.490866176730002 ], [ 17.077807606969859, 52.490921281165669 ], [ 17.077325500973668, 52.491024312171135 ], [ 17.076871811219764, 52.491246882125623 ], [ 17.076419108105121, 52.491600863805402 ], [ 17.07617890889674, 52.491863858326091 ], [ 17.07598065303122, 52.492090579106659 ], [ 17.075765811239862, 52.49223490637317 ], [ 17.075400746432425, 52.492430169290621 ], [ 17.075213507522559, 52.492558520012629 ], [ 17.075112762762046, 52.492708808857522 ], [ 17.07505817822247, 52.492880379666204 ], [ 17.074926687743659, 52.492964469305598 ], [ 17.074786233241557, 52.49294575868349 ], [ 17.074661195698699, 52.492882130978437 ], [ 17.074336728033508, 52.492609948166205 ], [ 17.074029916399635, 52.492703501001621 ], [ 17.073695317001032, 52.492817131370053 ], [ 17.073395848374911, 52.493050411926845 ], [ 17.072810193491851, 52.492905367893876 ], [ 17.072585564120818, 52.493119334885428 ], [ 17.0724030623565, 52.493292926278272 ], [ 17.072192951061773, 52.49348249210324 ], [ 17.07203671742289, 52.493516901265778 ], [ 17.071968155282317, 52.493392598634813 ], [ 17.071970229287651, 52.493191430092352 ], [ 17.07185076063492, 52.493000598878133 ], [ 17.071744199219914, 52.492822296453923 ], [ 17.071604026690544, 52.492643445968561 ], [ 17.071486356655662, 52.492411581960532 ], [ 17.071447200936309, 52.492230272023946 ], [ 17.071355703671887, 52.49201525927176 ], [ 17.071282039590155, 52.49185391745322 ], [ 17.071135765950114, 52.49181457671267 ], [ 17.06981572093105, 52.491542566815298 ], [ 17.069422345626318, 52.491462235860162 ], [ 17.068994461914663, 52.491401871101196 ], [ 17.068713927983659, 52.491356229262337 ], [ 17.068504213012492, 52.491229619726937 ], [ 17.068527170437296, 52.491151329606808 ], [ 17.068070777212718, 52.491355334226128 ], [ 17.068153309273583, 52.49146754889022 ], [ 17.067878257753229, 52.491910629303653 ], [ 17.068042177232833, 52.492007748735702 ], [ 17.067495643297015, 52.492351951799911 ], [ 17.067626311641078, 52.492440316197452 ], [ 17.067106478667625, 52.492789059870354 ], [ 17.066742811567327, 52.492951469774404 ], [ 17.066134398856068, 52.492554854212898 ], [ 17.066244036356295, 52.492483353511062 ], [ 17.066475639242181, 52.492321660771729 ], [ 17.066103291245376, 52.492021671930324 ], [ 17.066254952247068, 52.491958013324052 ], [ 17.067137114217608, 52.491323656309007 ], [ 17.067869897611502, 52.491487556831053 ], [ 17.068035285101523, 52.491378695862501 ], [ 17.06724135335314, 52.490787450739937 ], [ 17.06695413474085, 52.490817659692603 ], [ 17.066764354931731, 52.490773496303724 ], [ 17.066636874233417, 52.490689289164848 ], [ 17.066523828197237, 52.490582733872266 ], [ 17.066383804529259, 52.490477790542371 ], [ 17.066221274978577, 52.490425859382881 ], [ 17.066093792557645, 52.490424972682547 ], [ 17.066002718914582, 52.490424339138251 ], [ 17.065810330698021, 52.490439671100354 ], [ 17.065573319425884, 52.490398839602783 ], [ 17.065510991054211, 52.490362917752286 ], [ 17.06559861819316, 52.490282227322567 ], [ 17.065735579499062, 52.490226980655457 ], [ 17.06588709461705, 52.490223299012598 ], [ 17.066053524179743, 52.490262975879141 ], [ 17.06625974603357, 52.490315621587392 ], [ 17.066466010113597, 52.490211269994589 ], [ 17.068956444162069, 52.488951259919801 ], [ 17.070538114776774, 52.49015964950312 ], [ 17.068782629190526, 52.491016538552337 ], [ 17.069143646967973, 52.491067600262227 ], [ 17.069502149305542, 52.491176106234732 ], [ 17.069821758020346, 52.491251127054987 ], [ 17.070235119103494, 52.491335888927914 ], [ 17.070668648415339, 52.49142097831006 ], [ 17.071070184687422, 52.491468588816005 ], [ 17.071463383637578, 52.491553017564286 ], [ 17.071786130248249, 52.491710207620201 ], [ 17.072100720902494, 52.491900113212942 ], [ 17.072361894735391, 52.492080935103083 ], [ 17.072689396854344, 52.49228336800801 ], [ 17.072968051145615, 52.4925260658922 ], [ 17.073231385018754, 52.492657646946405 ], [ 17.07349050930393, 52.492731672463208 ], [ 17.073782263318133, 52.492674831341006 ], [ 17.073997472348072, 52.492522301271251 ], [ 17.074062277487588, 52.492424808385678 ], [ 17.073948627406015, 52.4922546049037 ], [ 17.073820636855906, 52.492104698629092 ] ], [ [ 16.984267852365203, 52.467212398319802 ], [ 16.984265733752711, 52.467263717614472 ], [ 16.984518239978833, 52.467268568082936 ], [ 16.984590549298098, 52.46734705433802 ], [ 16.984605481904548, 52.467573920121779 ], [ 16.984536386031607, 52.467794203521073 ], [ 16.984549476341833, 52.467876830726127 ], [ 16.984828017493108, 52.467871277194185 ], [ 16.984844597269081, 52.468062119199111 ], [ 16.984640952179198, 52.468089550254668 ], [ 16.984612380820511, 52.468161166902654 ], [ 16.984623590183713, 52.468284964083246 ], [ 16.9845461058732, 52.468319695300991 ], [ 16.984334032939167, 52.468346982196628 ], [ 16.984115414931669, 52.468332955089799 ], [ 16.98298669286525, 52.468488817030178 ], [ 16.982844619180277, 52.468460642364938 ], [ 16.982612216172821, 52.468630189442578 ], [ 16.982539565097426, 52.468737547290672 ], [ 16.982525195168833, 52.468866584607369 ], [ 16.982624127301207, 52.468925156678857 ], [ 16.982941628358549, 52.46901848476675 ], [ 16.983100261250989, 52.469067732129652 ], [ 16.983281914917882, 52.469169084855935 ], [ 16.983378722378582, 52.469274161728329 ], [ 16.983297138408005, 52.469391710287624 ], [ 16.982958884575623, 52.469566936712901 ], [ 16.982563290810631, 52.469699813594382 ], [ 16.982294375991366, 52.469840021959122 ], [ 16.982093149124637, 52.469981384762406 ], [ 16.981924820138829, 52.470143993840395 ], [ 16.981786551645389, 52.470389856487145 ], [ 16.981757056806277, 52.470551704153884 ], [ 16.981769053506458, 52.470772233920592 ], [ 16.981859291000866, 52.470835829503095 ], [ 16.982182714447532, 52.470799978147419 ], [ 16.982496966895628, 52.470779483342199 ], [ 16.982775955556974, 52.470789413961633 ], [ 16.983016608837637, 52.470896944722796 ], [ 16.983028568941471, 52.471005745947529 ], [ 16.982809707068668, 52.47116232307679 ], [ 16.982661608105207, 52.471252880106455 ], [ 16.982486233041612, 52.471384341992149 ], [ 16.982389138036915, 52.471470597524977 ], [ 16.982369141850707, 52.471537483225582 ], [ 16.982485948254698, 52.471575675119169 ], [ 16.982697958884195, 52.471568949309422 ], [ 16.982859909399696, 52.471545855356489 ], [ 16.983062040420574, 52.471569988154656 ], [ 16.983091160167621, 52.471673910728001 ], [ 16.983156489375595, 52.471726737874803 ], [ 16.983375071937417, 52.471761493295936 ], [ 16.983643479222629, 52.471817783040571 ], [ 16.983693869106951, 52.471856878259928 ], [ 16.983725259977057, 52.471881232962858 ], [ 16.983669765476204, 52.471983712691234 ], [ 16.983476285786743, 52.472140723819329 ], [ 16.983385289764296, 52.47227879711339 ], [ 16.983430388915465, 52.472403677254647 ], [ 16.983501582251073, 52.47251348843907 ], [ 16.983496856718208, 52.472616833765976 ], [ 16.983304791388896, 52.47274284096779 ], [ 16.983106862770118, 52.472811863616421 ], [ 16.982918340695001, 52.472860361198116 ], [ 16.982774490718011, 52.472857907536849 ], [ 16.982574481467903, 52.472787268825556 ], [ 16.98244311234188, 52.472697115642816 ], [ 16.982266537164865, 52.472617337263777 ], [ 16.982127883164079, 52.472882784694313 ], [ 16.981700680046998, 52.472818841683939 ], [ 16.981537471116283, 52.47268683275378 ], [ 16.981429071348966, 52.472834950122994 ], [ 16.981362743209008, 52.472988956845498 ], [ 16.981328842616687, 52.473174544848739 ], [ 16.981321273426513, 52.473339897131062 ], [ 16.981313231081405, 52.473515583925099 ], [ 16.981232052640863, 52.473808962071303 ], [ 16.981164066323824, 52.47399913944141 ], [ 16.981113949697495, 52.474168936651672 ], [ 16.981037263653977, 52.474364136724198 ], [ 16.980854244219579, 52.474847113855112 ], [ 16.980482734774508, 52.474452923050038 ], [ 16.980511603524477, 52.474405071005457 ], [ 16.980766826878064, 52.473982014850847 ], [ 16.980861383649525, 52.473766434874477 ], [ 16.980906824274523, 52.473513817176851 ], [ 16.980908299085471, 52.473296647894813 ], [ 16.980916579563477, 52.473115793880403 ], [ 16.980993736964976, 52.472910259314617 ], [ 16.981155983975711, 52.472695834733834 ], [ 16.981288113636694, 52.472584321766682 ], [ 16.981408233130804, 52.472550173104821 ], [ 16.981570692327971, 52.472645321004322 ], [ 16.981627291283463, 52.472574597259445 ], [ 16.981640009883947, 52.472481730990552 ], [ 16.981566692750679, 52.472418424075258 ], [ 16.981217689226387, 52.472272841745742 ], [ 16.980874547249524, 52.472184242720807 ], [ 16.980811112848045, 52.472090076272409 ], [ 16.980750281243214, 52.471939069951929 ], [ 16.980672402491866, 52.47142061032477 ], [ 16.980835536339278, 52.471371682856031 ], [ 16.981452277639903, 52.471402896889487 ], [ 16.981367609751441, 52.471587618374201 ], [ 16.981463471731253, 52.471713365823284 ], [ 16.981694955717387, 52.471836256628933 ], [ 16.981861349406646, 52.471901151917322 ], [ 16.982233372806064, 52.472098838103285 ], [ 16.982790374170946, 52.472325535003364 ], [ 16.983039261122467, 52.47243837737733 ], [ 16.983121324269007, 52.472310494586083 ], [ 16.983076698730169, 52.472175279804212 ], [ 16.982980594813412, 52.472054700880861 ], [ 16.982831594754153, 52.47197976128318 ], [ 16.982512890854881, 52.471912269050364 ], [ 16.982253655327572, 52.47184061933396 ], [ 16.982039092812816, 52.471718018384514 ], [ 16.982012576393895, 52.4715572556903 ], [ 16.982037065461938, 52.471392192064904 ], [ 16.981838955694357, 52.471280214071363 ], [ 16.98163002066406, 52.471219763953862 ], [ 16.981424870333864, 52.471076637296179 ], [ 16.981495925142998, 52.470819285231549 ], [ 16.981495741141952, 52.470638286650455 ], [ 16.981431414269956, 52.470378623719711 ], [ 16.981354369756605, 52.470211827026461 ], [ 16.981495477929421, 52.469903957749359 ], [ 16.981345778095392, 52.469844518139105 ], [ 16.981084427775674, 52.469819371332122 ], [ 16.981098565767503, 52.46969550151703 ], [ 16.980870114810589, 52.469691601093118 ], [ 16.980824943638822, 52.469341150083345 ], [ 16.980152747959263, 52.469418994773704 ], [ 16.979795365243181, 52.469419205703474 ], [ 16.979823891117302, 52.469078170159626 ], [ 16.979925856165021, 52.46908253911139 ], [ 16.98019263971408, 52.469100360096377 ], [ 16.98090707092377, 52.46896835329558 ], [ 16.981199421336935, 52.468787074574479 ], [ 16.98142442546359, 52.468496151460478 ], [ 16.981691679518001, 52.468392115839301 ], [ 16.982102058116169, 52.468306035901058 ], [ 16.982655252346426, 52.468179530773021 ], [ 16.982623506478198, 52.468132404240436 ], [ 16.983013710957877, 52.468082407549566 ], [ 16.983446046656141, 52.468033128038449 ], [ 16.984055806415224, 52.46797657123274 ], [ 16.984164644110013, 52.467993877377147 ], [ 16.984226557945671, 52.46778556668086 ], [ 16.984251885353878, 52.467599164406678 ], [ 16.984267852365203, 52.467212398319802 ] ], [ [ 16.979867145406576, 52.471377925517174 ], [ 16.979935603119554, 52.471380372968071 ], [ 16.97999151558858, 52.471382371880857 ], [ 16.980495499363787, 52.471510702916042 ], [ 16.980445822843031, 52.471674662784196 ], [ 16.980294549074461, 52.471847188023226 ], [ 16.979844670534192, 52.471726198105927 ], [ 16.979638265510836, 52.471721800718278 ], [ 16.979680558668665, 52.471371254600001 ], [ 16.979867145406576, 52.471377925517174 ] ], [ [ 16.979622181511441, 52.471978981535081 ], [ 16.978550805612389, 52.471983003076566 ], [ 16.978575372700409, 52.471728594465745 ], [ 16.979638265510836, 52.471721800718278 ], [ 16.979622181511441, 52.471978981535081 ] ], [ [ 16.965456955104269, 52.538780277604452 ], [ 16.965464627503156, 52.538717416662436 ], [ 16.965473847187113, 52.53861569898158 ], [ 16.965476460018277, 52.538461552898617 ], [ 16.965475324123616, 52.53829082189322 ], [ 16.96544737036908, 52.538114122966149 ], [ 16.965437083261484, 52.53794598801796 ], [ 16.965376655097174, 52.537788004576292 ], [ 16.965355563023913, 52.537658231582711 ], [ 16.965302456539412, 52.53724430672591 ], [ 16.965295027983359, 52.537112015240787 ], [ 16.965328334106502, 52.536977670776288 ], [ 16.965409489965445, 52.536882696811858 ], [ 16.965548028190806, 52.536816243500809 ], [ 16.965738292028913, 52.536802994097393 ], [ 16.966005903136178, 52.536799685454774 ], [ 16.966015473781717, 52.537126417220612 ], [ 16.965879731347695, 52.537101073098825 ], [ 16.965953629285071, 52.537358410634013 ], [ 16.96612196523019, 52.537526508791707 ], [ 16.966157546383844, 52.53773362617585 ], [ 16.966229030469613, 52.538043236810573 ], [ 16.966223937359807, 52.538348777855376 ], [ 16.965717694294966, 52.538359349798675 ], [ 16.965641741949856, 52.538790566108617 ], [ 16.965778685075541, 52.538798190596104 ], [ 16.965456955104269, 52.538780277604452 ] ], [ [ 16.965808675914015, 52.538930869864728 ], [ 16.965778685075541, 52.538798190596104 ], [ 16.965896254676831, 52.538794704830686 ], [ 16.965870334266896, 52.538573986413802 ], [ 16.966113733298098, 52.538583677025706 ], [ 16.96612643337048, 52.538895030695471 ], [ 16.965808675914015, 52.538930869864728 ] ], [ [ 16.96276724013924, 52.541565493380027 ], [ 16.962298127469225, 52.541590496033145 ], [ 16.962187074319448, 52.541258174338424 ], [ 16.962352323104366, 52.541200444888517 ], [ 16.962312297141406, 52.541089619213047 ], [ 16.962653196917209, 52.541139543500357 ], [ 16.962711528077207, 52.541245177381029 ], [ 16.962820589291351, 52.541230534499064 ], [ 16.962904211555664, 52.541375151424575 ], [ 16.963202792902074, 52.541363770565155 ], [ 16.96312502960852, 52.54109259781012 ], [ 16.963157855918904, 52.540773767178372 ], [ 16.962878601879297, 52.540757946507334 ], [ 16.962955936114295, 52.540258156962963 ], [ 16.962766675852382, 52.540249391982435 ], [ 16.962758564650418, 52.540034486251983 ], [ 16.962940073464537, 52.540015583701127 ], [ 16.962887094052761, 52.539794398756527 ], [ 16.962680041762916, 52.53977982050678 ], [ 16.962719855902744, 52.539505164813598 ], [ 16.963169800844529, 52.539540444568459 ], [ 16.963223290918918, 52.539750624531187 ], [ 16.963304109631924, 52.539955768007886 ], [ 16.96339271371146, 52.541163286971752 ], [ 16.963547626058251, 52.541523896371416 ], [ 16.963643546225214, 52.541715308120509 ], [ 16.964298833629062, 52.541685505819565 ], [ 16.96371676991669, 52.541967352730289 ], [ 16.963335247175149, 52.542599578159759 ], [ 16.962805406017015, 52.541753421164834 ], [ 16.96276724013924, 52.541565493380027 ] ], [ [ 17.077962275683113, 52.506596249773267 ], [ 17.077786622102455, 52.506457892570261 ], [ 17.078101400048993, 52.506183788040211 ], [ 17.078259900740534, 52.505944099561304 ], [ 17.078342283069219, 52.505752448342299 ], [ 17.078458286608388, 52.505561343177369 ], [ 17.078639206024718, 52.505424672308493 ], [ 17.07884891420629, 52.505399334974122 ], [ 17.079033438718636, 52.505488560773557 ], [ 17.079259741720946, 52.505545615342726 ], [ 17.079581260269745, 52.505579578240308 ], [ 17.079721578221104, 52.505602386789903 ], [ 17.079731270596639, 52.505688773434159 ], [ 17.07970769863136, 52.50576640780713 ], [ 17.079606222175155, 52.505933113034203 ], [ 17.079512721718764, 52.506071204553045 ], [ 17.079367034966364, 52.506171493337831 ], [ 17.079195523134679, 52.506246725690389 ], [ 17.078954976100466, 52.506361898359941 ], [ 17.078472010760898, 52.506789307440719 ], [ 17.077962275683113, 52.506596249773267 ] ], [ [ 16.986805702717749, 52.47119339919616 ], [ 16.98717622899337, 52.471390265700251 ], [ 16.986885450391078, 52.471663429674727 ], [ 16.986795101247324, 52.471610389103255 ], [ 16.986635251784701, 52.471417108425499 ], [ 16.986805702717749, 52.47119339919616 ] ], [ [ 16.989110382140034, 52.471895138909602 ], [ 16.989331167777056, 52.471925195360832 ], [ 16.989261005413212, 52.472260075372908 ], [ 16.98898954269438, 52.472241087582809 ], [ 16.988746359436607, 52.472191783355058 ], [ 16.988788655199485, 52.472001562694885 ], [ 16.988802302028443, 52.471876461288545 ], [ 16.989110382140034, 52.471895138909602 ] ], [ [ 16.990333557650189, 52.471691175312301 ], [ 16.990455536178349, 52.471728823268684 ], [ 16.990799531917212, 52.471613142928561 ], [ 16.990968658145803, 52.471432435465317 ], [ 16.991243327745401, 52.471072525451262 ], [ 16.991575668099955, 52.47121262375267 ], [ 16.991900490187096, 52.471331908279517 ], [ 16.992203924944224, 52.471456000073658 ], [ 16.992537094514628, 52.471578010190854 ], [ 16.992873085712603, 52.471731094973194 ], [ 16.993163128137194, 52.471870470822481 ], [ 16.993428610317405, 52.471991329710477 ], [ 16.994308742855257, 52.472376007226899 ], [ 16.99496429638916, 52.472578461278715 ], [ 16.995248355729959, 52.472663431969949 ], [ 16.995415595052005, 52.472710222845251 ], [ 16.995429582644118, 52.472775101011507 ], [ 16.995294903859126, 52.472943470465339 ], [ 16.995140009014737, 52.473090811906104 ], [ 16.994838143261902, 52.473338464435216 ], [ 16.995332089896504, 52.473418941930895 ], [ 16.995269822074675, 52.473489989797066 ], [ 16.995419178074421, 52.473544023992851 ], [ 16.995248761098885, 52.473767745899885 ], [ 16.994644316459635, 52.473705995385494 ], [ 16.994448186160891, 52.473672769566356 ], [ 16.994353332492434, 52.473798915412459 ], [ 16.994255245569757, 52.473915707467128 ], [ 16.994070072620744, 52.473907416477651 ], [ 16.994119467289895, 52.473748596736804 ], [ 16.994251281025662, 52.473639412108447 ], [ 16.993918090972617, 52.473610489801629 ], [ 16.993673869487711, 52.473580490324586 ], [ 16.993531779539076, 52.473539294988122 ], [ 16.993395096457178, 52.473472334788767 ], [ 16.993217725305669, 52.473362480737158 ], [ 16.992996272863834, 52.473224816276982 ], [ 16.992832642645048, 52.473113884020627 ], [ 16.992615871971385, 52.473058702218289 ], [ 16.991944959158143, 52.472975208540291 ], [ 16.991822377145201, 52.472954366512774 ], [ 16.991724011984193, 52.472882883731174 ], [ 16.991593329591836, 52.472777238648483 ], [ 16.991455009760568, 52.47265336418895 ], [ 16.991270621841938, 52.472518364485623 ], [ 16.991106094723268, 52.472412143956724 ], [ 16.991007025738956, 52.472356162467968 ], [ 16.990852602851071, 52.472306997410463 ], [ 16.99073496306556, 52.472286899207113 ], [ 16.990602011616932, 52.472277715127731 ], [ 16.99053131328375, 52.472384761260571 ], [ 16.991003694515388, 52.472531751535719 ], [ 16.990614602962228, 52.472926860276502 ], [ 16.990308887347791, 52.47278775892525 ], [ 16.990545102348086, 52.472601213750757 ], [ 16.990185541934061, 52.472533300586633 ], [ 16.990338421382052, 52.472324738509947 ], [ 16.990432119568236, 52.472204301206041 ], [ 16.990155382876249, 52.472084716431745 ], [ 16.990333557650189, 52.471691175312301 ] ], [ [ 16.996131326757062, 52.474019614977237 ], [ 16.996272716181089, 52.473877803884974 ], [ 16.996436347789668, 52.47380332260088 ], [ 16.996611456686352, 52.473847491087241 ], [ 16.996749267277668, 52.473858849986321 ], [ 16.996842975796344, 52.473763858786278 ], [ 16.99709789383137, 52.473536415566315 ], [ 16.997322852555662, 52.473411469297368 ], [ 16.997529115173549, 52.473698225339781 ], [ 16.99702488895694, 52.474029602293975 ], [ 16.996935469933959, 52.474141393088814 ], [ 16.996839960512741, 52.474201578242187 ], [ 16.996669564120637, 52.474348886018305 ], [ 16.997990523660228, 52.474344667156878 ], [ 16.998476527077898, 52.474414696434152 ], [ 16.99898078869597, 52.474454131200467 ], [ 17.000437878953527, 52.474684786124357 ], [ 17.001225891088104, 52.474790811414017 ], [ 17.001659005860652, 52.474911436006778 ], [ 17.002009243628521, 52.474999757432741 ], [ 17.002478871594473, 52.475059193023469 ], [ 17.00303138120891, 52.475150927713294 ], [ 17.003382089760617, 52.475228952515231 ], [ 17.00381707866276, 52.475308398883911 ], [ 17.004201967462951, 52.475376697694756 ], [ 17.004485722224242, 52.475443288797251 ], [ 17.005003132231511, 52.475565323346324 ], [ 17.005259696016914, 52.475487247342528 ], [ 17.005518024634362, 52.474997181864381 ], [ 17.006018274306321, 52.474006472113899 ], [ 17.006384695981765, 52.473363720218515 ], [ 17.006886875992326, 52.472702654363637 ], [ 17.00713865794205, 52.472356681607543 ], [ 17.007183994906967, 52.472099933871995 ], [ 17.007004175697102, 52.471973297922879 ], [ 17.006943734652957, 52.471817772258355 ], [ 17.007091593958055, 52.471531850923952 ], [ 17.007395790350657, 52.471145559020549 ], [ 17.007529115191989, 52.470807889891155 ], [ 17.007577702908442, 52.470479093444752 ], [ 17.007956859229861, 52.470300072452815 ], [ 17.008495720909586, 52.470319448810166 ], [ 17.008889063933832, 52.470573283474636 ], [ 17.009179892686202, 52.470856292456048 ], [ 17.009487579424896, 52.471139584437282 ], [ 17.009899183174717, 52.471362821581899 ], [ 17.01033043168777, 52.471524584985602 ], [ 17.010580462529589, 52.471590594203285 ], [ 17.011013572604039, 52.471711184538073 ], [ 17.011480858306594, 52.471822047469949 ], [ 17.011965001011845, 52.471933191917472 ], [ 17.012372295075391, 52.47187823538907 ], [ 17.012715416462378, 52.471750095867328 ], [ 17.013028536667726, 52.471539047603947 ], [ 17.013395926134347, 52.471246506511292 ], [ 17.013525496755456, 52.470991171557479 ], [ 17.013607748355643, 52.470662938422095 ], [ 17.01410254358985, 52.470537342526981 ], [ 17.014609093401312, 52.470525246980088 ], [ 17.014900245859771, 52.47042713008485 ], [ 17.015062095729199, 52.47033357730119 ], [ 17.015160005006091, 52.470276983282041 ], [ 17.015773232481198, 52.470143067700548 ], [ 17.016422478684003, 52.469958250833614 ], [ 17.016956982101558, 52.469699403177714 ], [ 17.017407210692927, 52.46943914028833 ], [ 17.017859284206434, 52.469137704807117 ], [ 17.018858985198261, 52.468660035068865 ], [ 17.019171129625544, 52.46846955535198 ], [ 17.019703288408657, 52.468262158455595 ], [ 17.020538800131014, 52.468059837362404 ], [ 17.021100497923243, 52.467945632767673 ], [ 17.021796556411097, 52.46784397366963 ], [ 17.022056751168151, 52.468435451720808 ], [ 17.022198977466868, 52.469024956176099 ], [ 17.02235043770099, 52.469408605825883 ], [ 17.022490122948721, 52.469678753408118 ], [ 17.022794196726579, 52.470044353433593 ], [ 17.023883754761837, 52.470948403492358 ], [ 17.02435316612155, 52.47138886508025 ], [ 17.024710135918699, 52.471703841357098 ], [ 17.025067110784043, 52.472018816590804 ], [ 17.02531301947878, 52.472177429591099 ], [ 17.025563077258234, 52.472243407380276 ], [ 17.026035474391715, 52.472240992987835 ], [ 17.026342086551558, 52.472174007393896 ], [ 17.02655678037835, 52.471899478411011 ], [ 17.026807022831882, 52.471584340433914 ], [ 17.02707043262166, 52.471351825117758 ], [ 17.027533153181984, 52.471565552560399 ], [ 17.027941171855051, 52.471871069906328 ], [ 17.028219419296832, 52.472061117368753 ], [ 17.02964164358216, 52.473073663401394 ], [ 17.030118951198126, 52.473339125645381 ], [ 17.030584005756502, 52.473501377567629 ], [ 17.031440415293233, 52.473587739241111 ], [ 17.032949142169517, 52.473798251127292 ], [ 17.033450218441054, 52.473909588676122 ], [ 17.033577719609156, 52.474076515567901 ], [ 17.03353345169144, 52.474312689240477 ], [ 17.033400313902749, 52.474650389342557 ], [ 17.033493646079471, 52.474827048516673 ], [ 17.033789710000388, 52.474996777901424 ], [ 17.034271193009602, 52.475169588618726 ], [ 17.034618289419729, 52.475329863688572 ], [ 17.034862135764968, 52.475522303817613 ], [ 17.035137506278982, 52.475791709630606 ], [ 17.03524541106356, 52.47602011152869 ], [ 17.035321896947689, 52.476196489282209 ], [ 17.035201608466032, 52.476245993021948 ], [ 17.03481345042119, 52.476249844145123 ], [ 17.034193431279096, 52.476157136445615 ], [ 17.033855843363984, 52.476161824987052 ], [ 17.033532357744463, 52.47622854957789 ], [ 17.033357825262538, 52.476359552861915 ], [ 17.033162762296506, 52.476572617824829 ], [ 17.032056837642173, 52.477161945264683 ], [ 17.031856744157505, 52.478621275303645 ], [ 17.029156016668395, 52.479410634797027 ], [ 17.031136524621594, 52.483038467124601 ], [ 17.03028404890242, 52.485125557447006 ], [ 17.028054124627573, 52.484810288676961 ], [ 17.0280744913922, 52.485109340303929 ], [ 17.028520787328979, 52.485693603498369 ], [ 17.028851834738493, 52.486214141765579 ], [ 17.02889044848941, 52.486482596006518 ], [ 17.028947764166997, 52.486710160238154 ], [ 17.029201423968068, 52.48707490153474 ], [ 17.029356684682096, 52.487376200373511 ], [ 17.029565290698596, 52.487616585235827 ], [ 17.029673653920039, 52.487834699042217 ], [ 17.029598388240924, 52.488008552160743 ], [ 17.029360954612692, 52.48803549773082 ], [ 17.028313449541642, 52.487688427393863 ], [ 17.025217004136611, 52.486750933292392 ], [ 17.024483911148923, 52.486542983100129 ], [ 17.023595391015636, 52.486414834572862 ], [ 17.022468986276607, 52.486323903913679 ], [ 17.020314578733242, 52.486205459939484 ], [ 17.019491206410777, 52.486129872988919 ], [ 17.019101111102927, 52.486174842392565 ], [ 17.018936880013314, 52.486450203277627 ], [ 17.018750697423794, 52.486838500937068 ], [ 17.017221181178449, 52.489707290399004 ], [ 17.014865002747644, 52.495188797181719 ], [ 17.014935873814409, 52.495488698767041 ], [ 17.015125255777679, 52.495780288575091 ], [ 17.015553515738894, 52.496014083341002 ], [ 17.016138371022564, 52.496518313831729 ], [ 17.016263088925477, 52.496747014653565 ], [ 17.016120297578084, 52.496919726969651 ], [ 17.015648563440273, 52.496901513836448 ], [ 17.014929431477828, 52.496755542281605 ], [ 17.014400911207758, 52.496499461511647 ], [ 17.013908444615417, 52.496192481585496 ], [ 17.013602878509115, 52.495857737074317 ], [ 17.01343129809197, 52.495545842889882 ], [ 17.013055037108796, 52.495282012522715 ], [ 17.012319541246526, 52.49512544951056 ], [ 17.011412629629746, 52.495027802759324 ], [ 17.006269098234998, 52.494199587320573 ], [ 17.005248372406982, 52.494007270650393 ], [ 17.004461871899814, 52.493860098665238 ], [ 17.003968515150415, 52.493854349418193 ], [ 17.00392312301663, 52.493785342995913 ], [ 17.003439644419718, 52.493980616846883 ], [ 17.002962518094854, 52.494146888527062 ], [ 17.001141960848354, 52.494781297142517 ], [ 17.000924086171366, 52.494375897786178 ], [ 17.000707149367077, 52.493949912936316 ], [ 17.000543157168082, 52.494055241580512 ], [ 17.000304152042336, 52.494133325518995 ], [ 17.000083991058151, 52.494092647345248 ], [ 16.999756087164133, 52.494054253026675 ], [ 16.999413807852754, 52.494036145736622 ], [ 16.99915686955082, 52.494064649462125 ], [ 16.999048939861581, 52.494071036143026 ], [ 16.998981344052083, 52.494078105066613 ], [ 16.998890384619028, 52.493858936791334 ], [ 16.999269068103946, 52.493816068138536 ], [ 16.999528053812021, 52.493742430428945 ], [ 16.999668086783625, 52.493621612183318 ], [ 16.999834076739152, 52.493521763791065 ], [ 16.999962730366757, 52.493503408176657 ], [ 17.000335079412444, 52.493600040359773 ], [ 17.000515649337384, 52.493623623972503 ], [ 17.000595365276663, 52.493497678802363 ], [ 17.000579666554437, 52.493398864262957 ], [ 17.000477510093724, 52.493278057138077 ], [ 17.000386192005408, 52.493214920168434 ], [ 17.000428739518235, 52.493018541081433 ], [ 17.000353472903868, 52.492898188405675 ], [ 17.00022761412664, 52.49285499844337 ], [ 16.999828196864392, 52.492762014356614 ], [ 16.999502724478344, 52.492670279557224 ], [ 16.999338769923202, 52.492577169715439 ], [ 16.999216266235877, 52.492460123503633 ], [ 16.999095253567088, 52.492310252643335 ], [ 16.999060510257717, 52.492186478385563 ], [ 16.999026512338961, 52.492046291854052 ], [ 16.99896843624628, 52.49199192853402 ], [ 16.998721585564759, 52.491946689981162 ], [ 16.998351316975434, 52.491952743227202 ], [ 16.99805499021857, 52.491960046826748 ], [ 16.99787237801878, 52.491981593224665 ], [ 16.997642525243659, 52.492006445842989 ], [ 16.997562979906597, 52.49198046189823 ], [ 16.997459529850335, 52.491888373689648 ], [ 16.997450747056558, 52.491785569528773 ], [ 16.997644368425906, 52.491669767132315 ], [ 16.997862266806823, 52.491611862422324 ], [ 16.99811265597571, 52.491579144531897 ], [ 16.998442962537244, 52.491564203383618 ], [ 16.998645738537196, 52.491542997298019 ], [ 16.998768223862765, 52.491512219990703 ], [ 16.998831888562432, 52.491443491434964 ], [ 16.998822171048619, 52.491361202666319 ], [ 16.998747284201986, 52.491232642877129 ], [ 16.998585013562202, 52.491102604448379 ], [ 16.998329383521291, 52.490954561014419 ], [ 16.998180372398046, 52.490828852620389 ], [ 16.998138724546841, 52.490709067401347 ], [ 16.998153646762084, 52.490528646325572 ], [ 16.998105650241882, 52.49040054119925 ], [ 16.997434603681992, 52.490512368317773 ], [ 16.997183660743197, 52.490557394020421 ], [ 16.99698817833368, 52.490714226336038 ], [ 16.996689248640081, 52.490778969454183 ], [ 16.996330941020659, 52.490818068649972 ], [ 16.99605142887404, 52.490899563979497 ], [ 16.995994109366482, 52.490976611014482 ], [ 16.995986273132811, 52.491148939485825 ], [ 16.99592671416741, 52.491275223184445 ], [ 16.995665871171934, 52.491389883700279 ], [ 16.995481207378795, 52.491456560053813 ], [ 16.995316708772613, 52.491523577894746 ], [ 16.995242021126284, 52.491538736903749 ], [ 16.994704906983554, 52.491280062115017 ], [ 16.994596903395788, 52.49122804680659 ], [ 16.994701091949167, 52.49115590127262 ], [ 16.994923473221306, 52.491147352615634 ], [ 16.995296532100614, 52.490931940196745 ], [ 16.995650168385332, 52.490699772606142 ], [ 16.995850511332574, 52.490584087032076 ], [ 16.99621310814204, 52.490450618900361 ], [ 16.99645900841842, 52.490368553855539 ], [ 16.996678580389048, 52.490273723718666 ], [ 16.99696424969115, 52.490204649864637 ], [ 16.997262429271476, 52.49015631825322 ], [ 16.997546419099461, 52.490124170541677 ], [ 16.997776448482245, 52.490095214941171 ], [ 16.998021598410105, 52.490029558851191 ], [ 16.998118311379269, 52.489973708697086 ], [ 16.998170395101624, 52.489863722287083 ], [ 16.998165524604477, 52.489674753763438 ], [ 16.998111925505189, 52.48952191647718 ], [ 16.998031626754315, 52.489364521027291 ], [ 16.99786731469263, 52.489279615380561 ], [ 16.997363755479036, 52.489258771729133 ], [ 16.996920690944552, 52.48923895044382 ], [ 16.99662587435061, 52.48921342614851 ], [ 16.996294279194718, 52.489257083823865 ], [ 16.996129224734482, 52.489188588041536 ], [ 16.996019995363138, 52.489075869448833 ], [ 16.995793515314759, 52.489026863544574 ], [ 16.995298361380808, 52.488969197498896 ], [ 16.995028753841627, 52.48898105246667 ], [ 16.995100826427588, 52.489171160379037 ], [ 16.995118193715246, 52.489380872071436 ], [ 16.995017931855294, 52.489514677845328 ], [ 16.994773154984529, 52.489719945583879 ], [ 16.994564037877669, 52.48988064901048 ], [ 16.994441927724843, 52.489903215876417 ], [ 16.994347264280847, 52.489913929369344 ], [ 16.994223847538674, 52.48981739342107 ], [ 16.994094456678599, 52.489704331134512 ], [ 16.993911480332443, 52.489586253639033 ], [ 16.993726076864604, 52.489521515573394 ], [ 16.993493249212005, 52.489464185148151 ], [ 16.993285813965318, 52.489440134854178 ], [ 16.993158290637492, 52.489433864991518 ], [ 16.993165576956077, 52.489273845927045 ], [ 16.993206844539728, 52.489106190970915 ], [ 16.993263609794845, 52.48889363048432 ], [ 16.993291803506462, 52.488865365263855 ], [ 16.99348392509437, 52.488930218010196 ], [ 16.993697145700153, 52.488974897223507 ], [ 16.993763987346448, 52.488984243463122 ], [ 16.99379180514773, 52.489112008210924 ], [ 16.993827278489722, 52.489219371685905 ], [ 16.994189495663068, 52.489241939778687 ], [ 16.994351186578474, 52.489236469253477 ], [ 16.994613700877085, 52.489232707998497 ], [ 16.994688198113785, 52.489221652400609 ], [ 16.994726472966796, 52.489119645766237 ], [ 16.994777070638492, 52.489042485367285 ], [ 16.994485243991708, 52.488951306849167 ], [ 16.994306750529454, 52.488882580618927 ], [ 16.993658689471012, 52.488637534619137 ], [ 16.993442858610447, 52.488502474129632 ], [ 16.993358842305806, 52.488427136751987 ], [ 16.993364072803292, 52.488312251236557 ], [ 16.99350354445642, 52.488203749344336 ], [ 16.993688757711446, 52.488124766772181 ], [ 16.99377352317472, 52.488035867696389 ], [ 16.993604184000208, 52.487913914733866 ], [ 16.993299671807407, 52.487806093116156 ], [ 16.99305938509562, 52.487765060098162 ], [ 16.992686722142125, 52.487824435653124 ], [ 16.992448298266048, 52.487890194836019 ], [ 16.992107371082291, 52.487991169480651 ], [ 16.991933168226549, 52.488123717442747 ], [ 16.991769237784986, 52.488178421304433 ], [ 16.991578056881014, 52.488093050573958 ], [ 16.991535130213283, 52.487854160601763 ], [ 16.991384850131034, 52.487609341300974 ], [ 16.991310365163496, 52.487472570908096 ], [ 16.991263326657421, 52.487323947927258 ], [ 16.991537598978208, 52.487209525190757 ], [ 16.991720381124868, 52.487183885339228 ], [ 16.991763325767185, 52.487127127366129 ], [ 16.991564876681032, 52.486906127722428 ], [ 16.991343648365586, 52.486742228027531 ], [ 16.991229959976241, 52.486580154403207 ], [ 16.991122619530667, 52.486426400930995 ], [ 16.990805827463277, 52.485998078521909 ], [ 16.990583309746071, 52.485715074850866 ], [ 16.990380383318463, 52.485592546467011 ], [ 16.990129288724262, 52.485493836555641 ], [ 16.989940554895281, 52.485355123667446 ], [ 16.989863099277862, 52.485136177220845 ], [ 16.989754644316914, 52.485007040840209 ], [ 16.989523342829472, 52.484916878471687 ], [ 16.989259560923379, 52.48480152608203 ], [ 16.989154460324873, 52.484746358263379 ], [ 16.989063737575588, 52.48467090366821 ], [ 16.988951915824959, 52.484635811153723 ], [ 16.988880727464657, 52.484775710844438 ], [ 16.98880494507728, 52.48487641813869 ], [ 16.98872205743054, 52.484850371256542 ], [ 16.988559783284344, 52.484795257187486 ], [ 16.988214137407862, 52.484705200653039 ], [ 16.987638422054804, 52.48458276119694 ], [ 16.987609374257431, 52.484664670808954 ], [ 16.987337717582509, 52.484886658892982 ], [ 16.986860956496198, 52.484981549643869 ], [ 16.986960264212136, 52.485061639050151 ], [ 16.987036662477134, 52.485377065895975 ], [ 16.986062480418333, 52.485463137426699 ], [ 16.985987640565899, 52.485334569912958 ], [ 16.985977957714244, 52.484920164501148 ], [ 16.985809308078206, 52.483995399108402 ], [ 16.98567796383832, 52.48391590857004 ], [ 16.982151188961698, 52.484664378766496 ], [ 16.982353699949194, 52.48392619831062 ], [ 16.982407202960157, 52.483494490384913 ], [ 16.982348062165109, 52.483127814005329 ], [ 16.982386539963905, 52.482840056620134 ], [ 16.982353108605967, 52.482648927174019 ], [ 16.982155754512728, 52.482537405026726 ], [ 16.982053006682541, 52.482386294798879 ], [ 16.98207321406262, 52.482129127221683 ], [ 16.982184879350694, 52.481348194798819 ], [ 16.982244638959809, 52.481148354696437 ], [ 16.981920428739414, 52.480972609010045 ], [ 16.981341428788987, 52.480854130656709 ], [ 16.980830848106226, 52.48072130370339 ], [ 16.980396439649045, 52.480589775305681 ], [ 16.979903264905598, 52.480446898947925 ], [ 16.979613909190963, 52.480413514067159 ], [ 16.979352260644998, 52.48039353009888 ], [ 16.979768388115954, 52.480248085964078 ], [ 16.98030322465835, 52.480221021757252 ], [ 16.980811961159731, 52.480209023403404 ], [ 16.981179189814714, 52.480142894493127 ], [ 16.981413609579835, 52.480017613532091 ], [ 16.981515876852647, 52.480003845118176 ], [ 16.981598562478371, 52.480232793103802 ], [ 16.981556666417998, 52.480407901968064 ], [ 16.981678646801608, 52.480518580821496 ], [ 16.981866257020382, 52.480490754635916 ], [ 16.981904367466615, 52.480398321723683 ], [ 16.981993256872887, 52.480306755256677 ], [ 16.982587571781693, 52.480275524299813 ], [ 16.982774944000216, 52.480252863912334 ], [ 16.982839151078036, 52.480145361955095 ], [ 16.982836361966228, 52.480021203424336 ], [ 16.98286789814119, 52.479887287760093 ], [ 16.983062786120449, 52.47988544027433 ], [ 16.983214649410467, 52.47989837265159 ], [ 16.983260937128382, 52.479997416484522 ], [ 16.983288880547377, 52.480127175225164 ], [ 16.983345049998221, 52.480195359786514 ], [ 16.983698849112905, 52.480237591151841 ], [ 16.983823670133095, 52.48028626072135 ], [ 16.984003002673706, 52.480263452728551 ], [ 16.983925754174468, 52.479861135867729 ], [ 16.983758253395592, 52.479281452631056 ], [ 16.983343370694669, 52.479315580830651 ], [ 16.983320203528493, 52.479268833549582 ], [ 16.983299246257566, 52.478804953804449 ], [ 16.983216675023595, 52.478604291792131 ], [ 16.983317943454512, 52.478334525913084 ], [ 16.984098315949407, 52.478215962510085 ], [ 16.984668610190241, 52.478246367316927 ], [ 16.984999604286593, 52.478231322098033 ], [ 16.985136997315401, 52.478282790170745 ], [ 16.985222374060307, 52.478360521207335 ], [ 16.985228841834829, 52.478636002545343 ], [ 16.985314278439748, 52.478712441703067 ], [ 16.985524434387216, 52.478747049310009 ], [ 16.985730022884109, 52.478696252486536 ], [ 16.986010265344785, 52.478673468286338 ], [ 16.986248847762216, 52.478620878242843 ], [ 16.986415334056357, 52.478484656293226 ], [ 16.986753881069895, 52.478459518424287 ], [ 16.987145582579252, 52.478378631573456 ], [ 16.987534229070107, 52.478364644642546 ], [ 16.987784423668657, 52.478480321942847 ], [ 16.987790262887824, 52.478376444420718 ], [ 16.987787898625626, 52.478265867928393 ], [ 16.987773927488945, 52.478154447538181 ], [ 16.987792576179665, 52.47802418982689 ], [ 16.987809158294564, 52.477885199569691 ], [ 16.987936339604392, 52.477501094956374 ], [ 16.988165336147013, 52.477288680383104 ], [ 16.988360852585711, 52.477070545645716 ], [ 16.988254104018523, 52.477006926878211 ], [ 16.987607015420288, 52.476954715731779 ], [ 16.98723547258427, 52.476963843664265 ], [ 16.987149282537647, 52.477188987609232 ], [ 16.987138710676199, 52.477420568784481 ], [ 16.986842782927674, 52.477436132703616 ], [ 16.986562771451528, 52.477472567846085 ], [ 16.986293035125833, 52.477653384210754 ], [ 16.985978368479952, 52.477709828886901 ], [ 16.985683613976715, 52.477699658661237 ], [ 16.984851096978016, 52.477644274064268 ], [ 16.984477430791109, 52.47769970942926 ], [ 16.98386405008943, 52.477648052300189 ], [ 16.983027299258982, 52.477685287156824 ], [ 16.982982897413471, 52.477365214380285 ], [ 16.983016938854124, 52.476989826686285 ], [ 16.982918202592678, 52.476751231171356 ], [ 16.982759058543696, 52.476542506689654 ], [ 16.982473731525694, 52.476326479151581 ], [ 16.982302444867802, 52.476014541831439 ], [ 16.982843527866148, 52.475802311295745 ], [ 16.983729398501069, 52.475796816943664 ], [ 16.984639141542747, 52.475822624276837 ], [ 16.985498553441658, 52.475842417013311 ], [ 16.986221709340462, 52.475890784894339 ], [ 16.986998693954273, 52.476053370050188 ], [ 16.988251619463981, 52.476321901837437 ], [ 16.989773086059873, 52.476620736383687 ], [ 16.990592597999804, 52.47686798000391 ], [ 16.990997478169895, 52.476960857220163 ], [ 16.991435731302587, 52.477153709976079 ], [ 16.991887338444943, 52.477238632721715 ], [ 16.992364466395056, 52.477318836725559 ], [ 16.992645169173169, 52.477452357609657 ], [ 16.992564394542182, 52.4775591416482 ], [ 16.991927586179472, 52.477651335544479 ], [ 16.991621214191923, 52.477695041852229 ], [ 16.991121036711966, 52.477766394096619 ], [ 16.991043527588491, 52.477986537939628 ], [ 16.991147234477104, 52.478117055627273 ], [ 16.990828818247902, 52.478255853391424 ], [ 16.990249118728297, 52.47839021046746 ], [ 16.989837750139031, 52.478532576208316 ], [ 16.989676886826146, 52.478730701410974 ], [ 16.989743123021679, 52.478942987283517 ], [ 16.989748482691102, 52.47919544031113 ], [ 16.989536810117151, 52.47939785191879 ], [ 16.989525311260298, 52.479650018361625 ], [ 16.989447086582263, 52.479885599739426 ], [ 16.989412882321556, 52.480080727490758 ], [ 16.989347309583664, 52.480223819513157 ], [ 16.989398214999333, 52.480487173241443 ], [ 16.989535021324169, 52.480644637450304 ], [ 16.98962151993992, 52.480790903779031 ], [ 16.989669001126039, 52.48086410885076 ], [ 16.989755519389799, 52.480824209191937 ], [ 16.989913513582518, 52.480702783758474 ], [ 16.99011500116357, 52.480556240848522 ], [ 16.990351047026863, 52.480394770982393 ], [ 16.990651499847321, 52.480306792903335 ], [ 16.990956882677313, 52.480296467063461 ], [ 16.99130387526138, 52.480302361005009 ], [ 16.991522506985131, 52.480337101809319 ], [ 16.991680248616142, 52.480407007217998 ], [ 16.991797792739487, 52.48042968831939 ], [ 16.991895125106609, 52.480338257911981 ], [ 16.992027486694941, 52.480221565752579 ], [ 16.992198633760093, 52.480183101140852 ], [ 16.992273155519662, 52.480220565230915 ], [ 16.992300184397813, 52.480370991253992 ], [ 16.992387868244805, 52.480491419215348 ], [ 16.992523508912207, 52.480674716512027 ], [ 16.992586274510458, 52.480784378786453 ], [ 16.992549362448958, 52.480850978917211 ], [ 16.992490354315912, 52.480844806035265 ], [ 16.992263491256725, 52.480804756028959 ], [ 16.992085290521967, 52.480812073302019 ], [ 16.991845021942289, 52.480880391816946 ], [ 16.991620737763423, 52.480969666417195 ], [ 16.9913621283041, 52.481068700196175 ], [ 16.991146070148254, 52.481163284897022 ], [ 16.990928362707638, 52.481294040168308 ], [ 16.990753206716739, 52.481420346668166 ], [ 16.99055501457357, 52.481494548694982 ], [ 16.990348358295496, 52.481568606569375 ], [ 16.990007227922316, 52.481619693634045 ], [ 16.989674795903451, 52.481665756290148 ], [ 16.989375981530255, 52.48171756081765 ], [ 16.989193298672223, 52.481823051947195 ], [ 16.988633716444777, 52.482206554207835 ], [ 16.988264830467209, 52.482308877094425 ], [ 16.987898065407776, 52.482364693366392 ], [ 16.98753271477646, 52.482389504868067 ], [ 16.987294082141375, 52.482421643071213 ], [ 16.987218587645057, 52.482591010678185 ], [ 16.987293315627642, 52.482809476355669 ], [ 16.987388510449112, 52.482950720999526 ], [ 16.987514022432372, 52.483170050695499 ], [ 16.987274677768923, 52.483217690621267 ], [ 16.987182726015583, 52.483376435558114 ], [ 16.987226902735642, 52.483521983326391 ], [ 16.987271551593473, 52.483657196540541 ], [ 16.987580704208384, 52.483750369080738 ], [ 16.987824741496922, 52.483785548887262 ], [ 16.988084999469269, 52.483836517966516 ], [ 16.988370413978853, 52.48389308562998 ], [ 16.988622680872506, 52.483933575034307 ], [ 16.988823221680502, 52.483993869448859 ], [ 16.989006127969361, 52.484069377523248 ], [ 16.98912038033107, 52.484164403189936 ], [ 16.989159871608873, 52.484227130000598 ], [ 16.989367551750888, 52.484056028411317 ], [ 16.989567303022088, 52.484100486318468 ], [ 16.989718325316677, 52.484181071697591 ], [ 16.989815207680486, 52.48426894917035 ], [ 16.989837413224979, 52.484371982282973 ], [ 16.989741637995767, 52.48440731049466 ], [ 16.98956148616379, 52.484375504740754 ], [ 16.989501731415618, 52.484505888294699 ], [ 16.989501715312716, 52.48465371223557 ], [ 16.989605131981161, 52.484745807173596 ], [ 16.989732079804504, 52.484764389873497 ], [ 16.98984764417915, 52.484737610458296 ], [ 16.989950140902263, 52.484702396390489 ], [ 16.990029308757059, 52.484588767448479 ], [ 16.990123227382348, 52.484446645529587 ], [ 16.990234314694586, 52.484370514926994 ], [ 16.9906216898972, 52.484430477806569 ], [ 16.990908814849831, 52.484476417819607 ], [ 16.990987594726697, 52.484518818299016 ], [ 16.990890873583339, 52.484722486686351 ], [ 16.990661990353221, 52.484726810856422 ], [ 16.990494342998037, 52.484715750115164 ], [ 16.990487796373657, 52.484859356844403 ], [ 16.990632289088961, 52.484935723848857 ], [ 16.990830549526574, 52.485013004067333 ], [ 16.990967013399139, 52.485117977850955 ], [ 16.991133903775385, 52.485293274121986 ], [ 16.991304711810105, 52.485530230075867 ], [ 16.99144285137475, 52.485746099850701 ], [ 16.991520502816087, 52.485960942279569 ], [ 16.991570896744889, 52.486183534237163 ], [ 16.991665169875649, 52.486328852963645 ], [ 16.991872768174851, 52.48649662688198 ], [ 16.992144409682904, 52.486587469368082 ], [ 16.992506417391457, 52.486614145452208 ], [ 16.992836501337603, 52.486603322649209 ], [ 16.993200004105805, 52.486597172180858 ], [ 16.993522432770234, 52.486606748696879 ], [ 16.993798933988373, 52.486590907966345 ], [ 16.993962482558445, 52.486544407307051 ], [ 16.994201084636718, 52.486178893788754 ], [ 16.994219941377445, 52.486060133074801 ], [ 16.994090748018039, 52.48594296776897 ], [ 16.994056396785012, 52.485810985990973 ], [ 16.994331399289447, 52.485680144349175 ], [ 16.994719537225702, 52.485575857638594 ], [ 16.995069586911747, 52.485421649324728 ], [ 16.995411233874293, 52.485304253587586 ], [ 16.996246119657737, 52.485137727084471 ], [ 16.996663742772167, 52.484976446447028 ], [ 16.996970286054385, 52.48489130143566 ], [ 16.997190202195458, 52.484788263850625 ], [ 16.997289141483101, 52.484683177426916 ], [ 16.997055579427382, 52.484494442249591 ], [ 16.997037085612096, 52.484309349002366 ], [ 16.997116234591839, 52.484195715119789 ], [ 16.99713881095915, 52.483994892484155 ], [ 16.996967790627561, 52.483762047710776 ], [ 16.996833553773431, 52.483607843934102 ], [ 16.99677548286428, 52.483405655390818 ], [ 16.996819713811544, 52.483172349763635 ], [ 16.996955609199581, 52.482993977502247 ], [ 16.99702597536449, 52.48277753931638 ], [ 16.997146563417598, 52.482639969844769 ], [ 16.997259216465018, 52.482590621854335 ], [ 16.997325627368628, 52.482484038213606 ], [ 16.997277246353171, 52.482369698926703 ], [ 16.997106222708329, 52.482180168132103 ], [ 16.996928906684726, 52.48205979697763 ], [ 16.996742148480699, 52.482008532092777 ], [ 16.996547519958963, 52.481991766828187 ], [ 16.996429345574018, 52.482026322242064 ], [ 16.996358672046512, 52.482125176545274 ], [ 16.99629408965157, 52.482260563950959 ], [ 16.996206478648695, 52.482353486364829 ], [ 16.996059786695252, 52.482391406391478 ], [ 16.995922189443942, 52.482367910141761 ], [ 16.995834712537825, 52.482281768787573 ], [ 16.995830684444229, 52.482162408251746 ], [ 16.995886138431938, 52.482051751943978 ], [ 16.995983403468468, 52.481922563392899 ], [ 16.996048653387916, 52.481804376720049 ], [ 16.995947355002581, 52.481675671724609 ], [ 16.995687029260413, 52.481440371963167 ], [ 16.995613963394987, 52.481314229609531 ], [ 16.9955350826319, 52.481178047458918 ], [ 16.995347878698052, 52.480960210320198 ], [ 16.995015930484861, 52.480674761646625 ], [ 16.994872563806332, 52.480501088879322 ], [ 16.995024324177194, 52.480490193252066 ], [ 16.995142934110465, 52.480515292799602 ], [ 16.995288134356851, 52.480510057836646 ], [ 16.99566915664899, 52.48058578226869 ], [ 16.995973903857088, 52.480606339082648 ], [ 16.996267631723665, 52.480661341664401 ], [ 16.996482000664141, 52.480676998795715 ], [ 16.996700979086434, 52.48045161426694 ], [ 16.996759502598248, 52.480277497512631 ], [ 16.996688309497099, 52.479987878343707 ], [ 16.996868108103957, 52.479743712404733 ], [ 16.997142502883904, 52.479645354860324 ], [ 16.997267985331678, 52.479482672260104 ], [ 16.997239881134544, 52.479358590652311 ], [ 16.997011828056504, 52.479179620458559 ], [ 16.996497205204768, 52.478995795497198 ], [ 16.995950276025642, 52.478780519395364 ], [ 16.995407095855033, 52.478482900436994 ], [ 16.994951098300263, 52.478273662721911 ], [ 16.994648997444685, 52.478088930563352 ], [ 16.994139079710958, 52.477802170115822 ], [ 16.994123159458685, 52.477410481783686 ], [ 16.994220551954339, 52.477123720106825 ], [ 16.994611521992343, 52.476687429634275 ], [ 16.994724361510965, 52.476431830926131 ], [ 16.994769775458828, 52.476175088884631 ], [ 16.994865288678511, 52.475929496740562 ], [ 16.994958460749942, 52.475735367242876 ], [ 16.995102199430875, 52.475542094935122 ], [ 16.995180385664529, 52.475306509274105 ], [ 16.995240311590251, 52.475101515466299 ], [ 16.995550731264714, 52.474952269989089 ], [ 16.995795597874825, 52.474760710852024 ], [ 16.996025945602081, 52.474517402773792 ], [ 16.996270488774968, 52.47442180756115 ], [ 16.996138436114986, 52.474269783783562 ], [ 16.99592695892099, 52.474062504075903 ], [ 16.996131326757062, 52.474019614977237 ] ], [ [ 17.045895855541726, 52.487501945423531 ], [ 17.046213388520584, 52.487791608847111 ], [ 17.04569184398958, 52.487951445290221 ], [ 17.045349793727464, 52.487625510280424 ], [ 17.045895855541726, 52.487501945423531 ] ], [ [ 16.984207449876063, 52.447034315373031 ], [ 16.984357121540224, 52.448190309665812 ], [ 16.983982555340035, 52.448213739680838 ], [ 16.983517514642624, 52.448242765447212 ], [ 16.983012369215945, 52.448266998968002 ], [ 16.982649556838766, 52.448264915220648 ], [ 16.982501633270942, 52.448266497407289 ], [ 16.982584127881964, 52.448079017334102 ], [ 16.982539220181248, 52.447885257062211 ], [ 16.982421946171314, 52.447657411833227 ], [ 16.982269972263808, 52.44745361182035 ], [ 16.982182712569909, 52.447304297404479 ], [ 16.982168006630886, 52.447184965001703 ], [ 16.98270990332319, 52.447091555894772 ], [ 16.983029075119116, 52.447018982441648 ], [ 16.983333503537565, 52.446974900440878 ], [ 16.983756906692712, 52.446930135891328 ], [ 16.984188933119398, 52.446878498124434 ], [ 16.984207449876063, 52.447034315373031 ] ], [ [ 16.984610856171628, 52.451224951239872 ], [ 16.984807567591147, 52.451231352354199 ], [ 16.984830201762126, 52.451397363226953 ], [ 16.984632458188901, 52.451414207036677 ], [ 16.984610856171628, 52.451224951239872 ] ], [ [ 16.98484835282963, 52.452228983442886 ], [ 16.984565418455187, 52.452219942708545 ], [ 16.98459559063846, 52.452000772573079 ], [ 16.984854032556552, 52.452015440732872 ], [ 16.98484835282963, 52.452228983442886 ] ], [ [ 16.98487034963907, 52.452688264270847 ], [ 16.984862293447325, 52.452864695746328 ], [ 16.984891002218379, 52.452971947547923 ], [ 16.98487455344566, 52.453214304910183 ], [ 16.984824409855715, 52.453573432016896 ], [ 16.984079552894208, 52.45352067162397 ], [ 16.984042036360581, 52.453606263235542 ], [ 16.984059373128755, 52.45366815258717 ], [ 16.984177451621232, 52.453731759513047 ], [ 16.984193289242324, 52.453826473287222 ], [ 16.983678022329332, 52.453776625002227 ], [ 16.982982922037877, 52.453690856810148 ], [ 16.982597478366596, 52.453741768415981 ], [ 16.982378435954619, 52.453828368390141 ], [ 16.982307672964982, 52.454053004700903 ], [ 16.982450701711535, 52.454305926686231 ], [ 16.983407180200235, 52.454408474866518 ], [ 16.98374689504217, 52.454475862073096 ], [ 16.983921516871654, 52.454478839668198 ], [ 16.984061245524636, 52.454509965841133 ], [ 16.984032661912078, 52.454694259748429 ], [ 16.983978150146811, 52.45485758031321 ], [ 16.983978680578531, 52.454993095604983 ], [ 16.984014854553301, 52.455084049875602 ], [ 16.984140330610174, 52.455147423453631 ], [ 16.984602473212135, 52.455181052938443 ], [ 16.984702160588935, 52.455186456395332 ], [ 16.984687132136965, 52.455441830750821 ], [ 16.984884621730693, 52.455463976181342 ], [ 16.985077452780416, 52.45548943282845 ], [ 16.985080888145827, 52.455781487090107 ], [ 16.984818331466126, 52.455807914183623 ], [ 16.984652124792618, 52.455803610550007 ], [ 16.98451506436086, 52.455802745172385 ], [ 16.984018513695514, 52.455783979542183 ], [ 16.983820416210417, 52.45610319068853 ], [ 16.983740994190981, 52.456123961921918 ], [ 16.983643538092778, 52.456149449505943 ], [ 16.983685770348636, 52.456337740046919 ], [ 16.983594097407462, 52.456765712837246 ], [ 16.983494385535678, 52.456777779556631 ], [ 16.983198016140729, 52.45675345079043 ], [ 16.98285824436714, 52.456692586182832 ], [ 16.982396746087467, 52.456632397010843 ], [ 16.982683900067052, 52.455970964764418 ], [ 16.982852355993174, 52.455509288682791 ], [ 16.982758795902768, 52.455506102386572 ], [ 16.982558242565791, 52.455482149400481 ], [ 16.982440912221598, 52.455402128653105 ], [ 16.982390970636512, 52.455171326431774 ], [ 16.982241486337703, 52.454618537925384 ], [ 16.982110427393074, 52.454250844935451 ], [ 16.981506004029587, 52.453431596431869 ], [ 16.981511801759741, 52.453378314125985 ], [ 16.981581673392501, 52.453356922531299 ], [ 16.981663522716932, 52.453367558814385 ], [ 16.982006406792721, 52.45340215519149 ], [ 16.982301285553294, 52.453468979766711 ], [ 16.982597551213953, 52.453446119540729 ], [ 16.982794567641292, 52.453400205912452 ], [ 16.982826495633503, 52.453289881826002 ], [ 16.982512040616744, 52.45296422902495 ], [ 16.982296078173995, 52.452689531183907 ], [ 16.982101353758406, 52.452538382962061 ], [ 16.981886295349099, 52.452390993590456 ], [ 16.981786158806845, 52.452229140502169 ], [ 16.981696116408571, 52.451993547071815 ], [ 16.981697469188745, 52.451817001273845 ], [ 16.981833849325945, 52.451774160444465 ], [ 16.982188473872103, 52.451808956784852 ], [ 16.98248956002881, 52.451838732264989 ], [ 16.982750539218344, 52.451863716453524 ], [ 16.983119346976032, 52.451882326963251 ], [ 16.983374735901521, 52.451882576896153 ], [ 16.983560341998558, 52.451939123721317 ], [ 16.983581018927261, 52.452074982667348 ], [ 16.983609536647997, 52.452186337811767 ], [ 16.983693093854722, 52.452269887797705 ], [ 16.98381488485089, 52.452399258464581 ], [ 16.98398222026627, 52.452414430533082 ], [ 16.983998994231598, 52.452488629066465 ], [ 16.984292464049449, 52.45239097625754 ], [ 16.984304052431298, 52.452284411283323 ], [ 16.984453863349316, 52.452241796408849 ], [ 16.984744165087932, 52.452316972023112 ], [ 16.984844667537793, 52.452367538997663 ], [ 16.984850792617763, 52.452527787174525 ], [ 16.98487034963907, 52.452688264270847 ] ], [ [ 16.983994185209379, 52.457701475473229 ], [ 16.982808432149135, 52.45760966331558 ], [ 16.982721024492069, 52.457944091356822 ], [ 16.982559638877976, 52.457924817302114 ], [ 16.982535156273297, 52.457770207140534 ], [ 16.982460628095193, 52.45762575680827 ], [ 16.982301659503083, 52.457455084617301 ], [ 16.982251765158157, 52.457363369789569 ], [ 16.983045248861455, 52.457415259728819 ], [ 16.98312663988747, 52.457033083853283 ], [ 16.982583440297809, 52.456985268995169 ], [ 16.98258437014027, 52.456767763353824 ], [ 16.983566297897042, 52.45688088308745 ], [ 16.983444848862536, 52.457441389548499 ], [ 16.984188648374651, 52.457490022880478 ], [ 16.984173319517051, 52.457724434822516 ], [ 16.983994185209379, 52.457701475473229 ] ], [ [ 16.98428806993314, 52.458361132369369 ], [ 16.984422980638573, 52.458360857011989 ], [ 16.984524075516056, 52.458362580239147 ], [ 16.984632889790422, 52.458379885742019 ], [ 16.98461310232188, 52.458443926769817 ], [ 16.984606774429864, 52.458490171284694 ], [ 16.984859394893093, 52.458497051934181 ], [ 16.985286129763253, 52.458475997284914 ], [ 16.985636455528439, 52.458466515089604 ], [ 16.9863288813293, 52.459366729207964 ], [ 16.986498858437084, 52.459614261158478 ], [ 16.986340885363063, 52.45965792338977 ], [ 16.985524482521292, 52.459718696325126 ], [ 16.984757439832403, 52.458698749730864 ], [ 16.984570941417132, 52.458628617634034 ], [ 16.984236640580523, 52.458656395791337 ], [ 16.984004395788521, 52.458652570615094 ], [ 16.984065567573609, 52.45834359185141 ], [ 16.98427145589385, 52.458355698881391 ], [ 16.98428806993314, 52.458361132369369 ] ], [ [ 16.983719086048918, 52.459281054032971 ], [ 16.9837470647789, 52.459222303089568 ], [ 16.983621164158237, 52.459209855681465 ], [ 16.983656765482536, 52.459076555920895 ], [ 16.983891599061568, 52.459103736358941 ], [ 16.983887678075416, 52.459374058331747 ], [ 16.983719086048918, 52.459281054032971 ] ], [ [ 16.983877077354901, 52.459659529605361 ], [ 16.983828172615802, 52.459661458462548 ], [ 16.983584088123724, 52.459652146087606 ], [ 16.98345891333636, 52.459531555360584 ], [ 16.983469593948499, 52.459390105260105 ], [ 16.983856427691407, 52.459412152469504 ], [ 16.983886259326862, 52.459412264702799 ], [ 16.983877077354901, 52.459659529605361 ] ], [ [ 17.072375199855315, 52.491874672482304 ], [ 17.072371169682917, 52.491813014239199 ], [ 17.072440904904621, 52.491756664268586 ], [ 17.072559441740232, 52.491738065027896 ], [ 17.072665921196432, 52.491764437085557 ], [ 17.07282192062641, 52.491812146727021 ], [ 17.073018702600113, 52.491850255131951 ], [ 17.073159870419239, 52.491852554823041 ], [ 17.073301935192386, 52.491834338103487 ], [ 17.073434185504318, 52.491809802105131 ], [ 17.073542638685314, 52.491791037642038 ], [ 17.073721177468705, 52.492015678493459 ], [ 17.073599501533735, 52.492106085753079 ], [ 17.073542853130885, 52.492170861878449 ], [ 17.073510450220617, 52.492219608182175 ], [ 17.073450978493181, 52.492272019770965 ], [ 17.073339342300141, 52.492286626140853 ], [ 17.073194991304181, 52.49228016865095 ], [ 17.072764319492766, 52.492129436461234 ], [ 17.072536975766063, 52.492021024734811 ], [ 17.072448557786167, 52.491966203698411 ], [ 17.072375199855315, 52.491874672482304 ] ], [ [ 17.069289251156729, 52.494346702590114 ], [ 17.069276094558273, 52.494186347157793 ], [ 17.06934871383881, 52.494064347310186 ], [ 17.069119895327304, 52.493912790180801 ], [ 17.069084594070141, 52.493797241115928 ], [ 17.069152648088366, 52.493625892795691 ], [ 17.069332467436965, 52.493513855130111 ], [ 17.069514334878349, 52.493508611087925 ], [ 17.069723164816288, 52.49365573511124 ], [ 17.069715436310126, 52.493832174366311 ], [ 17.069657521785103, 52.493925671204757 ], [ 17.069769109708464, 52.493989084746701 ], [ 17.070133926585182, 52.493953975641077 ], [ 17.070472571235577, 52.493902013803584 ], [ 17.070817039527448, 52.493870676834923 ], [ 17.071101543016887, 52.493826042523978 ], [ 17.071514672512055, 52.493762973804444 ], [ 17.071765920941168, 52.493709583384046 ], [ 17.072070231106107, 52.493673481969303 ], [ 17.072364946471833, 52.493702922133082 ], [ 17.072750189112554, 52.493815959951782 ], [ 17.073212157890737, 52.494020582047838 ], [ 17.073297398984774, 52.494071244546973 ], [ 17.072962069539191, 52.494201285684348 ], [ 17.072580397436795, 52.494314146087213 ], [ 17.072362221301045, 52.494380395717009 ], [ 17.072498812686913, 52.494641310228843 ], [ 17.072483295393802, 52.494842259661361 ], [ 17.072319077901163, 52.494905282306512 ], [ 17.072028025353259, 52.494945706666236 ], [ 17.071747544955759, 52.495052001364549 ], [ 17.071405660318096, 52.495177825120876 ], [ 17.071149835579238, 52.495181866163549 ], [ 17.07067287780643, 52.495165875410002 ], [ 17.070387466823359, 52.495231024788239 ], [ 17.070074804430234, 52.495303941207283 ], [ 17.069779540850405, 52.495286804969197 ], [ 17.069528209430253, 52.49518826156276 ], [ 17.069285399715898, 52.495048794996578 ], [ 17.069088931437076, 52.494926509082887 ], [ 17.069089041063076, 52.49477047636671 ], [ 17.069236690135398, 52.4946250643155 ], [ 17.069309669830293, 52.494494858034763 ], [ 17.069289251156729, 52.494346702590114 ] ], [ [ 17.091948589810325, 52.496939773618131 ], [ 17.092021566986858, 52.496963534583969 ], [ 17.092268129923958, 52.496862804302303 ], [ 17.09183836786022, 52.49645552234773 ], [ 17.092269661932821, 52.496205844085139 ], [ 17.092613206613926, 52.496429010367422 ], [ 17.092400173412546, 52.496532335149993 ], [ 17.092548231803097, 52.496686650459267 ], [ 17.093405744361696, 52.496498759963458 ], [ 17.0933358504236, 52.496559225727474 ], [ 17.093272312179714, 52.496706023155141 ], [ 17.093189390965641, 52.496912047350378 ], [ 17.093261214632609, 52.496962478959809 ], [ 17.093404353530413, 52.496919618430667 ], [ 17.093789723813138, 52.497342603813088 ], [ 17.09360297184903, 52.497382708871889 ], [ 17.093382337188196, 52.497428426755214 ], [ 17.0932129252454, 52.49745649222244 ], [ 17.093010949972903, 52.497537412508294 ], [ 17.09257206676514, 52.497107402453835 ], [ 17.092511749446, 52.497024306725265 ], [ 17.092496020859091, 52.496921399210855 ], [ 17.092361647159063, 52.496917179211877 ], [ 17.092391709929714, 52.49699978712863 ], [ 17.09237259269808, 52.497052858855611 ], [ 17.092304725645928, 52.497144152872238 ], [ 17.092210320938527, 52.497226806546564 ], [ 17.09202241317794, 52.497293580485902 ], [ 17.091743830632101, 52.49735683833832 ], [ 17.091807419683434, 52.497442040315981 ], [ 17.092628788036837, 52.498050679613044 ], [ 17.093419823046503, 52.498738894104051 ], [ 17.093065515486099, 52.498740034219509 ], [ 17.092982633559625, 52.498541424035338 ], [ 17.092278339313808, 52.498647093307255 ], [ 17.092314809284339, 52.498742446387091 ], [ 17.091847504100084, 52.498743945524893 ], [ 17.091598700584399, 52.498416451467044 ], [ 17.091856498084908, 52.498367230187512 ], [ 17.091688652012479, 52.498048348650698 ], [ 17.091498444695805, 52.498090447748943 ], [ 17.091334659282285, 52.4978332235195 ], [ 17.090627083146344, 52.498014793848299 ], [ 17.090078726361526, 52.497472141133322 ], [ 17.090050391370113, 52.497388127854663 ], [ 17.090275317220147, 52.497360342721159 ], [ 17.090401881672342, 52.497079061140575 ], [ 17.089998404271075, 52.497074600111674 ], [ 17.089879257003069, 52.496641529735498 ], [ 17.091503355260905, 52.496501444688704 ], [ 17.091948589810325, 52.496939773618131 ] ], [ [ 17.078179106354721, 52.498988454990574 ], [ 17.078196742941369, 52.498777585056175 ], [ 17.078278698600592, 52.49863986223798 ], [ 17.078193346253016, 52.498468520403001 ], [ 17.078242019525902, 52.498319956571287 ], [ 17.078489709568366, 52.498251878046233 ], [ 17.078842759819928, 52.498283363185429 ], [ 17.079225727278651, 52.498402885726271 ], [ 17.079549667739673, 52.498521448734294 ], [ 17.079849208849026, 52.498619014161278 ], [ 17.079909718161154, 52.498779651197196 ], [ 17.07967261216762, 52.498992108895997 ], [ 17.079498347532237, 52.499118033722894 ], [ 17.079048714385781, 52.49917253489312 ], [ 17.078576699315416, 52.499159718772717 ], [ 17.07832595866909, 52.499104144171326 ], [ 17.078179106354721, 52.498988454990574 ] ], [ [ 17.071294801363162, 52.498948512136472 ], [ 17.069264624049115, 52.499059598146474 ], [ 17.069026978302468, 52.498705507913733 ], [ 17.069038255769822, 52.498448183753261 ], [ 17.06920773299623, 52.497276712412429 ], [ 17.071094348024829, 52.497358993230428 ], [ 17.071294801363162, 52.498948512136472 ] ], [ [ 17.067580011546131, 52.49610164536869 ], [ 17.067683536682242, 52.496242391089226 ], [ 17.067848119325607, 52.496337782539079 ], [ 17.067947726755232, 52.496375460670684 ], [ 17.068051479342113, 52.496511059598667 ], [ 17.067840980293525, 52.49669302749043 ], [ 17.067407771909135, 52.496758052961425 ], [ 17.066885193323142, 52.496744363859783 ], [ 17.066543307059586, 52.496651223324385 ], [ 17.066361184026761, 52.496570993831973 ], [ 17.066248025290911, 52.496265284045158 ], [ 17.066182750773603, 52.496022158990677 ], [ 17.066326925333648, 52.495813358969237 ], [ 17.066666469202911, 52.495767407341127 ], [ 17.066847833952643, 52.495672518255859 ], [ 17.066990649620369, 52.495494596249038 ], [ 17.067315132017008, 52.495407195298185 ], [ 17.067514341947021, 52.495482552338522 ], [ 17.067546345971998, 52.495714832769082 ], [ 17.06751179571577, 52.495925425226766 ], [ 17.067580011546131, 52.49610164536869 ] ], [ [ 17.06577575706077, 52.494913368270346 ], [ 17.065916089781847, 52.494792058802339 ], [ 17.066176350917381, 52.49482206482147 ], [ 17.066433450905404, 52.494924120971 ], [ 17.066546982362834, 52.495028980132631 ], [ 17.066541337074796, 52.495157642100352 ], [ 17.0664276559536, 52.495248486940504 ], [ 17.066155572221131, 52.495295540759813 ], [ 17.065920152654375, 52.495276241233071 ], [ 17.065741424988762, 52.495118813686084 ], [ 17.06577575706077, 52.494913368270346 ] ], [ [ 17.08285359178997, 52.501232520127374 ], [ 17.082685744587167, 52.501404904980824 ], [ 17.082639322422938, 52.501502005460807 ], [ 17.082574017450629, 52.501645151226349 ], [ 17.082591925764454, 52.501815396511631 ], [ 17.081814405308396, 52.502034548333903 ], [ 17.081940620812734, 52.501655483584869 ], [ 17.081386402316067, 52.501785550268522 ], [ 17.081376958896978, 52.501033474742762 ], [ 17.08292748192158, 52.500698101757685 ], [ 17.082976814806948, 52.500985765165453 ], [ 17.082994794339939, 52.501090604172511 ], [ 17.08285359178997, 52.501232520127374 ] ], [ [ 17.089036406507407, 52.502666447733752 ], [ 17.088870759777201, 52.502983080844757 ], [ 17.088890205219972, 52.503313004332881 ], [ 17.089304649341198, 52.503875914662622 ], [ 17.088734174526678, 52.504186008307876 ], [ 17.08885304003509, 52.504558739111211 ], [ 17.08747423148019, 52.504824864359243 ], [ 17.087221444581058, 52.504037955100493 ], [ 17.088478137182573, 52.503862562403803 ], [ 17.088342515053679, 52.503098149251755 ], [ 17.088502017699103, 52.50253421053926 ], [ 17.088648565452196, 52.50226877080037 ], [ 17.088980547105383, 52.50239773776017 ], [ 17.089036406507407, 52.502666447733752 ] ], [ [ 17.076960938659187, 52.504566877921746 ], [ 17.077120143121224, 52.504013249144563 ], [ 17.077133621944206, 52.503704458960208 ], [ 17.077154308282307, 52.50361724257283 ], [ 17.077678544765806, 52.503594861567599 ], [ 17.078052770694281, 52.50352883993029 ], [ 17.078186362442032, 52.503561911202198 ], [ 17.078353142778415, 52.503801527596643 ], [ 17.07859672682574, 52.5040217905932 ], [ 17.079075077746371, 52.50389050487464 ], [ 17.079568947149788, 52.503790370079209 ], [ 17.079833309308587, 52.503727709408217 ], [ 17.079966454414727, 52.503771071710247 ], [ 17.080071158313615, 52.503886074407433 ], [ 17.080159892370197, 52.503980217227642 ], [ 17.077285714058135, 52.504860565560548 ], [ 17.076960938659187, 52.504566877921746 ] ], [ [ 17.084007932551842, 52.503409135255154 ], [ 17.083917473131013, 52.503160462922132 ], [ 17.083707153484919, 52.502951050156433 ], [ 17.083447577891473, 52.502709938099699 ], [ 17.083437875609441, 52.50254497609064 ], [ 17.083363840193659, 52.502306869659748 ], [ 17.083243683356663, 52.50196501284708 ], [ 17.083658784846527, 52.501734831064496 ], [ 17.084808926863399, 52.504009222661018 ], [ 17.084457840232648, 52.503931436153522 ], [ 17.084309613004951, 52.503846633516261 ], [ 17.084099288284257, 52.503637221421762 ], [ 17.084007932551842, 52.503409135255154 ] ], [ [ 17.101045015851085, 52.504446065455006 ], [ 17.100594466415256, 52.504716939691157 ], [ 17.099914861420181, 52.50481932912141 ], [ 17.099557967654338, 52.504875397952965 ], [ 17.099198852225229, 52.504982931382216 ], [ 17.098995990571172, 52.504989971985587 ], [ 17.098781147533337, 52.50488351667493 ], [ 17.09885750454211, 52.504678738313132 ], [ 17.099002665103182, 52.50444416472363 ], [ 17.099113644275416, 52.504219341996375 ], [ 17.09922506642301, 52.503984226007589 ], [ 17.099530462046918, 52.503947931463529 ], [ 17.099767498301027, 52.50393113864952 ], [ 17.100069341654756, 52.503977187846637 ], [ 17.10037029792235, 52.504043822569798 ], [ 17.100669036119868, 52.504161922269802 ], [ 17.100985974985019, 52.504249412556618 ], [ 17.101045015851085, 52.504446065455006 ] ], [ [ 17.096403969752618, 52.497824620166703 ], [ 17.096278287987545, 52.497814901450326 ], [ 17.096084461714977, 52.497777149344714 ], [ 17.095957132268641, 52.497659657811994 ], [ 17.096000918342607, 52.497521832075719 ], [ 17.096366381447346, 52.497235260620052 ], [ 17.096469350956195, 52.497186892727662 ], [ 17.096863310755374, 52.497116270224375 ], [ 17.097134402802578, 52.497116783318141 ], [ 17.097305349387408, 52.497100292735929 ], [ 17.097459385827193, 52.497060795203183 ], [ 17.097535409172682, 52.497349123973535 ], [ 17.097280792416548, 52.497376958729141 ], [ 17.096974707863936, 52.497456692499831 ], [ 17.096787504331228, 52.4975575785815 ], [ 17.096585871306949, 52.497700560953604 ], [ 17.096403969752618, 52.497824620166703 ] ], [ [ 17.026770156712097, 52.470959261184632 ], [ 17.02648520434537, 52.47064248699148 ], [ 17.026728205492876, 52.470577444913687 ], [ 17.028310119405212, 52.470845890547409 ], [ 17.028044331358736, 52.47132042919619 ], [ 17.027198702352258, 52.471182720190725 ], [ 17.026934280392723, 52.471155132818694 ], [ 17.026397905851457, 52.471362491831002 ], [ 17.026196782573841, 52.471145401031357 ], [ 17.026770156712097, 52.470959261184632 ] ], [ [ 17.025481466876034, 52.470075089457943 ], [ 17.025266610577017, 52.469788239669676 ], [ 17.025454077382669, 52.469745017953308 ], [ 17.025280205239774, 52.469484603581101 ], [ 17.025125525300719, 52.469548973444851 ], [ 17.025045634559632, 52.469449785033959 ], [ 17.024993098844408, 52.469304701421038 ], [ 17.025267136626269, 52.469211423574521 ], [ 17.025436145576155, 52.469414500658182 ], [ 17.025626102498308, 52.469387374604587 ], [ 17.02687411217449, 52.469578161564819 ], [ 17.026647274534074, 52.470030171101286 ], [ 17.026106035316442, 52.469969636071717 ], [ 17.025918170185701, 52.469993678389038 ], [ 17.026123437918624, 52.470240313146782 ], [ 17.025740534635425, 52.470316324929549 ], [ 17.025660277318273, 52.470036873097733 ], [ 17.025481466876034, 52.470075089457943 ] ], [ [ 17.022814746231774, 52.467293189442671 ], [ 17.023389928633076, 52.467065894560015 ], [ 17.023451160967831, 52.467133498179251 ], [ 17.023574849018345, 52.467079285789048 ], [ 17.023956280981796, 52.466941453864138 ], [ 17.02414259635934, 52.467111949378676 ], [ 17.023755797361897, 52.467275443340327 ], [ 17.023618829144947, 52.46731861118824 ], [ 17.02379598336432, 52.467514195283059 ], [ 17.023932188207123, 52.467479249778215 ], [ 17.024346982783431, 52.467349699414477 ], [ 17.024507330320152, 52.467535211154221 ], [ 17.024096171369717, 52.467677698394027 ], [ 17.023974127439406, 52.467710870221673 ], [ 17.024216815686152, 52.467978800121209 ], [ 17.024375362208776, 52.467939874219049 ], [ 17.0247352718667, 52.467811980649188 ], [ 17.024890948471654, 52.468007714259876 ], [ 17.024519895880552, 52.468101945709257 ], [ 17.024362812001254, 52.468145434534605 ], [ 17.024289892259816, 52.468059476558075 ], [ 17.023698539720623, 52.468271054934682 ], [ 17.022814746231774, 52.467293189442671 ] ], [ [ 17.022773911682929, 52.466580433560111 ], [ 17.02207046355235, 52.46619912118566 ], [ 17.022217365807794, 52.466134699340003 ], [ 17.024376380953797, 52.465187095913983 ], [ 17.024383783225776, 52.465398378852043 ], [ 17.023104659574159, 52.466092883465201 ], [ 17.023431793557883, 52.466319811583375 ], [ 17.023267542777674, 52.466409770145901 ], [ 17.023433301691458, 52.466474343571214 ], [ 17.023112071428464, 52.466680133166157 ], [ 17.023019271969666, 52.466732413240486 ], [ 17.022773911682929, 52.466580433560111 ] ], [ [ 17.020638078744742, 52.466188103816918 ], [ 17.020435591242979, 52.46616063787036 ], [ 17.020595634665913, 52.465890253291825 ], [ 17.020837006668362, 52.465567848844657 ], [ 17.020675002631542, 52.465483607655358 ], [ 17.01997055884727, 52.465624176465234 ], [ 17.019832064842799, 52.465546281780732 ], [ 17.019202878676186, 52.465473941473533 ], [ 17.018922736994789, 52.465515600680597 ], [ 17.018768083209519, 52.465203995842693 ], [ 17.018925299129929, 52.465083024246312 ], [ 17.018752407987936, 52.464802015210864 ], [ 17.018586403497526, 52.464688996156013 ], [ 17.018518848093304, 52.464496527082936 ], [ 17.018535664223048, 52.464310643028455 ], [ 17.018686916224642, 52.464147696630157 ], [ 17.018849982172913, 52.464098715980668 ], [ 17.019104486389558, 52.464087465794321 ], [ 17.019326881881153, 52.464067741987876 ], [ 17.019169358708726, 52.463762277487241 ], [ 17.018798880981077, 52.463151031968444 ], [ 17.018668520038769, 52.46284891388359 ], [ 17.018679891683252, 52.462595711978722 ], [ 17.018773829023417, 52.462449725840209 ], [ 17.018572487469406, 52.462424743630606 ], [ 17.017766412305068, 52.462349431167993 ], [ 17.017585676279158, 52.462243396634726 ], [ 17.017739083850852, 52.462019358088668 ], [ 17.018058557115534, 52.462040163849593 ], [ 17.018152752545802, 52.461820282555138 ], [ 17.018201814900227, 52.461666597818699 ], [ 17.017641245891305, 52.461569647567281 ], [ 17.017075821980924, 52.461580768157681 ], [ 17.016387051308545, 52.461619978252344 ], [ 17.015093882422921, 52.461783797848177 ], [ 17.013613678398247, 52.462011688234206 ], [ 17.012753415632432, 52.462126516033912 ], [ 17.012162866238018, 52.462018497251172 ], [ 17.011383555265233, 52.461839912930571 ], [ 17.010809687087672, 52.461799232920733 ], [ 17.010273760936677, 52.462043609058306 ], [ 17.009706553702067, 52.462230572194905 ], [ 17.00928619119632, 52.462352778189292 ], [ 17.008960517839018, 52.462440378114316 ], [ 17.008625683543968, 52.462543336722455 ], [ 17.008428772707273, 52.462591733297572 ], [ 17.008155427770919, 52.462457847173532 ], [ 17.007931910422844, 52.462345484965383 ], [ 17.007663527990552, 52.462289250531946 ], [ 17.007492347258101, 52.461955404065172 ], [ 17.007166849990355, 52.461851664509041 ], [ 17.005850030790121, 52.462139741913397 ], [ 17.005182220416025, 52.462304301707462 ], [ 17.004457757066103, 52.462411017559276 ], [ 17.004101039840247, 52.462436024831504 ], [ 17.003847711241875, 52.462421406087174 ], [ 17.003639955806193, 52.462335158194719 ], [ 17.003428184603123, 52.462150587672333 ], [ 17.003358126683331, 52.462014951284587 ], [ 17.0031999633608, 52.461955396394806 ], [ 17.002981880395279, 52.46191034321955 ], [ 17.00233355664724, 52.462018331901092 ], [ 17.0020957466376, 52.462034999277897 ], [ 17.001871345497594, 52.4621294620841 ], [ 17.001646007146853, 52.462244593784774 ], [ 17.001437587316374, 52.462360011010212 ], [ 17.001270295185776, 52.46250197949761 ], [ 17.001092200749675, 52.462695478033289 ], [ 17.001034885386296, 52.462839305222509 ], [ 17.00083445276157, 52.462965199002959 ], [ 17.000583024902525, 52.463095401493852 ], [ 17.000489056793821, 52.463300664138643 ], [ 17.000508815908159, 52.463425109173563 ], [ 17.000799999920439, 52.463538629529282 ], [ 17.001023973002784, 52.463640670417021 ], [ 17.001073796972047, 52.463662197817918 ], [ 17.001238550517929, 52.463763237210181 ], [ 17.00148038242256, 52.463844893929334 ], [ 17.001579563150287, 52.463898282995899 ], [ 17.001579329064441, 52.463903450327045 ], [ 17.001359131254514, 52.463904900071462 ], [ 17.000938027854541, 52.464042577953599 ], [ 17.000542273773075, 52.463994516613162 ], [ 17.000209489542172, 52.463864778263599 ], [ 17.000091931181949, 52.463469772174754 ], [ 16.999913749361312, 52.463104768284147 ], [ 16.999989159962428, 52.462935391227226 ], [ 17.000122383909726, 52.462798019639109 ], [ 17.000085940571633, 52.462668121053113 ], [ 17.000271093767516, 52.462505771112184 ], [ 17.000572107237726, 52.462402264177037 ], [ 17.000628955131354, 52.462268771870718 ], [ 17.000486983076616, 52.462038834546604 ], [ 17.000586363689131, 52.461900890166433 ], [ 17.000961870918431, 52.461834840858359 ], [ 17.00106853866216, 52.461722875721321 ], [ 17.001437456644044, 52.461615343214191 ], [ 17.001694290480387, 52.461552457066816 ], [ 17.001828909091451, 52.461384079427575 ], [ 17.002128507291754, 52.461311572406274 ], [ 17.002527748551874, 52.461282118189089 ], [ 17.002683531199445, 52.461207180298373 ], [ 17.002697137337051, 52.461093641774241 ], [ 17.002600066925432, 52.46099374763844 ], [ 17.002581238579683, 52.460848633508682 ], [ 17.00259531272529, 52.460724760317049 ], [ 17.002285819469577, 52.460641962650833 ], [ 17.001922762158973, 52.460620314547079 ], [ 17.001562279892994, 52.460541824657717 ], [ 17.00151055349281, 52.460375469158727 ], [ 17.001560808798313, 52.46020049465843 ], [ 17.00192573456571, 52.460180805154721 ], [ 17.002357165659223, 52.460188094532626 ], [ 17.002693671723339, 52.460235149294533 ], [ 17.002822239484757, 52.460387288259419 ], [ 17.002952679295653, 52.46049808838201 ], [ 17.003194262861321, 52.460584908830185 ], [ 17.003423687545762, 52.460940430457825 ], [ 17.003483413725945, 52.461117262697698 ], [ 17.003732526115787, 52.461224894275766 ], [ 17.003987718060095, 52.46119817447196 ], [ 17.004076288533639, 52.461111757626092 ], [ 17.004075777084594, 52.460935925221207 ], [ 17.004091249666843, 52.460781047761039 ], [ 17.004391073910178, 52.460703367579704 ], [ 17.004665518521929, 52.460625258381391 ], [ 17.004497872416042, 52.460213897623277 ], [ 17.004507919736277, 52.460100207216115 ], [ 17.004515212874175, 52.460017681322348 ], [ 17.004615511045646, 52.459859063963954 ], [ 17.00499735163697, 52.459839650439044 ], [ 17.005479770111727, 52.459842617383153 ], [ 17.005637461941102, 52.459912503893555 ], [ 17.005494169364368, 52.460085910756213 ], [ 17.005253333705912, 52.460169760109082 ], [ 17.005250530209995, 52.460231768260734 ], [ 17.005405653358917, 52.460358495892542 ], [ 17.005733704706966, 52.460405399350478 ], [ 17.006474871690234, 52.460490295083957 ], [ 17.006690795277791, 52.460395680731416 ], [ 17.00692789465494, 52.460394506056524 ], [ 17.00714883218555, 52.460563710941713 ], [ 17.007356819778, 52.460644785326394 ], [ 17.007519009860367, 52.460802656922468 ], [ 17.007422453855614, 52.460878599167998 ], [ 17.006257185375567, 52.460998582192111 ], [ 17.005473762194349, 52.461099138714083 ], [ 17.005011568319478, 52.461210281363471 ], [ 17.004681688669315, 52.461390881707629 ], [ 17.004517728433839, 52.461646679243024 ], [ 17.004528337397275, 52.461786483009512 ], [ 17.004719172516104, 52.461872443845714 ], [ 17.005031950390894, 52.461882892445288 ], [ 17.005440589390911, 52.461832901775679 ], [ 17.005859322227501, 52.461746880925233 ], [ 17.006313059980229, 52.461635592373234 ], [ 17.007227821411892, 52.461438989294756 ], [ 17.00770156471437, 52.461446972132634 ], [ 17.008226361140334, 52.461636807953589 ], [ 17.008646379369974, 52.461897274900693 ], [ 17.008829929454944, 52.461957249941598 ], [ 17.009238565192064, 52.461907246110997 ], [ 17.00982222348588, 52.461730904672379 ], [ 17.010277116722506, 52.461593764009436 ], [ 17.010891809982379, 52.461479994930265 ], [ 17.011392564386334, 52.46145221836283 ], [ 17.011899216511885, 52.461481422925061 ], [ 17.012413863511323, 52.461521102254608 ], [ 17.012854701184978, 52.461507826200631 ], [ 17.013585179831601, 52.461266706888438 ], [ 17.014350274163757, 52.461196816599966 ], [ 17.014845353987933, 52.461106874806148 ], [ 17.015265689655926, 52.460984648753737 ], [ 17.015754862092543, 52.460837719963749 ], [ 17.016351218199265, 52.460754642605394 ], [ 17.016682072421375, 52.460739507261316 ], [ 17.017249563409994, 52.460733510397134 ], [ 17.018064936680535, 52.460674781771928 ], [ 17.018647721623633, 52.460705233473213 ], [ 17.018922248475047, 52.46081325864548 ], [ 17.018810572877143, 52.46060139596905 ], [ 17.018761767307716, 52.460415798151736 ], [ 17.018778355590943, 52.460186845739166 ], [ 17.01900593344406, 52.460189079152194 ], [ 17.019117770311802, 52.46013945036789 ], [ 17.01967729129905, 52.460071568705438 ], [ 17.019785882127774, 52.460469955260777 ], [ 17.019371432317332, 52.460499065616744 ], [ 17.019200494909875, 52.460738263293877 ], [ 17.019737420084358, 52.461015545805367 ], [ 17.019852119569091, 52.461081113051719 ], [ 17.020046094881135, 52.461102839161782 ], [ 17.020286311030063, 52.461067852010032 ], [ 17.020483692334491, 52.461013669304116 ], [ 17.020627886523719, 52.460946277304345 ], [ 17.020699938162402, 52.460838668470217 ], [ 17.020738817625134, 52.460646326784108 ], [ 17.020817448247342, 52.46046696910021 ], [ 17.020595364498629, 52.460397552152585 ], [ 17.020169785842693, 52.460293931126053 ], [ 17.020078642536877, 52.460302670618347 ], [ 17.020108229163135, 52.460167660638433 ], [ 17.020157094284951, 52.459977539419761 ], [ 17.020155808653502, 52.459856384297197 ], [ 17.020185715362722, 52.459789132342848 ], [ 17.020404391970789, 52.459784581028693 ], [ 17.020751384654243, 52.459841717419025 ], [ 17.020930908356373, 52.459885784445561 ], [ 17.021016115476066, 52.459934432077112 ], [ 17.020939143109949, 52.460076861642172 ], [ 17.02093182741924, 52.46016502299571 ], [ 17.021049793138062, 52.460232696868665 ], [ 17.021243029283859, 52.460270833558894 ], [ 17.02143806036576, 52.460343902856089 ], [ 17.02161528695455, 52.460439258164513 ], [ 17.021780275540337, 52.460507718020708 ], [ 17.021871282271434, 52.460576993151868 ], [ 17.022010138311344, 52.460628590623848 ], [ 17.022204848537829, 52.460633900604591 ], [ 17.022385848302761, 52.460645140298496 ], [ 17.022346696843304, 52.460743848206143 ], [ 17.022313849076635, 52.460826663000596 ], [ 17.022289006846453, 52.460930956164852 ], [ 17.022304928590792, 52.461025665554395 ], [ 17.022407392683135, 52.461064335217301 ], [ 17.022492235877312, 52.461121188105814 ], [ 17.022454786687387, 52.461206792470541 ], [ 17.022374869630003, 52.461264996143015 ], [ 17.021867796929453, 52.461254461462225 ], [ 17.021819303250485, 52.461286499990699 ], [ 17.021830167095111, 52.461643923011621 ], [ 17.022067717540914, 52.461668427846611 ], [ 17.022221851593823, 52.461679218377363 ], [ 17.022278898935919, 52.461702953309278 ], [ 17.022364124990247, 52.461450445526076 ], [ 17.023143178310328, 52.461375918285206 ], [ 17.02349519848406, 52.461423004626504 ], [ 17.023533972068144, 52.461310347660415 ], [ 17.023844787496962, 52.461336143316856 ], [ 17.023739325437838, 52.46180820190655 ], [ 17.023579825855055, 52.462156944058222 ], [ 17.023549646865092, 52.462230351602209 ], [ 17.022561385822637, 52.462306219345777 ], [ 17.022468896363282, 52.461893820774982 ], [ 17.022208555560464, 52.461911364365818 ], [ 17.021827272887872, 52.461933363203464 ], [ 17.021525720820136, 52.461911893292331 ], [ 17.021205120769871, 52.461865466528202 ], [ 17.021052274705053, 52.461825952676627 ], [ 17.020873120257903, 52.461830892847203 ], [ 17.020734977200341, 52.46226813888655 ], [ 17.020591853972551, 52.462250229367896 ], [ 17.020567978656917, 52.46240496790233 ], [ 17.020604211159377, 52.462553634638589 ], [ 17.020742118970585, 52.462553783053409 ], [ 17.020754235114129, 52.462847549019322 ], [ 17.020635525118635, 52.463341828701672 ], [ 17.020807208221413, 52.463358308496851 ], [ 17.022445379045553, 52.463493870549733 ], [ 17.022614221822732, 52.462925018630081 ], [ 17.023326942622113, 52.463014188101056 ], [ 17.023173238971559, 52.463809904101339 ], [ 17.023159110595493, 52.463906611989636 ], [ 17.023319526150466, 52.464294553181908 ], [ 17.023440999640449, 52.464606859810324 ], [ 17.023423446836716, 52.464715163066103 ], [ 17.02333682121392, 52.464853339352288 ], [ 17.023213396546215, 52.464962458443566 ], [ 17.022991981012805, 52.465085452989186 ], [ 17.02258518890876, 52.465282916445247 ], [ 17.022331665385629, 52.465366588338149 ], [ 17.022185056157767, 52.465426191571694 ], [ 17.022072549790636, 52.465509099678741 ], [ 17.021497265870909, 52.465738961526711 ], [ 17.021384947777666, 52.465805045456499 ], [ 17.021791204433718, 52.466047742514142 ], [ 17.021534610033715, 52.466316411843643 ], [ 17.021050965217988, 52.466195014118348 ], [ 17.020638078744742, 52.466188103816918 ] ], [ [ 17.018744079349073, 52.458791553412958 ], [ 17.019163365282584, 52.458654371428928 ], [ 17.019340394378684, 52.458842745350665 ], [ 17.018716368326849, 52.459033150167954 ], [ 17.018555821370139, 52.459085069770133 ], [ 17.018478809505933, 52.458932815883706 ], [ 17.018654515746139, 52.458908508114959 ], [ 17.018744079349073, 52.458791553412958 ] ], [ [ 17.018057965120367, 52.458509283854951 ], [ 17.017943893672488, 52.458394482273214 ], [ 17.018116403256425, 52.458312363208698 ], [ 17.018580814390738, 52.458108986559331 ], [ 17.018857780338678, 52.458324787027252 ], [ 17.018708115167097, 52.458385118383781 ], [ 17.018514319546142, 52.458463238583597 ], [ 17.01823653340816, 52.458453433017837 ], [ 17.018057965120367, 52.458509283854951 ] ], [ [ 17.016042469820334, 52.457089311162846 ], [ 17.016141576524145, 52.457043189574485 ], [ 17.016229291884763, 52.456967407628731 ], [ 17.016444626658295, 52.457053423942831 ], [ 17.016805625518327, 52.456899821840366 ], [ 17.017999998579295, 52.457712984634398 ], [ 17.017886983837435, 52.458164311082143 ], [ 17.017785111019254, 52.458251840417162 ], [ 17.016042469820334, 52.457089311162846 ] ], [ [ 17.015343974048648, 52.456624896631034 ], [ 17.01545498270438, 52.456562996216107 ], [ 17.015913508235208, 52.456302878616704 ], [ 17.016377964377856, 52.456660887483892 ], [ 17.015955449586361, 52.456870108729319 ], [ 17.015820234840653, 52.456941050315713 ], [ 17.015505825964748, 52.45673129459535 ], [ 17.015343974048648, 52.456624896631034 ] ], [ [ 17.01437408308993, 52.456040126153802 ], [ 17.014694757897196, 52.456220618979167 ], [ 17.014378194996983, 52.456323458466372 ], [ 17.014133802699259, 52.456133945483806 ], [ 17.01437408308993, 52.456040126153802 ] ], [ [ 17.01437408308993, 52.456040126153802 ], [ 17.013973290653073, 52.455735871406333 ], [ 17.014129605783971, 52.4556652030168 ], [ 17.01459724831766, 52.455389792895588 ], [ 17.014843259214402, 52.455543280441653 ], [ 17.014763968602178, 52.455619202821055 ], [ 17.01487774024006, 52.455713817297763 ], [ 17.014523316434762, 52.45590872585452 ], [ 17.01437408308993, 52.456040126153802 ] ], [ [ 17.012786518871959, 52.45534907430892 ], [ 17.012909404924784, 52.455428393170301 ], [ 17.012735359464862, 52.455549073965521 ], [ 17.012352251515281, 52.455444779873034 ], [ 17.012783621856293, 52.455035040367889 ], [ 17.012973158689622, 52.455135900714609 ], [ 17.012764491045029, 52.455276600693509 ], [ 17.01286465362703, 52.455298885023126 ], [ 17.012786518871959, 52.45534907430892 ] ], [ [ 16.987591441761186, 52.464749290900308 ], [ 16.986779421874797, 52.464453633189393 ], [ 16.986245653143015, 52.464183393873626 ], [ 16.98579155376849, 52.463930023073431 ], [ 16.985557520755144, 52.463770897409894 ], [ 16.985478701668921, 52.463642857792024 ], [ 16.985647312007274, 52.463658658416797 ], [ 16.986558000363601, 52.464018059767298 ], [ 16.986977217772239, 52.464201021240171 ], [ 16.987283183219503, 52.464268285034159 ], [ 16.987497502362991, 52.464302960537729 ], [ 16.987620173361339, 52.46430532656683 ], [ 16.987378754288414, 52.463739432581654 ], [ 16.988173850992442, 52.463847406163858 ], [ 16.988519790600208, 52.464425209985357 ], [ 16.989394796035157, 52.464472274884294 ], [ 16.989643386153073, 52.464962603252829 ], [ 16.988725284851746, 52.464999143492058 ], [ 16.988801755155141, 52.465152596651258 ], [ 16.98918164191652, 52.465914900268032 ], [ 16.988881721195472, 52.465985710888901 ], [ 16.988550840431298, 52.466063829953988 ], [ 16.987948514696605, 52.464902749090236 ], [ 16.987591441761186, 52.464749290900308 ] ], [ [ 17.011812427856363, 52.469611735015476 ], [ 17.011766970533145, 52.469497665633227 ], [ 17.011756148678611, 52.469363577628144 ], [ 17.011891905617013, 52.469345259096933 ], [ 17.01219202368317, 52.469422407508326 ], [ 17.012410193553563, 52.469446675515513 ], [ 17.012560021367225, 52.469490395499818 ], [ 17.012741238098467, 52.469586145095896 ], [ 17.012870039414246, 52.469722215511659 ], [ 17.012435243934977, 52.470013622090832 ], [ 17.012008793637868, 52.470119759026723 ], [ 17.011807010611172, 52.470106066271214 ], [ 17.011798044474638, 52.469930807622617 ], [ 17.011872883320223, 52.46976725838671 ], [ 17.011812427856363, 52.469611735015476 ] ], [ [ 17.009293880622018, 52.468680841948121 ], [ 17.009425444112541, 52.46868573938049 ], [ 17.009792734537051, 52.468769174866964 ], [ 17.010157240281657, 52.468914365161424 ], [ 17.010105122878645, 52.469134948282004 ], [ 17.008631137692024, 52.46909468564651 ], [ 17.008540705515511, 52.468856251928628 ], [ 17.008834647893508, 52.468696394085143 ], [ 17.009172876254219, 52.468676337447562 ], [ 17.009293880622018, 52.468680841948121 ] ], [ [ 17.012517032206535, 52.467153981821959 ], [ 17.012731084735197, 52.467191116114115 ], [ 17.01183966137777, 52.467510897561837 ], [ 17.011834646043798, 52.467427938000242 ], [ 17.011822885526609, 52.467233404163508 ], [ 17.011817015260895, 52.467135965233695 ], [ 17.011810675800245, 52.467031438415859 ], [ 17.012164632163699, 52.467092845729539 ], [ 17.012517032206535, 52.467153981821959 ] ], [ [ 16.988519783646748, 52.469990836223594 ], [ 16.988758472613409, 52.470064702008735 ], [ 16.989004816447395, 52.470118166293034 ], [ 16.989173156254687, 52.47011281638531 ], [ 16.989371737456402, 52.470034068146482 ], [ 16.989554975935174, 52.469950211255352 ], [ 16.989686686242266, 52.470008924248049 ], [ 16.989585423935942, 52.470066444777075 ], [ 16.989515245124934, 52.470130951474069 ], [ 16.989587092711218, 52.470177341545714 ], [ 16.989758972061917, 52.47024185700247 ], [ 16.990304654181656, 52.470513930921527 ], [ 16.99034607611194, 52.470637821939214 ], [ 16.990032714609217, 52.470726939703368 ], [ 16.989722718280959, 52.470742201592799 ], [ 16.989549527782621, 52.470706407467539 ], [ 16.989241215075179, 52.470684740585369 ], [ 16.988947462677654, 52.470638683085021 ], [ 16.988745170460007, 52.470503843176957 ], [ 16.988673340843533, 52.470309628351906 ], [ 16.988495492754165, 52.470228584831098 ], [ 16.98815677259762, 52.470136591822182 ], [ 16.987595965336329, 52.470049031184764 ], [ 16.987133504922991, 52.470016523001384 ], [ 16.98692026113677, 52.469884610172478 ], [ 16.986959370721227, 52.4697668201186 ], [ 16.986817994987174, 52.469723211403505 ], [ 16.986777710519323, 52.469866732676557 ], [ 16.986583894561178, 52.469863432937551 ], [ 16.98636691292549, 52.469813386143919 ], [ 16.986506706090704, 52.469522201993932 ], [ 16.986725800689189, 52.46952593223638 ], [ 16.986880094929493, 52.469286497065156 ], [ 16.987634242806713, 52.469577446545003 ], [ 16.987695870916568, 52.469627788716053 ], [ 16.987793841186669, 52.469691049369132 ], [ 16.988005653016053, 52.469764459360952 ], [ 16.988282031246779, 52.469896454692687 ], [ 16.988519783646748, 52.469990836223594 ] ], [ [ 16.987230931545174, 52.468008768351218 ], [ 16.987312481508209, 52.468162088852203 ], [ 16.987313407073614, 52.468234208157305 ], [ 16.987109880035931, 52.468259070343251 ], [ 16.987029490579012, 52.468172722757515 ], [ 16.986990763907016, 52.468097384845585 ], [ 16.986957307509336, 52.467998960491862 ], [ 16.986960595726895, 52.467926912908908 ], [ 16.987084774999758, 52.467885249594588 ], [ 16.987163534183164, 52.467914916605572 ], [ 16.987230931545174, 52.468008768351218 ] ], [ [ 17.009677978799061, 52.464544077905117 ], [ 17.009821104660574, 52.464562000657352 ], [ 17.009842056238362, 52.46466060759257 ], [ 17.009876664900506, 52.464831842283566 ], [ 17.010227023708147, 52.465042003700887 ], [ 17.01035857957654, 52.465222626397285 ], [ 17.010296745790033, 52.465467221753535 ], [ 17.010170455779328, 52.465545251561672 ], [ 17.009945436577439, 52.465559564425234 ], [ 17.009827839339245, 52.465632568882519 ], [ 17.009768333417391, 52.465825490358363 ], [ 17.009615643881055, 52.466019429046845 ], [ 17.009367637926577, 52.466167807180064 ], [ 17.008895158167423, 52.466224493646315 ], [ 17.007667230448099, 52.466322751247631 ], [ 17.007272060044571, 52.466354877334567 ], [ 17.007273315554684, 52.466233373394047 ], [ 17.007350075673866, 52.465939903877398 ], [ 17.007041958721548, 52.465818113639521 ], [ 17.005404886399951, 52.466205711524609 ], [ 17.00525674909591, 52.466240783469154 ], [ 17.004280236276678, 52.466471969686992 ], [ 17.004070469054547, 52.4662624196583 ], [ 17.003439781660536, 52.465664645275702 ], [ 17.002446293025155, 52.464885631016152 ], [ 17.003477707713891, 52.464640387260985 ], [ 17.008447744968173, 52.463817753596182 ], [ 17.008738246588951, 52.464492707533623 ], [ 17.009549675243775, 52.464572945997304 ], [ 17.009677978799061, 52.464544077905117 ] ], [ [ 16.991436245369837, 52.467189277728821 ], [ 16.991819871895515, 52.467283347379798 ], [ 16.991923791072875, 52.467408718108146 ], [ 16.991910678921126, 52.467511500459089 ], [ 16.992097925628144, 52.467658886998393 ], [ 16.992297816471901, 52.467713783400789 ], [ 16.992504963109702, 52.46779455388603 ], [ 16.992601864261008, 52.46788890334971 ], [ 16.992755877418087, 52.468025424158334 ], [ 16.992995795595103, 52.468127351019206 ], [ 16.993196392145826, 52.468166807105924 ], [ 16.993708067300602, 52.468226991735129 ], [ 16.994044191332687, 52.468253294897799 ], [ 16.99429628463642, 52.468273021645366 ], [ 16.994489626530761, 52.468286601238866 ], [ 16.994615790351265, 52.468293891066764 ], [ 16.994632646607815, 52.468479585832021 ], [ 16.992792618778214, 52.468329912507649 ], [ 16.991988827617693, 52.468202961017738 ], [ 16.991724334960342, 52.468085164011306 ], [ 16.991569856159121, 52.46795893443138 ], [ 16.991153690576255, 52.467838560005845 ], [ 16.991081368687723, 52.467760077645153 ], [ 16.99078808564742, 52.467719043168657 ], [ 16.990646946954172, 52.467670292776909 ], [ 16.990643443818833, 52.467562077971415 ], [ 16.990384805813328, 52.467501030155873 ], [ 16.989329166885806, 52.467534588282575 ], [ 16.988857995371767, 52.467511125219318 ], [ 16.988736528130598, 52.467400904039792 ], [ 16.989029592614756, 52.467261681066383 ], [ 16.989839455458061, 52.467254849527897 ], [ 16.98997802847698, 52.467174800984971 ], [ 16.98999372462773, 52.467015409957661 ], [ 16.990099529642258, 52.466914203286692 ], [ 16.990430966364642, 52.46685803311091 ], [ 16.990772456568006, 52.466951390135598 ], [ 16.991002766044463, 52.46707890912753 ], [ 16.991436245369837, 52.467189277728821 ] ], [ [ 17.020258266067067, 52.466478980993102 ], [ 17.020442133315019, 52.466514438477553 ], [ 17.02066946932646, 52.466616098178818 ], [ 17.020320285885489, 52.467068623342016 ], [ 17.020091677890875, 52.466995267945116 ], [ 17.019895444991349, 52.466960519851078 ], [ 17.020258266067067, 52.466478980993102 ] ], [ [ 17.018159026455397, 52.467898446545 ], [ 17.018296098338325, 52.46739157237036 ], [ 17.019537121502125, 52.467541495550236 ], [ 17.019504858987045, 52.467588213522191 ], [ 17.019277942456156, 52.467920615650705 ], [ 17.019120311981762, 52.467902234182262 ], [ 17.018711594788407, 52.467870749781596 ], [ 17.018159026455397, 52.467898446545 ] ], [ [ 16.989448759405018, 52.456133952960769 ], [ 16.989421107369182, 52.456555804176354 ], [ 16.98813243196598, 52.456528734176722 ], [ 16.988160777581999, 52.456276853630797 ], [ 16.987395349806135, 52.456238076260924 ], [ 16.98734837761663, 52.455789203841142 ], [ 16.987935718025721, 52.455850702552823 ], [ 16.988066984208093, 52.455930190140755 ], [ 16.988205289640611, 52.455855289475366 ], [ 16.989031791277114, 52.455848748013537 ], [ 16.989051885205306, 52.456147804935696 ], [ 16.989448759405018, 52.456133952960769 ] ], [ [ 16.988542857560617, 52.4472823000185 ], [ 16.988202799010271, 52.447370957914906 ], [ 16.987863674309612, 52.447439099473961 ], [ 16.987689454006635, 52.447427921838788 ], [ 16.987476065254096, 52.44739143971438 ], [ 16.987336356484818, 52.447360317744483 ], [ 16.987041638115819, 52.447338875324682 ], [ 16.986888499539443, 52.447307524169474 ], [ 16.986784238551461, 52.447235942576853 ], [ 16.986792051380171, 52.447101532987013 ], [ 16.98639502312237, 52.447120523146594 ], [ 16.986281393814608, 52.446655063467588 ], [ 16.986664389939989, 52.446574031515247 ], [ 16.98710469822672, 52.446530025993255 ], [ 16.98729632508546, 52.446394231034603 ], [ 16.987278097750508, 52.446239412620514 ], [ 16.987045324903644, 52.4461684961814 ], [ 16.986912680991836, 52.446119885295765 ], [ 16.986868953733218, 52.445969782883722 ], [ 16.986883712719575, 52.445830976867015 ], [ 16.98719019699768, 52.445764091259129 ], [ 16.987308342220889, 52.445760952311936 ], [ 16.98729598114268, 52.445477476971256 ], [ 16.98750559593072, 52.445501646312749 ], [ 16.987711457435889, 52.445608155731279 ], [ 16.988095123899789, 52.44569708954419 ], [ 16.988362757391087, 52.445742845725277 ], [ 16.988538216303912, 52.445776732602972 ], [ 16.989172177061636, 52.44571209802055 ], [ 16.990301787394703, 52.445550629845599 ], [ 16.990334427878874, 52.445571715933546 ], [ 16.990294128578782, 52.445718855971101 ], [ 16.99027005092255, 52.445952503018631 ], [ 16.990331399836137, 52.446228664678813 ], [ 16.990196705659983, 52.446530237655089 ], [ 16.990220127817651, 52.446699213553963 ], [ 16.990554816412249, 52.4465614754561 ], [ 16.990766255480263, 52.446419296996929 ], [ 16.990905294033734, 52.446362908955969 ], [ 16.99106626418645, 52.446159633530435 ], [ 16.991319877495346, 52.445957931903301 ], [ 16.991925119790697, 52.445623145321051 ], [ 16.992089359668395, 52.445347820322475 ], [ 16.992249852458325, 52.445154835744972 ], [ 16.992364488770431, 52.445043476553217 ], [ 16.992373148523761, 52.444853063707193 ], [ 16.992523346973023, 52.444515696462922 ], [ 16.992808059635649, 52.444185763067466 ], [ 16.992935324219445, 52.444167322545226 ], [ 16.993103060545387, 52.444185620768529 ], [ 16.993110312221955, 52.444396904827528 ], [ 16.99326775603345, 52.444456230233627 ], [ 16.993394788002721, 52.444628345143002 ], [ 16.993313843448998, 52.444740277170411 ], [ 16.993212311318235, 52.444748854356725 ], [ 16.993018838819026, 52.44474041995808 ], [ 16.992791674596056, 52.445102232484665 ], [ 16.992665706009028, 52.445239687116242 ], [ 16.994321014915567, 52.446317898020332 ], [ 16.994297352315705, 52.446346168531974 ], [ 16.994257913780771, 52.446372960011054 ], [ 16.993992855213506, 52.446290444338324 ], [ 16.993237267796836, 52.44607247485137 ], [ 16.992987949595296, 52.446161369175307 ], [ 16.992962212114616, 52.446542051943787 ], [ 16.992706030964744, 52.446614956805995 ], [ 16.99242341154067, 52.44671316352364 ], [ 16.99212769151066, 52.446728742829251 ], [ 16.992178455882424, 52.446767681623278 ], [ 16.992207731533927, 52.447158272488394 ], [ 16.990835788424043, 52.447180134977089 ], [ 16.990136041231942, 52.447124612781145 ], [ 16.989924146556817, 52.447055310471015 ], [ 16.989684457786073, 52.447006066441453 ], [ 16.98942909667387, 52.447005830421602 ], [ 16.989144632138366, 52.447054373881819 ], [ 16.988803454821795, 52.447167651970688 ], [ 16.988542857560617, 52.4472823000185 ] ], [ [ 16.986059829997661, 52.446707942520881 ], [ 16.986156642177164, 52.446987706224874 ], [ 16.985875649949868, 52.447049873213551 ], [ 16.985712869518022, 52.446738083758234 ], [ 16.986059829997661, 52.446707942520881 ] ], [ [ 16.985517041464881, 52.44678109971516 ], [ 16.985630695185918, 52.44706115082522 ], [ 16.985324904254501, 52.44711259345474 ], [ 16.98516001338534, 52.446847119699783 ], [ 16.985517041464881, 52.44678109971516 ] ], [ [ 17.004602644153294, 52.449323223085251 ], [ 17.004722566844663, 52.449374174338381 ], [ 17.004799677041817, 52.449439853775587 ], [ 17.004851053240142, 52.44951539942069 ], [ 17.005036267257164, 52.449613804376163 ], [ 17.005087527755226, 52.449691923086881 ], [ 17.005067774112206, 52.449755967960698 ], [ 17.005019470193428, 52.44979893008874 ], [ 17.004886703023111, 52.449845617229983 ], [ 17.004652020841991, 52.449815905649842 ], [ 17.00450377978952, 52.449738725127318 ], [ 17.004427832936258, 52.449647313864922 ], [ 17.004401144605414, 52.449585060362466 ], [ 17.004368476575682, 52.449468628253548 ], [ 17.004394769406854, 52.449353191315517 ], [ 17.004456289539437, 52.449297576866442 ], [ 17.004602644153294, 52.449323223085251 ] ], [ [ 16.984301969736055, 52.461240366121082 ], [ 16.984378746067982, 52.461174721474997 ], [ 16.984518710402806, 52.461110153824976 ], [ 16.984795640759124, 52.461046632766951 ], [ 16.985155067368812, 52.460976791393357 ], [ 16.985244964090299, 52.461131543411454 ], [ 16.98495323110016, 52.461196100833327 ], [ 16.984678709604061, 52.461206873142089 ], [ 16.984592401384937, 52.461250466906961 ], [ 16.98449034982087, 52.461315680875522 ], [ 16.98446793511398, 52.4613449128166 ], [ 16.984301969736055, 52.461240366121082 ] ], [ [ 16.997025821973658, 52.462750779788813 ], [ 16.995890083508094, 52.46277807803088 ], [ 16.995298125630342, 52.462762872570437 ], [ 16.994870194150792, 52.462678047532556 ], [ 16.994756923158, 52.462562358284956 ], [ 16.994669971768701, 52.462426430095718 ], [ 16.994124784016911, 52.462499923877402 ], [ 16.993982140477453, 52.46228548101103 ], [ 16.994571268947197, 52.462176534065627 ], [ 16.995109870859235, 52.46206155623991 ], [ 16.995234882221645, 52.461918879517256 ], [ 16.995481380782451, 52.461711035349722 ], [ 16.99586605748329, 52.461629643747756 ], [ 16.996014810920556, 52.461709734232201 ], [ 16.996043485952026, 52.461823988650224 ], [ 16.995748578363251, 52.461979300533699 ], [ 16.995859033640791, 52.462156996629361 ], [ 16.996021187567333, 52.462314883601351 ], [ 16.996255480618736, 52.462375738216899 ], [ 16.996852608819712, 52.462463424594006 ], [ 16.99695178078127, 52.462516817466799 ], [ 16.997005838340922, 52.462631501577775 ], [ 16.997025821973658, 52.462750779788813 ] ], [ [ 16.986587218837524, 52.461627154118624 ], [ 16.98654748465222, 52.461755760077303 ], [ 16.986440780326486, 52.461867711741355 ], [ 16.986274857587514, 52.461978654847123 ], [ 16.986180118106653, 52.462199407361801 ], [ 16.986044290546364, 52.462207436663519 ], [ 16.985950086636219, 52.462045521830341 ], [ 16.986002056807187, 52.461834383646675 ], [ 16.986195245554747, 52.461682534866924 ], [ 16.986454458989815, 52.461568009197578 ], [ 16.986587218837524, 52.461627154118624 ] ], [ [ 16.98381703079145, 52.462396057639211 ], [ 16.983643156427839, 52.462326139462014 ], [ 16.983784588771869, 52.461998934368665 ], [ 16.983709467003482, 52.461982202667521 ], [ 16.983720714657881, 52.461920591319497 ], [ 16.98387525973682, 52.461955012758416 ], [ 16.984162750103131, 52.462019044091583 ], [ 16.984446893221083, 52.462082329042936 ], [ 16.98430428980792, 52.462435266232845 ], [ 16.98381703079145, 52.462396057639211 ] ], [ [ 16.991764273809121, 52.462092696217944 ], [ 16.991801162577488, 52.462212262526009 ], [ 16.991781655633893, 52.462268815498796 ], [ 16.991286988849943, 52.462348325502852 ], [ 16.9913960348301, 52.462184696357461 ], [ 16.99131943648182, 52.462007571103698 ], [ 16.991114766885676, 52.461854126560709 ], [ 16.991020780279698, 52.461687048279167 ], [ 16.991131237273908, 52.461492415553892 ], [ 16.991385976832269, 52.461289891099192 ], [ 16.991508636308144, 52.46138505796371 ], [ 16.991392309453282, 52.461522707052509 ], [ 16.991350471954092, 52.461697820476921 ], [ 16.991453860554138, 52.461844373001789 ], [ 16.991651482967193, 52.46196666947808 ], [ 16.991764273809121, 52.462092696217944 ] ], [ [ 16.988749887566872, 52.456901190169418 ], [ 16.988552745618112, 52.456954721018207 ], [ 16.987778547396896, 52.456853636165711 ], [ 16.987384051550684, 52.456779695057172 ], [ 16.986948678045078, 52.456674028860398 ], [ 16.985919077968187, 52.45660478241367 ], [ 16.985649344336704, 52.456579502323621 ], [ 16.985821583781696, 52.456515209491073 ], [ 16.98636623850453, 52.456452087897503 ], [ 16.986806559193745, 52.456449243096685 ], [ 16.98715970065604, 52.45650179696856 ], [ 16.987774118978649, 52.456579481692543 ], [ 16.988379374151442, 52.456672521225833 ], [ 16.988824623034297, 52.456747322281174 ], [ 16.988932466659989, 52.456795698278924 ], [ 16.988749887566872, 52.456901190169418 ] ], [ [ 16.986423351623053, 52.457797599753761 ], [ 16.985896305733142, 52.457845507743563 ], [ 16.985439053341992, 52.457848060776215 ], [ 16.985045496659371, 52.457753442686524 ], [ 16.984996631188469, 52.45771123952121 ], [ 16.985108248242465, 52.457676942432585 ], [ 16.985278133371001, 52.457664323301763 ], [ 16.985641864543723, 52.457670520336862 ], [ 16.986149868312829, 52.457668830918664 ], [ 16.986573754978515, 52.457655364394412 ], [ 16.986948066950763, 52.457615195842372 ], [ 16.987116537031568, 52.457633577806028 ], [ 16.987095847642021, 52.457715966461294 ], [ 16.986873794930574, 52.45775872786232 ], [ 16.986423351623053, 52.457797599753761 ] ], [ [ 16.985006031499221, 52.457850887819106 ], [ 16.984921298064435, 52.458028417124581 ], [ 16.984803422598453, 52.458142052526824 ], [ 16.984538676040799, 52.45821463637607 ], [ 16.984291462525828, 52.458199408592563 ], [ 16.984482194073458, 52.45728025895103 ], [ 16.984774778356989, 52.45748624670577 ], [ 16.984951269637889, 52.457668227861518 ], [ 16.985006031499221, 52.457850887819106 ] ], [ [ 17.057846569980669, 52.486273462864666 ], [ 17.057659321480557, 52.486293658551027 ], [ 17.057398870106837, 52.486341093412499 ], [ 17.057315836106142, 52.486399198715596 ], [ 17.057077419550556, 52.486234974548289 ], [ 17.056777911644605, 52.486015448335358 ], [ 17.056641074760503, 52.485852892101967 ], [ 17.056550566357441, 52.485696268174877 ], [ 17.056544236023868, 52.485638299579783 ], [ 17.056458533641152, 52.485646275668635 ], [ 17.056249897880608, 52.485671288896953 ], [ 17.056229027818183, 52.485376185996273 ], [ 17.056462600126537, 52.48536192503024 ], [ 17.056550349019833, 52.485357781764463 ], [ 17.056546833703777, 52.485300608017084 ], [ 17.056569440774648, 52.485076031120698 ], [ 17.056574168045927, 52.484968805839266 ], [ 17.05655517119321, 52.484919367039701 ], [ 17.056517186337953, 52.484868323424685 ], [ 17.05648646120946, 52.484796714180575 ], [ 17.056388402384574, 52.48461928110774 ], [ 17.056380385082409, 52.484560973052687 ], [ 17.056551153609252, 52.484530166187788 ], [ 17.05654360050795, 52.484509357169536 ], [ 17.056528949967515, 52.484457404163962 ], [ 17.056565427317246, 52.484398534430682 ], [ 17.056652121114613, 52.4843534178572 ], [ 17.057004302591086, 52.484338519016177 ], [ 17.056987392400384, 52.484433908918199 ], [ 17.056996900224487, 52.484506462287889 ], [ 17.057064633900985, 52.484603242677466 ], [ 17.057179149900257, 52.484695620263146 ], [ 17.057315055190507, 52.484783177828731 ], [ 17.058064364506691, 52.4846946439798 ], [ 17.058123315867345, 52.484894704062626 ], [ 17.058076885591628, 52.484939189977986 ], [ 17.05816841180329, 52.485024725087435 ], [ 17.058042603565628, 52.485092471074971 ], [ 17.05790924109354, 52.485139407987965 ], [ 17.057730917327937, 52.485149407850322 ], [ 17.057562765783, 52.485120790307178 ], [ 17.057575596113594, 52.485214083084053 ], [ 17.057645173565383, 52.485365191264847 ], [ 17.057727676032655, 52.48551134042043 ], [ 17.05779497762779, 52.485714123380227 ], [ 17.057771559361921, 52.485861118751032 ], [ 17.057835633624823, 52.485944910499668 ], [ 17.057874769458572, 52.486017950271844 ], [ 17.057878091092654, 52.486038689713411 ], [ 17.057896293025888, 52.486106214513619 ], [ 17.05793281088722, 52.486238680361751 ], [ 17.057846569980669, 52.486273462864666 ] ], [ [ 17.034114293807981, 52.456042933223848 ], [ 17.033588893445831, 52.455725183264676 ], [ 17.03466508403822, 52.455222903009705 ], [ 17.035141544680151, 52.455503783388217 ], [ 17.034114293807981, 52.456042933223848 ] ], [ [ 17.032370870786782, 52.456760717325864 ], [ 17.031944043332103, 52.456501252823038 ], [ 17.033012305848217, 52.455988555011118 ], [ 17.033354431877807, 52.456256907373863 ], [ 17.032370870786782, 52.456760717325864 ] ], [ [ 17.028371700777498, 52.458337024483527 ], [ 17.028032034366881, 52.458202604649749 ], [ 17.027932632970362, 52.457974336823177 ], [ 17.028193423972141, 52.45779842796604 ], [ 17.028669180327523, 52.458094773360337 ], [ 17.028371700777498, 52.458337024483527 ] ], [ [ 17.026960679285548, 52.459724651263052 ], [ 17.027145837964522, 52.459166365745972 ], [ 17.02730139859823, 52.459081407185046 ], [ 17.027304672915442, 52.459385325288807 ], [ 17.027589051980293, 52.459436421284209 ], [ 17.027495599013388, 52.459640871522971 ], [ 17.027369913726783, 52.459623324177166 ], [ 17.027314531488976, 52.459730555047088 ], [ 17.026960679285548, 52.459724651263052 ] ], [ [ 17.027561429289108, 52.457806523109106 ], [ 17.027451361359546, 52.45780150191829 ], [ 17.026821581324331, 52.457744642198776 ], [ 17.026947440838399, 52.457381076056834 ], [ 17.027560826741304, 52.457427361212773 ], [ 17.02767816932867, 52.457424525812975 ], [ 17.027561429289108, 52.457806523109106 ] ], [ [ 17.025218095967222, 52.457218097733318 ], [ 17.024772215141248, 52.457268137365489 ], [ 17.024320902541163, 52.457289341007055 ], [ 17.023763223064645, 52.457284127900913 ], [ 17.023334817488045, 52.457244117281881 ], [ 17.022284877006808, 52.457123905268546 ], [ 17.021810560721526, 52.457058483854887 ], [ 17.021441138311804, 52.457052302903662 ], [ 17.02106840372571, 52.457119977410173 ], [ 17.020753174353654, 52.457254312926466 ], [ 17.020570741967074, 52.457183266471262 ], [ 17.020364057445139, 52.457102774653691 ], [ 17.020439667533775, 52.457021300061655 ], [ 17.020521708984869, 52.456890805953378 ], [ 17.020063017868356, 52.456831413445606 ], [ 17.020072751988234, 52.456803134411864 ], [ 17.020211631388349, 52.456632222002412 ], [ 17.020547555284832, 52.4563146411882 ], [ 17.020603298000935, 52.456249885120009 ], [ 17.020901406779455, 52.456197387980758 ], [ 17.020994979690308, 52.456059342471001 ], [ 17.021144401306106, 52.456024887201067 ], [ 17.021391996091175, 52.45604956172221 ], [ 17.02172819489985, 52.456046974586542 ], [ 17.02199814712661, 52.456022747189785 ], [ 17.022863573416892, 52.455909928265491 ], [ 17.023320386443821, 52.455765635504555 ], [ 17.023746655094026, 52.455702954969681 ], [ 17.024015685554044, 52.45569923869796 ], [ 17.02454335610561, 52.455773755195786 ], [ 17.025022359514242, 52.455884412462602 ], [ 17.02545526700434, 52.4559737669029 ], [ 17.025952956423673, 52.456117582181193 ], [ 17.026489848101466, 52.456286686975304 ], [ 17.026980277422023, 52.456442695364288 ], [ 17.027363792938377, 52.456584599443779 ], [ 17.027833528324138, 52.45675257766738 ], [ 17.027850744416817, 52.456818564342086 ], [ 17.027817092000411, 52.456969933219924 ], [ 17.027533703237722, 52.456993949782863 ], [ 17.027176062618597, 52.457024939284224 ], [ 17.026690435492302, 52.457062004312171 ], [ 17.026298292159957, 52.457112946467738 ], [ 17.025892897914709, 52.457159559879571 ], [ 17.025218095967222, 52.457218097733318 ] ], [ [ 17.026746020744547, 52.460245306022074 ], [ 17.026643245229309, 52.460224076572381 ], [ 17.02587043490928, 52.460159674766409 ], [ 17.026019282336065, 52.459847995716032 ], [ 17.026689145047268, 52.459951880460714 ], [ 17.02687222805482, 52.459939191507729 ], [ 17.026746020744547, 52.460245306022074 ] ], [ [ 17.026640850102648, 52.460500392846932 ], [ 17.028309028615261, 52.460702734570482 ], [ 17.028309236387681, 52.460848508770646 ], [ 17.028104094738897, 52.461226966276129 ], [ 17.026679614239775, 52.461061538637246 ], [ 17.026476385392929, 52.461021191011582 ], [ 17.026441017947118, 52.461013518598477 ], [ 17.026640850102648, 52.460500392846932 ] ], [ [ 17.029842987498558, 52.463901637272286 ], [ 17.029631315236383, 52.463824198586792 ], [ 17.029353931846249, 52.463712814739615 ], [ 17.029056029838362, 52.463609300669596 ], [ 17.028948306356739, 52.463587349392242 ], [ 17.027989436391518, 52.463406738694204 ], [ 17.027911024310999, 52.463356156427736 ], [ 17.02800099150614, 52.463148239749508 ], [ 17.028062069590703, 52.462985009634913 ], [ 17.028163636654426, 52.462818348437906 ], [ 17.028182231229653, 52.462757285129413 ], [ 17.028210911569815, 52.462663100508045 ], [ 17.028244750883204, 52.462507628526531 ], [ 17.028403290500655, 52.46241993522159 ], [ 17.028524941014506, 52.462405538593657 ], [ 17.028631205702034, 52.462284123705601 ], [ 17.028683729182895, 52.462161812824199 ], [ 17.028843864388364, 52.461737435754472 ], [ 17.02907544073248, 52.461519560092128 ], [ 17.029317333933037, 52.461371661609512 ], [ 17.029524538771977, 52.461247821902937 ], [ 17.029664568219999, 52.461122862533379 ], [ 17.029793544080089, 52.460944338011565 ], [ 17.030025477934565, 52.460718254045176 ], [ 17.0301509703927, 52.460617689228172 ], [ 17.030310904477407, 52.460649096927426 ], [ 17.030570133913493, 52.460715007958534 ], [ 17.030710832280423, 52.460725563655117 ], [ 17.030669122035448, 52.460605788730639 ], [ 17.030620877831193, 52.460481798750052 ], [ 17.030686828162622, 52.460359710617546 ], [ 17.030766212705686, 52.460237846176319 ], [ 17.030943850390504, 52.460023174855785 ], [ 17.03111764119647, 52.459894669770897 ], [ 17.031259801810144, 52.459872399446773 ], [ 17.031458572939357, 52.459937301948372 ], [ 17.031611056067035, 52.459985008725525 ], [ 17.031690747911259, 52.460006866363784 ], [ 17.031715969531881, 52.460044242139574 ], [ 17.031650937798176, 52.460145815039681 ], [ 17.031637447466601, 52.460297520475244 ], [ 17.031700044254951, 52.460401217854553 ], [ 17.031904254517098, 52.460494953628952 ], [ 17.032073414754723, 52.460620955456562 ], [ 17.032041054702137, 52.460743603370958 ], [ 17.031943716910352, 52.460815895251734 ], [ 17.031754476424819, 52.460989312753782 ], [ 17.031474795462014, 52.461231030061164 ], [ 17.031268271328468, 52.461490389598325 ], [ 17.031103148571191, 52.461725800846267 ], [ 17.030962022418397, 52.461875380925605 ], [ 17.030835062997632, 52.462008771892172 ], [ 17.030638486490901, 52.462346314096948 ], [ 17.030499861309654, 52.462590378241437 ], [ 17.030277447238742, 52.463054782188649 ], [ 17.030818285918027, 52.463137701690272 ], [ 17.030733584449575, 52.463378557832861 ], [ 17.030702624476916, 52.463620308910627 ], [ 17.030818907231939, 52.463876830670706 ], [ 17.030819031458005, 52.464024656456324 ], [ 17.030812804097351, 52.46416416404044 ], [ 17.030730174591298, 52.464207956378971 ], [ 17.030517400159955, 52.464155138236471 ], [ 17.030160497297299, 52.464017794601958 ], [ 17.029842987498558, 52.463901637272286 ] ], [ [ 17.027182942402238, 52.462107764681228 ], [ 17.027135291543221, 52.462230575116934 ], [ 17.027805883264708, 52.462319014716293 ], [ 17.027689361570928, 52.462662136396581 ], [ 17.026221557156255, 52.462488288911175 ], [ 17.026435604968135, 52.462038641568533 ], [ 17.027182942402238, 52.462107764681228 ] ], [ [ 17.024178421339638, 52.462546872062667 ], [ 17.023827313555763, 52.462479202163443 ], [ 17.023939023925884, 52.462244158483188 ], [ 17.024290130028749, 52.462311828036469 ], [ 17.024178421339638, 52.462546872062667 ] ], [ [ 17.025826973332549, 52.463224618276868 ], [ 17.026388948004275, 52.463342595653053 ], [ 17.026187051089675, 52.464259711413192 ], [ 17.023824513934056, 52.463889291905858 ], [ 17.024530461991603, 52.46287200483895 ], [ 17.025216091551723, 52.463064451314374 ], [ 17.025826973332549, 52.463224618276868 ] ], [ [ 17.033334872738216, 52.472016254836014 ], [ 17.03446397522999, 52.472228159331777 ], [ 17.034197356868326, 52.472628019440776 ], [ 17.033203659421972, 52.472405488935856 ], [ 17.033334872738216, 52.472016254836014 ] ], [ [ 17.031490048945756, 52.472629337988828 ], [ 17.031778219722032, 52.472219542090251 ], [ 17.032117005905782, 52.4722818324123 ], [ 17.031853890813291, 52.472697196317391 ], [ 17.031490048945756, 52.472629337988828 ] ], [ [ 17.031140705449992, 52.471292191766892 ], [ 17.030751676373637, 52.471883139400482 ], [ 17.030237073389653, 52.471774394233499 ], [ 17.029957971161686, 52.471715413593742 ], [ 17.030363174245561, 52.471140188528544 ], [ 17.031140705449992, 52.471292191766892 ] ], [ [ 17.028778215233572, 52.471788458573229 ], [ 17.02891313610672, 52.471600149381644 ], [ 17.030116557847727, 52.471846810727371 ], [ 17.029897826925609, 52.472023424658481 ], [ 17.028778215233572, 52.471788458573229 ] ], [ [ 17.058985693906141, 52.489079037622062 ], [ 17.059090507187602, 52.489260224761331 ], [ 17.058937676639477, 52.489268059260795 ], [ 17.058969625985721, 52.489408206547076 ], [ 17.05833852509036, 52.489503858346119 ], [ 17.058179442499799, 52.489172874186806 ], [ 17.058530502424752, 52.489088140643688 ], [ 17.058504039245577, 52.488919641550517 ], [ 17.05885040876387, 52.488845172526055 ], [ 17.058985693906141, 52.489079037622062 ] ], [ [ 17.058886631262691, 52.488671884640283 ], [ 17.058853999908742, 52.488547239784786 ], [ 17.058838822212827, 52.488459079916638 ], [ 17.058974605894157, 52.488453551428833 ], [ 17.059024736770485, 52.488565555363763 ], [ 17.05924207752571, 52.488535508778959 ], [ 17.059282743331689, 52.488766295395152 ], [ 17.058974923760157, 52.488831055858938 ], [ 17.058886631262691, 52.488671884640283 ] ], [ [ 17.058659031915465, 52.488117414056063 ], [ 17.058473781458435, 52.487899767613726 ], [ 17.058411730472447, 52.487673800836212 ], [ 17.058400615685343, 52.487589586003637 ], [ 17.058376917311541, 52.487502578990153 ], [ 17.05882920146253, 52.487427263082701 ], [ 17.058844424553165, 52.487466297093789 ], [ 17.058862400930888, 52.487538989238118 ], [ 17.058908525613898, 52.487645756276059 ], [ 17.058997999578011, 52.487729964174349 ], [ 17.059245646306621, 52.487684901266391 ], [ 17.059411670972448, 52.487858275664372 ], [ 17.059576673214643, 52.488054903542057 ], [ 17.059586072186267, 52.488130040455268 ], [ 17.059582887283231, 52.48820238531389 ], [ 17.058830562376937, 52.488358105522607 ], [ 17.058659031915465, 52.488117414056063 ] ], [ [ 17.058276667863009, 52.487566866389869 ], [ 17.058276456058913, 52.487643784861831 ], [ 17.057569174536809, 52.487642514136787 ], [ 17.057516029445836, 52.487310683006051 ], [ 17.058143913326116, 52.487287380083451 ], [ 17.058171667636092, 52.487354415246287 ], [ 17.058234720358374, 52.487461460475323 ], [ 17.058254320356014, 52.487510711517125 ], [ 17.058276667863009, 52.487566866389869 ] ], [ [ 17.058636787851384, 52.486891469046263 ], [ 17.05877261117439, 52.487077276743832 ], [ 17.058761984279215, 52.487126228954082 ], [ 17.058222550022158, 52.487256997340097 ], [ 17.057823376399966, 52.486944048408525 ], [ 17.057697522289217, 52.486820457991428 ], [ 17.057595174794422, 52.48669208224522 ], [ 17.057501700926149, 52.486602636323951 ], [ 17.057459072954217, 52.486512732599699 ], [ 17.057534439250009, 52.486436401983639 ], [ 17.057672969124464, 52.486464533091912 ], [ 17.057983660822774, 52.486526518253513 ], [ 17.058137982584345, 52.486580764222161 ], [ 17.058255237528076, 52.48661113096481 ], [ 17.058257648834896, 52.486652540344629 ], [ 17.058231706420404, 52.48676071015938 ], [ 17.058293030029468, 52.486810843520296 ], [ 17.058416815761994, 52.486885272712335 ], [ 17.058562197482072, 52.486854046165213 ], [ 17.058563812476805, 52.486913541747697 ], [ 17.058636787851384, 52.486891469046263 ] ], [ [ 17.056606808932624, 52.486125757666912 ], [ 17.05663025358594, 52.486410560298822 ], [ 17.056053227044238, 52.486433398174583 ], [ 17.056036647387199, 52.486137072975652 ], [ 17.056606808932624, 52.486125757666912 ] ], [ [ 17.051529698045442, 52.489391608356087 ], [ 17.051603300540293, 52.48944432266515 ], [ 17.051657993951885, 52.489543077126079 ], [ 17.051536776494562, 52.489613182951189 ], [ 17.051350386880408, 52.489630713118991 ], [ 17.051073533070412, 52.489595250581011 ], [ 17.050818558303874, 52.489637400738616 ], [ 17.050708501560706, 52.489645887407754 ], [ 17.050594794092845, 52.489546159890487 ], [ 17.050666338185827, 52.489454635641053 ], [ 17.050879840591566, 52.489396351851511 ], [ 17.051117041973658, 52.489374509468476 ], [ 17.051319609628997, 52.489372696768051 ], [ 17.051529698045442, 52.489391608356087 ] ], [ [ 17.057308659907669, 52.491463001164327 ], [ 17.057399087400341, 52.491429580572671 ], [ 17.057473105408341, 52.491432088974115 ], [ 17.05754626933037, 52.491453975382278 ], [ 17.057624700802258, 52.491500511544686 ], [ 17.057674821703792, 52.491564682043823 ], [ 17.057670997180118, 52.491603403397839 ], [ 17.057616150395329, 52.491646458125295 ], [ 17.057540480748049, 52.491681414044088 ], [ 17.057463833394021, 52.491690497753908 ], [ 17.057348966760461, 52.491653705535441 ], [ 17.057274198706612, 52.491620157413109 ], [ 17.057233806259795, 52.491575538607762 ], [ 17.057234024739763, 52.491522537178724 ], [ 17.057308659907669, 52.491463001164327 ] ], [ [ 17.062854854404652, 52.490468006370868 ], [ 17.063013397544207, 52.49042664742116 ], [ 17.063163020670316, 52.490395484633368 ], [ 17.063273413295938, 52.490389535400212 ], [ 17.063408180722643, 52.490407255623474 ], [ 17.063491360297974, 52.490442230372352 ], [ 17.063520681483705, 52.490546134753806 ], [ 17.063441539574796, 52.490612064866824 ], [ 17.063210470927984, 52.490665164906225 ], [ 17.063003063979522, 52.490661768592716 ], [ 17.062876875100642, 52.490641602795506 ], [ 17.062760060484422, 52.490600905525028 ], [ 17.06272903748598, 52.490535757203794 ], [ 17.062854854404652, 52.490468006370868 ] ], [ [ 17.03156994645293, 52.465473563444505 ], [ 17.03064698209597, 52.46525262894091 ], [ 17.030842342447624, 52.464340196580032 ], [ 17.032425835098355, 52.46471147656095 ], [ 17.032351517553916, 52.464870382286016 ], [ 17.032135937846299, 52.465031043491386 ], [ 17.031982100419434, 52.465163988380098 ], [ 17.03193269429871, 52.465216546897565 ], [ 17.031892202905357, 52.465219979210211 ], [ 17.031731518832704, 52.465204986161552 ], [ 17.031696280823127, 52.46524135555152 ], [ 17.03156994645293, 52.465473563444505 ] ], [ [ 17.032904655546119, 52.463537879810012 ], [ 17.033058524722929, 52.463554811056646 ], [ 17.033144575646819, 52.463584985854666 ], [ 17.033140093657565, 52.463685513526755 ], [ 17.033118176741556, 52.463800122947752 ], [ 17.033078118527026, 52.463869262271004 ], [ 17.032968005759979, 52.463851005818299 ], [ 17.032807509228313, 52.46383191110435 ], [ 17.032679504166477, 52.463837994008834 ], [ 17.032656239878442, 52.463907412588988 ], [ 17.032652580163077, 52.463989475966393 ], [ 17.032606077648349, 52.464052348600291 ], [ 17.032560855967905, 52.464086499034259 ], [ 17.032529801991938, 52.464104460321579 ], [ 17.032388543342737, 52.464106216189165 ], [ 17.032127094864517, 52.464089546967564 ], [ 17.032142991629005, 52.46380853588483 ], [ 17.032061672693516, 52.463747642504167 ], [ 17.0319916205117, 52.463660246184681 ], [ 17.031961509336913, 52.463581726988977 ], [ 17.031903090245695, 52.463459621400837 ], [ 17.031908279657966, 52.463418645630369 ], [ 17.032289363087646, 52.463466049664127 ], [ 17.032487080411194, 52.463479605075328 ], [ 17.032697593030349, 52.463507744773857 ], [ 17.032904655546119, 52.463537879810012 ] ], [ [ 17.024573722650221, 52.461050897256037 ], [ 17.024753714408764, 52.461079655172945 ], [ 17.024694702453395, 52.461361932000052 ], [ 17.024303384583419, 52.46134509402993 ], [ 17.024361080778561, 52.461186400901241 ], [ 17.024541764240386, 52.461199720006839 ], [ 17.024573722650221, 52.461050897256037 ] ], [ [ 17.035295115768207, 52.461639488493681 ], [ 17.035492987370255, 52.461724900216815 ], [ 17.035358184971145, 52.462034732798173 ], [ 17.035175670019317, 52.462208267430817 ], [ 17.034815387940203, 52.462448653239178 ], [ 17.034180455645238, 52.462516117696836 ], [ 17.03401379428686, 52.462484603461952 ], [ 17.033938485362, 52.462364271188441 ], [ 17.034099938783672, 52.462210919353446 ], [ 17.034326921550029, 52.462095612541269 ], [ 17.034453139546301, 52.461978630424817 ], [ 17.034595716641341, 52.461796220667139 ], [ 17.03474245119142, 52.461671366822237 ], [ 17.035027511346023, 52.461610404669358 ], [ 17.035295115768207, 52.461639488493681 ] ], [ [ 17.037458809383104, 52.460836694586689 ], [ 17.037862766894079, 52.460853698733295 ], [ 17.037784105367159, 52.461295312255459 ], [ 17.037286777612348, 52.461292208785807 ], [ 17.037458809383104, 52.460836694586689 ] ], [ [ 17.018352910573935, 52.455695320455163 ], [ 17.017981022579733, 52.45559464404846 ], [ 17.017564372951142, 52.455517853360568 ], [ 17.017608594787021, 52.455356398770121 ], [ 17.01771261942411, 52.455210318557242 ], [ 17.017748280805485, 52.455089782679408 ], [ 17.017841441073973, 52.455035910350929 ], [ 17.018042381692666, 52.455051597380489 ], [ 17.018429632848143, 52.455109415710524 ], [ 17.018653436864028, 52.455139856653268 ], [ 17.018826959758762, 52.455167401587723 ], [ 17.019047590315459, 52.455193682380141 ], [ 17.019261136317191, 52.455228056534821 ], [ 17.019507068131421, 52.455289663230069 ], [ 17.019593645984621, 52.455307538250338 ], [ 17.019401936169672, 52.455623190971821 ], [ 17.01918462127027, 52.455510104418856 ], [ 17.019005485466138, 52.455457828621654 ], [ 17.018893189264752, 52.455488796994921 ], [ 17.018790088925062, 52.455614362570074 ], [ 17.018679166048969, 52.455764434341326 ], [ 17.018352910573935, 52.455695320455163 ] ], [ [ 17.019253765078119, 52.457792645929445 ], [ 17.019038290993588, 52.457783864972576 ], [ 17.018787588658949, 52.457805521035937 ], [ 17.018920872838063, 52.45728804072332 ], [ 17.019574935276381, 52.457332610543737 ], [ 17.01976045301323, 52.457348645774374 ], [ 17.019835308423129, 52.457378341390807 ], [ 17.019825239832581, 52.457411238287953 ], [ 17.019727061137704, 52.457501984161794 ], [ 17.019673186054622, 52.457579100164715 ], [ 17.019653999968614, 52.457632159767414 ], [ 17.01963320840667, 52.457731774902868 ], [ 17.019595722480936, 52.457718218883315 ], [ 17.01948824483026, 52.457755203329725 ], [ 17.019380998951537, 52.45778702028408 ], [ 17.019253765078119, 52.457792645929445 ] ], [ [ 17.071081626750665, 52.484175183285515 ], [ 17.071463752625416, 52.484050016979317 ], [ 17.071702041752047, 52.48398409714936 ], [ 17.071877686989943, 52.483966429756933 ], [ 17.07210387058797, 52.484023497061017 ], [ 17.0721793197627, 52.484143805962375 ], [ 17.072140233072201, 52.484422388825323 ], [ 17.071816980932528, 52.484585472698505 ], [ 17.071461915590564, 52.484706975219098 ], [ 17.071196557882356, 52.484776559342492 ], [ 17.07091006059645, 52.484714400448929 ], [ 17.070803163031275, 52.484544303664691 ], [ 17.070879891510071, 52.48432792779743 ], [ 17.071081626750665, 52.484175183285515 ] ], [ [ 16.977650182117479, 52.451990113058798 ], [ 16.977531794977601, 52.451786881513037 ], [ 16.977429607413164, 52.451670158331936 ], [ 16.977349636119616, 52.451508646293874 ], [ 16.977320194400541, 52.451417804989227 ], [ 16.977524674797451, 52.451355602820676 ], [ 16.977684400751382, 52.45124335974424 ], [ 16.977771005305193, 52.45111344081856 ], [ 16.977777021327487, 52.450982143511148 ], [ 16.977795528611605, 52.450871591126656 ], [ 16.977923553778282, 52.450717742976529 ], [ 16.978087223717957, 52.450519335434514 ], [ 16.97821148771078, 52.450447547787569 ], [ 16.978411263932756, 52.450487920082253 ], [ 16.978554922376183, 52.450432888712186 ], [ 16.978569530703588, 52.450260675707838 ], [ 16.978638614834747, 52.450072969023161 ], [ 16.97890019334822, 52.449937828062815 ], [ 16.979072026516366, 52.449854533903348 ], [ 16.97907672330194, 52.449751957777963 ], [ 16.979133640902678, 52.449683124283645 ], [ 16.979347784761451, 52.449703209311394 ], [ 16.979508392790169, 52.449718272828925 ], [ 16.979606353796051, 52.449633715474022 ], [ 16.979846796154021, 52.449666567757419 ], [ 16.980091513272967, 52.449752873902817 ], [ 16.980316648114311, 52.449826526260694 ], [ 16.980541032772113, 52.44991659039119 ], [ 16.980787442082551, 52.449965967680939 ], [ 16.981018585348721, 52.449908321140093 ], [ 16.981377510372525, 52.449848749610609 ], [ 16.98166590208206, 52.449861885541274 ], [ 16.981811204354404, 52.449917747181281 ], [ 16.981840466814873, 52.450012690524318 ], [ 16.981703716915813, 52.450063737531387 ], [ 16.981373154035566, 52.450090944258477 ], [ 16.981030473515485, 52.450089199358523 ], [ 16.980795241750293, 52.450089288534706 ], [ 16.980675445764295, 52.450210430235401 ], [ 16.980642200741734, 52.450349475103593 ], [ 16.980749795474154, 52.450495031620996 ], [ 16.98089209529682, 52.450616543175713 ], [ 16.98091947913483, 52.450752517210717 ], [ 16.9807903379034, 52.450930987000085 ], [ 16.980798888555288, 52.451037895642457 ], [ 16.980906860846222, 52.451175245926095 ], [ 16.98112453779731, 52.451265194326808 ], [ 16.981161829145545, 52.451331531139154 ], [ 16.980965946624327, 52.451352823845752 ], [ 16.980744702779408, 52.45134083306894 ], [ 16.980527170848067, 52.451394605346891 ], [ 16.980239288744478, 52.451516981811146 ], [ 16.979679347101026, 52.45185644688457 ], [ 16.979453733787395, 52.452086648070605 ], [ 16.979304059281066, 52.452272977880824 ], [ 16.979245071893246, 52.452386944877951 ], [ 16.979219287963282, 52.452509691841719 ], [ 16.979181762957232, 52.452595281838178 ], [ 16.979086236986205, 52.452626499166911 ], [ 16.978939050400065, 52.45261166457405 ], [ 16.978551970312971, 52.452551666106601 ], [ 16.97820537467393, 52.452488252384711 ], [ 16.977879867718904, 52.452404667030777 ], [ 16.977755138622346, 52.452193114762061 ], [ 16.977650182117479, 52.451990113058798 ] ], [ [ 16.978207340269581, 52.452738767556284 ], [ 16.978374324158569, 52.452688241479564 ], [ 16.978542598290069, 52.452682906031463 ], [ 16.978701807388294, 52.45272874355787 ], [ 16.978827130736182, 52.452854073581754 ], [ 16.9788567643585, 52.4529408114891 ], [ 16.978612734244724, 52.452985914827941 ], [ 16.978452678544528, 52.452958540860628 ], [ 16.978266605038847, 52.452912243651177 ], [ 16.978177280953037, 52.452808059885832 ], [ 16.978207340269581, 52.452738767556284 ] ], [ [ 16.981713991181433, 52.442933361694081 ], [ 16.981774354081107, 52.442903490496661 ], [ 16.981858334931587, 52.442910074378965 ], [ 16.981919850288076, 52.442947176388479 ], [ 16.981980189541172, 52.443010009676932 ], [ 16.981937940137641, 52.443104568637182 ], [ 16.981861321899462, 52.443121286744208 ], [ 16.981762144221168, 52.443078391499832 ], [ 16.981713967092183, 52.443026066280268 ], [ 16.981703452107038, 52.442979534274997 ], [ 16.981713991181433, 52.442933361694081 ] ], [ [ 16.960260558807356, 52.554573166761784 ], [ 16.960253875353821, 52.554619859485001 ], [ 16.960201926906191, 52.554668525464848 ], [ 16.960105989718159, 52.554691652574419 ], [ 16.960025380690915, 52.554676496123818 ], [ 16.960055654197397, 52.554608182773315 ], [ 16.960192980570433, 52.554569248633719 ], [ 16.960260558807356, 52.554573166761784 ] ], [ [ 16.959806879219812, 52.554323046980443 ], [ 16.959882718516823, 52.554343628178586 ], [ 16.959987983809953, 52.554411524468591 ], [ 16.960009148246062, 52.554442176756702 ], [ 16.960024522547609, 52.554500263304213 ], [ 16.959944342811379, 52.554573223210774 ], [ 16.959841037790952, 52.554560428813701 ], [ 16.959787082824512, 52.554457622650517 ], [ 16.959746541545979, 52.554357801108978 ], [ 16.959806879219812, 52.554323046980443 ] ], [ [ 16.996701197373206, 52.528505558276649 ], [ 16.996111493384767, 52.528765405918939 ], [ 16.995803480389757, 52.528787723068604 ], [ 16.995319029374489, 52.528917186306082 ], [ 16.99464760847005, 52.52918665581894 ], [ 16.994259889016199, 52.529372822184612 ], [ 16.993925548868802, 52.529576412725255 ], [ 16.993649103833004, 52.529698381988879 ], [ 16.993493964607541, 52.529734298893082 ], [ 16.993547857831278, 52.52954247464497 ], [ 16.99389172354881, 52.529328033054291 ], [ 16.994235084352397, 52.529124595529339 ], [ 16.99457718830147, 52.528948669740899 ], [ 16.994917534676013, 52.528811260819737 ], [ 16.995218280450796, 52.52875027521754 ], [ 16.995548347938946, 52.528640224358135 ], [ 16.995679421860718, 52.528537815499938 ], [ 16.995720773475842, 52.528422873101107 ], [ 16.995852347483453, 52.528309458919672 ], [ 16.996072389407821, 52.528236090567518 ], [ 16.996370875160249, 52.528224625017842 ], [ 16.996671614989285, 52.528163635655744 ], [ 16.996910701047113, 52.528068560985474 ], [ 16.997098915586058, 52.528099281170903 ], [ 16.997257810148689, 52.528179066000874 ], [ 16.9975979015692, 52.52824539680627 ], [ 16.996701197373206, 52.528505558276649 ] ], [ [ 16.985742031794793, 52.53881065882878 ], [ 16.985718279071193, 52.538540421128666 ], [ 16.985691503412458, 52.538336213601212 ], [ 16.985755977861242, 52.538111532131644 ], [ 16.985968572746593, 52.538005014637534 ], [ 16.986322740630115, 52.53815972579708 ], [ 16.986809343963031, 52.539170243485785 ], [ 16.987139606829846, 52.539847691551451 ], [ 16.987347599549924, 52.540236705393376 ], [ 16.987776611498056, 52.541125089341378 ], [ 16.98812322631391, 52.541643115134235 ], [ 16.988220201650673, 52.541892569757799 ], [ 16.988211393902624, 52.542085157978498 ], [ 16.988005795994368, 52.542235852894045 ], [ 16.988399148834716, 52.542157861374399 ], [ 16.988966714797343, 52.542060137180393 ], [ 16.989844546598157, 52.541923614991468 ], [ 16.990064090365919, 52.541875106296587 ], [ 16.991160681115474, 52.541723770280484 ], [ 16.992252164764423, 52.54371996776073 ], [ 16.990625840225057, 52.544001375783338 ], [ 16.990997416901497, 52.54455875506563 ], [ 16.99124500941392, 52.544686562678848 ], [ 16.991297751847927, 52.544826513114998 ], [ 16.991433026386474, 52.545009065883882 ], [ 16.991590119193283, 52.545083834761598 ], [ 16.991617991262242, 52.545398469439341 ], [ 16.991793143147731, 52.545447793559937 ], [ 16.992157762481675, 52.545417929141458 ], [ 16.99223301356589, 52.545620063294443 ], [ 16.992071672633088, 52.545823333494077 ], [ 16.992074475532071, 52.545946985614805 ], [ 16.992450094504782, 52.546231468473245 ], [ 16.992700242838104, 52.546858884609186 ], [ 16.992671339191968, 52.547677274332749 ], [ 16.992472437178584, 52.548333124496082 ], [ 16.991884546442424, 52.548441604695206 ], [ 16.991909723307181, 52.547520148134488 ], [ 16.991379073210098, 52.547485391729865 ], [ 16.990444943998547, 52.545518210909428 ], [ 16.990239083644511, 52.545544839163981 ], [ 16.990102439952871, 52.545570052461194 ], [ 16.989755436948265, 52.5456522671751 ], [ 16.989324936574619, 52.545782623397386 ], [ 16.98910806562554, 52.54578444524553 ], [ 16.9887047374263, 52.545320527047039 ], [ 16.988431998674898, 52.544968240982364 ], [ 16.988217628561131, 52.545031700738711 ], [ 16.98766047622993, 52.545207634835208 ], [ 16.987411785814992, 52.544734737958699 ], [ 16.987864108806185, 52.544634275601673 ], [ 16.988128645462957, 52.544576404156395 ], [ 16.988014029895638, 52.544428354947577 ], [ 16.987777142415787, 52.544504042009109 ], [ 16.987299261829801, 52.544609219546047 ], [ 16.987132832054964, 52.544369479837478 ], [ 16.987561241494511, 52.54423771072954 ], [ 16.987807237317305, 52.544161237710547 ], [ 16.987523696430831, 52.543794977704444 ], [ 16.987283702398333, 52.543841575807328 ], [ 16.987049673795553, 52.543971500287199 ], [ 16.986987327375299, 52.543857135447283 ], [ 16.986798800182573, 52.543915730690081 ], [ 16.986338397702674, 52.543454680050843 ], [ 16.987058895736645, 52.543585392462447 ], [ 16.987382798425251, 52.543612972179481 ], [ 16.988544457199296, 52.543805301129794 ], [ 16.98847695113713, 52.543702208626279 ], [ 16.987853501250115, 52.542373159448651 ], [ 16.987805985878587, 52.542259989500323 ], [ 16.987575613342131, 52.542162456452921 ], [ 16.987384401137646, 52.541801262596906 ], [ 16.987263880667069, 52.541474311582121 ], [ 16.987138074603855, 52.541262913317006 ], [ 16.986964415717864, 52.540913030859535 ], [ 16.986776698460446, 52.540673044959647 ], [ 16.986546881877313, 52.540366260813386 ], [ 16.986230391670823, 52.539782661127738 ], [ 16.986167766841071, 52.539572336890004 ], [ 16.986149257415498, 52.539384790601339 ], [ 16.985927972324436, 52.539089163914497 ], [ 16.985742031794793, 52.53881065882878 ] ], [ [ 16.989128588195562, 52.540350205700356 ], [ 16.989444641860182, 52.540273172847947 ], [ 16.989637476888145, 52.540225043166593 ], [ 16.989422370741831, 52.539797702070587 ], [ 16.989034908003397, 52.539185370179325 ], [ 16.98890837589655, 52.538792236976981 ], [ 16.988828445477434, 52.538565099680582 ], [ 16.988815458929494, 52.538256498096082 ], [ 16.988857120765331, 52.537937811693581 ], [ 16.988922081500231, 52.537702123263621 ], [ 16.988923118239743, 52.537481868812954 ], [ 16.988173014725088, 52.535123219953874 ], [ 16.988497645661592, 52.534936000727306 ], [ 16.98905688598197, 52.534752767939928 ], [ 16.989480992689639, 52.53475997468594 ], [ 16.989785028127631, 52.534825714988742 ], [ 16.990037185238183, 52.534841012069094 ], [ 16.992327995238632, 52.534226869363799 ], [ 16.994890222015545, 52.533600789224863 ], [ 16.995071614754298, 52.53355522796619 ], [ 16.994747534876794, 52.533136726339805 ], [ 16.995150073204549, 52.533022397745953 ], [ 16.995512255513379, 52.533000999756823 ], [ 16.995858145350553, 52.532940777114774 ], [ 16.996136110892017, 52.532984032375971 ], [ 16.996430119125524, 52.533071613014727 ], [ 16.996743928591908, 52.533120980555836 ], [ 16.99706350601565, 52.533242033271065 ], [ 16.997202118207852, 52.533371035844802 ], [ 16.997438986206131, 52.533523728347511 ], [ 16.997715955524374, 52.533588990184846 ], [ 16.997845046591788, 52.533728844459709 ], [ 16.997946567513097, 52.533879245708633 ], [ 16.998104733211846, 52.533975537233822 ], [ 16.998481464935939, 52.53403147140768 ], [ 16.998697527206097, 52.534046139487884 ], [ 16.998815332613372, 52.534037118295707 ], [ 16.999089613520269, 52.534111968300138 ], [ 16.999280357365603, 52.534087659609945 ], [ 16.99950519351875, 52.534107981356293 ], [ 16.99977214566227, 52.534195096152352 ], [ 17.000307803639021, 52.534330805986464 ], [ 17.00088230915998, 52.534406594955485 ], [ 17.001244500561299, 52.53438517951021 ], [ 17.001727496077688, 52.53428870798836 ], [ 17.002087437551545, 52.534316813112028 ], [ 17.002472701531232, 52.534383892160832 ], [ 17.002913107050727, 52.534429873436714 ], [ 17.003307396917485, 52.534497102082938 ], [ 17.003565834895248, 52.534573050990517 ], [ 17.003762356741408, 52.534620420848924 ], [ 17.004050363140436, 52.534641799597544 ], [ 17.004508780334486, 52.534489834253264 ], [ 17.004775703827214, 52.534378692725213 ], [ 17.005029860273993, 52.534349937212383 ], [ 17.0054878166615, 52.534407218362503 ], [ 17.005946522382182, 52.534447989989737 ], [ 17.00650548563836, 52.534468421759428 ], [ 17.007074968419833, 52.534455987325273 ], [ 17.007419858098679, 52.534417741221596 ], [ 17.00800185116745, 52.534328417965781 ], [ 17.008402374789597, 52.534258064834653 ], [ 17.008975091352632, 52.53417408746958 ], [ 17.009391667691741, 52.534148055406291 ], [ 17.009724294019744, 52.534181184532507 ], [ 17.010102785155546, 52.534198563662308 ], [ 17.010701573443743, 52.534137043542877 ], [ 17.011402354431841, 52.534016659866886 ], [ 17.012353725767568, 52.533746291694257 ], [ 17.012812105725075, 52.533594293783885 ], [ 17.013284057466624, 52.533541644094932 ], [ 17.013813956244864, 52.533605607658231 ], [ 17.014225061684147, 52.533700616019757 ], [ 17.015080553971444, 52.533753517149641 ], [ 17.015895645178428, 52.533701105802734 ], [ 17.01600243830022, 52.533735937120866 ], [ 17.015989941368758, 52.533812822525121 ], [ 17.01584714521087, 52.533975631628877 ], [ 17.015730087425855, 52.533968161953375 ], [ 17.015548376021844, 52.53399264858713 ], [ 17.015432648345833, 52.534155911152801 ], [ 17.015590853908463, 52.534252179685559 ], [ 17.015842770034482, 52.534272924448935 ], [ 17.01611645499521, 52.534211431934736 ], [ 17.016532437879, 52.533998134256628 ], [ 17.016780537645005, 52.533903170668829 ], [ 17.01709229681877, 52.533798259801365 ], [ 17.017512832155919, 52.533684157052129 ], [ 17.017884530062812, 52.533651836456002 ], [ 17.017925534483272, 52.533670755216434 ], [ 17.018008380257182, 52.533708978791964 ], [ 17.017948042856904, 52.533845637624708 ], [ 17.017661372768242, 52.533995025287197 ], [ 17.017285456761645, 52.534120889782884 ], [ 17.01689902706693, 52.534279617577042 ], [ 17.01655067344393, 52.534394928121493 ], [ 17.015938738853553, 52.534748116769883 ], [ 17.015699250232004, 52.535052480691277 ], [ 17.015632203385742, 52.53533770893673 ], [ 17.01566292922185, 52.535657617447249 ], [ 17.015414657846833, 52.535956326736994 ], [ 17.015172588753732, 52.536117470047863 ], [ 17.014843257117899, 52.536211067604825 ], [ 17.014345199701992, 52.536241258495146 ], [ 17.013920327140813, 52.536250648527513 ], [ 17.013477158021935, 52.536265236659204 ], [ 17.012976365674486, 52.536355950482559 ], [ 17.012610683090113, 52.536454438236248 ], [ 17.012024692551055, 52.536631825634501 ], [ 17.011543682124866, 52.536684318291208 ], [ 17.010930792189875, 52.536657497312653 ], [ 17.010631935897621, 52.53647625630753 ], [ 17.01038093906023, 52.536235244616229 ], [ 17.009544697708748, 52.536155099704921 ], [ 17.009014028050146, 52.536107624593726 ], [ 17.008554554747672, 52.536083372453092 ], [ 17.008241457434004, 52.536017528138743 ], [ 17.007811797887403, 52.535933200274378 ], [ 17.007381143231619, 52.53587088122795 ], [ 17.006977312167418, 52.535814519179851 ], [ 17.006612818378866, 52.535687230181935 ], [ 17.006315281251599, 52.535676710731515 ], [ 17.005846042222416, 52.535668803853518 ], [ 17.005370274069513, 52.535605717164984 ], [ 17.00496545019848, 52.535571358632971 ], [ 17.004681969419263, 52.535649180686868 ], [ 17.004337067891925, 52.535687418683288 ], [ 17.003843503891979, 52.53561851891768 ], [ 17.003511121275931, 52.535579870625369 ], [ 17.00296919426679, 52.535581739478268 ], [ 17.002455837515239, 52.535551047399544 ], [ 17.001670491775648, 52.535345049553435 ], [ 17.000829124637619, 52.535080278640059 ], [ 17.000039283331617, 52.534874193883816 ], [ 16.99958784287114, 52.534772947421992 ], [ 16.999111468463234, 52.534723592156929 ], [ 16.99892785374427, 52.534591077484428 ], [ 16.998812379586948, 52.53479700616311 ], [ 16.998248904906255, 52.53477646172098 ], [ 16.997685435407874, 52.534855037013166 ], [ 16.997353572961178, 52.5350036112198 ], [ 16.997075850311777, 52.53515310092655 ], [ 16.996860540158945, 52.535320166945482 ], [ 16.996637457317373, 52.535459567002022 ], [ 16.996458740174003, 52.535616238235448 ], [ 16.996254453899358, 52.535739435450303 ], [ 16.996060944586812, 52.535824267249247 ], [ 16.996044982823047, 52.535968840583244 ], [ 16.995932926642634, 52.536203851777124 ], [ 16.996088144953639, 52.536218463857985 ], [ 16.996192549513772, 52.536503831902827 ], [ 16.996255594331867, 52.536705897541772 ], [ 16.995725184858291, 52.537148472038687 ], [ 16.995619151227753, 52.537493604173086 ], [ 16.995644719208947, 52.537725322682633 ], [ 16.995673295597584, 52.537891010586527 ], [ 16.995644342586914, 52.538030943461287 ], [ 16.995820315731127, 52.538133046334593 ], [ 16.995952923688421, 52.538394111583528 ], [ 16.996185052033837, 52.538651355152531 ], [ 16.996485118569726, 52.539003364020751 ], [ 16.996735051637774, 52.539266414686828 ], [ 16.996868169378867, 52.539516473847307 ], [ 16.996929889585342, 52.539691764864109 ], [ 16.997080261287159, 52.540015675245456 ], [ 16.997180039920568, 52.54020459498539 ], [ 16.997282825411869, 52.540327484012124 ], [ 16.997449035268808, 52.540445939477451 ], [ 16.99764558461592, 52.540691564286227 ], [ 16.997743614004758, 52.540919001444408 ], [ 16.99777445408364, 52.541035165873325 ], [ 16.997716798448774, 52.541111285413393 ], [ 16.997571899169404, 52.541119847169192 ], [ 16.997457330858907, 52.541057333738685 ], [ 16.997136688056415, 52.540760047259916 ], [ 16.996912821406603, 52.540717710502776 ], [ 16.996705998437324, 52.540499444491253 ], [ 16.996456061699657, 52.540434638342532 ], [ 16.996162004596659, 52.540347057380643 ], [ 16.995805026384758, 52.540252903232094 ], [ 16.995511221262014, 52.540358062682934 ], [ 16.994980764954754, 52.540503266293761 ], [ 16.99373858359505, 52.541005358351221 ], [ 16.993748101014305, 52.541192750726829 ], [ 16.993652330914959, 52.541312276498232 ], [ 16.993343475817355, 52.541351093928242 ], [ 16.993108074784921, 52.541363622327189 ], [ 16.992337032536199, 52.540249184304606 ], [ 16.992272368817869, 52.540082883305573 ], [ 16.992193423335326, 52.539833737987742 ], [ 16.992098673299854, 52.539733007956748 ], [ 16.991720143270186, 52.539715570847157 ], [ 16.991503804657022, 52.53970639231845 ], [ 16.99134035738026, 52.539725645195922 ], [ 16.99129567622434, 52.540308607304517 ], [ 16.991043214596335, 52.540497059483428 ], [ 16.990254745036889, 52.540951748970521 ], [ 16.990068214781235, 52.541080744051037 ], [ 16.990065964607748, 52.541514140153012 ], [ 16.989919474611199, 52.541527586852709 ], [ 16.989427102473581, 52.541581024658413 ], [ 16.989319755354167, 52.541342291740854 ], [ 16.989498416522874, 52.541314426111725 ], [ 16.989128588195562, 52.540350205700356 ] ], [ [ 16.989720278198767, 52.520929827559826 ], [ 16.989724484781611, 52.521022602836076 ], [ 16.98942194306202, 52.520991710865921 ], [ 16.989296569703633, 52.520963829185121 ], [ 16.98903268532414, 52.521010846356454 ], [ 16.98904820047073, 52.52067119608391 ], [ 16.989211314867696, 52.520612165869252 ], [ 16.989258903528107, 52.520494519780833 ], [ 16.989271805915429, 52.520396885030713 ], [ 16.989314458297986, 52.52038730947887 ], [ 16.989342588136619, 52.520325984989931 ], [ 16.989178325315006, 52.520225339284217 ], [ 16.989070049117682, 52.519961340426576 ], [ 16.988903476371728, 52.51995800682527 ], [ 16.988306319604714, 52.519958262142922 ], [ 16.988362549934269, 52.520340226970063 ], [ 16.988458763184592, 52.521006240229468 ], [ 16.988092697992588, 52.521072118855514 ], [ 16.988046137723348, 52.520612958164698 ], [ 16.987897573766073, 52.520538328700738 ], [ 16.987886326322261, 52.520491928386427 ], [ 16.987511891510817, 52.520651092102035 ], [ 16.987356743921033, 52.520885246082806 ], [ 16.987417463563474, 52.521136839139558 ], [ 16.98731708534072, 52.521259034974513 ], [ 16.987100083672114, 52.52126635689433 ], [ 16.987056256382985, 52.521138954452198 ], [ 16.987131334046449, 52.520977780677207 ], [ 16.987062709293529, 52.520800394992015 ], [ 16.98669873676663, 52.520863037136884 ], [ 16.986549643794518, 52.520866006782391 ], [ 16.986436905132219, 52.52076496542189 ], [ 16.98667473323502, 52.520598301428826 ], [ 16.98697593666725, 52.520526331178679 ], [ 16.987175540642326, 52.520405823773743 ], [ 16.987316635595715, 52.520281567310043 ], [ 16.987645400560066, 52.520199050602841 ], [ 16.987795623005788, 52.520171318124774 ], [ 16.987721443882972, 52.519958509287882 ], [ 16.987758577003472, 52.519330814764537 ], [ 16.988643207816331, 52.51937160835044 ], [ 16.988792871615701, 52.519708810530496 ], [ 16.98896561347718, 52.519706702608808 ], [ 16.989756983510791, 52.519756202963471 ], [ 16.989720841657771, 52.520177906251384 ], [ 16.990437467782321, 52.520200380908605 ], [ 16.990544087689798, 52.520269144568573 ], [ 16.990519697989665, 52.520433537076428 ], [ 16.990687938407834, 52.520632102444189 ], [ 16.990635675109083, 52.52066726631768 ], [ 16.990462763227804, 52.520728125906963 ], [ 16.990697510774382, 52.520977329117315 ], [ 16.990020235113551, 52.521017327176608 ], [ 16.989970555504726, 52.520995882333814 ], [ 16.989957911844094, 52.520902963730862 ], [ 16.989757079388419, 52.520863500103793 ], [ 16.989720278198767, 52.520929827559826 ] ], [ [ 16.993954437147554, 52.543439824982322 ], [ 16.993802979122496, 52.54324155016333 ], [ 16.994179774453848, 52.543129483011022 ], [ 16.994315759967055, 52.543296593962097 ], [ 16.993954437147554, 52.543439824982322 ] ], [ [ 16.993353479349704, 52.543651094385481 ], [ 16.993176935440886, 52.543447243186755 ], [ 16.993450800280268, 52.543369484099649 ], [ 16.993644461748708, 52.543568474912725 ], [ 16.993353479349704, 52.543651094385481 ] ], [ [ 16.979729042961765, 52.534638620119793 ], [ 16.979758711338434, 52.534385813290925 ], [ 16.980182306916305, 52.534404058315118 ], [ 16.980341881402026, 52.534665602247237 ], [ 16.979729042961765, 52.534638620119793 ] ], [ [ 16.985814195861828, 52.513471938914932 ], [ 16.985952544534694, 52.51320996671425 ], [ 16.985863737646582, 52.513178167271199 ], [ 16.985914873399782, 52.513046874061381 ], [ 16.986162017403423, 52.513070355226915 ], [ 16.986205013807169, 52.51291964945829 ], [ 16.986002210887438, 52.512913443717942 ], [ 16.98613229253375, 52.512634810093282 ], [ 16.986352503155391, 52.512655078978781 ], [ 16.986299812472748, 52.512425648896617 ], [ 16.986304380987693, 52.51212835811819 ], [ 16.986172852115537, 52.512142639701786 ], [ 16.986080333019011, 52.511896011025755 ], [ 16.986643904171935, 52.511809234160822 ], [ 16.986537072857033, 52.512369112113447 ], [ 16.986459347382063, 52.512687185060734 ], [ 16.98635980829172, 52.513087489027001 ], [ 16.986241474036099, 52.513503993443678 ], [ 16.986161016326903, 52.513775843414827 ], [ 16.985999530806808, 52.513761449024507 ], [ 16.986083764291237, 52.513498555421435 ], [ 16.985814195861828, 52.513471938914932 ] ], [ [ 16.985985249743351, 52.514369709918718 ], [ 16.985588644345015, 52.515541417687423 ], [ 16.985146432744806, 52.515539394145549 ], [ 16.985481424852235, 52.514333597693188 ], [ 16.985985249743351, 52.514369709918718 ] ], [ [ 16.98505351548868, 52.517569829132817 ], [ 16.985212772915094, 52.517443131065484 ], [ 16.98535635933505, 52.517362973915027 ], [ 16.985548768190625, 52.517300856722265 ], [ 16.985090677346022, 52.518838750719176 ], [ 16.98497900731871, 52.518778684095096 ], [ 16.984856753573901, 52.518688492717729 ], [ 16.984763575912712, 52.518554741911785 ], [ 16.984779648369248, 52.518400824690488 ], [ 16.98470526743488, 52.518250873533752 ], [ 16.984398127565207, 52.51805840936553 ], [ 16.984154634661508, 52.517856015213269 ], [ 16.98419751706615, 52.51770806167 ], [ 16.98472549765836, 52.517734953616134 ], [ 16.984921946826212, 52.517683231542073 ], [ 16.98505351548868, 52.517569829132817 ] ], [ [ 16.984173221116713, 52.533315695272506 ], [ 16.984887391592057, 52.533906752446356 ], [ 16.98414863424507, 52.534263125319065 ], [ 16.983512442714492, 52.533594640766886 ], [ 16.983346576720052, 52.53366212406322 ], [ 16.982899257758238, 52.53383990699551 ], [ 16.982398469406867, 52.534078579048291 ], [ 16.980957917895321, 52.534919242391126 ], [ 16.980729177743115, 52.534750532514735 ], [ 16.981731600473697, 52.531677509596058 ], [ 16.981504762225583, 52.531467631802592 ], [ 16.981882309399008, 52.530969351208846 ], [ 16.981432536295262, 52.53009644369665 ], [ 16.981304605681405, 52.529939754821669 ], [ 16.980887887811424, 52.529819339845538 ], [ 16.979428685734614, 52.528125761172461 ], [ 16.982534995265436, 52.527416535667129 ], [ 16.985394248806852, 52.52841289248785 ], [ 16.985471223655185, 52.53005196933136 ], [ 16.985533076384232, 52.530176627380655 ], [ 16.985752001489143, 52.530190654815613 ], [ 16.986142519144845, 52.530145799979977 ], [ 16.986241424042966, 52.530198985365381 ], [ 16.986253512812663, 52.530673010127899 ], [ 16.986018570102434, 52.531008925059808 ], [ 16.985822088769439, 52.531242490117904 ], [ 16.985793434419943, 52.5314995126677 ], [ 16.985234255302121, 52.533014453652022 ], [ 16.984635521849775, 52.533179364403182 ], [ 16.984173221116713, 52.533315695272506 ] ], [ [ 16.987381813404497, 52.522212815265554 ], [ 16.987645433789616, 52.522173244829141 ], [ 16.987870421248044, 52.522386330300833 ], [ 16.988039021109721, 52.522648017790715 ], [ 16.988146519373522, 52.522666366207403 ], [ 16.988334735896306, 52.522498855278862 ], [ 16.988322980320465, 52.522360985033984 ], [ 16.988562052102235, 52.522265927011489 ], [ 16.988812879898873, 52.522308738710137 ], [ 16.988956684399191, 52.522520442042016 ], [ 16.989020306023217, 52.522708755101085 ], [ 16.988903254481976, 52.522899504026938 ], [ 16.988645353264555, 52.523209008393515 ], [ 16.988370191700465, 52.523303453004779 ], [ 16.988297235989194, 52.523516978317474 ], [ 16.988286674091302, 52.523748084913869 ], [ 16.988092984316591, 52.523640162012327 ], [ 16.987926644143613, 52.523328951766196 ], [ 16.987846493221038, 52.523107316114974 ], [ 16.987833056418729, 52.523075540012762 ], [ 16.987691693210479, 52.522741233597131 ], [ 16.987534128569745, 52.522435678783786 ], [ 16.987381813404497, 52.522212815265554 ] ], [ [ 16.978350690913583, 52.52401807526401 ], [ 16.978000588030486, 52.523919388654207 ], [ 16.977901707183115, 52.523866196568953 ], [ 16.97789538191952, 52.52326866307223 ], [ 16.978606449199685, 52.523229311477472 ], [ 16.979132375107909, 52.5231764930395 ], [ 16.979414034182291, 52.523294608342333 ], [ 16.979935709076127, 52.523334417648655 ], [ 16.980476147745026, 52.523333343191176 ], [ 16.980916759001715, 52.523299661425533 ], [ 16.98126875182658, 52.523357169916117 ], [ 16.981578974556946, 52.523589072117993 ], [ 16.981904659076289, 52.523852138497631 ], [ 16.982261737031877, 52.524167241471694 ], [ 16.982434145040386, 52.524458593566827 ], [ 16.982623901526047, 52.524739940756795 ], [ 16.982598535901147, 52.524924915961755 ], [ 16.982203343172667, 52.525072683385751 ], [ 16.98182219099689, 52.525282491571851 ], [ 16.981508534356227, 52.525493450035157 ], [ 16.98121174957295, 52.525704695556314 ], [ 16.981084183519705, 52.525908527489555 ], [ 16.9810752135364, 52.526104082578634 ], [ 16.981033909619189, 52.526268184641403 ], [ 16.9808571320577, 52.52644027530058 ], [ 16.97849404295394, 52.527883187053916 ], [ 16.97799643132231, 52.527318461003595 ], [ 16.978407588068617, 52.527191581069651 ], [ 16.978363580466588, 52.527046623111282 ], [ 16.97842035219259, 52.526913687501569 ], [ 16.978766838858057, 52.526723898798302 ], [ 16.979115212830308, 52.526492939605511 ], [ 16.979276067326982, 52.52629997869608 ], [ 16.9795869660466, 52.524677819751105 ], [ 16.979528917084906, 52.524470819804066 ], [ 16.97935038616346, 52.524313264416897 ], [ 16.979035444834462, 52.524184280099306 ], [ 16.978718142247406, 52.524106756766784 ], [ 16.978350690913583, 52.52401807526401 ] ], [ [ 16.956785962688738, 52.553714743070621 ], [ 16.956649786770264, 52.553728912448641 ], [ 16.956570331471845, 52.553688992862767 ], [ 16.956555345574476, 52.553622652305215 ], [ 16.956638380622518, 52.553585538268742 ], [ 16.956863805642122, 52.553594936983494 ], [ 16.956887307891758, 52.553672438155573 ], [ 16.956785962688738, 52.553714743070621 ] ], [ [ 16.957343561260764, 52.551378349689031 ], [ 16.957417553104097, 52.551240570974748 ], [ 16.957494173748049, 52.551046185222511 ], [ 16.957593490966854, 52.550908843483299 ], [ 16.957710486001364, 52.550936613602332 ], [ 16.957776111278598, 52.550978947798534 ], [ 16.95772218959787, 52.551230377800508 ], [ 16.957619047818312, 52.551450057070561 ], [ 16.957568948932028, 52.551619149540315 ], [ 16.957474171597326, 52.551658715538551 ], [ 16.957360282397005, 52.551564046019756 ], [ 16.957343561260764, 52.551378349689031 ] ], [ [ 16.962421629841703, 52.55990454807214 ], [ 16.962181682467715, 52.559906565388097 ], [ 16.961708654419951, 52.559780023601427 ], [ 16.961713962548224, 52.559568102919926 ], [ 16.96233751799257, 52.559550901790807 ], [ 16.962421629841703, 52.55990454807214 ] ], [ [ 16.962494593016572, 52.56044288496561 ], [ 16.961763938313247, 52.560439039148036 ], [ 16.961804035509694, 52.560158882499849 ], [ 16.96211952657789, 52.560175328732626 ], [ 16.962098408360767, 52.560241046795603 ], [ 16.962469991121331, 52.560234720467442 ], [ 16.962494593016572, 52.56044288496561 ] ], [ [ 16.962540563032501, 52.560831847257333 ], [ 16.962576495275293, 52.561135873501996 ], [ 16.96200278335111, 52.561134256323676 ], [ 16.961997863588369, 52.560850571081502 ], [ 16.962540563032501, 52.560831847257333 ] ], [ [ 16.962607547208474, 52.561544217249164 ], [ 16.962611338180746, 52.561786859846514 ], [ 16.961922638687, 52.561790939604961 ], [ 16.961888464302799, 52.56155355847536 ], [ 16.962607547208474, 52.561544217249164 ] ], [ [ 16.961997698973068, 52.562023517927713 ], [ 16.962614985643167, 52.562020316706032 ], [ 16.96261945600914, 52.562306443289295 ], [ 16.961966247352478, 52.562312083645253 ], [ 16.961997698973068, 52.562023517927713 ] ], [ [ 16.961625295014436, 52.558947059961454 ], [ 16.961493392648308, 52.558771323714872 ], [ 16.961556619941589, 52.558576921001695 ], [ 16.96183869276296, 52.558339479298382 ], [ 16.961740430850309, 52.558120268148265 ], [ 16.962267593372843, 52.558088231510354 ], [ 16.96228135704925, 52.558146103043789 ], [ 16.962272146730299, 52.558825648907316 ], [ 16.961625295014436, 52.558947059961454 ] ], [ [ 16.961902164802424, 52.556612221577957 ], [ 16.96190274719822, 52.556762881498969 ], [ 16.961620968739012, 52.556799329838825 ], [ 16.961602176189462, 52.556620034840712 ], [ 16.96174249094301, 52.556614191209533 ], [ 16.961902164802424, 52.556612221577957 ] ], [ [ 16.961587819586967, 52.556539938823299 ], [ 16.961557526442146, 52.556316391245474 ], [ 16.961739103126952, 52.556297491271231 ], [ 16.961900893469188, 52.556283349513265 ], [ 16.961901797422374, 52.556517185399002 ], [ 16.961737544588495, 52.55652599705968 ], [ 16.961587819586967, 52.556539938823299 ] ], [ [ 16.966712815663016, 52.533229983032477 ], [ 16.966656401691687, 52.532496605853588 ], [ 16.966652216055508, 52.532000919607192 ], [ 16.966770919347955, 52.531386194881115 ], [ 16.966842592748257, 52.53139844011956 ], [ 16.967005127524828, 52.531593971755044 ], [ 16.967001694130584, 52.53186374723191 ], [ 16.96700270771754, 52.532232721963254 ], [ 16.967014015292552, 52.532574339413515 ], [ 16.967117332867517, 52.532878989877275 ], [ 16.967172868208909, 52.533045148726991 ], [ 16.967050229759149, 52.533158685061537 ], [ 16.96693966455182, 52.53320634681662 ], [ 16.966712815663016, 52.533229983032477 ] ], [ [ 16.966023167285595, 52.534975151532336 ], [ 16.966038937473272, 52.534633999509204 ], [ 16.966544374733022, 52.534639933113084 ], [ 16.966667602087345, 52.534635520286898 ], [ 16.966661095571894, 52.534837775320518 ], [ 16.966669880003316, 52.534985463490791 ], [ 16.966532611598836, 52.534992167684258 ], [ 16.966023167285595, 52.534975151532336 ] ], [ [ 16.965976080001433, 52.535237619611593 ], [ 16.96598484448316, 52.535120423619887 ], [ 16.966543919699728, 52.535138292837971 ], [ 16.966681424121496, 52.53517954769962 ], [ 16.966625561083454, 52.535508997145406 ], [ 16.966559274842496, 52.535868554961674 ], [ 16.966501756708119, 52.535960167615713 ], [ 16.966379824397659, 52.535953236021342 ], [ 16.966019005051258, 52.535944280956613 ], [ 16.96602848346814, 52.535641568595054 ], [ 16.966227680090572, 52.535639155964994 ], [ 16.966232155790426, 52.535435810091435 ], [ 16.965961194714215, 52.535436659460345 ], [ 16.965976080001433, 52.535237619611593 ] ], [ [ 16.966783659857349, 52.536301598708988 ], [ 16.966760396385169, 52.536609581022027 ], [ 16.966128348930408, 52.536606979193884 ], [ 16.966149907534643, 52.536494804300922 ], [ 16.966020511790386, 52.536497742574888 ], [ 16.965542124637839, 52.536492271964576 ], [ 16.965587574177992, 52.536192931504502 ], [ 16.966064813438152, 52.536223162927044 ], [ 16.966059920513924, 52.53625348923844 ], [ 16.966193749735279, 52.536266680287298 ], [ 16.966783659857349, 52.536301598708988 ] ], [ [ 16.965832314051198, 52.539005618297423 ], [ 16.966257600319384, 52.538988147638513 ], [ 16.966341484245358, 52.539127259808751 ], [ 16.966368490950263, 52.539226846708381 ], [ 16.965813621652512, 52.539214556161795 ], [ 16.965832314051198, 52.539005618297423 ] ], [ [ 16.96530041771431, 52.540144301638072 ], [ 16.96547948872011, 52.540092656531804 ], [ 16.965560591063781, 52.539901312191695 ], [ 16.966315848756317, 52.53997486952796 ], [ 16.966276056530855, 52.540249526632962 ], [ 16.966231312354989, 52.54033824345337 ], [ 16.966407609304287, 52.54033438976191 ], [ 16.966913239279801, 52.540337571222629 ], [ 16.966867092716846, 52.540749789780932 ], [ 16.966298285481201, 52.5407455224044 ], [ 16.966152986492943, 52.540739838448452 ], [ 16.96603006561293, 52.541370066536061 ], [ 16.965386761906206, 52.541414075720077 ], [ 16.965208185967651, 52.541174211963998 ], [ 16.965050347134525, 52.541059640504656 ], [ 16.96530041771431, 52.540144301638072 ] ], [ [ 16.965758060192009, 52.539634872805777 ], [ 16.965753369272612, 52.539345684081738 ], [ 16.966219014081553, 52.539334414152634 ], [ 16.966177568446192, 52.539644837164708 ], [ 16.965758060192009, 52.539634872805777 ] ], [ [ 16.963334933306488, 52.539289972983418 ], [ 16.962460338027697, 52.539258396287416 ], [ 16.96248908999916, 52.539027604757592 ], [ 16.962795915343982, 52.539032887454212 ], [ 16.96277342898378, 52.538933377500925 ], [ 16.962955442796247, 52.538903470002651 ], [ 16.963071738998995, 52.538927499237786 ], [ 16.963076687011558, 52.539015693585995 ], [ 16.963274456842409, 52.539035618222123 ], [ 16.963334933306488, 52.539289972983418 ] ], [ [ 16.968483862187281, 52.543873120923557 ], [ 16.967947451684456, 52.543781507719416 ], [ 16.967610294058201, 52.543765417268581 ], [ 16.966315734350125, 52.54378696244413 ], [ 16.966272635719491, 52.543730121072869 ], [ 16.966533360962785, 52.543365644844812 ], [ 16.967208351807777, 52.543332843023975 ], [ 16.967159254735215, 52.542923335594672 ], [ 16.967223692053246, 52.54262573015518 ], [ 16.967272674183114, 52.542296957912015 ], [ 16.967427221401856, 52.541877295062463 ], [ 16.967517571278734, 52.541384426399063 ], [ 16.968122112110098, 52.541343596903879 ], [ 16.968161587734322, 52.541162663603465 ], [ 16.968447068654662, 52.540848169650673 ], [ 16.971387706350395, 52.540733413161398 ], [ 16.971974072618973, 52.540638290517677 ], [ 16.971847995166112, 52.54053168705434 ], [ 16.971750508701483, 52.540447612800733 ], [ 16.971696748784911, 52.540147979093454 ], [ 16.971686512060842, 52.540003597711745 ], [ 16.971596619990748, 52.53975484671448 ], [ 16.971525032666818, 52.539475508143418 ], [ 16.971402331794547, 52.539205593698902 ], [ 16.971210689138136, 52.538965398406859 ], [ 16.97090421317451, 52.538651130755134 ], [ 16.970734202571542, 52.538308301299004 ], [ 16.970653814053804, 52.537853703881694 ], [ 16.9709171827284, 52.537271095895569 ], [ 16.971057645112094, 52.536789384264004 ], [ 16.971182649234315, 52.536276506126242 ], [ 16.971290297102062, 52.535773630701897 ], [ 16.971257694742665, 52.535381655387326 ], [ 16.971371777995003, 52.535105499661874 ], [ 16.97184864223501, 52.535020970229425 ], [ 16.972676629825742, 52.535014558232795 ], [ 16.973626083828336, 52.53493811762835 ], [ 16.974474264878186, 52.534859935888832 ], [ 16.975201926927916, 52.534831187983286 ], [ 16.975872798105605, 52.534935369662257 ], [ 16.976164924432332, 52.535065741372776 ], [ 16.976352803182852, 52.535149588129812 ], [ 16.976458172037415, 52.535429501495067 ], [ 16.976184163770977, 52.535878033931766 ], [ 16.975847842805752, 52.536212195197933 ], [ 16.975705709053678, 52.53636427009485 ], [ 16.976009836803918, 52.536729987220362 ], [ 16.976366027292237, 52.537065692612806 ], [ 16.97730401562152, 52.538709195777862 ], [ 16.977987746705995, 52.539637617857778 ], [ 16.975172677030109, 52.540238408429282 ], [ 16.973219771089585, 52.540091671304658 ], [ 16.972968271136846, 52.54041697688767 ], [ 16.972766934753484, 52.540753441747448 ], [ 16.972646399263756, 52.540802878849114 ], [ 16.972359429639514, 52.540797962029522 ], [ 16.972328703212888, 52.54089271811165 ], [ 16.972381330977793, 52.541055847810114 ], [ 16.972701171805589, 52.543646732527904 ], [ 16.969107059760404, 52.543914719025963 ], [ 16.968483862187281, 52.543873120923557 ] ], [ [ 16.968532570659793, 52.536160581150995 ], [ 16.969486043249677, 52.534970952756545 ], [ 16.969802372908752, 52.534965366926627 ], [ 16.969736298880491, 52.53522305382387 ], [ 16.969526617610331, 52.53565724818607 ], [ 16.969376204175607, 52.535687707979051 ], [ 16.969268309586479, 52.53587308826382 ], [ 16.969131886238561, 52.536187389098707 ], [ 16.968942715185971, 52.536470496892782 ], [ 16.968578014112428, 52.536447715990441 ], [ 16.968745710530882, 52.536238582207659 ], [ 16.968532570659793, 52.536160581150995 ] ], [ [ 16.967073153169931, 52.535105741135737 ], [ 16.96789429156221, 52.535119845804921 ], [ 16.967838374978861, 52.53554841763907 ], [ 16.968579833920526, 52.535528108125902 ], [ 16.968456429779707, 52.535658153219046 ], [ 16.968089894816703, 52.535773009815422 ], [ 16.967821347496777, 52.535917082275219 ], [ 16.967662353578348, 52.536035501689497 ], [ 16.967537928559608, 52.536187555596875 ], [ 16.967429770789892, 52.536378436555289 ], [ 16.967141773277014, 52.53635696874214 ], [ 16.967337756223355, 52.535633434984227 ], [ 16.967616979674933, 52.535649244832364 ], [ 16.967664257200074, 52.535407756674125 ], [ 16.967087003741113, 52.535392333885817 ], [ 16.967073153169931, 52.535105741135737 ] ], [ [ 16.968453927606802, 52.537472607658692 ], [ 16.968350213416858, 52.537371704248358 ], [ 16.968273186986437, 52.537084027082479 ], [ 16.968425892658232, 52.537004046631687 ], [ 16.968613997100434, 52.537037563499794 ], [ 16.968787041770121, 52.537103862476542 ], [ 16.968870422261446, 52.537253977858569 ], [ 16.96881456676363, 52.53738793617439 ], [ 16.968659828003318, 52.537511936783169 ], [ 16.968453927606802, 52.537472607658692 ] ], [ [ 16.967284319245707, 52.541395748408654 ], [ 16.967265122253835, 52.541811183374172 ], [ 16.966628106010567, 52.541816759622584 ], [ 16.96660027749834, 52.541441817806103 ], [ 16.967284319245707, 52.541395748408654 ] ], [ [ 16.964752601016663, 52.5429075646706 ], [ 16.964556340786437, 52.542854627698112 ], [ 16.964513365719213, 52.54300257261005 ], [ 16.964652929820932, 52.543109602697193 ], [ 16.964757864406764, 52.543086626800402 ], [ 16.964680755705743, 52.54328905289092 ], [ 16.964490972743672, 52.543291295415678 ], [ 16.964462864452013, 52.543508331256987 ], [ 16.96436419166961, 52.54360334743145 ], [ 16.964663002353717, 52.543655519178202 ], [ 16.96468414821231, 52.543520741787724 ], [ 16.964718098083452, 52.543372641601501 ], [ 16.964962796172088, 52.54335482264036 ], [ 16.965053441404127, 52.543152629154129 ], [ 16.964892771047761, 52.543111318394914 ], [ 16.964899644582452, 52.542962752503705 ], [ 16.965080655580582, 52.542954851672462 ], [ 16.965137467618778, 52.543093499056397 ], [ 16.965469870166121, 52.543132255327336 ], [ 16.965272823113107, 52.543486810559692 ], [ 16.965098914509269, 52.543731626998074 ], [ 16.965314629745261, 52.543754610043592 ], [ 16.965183619515468, 52.54404834883605 ], [ 16.964473825660626, 52.545274149916246 ], [ 16.963634762262128, 52.545129463591941 ], [ 16.963542309443536, 52.54534553751683 ], [ 16.96309408865601, 52.545271741582233 ], [ 16.963258479556885, 52.545037777852329 ], [ 16.963017848750255, 52.544967554268347 ], [ 16.963142824549333, 52.54480450087074 ], [ 16.962956602711273, 52.544729706811154 ], [ 16.963060469381666, 52.54463237195575 ], [ 16.963725224178749, 52.544817155710348 ], [ 16.964090881143175, 52.544122547955929 ], [ 16.963844022415913, 52.543998805359323 ], [ 16.964199860255189, 52.543531341084361 ], [ 16.96410847800836, 52.543359057582208 ], [ 16.964102652167437, 52.543094630039448 ], [ 16.964326527248232, 52.542746045010908 ], [ 16.964454801838858, 52.542511458348983 ], [ 16.964598833483347, 52.542326703949136 ], [ 16.964952334426723, 52.542299742789595 ], [ 16.964965802262405, 52.542399097139779 ], [ 16.964822535642973, 52.542567344675568 ], [ 16.964869048476977, 52.542733349171037 ], [ 16.964881243353414, 52.542860215725987 ], [ 16.964752601016663, 52.5429075646706 ] ], [ [ 16.965250986982014, 52.542982561252529 ], [ 16.965286843418706, 52.542793192552857 ], [ 16.965580412442534, 52.542792733082393 ], [ 16.965499177261812, 52.542986828516241 ], [ 16.965250986982014, 52.542982561252529 ] ], [ [ 16.965188782285971, 52.542667603004368 ], [ 16.965391807066407, 52.542183740428847 ], [ 16.965275119193738, 52.542167967050418 ], [ 16.96544540842687, 52.541708322177655 ], [ 16.965947491965377, 52.541788542141127 ], [ 16.965804672335125, 52.542044907620848 ], [ 16.965699095961714, 52.542277132497937 ], [ 16.965584738719187, 52.542699191550867 ], [ 16.965188782285971, 52.542667603004368 ] ], [ [ 16.963470596117656, 52.545931123660395 ], [ 16.963331751295669, 52.546198568231425 ], [ 16.963138717011468, 52.546173218631452 ], [ 16.96317292918334, 52.546019616592808 ], [ 16.962770212985522, 52.545938342456282 ], [ 16.962850573967973, 52.545763507672248 ], [ 16.962613305732859, 52.54571812186358 ], [ 16.962753352847425, 52.545522287433421 ], [ 16.963334412004055, 52.545653439089172 ], [ 16.963450617831231, 52.545484727624931 ], [ 16.964268559127355, 52.545628627575333 ], [ 16.964040795126348, 52.546021949122995 ], [ 16.963470596117656, 52.545931123660395 ] ], [ [ 16.962027136300421, 52.546464872040772 ], [ 16.962241970859246, 52.5465071192938 ], [ 16.962338347169318, 52.546376615168953 ], [ 16.962572762574769, 52.546386158069701 ], [ 16.962526208424539, 52.546611136081857 ], [ 16.962388630251393, 52.546851067294703 ], [ 16.96202938000361, 52.546806333401875 ], [ 16.962090929058306, 52.546647695612684 ], [ 16.961515061070049, 52.546599229634737 ], [ 16.961621740606642, 52.546441369464539 ], [ 16.961765388247187, 52.546460364119312 ], [ 16.962191179770898, 52.546043671956468 ], [ 16.962047533288487, 52.546024677829216 ], [ 16.962229983958391, 52.545791026504943 ], [ 16.962355578437894, 52.545809709587445 ], [ 16.962461998082201, 52.545657351019415 ], [ 16.962613305732859, 52.54571812186358 ], [ 16.962027136300421, 52.546464872040772 ] ], [ [ 16.962676267595302, 52.546503927382368 ], [ 16.962814352801544, 52.546252990934398 ], [ 16.96320404292095, 52.546323027065817 ], [ 16.963123937083026, 52.546492359647061 ], [ 16.963722468476693, 52.546578933723467 ], [ 16.963659195163949, 52.54669044845663 ], [ 16.962676267595302, 52.546503927382368 ] ], [ [ 16.962030183042078, 52.547288537960824 ], [ 16.961803398709083, 52.547394424445699 ], [ 16.961555128699541, 52.54778113228965 ], [ 16.961071037653504, 52.547701204177471 ], [ 16.961093426334401, 52.547607974005615 ], [ 16.961237077526114, 52.547626969334438 ], [ 16.961295520522576, 52.547437990940082 ], [ 16.961115383338914, 52.547426627300077 ], [ 16.961163319188294, 52.547366878167573 ], [ 16.961055772764528, 52.547348504808703 ], [ 16.961114137546687, 52.547258647877541 ], [ 16.961320076607347, 52.547297990110145 ], [ 16.96135735676534, 52.547078359603923 ], [ 16.962074022944812, 52.547202683342583 ], [ 16.962223908263596, 52.546909150144607 ], [ 16.962751593112714, 52.547022864975204 ], [ 16.962613632463412, 52.547271050076766 ], [ 16.963107384851696, 52.547337371144188 ], [ 16.963295527323567, 52.547369469963215 ], [ 16.963212798713236, 52.547554328152444 ], [ 16.963003564811832, 52.54753107613827 ], [ 16.962030183042078, 52.547288537960824 ] ], [ [ 16.963160482048451, 52.54833639545901 ], [ 16.962862252295686, 52.548325088501898 ], [ 16.963124312279167, 52.547752050429771 ], [ 16.96352895660921, 52.547792055277711 ], [ 16.963396730985927, 52.547916436585197 ], [ 16.963269453536483, 52.548129011961393 ], [ 16.963160482048451, 52.54833639545901 ] ], [ [ 16.961825855696627, 52.552184708345457 ], [ 16.961864467193809, 52.552284170342816 ], [ 16.961305897566614, 52.552292772270903 ], [ 16.961151173893306, 52.552402652352335 ], [ 16.961217267047346, 52.552535954503554 ], [ 16.961320469667015, 52.55362257459177 ], [ 16.961393296349268, 52.553805553910955 ], [ 16.961395789067744, 52.554141512420912 ], [ 16.961348503292065, 52.554479366861763 ], [ 16.960693328720659, 52.554385477021839 ], [ 16.96059086977494, 52.554257054781665 ], [ 16.960734957343657, 52.554072305984434 ], [ 16.960599422734948, 52.553293509800135 ], [ 16.959772240714994, 52.55320766413697 ], [ 16.959776417002768, 52.553312365611774 ], [ 16.959505601387448, 52.553307696664774 ], [ 16.959494351211838, 52.552966080162761 ], [ 16.959747110485814, 52.552970437870265 ], [ 16.959732466486905, 52.553091335342444 ], [ 16.960173520290788, 52.553126472173901 ], [ 16.960168484193872, 52.552845537830123 ], [ 16.960168391078462, 52.552652797708987 ], [ 16.960088586382209, 52.552425642756454 ], [ 16.960206192744185, 52.552422163025852 ], [ 16.960195285709911, 52.552267784213619 ], [ 16.96036552214181, 52.552298252327006 ], [ 16.960276596400025, 52.551878201760971 ], [ 16.96027181480256, 52.551591764943943 ], [ 16.960054404932574, 52.551604538074756 ], [ 16.960001079878531, 52.551196114509295 ], [ 16.959949890215068, 52.550936411743244 ], [ 16.959955668903714, 52.550617115996744 ], [ 16.959828183003783, 52.550444206990626 ], [ 16.959700096144697, 52.550089562505022 ], [ 16.960031014702643, 52.550161348996582 ], [ 16.960062085282889, 52.549881036901986 ], [ 16.960120489937697, 52.549595689130072 ], [ 16.959771522636338, 52.549523591697586 ], [ 16.95989183681456, 52.549266845399337 ], [ 16.959850952344187, 52.54897978605478 ], [ 16.960049020488267, 52.548994214071556 ], [ 16.960085798192651, 52.548785588941108 ], [ 16.960281823907568, 52.548844035911038 ], [ 16.960501741779694, 52.548192514798508 ], [ 16.960814595199452, 52.548263987876723 ], [ 16.960999613067067, 52.54797531447263 ], [ 16.961446837343782, 52.548071128247869 ], [ 16.961338112525812, 52.548273007560105 ], [ 16.961577993382473, 52.54835974195106 ], [ 16.961172207198761, 52.549123706088295 ], [ 16.960915836431088, 52.549587368473624 ], [ 16.960413929196967, 52.549501624032288 ], [ 16.960374250751023, 52.549578035631825 ], [ 16.960571556250361, 52.549608970058834 ], [ 16.960498163774218, 52.549827977936815 ], [ 16.96082959203294, 52.549888757352726 ], [ 16.960830005963235, 52.549685012271567 ], [ 16.961073975258692, 52.549683709003439 ], [ 16.961094470451389, 52.549923608619586 ], [ 16.96121556291812, 52.549942215257332 ], [ 16.960881185785944, 52.550432067743223 ], [ 16.960811365546817, 52.550574041915148 ], [ 16.96076760417963, 52.550738492338482 ], [ 16.960973502111592, 52.551948032554442 ], [ 16.960782405880177, 52.551977780840112 ], [ 16.960742470541774, 52.552059694934727 ], [ 16.960812389516029, 52.552110461034864 ], [ 16.960981094900813, 52.552173942770494 ], [ 16.961125526296513, 52.55217643111542 ], [ 16.961292196488166, 52.552209594088886 ], [ 16.961263598458959, 52.552035976739091 ], [ 16.961763927659842, 52.552036905994377 ], [ 16.961825855696627, 52.552184708345457 ] ], [ [ 16.959170774285909, 52.552638352019144 ], [ 16.959077016664217, 52.552906569157095 ], [ 16.959156728274142, 52.55294098466215 ], [ 16.959187817867061, 52.553244395625477 ], [ 16.959024148343381, 52.554045568164092 ], [ 16.958859868311315, 52.55408128267689 ], [ 16.958801019391352, 52.553986651853343 ], [ 16.958859861969543, 52.553497560170712 ], [ 16.958818725636071, 52.553216003101454 ], [ 16.958825534989295, 52.552874697970523 ], [ 16.958796491497811, 52.552527267636904 ], [ 16.958802110839919, 52.552406214600531 ], [ 16.958863592414552, 52.55205483874623 ], [ 16.959256180654229, 52.552160731791538 ], [ 16.95911090499353, 52.552565730988171 ], [ 16.959170774285909, 52.552638352019144 ] ], [ [ 16.96260858304581, 52.548413786156942 ], [ 16.961991145370945, 52.548325900718922 ], [ 16.962160321985909, 52.548086514098038 ], [ 16.962699213491888, 52.54815361408167 ], [ 16.962628447008257, 52.548316223577693 ], [ 16.96260858304581, 52.548413786156942 ] ], [ [ 16.962504185950731, 52.548926528635363 ], [ 16.962453030180122, 52.549177773604178 ], [ 16.962255891421986, 52.549517926138329 ], [ 16.961473324029125, 52.549363277237418 ], [ 16.961551734097629, 52.549133341573722 ], [ 16.961889074405235, 52.54916393239926 ], [ 16.962169502696305, 52.548863133309602 ], [ 16.962504185950731, 52.548926528635363 ] ], [ [ 16.961650148602661, 52.549933525035733 ], [ 16.962002533413489, 52.549998705398679 ], [ 16.961864895905212, 52.550270385954327 ], [ 16.961475300764093, 52.550197593913538 ], [ 16.961650148602661, 52.549933525035733 ] ], [ [ 16.961710527259122, 52.55067012813813 ], [ 16.961606315549023, 52.551074057524268 ], [ 16.96103846030903, 52.551046378235483 ], [ 16.961158673836522, 52.550596890451416 ], [ 16.961710527259122, 52.55067012813813 ] ], [ [ 16.961586422769805, 52.551414502646971 ], [ 16.961614365825621, 52.55167994578661 ], [ 16.961213372037339, 52.551657894690614 ], [ 16.961197516606038, 52.551415321691174 ], [ 16.961586422769805, 52.551414502646971 ] ], [ [ 16.961466992974525, 52.553105048859635 ], [ 16.961445680093142, 52.552785286565147 ], [ 16.962058863169613, 52.552784517549121 ], [ 16.9621631679743, 52.553093634406395 ], [ 16.962068446586443, 52.553090626655511 ], [ 16.961466992974525, 52.553105048859635 ] ], [ [ 16.961463432920524, 52.553267094352641 ], [ 16.961797311426718, 52.553275598315444 ], [ 16.96215854722789, 52.553295421911955 ], [ 16.962155268724263, 52.553438592022417 ], [ 16.961483116685553, 52.553427130981675 ], [ 16.961463432920524, 52.553267094352641 ] ], [ [ 16.962150663643076, 52.553656748401352 ], [ 16.961743768873081, 52.553663250663945 ], [ 16.961763941459814, 52.55352042095555 ], [ 16.962153234344829, 52.553532575540487 ], [ 16.962150663643076, 52.553656748401352 ] ], [ [ 16.962145767849499, 52.553893227180247 ], [ 16.961750600471721, 52.55390566807047 ], [ 16.961752591051411, 52.553765278635524 ], [ 16.962148559352677, 52.553758391281313 ], [ 16.962145767849499, 52.553893227180247 ] ], [ [ 16.962027028640136, 52.554276631495412 ], [ 16.961713237879714, 52.554224419705058 ], [ 16.961731192848244, 52.554031990507703 ], [ 16.962142975427788, 52.554028106072174 ], [ 16.962139756585771, 52.55418358011142 ], [ 16.96211439847642, 52.554287717775601 ], [ 16.962027028640136, 52.554276631495412 ] ], [ [ 16.961632406417067, 52.555967998448182 ], [ 16.961717588247197, 52.555592248961617 ], [ 16.9615677388744, 52.555608941942779 ], [ 16.96159730232316, 52.555166152818366 ], [ 16.961988854363632, 52.555197676704019 ], [ 16.961922511858567, 52.555969103048525 ], [ 16.961831144340699, 52.55596866774686 ], [ 16.961632406417067, 52.555967998448182 ] ], [ [ 16.965299170820288, 52.548072481430147 ], [ 16.965753115240286, 52.548121487053812 ], [ 16.966140479362451, 52.548148745845452 ], [ 16.966628668140999, 52.548188036202426 ], [ 16.967017936558015, 52.548174123159669 ], [ 16.96715680918129, 52.548094105396011 ], [ 16.967130654460327, 52.547928849427123 ], [ 16.96732255421708, 52.547798240263774 ], [ 16.96753181162342, 52.547657628486988 ], [ 16.967742018871483, 52.547496431822147 ], [ 16.968946897664765, 52.547383211367823 ], [ 16.969349490332188, 52.547812437233482 ], [ 16.969900563935063, 52.550149785009204 ], [ 16.971016445821579, 52.55160067827434 ], [ 16.965476948058448, 52.55409098093385 ], [ 16.965136439493396, 52.549398437651007 ], [ 16.965116267204973, 52.54873886392523 ], [ 16.96516908278042, 52.548327755240521 ], [ 16.965299170820288, 52.548072481430147 ] ], [ [ 16.957016087496996, 52.553234115919274 ], [ 16.95703235224121, 52.55327294440869 ], [ 16.95689387673092, 52.553336635716747 ], [ 16.956758724770221, 52.553328795620274 ], [ 16.956652444286608, 52.553282906133596 ], [ 16.956692644075044, 52.553195491120881 ], [ 16.956909551296949, 52.55319372906623 ], [ 16.957016087496996, 52.553234115919274 ] ], [ [ 16.957405502398036, 52.552409461619852 ], [ 16.957452571366009, 52.552487527197201 ], [ 16.95748275557478, 52.552565301346092 ], [ 16.957442292497838, 52.552708808980128 ], [ 16.957394820938745, 52.552821294356342 ], [ 16.957241421351192, 52.552849547954743 ], [ 16.95716639503523, 52.552827652070583 ], [ 16.957147522672802, 52.55268827053586 ], [ 16.95718870390801, 52.552529324750118 ], [ 16.957235219389588, 52.552437423803298 ], [ 16.95731359188952, 52.552387274411061 ], [ 16.957405502398036, 52.552409461619852 ] ], [ [ 16.957613464914928, 52.551934080854828 ], [ 16.957668737112282, 52.552017438134953 ], [ 16.95766300079033, 52.552140944274043 ], [ 16.95768665485252, 52.55217740397174 ], [ 16.957665706831374, 52.552264596102624 ], [ 16.9575209908018, 52.552287849690536 ], [ 16.95740447041112, 52.552249787178617 ], [ 16.957442303709069, 52.552162886516058 ], [ 16.957453853597951, 52.552096133074507 ], [ 16.957432351136347, 52.552013358536477 ], [ 16.957486351741615, 52.551942187534941 ], [ 16.957613464914928, 52.551934080854828 ] ], [ [ 16.957065281196392, 52.551548653533338 ], [ 16.957041941453078, 52.551687306428477 ], [ 16.95708056672774, 52.551765226412357 ], [ 16.957040820404526, 52.551893295659468 ], [ 16.956913707260536, 52.551901401724685 ], [ 16.956789224331867, 52.551852900701505 ], [ 16.956778795795007, 52.551713664856074 ], [ 16.956827941400899, 52.551565157102871 ], [ 16.95694390729015, 52.551433253539841 ], [ 16.957044736030795, 52.551445294576901 ], [ 16.957065281196392, 52.551548653533338 ] ], [ [ 16.977667033195672, 52.531548834820114 ], [ 16.977797777755207, 52.531454700068309 ], [ 16.978012468441815, 52.531400547434991 ], [ 16.978120244907601, 52.531708017425302 ], [ 16.977929760690404, 52.532021404288557 ], [ 16.977216694633455, 52.531720108588452 ], [ 16.977667033195672, 52.531548834820114 ] ], [ [ 16.964905883020215, 52.533639465362668 ], [ 16.964659317911615, 52.533894045264155 ], [ 16.964533756265059, 52.53387536492535 ], [ 16.964511268283886, 52.533775855207509 ], [ 16.9647447619373, 52.533218175315852 ], [ 16.964683012146608, 52.532991333276648 ], [ 16.964616427155118, 52.532869037734834 ], [ 16.964743906484021, 52.532650957431692 ], [ 16.96492665636228, 52.532604539245305 ], [ 16.964989679273277, 52.532803868927132 ], [ 16.965047358977515, 52.533118750030418 ], [ 16.965027648236646, 52.533349697753998 ], [ 16.964905883020215, 52.533639465362668 ] ], [ [ 16.981068356293548, 52.562935622484204 ], [ 16.980180493881701, 52.562946225331153 ], [ 16.980192180661653, 52.563059728875025 ], [ 16.980435182396015, 52.563105076925865 ], [ 16.980429271275252, 52.563233730726203 ], [ 16.97995991963715, 52.563148468491825 ], [ 16.979549587638328, 52.562698548577956 ], [ 16.979490689830854, 52.562141322870431 ], [ 16.979474348401006, 52.561320919949679 ], [ 16.981405815359938, 52.561468142666747 ], [ 16.981272935651472, 52.562161433808818 ], [ 16.981068356293548, 52.562935622484204 ] ], [ [ 16.981954610008387, 52.565847715112689 ], [ 16.981753755047329, 52.565988495580832 ], [ 16.981146111365554, 52.566153239177012 ], [ 16.980442964576508, 52.566373002241782 ], [ 16.979697821043505, 52.566586894169788 ], [ 16.979205938915928, 52.566439442445059 ], [ 16.978888333035073, 52.566361917028033 ], [ 16.9787337905892, 52.566230523413502 ], [ 16.978763224273461, 52.56595806620566 ], [ 16.978902680394395, 52.565682337525551 ], [ 16.979073312028813, 52.565463793021394 ], [ 16.979245762107407, 52.565389484523337 ], [ 16.9795929549513, 52.565374810741282 ], [ 16.980041488020998, 52.565361865440693 ], [ 16.980863257422403, 52.565319234735298 ], [ 16.981209740182241, 52.565319994655148 ], [ 16.981304935206122, 52.565455523044029 ], [ 16.981307707577134, 52.565579174741266 ], [ 16.981617576161966, 52.565641111191518 ], [ 16.981926027889628, 52.565733923765791 ], [ 16.981954610008387, 52.565847715112689 ] ], [ [ 16.992202493317407, 52.548786911730993 ], [ 16.992990175334452, 52.548743620614722 ], [ 16.993095433483447, 52.549214072654003 ], [ 16.992476818209212, 52.549255082388449 ], [ 16.992202493317407, 52.548786911730993 ] ], [ [ 16.997283715940611, 52.558557709835583 ], [ 16.996802193541274, 52.55821915428087 ], [ 16.996543878030177, 52.557741199003338 ], [ 16.996381116734689, 52.5573474624479 ], [ 16.99631992508332, 52.55710412823813 ], [ 16.9960267618717, 52.556796291881177 ], [ 16.995333123470424, 52.55576028389634 ], [ 16.994523427280164, 52.554298282614219 ], [ 16.994350915597742, 52.553920897975246 ], [ 16.994824611850561, 52.553835309294847 ], [ 16.995674933892836, 52.555397118685342 ], [ 16.996138546918708, 52.556408940494876 ], [ 16.996809561794951, 52.556332746628428 ], [ 16.997512505036919, 52.557410728897445 ], [ 16.996886743598392, 52.55760614682989 ], [ 16.9970434465402, 52.557881817080251 ], [ 16.997205960776803, 52.558082811241484 ], [ 16.997440703827753, 52.558285027286246 ], [ 16.997631064647845, 52.558668215621566 ], [ 16.998022320408381, 52.559203484831116 ], [ 16.998284669060272, 52.559593396407031 ], [ 16.998436913737123, 52.559821748933743 ], [ 16.998438677014004, 52.559981475230501 ], [ 16.998273403016537, 52.560039254669313 ], [ 16.998084550320385, 52.560019540215357 ], [ 16.997960896574963, 52.559758630205437 ], [ 16.997719614576752, 52.559302992986936 ], [ 16.997455262216562, 52.558758856440669 ], [ 16.997283715940611, 52.558557709835583 ] ], [ [ 16.997559173780079, 52.549892256170232 ], [ 16.996642498071086, 52.549984896120662 ], [ 16.996570030822397, 52.549535603414377 ], [ 16.9978182810265, 52.549397072328389 ], [ 16.997776319599083, 52.549762025380048 ], [ 16.99753102910126, 52.549768175569767 ], [ 16.997559173780079, 52.549892256170232 ] ], [ [ 16.995945320421338, 52.547207442995528 ], [ 16.996441733940642, 52.547066492981429 ], [ 16.996762756109526, 52.547437590639916 ], [ 16.99631628624136, 52.547594838182746 ], [ 16.995945320421338, 52.547207442995528 ] ], [ [ 16.995791966278347, 52.546679526952147 ], [ 16.996324484738203, 52.546487687052164 ], [ 16.996527319835511, 52.54685678431732 ], [ 16.996159174154709, 52.54696385534163 ], [ 16.995791966278347, 52.546679526952147 ] ], [ [ 16.995950479585922, 52.545610972529147 ], [ 16.995842852353995, 52.54574820492099 ], [ 16.996081321595859, 52.546076705020916 ], [ 16.995755857644021, 52.546174197125652 ], [ 16.995517857592247, 52.546020810675707 ], [ 16.995481983102675, 52.545881147967769 ], [ 16.995572963611473, 52.545738483753873 ], [ 16.995350676413135, 52.545611114013568 ], [ 16.995322071290484, 52.545497325321392 ], [ 16.99570005489679, 52.545359522447214 ], [ 16.995950479585922, 52.545610972529147 ] ], [ [ 16.985932462971263, 52.557840911397633 ], [ 16.986050506628537, 52.557630908788227 ], [ 16.986216417195916, 52.557559390218188 ], [ 16.986547080830857, 52.557540235416738 ], [ 16.98689063548963, 52.557634188095811 ], [ 16.987081446533367, 52.557808143872293 ], [ 16.987319667745162, 52.557933344490515 ], [ 16.985863695713157, 52.558060012657755 ], [ 16.985932462971263, 52.557840911397633 ] ], [ [ 16.98710821508746, 52.554836826589664 ], [ 16.987196768898038, 52.554678635774771 ], [ 16.987640236472554, 52.554760518673774 ], [ 16.987538016640201, 52.554921230824895 ], [ 16.98710821508746, 52.554836826589664 ] ], [ [ 16.978011917367692, 52.550970186287813 ], [ 16.978555043741558, 52.550946423739617 ], [ 16.978555976474507, 52.551122657266454 ], [ 16.978022127775837, 52.551141071544961 ], [ 16.978011917367692, 52.550970186287813 ] ], [ [ 16.99284006650047, 52.518613698872286 ], [ 16.991983571116673, 52.518511611593858 ], [ 16.992071948612001, 52.518054742731479 ], [ 16.992969677220831, 52.51817812977356 ], [ 16.99284006650047, 52.518613698872286 ] ], [ [ 16.997237387810703, 52.518768277064282 ], [ 16.99752703903771, 52.518751152669196 ], [ 16.997698356608158, 52.518716621519289 ], [ 16.997855111384382, 52.51842571257562 ], [ 16.998281610266112, 52.518515332646707 ], [ 16.998192113572763, 52.518812530356762 ], [ 16.998921937225962, 52.518846342286395 ], [ 16.999927716265216, 52.518962471964251 ], [ 17.000062021975225, 52.51898676957564 ], [ 16.999975381905784, 52.519502944854771 ], [ 16.994713956127029, 52.518874217548955 ], [ 16.995081033661474, 52.518742768379859 ], [ 16.995519770160428, 52.518623545810549 ], [ 16.995782610659614, 52.518600464634908 ], [ 16.996187020360928, 52.518640355619958 ], [ 16.99663553075364, 52.518703019226074 ], [ 16.996931197845761, 52.518752079881637 ], [ 16.997237387810703, 52.518768277064282 ] ], [ [ 17.001261361902209, 52.519642102413592 ], [ 17.000772052170664, 52.519633835119024 ], [ 17.000826619612717, 52.5193617964079 ], [ 17.001322960880788, 52.519401083501677 ], [ 17.001261361902209, 52.519642102413592 ] ], [ [ 17.004609055108755, 52.520105475917937 ], [ 17.004750062965645, 52.51978854159902 ], [ 17.005438119412911, 52.51988254632392 ], [ 17.005289612359636, 52.520178754196891 ], [ 17.004609055108755, 52.520105475917937 ] ], [ [ 17.022149403976915, 52.534288746554637 ], [ 17.020858318543734, 52.534076602839399 ], [ 17.020953970537676, 52.533731560240852 ], [ 17.020988673228942, 52.533606376825446 ], [ 17.020856685474502, 52.533612788628673 ], [ 17.020615459170187, 52.533655561291916 ], [ 17.020340366436645, 52.53364820588196 ], [ 17.020097970168145, 52.533616616419117 ], [ 17.019889508758812, 52.533533279934261 ], [ 17.019713992199907, 52.533420207146577 ], [ 17.019681989995807, 52.533320446750217 ], [ 17.019673217898884, 52.533140043731891 ], [ 17.021701202195302, 52.530997424504882 ], [ 17.022693849955921, 52.531212260469893 ], [ 17.024296028579382, 52.531477191089429 ], [ 17.023644743089044, 52.532357035821065 ], [ 17.023021657975573, 52.533108482383845 ], [ 17.022833915583146, 52.533527659854052 ], [ 17.022515540731579, 52.533470837926785 ], [ 17.022149403976915, 52.534288746554637 ] ], [ [ 17.009075047826958, 52.521045945027353 ], [ 17.00860841335718, 52.520909336946779 ], [ 17.008718033290023, 52.520725774902999 ], [ 17.009228478471286, 52.520827068372576 ], [ 17.009075047826958, 52.521045945027353 ] ], [ [ 17.010474904883381, 52.521270350320073 ], [ 17.009980394470336, 52.521189931091094 ], [ 17.010073136079271, 52.521006083942588 ], [ 17.010550538646967, 52.521091365326875 ], [ 17.010474904883381, 52.521270350320073 ] ], [ [ 17.011789711489016, 52.521508760322597 ], [ 17.011303400150211, 52.521433634637674 ], [ 17.011406433281362, 52.521208757923183 ], [ 17.011882678699223, 52.521319765409537 ], [ 17.011789711489016, 52.521508760322597 ] ], [ [ 17.012570078325197, 52.521429167885024 ], [ 17.013037892370935, 52.521540029049881 ], [ 17.012953366442535, 52.521729166601439 ], [ 17.01245226806784, 52.521607445601823 ], [ 17.012570078325197, 52.521429167885024 ] ], [ [ 17.01415031655624, 52.521960420566067 ], [ 17.013816556208759, 52.521872415085561 ], [ 17.013892874084615, 52.521677988968918 ], [ 17.014294824333383, 52.521751688136341 ], [ 17.01415031655624, 52.521960420566067 ] ], [ [ 17.01534785957319, 52.522178796792694 ], [ 17.014798953754749, 52.522087185023715 ], [ 17.014880414414016, 52.521872243833236 ], [ 17.015450293978468, 52.521966782141334 ], [ 17.01534785957319, 52.522178796792694 ] ], [ [ 17.016666939502908, 52.522417223848443 ], [ 17.016164431136133, 52.522326396212442 ], [ 17.016284083701894, 52.522106944286037 ], [ 17.016757408301622, 52.522189556967035 ], [ 17.016666939502908, 52.522417223848443 ] ], [ [ 17.017835094288102, 52.522632506970091 ], [ 17.017285597875471, 52.522553772398773 ], [ 17.017372540638842, 52.52231059541986 ], [ 17.017954855298452, 52.522410480138163 ], [ 17.017835094288102, 52.522632506970091 ] ], [ [ 17.018660583354837, 52.522769938050892 ], [ 17.018149861289661, 52.522673831177904 ], [ 17.018269620838751, 52.522451804014281 ], [ 17.018784443319145, 52.522550554144217 ], [ 17.018660583354837, 52.522769938050892 ] ], [ [ 17.020314922775398, 52.52315814311622 ], [ 17.01986232633697, 52.523083616987073 ], [ 17.020036520302178, 52.522777521040808 ], [ 17.02048888249962, 52.522857192792124 ], [ 17.020314922775398, 52.52315814311622 ] ], [ [ 17.02153021440261, 52.523358727588629 ], [ 17.021043633668441, 52.523288787914026 ], [ 17.021189270208037, 52.523054315255557 ], [ 17.021634125443683, 52.523113256302835 ], [ 17.02153021440261, 52.523358727588629 ] ], [ [ 17.022814633388592, 52.523524403408338 ], [ 17.022378209531432, 52.523465607771669 ], [ 17.022507427643852, 52.523220558747241 ], [ 17.022968005149583, 52.523305508436479 ], [ 17.022814633388592, 52.523524403408338 ] ], [ [ 17.024222849549584, 52.523753934720716 ], [ 17.023735797797407, 52.523694298684198 ], [ 17.02384628639166, 52.523490136863963 ], [ 17.024307562365063, 52.523559642417943 ], [ 17.024222849549584, 52.523753934720716 ] ], [ [ 17.025349122775374, 52.523963293517092 ], [ 17.024913730052138, 52.523881348691489 ], [ 17.025016238228634, 52.52366675223945 ], [ 17.025513985334925, 52.523770338007495 ], [ 17.025349122775374, 52.523963293517092 ] ], [ [ 17.030799311931862, 52.525433155661581 ], [ 17.031067345771344, 52.525294440083222 ], [ 17.031215548378615, 52.525412548470321 ], [ 17.031080873454705, 52.525597537830414 ], [ 17.030790203282855, 52.525636754755887 ], [ 17.030633876493159, 52.52570023420602 ], [ 17.030727455225506, 52.525828447556535 ], [ 17.030921014685092, 52.525941804410856 ], [ 17.031049045313768, 52.525905387587372 ], [ 17.031091532949329, 52.525762918460707 ], [ 17.031301006373837, 52.525722349811339 ], [ 17.031398032606628, 52.525773525133879 ], [ 17.031399671348328, 52.525938755637377 ], [ 17.031523025835209, 52.526006889216639 ], [ 17.031655648781378, 52.526069670076836 ], [ 17.031634159668467, 52.526146407428534 ], [ 17.031492430909378, 52.52628722570072 ], [ 17.031246374491655, 52.526338199550523 ], [ 17.030844813497584, 52.526232395325096 ], [ 17.03046514972209, 52.526242596495848 ], [ 17.030322521002564, 52.52620167483051 ], [ 17.030282828397247, 52.526079865007787 ], [ 17.030354689559623, 52.525684573441922 ], [ 17.030417685240089, 52.525487378171434 ], [ 17.030627896535471, 52.525430302673257 ], [ 17.030799311931862, 52.525433155661581 ] ], [ [ 17.031788664948401, 52.524879167045462 ], [ 17.031827594582001, 52.524789042540831 ], [ 17.032167923940033, 52.524851938111915 ], [ 17.032286672179321, 52.524873883459016 ], [ 17.032236622255411, 52.524963870440502 ], [ 17.032116465458486, 52.525196204967969 ], [ 17.031646721688151, 52.525126589222808 ], [ 17.031788664948401, 52.524879167045462 ] ], [ [ 17.027983414500138, 52.524437268530782 ], [ 17.027711388595645, 52.52438380768362 ], [ 17.027801675209449, 52.524233980378654 ], [ 17.027857339464408, 52.524141607043958 ], [ 17.027894852990212, 52.524062156899603 ], [ 17.0281869011793, 52.524116141242246 ], [ 17.028111682402344, 52.524212798486538 ], [ 17.027983414500138, 52.524437268530782 ] ], [ [ 17.029004619091982, 52.52435385604992 ], [ 17.02903494544314, 52.524272895185284 ], [ 17.029478471776692, 52.524354874492367 ], [ 17.029405813940553, 52.524445516518817 ], [ 17.029278012707632, 52.524659695338443 ], [ 17.028876355288006, 52.524578327097778 ], [ 17.029004619091982, 52.52435385604992 ] ], [ [ 17.030150769527459, 52.524479135087127 ], [ 17.030728791123941, 52.524585967047273 ], [ 17.03065777204505, 52.524677518347723 ], [ 17.030546045313333, 52.524909991653246 ], [ 17.029976208640306, 52.524812952242584 ], [ 17.030126827955517, 52.524560526271834 ], [ 17.030150769527459, 52.524479135087127 ] ], [ [ 17.026560847646653, 52.521548762588097 ], [ 17.026598286253023, 52.521466984143046 ], [ 17.02670958015441, 52.52143278911204 ], [ 17.026918886823843, 52.521472331052529 ], [ 17.027168071930845, 52.521564039376614 ], [ 17.027300294615884, 52.521628046188383 ], [ 17.027245060867845, 52.521730128858188 ], [ 17.027107302677585, 52.52178963401176 ], [ 17.026963644389863, 52.521792388632903 ], [ 17.026796982068845, 52.521743257628586 ], [ 17.026665682542223, 52.521658664926555 ], [ 17.026560847646653, 52.521548762588097 ] ], [ [ 17.026689541452019, 52.520938037516444 ], [ 17.026667131568878, 52.521061268101896 ], [ 17.026620564593269, 52.521158344862158 ], [ 17.026392309673508, 52.521164837938734 ], [ 17.026258474590591, 52.521136854460956 ], [ 17.02624100914765, 52.520961456927125 ], [ 17.026340965803925, 52.520803468757258 ], [ 17.026465078306931, 52.52067163434419 ], [ 17.026571756464641, 52.520740366090585 ], [ 17.026689541452019, 52.520938037516444 ] ], [ [ 17.024240258066595, 52.519519661515588 ], [ 17.024916371602178, 52.520747949735032 ], [ 17.026087450504203, 52.522012026250614 ], [ 17.025849474496635, 52.522487145830873 ], [ 17.024337235145822, 52.522186564778842 ], [ 17.024106636688209, 52.522094605441062 ], [ 17.022878647918311, 52.521495879041076 ], [ 17.019108291932159, 52.520821560376504 ], [ 17.018636104385656, 52.518275023230323 ], [ 17.019560690086195, 52.517387389865931 ], [ 17.019713179787889, 52.517208218215778 ], [ 17.01968529329708, 52.516624031489215 ], [ 17.021882948210624, 52.517536375876936 ], [ 17.021419068683006, 52.518216967781029 ], [ 17.021812869191933, 52.518493385499688 ], [ 17.022323696378098, 52.518375269340353 ], [ 17.024075768575152, 52.518960729102673 ], [ 17.024850657984711, 52.518791943961617 ], [ 17.02510857149257, 52.519280846515748 ], [ 17.024240258066595, 52.519519661515588 ] ], [ [ 16.989444673011295, 52.511402897659401 ], [ 16.98946701868525, 52.511012292993513 ], [ 16.989728183788497, 52.511024991419852 ], [ 16.989706091606589, 52.511410093603196 ], [ 16.989444673011295, 52.511402897659401 ] ], [ [ 17.019875143536687, 52.534904783378117 ], [ 17.019438379781576, 52.53485112223175 ], [ 17.019614710008035, 52.534498711272569 ], [ 17.020000834528286, 52.534551524464213 ], [ 17.020177783749944, 52.53457093301391 ], [ 17.020310566477793, 52.534237395850447 ], [ 17.02075645904582, 52.534275755981966 ], [ 17.020393628339392, 52.535207018503591 ], [ 17.019929689870764, 52.535194105983543 ], [ 17.020038639222342, 52.534920444597404 ], [ 17.019875143536687, 52.534904783378117 ] ], [ [ 17.026398856413667, 52.531351210222915 ], [ 17.026149419526764, 52.531275461464993 ], [ 17.025691219757473, 52.531223762967315 ], [ 17.025909747049688, 52.531183354753729 ], [ 17.025993175662439, 52.531135185626006 ], [ 17.026257310838599, 52.531084524080853 ], [ 17.026583866075239, 52.531051423315844 ], [ 17.026835276268141, 52.531083149876196 ], [ 17.026947887784793, 52.531189656396684 ], [ 17.026915390987106, 52.531310263547581 ], [ 17.0267678146975, 52.531379390697396 ], [ 17.026604659357783, 52.531393190105454 ], [ 17.026398856413667, 52.531351210222915 ] ], [ [ 17.024130721693719, 52.530784707082766 ], [ 17.023726660174749, 52.530331910190966 ], [ 17.023582662778981, 52.530120247501003 ], [ 17.023561525406997, 52.529987731766596 ], [ 17.023644453691706, 52.529548574685499 ], [ 17.02415145255442, 52.529518494480008 ], [ 17.024908121921641, 52.529558661238163 ], [ 17.025387805268164, 52.529533626556223 ], [ 17.025865019807505, 52.529563616505833 ], [ 17.026274634149495, 52.529691598898786 ], [ 17.026528150066927, 52.529877551012966 ], [ 17.026618270932044, 52.530082804737589 ], [ 17.026499880363964, 52.530306607990717 ], [ 17.025844942203918, 52.530615075721641 ], [ 17.024250748783412, 52.531128131444511 ], [ 17.024130721693719, 52.530784707082766 ] ], [ [ 17.018539027457351, 52.52447390143687 ], [ 17.018746617702178, 52.524532649512061 ], [ 17.018780816406487, 52.524542327701582 ], [ 17.019042657450072, 52.524634265021739 ], [ 17.019250698330215, 52.524702125279305 ], [ 17.019531847492651, 52.524740307799206 ], [ 17.019758153698877, 52.524777571781812 ], [ 17.02000884671995, 52.524835844163213 ], [ 17.020062995802597, 52.524852200851313 ], [ 17.020080908123646, 52.524865992130913 ], [ 17.020189494384702, 52.524949595990677 ], [ 17.020243117358905, 52.525071522549197 ], [ 17.020224905818694, 52.525194822223952 ], [ 17.020143759682103, 52.525309343543363 ], [ 17.019946107528014, 52.525385863879166 ], [ 17.019718177322495, 52.525384624386106 ], [ 17.019446503480182, 52.525323425123631 ], [ 17.019209153342686, 52.52525080614403 ], [ 17.019188297297731, 52.525244425053231 ], [ 17.018954130726893, 52.525194152927945 ], [ 17.018753135678008, 52.525157311255185 ], [ 17.018623000119486, 52.52504697819829 ], [ 17.018581690406769, 52.524932982354215 ], [ 17.018478258331648, 52.524792195202288 ], [ 17.018402156943246, 52.524700792447121 ], [ 17.018334377439739, 52.524612104111938 ], [ 17.018347216867561, 52.524514465634425 ], [ 17.018539027457351, 52.52447390143687 ] ], [ [ 17.019731630764799, 52.525554805603214 ], [ 17.019715385596218, 52.525634361554538 ], [ 17.019610776754337, 52.525707288358923 ], [ 17.019471208480585, 52.525712677516587 ], [ 17.019333608597321, 52.525674322900556 ], [ 17.019204214980785, 52.525641255687859 ], [ 17.01911302241556, 52.52560367770905 ], [ 17.01906072565766, 52.525546150133138 ], [ 17.019055183182854, 52.52548168004089 ], [ 17.01917504636813, 52.525445060388549 ], [ 17.019376622026577, 52.525469035591193 ], [ 17.019435453564139, 52.525475170576435 ], [ 17.019610906328676, 52.525516733743274 ], [ 17.019731630764799, 52.525554805603214 ] ], [ [ 16.993835799564085, 52.519560760423957 ], [ 16.99421966821636, 52.519655377893358 ], [ 16.9951392559555, 52.519880223202108 ], [ 16.995881197045865, 52.520041477317633 ], [ 16.996434712684419, 52.520177508757691 ], [ 16.99673890923431, 52.520237727875951 ], [ 16.996715609803196, 52.520352976361906 ], [ 16.995879195893913, 52.520283743059615 ], [ 16.995253516020906, 52.520146486253928 ], [ 16.99461105227396, 52.519981407566775 ], [ 16.994225926430101, 52.519914304142993 ], [ 16.993807477974954, 52.519786059483529 ], [ 16.993733565439644, 52.519625108585892 ], [ 16.993835799564085, 52.519560760423957 ] ], [ [ 16.999729877903722, 52.50066601723109 ], [ 16.999204711204481, 52.500708637813219 ], [ 16.998462099721202, 52.499964743572463 ], [ 16.99913807264149, 52.499574462357124 ], [ 16.999257997623189, 52.499535289060873 ], [ 16.999666071458357, 52.499840903217617 ], [ 16.99978366026399, 52.499853192074795 ], [ 17.000117180335856, 52.499570418970883 ], [ 17.000336845814982, 52.499193016357957 ], [ 17.000623549405276, 52.499197862693549 ], [ 17.000865729658344, 52.499068050188633 ], [ 17.001028721196526, 52.498823594190313 ], [ 17.001288229844754, 52.49868377323012 ], [ 17.002075333760924, 52.499191491152594 ], [ 17.002175123192618, 52.499224077875638 ], [ 17.00171836928174, 52.499247264048009 ], [ 17.001240080567253, 52.499373088952467 ], [ 17.001026492826629, 52.49961669021593 ], [ 17.00068830735394, 52.500002391360141 ], [ 17.002686539649115, 52.500973487477815 ], [ 17.001978326070844, 52.501424452410916 ], [ 17.001504659861528, 52.50172605839461 ], [ 16.999729877903722, 52.50066601723109 ] ], [ [ 16.979966294775355, 52.468183453946722 ], [ 16.979937604432415, 52.468821340878357 ], [ 16.979565670417898, 52.468775582867202 ], [ 16.979636690811706, 52.468483053878344 ], [ 16.979730991235321, 52.468171547409597 ], [ 16.979855039015455, 52.46818680209897 ], [ 16.979966294775355, 52.468183453946722 ] ], [ [ 16.988566896862725, 52.482603606644624 ], [ 16.988807179807452, 52.482535294953799 ], [ 16.988959525532767, 52.482537885507739 ], [ 16.989042747783593, 52.482570328270654 ], [ 16.989049090036541, 52.482616977655063 ], [ 16.988787636263982, 52.482778012919759 ], [ 16.988645144287243, 52.482930728220389 ], [ 16.988478674747729, 52.483052007851647 ], [ 16.988333847839957, 52.483070229711018 ], [ 16.988193265508897, 52.482995440495117 ], [ 16.988207860399712, 52.482861235388029 ], [ 16.988359288915046, 52.482698330037607 ], [ 16.988566896862725, 52.482603606644624 ] ], [ [ 16.979579752780616, 52.47437920455009 ], [ 16.979908900976472, 52.47437452690923 ], [ 16.979909960950597, 52.47471961209159 ], [ 16.979512209809371, 52.474748868966877 ], [ 16.979265397626463, 52.47474025416107 ], [ 16.979306336559386, 52.474383582002986 ], [ 16.979579752780616, 52.47437920455009 ] ], [ [ 16.978948988588709, 52.473971856876446 ], [ 16.978998736600548, 52.4736224896332 ], [ 16.979697508610354, 52.473649880015287 ], [ 16.980119117793684, 52.473651931613027 ], [ 16.980131613050958, 52.474115667999541 ], [ 16.97959902650808, 52.474142622084507 ], [ 16.979634212054012, 52.473966577261415 ], [ 16.979353981498544, 52.473968476954781 ], [ 16.978948988588709, 52.473971856876446 ] ], [ [ 16.979747605837666, 52.472924549754524 ], [ 16.980060359945135, 52.472909291188671 ], [ 16.980075977498753, 52.473120718437954 ], [ 16.979687847099122, 52.473124388855503 ], [ 16.979397496772059, 52.473127125084162 ], [ 16.97943339230385, 52.472907062198068 ], [ 16.979747605837666, 52.472924549754524 ] ], [ [ 16.978411262947933, 52.47742002284734 ], [ 16.97845614062788, 52.476816557796013 ], [ 16.979250173294506, 52.476820417343461 ], [ 16.979187724086092, 52.477422087542138 ], [ 16.978411262947933, 52.47742002284734 ] ], [ [ 16.978769929815954, 52.476259722512367 ], [ 16.97852894380242, 52.476260857759335 ], [ 16.97834910695212, 52.476242021076764 ], [ 16.978103254447241, 52.476161632259711 ], [ 16.977982796237168, 52.476067624365768 ], [ 16.977897813912044, 52.475950579058605 ], [ 16.977888407973879, 52.475874232414355 ], [ 16.976917801502424, 52.475836615674737 ], [ 16.977032908825926, 52.474781177901065 ], [ 16.978205660032124, 52.474819622814088 ], [ 16.978165664318727, 52.475128936529792 ], [ 16.979219018710207, 52.475144313233109 ], [ 16.979452962945388, 52.47514558240853 ], [ 16.979358026909409, 52.475781252044257 ], [ 16.97930652191609, 52.476277507554904 ], [ 16.979010434569464, 52.476269086936014 ], [ 16.978769929815954, 52.476259722512367 ] ], [ [ 16.976319751303389, 52.479118136206765 ], [ 16.977048463940505, 52.479177890918713 ], [ 16.977226170606308, 52.477930432608652 ], [ 16.978242708706393, 52.477921827633345 ], [ 16.978079196357278, 52.479594835781825 ], [ 16.977435619109439, 52.479554933156194 ], [ 16.976265857736994, 52.479524193501859 ], [ 16.976319751303389, 52.479118136206765 ] ], [ [ 16.98303127826636, 52.479315408916776 ], [ 16.982582680465363, 52.479348959454242 ], [ 16.982590686736486, 52.479173987559072 ], [ 16.982996198360645, 52.479160303179519 ], [ 16.98303127826636, 52.479315408916776 ] ], [ [ 16.981800237063108, 52.479304708232327 ], [ 16.982147692276278, 52.47926943501492 ], [ 16.982134788623764, 52.479367069590936 ], [ 16.981483432671645, 52.479407456819764 ], [ 16.981467335734703, 52.479206322335344 ], [ 16.981814083706386, 52.47918648877986 ], [ 16.981800237063108, 52.479304708232327 ] ], [ [ 16.980990895265016, 52.475242796130203 ], [ 16.980971031482216, 52.475124001175175 ], [ 16.981267180963204, 52.475103305576475 ], [ 16.981271677867081, 52.475742013721444 ], [ 16.98056792214139, 52.475822703112541 ], [ 16.980487414379503, 52.475738924288173 ], [ 16.980537623961343, 52.475379263935181 ], [ 16.980411206935628, 52.475377105142798 ], [ 16.980365589924329, 52.475268170787203 ], [ 16.980990895265016, 52.475242796130203 ] ], [ [ 17.024588084093754, 52.508122778429446 ], [ 17.024773061503694, 52.508138742568249 ], [ 17.024842791303254, 52.508183683442333 ], [ 17.024854236395868, 52.508304904055116 ], [ 17.024852337648543, 52.508441352453602 ], [ 17.024821841732106, 52.508556722619005 ], [ 17.024683775804569, 52.508623944957058 ], [ 17.024571411949104, 52.508588592470829 ], [ 17.024560828534593, 52.50835408198126 ], [ 17.024389016921848, 52.508232758430808 ], [ 17.024426562988257, 52.50814840725819 ], [ 17.024588084093754, 52.508122778429446 ] ], [ [ 17.021006017672974, 52.508031948659003 ], [ 17.021315442186612, 52.5078851953349 ], [ 17.0222288712446, 52.507925106965153 ], [ 17.022583613228086, 52.507967992832178 ], [ 17.022865306918678, 52.50798912584527 ], [ 17.022944527927592, 52.508023299366336 ], [ 17.02276076953612, 52.509868014522226 ], [ 17.022331486384413, 52.509836201792133 ], [ 17.02206120378958, 52.509860426487954 ], [ 17.021741545663495, 52.509785276311945 ], [ 17.02139222441447, 52.509771222032526 ], [ 17.021193245656608, 52.509706301052795 ], [ 17.021059768452588, 52.509531608256474 ], [ 17.020953744374516, 52.509345055981015 ], [ 17.020518480721684, 52.509296711803458 ], [ 17.020188600217988, 52.509299404001645 ], [ 17.020161985630128, 52.509142923250991 ], [ 17.020398101605615, 52.508830697663342 ], [ 17.020495296101608, 52.508614695788424 ], [ 17.020558129039742, 52.508414543663896 ], [ 17.020736016514682, 52.508199891744624 ], [ 17.021006017672974, 52.508031948659003 ] ], [ [ 17.017101500352918, 52.506118778648506 ], [ 17.017314644081573, 52.506167519321053 ], [ 17.017550991843546, 52.506298772399091 ], [ 17.017741824996591, 52.506544235840188 ], [ 17.017771645537174, 52.506778788716353 ], [ 17.017023767120524, 52.506799104365363 ], [ 17.016402172205765, 52.506854382420222 ], [ 17.015930359669433, 52.506871107443445 ], [ 17.015499077730155, 52.506884404310732 ], [ 17.015115790463454, 52.506877973909781 ], [ 17.014773219216451, 52.506864013151976 ], [ 17.014647676245147, 52.50681263190684 ], [ 17.014598135502307, 52.506717357913281 ], [ 17.014610963107263, 52.506582068650339 ], [ 17.014979067463774, 52.50647737858808 ], [ 17.015521446299839, 52.506387929609865 ], [ 17.016024031924172, 52.506285492199012 ], [ 17.016404839900833, 52.506197435575849 ], [ 17.016791631643336, 52.506125902840218 ], [ 17.017101500352918, 52.506118778648506 ] ], [ [ 17.019295408966705, 52.499081579974607 ], [ 17.019497371579153, 52.499228678556051 ], [ 17.019510716766156, 52.499380831382766 ], [ 17.019450659809923, 52.499519436648974 ], [ 17.01920575413552, 52.499728858306582 ], [ 17.019151968036123, 52.499727957639124 ], [ 17.019114395701443, 52.499665735465292 ], [ 17.019107037125949, 52.499530107643146 ], [ 17.019073708161173, 52.499373513912246 ], [ 17.018930779023233, 52.499260252886764 ], [ 17.018760404393678, 52.499158850601553 ], [ 17.018484674471871, 52.499006408861362 ], [ 17.018223684629302, 52.498825470005173 ], [ 17.017954681750144, 52.498673139696294 ], [ 17.017775004163408, 52.498629066890132 ], [ 17.017582065396809, 52.49858066536266 ], [ 17.017486757978823, 52.4984558820152 ], [ 17.017324959234855, 52.49831355931768 ], [ 17.017128438504017, 52.498195291562702 ], [ 17.016821690879517, 52.497984839056542 ], [ 17.016531051416315, 52.497864992289223 ], [ 17.016469547948091, 52.497736668696895 ], [ 17.016447200967701, 52.49748581559642 ], [ 17.016397039125764, 52.497255027063673 ], [ 17.016514468025299, 52.497187190753117 ], [ 17.016824643209809, 52.497171860443324 ], [ 17.01696811423183, 52.49727281461054 ], [ 17.017054294235066, 52.497450826049835 ], [ 17.017246934010039, 52.497655259160823 ], [ 17.017535727932618, 52.497816135257651 ], [ 17.017817800977603, 52.497976898008126 ], [ 17.018091122827279, 52.498182681658783 ], [ 17.018403862851279, 52.498409656003844 ], [ 17.018719558280949, 52.498570979781384 ], [ 17.018982393592726, 52.498710886447761 ], [ 17.019133786545673, 52.498935156573943 ], [ 17.019295408966705, 52.499081579974607 ] ], [ [ 17.018013181339931, 52.499466616667711 ], [ 17.018137415618526, 52.499546715990668 ], [ 17.018158771425039, 52.4996702598024 ], [ 17.018082785322765, 52.499714154912219 ], [ 17.017908165281884, 52.499707122887912 ], [ 17.017840932743962, 52.499705996312883 ], [ 17.017753268513101, 52.499560810293623 ], [ 17.017652343048663, 52.499411295766052 ], [ 17.017561910641543, 52.499327656215854 ], [ 17.017633019563874, 52.499242617694854 ], [ 17.017760390819767, 52.499252964580968 ], [ 17.017869331686487, 52.499373869924526 ], [ 17.018013181339931, 52.499466616667711 ] ], [ [ 17.021126623428191, 52.501902390063144 ], [ 17.02124617388165, 52.501937239483098 ], [ 17.021237422976998, 52.501982261269497 ], [ 17.021073564079963, 52.502184830046758 ], [ 17.020862822270225, 52.502382508029953 ], [ 17.02063319796644, 52.502551126313435 ], [ 17.020357710732458, 52.502542410175757 ], [ 17.020345468263137, 52.502365638813203 ], [ 17.020213675488925, 52.502154017104502 ], [ 17.019997327994801, 52.502027210134457 ], [ 17.019768272299412, 52.501883765230481 ], [ 17.019477885173227, 52.501607894695795 ], [ 17.019153515142946, 52.501339666759407 ], [ 17.018923646588309, 52.50106480817972 ], [ 17.018789015905998, 52.500766907054633 ], [ 17.018683206138608, 52.500576249676953 ], [ 17.018724653624997, 52.500552306693763 ], [ 17.018925432704172, 52.500576200382916 ], [ 17.0190709489098, 52.500632017897246 ], [ 17.019338307278154, 52.500821273768381 ], [ 17.019568093912969, 52.500948307018085 ], [ 17.019813173080841, 52.501034533818988 ], [ 17.020066636324209, 52.501083944649004 ], [ 17.020273220164565, 52.50112846417462 ], [ 17.020347079970389, 52.501281629589521 ], [ 17.020490843034331, 52.501526301084375 ], [ 17.020598506417226, 52.501675925788128 ], [ 17.020755816453256, 52.501768894303453 ], [ 17.020973639509776, 52.501862874991943 ], [ 17.021126623428191, 52.501902390063144 ] ], [ [ 17.006603764237603, 52.498089230357074 ], [ 17.006708878067371, 52.497996558887465 ], [ 17.00694079918275, 52.497926555037751 ], [ 17.006971774152596, 52.497836740344724 ], [ 17.006760538620515, 52.497746950674234 ], [ 17.006864908852023, 52.497670691374609 ], [ 17.007169109552223, 52.497638860846202 ], [ 17.00741674334331, 52.497667669798936 ], [ 17.00741678615617, 52.497815494027037 ], [ 17.007162284985245, 52.497938499102709 ], [ 17.007176886343849, 52.498061931351067 ], [ 17.007393177141712, 52.498188761289335 ], [ 17.007555685188805, 52.498314684920722 ], [ 17.007601305197628, 52.498496126483701 ], [ 17.007757648507727, 52.498609627360622 ], [ 17.008061068203705, 52.49844638270315 ], [ 17.008287750467726, 52.498343438333293 ], [ 17.008519346537035, 52.498429461805159 ], [ 17.00847158981637, 52.49859290607025 ], [ 17.00846305834224, 52.498781647967419 ], [ 17.008679217873546, 52.499060402936436 ], [ 17.008894219881554, 52.499215951796877 ], [ 17.009171771371726, 52.49932738471108 ], [ 17.009414039929297, 52.499475179081209 ], [ 17.009541644844045, 52.499629255973197 ], [ 17.009549344710798, 52.49975667792247 ], [ 17.009206508798979, 52.499898732004915 ], [ 17.008881382282862, 52.499946640456443 ], [ 17.008530103922208, 52.499977682918583 ], [ 17.008525096226165, 52.500088466184764 ], [ 17.008632529831868, 52.500242204458978 ], [ 17.008647692289866, 52.500353327276841 ], [ 17.008443071192833, 52.500563405157223 ], [ 17.008335172315764, 52.500717624350379 ], [ 17.008536177811767, 52.500885256734541 ], [ 17.008835392603633, 52.500964205403157 ], [ 17.00879811368177, 52.501193525406229 ], [ 17.008384830350053, 52.501256373403471 ], [ 17.008212803239275, 52.501191883866447 ], [ 17.00821646817116, 52.500961998042285 ], [ 17.008161337320541, 52.50084198976414 ], [ 17.007937937024384, 52.50072325407362 ], [ 17.007759374834251, 52.500654547593307 ], [ 17.008006981403536, 52.500535531288641 ], [ 17.008219486014198, 52.500448773082894 ], [ 17.008374262256805, 52.5002994494657 ], [ 17.008402036996625, 52.500131562635609 ], [ 17.008145394298033, 52.500004055200648 ], [ 17.007840391685672, 52.499904476212251 ], [ 17.00761287148454, 52.499728183567221 ], [ 17.007290157203091, 52.499722747581373 ], [ 17.006882680826685, 52.499806219122618 ], [ 17.006727901357838, 52.499955540766813 ], [ 17.006657553007486, 52.500171984331729 ], [ 17.006337884403514, 52.500396544721063 ], [ 17.005943289548799, 52.500492548798242 ], [ 17.005604522916052, 52.500544324562178 ], [ 17.005432946061063, 52.500767273080037 ], [ 17.005368198739319, 52.501008447592952 ], [ 17.005413069137894, 52.501206302161087 ], [ 17.005558755592904, 52.501258033067202 ], [ 17.005625804249043, 52.501263269719317 ], [ 17.005515107397976, 52.501479032341756 ], [ 17.005310837696413, 52.501680898415266 ], [ 17.005197873692037, 52.501798073537167 ], [ 17.005182232071594, 52.501994907722505 ], [ 17.005267037222044, 52.502053824698471 ], [ 17.005578735907992, 52.502005699673113 ], [ 17.00574682478182, 52.502008533541847 ], [ 17.005986644168132, 52.502061850807976 ], [ 17.005932335917748, 52.502221077407576 ], [ 17.005862314036818, 52.502281490127082 ], [ 17.00565670532264, 52.502364254219337 ], [ 17.005423272479678, 52.502467079845154 ], [ 17.005239876717635, 52.502505049481982 ], [ 17.005064504946283, 52.502514410706013 ], [ 17.004991508347281, 52.502640472065607 ], [ 17.004988180745677, 52.502788239399187 ], [ 17.004966633148968, 52.502892584276367 ], [ 17.004893618675009, 52.502944733548375 ], [ 17.004778834520895, 52.502879151367601 ], [ 17.004778336415278, 52.502741585027863 ], [ 17.00480209758058, 52.502514091297989 ], [ 17.004804074468236, 52.502173309428308 ], [ 17.004929769057735, 52.501775074165913 ], [ 17.00492330722113, 52.501694894133287 ], [ 17.004377850981896, 52.501630259589199 ], [ 17.003918129168731, 52.501158501494508 ], [ 17.003207472094118, 52.500507992003406 ], [ 17.003037287608912, 52.500254640311859 ], [ 17.002791089848287, 52.499971261500285 ], [ 17.002667759395944, 52.499574982935513 ], [ 17.002498113399653, 52.499161497258164 ], [ 17.002312605879155, 52.498801124163421 ], [ 17.00211928695667, 52.498613079685029 ], [ 17.001775434772608, 52.498332155380943 ], [ 17.001754660019913, 52.498048475813526 ], [ 17.001978142393725, 52.497719647732396 ], [ 17.002264384889127, 52.497490428286746 ], [ 17.002332331747695, 52.497327327329224 ], [ 17.002251632294978, 52.497178140789586 ], [ 17.001950011930116, 52.497004691633897 ], [ 17.001513938971318, 52.496828970150482 ], [ 17.001199436862898, 52.496642982752846 ], [ 17.001095016028248, 52.496423588899454 ], [ 17.001041005307421, 52.496131135004852 ], [ 17.001083180800403, 52.495942961909137 ], [ 17.001078254361435, 52.495458345420381 ], [ 17.001086258038605, 52.495281913470876 ], [ 17.00139809899305, 52.495229695909096 ], [ 17.001614731353143, 52.495348330027525 ], [ 17.001526431363633, 52.495515192959694 ], [ 17.001304795921794, 52.495655165619326 ], [ 17.001266924743216, 52.495896792303405 ], [ 17.001392443716956, 52.496096011442766 ], [ 17.001569465361584, 52.496049727782683 ], [ 17.001711222639518, 52.496187627712821 ], [ 17.001799013345817, 52.496328722034995 ], [ 17.002037680708341, 52.496406665419578 ], [ 17.00210211690688, 52.496469346979538 ], [ 17.002084020358417, 52.496571696638867 ], [ 17.002104213577926, 52.496719861365101 ], [ 17.002317108770292, 52.496772731586063 ], [ 17.00251374240441, 52.496739096357018 ], [ 17.002884767198495, 52.496568794086869 ], [ 17.003120591558346, 52.496412633173513 ], [ 17.003451275275268, 52.496241648116623 ], [ 17.003517170696956, 52.496123680197769 ], [ 17.00337726713428, 52.495944751637296 ], [ 17.003203007979135, 52.495781667791306 ], [ 17.003182439528679, 52.495641709345279 ], [ 17.00329297556446, 52.495577875891108 ], [ 17.003573092496623, 52.495631878599518 ], [ 17.003906061442919, 52.495707303600419 ], [ 17.003977065582657, 52.495721724145923 ], [ 17.004192716734966, 52.495765521376597 ], [ 17.004397958215158, 52.495838789791271 ], [ 17.004539723775085, 52.495976686417407 ], [ 17.004533963510983, 52.496103881796991 ], [ 17.004413360349631, 52.496241458367834 ], [ 17.004177355584421, 52.496401724993248 ], [ 17.003850205177773, 52.496494753672565 ], [ 17.003751811790831, 52.496587536055173 ], [ 17.003715997935537, 52.496784029796387 ], [ 17.003746296171418, 52.497006276541534 ], [ 17.003832236115937, 52.497188400158002 ], [ 17.0038371617194, 52.497525192588185 ], [ 17.00381234581587, 52.497627429078364 ], [ 17.003719185430732, 52.497753149433883 ], [ 17.003600434240109, 52.497849694336018 ], [ 17.003336753182744, 52.497878093463925 ], [ 17.003173357724911, 52.497920503609663 ], [ 17.003127441429733, 52.498042914819266 ], [ 17.003259111024512, 52.498106730682125 ], [ 17.00354801200092, 52.498115713276867 ], [ 17.003776964217547, 52.498111364857493 ], [ 17.003999936962735, 52.498090490255322 ], [ 17.004164075742633, 52.498031666669505 ], [ 17.004276474990053, 52.497926801620089 ], [ 17.004404582288299, 52.497920750521395 ], [ 17.004610577359589, 52.497977606344243 ], [ 17.004833363272898, 52.497960833235695 ], [ 17.004936622570355, 52.497909194136192 ], [ 17.004797856556483, 52.497853472875271 ], [ 17.004611844716223, 52.497801060682676 ], [ 17.004609209845579, 52.497710679608062 ], [ 17.004822636205233, 52.497603412016574 ], [ 17.005048392594723, 52.497520989256344 ], [ 17.005295802745817, 52.497406081542451 ], [ 17.005576640061648, 52.49729584314219 ], [ 17.005695199734667, 52.497203399268443 ], [ 17.005782559044739, 52.497057048541777 ], [ 17.005819663862013, 52.496831832538241 ], [ 17.005891348183837, 52.496734491989102 ], [ 17.006090431300901, 52.49679533495506 ], [ 17.006253858848719, 52.496900744914036 ], [ 17.006470512616403, 52.497019370318803 ], [ 17.006553268137402, 52.497123420231553 ], [ 17.006574404777744, 52.49725106892852 ], [ 17.006451762592498, 52.497433781473212 ], [ 17.006261890496212, 52.497615360753088 ], [ 17.006110644758643, 52.497686723182106 ], [ 17.005700176644282, 52.497688015936241 ], [ 17.005578050144159, 52.49771059411291 ], [ 17.005459117353318, 52.49781124400139 ], [ 17.005325066370641, 52.497948594725344 ], [ 17.004977180525231, 52.498053595533875 ], [ 17.004692401121762, 52.498102172895152 ], [ 17.004668887557369, 52.498175688042707 ], [ 17.004643701532437, 52.498286130863249 ], [ 17.004521572853882, 52.498308707925077 ], [ 17.00420670772122, 52.498278758597273 ], [ 17.004057129294491, 52.49831319066935 ], [ 17.004045015901536, 52.498432066372189 ], [ 17.00430966145349, 52.498530974432157 ], [ 17.0045169600671, 52.498559108917341 ], [ 17.004850847571927, 52.498466191958727 ], [ 17.00506204768369, 52.498408160892033 ], [ 17.005201744614833, 52.498443366475101 ], [ 17.005331932396839, 52.498540004682695 ], [ 17.005426462303028, 52.498681209789666 ], [ 17.005586701025099, 52.498708548861465 ], [ 17.005715367626557, 52.498690187131743 ], [ 17.005643865351704, 52.498783424430698 ], [ 17.005432664166431, 52.49884145652252 ], [ 17.005261208124747, 52.498764653573936 ], [ 17.005110293381584, 52.498679984374384 ], [ 17.004896676623272, 52.498791355497296 ], [ 17.004686961009426, 52.498816561643252 ], [ 17.004516993071331, 52.498706933028622 ], [ 17.004311366447105, 52.498641870867935 ], [ 17.004271617977476, 52.498776705180831 ], [ 17.004276142914527, 52.498973879596839 ], [ 17.00430232408074, 52.499138569700214 ], [ 17.004446395223606, 52.499522877762324 ], [ 17.004633004868669, 52.499710805138854 ], [ 17.004815122640892, 52.499849381934133 ], [ 17.004981159421433, 52.499897350633859 ], [ 17.005409960176284, 52.499937431441836 ], [ 17.0057165920262, 52.499852264831503 ], [ 17.005890615560791, 52.499723799943162 ], [ 17.006050039444968, 52.499471902456584 ], [ 17.006232269073148, 52.499310725734347 ], [ 17.00649744226849, 52.499249495589531 ], [ 17.006715593160934, 52.499335295985823 ], [ 17.007175180266891, 52.499289658832659 ], [ 17.007434185642033, 52.499216004064429 ], [ 17.007572359451135, 52.499136207343724 ], [ 17.007587061293034, 52.498959888048091 ], [ 17.007366084396175, 52.498787811282938 ], [ 17.007104028584273, 52.498631466843257 ], [ 17.006809473246832, 52.498449936936041 ], [ 17.006643956554818, 52.498241837395852 ], [ 17.006603764237603, 52.498089230357074 ] ], [ [ 17.010206651135068, 52.499123829625276 ], [ 17.010230089261199, 52.499165425574851 ], [ 17.010215846209835, 52.499293941271361 ], [ 17.010097558397455, 52.499297101673605 ], [ 17.009963800230253, 52.499269100426147 ], [ 17.009959784303806, 52.499171178846183 ], [ 17.010055563561348, 52.49910583739517 ], [ 17.010156985880812, 52.499102393331874 ], [ 17.010206651135068, 52.499123829625276 ] ], [ [ 17.010698328872206, 52.499822227525982 ], [ 17.010818244566263, 52.499783042415636 ], [ 17.011176201162812, 52.499892065502351 ], [ 17.011282108719911, 52.499976249440699 ], [ 17.011427857202616, 52.500112605144565 ], [ 17.011524868503674, 52.500206939720613 ], [ 17.011505448006574, 52.500263265563824 ], [ 17.011378492633295, 52.500271431770315 ], [ 17.011153364746541, 52.50021099456378 ], [ 17.010885308920365, 52.499979878145432 ], [ 17.010771201840132, 52.49989040574949 ], [ 17.010698328872206, 52.499822227525982 ] ], [ [ 17.010807175253444, 52.502831780119912 ], [ 17.010809731467027, 52.50277517081588 ], [ 17.010894760553413, 52.502761149983144 ], [ 17.01099479708417, 52.502788583090918 ], [ 17.011044931574659, 52.502799726462946 ], [ 17.011119668665199, 52.502826734084216 ], [ 17.011091116136871, 52.502898356934544 ], [ 17.010963223627716, 52.502927107819872 ], [ 17.010846552743448, 52.502894244768754 ], [ 17.010807175253444, 52.502831780119912 ] ], [ [ 17.009891087722806, 52.50187301726973 ], [ 17.010188087753818, 52.50200119962971 ], [ 17.010386829983645, 52.50207024178161 ], [ 17.010632823298465, 52.502135972034708 ], [ 17.010792707401514, 52.502171510371106 ], [ 17.010901635978414, 52.502292421957293 ], [ 17.010869183474661, 52.502415062368755 ], [ 17.010696275133604, 52.502518916039328 ], [ 17.010398395978836, 52.502559074565575 ], [ 17.009772624577117, 52.502261113647741 ], [ 17.009433379318629, 52.502025458063315 ], [ 17.00931643402879, 52.501933153611773 ], [ 17.009158591692774, 52.501852479372616 ], [ 17.008928968870887, 52.501573498901642 ], [ 17.008954146276047, 52.501463055138764 ], [ 17.009131738263999, 52.501404451083147 ], [ 17.009247149857, 52.501381756184195 ], [ 17.009432811621071, 52.501442367432368 ], [ 17.009561905191816, 52.501563619629401 ], [ 17.009706906488155, 52.501779582035653 ], [ 17.009891087722806, 52.50187301726973 ] ], [ [ 17.008699676222303, 52.502329287221237 ], [ 17.00884017589258, 52.502198200596339 ], [ 17.009046358243104, 52.502177033738967 ], [ 17.009155999578997, 52.502207622460553 ], [ 17.009261747317819, 52.502324375850051 ], [ 17.009317717285061, 52.502425919756028 ], [ 17.009467979363475, 52.502451032448334 ], [ 17.009587799838467, 52.502479738944125 ], [ 17.009584487678275, 52.502627506563712 ], [ 17.009619546169784, 52.502745123271097 ], [ 17.009793342423315, 52.502770631517791 ], [ 17.009981513037079, 52.502775850304857 ], [ 17.010142047584687, 52.502797028734719 ], [ 17.010248329390734, 52.502827559912838 ], [ 17.010303442272502, 52.502873655160663 ], [ 17.010279948833482, 52.502890597131142 ], [ 17.010178245517473, 52.502963938871773 ], [ 17.009937514563084, 52.503005057533557 ], [ 17.009555838180965, 52.502963733233408 ], [ 17.009326465792761, 52.502902386674258 ], [ 17.009207756908079, 52.502849061404056 ], [ 17.009162335780552, 52.502737429477044 ], [ 17.009220297261095, 52.502646015335444 ], [ 17.009240444011187, 52.502572442707859 ], [ 17.009105112426674, 52.502514731376031 ], [ 17.008915435752407, 52.502468423789502 ], [ 17.008732297647388, 52.502426332166365 ], [ 17.008699676222303, 52.502329287221237 ] ], [ [ 17.007880237702597, 52.50148982244464 ], [ 17.007794279282624, 52.501524426296413 ], [ 17.007693549459404, 52.501512429400023 ], [ 17.007629809842783, 52.501428952478314 ], [ 17.007641501142519, 52.501357046428247 ], [ 17.007836854372886, 52.501329435275174 ], [ 17.007883961117066, 52.501407481766108 ], [ 17.007880237702597, 52.50148982244464 ] ], [ [ 17.006898241295946, 52.5013702766419 ], [ 17.007026364606396, 52.501336383836112 ], [ 17.007124765820738, 52.501399844196264 ], [ 17.007103476714803, 52.501497339564793 ], [ 17.00695895275631, 52.501520655707388 ], [ 17.006842754331863, 52.501477496187817 ], [ 17.006898241295946, 52.5013702766419 ] ], [ [ 17.007002540834343, 52.500743708017445 ], [ 17.007126471912009, 52.500802448308214 ], [ 17.007125540726605, 52.50082303347061 ], [ 17.007080117480523, 52.500894371184962 ], [ 17.006961359593905, 52.500907820985653 ], [ 17.006820330000966, 52.500853942631757 ], [ 17.006858019308776, 52.500767024063542 ], [ 17.007002540834343, 52.500743708017445 ] ], [ [ 17.003315215783317, 52.494493184572583 ], [ 17.002981141318479, 52.494442376439167 ], [ 17.003036751458577, 52.494254429487725 ], [ 17.003465123671699, 52.494302722967092 ], [ 17.003315215783317, 52.494493184572583 ] ], [ [ 17.004174228759723, 52.494688355292595 ], [ 17.004104705023245, 52.494830680504677 ], [ 17.004092662258945, 52.494855333696073 ], [ 17.003990555958353, 52.495030177868856 ], [ 17.003880022310931, 52.495094012004245 ], [ 17.003669921558679, 52.494979598514632 ], [ 17.003541606780043, 52.494841927812857 ], [ 17.003507406845788, 52.494705845541773 ], [ 17.003541918411408, 52.494538073318289 ], [ 17.00363882044061, 52.494478115643716 ], [ 17.003854866548739, 52.494461230737748 ], [ 17.004121532331023, 52.494515005199908 ], [ 17.004186154667671, 52.494573582568627 ], [ 17.004174228759723, 52.494688355292595 ] ], [ [ 17.005336503427799, 52.494872209231353 ], [ 17.005454536261976, 52.494939898973684 ], [ 17.005639794330868, 52.495008722075831 ], [ 17.005717678709342, 52.495071628401291 ], [ 17.005687446094015, 52.495145030478469 ], [ 17.005352842709936, 52.495254362433101 ], [ 17.005271615205046, 52.495265311296215 ], [ 17.005175270854362, 52.495312961069253 ], [ 17.005052779190802, 52.495343744932377 ], [ 17.004960927722923, 52.49544074484637 ], [ 17.004635086718924, 52.495505054253101 ], [ 17.004561476752151, 52.495347776449762 ], [ 17.004839515879599, 52.495299085815432 ], [ 17.005015044695117, 52.4952856215506 ], [ 17.005052186806175, 52.495208229959879 ], [ 17.005062438768739, 52.495130384844089 ], [ 17.00502377561951, 52.495092776858328 ], [ 17.004829566330592, 52.495073076345228 ], [ 17.00468185727075, 52.495066478557838 ], [ 17.00458904300794, 52.495036169376341 ], [ 17.00457259164245, 52.494953767607242 ], [ 17.004665743478427, 52.494828046440254 ], [ 17.004899880191235, 52.494708809484692 ], [ 17.005111805106985, 52.494634365799186 ], [ 17.005274815026858, 52.494600158972901 ], [ 17.005396004384203, 52.494598096413533 ], [ 17.005481167287336, 52.494648807006975 ], [ 17.00546345087491, 52.494742951138527 ], [ 17.005345826137958, 52.494814879479186 ], [ 17.005336503427799, 52.494872209231353 ] ], [ [ 16.9709996711175, 52.507638113127491 ], [ 16.970963428438463, 52.507508735576238 ], [ 16.970911029463, 52.507363630178901 ], [ 16.970942020922692, 52.507240556065327 ], [ 16.971013284772337, 52.507159374585711 ], [ 16.971125058054842, 52.507114939497271 ], [ 16.971173664670186, 52.507342383552839 ], [ 16.971326223756613, 52.50769521597573 ], [ 16.97127694284508, 52.507848877944497 ], [ 16.971303330469066, 52.508008987797602 ], [ 16.971230880482207, 52.508115900287095 ], [ 16.971079779443727, 52.508097858148275 ], [ 16.970977960937077, 52.507926154014505 ], [ 16.970992795968527, 52.507787352072469 ], [ 16.9709996711175, 52.507638113127491 ] ], [ [ 16.97915243074009, 52.496399510345846 ], [ 16.979006793828056, 52.496400140334501 ], [ 16.978923421773132, 52.497119231374249 ], [ 16.978743610983418, 52.497105145236105 ], [ 16.97861650504564, 52.497780917512749 ], [ 16.978572792614994, 52.49818188907156 ], [ 16.978164034783884, 52.498262457083179 ], [ 16.978167479810601, 52.497819595476706 ], [ 16.977831597520144, 52.497857762122891 ], [ 16.977585389156175, 52.497914128101492 ], [ 16.977357717282544, 52.497959796848235 ], [ 16.976939699294888, 52.498024237200262 ], [ 16.977150382755237, 52.496566021372409 ], [ 16.977247042508097, 52.495896968947214 ], [ 16.978722363184112, 52.496008096182507 ], [ 16.978736639531963, 52.495897983041068 ], [ 16.979274381403847, 52.495948372741246 ], [ 16.97915243074009, 52.496399510345846 ] ], [ [ 16.971826136682001, 52.507310524842048 ], [ 16.971918255173488, 52.507239310594237 ], [ 16.972185496265848, 52.507315480810036 ], [ 16.972207229734259, 52.507431497023056 ], [ 16.972046360882384, 52.507721806582119 ], [ 16.971693320876547, 52.507646918429977 ], [ 16.971759792389033, 52.507477346035216 ], [ 16.971826136682001, 52.507310524842048 ] ], [ [ 16.970902525608864, 52.506632150609626 ], [ 16.970955397893064, 52.506766963676142 ], [ 16.970925118065875, 52.506874599293226 ], [ 16.970814293557424, 52.506898449516008 ], [ 16.970556403222083, 52.506816771973767 ], [ 16.970529070435958, 52.50667724663807 ], [ 16.970677185989317, 52.506576782835523 ], [ 16.970902525608864, 52.506632150609626 ] ], [ [ 16.982835172194157, 52.485447677775973 ], [ 16.982886648203696, 52.485645654826776 ], [ 16.982918524936512, 52.485830978899038 ], [ 16.982879287107885, 52.485953496665999 ], [ 16.982630570370006, 52.4860970789588 ], [ 16.982376070014571, 52.486220030915476 ], [ 16.982027431939468, 52.48648920055539 ], [ 16.981814715154062, 52.486727838712802 ], [ 16.981663613798752, 52.486942890576515 ], [ 16.981489759978395, 52.487067216852608 ], [ 16.981321542645851, 52.487068452121221 ], [ 16.981435137782352, 52.486791167099021 ], [ 16.981660923358469, 52.486560965093012 ], [ 16.981856065081161, 52.486412364424325 ], [ 16.982031793685849, 52.486247007289862 ], [ 16.982172037520282, 52.486122106831118 ], [ 16.982327788544975, 52.485952302201014 ], [ 16.982242857089968, 52.485897472276712 ], [ 16.981942478383143, 52.485847178850761 ], [ 16.981616719475319, 52.485763601675018 ], [ 16.981405781927908, 52.485669664629761 ], [ 16.98120565636118, 52.485633399011185 ], [ 16.980990021934318, 52.485642036868462 ], [ 16.9805632181045, 52.485708662442029 ], [ 16.980149666957612, 52.485779619044287 ], [ 16.979988035610955, 52.485637246676717 ], [ 16.980128471199858, 52.485508245645391 ], [ 16.980494597385785, 52.48544469182918 ], [ 16.980717327764602, 52.485427963564639 ], [ 16.981025926532251, 52.485445550591841 ], [ 16.981214112538979, 52.485448762864323 ], [ 16.981423400846406, 52.485431803829442 ], [ 16.981538826803288, 52.485261311978228 ], [ 16.981692698442121, 52.485132538422718 ], [ 16.981932625506552, 52.485033976683781 ], [ 16.982150698528688, 52.484971997708143 ], [ 16.98246601564648, 52.484989695617159 ], [ 16.982738191289055, 52.485068250352732 ], [ 16.982948190142817, 52.485182700180815 ], [ 16.982969253505416, 52.485310352591235 ], [ 16.982835172194157, 52.485447677775973 ] ], [ [ 16.981720725373751, 52.490249380943297 ], [ 16.981524293814839, 52.490278878748462 ], [ 16.981474654773685, 52.490187694565847 ], [ 16.981344168337845, 52.490099236793363 ], [ 16.981076806485831, 52.490061823578401 ], [ 16.980748010535617, 52.490043892116404 ], [ 16.980271339163487, 52.490023434693569 ], [ 16.979880732837117, 52.490033188935648 ], [ 16.979582021797359, 52.489945962122022 ], [ 16.979350339777316, 52.489863985913807 ], [ 16.979104462905813, 52.489798191638862 ], [ 16.978742814666539, 52.489763268332155 ], [ 16.978293410193132, 52.489735056404086 ], [ 16.978321911636041, 52.489646100792768 ], [ 16.978348365991302, 52.489563533986619 ], [ 16.978679038985263, 52.489540441912169 ], [ 16.978861273295923, 52.489527131166042 ], [ 16.979228136240096, 52.489594993072373 ], [ 16.979449383202059, 52.489611091565969 ], [ 16.979684637710793, 52.489615110215532 ], [ 16.979952559775779, 52.489640217482687 ], [ 16.980138507049336, 52.489692667879488 ], [ 16.980345371609882, 52.489729050231944 ], [ 16.980627489940446, 52.489737973446246 ], [ 16.980998868622486, 52.489707357388632 ], [ 16.981323383731169, 52.489671834113736 ], [ 16.981599532008087, 52.489664228196133 ], [ 16.981725175068199, 52.489711540750513 ], [ 16.98186910434406, 52.489800227481183 ], [ 16.981993620856958, 52.489872157901686 ], [ 16.982158843201184, 52.489936570182756 ], [ 16.982417793161808, 52.490010793526096 ], [ 16.982717825082787, 52.490069292054734 ], [ 16.983020111150406, 52.49007855350726 ], [ 16.98338326766271, 52.490080639570941 ], [ 16.983555553416199, 52.490284782079833 ], [ 16.983032201690509, 52.490255327530356 ], [ 16.982516323690337, 52.490209573222067 ], [ 16.982032739989471, 52.490193111245453 ], [ 16.981720725373751, 52.490249380943297 ] ], [ [ 16.997797559891477, 52.503251886431613 ], [ 16.99767037847948, 52.503385238706016 ], [ 16.997526382352927, 52.503444394403907 ], [ 16.99734501938396, 52.503289394331993 ], [ 16.996946253528005, 52.503032163816805 ], [ 16.996630234670317, 52.502878988626478 ], [ 16.996325425778945, 52.502775277001682 ], [ 16.996219193377197, 52.502711471882058 ], [ 16.996135479754223, 52.502661191756253 ], [ 16.996115491091267, 52.502508923273908 ], [ 16.996164417976264, 52.502320866292493 ], [ 16.996017615319289, 52.502145918462709 ], [ 16.995889864383827, 52.501995930494715 ], [ 16.995747357328725, 52.501726612169392 ], [ 16.995587855321133, 52.501387200040107 ], [ 16.995303974367573, 52.501119591716581 ], [ 16.99508490273648, 52.500906461938897 ], [ 16.994957137402078, 52.500801524298829 ], [ 16.994349511918184, 52.500801523859735 ], [ 16.993634140626209, 52.500573082998628 ], [ 16.992832105831745, 52.500394669505418 ], [ 16.992216533232885, 52.500198814665019 ], [ 16.991688576134035, 52.499932340975029 ], [ 16.991160625442149, 52.499665864981132 ], [ 16.990661716804226, 52.499502884445725 ], [ 16.990181554863092, 52.499299018477657 ], [ 16.989636286564309, 52.499042541750079 ], [ 16.98912757249661, 52.498724881127487 ], [ 16.988649775547273, 52.498469546717011 ], [ 16.988531775607342, 52.49809672367256 ], [ 16.988619907253259, 52.497645002084212 ], [ 16.988508018029737, 52.4971383768696 ], [ 16.989206018546781, 52.497006038055552 ], [ 16.98998457833795, 52.496957467775346 ], [ 16.990373388201647, 52.496943473189617 ], [ 16.990811851029708, 52.496950921648285 ], [ 16.990653110736879, 52.496725045564588 ], [ 16.99024304158516, 52.496570255000577 ], [ 16.989919620911088, 52.496433360360854 ], [ 16.989675376076672, 52.496330660248354 ], [ 16.989485287678161, 52.49622066769696 ], [ 16.989354767383162, 52.496132218507327 ], [ 16.98923022123007, 52.496060295610697 ], [ 16.989069628333063, 52.496041140643733 ], [ 16.988944521109396, 52.495981526566183 ], [ 16.988855461572786, 52.495869144378872 ], [ 16.98875705800554, 52.495814090344865 ], [ 16.988557254807073, 52.495769630627763 ], [ 16.988281443654575, 52.495769046339021 ], [ 16.987717054598313, 52.495823252490524 ], [ 16.987700307980514, 52.49582486085847 ], [ 16.987361369944999, 52.495880687591601 ], [ 16.987329443958838, 52.495843188356922 ], [ 16.987174939402145, 52.495576010855402 ], [ 16.986471604671074, 52.495660233564983 ], [ 16.986626788182104, 52.496147409438855 ], [ 16.986657608999181, 52.496231738315366 ], [ 16.986844852932879, 52.496214345360968 ], [ 16.987425805036565, 52.496198455328326 ], [ 16.987638449628765, 52.496198312296208 ], [ 16.987822398267351, 52.49619818825758 ], [ 16.98778432362959, 52.496412760989003 ], [ 16.987700710107756, 52.496395887871998 ], [ 16.987712168224604, 52.496514538127997 ], [ 16.987526431837686, 52.496516528447053 ], [ 16.987510303152504, 52.496315394994745 ], [ 16.987444023711248, 52.49628851614802 ], [ 16.987184721348704, 52.496423160255951 ], [ 16.98687976371021, 52.496448871920116 ], [ 16.986601277116254, 52.496449282217249 ], [ 16.986500329950236, 52.496442413667864 ], [ 16.986503049389977, 52.496936882277552 ], [ 16.985835513723117, 52.49695641881879 ], [ 16.985849121130926, 52.496843345400912 ], [ 16.985475292656151, 52.496898782125832 ], [ 16.985480469045402, 52.496785565154212 ], [ 16.985141780323641, 52.49681069788155 ], [ 16.985153036182606, 52.496749086808911 ], [ 16.98451946601924, 52.496764044224122 ], [ 16.984490959926301, 52.496464844920439 ], [ 16.984389690505711, 52.496339755646176 ], [ 16.983986501953765, 52.496218936794058 ], [ 16.983800446870656, 52.496094631953532 ], [ 16.983927216862263, 52.496007482325147 ], [ 16.983983540503878, 52.495916052245711 ], [ 16.983939966771292, 52.495851165855711 ], [ 16.983540333488619, 52.495910053381287 ], [ 16.983121282779692, 52.495952183575859 ], [ 16.982722211093467, 52.495998759248117 ], [ 16.982372450982925, 52.495996900004677 ], [ 16.981954338025478, 52.496018510941148 ], [ 16.981715102292473, 52.496100659872262 ], [ 16.981517892705895, 52.49614656945343 ], [ 16.981254584938128, 52.496166713283941 ], [ 16.981032364354874, 52.496171132934222 ], [ 16.980857577721501, 52.496168149428151 ], [ 16.98080417327483, 52.496159025340262 ], [ 16.980034521111421, 52.495336957580868 ], [ 16.980661494320998, 52.495602248989698 ], [ 16.981277142566153, 52.495674351077291 ], [ 16.982084217336979, 52.49567990996097 ], [ 16.982722290832871, 52.495703112358235 ], [ 16.98317326177326, 52.495698483884659 ], [ 16.98361399715597, 52.495713415125877 ], [ 16.983571599449551, 52.494795950363923 ], [ 16.983934861648954, 52.494786691778828 ], [ 16.98396896934981, 52.495147789628561 ], [ 16.984196387122612, 52.495156815752843 ], [ 16.984328746410974, 52.495030315467908 ], [ 16.984417770171291, 52.494928827775688 ], [ 16.984553381277561, 52.494915687836524 ], [ 16.984634166266854, 52.494994317841623 ], [ 16.984572320690592, 52.495055066900321 ], [ 16.984721500220598, 52.495114261248979 ], [ 16.984839071877442, 52.495126564803442 ], [ 16.984982151389506, 52.495113589274197 ], [ 16.985037234572484, 52.495037236434776 ], [ 16.985255083205946, 52.494886440235106 ], [ 16.985446694656858, 52.494755797723201 ], [ 16.985639951737827, 52.494589131287626 ], [ 16.985779560478246, 52.494488504040142 ], [ 16.985833641045005, 52.494597579882225 ], [ 16.986212482769059, 52.495170556059662 ], [ 16.985458736989571, 52.495415232846959 ], [ 16.985297359006108, 52.495438235424395 ], [ 16.985309986960569, 52.495531154730912 ], [ 16.985289829383206, 52.495602914674187 ], [ 16.985360311473716, 52.495792599778028 ], [ 16.986086921551561, 52.4956865343676 ], [ 16.986037929943421, 52.495605279305572 ], [ 16.98603350515215, 52.495525867123291 ], [ 16.986189442020603, 52.495462822495874 ], [ 16.986401059589483, 52.495437296605544 ], [ 16.986719453004206, 52.49538933540213 ], [ 16.986897986226015, 52.495310249559381 ], [ 16.987040682651092, 52.49513200422674 ], [ 16.98730156999175, 52.495017363249282 ], [ 16.987651346178417, 52.494871384207585 ], [ 16.988020912490882, 52.494733953217235 ], [ 16.988443880742153, 52.494605641707629 ], [ 16.988818666594479, 52.494501146795976 ], [ 16.989001480569755, 52.494475511495516 ], [ 16.989013595853088, 52.494652285035649 ], [ 16.989213581728613, 52.494692640904361 ], [ 16.989542790796577, 52.494702343120906 ], [ 16.989728209535983, 52.494767087847578 ], [ 16.989768340528034, 52.494919700083798 ], [ 16.989640972580769, 52.495057146939956 ], [ 16.989682039467187, 52.4951892439978 ], [ 16.989748686162269, 52.495350519320333 ], [ 16.989769826191772, 52.495421710913476 ], [ 16.989800582073517, 52.495503331472776 ], [ 16.990007841139747, 52.495679314861661 ], [ 16.990144896834749, 52.495771980604765 ], [ 16.990288675660171, 52.495864760412587 ], [ 16.990460468117316, 52.495933378641709 ], [ 16.990672783682982, 52.495998578774852 ], [ 16.990924687083115, 52.496080875808381 ], [ 16.991149513956657, 52.496166818677985 ], [ 16.991280599159325, 52.496242956793537 ], [ 16.991308413761057, 52.496370721951159 ], [ 16.991522405571892, 52.496546816924763 ], [ 16.991624918651436, 52.496659425462859 ], [ 16.991677942136711, 52.496824574508082 ], [ 16.991805290075831, 52.496982772943539 ], [ 16.992021904626533, 52.497101424425615 ], [ 16.992186046997794, 52.497190441311304 ], [ 16.992354490048182, 52.497185087930234 ], [ 16.992544222991736, 52.497155458313571 ], [ 16.992651226387881, 52.497169592887538 ], [ 16.992824329935715, 52.497357310185564 ], [ 16.992853831849711, 52.497448147590724 ], [ 16.993009946098319, 52.497565770608006 ], [ 16.993287450707289, 52.497529416555672 ], [ 16.993555749564329, 52.49747646816553 ], [ 16.993662562988057, 52.497169266371031 ], [ 16.994037555625702, 52.497088072428646 ], [ 16.994591024271724, 52.497164410058424 ], [ 16.99503347309582, 52.497269764695098 ], [ 16.99541643121437, 52.497384409948076 ], [ 16.995956101291767, 52.49794977857983 ], [ 16.996250071331982, 52.498351325893573 ], [ 16.995734970707293, 52.498603611372815 ], [ 16.99581713188655, 52.498713832915435 ], [ 16.995999590783946, 52.498844216880798 ], [ 16.996146569334172, 52.499015061660891 ], [ 16.996289065170892, 52.499136555734779 ], [ 16.996416622853687, 52.499290646325051 ], [ 16.996463690490394, 52.499439267273608 ], [ 16.996501609654377, 52.499641114035938 ], [ 16.99649060093493, 52.499883194224523 ], [ 16.996543646274208, 52.500048341224314 ], [ 16.996726499339196, 52.500466165633853 ], [ 16.996905610075281, 52.50067040323971 ], [ 16.997043636192686, 52.500890369753485 ], [ 16.997216399763587, 52.501086286954255 ], [ 16.997345271814883, 52.501211655199178 ], [ 16.997473025544995, 52.501361641640834 ], [ 16.99758172879114, 52.50148666817843 ], [ 16.997651397186946, 52.501547235753264 ], [ 16.997788860333554, 52.501666741411121 ], [ 16.997908961017036, 52.501837128876993 ], [ 16.997837820308686, 52.502069978892159 ], [ 16.997681323886749, 52.502256215758692 ], [ 16.997712536951656, 52.502605772105888 ], [ 16.997762979019804, 52.502828361335766 ], [ 16.997812302639609, 52.50307556887158 ], [ 16.997797559891477, 52.503251886431613 ] ], [ [ 16.984002345639041, 52.496822728673123 ], [ 16.983850614729125, 52.497072701124203 ], [ 16.983793096754003, 52.497184703067241 ], [ 16.983621711723657, 52.49713943596084 ], [ 16.983416205058557, 52.497085156022933 ], [ 16.983541129307341, 52.496752520453285 ], [ 16.983968330896808, 52.496821605152789 ], [ 16.984002345639041, 52.496822728673123 ] ], [ [ 16.981098367862025, 52.497761500816381 ], [ 16.980506237298695, 52.49705611095613 ], [ 16.981060444945729, 52.496931665482066 ], [ 16.981779299522291, 52.497634064542041 ], [ 16.981098367862025, 52.497761500816381 ] ], [ [ 16.983214998942216, 52.491699730729387 ], [ 16.983033170778686, 52.491557018495349 ], [ 16.982876728772212, 52.491447588730935 ], [ 16.98401212396584, 52.491627088988892 ], [ 16.984945051645987, 52.492998041023391 ], [ 16.985330837324351, 52.492947125510064 ], [ 16.985756619832515, 52.493640116644258 ], [ 16.985092216484272, 52.493751987340389 ], [ 16.984983224317112, 52.49348733220198 ], [ 16.984061876812934, 52.493627669423233 ], [ 16.983875228902114, 52.493295990038263 ], [ 16.984363539367564, 52.49320986912106 ], [ 16.983977927282751, 52.492521663655239 ], [ 16.983407269583541, 52.492643335063107 ], [ 16.983338021323654, 52.492539498736527 ], [ 16.983519364996646, 52.492398872509156 ], [ 16.983522405793853, 52.492185400527255 ], [ 16.983436934894815, 52.491995056900606 ], [ 16.983362467683587, 52.491858281771854 ], [ 16.983214998942216, 52.491699730729387 ] ], [ [ 16.980632276581652, 52.497583457661406 ], [ 16.980596433605214, 52.497676462062167 ], [ 16.98046844542263, 52.497712824856215 ], [ 16.980304425641826, 52.497649449136972 ], [ 16.980242355742696, 52.497527238773614 ], [ 16.980269940191654, 52.497417572933379 ], [ 16.980381157094712, 52.497353389794661 ], [ 16.980506874431523, 52.497366549909543 ], [ 16.980591484522925, 52.497489144946115 ], [ 16.980632276581652, 52.497583457661406 ] ], [ [ 16.975377648719231, 52.507177417340564 ], [ 16.975435637229403, 52.506897561012515 ], [ 16.97585167596165, 52.50697626938863 ], [ 16.975999921117687, 52.507088942646782 ], [ 16.976034137392954, 52.507326322098976 ], [ 16.976136367124035, 52.507851220691784 ], [ 16.976166370695012, 52.507983898090728 ], [ 16.976144710242743, 52.50825886938096 ], [ 16.975800839676157, 52.50828717517718 ], [ 16.975485181808981, 52.507586763729819 ], [ 16.975377648719231, 52.507177417340564 ] ], [ [ 16.976290006359889, 52.506471632792866 ], [ 16.976303238231445, 52.506576489079769 ], [ 16.97605874888961, 52.506594333699972 ], [ 16.976055967569529, 52.506654861337225 ], [ 16.975573519783755, 52.50664660611163 ], [ 16.975778823331378, 52.506303188481489 ], [ 16.976151285810932, 52.506348109151972 ], [ 16.976091617384153, 52.506468238759197 ], [ 16.976290006359889, 52.506471632792866 ] ], [ [ 16.985285508584749, 52.499909594656749 ], [ 16.984945818026429, 52.500234218691666 ], [ 16.984720109979936, 52.500434126492834 ], [ 16.984495155089569, 52.50061752619628 ], [ 16.984223604842111, 52.500833172477186 ], [ 16.984024184843648, 52.501050047453383 ], [ 16.983887124010728, 52.501284505455352 ], [ 16.983730517213928, 52.501551671156832 ], [ 16.983521319089526, 52.501784899141015 ], [ 16.983092440275197, 52.502085970212597 ], [ 16.982737958407043, 52.502338746963744 ], [ 16.982458379957691, 52.50253222501771 ], [ 16.98220912645651, 52.502654630827053 ], [ 16.981956400277333, 52.50265582647242 ], [ 16.981856768041276, 52.502466894275095 ], [ 16.981727565081471, 52.502332525826453 ], [ 16.981464875283365, 52.502157331616765 ], [ 16.981386749530447, 52.502089916399306 ], [ 16.981491481281452, 52.501970553147103 ], [ 16.981509322403696, 52.501778118268994 ], [ 16.98152565063565, 52.501618698595081 ], [ 16.981623885219282, 52.501444155984125 ], [ 16.981838327123942, 52.501293623317849 ], [ 16.982160967045466, 52.501144935996095 ], [ 16.982355356390279, 52.501038115043464 ], [ 16.982556997489318, 52.500969965316976 ], [ 16.98275617231354, 52.500758595421246 ], [ 16.982915301385752, 52.50043640559214 ], [ 16.982971720527114, 52.500189559950201 ], [ 16.983002601365534, 52.499909237788479 ], [ 16.982861415914602, 52.49964250206439 ], [ 16.982677364289799, 52.499523719747465 ], [ 16.982438460082502, 52.499420522084193 ], [ 16.982248418368808, 52.49923555484353 ], [ 16.982196393305355, 52.498992366467526 ], [ 16.981850811484389, 52.498854306745493 ], [ 16.981413053758015, 52.498758727767068 ], [ 16.981046418244564, 52.498686388461984 ], [ 16.980660490768138, 52.498641252875807 ], [ 16.980421091667353, 52.498549056289811 ], [ 16.980344487206334, 52.498448625216739 ], [ 16.98042695701011, 52.49822425278969 ], [ 16.980593028397617, 52.498144485466568 ], [ 16.980916091534642, 52.498183041430337 ], [ 16.981265446962436, 52.49823856574649 ], [ 16.982221594022736, 52.49844211239386 ], [ 16.982524361026236, 52.498529879272922 ], [ 16.982771772907522, 52.498644235573437 ], [ 16.98295632500917, 52.498752012639287 ], [ 16.983150146067711, 52.498854440609499 ], [ 16.983409599908235, 52.498902918804198 ], [ 16.983779514865262, 52.498903717742863 ], [ 16.983977618942319, 52.498912601097288 ], [ 16.984225288558598, 52.499021451863229 ], [ 16.984357007201012, 52.499100792157357 ], [ 16.984638775373227, 52.499056031638077 ], [ 16.984799305370537, 52.499097314449678 ], [ 16.985173874691579, 52.499588296750986 ], [ 16.98527477322186, 52.499749713567795 ], [ 16.985285508584749, 52.499909594656749 ] ], [ [ 16.989908501419841, 52.493874995444465 ], [ 16.990362461584589, 52.493656866936753 ], [ 16.990805018192933, 52.493541198551924 ], [ 16.991196413566232, 52.493367172554748 ], [ 16.991514610216939, 52.493175477466735 ], [ 16.991849800872089, 52.492906051846639 ], [ 16.992360890042523, 52.492467149718905 ], [ 16.992755446821967, 52.49222336653829 ], [ 16.993082961581905, 52.49212216229823 ], [ 16.99331288001839, 52.492227397140773 ], [ 16.993353145382436, 52.492245826706508 ], [ 16.993408786066599, 52.49235353238484 ], [ 16.993146622252684, 52.492496908553427 ], [ 16.99272648500202, 52.492711515378815 ], [ 16.992317357792775, 52.492979688490486 ], [ 16.992050512771232, 52.49322563833978 ], [ 16.991933983694825, 52.493420758713327 ], [ 16.992036864700907, 52.493525160794228 ], [ 16.992336933849192, 52.493583635255739 ], [ 16.99279871102361, 52.493636640728035 ], [ 16.993173100298463, 52.493688161766876 ], [ 16.993536101047553, 52.493694320007862 ], [ 16.993932152768327, 52.49371335633942 ], [ 16.994226437380451, 52.493751196774191 ], [ 16.994328390869637, 52.493876112181134 ], [ 16.994243801723385, 52.493960908418074 ], [ 16.993805172362986, 52.493990425633221 ], [ 16.993229672091484, 52.49392317611661 ], [ 16.992708699321927, 52.493840424262125 ], [ 16.99215915703563, 52.493794141122819 ], [ 16.991583662047123, 52.493726883645976 ], [ 16.99118461875667, 52.493773488178043 ], [ 16.990837481867867, 52.493862035283556 ], [ 16.990368767454466, 52.494108658485445 ], [ 16.98988401421181, 52.494116846415459 ], [ 16.989908501419841, 52.493874995444465 ] ], [ [ 16.974815279778074, 52.507956473770975 ], [ 16.974674995075816, 52.507965085778899 ], [ 16.974650218457718, 52.507915100039241 ], [ 16.974723247793282, 52.507897076400447 ], [ 16.97481907498705, 52.507873936165126 ], [ 16.974879209766051, 52.507841924587424 ], [ 16.974894634223858, 52.507800887346619 ], [ 16.974954262856812, 52.50777988074389 ], [ 16.975012879481024, 52.507780884141873 ], [ 16.975061339745555, 52.507806494434277 ], [ 16.975104658646622, 52.507845783797769 ], [ 16.975142456749918, 52.507907006000245 ], [ 16.975143930056454, 52.507973113276485 ], [ 16.975102084241318, 52.507999931202413 ], [ 16.975015780886316, 52.50801222101731 ], [ 16.974949157958161, 52.507989053216249 ], [ 16.974905333053389, 52.50796076881133 ], [ 16.974815279778074, 52.507956473770975 ] ], [ [ 16.984658217384712, 52.451806793130139 ], [ 16.984620012997425, 52.451613148105423 ], [ 16.98485619177989, 52.451587986241307 ], [ 16.98486389826105, 52.451644508911606 ], [ 16.984860199562458, 52.451783574084445 ], [ 16.984658217384712, 52.451806793130139 ] ] ] ] } }
]
}
