{
"type": "FeatureCollection",
"name": "rolne_2024",
"crs": { "type": "name", "properties": { "name": "urn:ogc:def:crs:OGC:1.3:CRS84" } },
"features": [
{ "type": "Feature", "properties": { "gml_id": "OT_ADJA_A.20", "lokalnyId": "322BD60C-5C60-598B-E053-CC2BA8C05138", "przestrzen": "PL.PZGiK.308.BDOT10k", "wersjaId": "2022-01-20T00:00:00", "czyObiektB": 0, "x_kod": "ADJA05", "x_skrKarto": null, "x_katDoklG": "Dok", "x_doklGeom": 1, "x_doklGe_1": "m", "x_zrodloDa": "PRG", "x_zrodlo_1": "PRG", "x_katIstni": null, "x_rodzajRe": "ZP", "x_aktualno": "2022-01-20", "x_aktual_1": "2022-01-20", "poczatekWe": "2022-01-20T00:00:00", "x_dataUtwo": "2012-11-13", "x_kodKarto": "0010_505", "x_kodKar_1": "0025_505", "x_kodKar_2": "0050_505", "x_kodKar_3": "0100_505", "x_kodKar_4": null, "x_kodKar_5": null, "x_kodKar_6": null, "nazwa": "Czerwonak", "idPRG": 1030210420, "idTerytJed": 3021, "idTerytTer": 3021042, "rodzaj": "GW", "PRG|BT_Ref": 1030210420, "PRG|BT_R_1": "PL.PZGiK.200", "x_informDo": null }, "geometry": { "type": "MultiPolygon", "coordinates": [ [ [ [ 16.985723599678867, 52.441477085028687 ], [ 16.985423432808339, 52.441291272861157 ], [ 16.985646724464665, 52.441129670493638 ], [ 16.985485438978575, 52.441103267037121 ], [ 16.985232433855924, 52.441087082982143 ], [ 16.984884162849294, 52.441103993032435 ], [ 16.98426476791369, 52.441169526553317 ], [ 16.984229927392054, 52.441188715552364 ], [ 16.984227243507672, 52.441224788207286 ], [ 16.9842955622515, 52.441545315882337 ], [ 16.984199536561405, 52.441582786686624 ], [ 16.984539970508855, 52.442430827016274 ], [ 16.984898424293593, 52.442394213836415 ], [ 16.985457761592155, 52.442367858521393 ], [ 16.985893008153841, 52.44234820111037 ], [ 16.985822889370507, 52.442136537476372 ], [ 16.986464815714843, 52.442061305730988 ], [ 16.986261676994427, 52.44181976394885 ], [ 16.986162176929117, 52.441703660284425 ], [ 16.986098421070679, 52.441629989404611 ], [ 16.985978073842244, 52.441493382984341 ], [ 16.986022096636017, 52.441444663704502 ], [ 16.985918534690867, 52.441369235278337 ], [ 16.985723599678867, 52.441477085028687 ] ] ] ] } },
{ "type": "Feature", "properties": { "gml_id": "OT_ADJA_A.20", "lokalnyId": "322BD60C-5C60-598B-E053-CC2BA8C05138", "przestrzen": "PL.PZGiK.308.BDOT10k", "wersjaId": "2022-01-20T00:00:00", "czyObiektB": 0, "x_kod": "ADJA05", "x_skrKarto": null, "x_katDoklG": "Dok", "x_doklGeom": 1, "x_doklGe_1": "m", "x_zrodloDa": "PRG", "x_zrodlo_1": "PRG", "x_katIstni": null, "x_rodzajRe": "ZP", "x_aktualno": "2022-01-20", "x_aktual_1": "2022-01-20", "poczatekWe": "2022-01-20T00:00:00", "x_dataUtwo": "2012-11-13", "x_kodKarto": "0010_505", "x_kodKar_1": "0025_505", "x_kodKar_2": "0050_505", "x_kodKar_3": "0100_505", "x_kodKar_4": null, "x_kodKar_5": null, "x_kodKar_6": null, "nazwa": "Czerwonak", "idPRG": 1030210420, "idTerytJed": 3021, "idTerytTer": 3021042, "rodzaj": "GW", "PRG|BT_Ref": 1030210420, "PRG|BT_R_1": "PL.PZGiK.200", "x_informDo": null }, "geometry": { "type": "MultiPolygon", "coordinates": [ [ [ [ 17.001761531968601, 52.442683313037698 ], [ 17.002024201001973, 52.442343177595177 ], [ 17.002002197617642, 52.442325266700635 ], [ 17.001988991528144, 52.44231461003708 ], [ 17.001327538908814, 52.441781305770803 ], [ 17.000857595101522, 52.441735403843779 ], [ 17.000279035928322, 52.442602481694479 ], [ 17.000355146109818, 52.44262166784808 ], [ 17.00091757677318, 52.442764116273644 ], [ 17.000934788784328, 52.442741561578707 ], [ 17.000942929138851, 52.442730816019683 ], [ 17.001004050588858, 52.442635699545335 ], [ 17.001006268351734, 52.442632229234711 ], [ 17.001296602764707, 52.442701987404718 ], [ 17.001304522113021, 52.442689619096399 ], [ 17.001334447362332, 52.4426430843831 ], [ 17.001341901050576, 52.442631247863027 ], [ 17.001372148850781, 52.442584088986436 ], [ 17.001429592546657, 52.442599451075573 ], [ 17.001600276953308, 52.44264290096887 ], [ 17.001761531968601, 52.442683313037698 ] ] ] ] } },
{ "type": "Feature", "properties": { "gml_id": "OT_ADJA_A.20", "lokalnyId": "322BD60C-5C60-598B-E053-CC2BA8C05138", "przestrzen": "PL.PZGiK.308.BDOT10k", "wersjaId": "2022-01-20T00:00:00", "czyObiektB": 0, "x_kod": "ADJA05", "x_skrKarto": null, "x_katDoklG": "Dok", "x_doklGeom": 1, "x_doklGe_1": "m", "x_zrodloDa": "PRG", "x_zrodlo_1": "PRG", "x_katIstni": null, "x_rodzajRe": "ZP", "x_aktualno": "2022-01-20", "x_aktual_1": "2022-01-20", "poczatekWe": "2022-01-20T00:00:00", "x_dataUtwo": "2012-11-13", "x_kodKarto": "0010_505", "x_kodKar_1": "0025_505", "x_kodKar_2": "0050_505", "x_kodKar_3": "0100_505", "x_kodKar_4": null, "x_kodKar_5": null, "x_kodKar_6": null, "nazwa": "Czerwonak", "idPRG": 1030210420, "idTerytJed": 3021, "idTerytTer": 3021042, "rodzaj": "GW", "PRG|BT_Ref": 1030210420, "PRG|BT_R_1": "PL.PZGiK.200", "x_informDo": null }, "geometry": { "type": "MultiPolygon", "coordinates": [ [ [ [ 16.987184251606294, 52.444205139625339 ], [ 16.986610813565964, 52.44403671424616 ], [ 16.986297316805796, 52.444778359992561 ], [ 16.9867869789563, 52.444866749243381 ], [ 16.986678316957565, 52.445012676852826 ], [ 16.987505090648416, 52.445297394615885 ], [ 16.987643639526997, 52.445164207353365 ], [ 16.987110085127323, 52.444953650033234 ], [ 16.986878077397474, 52.444883231155195 ], [ 16.987002574945858, 52.444615968713038 ], [ 16.987184251606294, 52.444205139625339 ] ] ] ] } },
{ "type": "Feature", "properties": { "gml_id": "OT_ADJA_A.20", "lokalnyId": "322BD60C-5C60-598B-E053-CC2BA8C05138", "przestrzen": "PL.PZGiK.308.BDOT10k", "wersjaId": "2022-01-20T00:00:00", "czyObiektB": 0, "x_kod": "ADJA05", "x_skrKarto": null, "x_katDoklG": "Dok", "x_doklGeom": 1, "x_doklGe_1": "m", "x_zrodloDa": "PRG", "x_zrodlo_1": "PRG", "x_katIstni": null, "x_rodzajRe": "ZP", "x_aktualno": "2022-01-20", "x_aktual_1": "2022-01-20", "poczatekWe": "2022-01-20T00:00:00", "x_dataUtwo": "2012-11-13", "x_kodKarto": "0010_505", "x_kodKar_1": "0025_505", "x_kodKar_2": "0050_505", "x_kodKar_3": "0100_505", "x_kodKar_4": null, "x_kodKar_5": null, "x_kodKar_6": null, "nazwa": "Czerwonak", "idPRG": 1030210420, "idTerytJed": 3021, "idTerytTer": 3021042, "rodzaj": "GW", "PRG|BT_Ref": 1030210420, "PRG|BT_R_1": "PL.PZGiK.200", "x_informDo": null }, "geometry": { "type": "MultiPolygon", "coordinates": [ [ [ [ 16.989228096188253, 52.453477696929426 ], [ 16.989230270393552, 52.453475215476743 ], [ 16.989232587613863, 52.453472826400017 ], [ 16.989147240660333, 52.453455724717877 ], [ 16.989001634798147, 52.453407287023083 ], [ 16.9887682528582, 52.453288459110134 ], [ 16.988156693027495, 52.45304608961203 ], [ 16.988318744190678, 52.452885508800101 ], [ 16.987575362417758, 52.452651056987293 ], [ 16.987500350765512, 52.452946505088136 ], [ 16.986288301752076, 52.452845728707658 ], [ 16.986281362584421, 52.453201068778164 ], [ 16.98628407887632, 52.453283503640179 ], [ 16.986289027392495, 52.45325894329401 ], [ 16.986801564282278, 52.453296543230856 ], [ 16.986753732624006, 52.453702814789906 ], [ 16.986752201648024, 52.453720237833387 ], [ 16.987222968461634, 52.453731220836055 ], [ 16.987777273315512, 52.453750549353778 ], [ 16.987671028502827, 52.454123850001899 ], [ 16.987998551562246, 52.454192971122204 ], [ 16.988093576921422, 52.453400383851374 ], [ 16.988340132435823, 52.453446582712886 ], [ 16.988335379755249, 52.45351854687965 ], [ 16.988407013569763, 52.45352642146149 ], [ 16.989057333649434, 52.453680854131903 ], [ 16.989088423530941, 52.453677065587499 ], [ 16.989106172961158, 52.453655870878549 ], [ 16.98911890518314, 52.453625236679507 ], [ 16.989228096188253, 52.453477696929426 ] ] ] ] } },
{ "type": "Feature", "properties": { "gml_id": "OT_ADJA_A.20", "lokalnyId": "322BD60C-5C60-598B-E053-CC2BA8C05138", "przestrzen": "PL.PZGiK.308.BDOT10k", "wersjaId": "2022-01-20T00:00:00", "czyObiektB": 0, "x_kod": "ADJA05", "x_skrKarto": null, "x_katDoklG": "Dok", "x_doklGeom": 1, "x_doklGe_1": "m", "x_zrodloDa": "PRG", "x_zrodlo_1": "PRG", "x_katIstni": null, "x_rodzajRe": "ZP", "x_aktualno": "2022-01-20", "x_aktual_1": "2022-01-20", "poczatekWe": "2022-01-20T00:00:00", "x_dataUtwo": "2012-11-13", "x_kodKarto": "0010_505", "x_kodKar_1": "0025_505", "x_kodKar_2": "0050_505", "x_kodKar_3": "0100_505", "x_kodKar_4": null, "x_kodKar_5": null, "x_kodKar_6": null, "nazwa": "Czerwonak", "idPRG": 1030210420, "idTerytJed": 3021, "idTerytTer": 3021042, "rodzaj": "GW", "PRG|BT_Ref": 1030210420, "PRG|BT_R_1": "PL.PZGiK.200", "x_informDo": null }, "geometry": { "type": "MultiPolygon", "coordinates": [ [ [ [ 16.987684624333028, 52.455653173773293 ], [ 16.987479322109774, 52.455619008728675 ], [ 16.987466716640011, 52.455666194577432 ], [ 16.987383510992586, 52.455976523664525 ], [ 16.987451981676518, 52.455982815909692 ], [ 16.98794414603255, 52.4560255504637 ], [ 16.988001315856582, 52.455750125907699 ], [ 16.988009248684715, 52.455711764935188 ], [ 16.987684624333028, 52.455653173773293 ] ] ] ] } },
{ "type": "Feature", "properties": { "gml_id": "OT_ADJA_A.20", "lokalnyId": "322BD60C-5C60-598B-E053-CC2BA8C05138", "przestrzen": "PL.PZGiK.308.BDOT10k", "wersjaId": "2022-01-20T00:00:00", "czyObiektB": 0, "x_kod": "ADJA05", "x_skrKarto": null, "x_katDoklG": "Dok", "x_doklGeom": 1, "x_doklGe_1": "m", "x_zrodloDa": "PRG", "x_zrodlo_1": "PRG", "x_katIstni": null, "x_rodzajRe": "ZP", "x_aktualno": "2022-01-20", "x_aktual_1": "2022-01-20", "poczatekWe": "2022-01-20T00:00:00", "x_dataUtwo": "2012-11-13", "x_kodKarto": "0010_505", "x_kodKar_1": "0025_505", "x_kodKar_2": "0050_505", "x_kodKar_3": "0100_505", "x_kodKar_4": null, "x_kodKar_5": null, "x_kodKar_6": null, "nazwa": "Czerwonak", "idPRG": 1030210420, "idTerytJed": 3021, "idTerytTer": 3021042, "rodzaj": "GW", "PRG|BT_Ref": 1030210420, "PRG|BT_R_1": "PL.PZGiK.200", "x_informDo": null }, "geometry": { "type": "MultiPolygon", "coordinates": [ [ [ [ 16.989842792458823, 52.457462046225253 ], [ 16.990392715088497, 52.458503228689061 ], [ 16.990360733137731, 52.458532996181425 ], [ 16.990342568834535, 52.45856326834123 ], [ 16.99033180566768, 52.458595914882288 ], [ 16.990336156169128, 52.458623241781929 ], [ 16.990427035883844, 52.458797118570878 ], [ 16.9908187473428, 52.459526832880002 ], [ 16.991490221959065, 52.458969616223236 ], [ 16.991104695867733, 52.458307646909212 ], [ 16.990547519650278, 52.457286402018738 ], [ 16.989842792458823, 52.457462046225253 ] ] ] ] } },
{ "type": "Feature", "properties": { "gml_id": "OT_ADJA_A.20", "lokalnyId": "322BD60C-5C60-598B-E053-CC2BA8C05138", "przestrzen": "PL.PZGiK.308.BDOT10k", "wersjaId": "2022-01-20T00:00:00", "czyObiektB": 0, "x_kod": "ADJA05", "x_skrKarto": null, "x_katDoklG": "Dok", "x_doklGeom": 1, "x_doklGe_1": "m", "x_zrodloDa": "PRG", "x_zrodlo_1": "PRG", "x_katIstni": null, "x_rodzajRe": "ZP", "x_aktualno": "2022-01-20", "x_aktual_1": "2022-01-20", "poczatekWe": "2022-01-20T00:00:00", "x_dataUtwo": "2012-11-13", "x_kodKarto": "0010_505", "x_kodKar_1": "0025_505", "x_kodKar_2": "0050_505", "x_kodKar_3": "0100_505", "x_kodKar_4": null, "x_kodKar_5": null, "x_kodKar_6": null, "nazwa": "Czerwonak", "idPRG": 1030210420, "idTerytJed": 3021, "idTerytTer": 3021042, "rodzaj": "GW", "PRG|BT_Ref": 1030210420, "PRG|BT_R_1": "PL.PZGiK.200", "x_informDo": null }, "geometry": { "type": "MultiPolygon", "coordinates": [ [ [ [ 16.986429484026417, 52.461789629164329 ], [ 16.986692984224469, 52.461736551882758 ], [ 16.986731372267638, 52.461727851331737 ], [ 16.986838528863171, 52.461706200407768 ], [ 16.9867731180384, 52.461548764496705 ], [ 16.986348628706295, 52.461635078044488 ], [ 16.986429484026417, 52.461789629164329 ] ] ] ] } },
{ "type": "Feature", "properties": { "gml_id": "OT_ADJA_A.20", "lokalnyId": "322BD60C-5C60-598B-E053-CC2BA8C05138", "przestrzen": "PL.PZGiK.308.BDOT10k", "wersjaId": "2022-01-20T00:00:00", "czyObiektB": 0, "x_kod": "ADJA05", "x_skrKarto": null, "x_katDoklG": "Dok", "x_doklGeom": 1, "x_doklGe_1": "m", "x_zrodloDa": "PRG", "x_zrodlo_1": "PRG", "x_katIstni": null, "x_rodzajRe": "ZP", "x_aktualno": "2022-01-20", "x_aktual_1": "2022-01-20", "poczatekWe": "2022-01-20T00:00:00", "x_dataUtwo": "2012-11-13", "x_kodKarto": "0010_505", "x_kodKar_1": "0025_505", "x_kodKar_2": "0050_505", "x_kodKar_3": "0100_505", "x_kodKar_4": null, "x_kodKar_5": null, "x_kodKar_6": null, "nazwa": "Czerwonak", "idPRG": 1030210420, "idTerytJed": 3021, "idTerytTer": 3021042, "rodzaj": "GW", "PRG|BT_Ref": 1030210420, "PRG|BT_R_1": "PL.PZGiK.200", "x_informDo": null }, "geometry": { "type": "MultiPolygon", "coordinates": [ [ [ [ 16.999502779695433, 52.465959777023215 ], [ 16.999503946364236, 52.465973018458776 ], [ 16.999515893139009, 52.465995346672329 ], [ 16.999578074964013, 52.466101722462504 ], [ 16.999702558711988, 52.466074776475686 ], [ 16.999992302558187, 52.466014738064246 ], [ 16.999964773623176, 52.465962554936901 ], [ 16.999954564388588, 52.465944123729344 ], [ 16.999924050837379, 52.465886313612799 ], [ 16.99991689968892, 52.465871891640028 ], [ 16.99988744934965, 52.465816617914314 ], [ 16.999855071894451, 52.465757696929217 ], [ 16.999436023461389, 52.465847117695986 ], [ 16.999468228391429, 52.465903337573906 ], [ 16.999502779695433, 52.465959777023215 ] ] ] ] } },
{ "type": "Feature", "properties": { "gml_id": "OT_ADJA_A.20", "lokalnyId": "322BD60C-5C60-598B-E053-CC2BA8C05138", "przestrzen": "PL.PZGiK.308.BDOT10k", "wersjaId": "2022-01-20T00:00:00", "czyObiektB": 0, "x_kod": "ADJA05", "x_skrKarto": null, "x_katDoklG": "Dok", "x_doklGeom": 1, "x_doklGe_1": "m", "x_zrodloDa": "PRG", "x_zrodlo_1": "PRG", "x_katIstni": null, "x_rodzajRe": "ZP", "x_aktualno": "2022-01-20", "x_aktual_1": "2022-01-20", "poczatekWe": "2022-01-20T00:00:00", "x_dataUtwo": "2012-11-13", "x_kodKarto": "0010_505", "x_kodKar_1": "0025_505", "x_kodKar_2": "0050_505", "x_kodKar_3": "0100_505", "x_kodKar_4": null, "x_kodKar_5": null, "x_kodKar_6": null, "nazwa": "Czerwonak", "idPRG": 1030210420, "idTerytJed": 3021, "idTerytTer": 3021042, "rodzaj": "GW", "PRG|BT_Ref": 1030210420, "PRG|BT_R_1": "PL.PZGiK.200", "x_informDo": null }, "geometry": { "type": "MultiPolygon", "coordinates": [ [ [ [ 16.990693802104651, 52.468073586986314 ], [ 16.990855571249963, 52.468130391683339 ], [ 16.990986323754122, 52.468172997789431 ], [ 16.991281642961862, 52.468269217408384 ], [ 16.991473148982749, 52.468310156630452 ], [ 16.991309811451607, 52.467922333641063 ], [ 16.990775512589952, 52.467776722272497 ], [ 16.989713125470082, 52.467498099952635 ], [ 16.989617526306908, 52.467498543448237 ], [ 16.989441591567118, 52.467539354871811 ], [ 16.989241853636162, 52.467659721199681 ], [ 16.98930782297073, 52.467682519329955 ], [ 16.989482514813773, 52.467733609378051 ], [ 16.989850988753332, 52.467843488577877 ], [ 16.99007443581997, 52.46790089306338 ], [ 16.990567109459125, 52.468029160723098 ], [ 16.990693802104651, 52.468073586986314 ] ] ] ] } },
{ "type": "Feature", "properties": { "gml_id": "OT_ADJA_A.20", "lokalnyId": "322BD60C-5C60-598B-E053-CC2BA8C05138", "przestrzen": "PL.PZGiK.308.BDOT10k", "wersjaId": "2022-01-20T00:00:00", "czyObiektB": 0, "x_kod": "ADJA05", "x_skrKarto": null, "x_katDoklG": "Dok", "x_doklGeom": 1, "x_doklGe_1": "m", "x_zrodloDa": "PRG", "x_zrodlo_1": "PRG", "x_katIstni": null, "x_rodzajRe": "ZP", "x_aktualno": "2022-01-20", "x_aktual_1": "2022-01-20", "poczatekWe": "2022-01-20T00:00:00", "x_dataUtwo": "2012-11-13", "x_kodKarto": "0010_505", "x_kodKar_1": "0025_505", "x_kodKar_2": "0050_505", "x_kodKar_3": "0100_505", "x_kodKar_4": null, "x_kodKar_5": null, "x_kodKar_6": null, "nazwa": "Czerwonak", "idPRG": 1030210420, "idTerytJed": 3021, "idTerytTer": 3021042, "rodzaj": "GW", "PRG|BT_Ref": 1030210420, "PRG|BT_R_1": "PL.PZGiK.200", "x_informDo": null }, "geometry": { "type": "MultiPolygon", "coordinates": [ [ [ [ 16.990966527696553, 52.471469004396738 ], [ 16.991121647377565, 52.471503929301974 ], [ 16.991253239136249, 52.471292278797279 ], [ 16.991496441763957, 52.470922784029717 ], [ 16.991197530680282, 52.470840355409628 ], [ 16.991366994232425, 52.470576461260727 ], [ 16.991409002066316, 52.470511066237862 ], [ 16.991341368219587, 52.470479426583033 ], [ 16.990902439046259, 52.471172001229519 ], [ 16.99083348568805, 52.471292163639276 ], [ 16.99092154493044, 52.471315156225529 ], [ 16.990966527696553, 52.471469004396738 ] ] ] ] } },
{ "type": "Feature", "properties": { "gml_id": "OT_ADJA_A.20", "lokalnyId": "322BD60C-5C60-598B-E053-CC2BA8C05138", "przestrzen": "PL.PZGiK.308.BDOT10k", "wersjaId": "2022-01-20T00:00:00", "czyObiektB": 0, "x_kod": "ADJA05", "x_skrKarto": null, "x_katDoklG": "Dok", "x_doklGeom": 1, "x_doklGe_1": "m", "x_zrodloDa": "PRG", "x_zrodlo_1": "PRG", "x_katIstni": null, "x_rodzajRe": "ZP", "x_aktualno": "2022-01-20", "x_aktual_1": "2022-01-20", "poczatekWe": "2022-01-20T00:00:00", "x_dataUtwo": "2012-11-13", "x_kodKarto": "0010_505", "x_kodKar_1": "0025_505", "x_kodKar_2": "0050_505", "x_kodKar_3": "0100_505", "x_kodKar_4": null, "x_kodKar_5": null, "x_kodKar_6": null, "nazwa": "Czerwonak", "idPRG": 1030210420, "idTerytJed": 3021, "idTerytTer": 3021042, "rodzaj": "GW", "PRG|BT_Ref": 1030210420, "PRG|BT_R_1": "PL.PZGiK.200", "x_informDo": null }, "geometry": { "type": "MultiPolygon", "coordinates": [ [ [ [ 17.001386137703108, 52.472122529267651 ], [ 17.0013472333798, 52.472113237198073 ], [ 17.001327589516489, 52.47211119627773 ], [ 17.001297070031647, 52.472102135845091 ], [ 17.001263676871673, 52.472094735760543 ], [ 17.001230442583307, 52.472083830558205 ], [ 17.001191534254684, 52.472074628312598 ], [ 17.001141131180407, 52.472072067466229 ], [ 17.000954929959267, 52.472131250869325 ], [ 17.000996790274897, 52.472322278751349 ], [ 17.000990228591238, 52.472346812333079 ], [ 17.000979041883653, 52.47238889664515 ], [ 17.000878968777339, 52.472526797188067 ], [ 17.000803255441845, 52.472630930955852 ], [ 17.000000159290281, 52.47257103089396 ], [ 16.999860558715813, 52.472560664926441 ], [ 16.9996691290436, 52.472556437716094 ], [ 16.999504686846024, 52.472824205964237 ], [ 16.999590650122443, 52.472828628230801 ], [ 17.000000095378503, 52.472851743262389 ], [ 17.000176977250209, 52.472861750128537 ], [ 17.000619770528736, 52.472883538121479 ], [ 17.000805237798073, 52.472892609874684 ], [ 17.001442352989603, 52.472939356012823 ], [ 17.001835753447207, 52.472269899116569 ], [ 17.002229141723653, 52.47160044072082 ], [ 17.001929170464191, 52.471537629174854 ], [ 17.001797156954748, 52.471509404978349 ], [ 17.001715615841746, 52.471647979121691 ], [ 17.001719685833649, 52.471707680382785 ], [ 17.001561333073269, 52.472039683971815 ], [ 17.001490042246154, 52.472124285240106 ], [ 17.001472807747849, 52.472130829685575 ], [ 17.001422327203766, 52.472129976575445 ], [ 17.001386137703108, 52.472122529267651 ] ] ] ] } },
{ "type": "Feature", "properties": { "gml_id": "OT_ADJA_A.20", "lokalnyId": "322BD60C-5C60-598B-E053-CC2BA8C05138", "przestrzen": "PL.PZGiK.308.BDOT10k", "wersjaId": "2022-01-20T00:00:00", "czyObiektB": 0, "x_kod": "ADJA05", "x_skrKarto": null, "x_katDoklG": "Dok", "x_doklGeom": 1, "x_doklGe_1": "m", "x_zrodloDa": "PRG", "x_zrodlo_1": "PRG", "x_katIstni": null, "x_rodzajRe": "ZP", "x_aktualno": "2022-01-20", "x_aktual_1": "2022-01-20", "poczatekWe": "2022-01-20T00:00:00", "x_dataUtwo": "2012-11-13", "x_kodKarto": "0010_505", "x_kodKar_1": "0025_505", "x_kodKar_2": "0050_505", "x_kodKar_3": "0100_505", "x_kodKar_4": null, "x_kodKar_5": null, "x_kodKar_6": null, "nazwa": "Czerwonak", "idPRG": 1030210420, "idTerytJed": 3021, "idTerytTer": 3021042, "rodzaj": "GW", "PRG|BT_Ref": 1030210420, "PRG|BT_R_1": "PL.PZGiK.200", "x_informDo": null }, "geometry": { "type": "MultiPolygon", "coordinates": [ [ [ [ 16.979340441051985, 52.486676288343553 ], [ 16.979020038876666, 52.486524116070576 ], [ 16.978831476103295, 52.486436796681595 ], [ 16.978702449599076, 52.486368483184187 ], [ 16.978591324174833, 52.486308210635428 ], [ 16.978445457110105, 52.48620875838899 ], [ 16.978335219849711, 52.486103439050304 ], [ 16.978300783177019, 52.486080094694188 ], [ 16.978193900112711, 52.4860076619522 ], [ 16.978158891208139, 52.485983947997191 ], [ 16.978150979498778, 52.486047222961211 ], [ 16.978045314080433, 52.486895742999572 ], [ 16.977817628885589, 52.488903977394983 ], [ 16.977760757639523, 52.489369542125218 ], [ 16.97815780343921, 52.489315977831602 ], [ 16.978759158742758, 52.489260417284143 ], [ 16.979118268772353, 52.489246855952231 ], [ 16.979223559016095, 52.488438353811816 ], [ 16.979317412986394, 52.487718520326091 ], [ 16.979884085687203, 52.486917899137119 ], [ 16.979770715986305, 52.486858308939183 ], [ 16.979340441051985, 52.486676288343553 ] ] ] ] } },
{ "type": "Feature", "properties": { "gml_id": "OT_ADJA_A.20", "lokalnyId": "322BD60C-5C60-598B-E053-CC2BA8C05138", "przestrzen": "PL.PZGiK.308.BDOT10k", "wersjaId": "2022-01-20T00:00:00", "czyObiektB": 0, "x_kod": "ADJA05", "x_skrKarto": null, "x_katDoklG": "Dok", "x_doklGeom": 1, "x_doklGe_1": "m", "x_zrodloDa": "PRG", "x_zrodlo_1": "PRG", "x_katIstni": null, "x_rodzajRe": "ZP", "x_aktualno": "2022-01-20", "x_aktual_1": "2022-01-20", "poczatekWe": "2022-01-20T00:00:00", "x_dataUtwo": "2012-11-13", "x_kodKarto": "0010_505", "x_kodKar_1": "0025_505", "x_kodKar_2": "0050_505", "x_kodKar_3": "0100_505", "x_kodKar_4": null, "x_kodKar_5": null, "x_kodKar_6": null, "nazwa": "Czerwonak", "idPRG": 1030210420, "idTerytJed": 3021, "idTerytTer": 3021042, "rodzaj": "GW", "PRG|BT_Ref": 1030210420, "PRG|BT_R_1": "PL.PZGiK.200", "x_informDo": null }, "geometry": { "type": "MultiPolygon", "coordinates": [ [ [ [ 16.982506784006954, 52.488775925898977 ], [ 16.982508571306045, 52.488775506668304 ], [ 16.98236964024008, 52.488569234945963 ], [ 16.982506784006954, 52.488775925898977 ] ] ] ] } },
{ "type": "Feature", "properties": { "gml_id": "OT_ADJA_A.20", "lokalnyId": "322BD60C-5C60-598B-E053-CC2BA8C05138", "przestrzen": "PL.PZGiK.308.BDOT10k", "wersjaId": "2022-01-20T00:00:00", "czyObiektB": 0, "x_kod": "ADJA05", "x_skrKarto": null, "x_katDoklG": "Dok", "x_doklGeom": 1, "x_doklGe_1": "m", "x_zrodloDa": "PRG", "x_zrodlo_1": "PRG", "x_katIstni": null, "x_rodzajRe": "ZP", "x_aktualno": "2022-01-20", "x_aktual_1": "2022-01-20", "poczatekWe": "2022-01-20T00:00:00", "x_dataUtwo": "2012-11-13", "x_kodKarto": "0010_505", "x_kodKar_1": "0025_505", "x_kodKar_2": "0050_505", "x_kodKar_3": "0100_505", "x_kodKar_4": null, "x_kodKar_5": null, "x_kodKar_6": null, "nazwa": "Czerwonak", "idPRG": 1030210420, "idTerytJed": 3021, "idTerytTer": 3021042, "rodzaj": "GW", "PRG|BT_Ref": 1030210420, "PRG|BT_R_1": "PL.PZGiK.200", "x_informDo": null }, "geometry": { "type": "MultiPolygon", "coordinates": [ [ [ [ 16.974763667725412, 52.4929629537381 ], [ 16.97482095799327, 52.49297005082105 ], [ 16.97486946174703, 52.49298878004025 ], [ 16.974911906574157, 52.493011093188763 ], [ 16.974975858856784, 52.49307523850068 ], [ 16.975018234531451, 52.49312471336679 ], [ 16.975085831000865, 52.493189730496084 ], [ 16.975110170972279, 52.493208405713773 ], [ 16.975141216726165, 52.493222248829703 ], [ 16.975181262182151, 52.49323264826014 ], [ 16.975221497612999, 52.493238913527534 ], [ 16.975264522508262, 52.49323578246279 ], [ 16.975292315436338, 52.493233829742941 ], [ 16.975349187988236, 52.493224369810989 ], [ 16.975438506109523, 52.493198286000847 ], [ 16.975998573717821, 52.492990567571141 ], [ 16.976457602277268, 52.492817005447655 ], [ 16.976586798133795, 52.492817776554638 ], [ 16.976757331839895, 52.492839312026454 ], [ 16.976871274528346, 52.492864196595477 ], [ 16.976993810160014, 52.492859186897412 ], [ 16.977075548309919, 52.492872997069362 ], [ 16.977270925237978, 52.492905480067797 ], [ 16.977326071374332, 52.492737779078574 ], [ 16.977361333981044, 52.492679019384788 ], [ 16.977264098050934, 52.492479570850634 ], [ 16.977230380261666, 52.492395526673448 ], [ 16.977081105927358, 52.492016830071591 ], [ 16.976989650916721, 52.49172681709198 ], [ 16.976950619987118, 52.491492116514713 ], [ 16.976940850012824, 52.491027661008744 ], [ 16.976958358435912, 52.490575634530849 ], [ 16.976389006738781, 52.490521013116222 ], [ 16.976305396525596, 52.490525608825934 ], [ 16.976257832331164, 52.490544222815053 ], [ 16.976150686715322, 52.490682701413618 ], [ 16.976005336220041, 52.490969652528619 ], [ 16.97586535452017, 52.491293662132271 ], [ 16.975818118317459, 52.491414187576268 ], [ 16.975828485421189, 52.491454749636162 ], [ 16.975921156130848, 52.491519206039264 ], [ 16.975945764020157, 52.491570535176322 ], [ 16.975941208147372, 52.491618397110273 ], [ 16.975932814385533, 52.491640739351716 ], [ 16.975847005931641, 52.491693147087076 ], [ 16.975680419352582, 52.49173976506453 ], [ 16.975620090711647, 52.491773180912929 ], [ 16.975574574896203, 52.491856229255511 ], [ 16.975517129663796, 52.491984045157736 ], [ 16.975460148261817, 52.492050437546602 ], [ 16.975422704226933, 52.492079657879167 ], [ 16.975390538827494, 52.492093408325836 ], [ 16.97533982555948, 52.492106751328606 ], [ 16.975300441430026, 52.492110844170824 ], [ 16.975274021187506, 52.492108593040072 ], [ 16.975239518082045, 52.492099457774131 ], [ 16.975097572959339, 52.492068335837601 ], [ 16.974942248809246, 52.492030148960993 ], [ 16.974910069848818, 52.492028158928072 ], [ 16.974893986468402, 52.492031841076269 ], [ 16.974876792509871, 52.492040451101751 ], [ 16.974788291181202, 52.492183475051533 ], [ 16.974688581176135, 52.492384410529688 ], [ 16.974611825820276, 52.49253474101284 ], [ 16.974593686893282, 52.492570317874971 ], [ 16.974577168771013, 52.49261230847916 ], [ 16.974567636169386, 52.492681851476156 ], [ 16.974575065182307, 52.492696549540966 ], [ 16.974582687548537, 52.492735895441903 ], [ 16.974587221079531, 52.492759088558813 ], [ 16.97458406774949, 52.492786017619039 ], [ 16.974577578658376, 52.492818196225976 ], [ 16.974569096948759, 52.492852049638046 ], [ 16.974593744589967, 52.492876846393862 ], [ 16.974661291949147, 52.492939704289924 ], [ 16.974763667725412, 52.4929629537381 ] ] ] ] } },
{ "type": "Feature", "properties": { "gml_id": "OT_ADJA_A.20", "lokalnyId": "322BD60C-5C60-598B-E053-CC2BA8C05138", "przestrzen": "PL.PZGiK.308.BDOT10k", "wersjaId": "2022-01-20T00:00:00", "czyObiektB": 0, "x_kod": "ADJA05", "x_skrKarto": null, "x_katDoklG": "Dok", "x_doklGeom": 1, "x_doklGe_1": "m", "x_zrodloDa": "PRG", "x_zrodlo_1": "PRG", "x_katIstni": null, "x_rodzajRe": "ZP", "x_aktualno": "2022-01-20", "x_aktual_1": "2022-01-20", "poczatekWe": "2022-01-20T00:00:00", "x_dataUtwo": "2012-11-13", "x_kodKarto": "0010_505", "x_kodKar_1": "0025_505", "x_kodKar_2": "0050_505", "x_kodKar_3": "0100_505", "x_kodKar_4": null, "x_kodKar_5": null, "x_kodKar_6": null, "nazwa": "Czerwonak", "idPRG": 1030210420, "idTerytJed": 3021, "idTerytTer": 3021042, "rodzaj": "GW", "PRG|BT_Ref": 1030210420, "PRG|BT_R_1": "PL.PZGiK.200", "x_informDo": null }, "geometry": { "type": "MultiPolygon", "coordinates": [ [ [ [ 16.978982389494711, 52.489546294704667 ], [ 16.978698651722365, 52.489500251983117 ], [ 16.978410204988993, 52.489460514080314 ], [ 16.97816271073636, 52.48944989767211 ], [ 16.97800859224289, 52.489453019448298 ], [ 16.977853286433351, 52.489459538578387 ], [ 16.977812263985037, 52.489476915872224 ], [ 16.977780288477959, 52.489493008734016 ], [ 16.977767333964469, 52.48949917323651 ], [ 16.977742587938113, 52.489518267885963 ], [ 16.977723703797988, 52.48966329374187 ], [ 16.97759061396463, 52.490681966978883 ], [ 16.977523571780161, 52.491121813640206 ], [ 16.977453571340675, 52.491677456884446 ], [ 16.977461888137043, 52.491820519314366 ], [ 16.977644554859818, 52.492190881970195 ], [ 16.977645554472279, 52.492400287497766 ], [ 16.97782682498751, 52.492579585991422 ], [ 16.978026478028188, 52.493019854621082 ], [ 16.977718555880291, 52.493025113793998 ], [ 16.977860926936287, 52.493230100557462 ], [ 16.977876955362206, 52.493253310163091 ], [ 16.978224337692012, 52.493685580459342 ], [ 16.978500644653678, 52.493958424441971 ], [ 16.978629113948013, 52.494100392090886 ], [ 16.978715925805353, 52.494196406178915 ], [ 16.979096548499069, 52.494546853579543 ], [ 16.97958437500521, 52.495014798147359 ], [ 16.98000221353648, 52.495412019141462 ], [ 16.980072961468174, 52.495479245781773 ], [ 16.98093974859809, 52.495540635325071 ], [ 16.982463952759097, 52.495585531101597 ], [ 16.982563003680649, 52.495540000267518 ], [ 16.983341074846457, 52.495546792432201 ], [ 16.983328373346115, 52.495119165012952 ], [ 16.983550324086359, 52.495131583499003 ], [ 16.983571919030247, 52.495023569883706 ], [ 16.983609899668924, 52.494782899296482 ], [ 16.983813058680916, 52.494793737748296 ], [ 16.983846558931095, 52.494889288959726 ], [ 16.983953452174262, 52.494910628623948 ], [ 16.984294239114988, 52.494944229058497 ], [ 16.984323802140665, 52.494668426853067 ], [ 16.984437561863857, 52.494639514814146 ], [ 16.98452777728842, 52.494632417498501 ], [ 16.984674082728571, 52.494639407525362 ], [ 16.985006608217446, 52.494624835410193 ], [ 16.98504670064461, 52.494605281136302 ], [ 16.98505995026029, 52.494579783044308 ], [ 16.984973790224686, 52.494353187077657 ], [ 16.984621261209327, 52.493426160939656 ], [ 16.984613907538037, 52.493406517930367 ], [ 16.984128472684493, 52.493446005630183 ], [ 16.984059058703394, 52.493449409705143 ], [ 16.984016636218751, 52.493449046443111 ], [ 16.983973875344493, 52.49342709098692 ], [ 16.983930573888408, 52.493391185076725 ], [ 16.983889323715555, 52.493329770193235 ], [ 16.983841569763289, 52.493220484497336 ], [ 16.983767455761434, 52.493126939257259 ], [ 16.983711074354598, 52.493025871172669 ], [ 16.983610792280938, 52.492802181376263 ], [ 16.983570564386241, 52.492679802173839 ], [ 16.983544006979841, 52.492551719745023 ], [ 16.983542213569759, 52.492510405150838 ], [ 16.98354005802997, 52.492428699796122 ], [ 16.98352819817536, 52.492243484030631 ], [ 16.983511569488034, 52.492123845643263 ], [ 16.983473492808411, 52.492054299843574 ], [ 16.983186020184942, 52.491674064600694 ], [ 16.983113639855233, 52.491597457824945 ], [ 16.983000525318005, 52.491531938966013 ], [ 16.982963733567338, 52.491511613949761 ], [ 16.982923322639579, 52.491489878051105 ], [ 16.982887688283654, 52.491470022465229 ], [ 16.982773697499063, 52.491410784479825 ], [ 16.982597640359774, 52.4913297108493 ], [ 16.982393249347162, 52.491262454642218 ], [ 16.982267655171569, 52.491208864551091 ], [ 16.982159462481317, 52.491145317641895 ], [ 16.981811045576187, 52.490886452187844 ], [ 16.981762235756371, 52.490848652582052 ], [ 16.981742960971292, 52.490831953980447 ], [ 16.981922941611579, 52.49082405184766 ], [ 16.98389861003746, 52.490875373103769 ], [ 16.983835063381566, 52.490766717588613 ], [ 16.983688933280998, 52.490530733464915 ], [ 16.983572582251842, 52.490345984916111 ], [ 16.983511709392864, 52.490214349272691 ], [ 16.983392689127932, 52.490013904862451 ], [ 16.98333783080432, 52.489940834896032 ], [ 16.98320915071071, 52.489777642051024 ], [ 16.983182039718411, 52.489745429735756 ], [ 16.983098916367485, 52.489646063916872 ], [ 16.983017459838916, 52.489539261153638 ], [ 16.982966957066086, 52.48947085239228 ], [ 16.982903732935306, 52.489474361305511 ], [ 16.982430277526138, 52.489500914314583 ], [ 16.98235838321272, 52.489503915267285 ], [ 16.982266051847436, 52.489509175896245 ], [ 16.98095128365113, 52.489560852960672 ], [ 16.980968770655835, 52.489362466329837 ], [ 16.980984693795623, 52.489182131635722 ], [ 16.9807569198327, 52.489188137050036 ], [ 16.980224577047849, 52.489207199934889 ], [ 16.98021306438023, 52.48920763294111 ], [ 16.980084031047003, 52.489242126347605 ], [ 16.979939786563413, 52.489280587167919 ], [ 16.979789807956454, 52.489331631906225 ], [ 16.979740170574804, 52.489369819551804 ], [ 16.979713049456148, 52.48943753347033 ], [ 16.979676324905999, 52.489714741627353 ], [ 16.979587808107343, 52.489684987364598 ], [ 16.979231449445148, 52.489596691168472 ], [ 16.978982389494711, 52.489546294704667 ] ] ] ] } },
{ "type": "Feature", "properties": { "gml_id": "OT_ADJA_A.20", "lokalnyId": "322BD60C-5C60-598B-E053-CC2BA8C05138", "przestrzen": "PL.PZGiK.308.BDOT10k", "wersjaId": "2022-01-20T00:00:00", "czyObiektB": 0, "x_kod": "ADJA05", "x_skrKarto": null, "x_katDoklG": "Dok", "x_doklGeom": 1, "x_doklGe_1": "m", "x_zrodloDa": "PRG", "x_zrodlo_1": "PRG", "x_katIstni": null, "x_rodzajRe": "ZP", "x_aktualno": "2022-01-20", "x_aktual_1": "2022-01-20", "poczatekWe": "2022-01-20T00:00:00", "x_dataUtwo": "2012-11-13", "x_kodKarto": "0010_505", "x_kodKar_1": "0025_505", "x_kodKar_2": "0050_505", "x_kodKar_3": "0100_505", "x_kodKar_4": null, "x_kodKar_5": null, "x_kodKar_6": null, "nazwa": "Czerwonak", "idPRG": 1030210420, "idTerytJed": 3021, "idTerytTer": 3021042, "rodzaj": "GW", "PRG|BT_Ref": 1030210420, "PRG|BT_R_1": "PL.PZGiK.200", "x_informDo": null }, "geometry": { "type": "MultiPolygon", "coordinates": [ [ [ [ 16.991318675664647, 52.49247569791342 ], [ 16.991899538624388, 52.492094307556961 ], [ 16.991962386389147, 52.492076486441057 ], [ 16.992270367818183, 52.49228966345742 ], [ 16.992297962314719, 52.492304972489883 ], [ 16.992502859492298, 52.492212750588116 ], [ 16.992789749286196, 52.492083513988995 ], [ 16.993752928853642, 52.491605976623859 ], [ 16.994567906422741, 52.491107840260916 ], [ 16.994602764560533, 52.491086575061907 ], [ 16.994617770358762, 52.491077385436974 ], [ 16.994455573353072, 52.49098918924831 ], [ 16.994086000709203, 52.490788914585615 ], [ 16.993873648392611, 52.490656694207196 ], [ 16.99380114421956, 52.490605096212214 ], [ 16.993775452065591, 52.490586851661824 ], [ 16.99365229291379, 52.49067047854885 ], [ 16.993299754304761, 52.49086965861737 ], [ 16.993160192809523, 52.490960741843615 ], [ 16.992980712311571, 52.491083886908328 ], [ 16.992818813350809, 52.49120598091158 ], [ 16.992736088184756, 52.491275272479619 ], [ 16.992453446838283, 52.491537787043647 ], [ 16.992233266941163, 52.491742358425014 ], [ 16.991908519129403, 52.491967399793026 ], [ 16.991261878274646, 52.491699579941866 ], [ 16.991559245683277, 52.491448853069201 ], [ 16.990829801594128, 52.491123641750129 ], [ 16.990796841247981, 52.491171111591335 ], [ 16.990713744721603, 52.491290493883767 ], [ 16.990292649803798, 52.491910154727755 ], [ 16.990185913060806, 52.492085799267841 ], [ 16.99009573383476, 52.492240858221898 ], [ 16.990003901193909, 52.492399846516484 ], [ 16.989895283474318, 52.492587601180063 ], [ 16.989414334023579, 52.492858520918588 ], [ 16.989167210688592, 52.493078278835199 ], [ 16.989013949602541, 52.493223809880284 ], [ 16.988372168491107, 52.493553961883556 ], [ 16.98742746260633, 52.493876438182937 ], [ 16.987535571025081, 52.494045392285187 ], [ 16.987717927021652, 52.494334244667016 ], [ 16.987921764635935, 52.49464001172506 ], [ 16.988183739806878, 52.494663355891809 ], [ 16.989293897955726, 52.494370938975941 ], [ 16.989755385749724, 52.494191071296335 ], [ 16.990288113329118, 52.493957996586431 ], [ 16.990478486711069, 52.493858156013154 ], [ 16.990766325935297, 52.493630902194248 ], [ 16.990759251677808, 52.493611534163335 ], [ 16.990581515752361, 52.493560305266513 ], [ 16.98997579788621, 52.493358434378337 ], [ 16.989966929745385, 52.493326713580544 ], [ 16.990595491608634, 52.492920955964422 ], [ 16.991318675664647, 52.49247569791342 ] ] ] ] } },
{ "type": "Feature", "properties": { "gml_id": "OT_ADJA_A.20", "lokalnyId": "322BD60C-5C60-598B-E053-CC2BA8C05138", "przestrzen": "PL.PZGiK.308.BDOT10k", "wersjaId": "2022-01-20T00:00:00", "czyObiektB": 0, "x_kod": "ADJA05", "x_skrKarto": null, "x_katDoklG": "Dok", "x_doklGeom": 1, "x_doklGe_1": "m", "x_zrodloDa": "PRG", "x_zrodlo_1": "PRG", "x_katIstni": null, "x_rodzajRe": "ZP", "x_aktualno": "2022-01-20", "x_aktual_1": "2022-01-20", "poczatekWe": "2022-01-20T00:00:00", "x_dataUtwo": "2012-11-13", "x_kodKarto": "0010_505", "x_kodKar_1": "0025_505", "x_kodKar_2": "0050_505", "x_kodKar_3": "0100_505", "x_kodKar_4": null, "x_kodKar_5": null, "x_kodKar_6": null, "nazwa": "Czerwonak", "idPRG": 1030210420, "idTerytJed": 3021, "idTerytTer": 3021042, "rodzaj": "GW", "PRG|BT_Ref": 1030210420, "PRG|BT_R_1": "PL.PZGiK.200", "x_informDo": null }, "geometry": { "type": "MultiPolygon", "coordinates": [ [ [ [ 16.99588598733898, 52.491388947625801 ], [ 16.995772601330962, 52.491494238726858 ], [ 16.9957017788402, 52.491599981150451 ], [ 16.995353770220419, 52.491424270684753 ], [ 16.995271342704054, 52.491474141303215 ], [ 16.99484737832217, 52.491730758343714 ], [ 16.994932105877826, 52.491733993522146 ], [ 16.99497691176872, 52.491772619160187 ], [ 16.995214413342769, 52.491876931620055 ], [ 16.995223264246352, 52.491889673690771 ], [ 16.995226471009815, 52.491903399415754 ], [ 16.995216577532755, 52.491913575200918 ], [ 16.995206896654814, 52.491919077540146 ], [ 16.994972558448517, 52.49200432910726 ], [ 16.994771945375124, 52.492086734121479 ], [ 16.994556419413023, 52.492153595601998 ], [ 16.994462214542065, 52.492177272383657 ], [ 16.993764299699706, 52.492291627086743 ], [ 16.993547400149968, 52.492401546265917 ], [ 16.993179737095328, 52.492644541659956 ], [ 16.992923886758529, 52.492813701061209 ], [ 16.992946923872555, 52.492874084121532 ], [ 16.99305700514698, 52.492954832210479 ], [ 16.993714496014391, 52.493385571565973 ], [ 16.993685999076106, 52.493445080345417 ], [ 16.993633743541832, 52.493456786026798 ], [ 16.992236912742236, 52.493370033810805 ], [ 16.991739283155741, 52.493286033488502 ], [ 16.991440459310496, 52.493537837507631 ], [ 16.991464189292774, 52.49355065263655 ], [ 16.991955692172368, 52.493601001247782 ], [ 16.993486680869818, 52.493735094190683 ], [ 16.993485387699561, 52.493763494317875 ], [ 16.993420238146992, 52.493831825304866 ], [ 16.991235888034954, 52.49435005901713 ], [ 16.991040867361225, 52.49440314131941 ], [ 16.990590522016543, 52.494516465371881 ], [ 16.99074485536844, 52.494593020464251 ], [ 16.990884927244601, 52.494662407480867 ], [ 16.993659885041442, 52.49594110157139 ], [ 16.993906660223587, 52.495906881333887 ], [ 16.994471209538368, 52.495839103472086 ], [ 16.994799197124479, 52.49580131143442 ], [ 16.995089741326584, 52.495767021225298 ], [ 16.995301726420593, 52.495742731752138 ], [ 16.996069223655951, 52.495625678976097 ], [ 16.996368040350063, 52.495587658231472 ], [ 16.99660652115967, 52.495567233077956 ], [ 16.996900772069296, 52.495525895707608 ], [ 16.99743666302335, 52.495446465475993 ], [ 16.998697111396083, 52.49528008679426 ], [ 16.999607601094926, 52.495168038765748 ], [ 16.999857031161405, 52.495140057140759 ], [ 16.99985582013586, 52.495137518255135 ], [ 17.00000011932794, 52.495123858384986 ], [ 17.000011072953416, 52.495122784388485 ], [ 17.000445754809704, 52.495061956416905 ], [ 17.000816836245907, 52.495003020054568 ], [ 17.000861958569022, 52.494992629732565 ], [ 17.000996007848151, 52.494958018556623 ], [ 17.001023415269028, 52.494948318165392 ], [ 17.001087056422971, 52.494926008455941 ], [ 17.002255743448092, 52.496373419226963 ], [ 17.002278186570912, 52.49639196677073 ], [ 17.002353696934946, 52.49649469782532 ], [ 17.002398964166254, 52.496672919989884 ], [ 17.002438603760755, 52.496715233052811 ], [ 17.00247341662082, 52.496733989449744 ], [ 17.002533498168425, 52.49671872434584 ], [ 17.002850952218985, 52.49658818068297 ], [ 17.003324283365956, 52.496425909238312 ], [ 17.003579110448616, 52.496301681814046 ], [ 17.00375562211298, 52.49613979519318 ], [ 17.003797236020564, 52.496073489897555 ], [ 17.003784343748446, 52.495899412381206 ], [ 17.00371857299363, 52.495711760477654 ], [ 17.003734593719063, 52.495686666909556 ], [ 17.003777592831423, 52.495654833192489 ], [ 17.004003225227461, 52.495586146707836 ], [ 17.004128051134273, 52.495517647699096 ], [ 17.004163300889545, 52.495458430336832 ], [ 17.004157742783732, 52.495385932385147 ], [ 17.00412776007591, 52.495325614338313 ], [ 17.004035800342677, 52.495260652764124 ], [ 17.003947771868848, 52.495196746829571 ], [ 17.003664620337972, 52.495129907600095 ], [ 17.003559974940607, 52.495091264753839 ], [ 17.00331170073386, 52.494953958295291 ], [ 17.003132752236329, 52.494893283923979 ], [ 17.002816452922037, 52.494894599559494 ], [ 17.002465557468327, 52.494937423480373 ], [ 17.002010881379015, 52.494945304407594 ], [ 17.001349929710592, 52.494929730964984 ], [ 17.001191732875956, 52.494889191760308 ], [ 17.001164774527297, 52.494291244054992 ], [ 17.001162771985246, 52.494247677742159 ], [ 17.001156302907276, 52.494231108831237 ], [ 17.001127971929971, 52.494215699511678 ], [ 17.001098373784089, 52.494205485472378 ], [ 17.001065457317914, 52.494187210409322 ], [ 17.001033864200501, 52.494156005890652 ], [ 17.001019629013264, 52.494118978578719 ], [ 17.001010583608828, 52.493993534931661 ], [ 17.001012039633146, 52.493769781024781 ], [ 17.001030263227758, 52.493644168613912 ], [ 17.001040168741731, 52.493610967112204 ], [ 17.001097292458372, 52.493589356750867 ], [ 17.001114177432861, 52.493567965798675 ], [ 17.001109984516866, 52.493536954503135 ], [ 17.00107439846175, 52.493496328425415 ], [ 17.00097128433568, 52.493398076812234 ], [ 17.000943621647533, 52.493361452155675 ], [ 17.000935143260634, 52.493307972582464 ], [ 17.000936714182274, 52.493253853360926 ], [ 17.000942130823425, 52.493066233566154 ], [ 17.000876621925073, 52.492938126678183 ], [ 17.000758755380655, 52.492859772788833 ], [ 17.000543046329241, 52.492807377423553 ], [ 17.000319979760938, 52.49275476733137 ], [ 17.000041875754786, 52.492716786399477 ], [ 17.000000083850555, 52.492718778053167 ], [ 16.999972766546158, 52.492720025068827 ], [ 16.999868548570351, 52.492691639627154 ], [ 16.999652228608767, 52.49257483298279 ], [ 16.999540836078005, 52.492464297740838 ], [ 16.99929029492867, 52.492140581986867 ], [ 16.999140804292946, 52.492012402654915 ], [ 16.99909078432778, 52.491939242179271 ], [ 16.998819399840809, 52.491542498656649 ], [ 16.998739887238717, 52.491372509867574 ], [ 16.998566339827441, 52.491112245880991 ], [ 16.998389777915818, 52.490918398634051 ], [ 16.998245853580485, 52.490807311563955 ], [ 16.998148592382396, 52.490710235734781 ], [ 16.998105220077107, 52.490669207101249 ], [ 16.997876316471107, 52.490586452457684 ], [ 16.99761918130287, 52.490557545136582 ], [ 16.997315871778035, 52.490523358286019 ], [ 16.997026555799302, 52.490518459289703 ], [ 16.996691716499189, 52.49060740884785 ], [ 16.99644542487755, 52.490683556445653 ], [ 16.996188372105028, 52.490763029014389 ], [ 16.995987951202292, 52.490851105732311 ], [ 16.995905629548837, 52.490957013219791 ], [ 16.99590536253984, 52.491047131825709 ], [ 16.995991019587478, 52.491117389717857 ], [ 16.995996334923916, 52.491191682948227 ], [ 16.995983548851775, 52.491281679383853 ], [ 16.995959134085982, 52.491342247238748 ], [ 16.99588598733898, 52.491388947625801 ] ] ] ] } },
{ "type": "Feature", "properties": { "gml_id": "OT_ADJA_A.20", "lokalnyId": "322BD60C-5C60-598B-E053-CC2BA8C05138", "przestrzen": "PL.PZGiK.308.BDOT10k", "wersjaId": "2022-01-20T00:00:00", "czyObiektB": 0, "x_kod": "ADJA05", "x_skrKarto": null, "x_katDoklG": "Dok", "x_doklGeom": 1, "x_doklGe_1": "m", "x_zrodloDa": "PRG", "x_zrodlo_1": "PRG", "x_katIstni": null, "x_rodzajRe": "ZP", "x_aktualno": "2022-01-20", "x_aktual_1": "2022-01-20", "poczatekWe": "2022-01-20T00:00:00", "x_dataUtwo": "2012-11-13", "x_kodKarto": "0010_505", "x_kodKar_1": "0025_505", "x_kodKar_2": "0050_505", "x_kodKar_3": "0100_505", "x_kodKar_4": null, "x_kodKar_5": null, "x_kodKar_6": null, "nazwa": "Czerwonak", "idPRG": 1030210420, "idTerytJed": 3021, "idTerytTer": 3021042, "rodzaj": "GW", "PRG|BT_Ref": 1030210420, "PRG|BT_R_1": "PL.PZGiK.200", "x_informDo": null }, "geometry": { "type": "MultiPolygon", "coordinates": [ [ [ [ 16.987168169737796, 52.493326699619239 ], [ 16.987269218434264, 52.493259792378922 ], [ 16.987343785664478, 52.493204846634846 ], [ 16.987397622256154, 52.493161780401863 ], [ 16.98743965368098, 52.493125528861171 ], [ 16.987494450516948, 52.493061432182976 ], [ 16.987585032077437, 52.492939750979502 ], [ 16.987386084430906, 52.492756209455699 ], [ 16.985757182426543, 52.493543548417797 ], [ 16.985823532362545, 52.493687778153173 ], [ 16.985865295780464, 52.493796061561838 ], [ 16.985979588663966, 52.494100397231321 ], [ 16.985761555777465, 52.49427639135434 ], [ 16.985782360558758, 52.494327383738707 ], [ 16.986008836875268, 52.494882322957011 ], [ 16.986086883362319, 52.495112467641825 ], [ 16.985855171860376, 52.495165276517511 ], [ 16.985921676697412, 52.495325518693612 ], [ 16.986170868108825, 52.495286858558259 ], [ 16.986153490262776, 52.495235025167958 ], [ 16.98687998652051, 52.495151332434133 ], [ 16.986754830464996, 52.494932978551404 ], [ 16.986603319441429, 52.494617396895542 ], [ 16.986422069699401, 52.494307694742574 ], [ 16.986315712586247, 52.494132743214514 ], [ 16.986200468816882, 52.493955571585737 ], [ 16.986552288491833, 52.493725009919899 ], [ 16.987104848121284, 52.493367715526176 ], [ 16.987168169737796, 52.493326699619239 ] ] ] ] } },
{ "type": "Feature", "properties": { "gml_id": "OT_ADJA_A.20", "lokalnyId": "322BD60C-5C60-598B-E053-CC2BA8C05138", "przestrzen": "PL.PZGiK.308.BDOT10k", "wersjaId": "2022-01-20T00:00:00", "czyObiektB": 0, "x_kod": "ADJA05", "x_skrKarto": null, "x_katDoklG": "Dok", "x_doklGeom": 1, "x_doklGe_1": "m", "x_zrodloDa": "PRG", "x_zrodlo_1": "PRG", "x_katIstni": null, "x_rodzajRe": "ZP", "x_aktualno": "2022-01-20", "x_aktual_1": "2022-01-20", "poczatekWe": "2022-01-20T00:00:00", "x_dataUtwo": "2012-11-13", "x_kodKarto": "0010_505", "x_kodKar_1": "0025_505", "x_kodKar_2": "0050_505", "x_kodKar_3": "0100_505", "x_kodKar_4": null, "x_kodKar_5": null, "x_kodKar_6": null, "nazwa": "Czerwonak", "idPRG": 1030210420, "idTerytJed": 3021, "idTerytTer": 3021042, "rodzaj": "GW", "PRG|BT_Ref": 1030210420, "PRG|BT_R_1": "PL.PZGiK.200", "x_informDo": null }, "geometry": { "type": "MultiPolygon", "coordinates": [ [ [ [ 16.977015064246142, 52.495279593410345 ], [ 16.977007493459055, 52.495318385493405 ], [ 16.977071959551296, 52.495320117635288 ], [ 16.97743563815779, 52.495330114450333 ], [ 16.977767285572881, 52.495341271455935 ], [ 16.977782360448273, 52.495067381560048 ], [ 16.977795387702429, 52.494831682612116 ], [ 16.978135209860522, 52.494815545618657 ], [ 16.978502291382018, 52.494793037822689 ], [ 16.978481958552951, 52.495017818755457 ], [ 16.978477432652635, 52.495068289617663 ], [ 16.978451230024721, 52.495359978078618 ], [ 16.978450605670346, 52.495367162882687 ], [ 16.978802228953182, 52.495382975664619 ], [ 16.978868121535537, 52.494768888525243 ], [ 16.978826105050327, 52.494705030280393 ], [ 16.978524481587499, 52.494678739170695 ], [ 16.97846096527585, 52.494643475142695 ], [ 16.978312608394443, 52.494523833162333 ], [ 16.97826160878337, 52.494520892768875 ], [ 16.977767261202153, 52.494526203502133 ], [ 16.977099221290327, 52.49449517274649 ], [ 16.977041118949366, 52.495073890881919 ], [ 16.977015064246142, 52.495279593410345 ] ] ] ] } },
{ "type": "Feature", "properties": { "gml_id": "OT_ADJA_A.20", "lokalnyId": "322BD60C-5C60-598B-E053-CC2BA8C05138", "przestrzen": "PL.PZGiK.308.BDOT10k", "wersjaId": "2022-01-20T00:00:00", "czyObiektB": 0, "x_kod": "ADJA05", "x_skrKarto": null, "x_katDoklG": "Dok", "x_doklGeom": 1, "x_doklGe_1": "m", "x_zrodloDa": "PRG", "x_zrodlo_1": "PRG", "x_katIstni": null, "x_rodzajRe": "ZP", "x_aktualno": "2022-01-20", "x_aktual_1": "2022-01-20", "poczatekWe": "2022-01-20T00:00:00", "x_dataUtwo": "2012-11-13", "x_kodKarto": "0010_505", "x_kodKar_1": "0025_505", "x_kodKar_2": "0050_505", "x_kodKar_3": "0100_505", "x_kodKar_4": null, "x_kodKar_5": null, "x_kodKar_6": null, "nazwa": "Czerwonak", "idPRG": 1030210420, "idTerytJed": 3021, "idTerytTer": 3021042, "rodzaj": "GW", "PRG|BT_Ref": 1030210420, "PRG|BT_R_1": "PL.PZGiK.200", "x_informDo": null }, "geometry": { "type": "MultiPolygon", "coordinates": [ [ [ [ 16.977591025676709, 52.496182736872676 ], [ 16.977609646631741, 52.496072424822785 ], [ 16.977562996824847, 52.496070997607234 ], [ 16.976960511292909, 52.496036769787125 ], [ 16.976909587825787, 52.496481478644839 ], [ 16.976857200705155, 52.496881010819429 ], [ 16.976835377940393, 52.49706421211468 ], [ 16.977500715445235, 52.496875645968636 ], [ 16.977512045874708, 52.496728332479115 ], [ 16.977591025676709, 52.496182736872676 ] ] ] ] } },
{ "type": "Feature", "properties": { "gml_id": "OT_ADJA_A.20", "lokalnyId": "322BD60C-5C60-598B-E053-CC2BA8C05138", "przestrzen": "PL.PZGiK.308.BDOT10k", "wersjaId": "2022-01-20T00:00:00", "czyObiektB": 0, "x_kod": "ADJA05", "x_skrKarto": null, "x_katDoklG": "Dok", "x_doklGeom": 1, "x_doklGe_1": "m", "x_zrodloDa": "PRG", "x_zrodlo_1": "PRG", "x_katIstni": null, "x_rodzajRe": "ZP", "x_aktualno": "2022-01-20", "x_aktual_1": "2022-01-20", "poczatekWe": "2022-01-20T00:00:00", "x_dataUtwo": "2012-11-13", "x_kodKarto": "0010_505", "x_kodKar_1": "0025_505", "x_kodKar_2": "0050_505", "x_kodKar_3": "0100_505", "x_kodKar_4": null, "x_kodKar_5": null, "x_kodKar_6": null, "nazwa": "Czerwonak", "idPRG": 1030210420, "idTerytJed": 3021, "idTerytTer": 3021042, "rodzaj": "GW", "PRG|BT_Ref": 1030210420, "PRG|BT_R_1": "PL.PZGiK.200", "x_informDo": null }, "geometry": { "type": "MultiPolygon", "coordinates": [ ] } },
{ "type": "Feature", "properties": { "gml_id": "OT_ADJA_A.20", "lokalnyId": "322BD60C-5C60-598B-E053-CC2BA8C05138", "przestrzen": "PL.PZGiK.308.BDOT10k", "wersjaId": "2022-01-20T00:00:00", "czyObiektB": 0, "x_kod": "ADJA05", "x_skrKarto": null, "x_katDoklG": "Dok", "x_doklGeom": 1, "x_doklGe_1": "m", "x_zrodloDa": "PRG", "x_zrodlo_1": "PRG", "x_katIstni": null, "x_rodzajRe": "ZP", "x_aktualno": "2022-01-20", "x_aktual_1": "2022-01-20", "poczatekWe": "2022-01-20T00:00:00", "x_dataUtwo": "2012-11-13", "x_kodKarto": "0010_505", "x_kodKar_1": "0025_505", "x_kodKar_2": "0050_505", "x_kodKar_3": "0100_505", "x_kodKar_4": null, "x_kodKar_5": null, "x_kodKar_6": null, "nazwa": "Czerwonak", "idPRG": 1030210420, "idTerytJed": 3021, "idTerytTer": 3021042, "rodzaj": "GW", "PRG|BT_Ref": 1030210420, "PRG|BT_R_1": "PL.PZGiK.200", "x_informDo": null }, "geometry": { "type": "MultiPolygon", "coordinates": [ [ [ [ 16.9846257343819, 52.499024670032298 ], [ 16.984782192585957, 52.49920632278733 ], [ 16.984941205269362, 52.499551265901069 ], [ 16.984974403010096, 52.499727670540437 ], [ 16.984906174116254, 52.500004612883679 ], [ 16.984903214106957, 52.500154745948649 ], [ 16.985509342891874, 52.500731055639427 ], [ 16.986175843263208, 52.501366622540651 ], [ 16.986541165440475, 52.501715262205366 ], [ 16.987036899533845, 52.502187116630324 ], [ 16.987383967412569, 52.502513579750136 ], [ 16.987905724727433, 52.503026587364538 ], [ 16.988069301112944, 52.503201430917379 ], [ 16.988250500577422, 52.503419656723601 ], [ 16.988401122837896, 52.503626479142291 ], [ 16.988592098878392, 52.503905042622542 ], [ 16.988787124803618, 52.504262824608375 ], [ 16.988890408122099, 52.504512284034071 ], [ 16.988962449913569, 52.504719658505167 ], [ 16.989045026154216, 52.504996558173254 ], [ 16.989116431593263, 52.505389024706254 ], [ 16.989127350518405, 52.505550208545081 ], [ 16.989128364575734, 52.505805664308497 ], [ 16.989124638685105, 52.505984138106378 ], [ 16.989075893816906, 52.506367366695194 ], [ 16.989001978190963, 52.506688466371571 ], [ 16.98889228643484, 52.507069939230497 ], [ 16.988789532608291, 52.507415642626185 ], [ 16.988580255033558, 52.508112021845122 ], [ 16.988770364218905, 52.508148533050644 ], [ 16.990177259865252, 52.508593377367148 ], [ 16.990621862033272, 52.508702835523351 ], [ 16.990884556006201, 52.508686430432242 ], [ 16.990933490948731, 52.508683304003767 ], [ 16.991069296687492, 52.508685610299779 ], [ 16.9912659701764, 52.508710806160963 ], [ 16.991328775164874, 52.50871061337461 ], [ 16.991392091456049, 52.508712138154657 ], [ 16.991421661093305, 52.508710211751144 ], [ 16.99159272059871, 52.508699084886587 ], [ 16.991760413671937, 52.508674499110285 ], [ 16.991851381510717, 52.508661202730352 ], [ 16.991941567068242, 52.50853897195195 ], [ 16.992080621021135, 52.508479721227545 ], [ 16.992130615234267, 52.508414551571512 ], [ 16.992222474283903, 52.508203845011884 ], [ 16.992338282513678, 52.508085376696989 ], [ 16.992657081878047, 52.507846951002918 ], [ 16.992831352656051, 52.507684412744069 ], [ 16.994229032518142, 52.506328572370457 ], [ 16.994233868726045, 52.506309766327206 ], [ 16.994438920822873, 52.505506543537145 ], [ 16.994500082652515, 52.505267162616477 ], [ 16.994771572981726, 52.50434148373553 ], [ 16.995324384862428, 52.503481373483424 ], [ 16.995519131134351, 52.503237510013854 ], [ 16.99555464360899, 52.503137285568236 ], [ 16.995442862687185, 52.502992831628085 ], [ 16.995610595760184, 52.50287937744379 ], [ 16.996518466248432, 52.50229708538356 ], [ 16.996278888138637, 52.502042715871497 ], [ 16.995312033155535, 52.500734211860873 ], [ 16.994877186226788, 52.500781077361381 ], [ 16.994691402748007, 52.500766685146289 ], [ 16.993828633872994, 52.500565873712361 ], [ 16.993571960285458, 52.500486777569371 ], [ 16.992884069860281, 52.500274624342843 ], [ 16.992278660645137, 52.500037873457813 ], [ 16.992072792025272, 52.499950102333749 ], [ 16.99146424534873, 52.499665983830113 ], [ 16.990610231840925, 52.499273988089477 ], [ 16.989857339964161, 52.498969060630856 ], [ 16.988891706994977, 52.498911453141808 ], [ 16.988361464586617, 52.498885257749627 ], [ 16.987365221715454, 52.498900960618485 ], [ 16.986888041196568, 52.498913347657428 ], [ 16.986672049357953, 52.498931347889439 ], [ 16.985934747417229, 52.498998576018103 ], [ 16.985819441357044, 52.498996612675214 ], [ 16.985741706152652, 52.498981977390876 ], [ 16.985666174362358, 52.498954607630957 ], [ 16.985604229722025, 52.498916945841636 ], [ 16.985542283766765, 52.49886642210673 ], [ 16.985239900082725, 52.498569226231766 ], [ 16.985062421716389, 52.498383168553865 ], [ 16.985032084362388, 52.498353690034335 ], [ 16.985001894308223, 52.498324214015831 ], [ 16.984904265206151, 52.498267685474381 ], [ 16.984353903867216, 52.498311015248049 ], [ 16.984313096551247, 52.498310679648256 ], [ 16.984271594821131, 52.498306194808592 ], [ 16.984214748299635, 52.498289216168004 ], [ 16.984163187482054, 52.498269449391991 ], [ 16.984116987163777, 52.498242038823179 ], [ 16.984070883040719, 52.498206085260257 ], [ 16.983968684944486, 52.498104506408325 ], [ 16.98390987951176, 52.498036946085676 ], [ 16.983884533504654, 52.498007912108967 ], [ 16.983829176026205, 52.497926199466249 ], [ 16.983801426803481, 52.497856290239341 ], [ 16.983764308602982, 52.497710938744234 ], [ 16.983746434065509, 52.497641017930654 ], [ 16.983714269186347, 52.497448620539338 ], [ 16.983698658653715, 52.49735499326664 ], [ 16.983548723091268, 52.497369166840969 ], [ 16.983143749297589, 52.497404535849853 ], [ 16.982535794415533, 52.497450652703833 ], [ 16.98226972363253, 52.497471388448893 ], [ 16.982180052215153, 52.49748577877326 ], [ 16.982267791138479, 52.497565076455359 ], [ 16.982680865478819, 52.497938641070576 ], [ 16.983207362797046, 52.4984487832388 ], [ 16.983454240048619, 52.498676861136836 ], [ 16.98403592765359, 52.49887340855264 ], [ 16.984449085300866, 52.498952583732134 ], [ 16.9846257343819, 52.499024670032298 ] ] ] ] } },
{ "type": "Feature", "properties": { "gml_id": "OT_ADJA_A.20", "lokalnyId": "322BD60C-5C60-598B-E053-CC2BA8C05138", "przestrzen": "PL.PZGiK.308.BDOT10k", "wersjaId": "2022-01-20T00:00:00", "czyObiektB": 0, "x_kod": "ADJA05", "x_skrKarto": null, "x_katDoklG": "Dok", "x_doklGeom": 1, "x_doklGe_1": "m", "x_zrodloDa": "PRG", "x_zrodlo_1": "PRG", "x_katIstni": null, "x_rodzajRe": "ZP", "x_aktualno": "2022-01-20", "x_aktual_1": "2022-01-20", "poczatekWe": "2022-01-20T00:00:00", "x_dataUtwo": "2012-11-13", "x_kodKarto": "0010_505", "x_kodKar_1": "0025_505", "x_kodKar_2": "0050_505", "x_kodKar_3": "0100_505", "x_kodKar_4": null, "x_kodKar_5": null, "x_kodKar_6": null, "nazwa": "Czerwonak", "idPRG": 1030210420, "idTerytJed": 3021, "idTerytTer": 3021042, "rodzaj": "GW", "PRG|BT_Ref": 1030210420, "PRG|BT_R_1": "PL.PZGiK.200", "x_informDo": null }, "geometry": { "type": "MultiPolygon", "coordinates": [ [ [ [ 16.97542546386466, 52.506037935694657 ], [ 16.975540239514082, 52.505153868143019 ], [ 16.975690231696216, 52.503861310756633 ], [ 16.975842139251373, 52.503864946218933 ], [ 16.975896454900127, 52.503410908315573 ], [ 16.975927175448302, 52.503103901822534 ], [ 16.975961101752947, 52.502847642277871 ], [ 16.975980702341705, 52.502662106561964 ], [ 16.976068870885239, 52.501943216886851 ], [ 16.975929912554005, 52.501938835934375 ], [ 16.976120651169701, 52.500416408874834 ], [ 16.9761263545331, 52.500385296097036 ], [ 16.976154729867918, 52.499963317421688 ], [ 16.976188124548681, 52.499685513935049 ], [ 16.975825782717415, 52.499632813292891 ], [ 16.97561114663446, 52.499563391570142 ], [ 16.975585468608394, 52.499631488998205 ], [ 16.97528257552511, 52.500594185930105 ], [ 16.975224596512486, 52.500678819637294 ], [ 16.975090261999686, 52.500738041437799 ], [ 16.975003457824027, 52.500770014422187 ], [ 16.974956324477947, 52.500814269188588 ], [ 16.974876567721363, 52.500866060335163 ], [ 16.974723604158324, 52.500904095922266 ], [ 16.974663247015801, 52.500934632652829 ], [ 16.974487239401512, 52.500964178471627 ], [ 16.974364974023768, 52.500972428316935 ], [ 16.974257210332574, 52.500963387414977 ], [ 16.97419905663773, 52.500952407785832 ], [ 16.974117399577736, 52.500936528430778 ], [ 16.974028123616275, 52.500881213253052 ], [ 16.97388157424615, 52.500779765416269 ], [ 16.973757880908021, 52.500729347056904 ], [ 16.973752336354931, 52.500689676972456 ], [ 16.973827403231358, 52.500505949174674 ], [ 16.973963896467826, 52.500095356784264 ], [ 16.973965148782899, 52.50006812537297 ], [ 16.973944934653165, 52.500046192722287 ], [ 16.973918940662553, 52.500040980491768 ], [ 16.973564691597787, 52.500010987342655 ], [ 16.973130886769642, 52.499989973470491 ], [ 16.973004862192791, 52.499961460552008 ], [ 16.972996734019027, 52.499977960805744 ], [ 16.972994616316612, 52.499991955694874 ], [ 16.972995865873294, 52.500054487804768 ], [ 16.972998653661136, 52.500083587310392 ], [ 16.972997241733516, 52.500101461861817 ], [ 16.972988479926723, 52.500125326619653 ], [ 16.972977451909923, 52.500140787801968 ], [ 16.972955965835478, 52.50016893168371 ], [ 16.972940906291658, 52.500188731005849 ], [ 16.972925509510333, 52.50022867187932 ], [ 16.972903700886622, 52.500321479562928 ], [ 16.972881379585306, 52.500383787627889 ], [ 16.972815525468619, 52.500501744193201 ], [ 16.972786470157537, 52.500556651416801 ], [ 16.972765015419643, 52.500603324151122 ], [ 16.972753903066511, 52.500639830633638 ], [ 16.972741349687823, 52.500694840768134 ], [ 16.972738984626968, 52.50072061400391 ], [ 16.972742520300535, 52.500759080449022 ], [ 16.972750119741871, 52.50078610377804 ], [ 16.972784185957487, 52.500888143802371 ], [ 16.972789836274053, 52.500919091235836 ], [ 16.972788599736653, 52.500945963133134 ], [ 16.972777789208195, 52.500975908917958 ], [ 16.972752529202054, 52.501015590790018 ], [ 16.972736076071282, 52.501040043261881 ], [ 16.972707586888529, 52.501082637916035 ], [ 16.972604020345234, 52.50126101962406 ], [ 16.972580098713333, 52.501306840552239 ], [ 16.972555529177797, 52.50134752359488 ], [ 16.972517914259917, 52.501444287629006 ], [ 16.972504759804874, 52.50152195317915 ], [ 16.972499983605616, 52.501542468362103 ], [ 16.972495542439464, 52.501555703868995 ], [ 16.972477654351575, 52.50158570820318 ], [ 16.972453456049646, 52.501627926626085 ], [ 16.972428566853015, 52.501669143823982 ], [ 16.972389241936192, 52.50173259943508 ], [ 16.97236331176855, 52.501761206695306 ], [ 16.972348843771858, 52.501774540155481 ], [ 16.972301214400549, 52.501813478717906 ], [ 16.972245068094431, 52.501851731602997 ], [ 16.972184912270631, 52.501906645207463 ], [ 16.972158326591941, 52.50193668028146 ], [ 16.972136437751729, 52.501989551556854 ], [ 16.972118794888342, 52.502043035278248 ], [ 16.972120583528859, 52.502081022070648 ], [ 16.972128232438831, 52.502106966962231 ], [ 16.972145460548294, 52.502152144076732 ], [ 16.972155861319031, 52.502172739534942 ], [ 16.972158937429015, 52.502189161972822 ], [ 16.972158842238485, 52.502207238970911 ], [ 16.972152576532892, 52.50222808837885 ], [ 16.972138978678473, 52.502251330508159 ], [ 16.972101462300785, 52.502304293646752 ], [ 16.972059825483576, 52.502366720138355 ], [ 16.972029585628448, 52.502421696812092 ], [ 16.971977410083394, 52.502524147314098 ], [ 16.971930752040286, 52.502628401314105 ], [ 16.971904040567104, 52.502686766355644 ], [ 16.971886802755964, 52.502715432598897 ], [ 16.971861493863599, 52.50274333085558 ], [ 16.97180092253209, 52.502807231488319 ], [ 16.971765837811358, 52.502855379269491 ], [ 16.971688228043799, 52.502972414100341 ], [ 16.971635086788687, 52.50304138893901 ], [ 16.971467905593684, 52.503186299207847 ], [ 16.97143027201809, 52.503225768613255 ], [ 16.971244366057483, 52.50342198499235 ], [ 16.971124182055132, 52.5035704890389 ], [ 16.971070161605489, 52.503658516556357 ], [ 16.971036472716424, 52.503740326908456 ], [ 16.970996677529619, 52.503849105485237 ], [ 16.970978828516504, 52.503916616675291 ], [ 16.97096760151539, 52.503971559424031 ], [ 16.970960571995082, 52.503996173291554 ], [ 16.97094411671808, 52.504020625481218 ], [ 16.970911961947149, 52.504056321134271 ], [ 16.970867839855842, 52.504108630919724 ], [ 16.970800422985096, 52.504183476667251 ], [ 16.97075695775618, 52.504231120621839 ], [ 16.970655064954396, 52.504328040615547 ], [ 16.970547951267665, 52.504432696031607 ], [ 16.970448694338469, 52.504533168865784 ], [ 16.970395121590514, 52.504598627961386 ], [ 16.970351736527096, 52.504647712240256 ], [ 16.970324231634713, 52.504684836669099 ], [ 16.970308987105295, 52.50470858999865 ], [ 16.970272971240128, 52.504748086799921 ], [ 16.97020237794576, 52.504815052633219 ], [ 16.9701265651826, 52.504880129993126 ], [ 16.970060334527115, 52.504929181918918 ], [ 16.969995508430735, 52.504982934969576 ], [ 16.969928944757243, 52.505048800529089 ], [ 16.9698644994365, 52.505123067145114 ], [ 16.969793804110516, 52.505201813577152 ], [ 16.969738022632193, 52.505270382494103 ], [ 16.969767558878171, 52.505374684126473 ], [ 16.96981951205284, 52.505433949042867 ], [ 16.970316482116463, 52.50545758751543 ], [ 16.970575447136429, 52.50548028902432 ], [ 16.971111759278052, 52.505587436953206 ], [ 16.971169815192273, 52.505584655038263 ], [ 16.971209052047985, 52.505580830797285 ], [ 16.971251191954909, 52.505526777969514 ], [ 16.971291797518855, 52.505480433946168 ], [ 16.971294268682612, 52.505426780115016 ], [ 16.971340137693446, 52.505330158036038 ], [ 16.971407572361109, 52.505238942593586 ], [ 16.971536251698954, 52.505194108800907 ], [ 16.971627046730354, 52.505078919145312 ], [ 16.971667135146415, 52.504979769351301 ], [ 16.971760289232844, 52.504733302675902 ], [ 16.971881466866346, 52.504297535796759 ], [ 16.972086124832263, 52.503860501623059 ], [ 16.972305280273414, 52.503313355032567 ], [ 16.972367224952919, 52.503187596616819 ], [ 16.972399434089496, 52.503121860406935 ], [ 16.972470657734988, 52.503098706535496 ], [ 16.972518301732634, 52.503081894234448 ], [ 16.972534771549103, 52.503066706251879 ], [ 16.972551392764732, 52.503051430918518 ], [ 16.972648533120161, 52.502823830032305 ], [ 16.972734512741674, 52.502668981907505 ], [ 16.972784993913859, 52.502638546725422 ], [ 16.972839583929236, 52.50262131367419 ], [ 16.973121063978041, 52.502641247542527 ], [ 16.973157938506805, 52.502643858120962 ], [ 16.973234711330782, 52.50267305599855 ], [ 16.973270598384566, 52.502729165951372 ], [ 16.973218841490432, 52.502909065426088 ], [ 16.97330214619782, 52.502975701683717 ], [ 16.973451451277946, 52.503033394936629 ], [ 16.973529308767809, 52.503147967484416 ], [ 16.973565347978948, 52.503203990001651 ], [ 16.973633214199939, 52.503253811957251 ], [ 16.973683098038169, 52.50327481378438 ], [ 16.973766693450806, 52.503283890908541 ], [ 16.974417207159323, 52.503349537459179 ], [ 16.974502445408476, 52.503345330571314 ], [ 16.974565324560704, 52.503362597028442 ], [ 16.974579975252244, 52.50339657664825 ], [ 16.974562632245036, 52.503523729469109 ], [ 16.974528217549555, 52.503570180595744 ], [ 16.974458660391939, 52.50357312697755 ], [ 16.974159385441435, 52.503510528260215 ], [ 16.973761899161946, 52.503445796839252 ], [ 16.973677079763554, 52.503437688124862 ], [ 16.973639709986635, 52.503442624475063 ], [ 16.973623916324915, 52.50345593538038 ], [ 16.973606451925672, 52.503489544870511 ], [ 16.973564086874241, 52.503977931299822 ], [ 16.973558508740194, 52.504278606427256 ], [ 16.973550673810198, 52.504448914921539 ], [ 16.973557748679163, 52.504496975940903 ], [ 16.973566654945756, 52.504556491141464 ], [ 16.973581934392783, 52.504660097828143 ], [ 16.973672398423716, 52.504837127000805 ], [ 16.973678567565816, 52.504888860172464 ], [ 16.973690228920912, 52.50498781774926 ], [ 16.973619009734403, 52.505106942021357 ], [ 16.973466529102229, 52.505204616798693 ], [ 16.973322674424807, 52.505297402337639 ], [ 16.973056763900718, 52.505403206868692 ], [ 16.972854392882695, 52.505435086884106 ], [ 16.972713642486237, 52.505444367488849 ], [ 16.972598930905853, 52.505400308053353 ], [ 16.972563223082144, 52.505359491375422 ], [ 16.972536473906835, 52.505328991831824 ], [ 16.972441860043514, 52.505242193812066 ], [ 16.972278515860978, 52.50515313828592 ], [ 16.97221331336598, 52.50513187329328 ], [ 16.972158071324706, 52.505137582140996 ], [ 16.972116290577411, 52.505148648499649 ], [ 16.972086738101286, 52.505191854377166 ], [ 16.972008706758107, 52.505452431827251 ], [ 16.971889345230267, 52.505845506802672 ], [ 16.971919963163071, 52.505894421268934 ], [ 16.972004814206617, 52.505905140110556 ], [ 16.972189417841424, 52.505900659527995 ], [ 16.972329938105975, 52.505896412421578 ], [ 16.972515130874356, 52.505907951350366 ], [ 16.972610412020209, 52.505932250081941 ], [ 16.972697256722661, 52.505957303589412 ], [ 16.972767961731908, 52.506006365157951 ], [ 16.972889931651498, 52.506257868257535 ], [ 16.972918472243073, 52.506291096709411 ], [ 16.972957385371, 52.50629751988172 ], [ 16.973240876159554, 52.506344740581504 ], [ 16.973243030429185, 52.506198619526735 ], [ 16.973782043880419, 52.506199308573734 ], [ 16.97391897074165, 52.506199495191716 ], [ 16.97404116085227, 52.50619960915413 ], [ 16.974539542953654, 52.506202387123537 ], [ 16.974664498445012, 52.50620326733722 ], [ 16.975352468134282, 52.50621180605647 ], [ 16.975398016393338, 52.506211776121141 ], [ 16.975412927954892, 52.506159439349489 ], [ 16.97542129810833, 52.506067635643205 ], [ 16.97542546386466, 52.506037935694657 ] ] ] ] } },
{ "type": "Feature", "properties": { "gml_id": "OT_ADJA_A.20", "lokalnyId": "322BD60C-5C60-598B-E053-CC2BA8C05138", "przestrzen": "PL.PZGiK.308.BDOT10k", "wersjaId": "2022-01-20T00:00:00", "czyObiektB": 0, "x_kod": "ADJA05", "x_skrKarto": null, "x_katDoklG": "Dok", "x_doklGeom": 1, "x_doklGe_1": "m", "x_zrodloDa": "PRG", "x_zrodlo_1": "PRG", "x_katIstni": null, "x_rodzajRe": "ZP", "x_aktualno": "2022-01-20", "x_aktual_1": "2022-01-20", "poczatekWe": "2022-01-20T00:00:00", "x_dataUtwo": "2012-11-13", "x_kodKarto": "0010_505", "x_kodKar_1": "0025_505", "x_kodKar_2": "0050_505", "x_kodKar_3": "0100_505", "x_kodKar_4": null, "x_kodKar_5": null, "x_kodKar_6": null, "nazwa": "Czerwonak", "idPRG": 1030210420, "idTerytJed": 3021, "idTerytTer": 3021042, "rodzaj": "GW", "PRG|BT_Ref": 1030210420, "PRG|BT_R_1": "PL.PZGiK.200", "x_informDo": null }, "geometry": { "type": "MultiPolygon", "coordinates": [ [ [ [ 16.983571724911361, 52.5081105832557 ], [ 16.983213870842803, 52.507903459953027 ], [ 16.9831487461609, 52.50787707562948 ], [ 16.983056153053838, 52.507845366012212 ], [ 16.982981758926616, 52.507828267590007 ], [ 16.982914151712446, 52.507814252969247 ], [ 16.982836003667778, 52.507805095392008 ], [ 16.981215767810397, 52.507839337709747 ], [ 16.981265888333201, 52.508286311405094 ], [ 16.981249437443516, 52.508362212581034 ], [ 16.981271479405393, 52.50843769130978 ], [ 16.981306810354994, 52.508461229736042 ], [ 16.981331616616806, 52.508489265604219 ], [ 16.981435729387336, 52.508687747963322 ], [ 16.981546699730828, 52.508942471785907 ], [ 16.981548595304627, 52.508965439646516 ], [ 16.981547250392534, 52.508988352217081 ], [ 16.981511611613517, 52.50910017314213 ], [ 16.981507450437405, 52.509113773509128 ], [ 16.981506619385385, 52.509128689901381 ], [ 16.98379954075623, 52.509084683297843 ], [ 16.983571724911361, 52.5081105832557 ] ] ] ] } },
{ "type": "Feature", "properties": { "gml_id": "OT_ADJA_A.20", "lokalnyId": "322BD60C-5C60-598B-E053-CC2BA8C05138", "przestrzen": "PL.PZGiK.308.BDOT10k", "wersjaId": "2022-01-20T00:00:00", "czyObiektB": 0, "x_kod": "ADJA05", "x_skrKarto": null, "x_katDoklG": "Dok", "x_doklGeom": 1, "x_doklGe_1": "m", "x_zrodloDa": "PRG", "x_zrodlo_1": "PRG", "x_katIstni": null, "x_rodzajRe": "ZP", "x_aktualno": "2022-01-20", "x_aktual_1": "2022-01-20", "poczatekWe": "2022-01-20T00:00:00", "x_dataUtwo": "2012-11-13", "x_kodKarto": "0010_505", "x_kodKar_1": "0025_505", "x_kodKar_2": "0050_505", "x_kodKar_3": "0100_505", "x_kodKar_4": null, "x_kodKar_5": null, "x_kodKar_6": null, "nazwa": "Czerwonak", "idPRG": 1030210420, "idTerytJed": 3021, "idTerytTer": 3021042, "rodzaj": "GW", "PRG|BT_Ref": 1030210420, "PRG|BT_R_1": "PL.PZGiK.200", "x_informDo": null }, "geometry": { "type": "MultiPolygon", "coordinates": [ [ [ [ 16.970451495066008, 52.511381955579402 ], [ 16.970377798045686, 52.51147765014457 ], [ 16.970206534635672, 52.511895826454534 ], [ 16.970046747835156, 52.512151312073193 ], [ 16.969929883233, 52.51226236549838 ], [ 16.970059792690428, 52.512252092551087 ], [ 16.970109244711132, 52.512241068564087 ], [ 16.970156379911082, 52.512238729307072 ], [ 16.970284265269957, 52.512240383846525 ], [ 16.970399237529634, 52.51224073739084 ], [ 16.970623183984841, 52.512240441819337 ], [ 16.970909763972717, 52.51224059050972 ], [ 16.970946943679625, 52.511961594426175 ], [ 16.970975299838472, 52.511557335825323 ], [ 16.9709751873452, 52.511508584614056 ], [ 16.970943684092227, 52.511450030843584 ], [ 16.970451495066008, 52.511381955579402 ] ] ] ] } },
{ "type": "Feature", "properties": { "gml_id": "OT_ADJA_A.20", "lokalnyId": "322BD60C-5C60-598B-E053-CC2BA8C05138", "przestrzen": "PL.PZGiK.308.BDOT10k", "wersjaId": "2022-01-20T00:00:00", "czyObiektB": 0, "x_kod": "ADJA05", "x_skrKarto": null, "x_katDoklG": "Dok", "x_doklGeom": 1, "x_doklGe_1": "m", "x_zrodloDa": "PRG", "x_zrodlo_1": "PRG", "x_katIstni": null, "x_rodzajRe": "ZP", "x_aktualno": "2022-01-20", "x_aktual_1": "2022-01-20", "poczatekWe": "2022-01-20T00:00:00", "x_dataUtwo": "2012-11-13", "x_kodKarto": "0010_505", "x_kodKar_1": "0025_505", "x_kodKar_2": "0050_505", "x_kodKar_3": "0100_505", "x_kodKar_4": null, "x_kodKar_5": null, "x_kodKar_6": null, "nazwa": "Czerwonak", "idPRG": 1030210420, "idTerytJed": 3021, "idTerytTer": 3021042, "rodzaj": "GW", "PRG|BT_Ref": 1030210420, "PRG|BT_R_1": "PL.PZGiK.200", "x_informDo": null }, "geometry": { "type": "MultiPolygon", "coordinates": [ [ [ [ 16.988877777018217, 52.515441683612949 ], [ 16.989037371326976, 52.515498182401302 ], [ 16.989152201015994, 52.515530894711098 ], [ 16.989224564983402, 52.515544356898211 ], [ 16.989298058716884, 52.515555679609591 ], [ 16.989387136168538, 52.515561510766801 ], [ 16.989512638027197, 52.515567151364458 ], [ 16.989657480774074, 52.51556250720747 ], [ 16.989763567052233, 52.515554236223046 ], [ 16.989880567488164, 52.515542642806302 ], [ 16.990006852972556, 52.51553111708111 ], [ 16.990077631773232, 52.515524404581605 ], [ 16.990157687087656, 52.515521177523773 ], [ 16.990204472523978, 52.515523321466958 ], [ 16.990284564034759, 52.515525761346858 ], [ 16.990372397405981, 52.515533009715718 ], [ 16.990468267649003, 52.515541833619345 ], [ 16.990547703980646, 52.515548939227486 ], [ 16.990627144440698, 52.515555954909196 ], [ 16.990733997999946, 52.515566404228679 ], [ 16.990859512071722, 52.515575011721467 ], [ 16.991106972534443, 52.51558640937521 ], [ 16.991195956019475, 52.515594306260631 ], [ 16.991247336577523, 52.51560237410699 ], [ 16.99129969889821, 52.515614775862872 ], [ 16.991358890896397, 52.515629362239473 ], [ 16.99142860346576, 52.515649253950137 ], [ 16.991485044900124, 52.515672428090561 ], [ 16.991557612718282, 52.515707298731598 ], [ 16.991604785798351, 52.51572680769339 ], [ 16.991661210773064, 52.515753579187574 ], [ 16.991627635277979, 52.515691308339647 ], [ 16.991599382259945, 52.515648105803699 ], [ 16.991548466670292, 52.515607216818914 ], [ 16.991462437057567, 52.515557187092114 ], [ 16.991410760512942, 52.515516824784768 ], [ 16.991320100475704, 52.515448727741003 ], [ 16.99121921548381, 52.515368854367182 ], [ 16.991174345244552, 52.51532150202334 ], [ 16.991122604811142, 52.515269625797877 ], [ 16.991095248752103, 52.515226168535015 ], [ 16.991067975052605, 52.515177675856378 ], [ 16.991057647781567, 52.515119667150074 ], [ 16.991040184958365, 52.515050024571174 ], [ 16.991024307075705, 52.514923025274136 ], [ 16.99100872981699, 52.514776513447231 ], [ 16.991004071237391, 52.514620113413045 ], [ 16.991002171721341, 52.514496949193813 ], [ 16.991001444079767, 52.514445039727498 ], [ 16.991010375048386, 52.51437854362527 ], [ 16.9910073425932, 52.514293136223195 ], [ 16.990978890104333, 52.514167092627304 ], [ 16.990971213094067, 52.513996070551656 ], [ 16.990956826903567, 52.513807305707019 ], [ 16.990944222820705, 52.513640876984802 ], [ 16.990951184410381, 52.513410741096671 ], [ 16.990960593793123, 52.513126950788198 ], [ 16.990981131543272, 52.51303546773692 ], [ 16.991002239349406, 52.512973495671929 ], [ 16.991026821301055, 52.512909693795606 ], [ 16.991054444538157, 52.512834161023243 ], [ 16.991070013278136, 52.512799887278653 ], [ 16.991073455553632, 52.512789062626744 ], [ 16.991077045135793, 52.512778240476159 ], [ 16.991080693871929, 52.512746732435346 ], [ 16.991080526351244, 52.512698700017722 ], [ 16.991065840351819, 52.512655457869634 ], [ 16.991045851297045, 52.512612125666557 ], [ 16.990232880545626, 52.512555864451066 ], [ 16.989735577436608, 52.512521421583493 ], [ 16.988871166778143, 52.512468234376399 ], [ 16.987890559538499, 52.512376997445699 ], [ 16.987736332027701, 52.512358184484413 ], [ 16.987694317821575, 52.5124743058945 ], [ 16.987667837708074, 52.51255696287172 ], [ 16.987578214657528, 52.512837409886231 ], [ 16.987181824144031, 52.514178463217142 ], [ 16.987167497301595, 52.51422741831496 ], [ 16.987055530688259, 52.514609480180674 ], [ 16.987210545223487, 52.514662845491706 ], [ 16.987320245910439, 52.514707704601818 ], [ 16.987406067111213, 52.514742803302006 ], [ 16.987483038361987, 52.514771545321651 ], [ 16.987573724763021, 52.514809874666817 ], [ 16.987711956866939, 52.514875635802525 ], [ 16.987937436281086, 52.51499693640438 ], [ 16.988259528632511, 52.515165660458614 ], [ 16.988302148761665, 52.515187971510066 ], [ 16.988377372131961, 52.515229185295532 ], [ 16.988483093780221, 52.51527406559044 ], [ 16.988877777018217, 52.515441683612949 ] ] ] ] } },
{ "type": "Feature", "properties": { "gml_id": "OT_ADJA_A.20", "lokalnyId": "322BD60C-5C60-598B-E053-CC2BA8C05138", "przestrzen": "PL.PZGiK.308.BDOT10k", "wersjaId": "2022-01-20T00:00:00", "czyObiektB": 0, "x_kod": "ADJA05", "x_skrKarto": null, "x_katDoklG": "Dok", "x_doklGeom": 1, "x_doklGe_1": "m", "x_zrodloDa": "PRG", "x_zrodlo_1": "PRG", "x_katIstni": null, "x_rodzajRe": "ZP", "x_aktualno": "2022-01-20", "x_aktual_1": "2022-01-20", "poczatekWe": "2022-01-20T00:00:00", "x_dataUtwo": "2012-11-13", "x_kodKarto": "0010_505", "x_kodKar_1": "0025_505", "x_kodKar_2": "0050_505", "x_kodKar_3": "0100_505", "x_kodKar_4": null, "x_kodKar_5": null, "x_kodKar_6": null, "nazwa": "Czerwonak", "idPRG": 1030210420, "idTerytJed": 3021, "idTerytTer": 3021042, "rodzaj": "GW", "PRG|BT_Ref": 1030210420, "PRG|BT_R_1": "PL.PZGiK.200", "x_informDo": null }, "geometry": { "type": "MultiPolygon", "coordinates": [ [ [ [ 17.000000082745007, 52.521171787284239 ], [ 17.000399454943366, 52.52123178379302 ], [ 17.000518071502377, 52.520766086017481 ], [ 17.000412356613612, 52.52075296661225 ], [ 17.000122097571403, 52.520719009136791 ], [ 17.000000065402595, 52.520704804060394 ], [ 16.999934828338468, 52.520702981715814 ], [ 16.999836407072113, 52.520691604060644 ], [ 16.999786819288637, 52.52067961283079 ], [ 16.999537095163213, 52.520649217361068 ], [ 16.999256570132207, 52.520618480390418 ], [ 16.998793160327452, 52.520569359213688 ], [ 16.998473772371799, 52.520534005541684 ], [ 16.998197345437898, 52.520500727034161 ], [ 16.99790961931641, 52.520469505243774 ], [ 16.997619196458693, 52.520435988538992 ], [ 16.997328921396111, 52.520402473619434 ], [ 16.997038650882907, 52.520368868118283 ], [ 16.99675488796408, 52.520331594487466 ], [ 16.996503780713642, 52.52030251830606 ], [ 16.996528085143229, 52.520105415390219 ], [ 16.9965060137609, 52.520104412037526 ], [ 16.996464911740542, 52.520100388127098 ], [ 16.996416796609726, 52.52015650714408 ], [ 16.996366896254923, 52.52018381419861 ], [ 16.996296365022527, 52.520210861779347 ], [ 16.996241872278155, 52.520222440951351 ], [ 16.996190387405772, 52.520226246013792 ], [ 16.996146776604022, 52.520225507388666 ], [ 16.996100763340195, 52.520219241542442 ], [ 16.996018227464891, 52.520199045521323 ], [ 16.995634054022993, 52.520084066673611 ], [ 16.995378041838375, 52.520007325216056 ], [ 16.995358548852764, 52.520001508421053 ], [ 16.995077802146934, 52.519917511552336 ], [ 16.994827185946217, 52.519838881584036 ], [ 16.994568864399167, 52.519757871897411 ], [ 16.994282346332451, 52.519667929001656 ], [ 16.994205494496065, 52.519749553460798 ], [ 16.994102807421051, 52.519776864069222 ], [ 16.993744405325145, 52.520261335564065 ], [ 16.993795280069815, 52.520274160651894 ], [ 16.994212028350905, 52.520350482653804 ], [ 16.994281131674615, 52.520370991879034 ], [ 16.994764243863283, 52.520427660147 ], [ 16.995444933338948, 52.520565384740522 ], [ 16.996298020492318, 52.520647472374492 ], [ 16.998066770709233, 52.52089813361988 ], [ 16.999916459472534, 52.521159220766521 ], [ 17.000000082745007, 52.521171787284239 ] ] ] ] } },
{ "type": "Feature", "properties": { "gml_id": "OT_ADJA_A.20", "lokalnyId": "322BD60C-5C60-598B-E053-CC2BA8C05138", "przestrzen": "PL.PZGiK.308.BDOT10k", "wersjaId": "2022-01-20T00:00:00", "czyObiektB": 0, "x_kod": "ADJA05", "x_skrKarto": null, "x_katDoklG": "Dok", "x_doklGeom": 1, "x_doklGe_1": "m", "x_zrodloDa": "PRG", "x_zrodlo_1": "PRG", "x_katIstni": null, "x_rodzajRe": "ZP", "x_aktualno": "2022-01-20", "x_aktual_1": "2022-01-20", "poczatekWe": "2022-01-20T00:00:00", "x_dataUtwo": "2012-11-13", "x_kodKarto": "0010_505", "x_kodKar_1": "0025_505", "x_kodKar_2": "0050_505", "x_kodKar_3": "0100_505", "x_kodKar_4": null, "x_kodKar_5": null, "x_kodKar_6": null, "nazwa": "Czerwonak", "idPRG": 1030210420, "idTerytJed": 3021, "idTerytTer": 3021042, "rodzaj": "GW", "PRG|BT_Ref": 1030210420, "PRG|BT_R_1": "PL.PZGiK.200", "x_informDo": null }, "geometry": { "type": "MultiPolygon", "coordinates": [ [ [ [ 16.989390342794042, 52.52190964971566 ], [ 16.989486104287195, 52.522008325439785 ], [ 16.989504289688355, 52.522029860991402 ], [ 16.989566948334513, 52.522010688566141 ], [ 16.990043989690697, 52.521864721427271 ], [ 16.990263475490622, 52.521795236383582 ], [ 16.99016097065757, 52.521637534135195 ], [ 16.989314198438088, 52.521659123865312 ], [ 16.989280188562102, 52.521683819841869 ], [ 16.989272613304916, 52.521710853865422 ], [ 16.9892753439469, 52.521735004976257 ], [ 16.989285633557515, 52.521761533122856 ], [ 16.989309421862384, 52.521812125547804 ], [ 16.989390342794042, 52.52190964971566 ] ] ] ] } },
{ "type": "Feature", "properties": { "gml_id": "OT_ADJA_A.20", "lokalnyId": "322BD60C-5C60-598B-E053-CC2BA8C05138", "przestrzen": "PL.PZGiK.308.BDOT10k", "wersjaId": "2022-01-20T00:00:00", "czyObiektB": 0, "x_kod": "ADJA05", "x_skrKarto": null, "x_katDoklG": "Dok", "x_doklGeom": 1, "x_doklGe_1": "m", "x_zrodloDa": "PRG", "x_zrodlo_1": "PRG", "x_katIstni": null, "x_rodzajRe": "ZP", "x_aktualno": "2022-01-20", "x_aktual_1": "2022-01-20", "poczatekWe": "2022-01-20T00:00:00", "x_dataUtwo": "2012-11-13", "x_kodKarto": "0010_505", "x_kodKar_1": "0025_505", "x_kodKar_2": "0050_505", "x_kodKar_3": "0100_505", "x_kodKar_4": null, "x_kodKar_5": null, "x_kodKar_6": null, "nazwa": "Czerwonak", "idPRG": 1030210420, "idTerytJed": 3021, "idTerytTer": 3021042, "rodzaj": "GW", "PRG|BT_Ref": 1030210420, "PRG|BT_R_1": "PL.PZGiK.200", "x_informDo": null }, "geometry": { "type": "MultiPolygon", "coordinates": [ [ [ [ 16.981014961068027, 52.531648068759914 ], [ 16.981176024572932, 52.531201012390007 ], [ 16.981212131093013, 52.531060148221371 ], [ 16.98120015244621, 52.530999772035891 ], [ 16.981184684039363, 52.530983318393695 ], [ 16.978712215592438, 52.531790349192278 ], [ 16.978568166651254, 52.531870304422888 ], [ 16.978995379655856, 52.532389685588186 ], [ 16.979143558533625, 52.53236642599505 ], [ 16.980964077013226, 52.531795966084111 ], [ 16.981014961068027, 52.531648068759914 ] ] ] ] } },
{ "type": "Feature", "properties": { "gml_id": "OT_ADJA_A.20", "lokalnyId": "322BD60C-5C60-598B-E053-CC2BA8C05138", "przestrzen": "PL.PZGiK.308.BDOT10k", "wersjaId": "2022-01-20T00:00:00", "czyObiektB": 0, "x_kod": "ADJA05", "x_skrKarto": null, "x_katDoklG": "Dok", "x_doklGeom": 1, "x_doklGe_1": "m", "x_zrodloDa": "PRG", "x_zrodlo_1": "PRG", "x_katIstni": null, "x_rodzajRe": "ZP", "x_aktualno": "2022-01-20", "x_aktual_1": "2022-01-20", "poczatekWe": "2022-01-20T00:00:00", "x_dataUtwo": "2012-11-13", "x_kodKarto": "0010_505", "x_kodKar_1": "0025_505", "x_kodKar_2": "0050_505", "x_kodKar_3": "0100_505", "x_kodKar_4": null, "x_kodKar_5": null, "x_kodKar_6": null, "nazwa": "Czerwonak", "idPRG": 1030210420, "idTerytJed": 3021, "idTerytTer": 3021042, "rodzaj": "GW", "PRG|BT_Ref": 1030210420, "PRG|BT_R_1": "PL.PZGiK.200", "x_informDo": null }, "geometry": { "type": "MultiPolygon", "coordinates": [ [ [ [ 16.970770716317041, 52.532175911255315 ], [ 16.970854678945933, 52.532181398592165 ], [ 16.970889553707895, 52.531917654024596 ], [ 16.970507192873292, 52.531903271375036 ], [ 16.970372466755258, 52.531895204130755 ], [ 16.970334534713039, 52.532145224781168 ], [ 16.970770716317041, 52.532175911255315 ] ] ] ] } },
{ "type": "Feature", "properties": { "gml_id": "OT_ADJA_A.20", "lokalnyId": "322BD60C-5C60-598B-E053-CC2BA8C05138", "przestrzen": "PL.PZGiK.308.BDOT10k", "wersjaId": "2022-01-20T00:00:00", "czyObiektB": 0, "x_kod": "ADJA05", "x_skrKarto": null, "x_katDoklG": "Dok", "x_doklGeom": 1, "x_doklGe_1": "m", "x_zrodloDa": "PRG", "x_zrodlo_1": "PRG", "x_katIstni": null, "x_rodzajRe": "ZP", "x_aktualno": "2022-01-20", "x_aktual_1": "2022-01-20", "poczatekWe": "2022-01-20T00:00:00", "x_dataUtwo": "2012-11-13", "x_kodKarto": "0010_505", "x_kodKar_1": "0025_505", "x_kodKar_2": "0050_505", "x_kodKar_3": "0100_505", "x_kodKar_4": null, "x_kodKar_5": null, "x_kodKar_6": null, "nazwa": "Czerwonak", "idPRG": 1030210420, "idTerytJed": 3021, "idTerytTer": 3021042, "rodzaj": "GW", "PRG|BT_Ref": 1030210420, "PRG|BT_R_1": "PL.PZGiK.200", "x_informDo": null }, "geometry": { "type": "MultiPolygon", "coordinates": [ [ [ [ 16.967935948867375, 52.532275937929477 ], [ 16.967918521751198, 52.532282834089017 ], [ 16.967899133070162, 52.532284299972815 ], [ 16.967893121999932, 52.532286715145588 ], [ 16.967884163497175, 52.532289079698764 ], [ 16.967868803649154, 52.532289535451795 ], [ 16.96783407171629, 52.532291097588661 ], [ 16.967795802862906, 52.532292598969534 ], [ 16.967765836622974, 52.532293163618952 ], [ 16.967752378049223, 52.532290773832351 ], [ 16.967740837356246, 52.532285179032947 ], [ 16.967739058494619, 52.53228218035845 ], [ 16.967701323122771, 52.532288098083001 ], [ 16.967678592685829, 52.532298051127988 ], [ 16.967664386985529, 52.532311838255865 ], [ 16.967663361755886, 52.532334036590868 ], [ 16.967684646079327, 52.532409684535459 ], [ 16.967723102860006, 52.532538244127551 ], [ 16.967944865327823, 52.532555544233979 ], [ 16.968469244467958, 52.532592700672666 ], [ 16.969117696151446, 52.532638730100921 ], [ 16.969128518042048, 52.532464965945323 ], [ 16.969136130577052, 52.532284041198452 ], [ 16.96910375079019, 52.532084441419592 ], [ 16.969084103574801, 52.532053163779352 ], [ 16.967971753938745, 52.531973264718928 ], [ 16.967843201110032, 52.531965660379932 ], [ 16.967538660960631, 52.531939652823802 ], [ 16.967529661702596, 52.532134494883607 ], [ 16.967657096239208, 52.532150355117231 ], [ 16.967811117895447, 52.532168560646134 ], [ 16.967963049468299, 52.532184121730033 ], [ 16.967935948867375, 52.532275937929477 ] ] ] ] } },
{ "type": "Feature", "properties": { "gml_id": "OT_ADJA_A.20", "lokalnyId": "322BD60C-5C60-598B-E053-CC2BA8C05138", "przestrzen": "PL.PZGiK.308.BDOT10k", "wersjaId": "2022-01-20T00:00:00", "czyObiektB": 0, "x_kod": "ADJA05", "x_skrKarto": null, "x_katDoklG": "Dok", "x_doklGeom": 1, "x_doklGe_1": "m", "x_zrodloDa": "PRG", "x_zrodlo_1": "PRG", "x_katIstni": null, "x_rodzajRe": "ZP", "x_aktualno": "2022-01-20", "x_aktual_1": "2022-01-20", "poczatekWe": "2022-01-20T00:00:00", "x_dataUtwo": "2012-11-13", "x_kodKarto": "0010_505", "x_kodKar_1": "0025_505", "x_kodKar_2": "0050_505", "x_kodKar_3": "0100_505", "x_kodKar_4": null, "x_kodKar_5": null, "x_kodKar_6": null, "nazwa": "Czerwonak", "idPRG": 1030210420, "idTerytJed": 3021, "idTerytTer": 3021042, "rodzaj": "GW", "PRG|BT_Ref": 1030210420, "PRG|BT_R_1": "PL.PZGiK.200", "x_informDo": null }, "geometry": { "type": "MultiPolygon", "coordinates": [ [ [ [ 16.965665392133563, 52.532119007030921 ], [ 16.96561983920158, 52.532086653800462 ], [ 16.964108415778508, 52.5319616304783 ], [ 16.963706686950097, 52.531929173779083 ], [ 16.963454621221331, 52.531910264808843 ], [ 16.962713526116833, 52.531849117646495 ], [ 16.962151764338163, 52.531797800287904 ], [ 16.961898268842493, 52.53177157796771 ], [ 16.9620435276885, 52.532233689575946 ], [ 16.962151915481133, 52.532762713267346 ], [ 16.962106803763021, 52.533099852800838 ], [ 16.962038807135041, 52.5332113804755 ], [ 16.962536290324035, 52.533240184958451 ], [ 16.962829134233161, 52.533257729208948 ], [ 16.963035488629821, 52.533270186130459 ], [ 16.965063626076326, 52.533391878011514 ], [ 16.965745169122876, 52.533465657777256 ], [ 16.965989587673175, 52.533481102442401 ], [ 16.966826403747032, 52.53353658823508 ], [ 16.96683086756838, 52.533615545025327 ], [ 16.968136641248631, 52.533714156356389 ], [ 16.968184451092807, 52.533697708252767 ], [ 16.968191549152099, 52.533646202813976 ], [ 16.968174424730798, 52.533422939893569 ], [ 16.966819349136909, 52.533325370581139 ], [ 16.966820992710375, 52.53319722991381 ], [ 16.966829483866579, 52.533077301783834 ], [ 16.965599621770455, 52.532973774973101 ], [ 16.965620242714415, 52.532792534360816 ], [ 16.965639545172703, 52.532617477147809 ], [ 16.965660367379726, 52.53242868475936 ], [ 16.965665392133563, 52.532119007030921 ] ] ] ] } },
{ "type": "Feature", "properties": { "gml_id": "OT_ADJA_A.20", "lokalnyId": "322BD60C-5C60-598B-E053-CC2BA8C05138", "przestrzen": "PL.PZGiK.308.BDOT10k", "wersjaId": "2022-01-20T00:00:00", "czyObiektB": 0, "x_kod": "ADJA05", "x_skrKarto": null, "x_katDoklG": "Dok", "x_doklGeom": 1, "x_doklGe_1": "m", "x_zrodloDa": "PRG", "x_zrodlo_1": "PRG", "x_katIstni": null, "x_rodzajRe": "ZP", "x_aktualno": "2022-01-20", "x_aktual_1": "2022-01-20", "poczatekWe": "2022-01-20T00:00:00", "x_dataUtwo": "2012-11-13", "x_kodKarto": "0010_505", "x_kodKar_1": "0025_505", "x_kodKar_2": "0050_505", "x_kodKar_3": "0100_505", "x_kodKar_4": null, "x_kodKar_5": null, "x_kodKar_6": null, "nazwa": "Czerwonak", "idPRG": 1030210420, "idTerytJed": 3021, "idTerytTer": 3021042, "rodzaj": "GW", "PRG|BT_Ref": 1030210420, "PRG|BT_R_1": "PL.PZGiK.200", "x_informDo": null }, "geometry": { "type": "MultiPolygon", "coordinates": [ [ [ [ 16.974106111096585, 52.533096337913321 ], [ 16.974046480621706, 52.533097295693757 ], [ 16.973675703917042, 52.533103358885278 ], [ 16.973668593465749, 52.533036769244028 ], [ 16.973417927566235, 52.533044888460118 ], [ 16.973161804587555, 52.533053003612871 ], [ 16.973183667197631, 52.533426911389583 ], [ 16.97341564176979, 52.53342117081845 ], [ 16.973420435033649, 52.533454801650493 ], [ 16.973458024066687, 52.533439255693665 ], [ 16.974131838819755, 52.533418504471193 ], [ 16.97411040773007, 52.533150377271355 ], [ 16.974106111096585, 52.533096337913321 ] ] ] ] } },
{ "type": "Feature", "properties": { "gml_id": "OT_ADJA_A.20", "lokalnyId": "322BD60C-5C60-598B-E053-CC2BA8C05138", "przestrzen": "PL.PZGiK.308.BDOT10k", "wersjaId": "2022-01-20T00:00:00", "czyObiektB": 0, "x_kod": "ADJA05", "x_skrKarto": null, "x_katDoklG": "Dok", "x_doklGeom": 1, "x_doklGe_1": "m", "x_zrodloDa": "PRG", "x_zrodlo_1": "PRG", "x_katIstni": null, "x_rodzajRe": "ZP", "x_aktualno": "2022-01-20", "x_aktual_1": "2022-01-20", "poczatekWe": "2022-01-20T00:00:00", "x_dataUtwo": "2012-11-13", "x_kodKarto": "0010_505", "x_kodKar_1": "0025_505", "x_kodKar_2": "0050_505", "x_kodKar_3": "0100_505", "x_kodKar_4": null, "x_kodKar_5": null, "x_kodKar_6": null, "nazwa": "Czerwonak", "idPRG": 1030210420, "idTerytJed": 3021, "idTerytTer": 3021042, "rodzaj": "GW", "PRG|BT_Ref": 1030210420, "PRG|BT_R_1": "PL.PZGiK.200", "x_informDo": null }, "geometry": { "type": "MultiPolygon", "coordinates": [ [ [ [ 16.969327051646896, 52.533752670255694 ], [ 16.969323370551091, 52.533781298915372 ], [ 16.969338452486426, 52.53382203211752 ], [ 16.970771355187491, 52.533901929142957 ], [ 16.971391098559394, 52.533947273725339 ], [ 16.971396554617538, 52.533889713789392 ], [ 16.9714196210472, 52.533648522286541 ], [ 16.971342430715254, 52.533643241423604 ], [ 16.969481914563389, 52.533516259222004 ], [ 16.969429171187009, 52.533527766257798 ], [ 16.969371641878819, 52.533601431730261 ], [ 16.969338754356457, 52.533652494646887 ], [ 16.969329432334664, 52.533701083800644 ], [ 16.969327051646896, 52.533752670255694 ] ] ] ] } },
{ "type": "Feature", "properties": { "gml_id": "OT_ADJA_A.20", "lokalnyId": "322BD60C-5C60-598B-E053-CC2BA8C05138", "przestrzen": "PL.PZGiK.308.BDOT10k", "wersjaId": "2022-01-20T00:00:00", "czyObiektB": 0, "x_kod": "ADJA05", "x_skrKarto": null, "x_katDoklG": "Dok", "x_doklGeom": 1, "x_doklGe_1": "m", "x_zrodloDa": "PRG", "x_zrodlo_1": "PRG", "x_katIstni": null, "x_rodzajRe": "ZP", "x_aktualno": "2022-01-20", "x_aktual_1": "2022-01-20", "poczatekWe": "2022-01-20T00:00:00", "x_dataUtwo": "2012-11-13", "x_kodKarto": "0010_505", "x_kodKar_1": "0025_505", "x_kodKar_2": "0050_505", "x_kodKar_3": "0100_505", "x_kodKar_4": null, "x_kodKar_5": null, "x_kodKar_6": null, "nazwa": "Czerwonak", "idPRG": 1030210420, "idTerytJed": 3021, "idTerytTer": 3021042, "rodzaj": "GW", "PRG|BT_Ref": 1030210420, "PRG|BT_R_1": "PL.PZGiK.200", "x_informDo": null }, "geometry": { "type": "MultiPolygon", "coordinates": [ [ [ [ 16.968317367415761, 52.533978274361928 ], [ 16.968363057065702, 52.534007750685788 ], [ 16.96842814222239, 52.534026047285835 ], [ 16.968924342595287, 52.534066945086323 ], [ 16.968946685035334, 52.534043043967031 ], [ 16.968997621151349, 52.533799093271199 ], [ 16.969020586197438, 52.533720157674935 ], [ 16.969049749359012, 52.53353249735904 ], [ 16.969040058701193, 52.533499591755138 ], [ 16.969012345255987, 52.533483286098019 ], [ 16.968437857620952, 52.5334418540033 ], [ 16.968383943226648, 52.533446774624963 ], [ 16.968365532426045, 52.533481356427622 ], [ 16.96836185730297, 52.533525815145296 ], [ 16.968323454915677, 52.533846432410826 ], [ 16.968317367415761, 52.533978274361928 ] ] ] ] } },
{ "type": "Feature", "properties": { "gml_id": "OT_ADJA_A.20", "lokalnyId": "322BD60C-5C60-598B-E053-CC2BA8C05138", "przestrzen": "PL.PZGiK.308.BDOT10k", "wersjaId": "2022-01-20T00:00:00", "czyObiektB": 0, "x_kod": "ADJA05", "x_skrKarto": null, "x_katDoklG": "Dok", "x_doklGeom": 1, "x_doklGe_1": "m", "x_zrodloDa": "PRG", "x_zrodlo_1": "PRG", "x_katIstni": null, "x_rodzajRe": "ZP", "x_aktualno": "2022-01-20", "x_aktual_1": "2022-01-20", "poczatekWe": "2022-01-20T00:00:00", "x_dataUtwo": "2012-11-13", "x_kodKarto": "0010_505", "x_kodKar_1": "0025_505", "x_kodKar_2": "0050_505", "x_kodKar_3": "0100_505", "x_kodKar_4": null, "x_kodKar_5": null, "x_kodKar_6": null, "nazwa": "Czerwonak", "idPRG": 1030210420, "idTerytJed": 3021, "idTerytTer": 3021042, "rodzaj": "GW", "PRG|BT_Ref": 1030210420, "PRG|BT_R_1": "PL.PZGiK.200", "x_informDo": null }, "geometry": { "type": "MultiPolygon", "coordinates": [ [ [ [ 16.966164189573242, 52.534665596160089 ], [ 16.96615641783681, 52.534667801097839 ], [ 16.96616564878358, 52.534595735464258 ], [ 16.96577334532509, 52.534559850260223 ], [ 16.965786388183712, 52.534481913939281 ], [ 16.965813844214775, 52.534369777192325 ], [ 16.966223553828005, 52.534386443798688 ], [ 16.966411008644602, 52.534399469372218 ], [ 16.966448368027038, 52.53440173040611 ], [ 16.96682568400912, 52.534417208604921 ], [ 16.966810437329947, 52.534581182684924 ], [ 16.966798472933146, 52.534702849970579 ], [ 16.966780044313584, 52.534836728379972 ], [ 16.967309049379566, 52.534876487657705 ], [ 16.96799559273687, 52.534925605806606 ], [ 16.968047364002505, 52.534718006844265 ], [ 16.967980355166212, 52.534645531286635 ], [ 16.968024285003764, 52.534518296706231 ], [ 16.968055145198967, 52.534361066521186 ], [ 16.96800527053027, 52.534320005501101 ], [ 16.967912035862373, 52.534301225249273 ], [ 16.967420927795811, 52.53426499778557 ], [ 16.966842944443638, 52.534222418644617 ], [ 16.966424271370606, 52.534185902592007 ], [ 16.966412809129967, 52.534184986055742 ], [ 16.966348878395117, 52.534180019760583 ], [ 16.966243204547787, 52.534171907510149 ], [ 16.966220045472056, 52.534171959174024 ], [ 16.965617093581724, 52.534127146005304 ], [ 16.965407131063028, 52.534109684712362 ], [ 16.964828894243311, 52.534072667813845 ], [ 16.964769916591393, 52.534308203789507 ], [ 16.964741042291767, 52.534454134527778 ], [ 16.964760169901783, 52.534598642326443 ], [ 16.964814125354817, 52.534631140382551 ], [ 16.964876368900985, 52.534672595385409 ], [ 16.965045119420751, 52.534691417549972 ], [ 16.965765908718691, 52.534755798350425 ], [ 16.966057923244797, 52.534781954799108 ], [ 16.96612078992278, 52.534787622500204 ], [ 16.966153993902978, 52.534790441800922 ], [ 16.966158718616807, 52.534710563609288 ], [ 16.966164189573242, 52.534665596160089 ] ] ] ] } },
{ "type": "Feature", "properties": { "gml_id": "OT_ADJA_A.20", "lokalnyId": "322BD60C-5C60-598B-E053-CC2BA8C05138", "przestrzen": "PL.PZGiK.308.BDOT10k", "wersjaId": "2022-01-20T00:00:00", "czyObiektB": 0, "x_kod": "ADJA05", "x_skrKarto": null, "x_katDoklG": "Dok", "x_doklGeom": 1, "x_doklGe_1": "m", "x_zrodloDa": "PRG", "x_zrodlo_1": "PRG", "x_katIstni": null, "x_rodzajRe": "ZP", "x_aktualno": "2022-01-20", "x_aktual_1": "2022-01-20", "poczatekWe": "2022-01-20T00:00:00", "x_dataUtwo": "2012-11-13", "x_kodKarto": "0010_505", "x_kodKar_1": "0025_505", "x_kodKar_2": "0050_505", "x_kodKar_3": "0100_505", "x_kodKar_4": null, "x_kodKar_5": null, "x_kodKar_6": null, "nazwa": "Czerwonak", "idPRG": 1030210420, "idTerytJed": 3021, "idTerytTer": 3021042, "rodzaj": "GW", "PRG|BT_Ref": 1030210420, "PRG|BT_R_1": "PL.PZGiK.200", "x_informDo": null }, "geometry": { "type": "MultiPolygon", "coordinates": [ [ [ [ 16.9634577680633, 52.535121468922576 ], [ 16.963126256787735, 52.535097774185743 ], [ 16.962883369068514, 52.535077762918377 ], [ 16.962448067958583, 52.535065770865764 ], [ 16.96230483338794, 52.535502406712595 ], [ 16.962346722091713, 52.535547020305025 ], [ 16.962531895894308, 52.535571165665523 ], [ 16.963424069111593, 52.535648765063996 ], [ 16.964614073242547, 52.535760892506836 ], [ 16.96545949099977, 52.535822651745448 ], [ 16.965490400203311, 52.535817696665667 ], [ 16.965516448825998, 52.535790262180996 ], [ 16.965573530343931, 52.53558293542627 ], [ 16.965586562873128, 52.535569038430793 ], [ 16.965601199707425, 52.535561914747525 ], [ 16.96562339432192, 52.535560407528735 ], [ 16.966026158237447, 52.535596742799299 ], [ 16.96609612972799, 52.535327486707772 ], [ 16.965893258331878, 52.535312846502102 ], [ 16.964418937867471, 52.535193232792793 ], [ 16.964040010401508, 52.535167825489218 ], [ 16.963855181022854, 52.535155381013624 ], [ 16.9634577680633, 52.535121468922576 ] ] ] ] } },
{ "type": "Feature", "properties": { "gml_id": "OT_ADJA_A.20", "lokalnyId": "322BD60C-5C60-598B-E053-CC2BA8C05138", "przestrzen": "PL.PZGiK.308.BDOT10k", "wersjaId": "2022-01-20T00:00:00", "czyObiektB": 0, "x_kod": "ADJA05", "x_skrKarto": null, "x_katDoklG": "Dok", "x_doklGeom": 1, "x_doklGe_1": "m", "x_zrodloDa": "PRG", "x_zrodlo_1": "PRG", "x_katIstni": null, "x_rodzajRe": "ZP", "x_aktualno": "2022-01-20", "x_aktual_1": "2022-01-20", "poczatekWe": "2022-01-20T00:00:00", "x_dataUtwo": "2012-11-13", "x_kodKarto": "0010_505", "x_kodKar_1": "0025_505", "x_kodKar_2": "0050_505", "x_kodKar_3": "0100_505", "x_kodKar_4": null, "x_kodKar_5": null, "x_kodKar_6": null, "nazwa": "Czerwonak", "idPRG": 1030210420, "idTerytJed": 3021, "idTerytTer": 3021042, "rodzaj": "GW", "PRG|BT_Ref": 1030210420, "PRG|BT_R_1": "PL.PZGiK.200", "x_informDo": null }, "geometry": { "type": "MultiPolygon", "coordinates": [ [ [ [ 16.966680396329995, 52.535566343191284 ], [ 16.966668727271877, 52.535617769992442 ], [ 16.966640951686976, 52.535682591364427 ], [ 16.96659239928789, 52.535740579793867 ], [ 16.966502485369272, 52.535828617934804 ], [ 16.966406119749912, 52.535903053670665 ], [ 16.967236086425956, 52.535973708819959 ], [ 16.967361454048657, 52.535980269643709 ], [ 16.967473256163863, 52.535964381388602 ], [ 16.967513726497405, 52.535931257951319 ], [ 16.967553544868991, 52.535848384796523 ], [ 16.967525377850574, 52.535714155673958 ], [ 16.967370190144681, 52.535535741259494 ], [ 16.967244681371838, 52.535363053181875 ], [ 16.967267447597795, 52.535148030649268 ], [ 16.96716547237417, 52.535139623007296 ], [ 16.966809730158619, 52.535110395573916 ], [ 16.966747456598558, 52.535104648491789 ], [ 16.966729303959788, 52.535222971478909 ], [ 16.96670725240412, 52.535368210385101 ], [ 16.966680396329995, 52.535566343191284 ] ] ] ] } },
{ "type": "Feature", "properties": { "gml_id": "OT_ADJA_A.20", "lokalnyId": "322BD60C-5C60-598B-E053-CC2BA8C05138", "przestrzen": "PL.PZGiK.308.BDOT10k", "wersjaId": "2022-01-20T00:00:00", "czyObiektB": 0, "x_kod": "ADJA05", "x_skrKarto": null, "x_katDoklG": "Dok", "x_doklGeom": 1, "x_doklGe_1": "m", "x_zrodloDa": "PRG", "x_zrodlo_1": "PRG", "x_katIstni": null, "x_rodzajRe": "ZP", "x_aktualno": "2022-01-20", "x_aktual_1": "2022-01-20", "poczatekWe": "2022-01-20T00:00:00", "x_dataUtwo": "2012-11-13", "x_kodKarto": "0010_505", "x_kodKar_1": "0025_505", "x_kodKar_2": "0050_505", "x_kodKar_3": "0100_505", "x_kodKar_4": null, "x_kodKar_5": null, "x_kodKar_6": null, "nazwa": "Czerwonak", "idPRG": 1030210420, "idTerytJed": 3021, "idTerytTer": 3021042, "rodzaj": "GW", "PRG|BT_Ref": 1030210420, "PRG|BT_R_1": "PL.PZGiK.200", "x_informDo": null }, "geometry": { "type": "MultiPolygon", "coordinates": [ [ [ [ 16.96821294549914, 52.536012881986466 ], [ 16.968216057380292, 52.536025347558528 ], [ 16.968235273509379, 52.536034042212322 ], [ 16.968550118421071, 52.53608666791709 ], [ 16.968561975561943, 52.536085432388916 ], [ 16.9685766993959, 52.536082806985242 ], [ 16.968935427110008, 52.535600214505003 ], [ 16.96894812627453, 52.535580734956568 ], [ 16.968952308456483, 52.535563627622459 ], [ 16.968948992899001, 52.535549179827441 ], [ 16.968937762566867, 52.535543230709727 ], [ 16.968883134973463, 52.535525203859891 ], [ 16.968678077401986, 52.535493981399959 ], [ 16.968636380802916, 52.535499381721756 ], [ 16.968616850149925, 52.535523061225426 ], [ 16.96821294549914, 52.536012881986466 ] ] ] ] } },
{ "type": "Feature", "properties": { "gml_id": "OT_ADJA_A.20", "lokalnyId": "322BD60C-5C60-598B-E053-CC2BA8C05138", "przestrzen": "PL.PZGiK.308.BDOT10k", "wersjaId": "2022-01-20T00:00:00", "czyObiektB": 0, "x_kod": "ADJA05", "x_skrKarto": null, "x_katDoklG": "Dok", "x_doklGeom": 1, "x_doklGe_1": "m", "x_zrodloDa": "PRG", "x_zrodlo_1": "PRG", "x_katIstni": null, "x_rodzajRe": "ZP", "x_aktualno": "2022-01-20", "x_aktual_1": "2022-01-20", "poczatekWe": "2022-01-20T00:00:00", "x_dataUtwo": "2012-11-13", "x_kodKarto": "0010_505", "x_kodKar_1": "0025_505", "x_kodKar_2": "0050_505", "x_kodKar_3": "0100_505", "x_kodKar_4": null, "x_kodKar_5": null, "x_kodKar_6": null, "nazwa": "Czerwonak", "idPRG": 1030210420, "idTerytJed": 3021, "idTerytTer": 3021042, "rodzaj": "GW", "PRG|BT_Ref": 1030210420, "PRG|BT_R_1": "PL.PZGiK.200", "x_informDo": null }, "geometry": { "type": "MultiPolygon", "coordinates": [ [ [ [ 16.969119750822028, 52.536150951345732 ], [ 16.969697764841527, 52.536209439592184 ], [ 16.969731828545626, 52.536152100754329 ], [ 16.969818685795168, 52.535995920898984 ], [ 16.969959747860152, 52.535719877457055 ], [ 16.969676500847228, 52.535647380601205 ], [ 16.969563752858278, 52.535645445979604 ], [ 16.969459759121634, 52.535655174182281 ], [ 16.969387180058991, 52.53569692145679 ], [ 16.969297289418918, 52.535810146129073 ], [ 16.969172017902572, 52.535977268985832 ], [ 16.969097071512312, 52.53607348092892 ], [ 16.969082766835886, 52.536127740886513 ], [ 16.969119750822028, 52.536150951345732 ] ] ] ] } },
{ "type": "Feature", "properties": { "gml_id": "OT_ADJA_A.20", "lokalnyId": "322BD60C-5C60-598B-E053-CC2BA8C05138", "przestrzen": "PL.PZGiK.308.BDOT10k", "wersjaId": "2022-01-20T00:00:00", "czyObiektB": 0, "x_kod": "ADJA05", "x_skrKarto": null, "x_katDoklG": "Dok", "x_doklGeom": 1, "x_doklGe_1": "m", "x_zrodloDa": "PRG", "x_zrodlo_1": "PRG", "x_katIstni": null, "x_rodzajRe": "ZP", "x_aktualno": "2022-01-20", "x_aktual_1": "2022-01-20", "poczatekWe": "2022-01-20T00:00:00", "x_dataUtwo": "2012-11-13", "x_kodKarto": "0010_505", "x_kodKar_1": "0025_505", "x_kodKar_2": "0050_505", "x_kodKar_3": "0100_505", "x_kodKar_4": null, "x_kodKar_5": null, "x_kodKar_6": null, "nazwa": "Czerwonak", "idPRG": 1030210420, "idTerytJed": 3021, "idTerytTer": 3021042, "rodzaj": "GW", "PRG|BT_Ref": 1030210420, "PRG|BT_R_1": "PL.PZGiK.200", "x_informDo": null }, "geometry": { "type": "MultiPolygon", "coordinates": [ [ [ [ 16.962389871550727, 52.541535186606282 ], [ 16.962890046894692, 52.541506623986507 ], [ 16.962881579342898, 52.541436798093656 ], [ 16.962860753002992, 52.541351353451141 ], [ 16.963298685008027, 52.541295122047806 ], [ 16.963318215737178, 52.541284305259886 ], [ 16.96335851136525, 52.541337975237191 ], [ 16.963945602356148, 52.541310032208663 ], [ 16.965214350641801, 52.541199729049367 ], [ 16.965324802751994, 52.5408656910923 ], [ 16.963925202699311, 52.540667128189135 ], [ 16.963089045421775, 52.540540399307339 ], [ 16.962483171333634, 52.540448570221997 ], [ 16.962303774662079, 52.540413911148534 ], [ 16.961987174633425, 52.540334975412016 ], [ 16.961823477944741, 52.540314886945495 ], [ 16.96158822451299, 52.540266402828614 ], [ 16.961296405293979, 52.540267131950493 ], [ 16.959873402299518, 52.540074593521396 ], [ 16.959787998479655, 52.540077618239046 ], [ 16.959739715934052, 52.540104038538743 ], [ 16.959631648200482, 52.540347629956614 ], [ 16.959510169505037, 52.540695863680043 ], [ 16.959408080116134, 52.540905919259792 ], [ 16.959397996182084, 52.540964298326095 ], [ 16.959429062735399, 52.541006927415843 ], [ 16.959451467317116, 52.541086823458642 ], [ 16.959433955587034, 52.541120879749052 ], [ 16.960687306665591, 52.541375748541583 ], [ 16.961157237237991, 52.541461573770498 ], [ 16.961482514916614, 52.541499282571245 ], [ 16.961819417552537, 52.541525362581105 ], [ 16.962087951127351, 52.541531677183478 ], [ 16.962389871550727, 52.541535186606282 ] ] ] ] } },
{ "type": "Feature", "properties": { "gml_id": "OT_ADJA_A.20", "lokalnyId": "322BD60C-5C60-598B-E053-CC2BA8C05138", "przestrzen": "PL.PZGiK.308.BDOT10k", "wersjaId": "2022-01-20T00:00:00", "czyObiektB": 0, "x_kod": "ADJA05", "x_skrKarto": null, "x_katDoklG": "Dok", "x_doklGeom": 1, "x_doklGe_1": "m", "x_zrodloDa": "PRG", "x_zrodlo_1": "PRG", "x_katIstni": null, "x_rodzajRe": "ZP", "x_aktualno": "2022-01-20", "x_aktual_1": "2022-01-20", "poczatekWe": "2022-01-20T00:00:00", "x_dataUtwo": "2012-11-13", "x_kodKarto": "0010_505", "x_kodKar_1": "0025_505", "x_kodKar_2": "0050_505", "x_kodKar_3": "0100_505", "x_kodKar_4": null, "x_kodKar_5": null, "x_kodKar_6": null, "nazwa": "Czerwonak", "idPRG": 1030210420, "idTerytJed": 3021, "idTerytTer": 3021042, "rodzaj": "GW", "PRG|BT_Ref": 1030210420, "PRG|BT_R_1": "PL.PZGiK.200", "x_informDo": null }, "geometry": { "type": "MultiPolygon", "coordinates": [ [ [ [ 16.96261397908393, 52.54610922783224 ], [ 16.962655068387409, 52.546098062759512 ], [ 16.963040453700099, 52.545415823633711 ], [ 16.963043463675465, 52.54538268648205 ], [ 16.963044564895952, 52.545355722541174 ], [ 16.963031967282898, 52.545325104970139 ], [ 16.962976795974516, 52.545293124965262 ], [ 16.962865008517745, 52.545266736174334 ], [ 16.962690818345234, 52.545246648302872 ], [ 16.962619497895751, 52.545235256880936 ], [ 16.962547655940252, 52.545209645443542 ], [ 16.962445962046232, 52.545162833087517 ], [ 16.962510416688204, 52.545134531485495 ], [ 16.96257101008969, 52.545100407018552 ], [ 16.962622296247297, 52.545060186045845 ], [ 16.962801923450805, 52.544819532934717 ], [ 16.962802586421109, 52.544776551594786 ], [ 16.9627726003019, 52.544748692708936 ], [ 16.962742061588177, 52.5447423206788 ], [ 16.962639935854128, 52.54472077502912 ], [ 16.961739368447514, 52.544556141581708 ], [ 16.961575789503453, 52.544533176747144 ], [ 16.961496201315313, 52.544518764044369 ], [ 16.961471354973963, 52.544475523158845 ], [ 16.961480092646827, 52.544439786410599 ], [ 16.961564872366559, 52.544386741343629 ], [ 16.961687773016973, 52.544351531953183 ], [ 16.961778033037064, 52.544333029307289 ], [ 16.96194435388767, 52.544325460463774 ], [ 16.962423868089612, 52.544407291215933 ], [ 16.962874550348477, 52.544480978533699 ], [ 16.963409400526178, 52.544575360473068 ], [ 16.963572755963035, 52.544603175838851 ], [ 16.963784520070352, 52.544200367424168 ], [ 16.963202532781974, 52.544069468476827 ], [ 16.962674256783167, 52.543970251865034 ], [ 16.962371257721578, 52.543934724188759 ], [ 16.961775397563656, 52.54382957281878 ], [ 16.959588024484283, 52.543479415462052 ], [ 16.958674024550028, 52.5433030140588 ], [ 16.958421252307787, 52.543275717946273 ], [ 16.95832345016434, 52.543266025661254 ], [ 16.958225123867216, 52.543280339054974 ], [ 16.958144703380611, 52.54331888618735 ], [ 16.958125166372014, 52.543425131637761 ], [ 16.95807832950419, 52.543550603559389 ], [ 16.958032912194881, 52.543686803184016 ], [ 16.958017197680189, 52.543771078517949 ], [ 16.958073290913497, 52.543910198997871 ], [ 16.958073081876805, 52.544334187049195 ], [ 16.958176406215991, 52.544634940633046 ], [ 16.958233738813984, 52.544830026977642 ], [ 16.958354513786894, 52.545005970657101 ], [ 16.958457851133726, 52.54509355912284 ], [ 16.958545783746818, 52.545137978912294 ], [ 16.958680389556989, 52.545168543028673 ], [ 16.959058331877845, 52.545216975305841 ], [ 16.960211688601696, 52.545402536190089 ], [ 16.960132982826099, 52.545489953297562 ], [ 16.960057382732057, 52.545589925970511 ], [ 16.960014881325787, 52.545625170531906 ], [ 16.959875361373715, 52.545706862078248 ], [ 16.959800323278124, 52.545724726294075 ], [ 16.959747212228571, 52.545734244027628 ], [ 16.959694105325646, 52.545743671865957 ], [ 16.959624102441801, 52.545748401157788 ], [ 16.9595943077512, 52.545748247214981 ], [ 16.959567738042562, 52.545745360636417 ], [ 16.959448007802035, 52.545718471888065 ], [ 16.959477618670295, 52.545757568031782 ], [ 16.959669539182844, 52.546012447801324 ], [ 16.959768868101655, 52.546145207303866 ], [ 16.959797157197706, 52.546228712426327 ], [ 16.959742612507192, 52.54645676698766 ], [ 16.95969096295984, 52.546813220120477 ], [ 16.959628464810425, 52.547005969774638 ], [ 16.959639883250865, 52.547058783307797 ], [ 16.959671427984631, 52.547088018998615 ], [ 16.959719683976953, 52.547113225530495 ], [ 16.959798522789907, 52.547137520205787 ], [ 16.960157861749185, 52.547202537387875 ], [ 16.960751299276293, 52.547290835470299 ], [ 16.9610219327332, 52.547340740017439 ], [ 16.962212614203224, 52.547575493164658 ], [ 16.962350055291591, 52.547242552362817 ], [ 16.961951045524287, 52.547180276504037 ], [ 16.962123822088873, 52.546785254219394 ], [ 16.962048054235524, 52.546771087596561 ], [ 16.962120761724048, 52.546606125040796 ], [ 16.962220550116147, 52.546391620466942 ], [ 16.962316373423814, 52.54623083344049 ], [ 16.96246887528655, 52.546257384082921 ], [ 16.962494780972644, 52.546191811963098 ], [ 16.96252803341546, 52.546136439941648 ], [ 16.962545125324755, 52.546120994191 ], [ 16.96261397908393, 52.54610922783224 ] ], [ [ 16.961187179843144, 52.545173262414181 ], [ 16.960531974305521, 52.545059077516576 ], [ 16.96066395895193, 52.545025284931143 ], [ 16.960771176924929, 52.544997451374613 ], [ 16.960911726650352, 52.544944378416247 ], [ 16.9611805787601, 52.544758691254607 ], [ 16.961466691213221, 52.544537953219134 ], [ 16.961420991061328, 52.544597697618073 ], [ 16.96133820626541, 52.544763655442154 ], [ 16.961325650950588, 52.544779898719064 ], [ 16.96131309562637, 52.54479614199451 ], [ 16.961598783796855, 52.544861505069363 ], [ 16.961621129496539, 52.544898226952824 ], [ 16.961622101934029, 52.544937728685881 ], [ 16.961607442600158, 52.544989823012386 ], [ 16.961541583218118, 52.545038876764089 ], [ 16.96136736272754, 52.545153161274037 ], [ 16.96129766962936, 52.545176694975602 ], [ 16.961187179843144, 52.545173262414181 ] ] ] ] } },
{ "type": "Feature", "properties": { "gml_id": "OT_ADJA_A.20", "lokalnyId": "322BD60C-5C60-598B-E053-CC2BA8C05138", "przestrzen": "PL.PZGiK.308.BDOT10k", "wersjaId": "2022-01-20T00:00:00", "czyObiektB": 0, "x_kod": "ADJA05", "x_skrKarto": null, "x_katDoklG": "Dok", "x_doklGeom": 1, "x_doklGe_1": "m", "x_zrodloDa": "PRG", "x_zrodlo_1": "PRG", "x_katIstni": null, "x_rodzajRe": "ZP", "x_aktualno": "2022-01-20", "x_aktual_1": "2022-01-20", "poczatekWe": "2022-01-20T00:00:00", "x_dataUtwo": "2012-11-13", "x_kodKarto": "0010_505", "x_kodKar_1": "0025_505", "x_kodKar_2": "0050_505", "x_kodKar_3": "0100_505", "x_kodKar_4": null, "x_kodKar_5": null, "x_kodKar_6": null, "nazwa": "Czerwonak", "idPRG": 1030210420, "idTerytJed": 3021, "idTerytTer": 3021042, "rodzaj": "GW", "PRG|BT_Ref": 1030210420, "PRG|BT_R_1": "PL.PZGiK.200", "x_informDo": null }, "geometry": { "type": "MultiPolygon", "coordinates": [ [ [ [ 16.962684598217528, 52.554104301278365 ], [ 16.96267990082421, 52.554103770700863 ], [ 16.962664798596197, 52.554143085587889 ], [ 16.962654839314968, 52.554173314834046 ], [ 16.963604573612969, 52.554328891945048 ], [ 16.963600854612753, 52.554262630009092 ], [ 16.96357791634119, 52.553983682272111 ], [ 16.963563481885569, 52.553957620296799 ], [ 16.96351857174378, 52.553936430487298 ], [ 16.963244535585556, 52.553860300075144 ], [ 16.962310997977344, 52.553642038831548 ], [ 16.962192117609469, 52.553609051573595 ], [ 16.962173199803456, 52.553778448062005 ], [ 16.962727945653214, 52.553783411745577 ], [ 16.962729128505757, 52.553999924613173 ], [ 16.962718266282714, 52.554027350092298 ], [ 16.962684598217528, 52.554104301278365 ] ] ] ] } },
{ "type": "Feature", "properties": { "gml_id": "OT_ADJA_A.20", "lokalnyId": "322BD60C-5C60-598B-E053-CC2BA8C05138", "przestrzen": "PL.PZGiK.308.BDOT10k", "wersjaId": "2022-01-20T00:00:00", "czyObiektB": 0, "x_kod": "ADJA05", "x_skrKarto": null, "x_katDoklG": "Dok", "x_doklGeom": 1, "x_doklGe_1": "m", "x_zrodloDa": "PRG", "x_zrodlo_1": "PRG", "x_katIstni": null, "x_rodzajRe": "ZP", "x_aktualno": "2022-01-20", "x_aktual_1": "2022-01-20", "poczatekWe": "2022-01-20T00:00:00", "x_dataUtwo": "2012-11-13", "x_kodKarto": "0010_505", "x_kodKar_1": "0025_505", "x_kodKar_2": "0050_505", "x_kodKar_3": "0100_505", "x_kodKar_4": null, "x_kodKar_5": null, "x_kodKar_6": null, "nazwa": "Czerwonak", "idPRG": 1030210420, "idTerytJed": 3021, "idTerytTer": 3021042, "rodzaj": "GW", "PRG|BT_Ref": 1030210420, "PRG|BT_R_1": "PL.PZGiK.200", "x_informDo": null }, "geometry": { "type": "MultiPolygon", "coordinates": [ [ [ [ 16.977891580297776, 52.559028987564375 ], [ 16.978220551489695, 52.558826390508585 ], [ 16.978377400634685, 52.558740296416381 ], [ 16.976083916689458, 52.557377683373822 ], [ 16.975865563762191, 52.557238675473535 ], [ 16.975717315530026, 52.557134774608727 ], [ 16.975478235872664, 52.557141478328631 ], [ 16.975106118983849, 52.556931931940824 ], [ 16.974942770313959, 52.556890012048051 ], [ 16.974973550180895, 52.55697787301979 ], [ 16.975003175262493, 52.557090808224622 ], [ 16.975036816307977, 52.557251121966395 ], [ 16.975077859318844, 52.557436566391274 ], [ 16.975112079792297, 52.5576195555604 ], [ 16.975144228398651, 52.557767431634474 ], [ 16.975193955248251, 52.557963008198236 ], [ 16.97524398317243, 52.558206529309274 ], [ 16.975312363858237, 52.558429677541767 ], [ 16.975342107634901, 52.55854648218795 ], [ 16.975417579963135, 52.55879511547618 ], [ 16.975513387299955, 52.559198258190527 ], [ 16.975576339213163, 52.559456031207297 ], [ 16.975626100832628, 52.559602859211246 ], [ 16.975676229239525, 52.559658401710983 ], [ 16.975747184844622, 52.559710342924049 ], [ 16.975807291968575, 52.559686996477573 ], [ 16.975879652085755, 52.559669975649157 ], [ 16.975948389891109, 52.55966431554166 ], [ 16.976065476349792, 52.559666317822874 ], [ 16.976161468668682, 52.559664901240673 ], [ 16.976261642578827, 52.559656000901846 ], [ 16.976366270800089, 52.559643309105738 ], [ 16.976659271909384, 52.559597231033386 ], [ 16.976906620850187, 52.559539398905713 ], [ 16.977178466420067, 52.559439891805617 ], [ 16.977408822671766, 52.559334368468271 ], [ 16.977891580297776, 52.559028987564375 ] ] ] ] } },
{ "type": "Feature", "properties": { "gml_id": "OT_ADJA_A.20", "lokalnyId": "322BD60C-5C60-598B-E053-CC2BA8C05138", "przestrzen": "PL.PZGiK.308.BDOT10k", "wersjaId": "2022-01-20T00:00:00", "czyObiektB": 0, "x_kod": "ADJA05", "x_skrKarto": null, "x_katDoklG": "Dok", "x_doklGeom": 1, "x_doklGe_1": "m", "x_zrodloDa": "PRG", "x_zrodlo_1": "PRG", "x_katIstni": null, "x_rodzajRe": "ZP", "x_aktualno": "2022-01-20", "x_aktual_1": "2022-01-20", "poczatekWe": "2022-01-20T00:00:00", "x_dataUtwo": "2012-11-13", "x_kodKarto": "0010_505", "x_kodKar_1": "0025_505", "x_kodKar_2": "0050_505", "x_kodKar_3": "0100_505", "x_kodKar_4": null, "x_kodKar_5": null, "x_kodKar_6": null, "nazwa": "Czerwonak", "idPRG": 1030210420, "idTerytJed": 3021, "idTerytTer": 3021042, "rodzaj": "GW", "PRG|BT_Ref": 1030210420, "PRG|BT_R_1": "PL.PZGiK.200", "x_informDo": null }, "geometry": { "type": "MultiPolygon", "coordinates": [ [ [ [ 16.962386210221638, 52.559320256509018 ], [ 16.962436936110532, 52.559922937109377 ], [ 16.962481765069668, 52.559923708857681 ], [ 16.962629943661351, 52.559939481281248 ], [ 16.963211941499093, 52.559988623444276 ], [ 16.963807167328763, 52.560032593742385 ], [ 16.963930380783445, 52.56003615252456 ], [ 16.963938283074441, 52.558355167799441 ], [ 16.963407503059809, 52.558443263695587 ], [ 16.963209495671784, 52.558471066448391 ], [ 16.963024220217125, 52.558491622746189 ], [ 16.962290216451404, 52.55856713160054 ], [ 16.96234542602086, 52.558967967901424 ], [ 16.962368839751242, 52.559137823262873 ], [ 16.962373923411526, 52.559174607451908 ], [ 16.962383250983713, 52.5592853976949 ], [ 16.962386210221638, 52.559320256509018 ] ] ] ] } },
{ "type": "Feature", "properties": { "gml_id": "OT_ADJA_A.20", "lokalnyId": "322BD60C-5C60-598B-E053-CC2BA8C05138", "przestrzen": "PL.PZGiK.308.BDOT10k", "wersjaId": "2022-01-20T00:00:00", "czyObiektB": 0, "x_kod": "ADJA05", "x_skrKarto": null, "x_katDoklG": "Dok", "x_doklGeom": 1, "x_doklGe_1": "m", "x_zrodloDa": "PRG", "x_zrodlo_1": "PRG", "x_katIstni": null, "x_rodzajRe": "ZP", "x_aktualno": "2022-01-20", "x_aktual_1": "2022-01-20", "poczatekWe": "2022-01-20T00:00:00", "x_dataUtwo": "2012-11-13", "x_kodKarto": "0010_505", "x_kodKar_1": "0025_505", "x_kodKar_2": "0050_505", "x_kodKar_3": "0100_505", "x_kodKar_4": null, "x_kodKar_5": null, "x_kodKar_6": null, "nazwa": "Czerwonak", "idPRG": 1030210420, "idTerytJed": 3021, "idTerytTer": 3021042, "rodzaj": "GW", "PRG|BT_Ref": 1030210420, "PRG|BT_R_1": "PL.PZGiK.200", "x_informDo": null }, "geometry": { "type": "MultiPolygon", "coordinates": [ [ [ [ 16.960736199216178, 52.558905084018015 ], [ 16.960599982329772, 52.558933767184357 ], [ 16.960528322152793, 52.55896104424675 ], [ 16.960510196885984, 52.559141786851228 ], [ 16.96048347581835, 52.559234237343539 ], [ 16.960497451450113, 52.559270185480635 ], [ 16.960523662036945, 52.559548200732102 ], [ 16.960556345766989, 52.559578535005755 ], [ 16.960576495233177, 52.559608653288038 ], [ 16.960624700772172, 52.559622525636243 ], [ 16.960921776821181, 52.559581233669647 ], [ 16.961359419939416, 52.559497031096029 ], [ 16.961393590815995, 52.55947621328486 ], [ 16.961402619075688, 52.559450195430351 ], [ 16.961407764934783, 52.559237389400828 ], [ 16.961376889831818, 52.55893572900473 ], [ 16.961342610774366, 52.558933429639076 ], [ 16.960925483824361, 52.558909514522774 ], [ 16.960736199216178, 52.558905084018015 ] ] ] ] } },
{ "type": "Feature", "properties": { "gml_id": "OT_ADJA_A.20", "lokalnyId": "322BD60C-5C60-598B-E053-CC2BA8C05138", "przestrzen": "PL.PZGiK.308.BDOT10k", "wersjaId": "2022-01-20T00:00:00", "czyObiektB": 0, "x_kod": "ADJA05", "x_skrKarto": null, "x_katDoklG": "Dok", "x_doklGeom": 1, "x_doklGe_1": "m", "x_zrodloDa": "PRG", "x_zrodlo_1": "PRG", "x_katIstni": null, "x_rodzajRe": "ZP", "x_aktualno": "2022-01-20", "x_aktual_1": "2022-01-20", "poczatekWe": "2022-01-20T00:00:00", "x_dataUtwo": "2012-11-13", "x_kodKarto": "0010_505", "x_kodKar_1": "0025_505", "x_kodKar_2": "0050_505", "x_kodKar_3": "0100_505", "x_kodKar_4": null, "x_kodKar_5": null, "x_kodKar_6": null, "nazwa": "Czerwonak", "idPRG": 1030210420, "idTerytJed": 3021, "idTerytTer": 3021042, "rodzaj": "GW", "PRG|BT_Ref": 1030210420, "PRG|BT_R_1": "PL.PZGiK.200", "x_informDo": null }, "geometry": { "type": "MultiPolygon", "coordinates": [ [ [ [ 16.962109210410851, 52.560017311064506 ], [ 16.961779503053496, 52.560046171629459 ], [ 16.961235404096467, 52.560105876464164 ], [ 16.960815153502075, 52.560152242521475 ], [ 16.960504025733666, 52.560200487534232 ], [ 16.960228785042062, 52.560238647027234 ], [ 16.960004678946586, 52.560265724858247 ], [ 16.959816037704716, 52.560288646633737 ], [ 16.959615264928718, 52.560299486515717 ], [ 16.958310989846563, 52.560437992131533 ], [ 16.958255332805475, 52.560651275890052 ], [ 16.958234524297367, 52.560721162291685 ], [ 16.958617564462379, 52.560745308348636 ], [ 16.959327880927919, 52.560751801232797 ], [ 16.960242795692832, 52.560715945235636 ], [ 16.960940428552551, 52.56069360803442 ], [ 16.961544114965481, 52.560666680607895 ], [ 16.962067207497949, 52.560652753267341 ], [ 16.962514635488876, 52.560634642920128 ], [ 16.962504393473971, 52.560540386445766 ], [ 16.962478656555184, 52.560306002177612 ], [ 16.962444003616433, 52.559990156109578 ], [ 16.962109210410851, 52.560017311064506 ] ] ] ] } },
{ "type": "Feature", "properties": { "gml_id": "OT_ADJA_A.20", "lokalnyId": "322BD60C-5C60-598B-E053-CC2BA8C05138", "przestrzen": "PL.PZGiK.308.BDOT10k", "wersjaId": "2022-01-20T00:00:00", "czyObiektB": 0, "x_kod": "ADJA05", "x_skrKarto": null, "x_katDoklG": "Dok", "x_doklGeom": 1, "x_doklGe_1": "m", "x_zrodloDa": "PRG", "x_zrodlo_1": "PRG", "x_katIstni": null, "x_rodzajRe": "ZP", "x_aktualno": "2022-01-20", "x_aktual_1": "2022-01-20", "poczatekWe": "2022-01-20T00:00:00", "x_dataUtwo": "2012-11-13", "x_kodKarto": "0010_505", "x_kodKar_1": "0025_505", "x_kodKar_2": "0050_505", "x_kodKar_3": "0100_505", "x_kodKar_4": null, "x_kodKar_5": null, "x_kodKar_6": null, "nazwa": "Czerwonak", "idPRG": 1030210420, "idTerytJed": 3021, "idTerytTer": 3021042, "rodzaj": "GW", "PRG|BT_Ref": 1030210420, "PRG|BT_R_1": "PL.PZGiK.200", "x_informDo": null }, "geometry": { "type": "MultiPolygon", "coordinates": [ [ [ [ 16.962861845613407, 52.561467013827475 ], [ 16.962605328913373, 52.561460889537841 ], [ 16.962613030070052, 52.561530367986023 ], [ 16.962640145314449, 52.561731856842876 ], [ 16.962653965478328, 52.561834899325973 ], [ 16.96268141517341, 52.562038732430608 ], [ 16.962723504724046, 52.562372514981547 ], [ 16.962744831766376, 52.562542873898352 ], [ 16.963231559388049, 52.562406442884772 ], [ 16.963448003612594, 52.562344239319771 ], [ 16.963730268463095, 52.562272554531511 ], [ 16.963940400363811, 52.562219145807042 ], [ 16.964011106474235, 52.562190231286976 ], [ 16.964051571342477, 52.562173748288004 ], [ 16.964020891906948, 52.561813269663013 ], [ 16.963995370630226, 52.561513501157286 ], [ 16.962861845613407, 52.561467013827475 ] ] ] ] } },
{ "type": "Feature", "properties": { "gml_id": "OT_ADJA_A.20", "lokalnyId": "322BD60C-5C60-598B-E053-CC2BA8C05138", "przestrzen": "PL.PZGiK.308.BDOT10k", "wersjaId": "2022-01-20T00:00:00", "czyObiektB": 0, "x_kod": "ADJA05", "x_skrKarto": null, "x_katDoklG": "Dok", "x_doklGeom": 1, "x_doklGe_1": "m", "x_zrodloDa": "PRG", "x_zrodlo_1": "PRG", "x_katIstni": null, "x_rodzajRe": "ZP", "x_aktualno": "2022-01-20", "x_aktual_1": "2022-01-20", "poczatekWe": "2022-01-20T00:00:00", "x_dataUtwo": "2012-11-13", "x_kodKarto": "0010_505", "x_kodKar_1": "0025_505", "x_kodKar_2": "0050_505", "x_kodKar_3": "0100_505", "x_kodKar_4": null, "x_kodKar_5": null, "x_kodKar_6": null, "nazwa": "Czerwonak", "idPRG": 1030210420, "idTerytJed": 3021, "idTerytTer": 3021042, "rodzaj": "GW", "PRG|BT_Ref": 1030210420, "PRG|BT_R_1": "PL.PZGiK.200", "x_informDo": null }, "geometry": { "type": "MultiPolygon", "coordinates": [ [ [ [ 16.961968793505172, 52.563399350254031 ], [ 16.96209500066832, 52.563405390883091 ], [ 16.962094527485185, 52.563208677918013 ], [ 16.962102458043098, 52.562983507843057 ], [ 16.962109156280626, 52.562851767077888 ], [ 16.962105127682797, 52.562769939738459 ], [ 16.962103700226407, 52.562593807218889 ], [ 16.961591682854355, 52.562591196264592 ], [ 16.961628485260594, 52.562322721286193 ], [ 16.961644325784398, 52.562219829721045 ], [ 16.961677608874812, 52.562008137947366 ], [ 16.961670361282945, 52.56185888799348 ], [ 16.961677605762926, 52.561804507427226 ], [ 16.961699940799043, 52.561730239559061 ], [ 16.961723540213434, 52.561673262475999 ], [ 16.961721027291393, 52.561628787462674 ], [ 16.961695845256028, 52.561614862372736 ], [ 16.960955162566027, 52.561594549134853 ], [ 16.959255677062753, 52.561496452190511 ], [ 16.957740097592019, 52.561433164111023 ], [ 16.957670737182511, 52.561442580529317 ], [ 16.957621237299001, 52.561469248879106 ], [ 16.957472627834349, 52.561640543904794 ], [ 16.957212009713054, 52.56194814775403 ], [ 16.956961364370311, 52.562295138268979 ], [ 16.956802552333354, 52.562517523782141 ], [ 16.956659427541446, 52.562777056478907 ], [ 16.956496317657219, 52.563050544870002 ], [ 16.956477958327856, 52.563112108566955 ], [ 16.956374515401016, 52.56356089864699 ], [ 16.959167779412304, 52.56371723734042 ], [ 16.959141035317696, 52.563989092739149 ], [ 16.958960544546137, 52.563990693995663 ], [ 16.9588471946136, 52.564000162035015 ], [ 16.956227138088092, 52.56387840806245 ], [ 16.956225532842247, 52.56399863391826 ], [ 16.956217396571816, 52.564173612127277 ], [ 16.956213478734153, 52.564197559212928 ], [ 16.956253636472667, 52.564235399020561 ], [ 16.956316521135356, 52.564247907583287 ], [ 16.956384468990414, 52.564256276220689 ], [ 16.960314868129263, 52.564337564780843 ], [ 16.960414523650471, 52.56431787570331 ], [ 16.960507318502785, 52.564296539298049 ], [ 16.96057154462779, 52.564283345072361 ], [ 16.960692111517311, 52.564271031612989 ], [ 16.960892340451139, 52.564265936750246 ], [ 16.960963447300003, 52.564269860035836 ], [ 16.960985473049217, 52.564033690004969 ], [ 16.961008402860191, 52.563615761196964 ], [ 16.961009648372379, 52.563569821896579 ], [ 16.961015919640314, 52.563351908646617 ], [ 16.961563260273333, 52.563372759169269 ], [ 16.961968793505172, 52.563399350254031 ] ], [ [ 16.961069595055349, 52.562926594478157 ], [ 16.961089005279824, 52.562915416173865 ], [ 16.961165518514292, 52.562907739925805 ], [ 16.961591265188691, 52.562937558699389 ], [ 16.961734651319226, 52.562939128615305 ], [ 16.961868447504095, 52.562940623162639 ], [ 16.961868136895408, 52.563049178735277 ], [ 16.96187039286642, 52.563191507039505 ], [ 16.961864699505785, 52.563263363212783 ], [ 16.961727770415621, 52.563259386261741 ], [ 16.961589956505886, 52.563255393913494 ], [ 16.961499899437747, 52.563252763585076 ], [ 16.961135353867206, 52.563236680705828 ], [ 16.961096046900096, 52.563221792636945 ], [ 16.96106939202522, 52.563204604110354 ], [ 16.961056047911235, 52.563170915522512 ], [ 16.96105996603151, 52.562949633839331 ], [ 16.961069595055349, 52.562926594478157 ] ] ] ] } },
{ "type": "Feature", "properties": { "gml_id": "OT_ADJA_A.20", "lokalnyId": "322BD60C-5C60-598B-E053-CC2BA8C05138", "przestrzen": "PL.PZGiK.308.BDOT10k", "wersjaId": "2022-01-20T00:00:00", "czyObiektB": 0, "x_kod": "ADJA05", "x_skrKarto": null, "x_katDoklG": "Dok", "x_doklGeom": 1, "x_doklGe_1": "m", "x_zrodloDa": "PRG", "x_zrodlo_1": "PRG", "x_katIstni": null, "x_rodzajRe": "ZP", "x_aktualno": "2022-01-20", "x_aktual_1": "2022-01-20", "poczatekWe": "2022-01-20T00:00:00", "x_dataUtwo": "2012-11-13", "x_kodKarto": "0010_505", "x_kodKar_1": "0025_505", "x_kodKar_2": "0050_505", "x_kodKar_3": "0100_505", "x_kodKar_4": null, "x_kodKar_5": null, "x_kodKar_6": null, "nazwa": "Czerwonak", "idPRG": 1030210420, "idTerytJed": 3021, "idTerytTer": 3021042, "rodzaj": "GW", "PRG|BT_Ref": 1030210420, "PRG|BT_R_1": "PL.PZGiK.200", "x_informDo": null }, "geometry": { "type": "MultiPolygon", "coordinates": [ [ [ [ 17.010889438665441, 52.445658231381877 ], [ 17.010115861835267, 52.44531979799401 ], [ 17.009274664258296, 52.445051456264729 ], [ 17.008911319552595, 52.444935426592835 ], [ 17.008434139354808, 52.444748851252101 ], [ 17.007675159130251, 52.444374759943429 ], [ 17.007660191909469, 52.444419389631214 ], [ 17.007257191333185, 52.445195107969901 ], [ 17.007113860398945, 52.445435540045573 ], [ 17.00709793464133, 52.445462254708396 ], [ 17.007082670241115, 52.445500403366765 ], [ 17.007263398701816, 52.4455336707261 ], [ 17.007502253480048, 52.44555100799591 ], [ 17.007709787013304, 52.445616566470278 ], [ 17.007909457979373, 52.445699800946223 ], [ 17.008409118408668, 52.445972293439276 ], [ 17.008880921238987, 52.446213104169239 ], [ 17.009203947038618, 52.446378013903328 ], [ 17.009751341310121, 52.446826244713883 ], [ 17.010252736993845, 52.447181596494637 ], [ 17.010469841756152, 52.447253876985563 ], [ 17.010520837682051, 52.447265528336821 ], [ 17.010758995090246, 52.447269175781059 ], [ 17.011068728437916, 52.44725244036993 ], [ 17.011301794944639, 52.447186114890471 ], [ 17.011845669115566, 52.44694189063501 ], [ 17.012758639398513, 52.446418207396249 ], [ 17.010889438665441, 52.445658231381877 ] ] ] ] } },
{ "type": "Feature", "properties": { "gml_id": "OT_ADJA_A.20", "lokalnyId": "322BD60C-5C60-598B-E053-CC2BA8C05138", "przestrzen": "PL.PZGiK.308.BDOT10k", "wersjaId": "2022-01-20T00:00:00", "czyObiektB": 0, "x_kod": "ADJA05", "x_skrKarto": null, "x_katDoklG": "Dok", "x_doklGeom": 1, "x_doklGe_1": "m", "x_zrodloDa": "PRG", "x_zrodlo_1": "PRG", "x_katIstni": null, "x_rodzajRe": "ZP", "x_aktualno": "2022-01-20", "x_aktual_1": "2022-01-20", "poczatekWe": "2022-01-20T00:00:00", "x_dataUtwo": "2012-11-13", "x_kodKarto": "0010_505", "x_kodKar_1": "0025_505", "x_kodKar_2": "0050_505", "x_kodKar_3": "0100_505", "x_kodKar_4": null, "x_kodKar_5": null, "x_kodKar_6": null, "nazwa": "Czerwonak", "idPRG": 1030210420, "idTerytJed": 3021, "idTerytTer": 3021042, "rodzaj": "GW", "PRG|BT_Ref": 1030210420, "PRG|BT_R_1": "PL.PZGiK.200", "x_informDo": null }, "geometry": { "type": "MultiPolygon", "coordinates": [ [ [ [ 17.018231570845174, 52.450312611759529 ], [ 17.017270910329731, 52.450121386066257 ], [ 17.016759654236726, 52.450019540119108 ], [ 17.016168081682345, 52.44995241171079 ], [ 17.016067008868177, 52.450065663603866 ], [ 17.01596276041586, 52.450154577375763 ], [ 17.015800797746145, 52.450273103318729 ], [ 17.015469211561502, 52.450516771730307 ], [ 17.016051925797399, 52.450659937095466 ], [ 17.016115910295415, 52.450674232405824 ], [ 17.018722289367613, 52.451255798069269 ], [ 17.018744880927319, 52.451260853690968 ], [ 17.019426733010164, 52.451412948856813 ], [ 17.019538872266882, 52.451213713692766 ], [ 17.020507619213308, 52.451415759338204 ], [ 17.020642529046871, 52.451168244981559 ], [ 17.020650787169966, 52.451154801769341 ], [ 17.02064271466454, 52.451124715467749 ], [ 17.02025809589524, 52.45104470234174 ], [ 17.019965662453128, 52.450983770733643 ], [ 17.019690729137679, 52.450926549353206 ], [ 17.019830557020381, 52.450671203231835 ], [ 17.018906539217269, 52.450460277395173 ], [ 17.018231570845174, 52.450312611759529 ] ] ] ] } },
{ "type": "Feature", "properties": { "gml_id": "OT_ADJA_A.20", "lokalnyId": "322BD60C-5C60-598B-E053-CC2BA8C05138", "przestrzen": "PL.PZGiK.308.BDOT10k", "wersjaId": "2022-01-20T00:00:00", "czyObiektB": 0, "x_kod": "ADJA05", "x_skrKarto": null, "x_katDoklG": "Dok", "x_doklGeom": 1, "x_doklGe_1": "m", "x_zrodloDa": "PRG", "x_zrodlo_1": "PRG", "x_katIstni": null, "x_rodzajRe": "ZP", "x_aktualno": "2022-01-20", "x_aktual_1": "2022-01-20", "poczatekWe": "2022-01-20T00:00:00", "x_dataUtwo": "2012-11-13", "x_kodKarto": "0010_505", "x_kodKar_1": "0025_505", "x_kodKar_2": "0050_505", "x_kodKar_3": "0100_505", "x_kodKar_4": null, "x_kodKar_5": null, "x_kodKar_6": null, "nazwa": "Czerwonak", "idPRG": 1030210420, "idTerytJed": 3021, "idTerytTer": 3021042, "rodzaj": "GW", "PRG|BT_Ref": 1030210420, "PRG|BT_R_1": "PL.PZGiK.200", "x_informDo": null }, "geometry": { "type": "MultiPolygon", "coordinates": [ [ [ [ 17.012717002505948, 52.455006666729481 ], [ 17.011851521722264, 52.454625867364221 ], [ 17.011657901635211, 52.454694836218223 ], [ 17.010924696371195, 52.455008639461134 ], [ 17.010213149924002, 52.455263080195756 ], [ 17.010436628221804, 52.455335287755808 ], [ 17.010764074838921, 52.455387387779581 ], [ 17.011338063363553, 52.45547043683181 ], [ 17.011953925070117, 52.455552208365376 ], [ 17.012028251358668, 52.45555930435355 ], [ 17.012058003207247, 52.455562322981329 ], [ 17.012717002505948, 52.455006666729481 ] ] ] ] } },
{ "type": "Feature", "properties": { "gml_id": "OT_ADJA_A.20", "lokalnyId": "322BD60C-5C60-598B-E053-CC2BA8C05138", "przestrzen": "PL.PZGiK.308.BDOT10k", "wersjaId": "2022-01-20T00:00:00", "czyObiektB": 0, "x_kod": "ADJA05", "x_skrKarto": null, "x_katDoklG": "Dok", "x_doklGeom": 1, "x_doklGe_1": "m", "x_zrodloDa": "PRG", "x_zrodlo_1": "PRG", "x_katIstni": null, "x_rodzajRe": "ZP", "x_aktualno": "2022-01-20", "x_aktual_1": "2022-01-20", "poczatekWe": "2022-01-20T00:00:00", "x_dataUtwo": "2012-11-13", "x_kodKarto": "0010_505", "x_kodKar_1": "0025_505", "x_kodKar_2": "0050_505", "x_kodKar_3": "0100_505", "x_kodKar_4": null, "x_kodKar_5": null, "x_kodKar_6": null, "nazwa": "Czerwonak", "idPRG": 1030210420, "idTerytJed": 3021, "idTerytTer": 3021042, "rodzaj": "GW", "PRG|BT_Ref": 1030210420, "PRG|BT_R_1": "PL.PZGiK.200", "x_informDo": null }, "geometry": { "type": "MultiPolygon", "coordinates": [ [ [ [ 17.015157858959995, 52.455210732759262 ], [ 17.014757246341514, 52.454998036699237 ], [ 17.014475080366196, 52.455160054021697 ], [ 17.014632966953378, 52.455256965929131 ], [ 17.014514857565, 52.455319831947477 ], [ 17.014568661852014, 52.455354374263131 ], [ 17.014582662997253, 52.455363873537401 ], [ 17.014734349045892, 52.455277916078757 ], [ 17.014883908358033, 52.455366862746672 ], [ 17.015157858959995, 52.455210732759262 ] ] ] ] } },
{ "type": "Feature", "properties": { "gml_id": "OT_ADJA_A.20", "lokalnyId": "322BD60C-5C60-598B-E053-CC2BA8C05138", "przestrzen": "PL.PZGiK.308.BDOT10k", "wersjaId": "2022-01-20T00:00:00", "czyObiektB": 0, "x_kod": "ADJA05", "x_skrKarto": null, "x_katDoklG": "Dok", "x_doklGeom": 1, "x_doklGe_1": "m", "x_zrodloDa": "PRG", "x_zrodlo_1": "PRG", "x_katIstni": null, "x_rodzajRe": "ZP", "x_aktualno": "2022-01-20", "x_aktual_1": "2022-01-20", "poczatekWe": "2022-01-20T00:00:00", "x_dataUtwo": "2012-11-13", "x_kodKarto": "0010_505", "x_kodKar_1": "0025_505", "x_kodKar_2": "0050_505", "x_kodKar_3": "0100_505", "x_kodKar_4": null, "x_kodKar_5": null, "x_kodKar_6": null, "nazwa": "Czerwonak", "idPRG": 1030210420, "idTerytJed": 3021, "idTerytTer": 3021042, "rodzaj": "GW", "PRG|BT_Ref": 1030210420, "PRG|BT_R_1": "PL.PZGiK.200", "x_informDo": null }, "geometry": { "type": "MultiPolygon", "coordinates": [ [ [ [ 17.020501991285958, 52.456927306316892 ], [ 17.020513342321518, 52.456904021127208 ], [ 17.02051415454925, 52.456902325800804 ], [ 17.020537570136824, 52.456846413253643 ], [ 17.020540821233752, 52.456823172349594 ], [ 17.020541224340324, 52.456820750627209 ], [ 17.020541244570573, 52.45681373538401 ], [ 17.020541192371404, 52.456795206178576 ], [ 17.020540773351925, 52.456778289812696 ], [ 17.020540414809179, 52.456760025308867 ], [ 17.02052789613824, 52.456671491359593 ], [ 17.020516351228299, 52.456557969454785 ], [ 17.020505384368434, 52.456480794342028 ], [ 17.020468483843182, 52.456384386903885 ], [ 17.020460313753659, 52.456363023491768 ], [ 17.02030936565237, 52.456117649223877 ], [ 17.020213972293554, 52.4559992156045 ], [ 17.020169905385465, 52.455944421794044 ], [ 17.02000868340706, 52.455816521019848 ], [ 17.019940759714512, 52.45582419805055 ], [ 17.019851445189055, 52.455980463056171 ], [ 17.019151969934235, 52.455822499216303 ], [ 17.019073263038916, 52.455804721010253 ], [ 17.019029536428267, 52.455883408456302 ], [ 17.018947015013438, 52.456026025269644 ], [ 17.019028942782736, 52.456044217291435 ], [ 17.019733074623911, 52.456200191121987 ], [ 17.01960467621161, 52.456423528739883 ], [ 17.019485858227785, 52.456630207277144 ], [ 17.019453438650956, 52.456686598414684 ], [ 17.01861997172033, 52.456623705836328 ], [ 17.018369291545472, 52.457022361379273 ], [ 17.018267724027702, 52.457198837015049 ], [ 17.018168719603199, 52.457370678467555 ], [ 17.018054864955339, 52.457568264563662 ], [ 17.018022827700765, 52.457625920933722 ], [ 17.018214549256751, 52.457671407763897 ], [ 17.018216042516716, 52.457674221035909 ], [ 17.018224807772423, 52.457672479131695 ], [ 17.018567912487061, 52.457737142005215 ], [ 17.018592824286227, 52.45768404314726 ], [ 17.018601459273032, 52.457668807526403 ], [ 17.018739785741555, 52.457381957424118 ], [ 17.019722706321229, 52.457474515006197 ], [ 17.019740615595449, 52.457469148507577 ], [ 17.019867577209197, 52.457409123841011 ], [ 17.019938845812025, 52.457366334997111 ], [ 17.020099779579056, 52.457271081508239 ], [ 17.02032275823802, 52.457115435288507 ], [ 17.020422522586625, 52.457018347737964 ], [ 17.020475173880243, 52.456960586124296 ], [ 17.020501991285958, 52.456927306316892 ] ] ] ] } },
{ "type": "Feature", "properties": { "gml_id": "OT_ADJA_A.20", "lokalnyId": "322BD60C-5C60-598B-E053-CC2BA8C05138", "przestrzen": "PL.PZGiK.308.BDOT10k", "wersjaId": "2022-01-20T00:00:00", "czyObiektB": 0, "x_kod": "ADJA05", "x_skrKarto": null, "x_katDoklG": "Dok", "x_doklGeom": 1, "x_doklGe_1": "m", "x_zrodloDa": "PRG", "x_zrodlo_1": "PRG", "x_katIstni": null, "x_rodzajRe": "ZP", "x_aktualno": "2022-01-20", "x_aktual_1": "2022-01-20", "poczatekWe": "2022-01-20T00:00:00", "x_dataUtwo": "2012-11-13", "x_kodKarto": "0010_505", "x_kodKar_1": "0025_505", "x_kodKar_2": "0050_505", "x_kodKar_3": "0100_505", "x_kodKar_4": null, "x_kodKar_5": null, "x_kodKar_6": null, "nazwa": "Czerwonak", "idPRG": 1030210420, "idTerytJed": 3021, "idTerytTer": 3021042, "rodzaj": "GW", "PRG|BT_Ref": 1030210420, "PRG|BT_R_1": "PL.PZGiK.200", "x_informDo": null }, "geometry": { "type": "MultiPolygon", "coordinates": [ [ [ [ 17.029821893565106, 52.456767351613379 ], [ 17.029684212905838, 52.456744640375334 ], [ 17.029553099356963, 52.456736429329936 ], [ 17.029186195357152, 52.456746234497544 ], [ 17.028816870134616, 52.456764093055902 ], [ 17.028785966837908, 52.456826358259555 ], [ 17.028611855899374, 52.457177472159948 ], [ 17.028645848125294, 52.457283362414344 ], [ 17.02872563998864, 52.457382460970386 ], [ 17.028787908885576, 52.45749808673434 ], [ 17.028846809329867, 52.457596836924374 ], [ 17.029008048050564, 52.457761332561027 ], [ 17.02908429429916, 52.457804696899252 ], [ 17.029160264263822, 52.457758653017478 ], [ 17.02946352994454, 52.457575006433757 ], [ 17.029878033398415, 52.457313792660592 ], [ 17.03006336883707, 52.457199144809493 ], [ 17.030095200257939, 52.457178718345205 ], [ 17.030216068194253, 52.457106438807465 ], [ 17.030377827057613, 52.456998773058118 ], [ 17.030327112675671, 52.456977151397723 ], [ 17.030079334241908, 52.456871207976093 ], [ 17.029928217992527, 52.456806449589465 ], [ 17.029821893565106, 52.456767351613379 ] ] ] ] } },
{ "type": "Feature", "properties": { "gml_id": "OT_ADJA_A.20", "lokalnyId": "322BD60C-5C60-598B-E053-CC2BA8C05138", "przestrzen": "PL.PZGiK.308.BDOT10k", "wersjaId": "2022-01-20T00:00:00", "czyObiektB": 0, "x_kod": "ADJA05", "x_skrKarto": null, "x_katDoklG": "Dok", "x_doklGeom": 1, "x_doklGe_1": "m", "x_zrodloDa": "PRG", "x_zrodlo_1": "PRG", "x_katIstni": null, "x_rodzajRe": "ZP", "x_aktualno": "2022-01-20", "x_aktual_1": "2022-01-20", "poczatekWe": "2022-01-20T00:00:00", "x_dataUtwo": "2012-11-13", "x_kodKarto": "0010_505", "x_kodKar_1": "0025_505", "x_kodKar_2": "0050_505", "x_kodKar_3": "0100_505", "x_kodKar_4": null, "x_kodKar_5": null, "x_kodKar_6": null, "nazwa": "Czerwonak", "idPRG": 1030210420, "idTerytJed": 3021, "idTerytTer": 3021042, "rodzaj": "GW", "PRG|BT_Ref": 1030210420, "PRG|BT_R_1": "PL.PZGiK.200", "x_informDo": null }, "geometry": { "type": "MultiPolygon", "coordinates": [ [ [ [ 17.00432439248069, 52.460523932908764 ], [ 17.004708966420985, 52.460576833705552 ], [ 17.004883002901838, 52.460739869745701 ], [ 17.005135352241357, 52.460724339670485 ], [ 17.005248868298267, 52.46068227229474 ], [ 17.005391429433249, 52.460711030584356 ], [ 17.005485909481681, 52.460767579744449 ], [ 17.005635507459651, 52.460911044462932 ], [ 17.005606618585784, 52.460967041740865 ], [ 17.005545859843242, 52.4610439979703 ], [ 17.005450869950906, 52.461070368182973 ], [ 17.004990177114678, 52.461163692987888 ], [ 17.004753410398859, 52.46123183283305 ], [ 17.0045945510278, 52.461345269291414 ], [ 17.004465319162865, 52.461477554013683 ], [ 17.004379597229072, 52.461621276185582 ], [ 17.00439360725758, 52.461702191962608 ], [ 17.004458833799426, 52.461816261796642 ], [ 17.004569880695282, 52.461890720179809 ], [ 17.004687432284417, 52.46192229521764 ], [ 17.004906775579304, 52.461936699486891 ], [ 17.005206394654191, 52.461931051040999 ], [ 17.0055307622365, 52.461866546502208 ], [ 17.00607600048545, 52.461684881607411 ], [ 17.006594291409815, 52.461516161530618 ], [ 17.006776750215824, 52.461473456029218 ], [ 17.007412096744744, 52.461438472671752 ], [ 17.007645433018599, 52.461439706086928 ], [ 17.007706206368365, 52.461456919868446 ], [ 17.007838162715384, 52.461655399716271 ], [ 17.007966023598421, 52.461748936328242 ], [ 17.008031721193465, 52.461774507691651 ], [ 17.008182357540342, 52.461833259835174 ], [ 17.008460318618859, 52.461915922579237 ], [ 17.008719387106861, 52.461931078755043 ], [ 17.008921826636918, 52.461931789331153 ], [ 17.009090794997817, 52.461894339659139 ], [ 17.009829124922426, 52.461629742610761 ], [ 17.010026127882426, 52.46155507714527 ], [ 17.010200116094264, 52.461504218864107 ], [ 17.010283930166022, 52.461500322543998 ], [ 17.010610278174557, 52.461489623630527 ], [ 17.011688284787081, 52.461499750049498 ], [ 17.012223086960567, 52.46154903607777 ], [ 17.012483486889916, 52.461534615010805 ], [ 17.012909893445304, 52.461450308871186 ], [ 17.013275636230887, 52.461346273756767 ], [ 17.013696658284175, 52.461283370802697 ], [ 17.014670313816943, 52.461167955044232 ], [ 17.014963153015419, 52.461116476840928 ], [ 17.015486667338045, 52.460928917611724 ], [ 17.016050035095123, 52.46083079885922 ], [ 17.016522713277187, 52.460696258220622 ], [ 17.016948740786823, 52.460620026151432 ], [ 17.01717236887119, 52.460594724572729 ], [ 17.017215633943739, 52.460585466344213 ], [ 17.017251990506026, 52.460566108547141 ], [ 17.017432529187221, 52.46042162856061 ], [ 17.017495829298198, 52.460307292535269 ], [ 17.016950978662077, 52.46022952961841 ], [ 17.016694851091028, 52.460198250954292 ], [ 17.016036316561049, 52.460117497645818 ], [ 17.015431671308637, 52.460043401481947 ], [ 17.015422593436462, 52.460042259747283 ], [ 17.014945957766756, 52.4599801132848 ], [ 17.014041320566449, 52.459861488335214 ], [ 17.012565121123568, 52.459706088270359 ], [ 17.0104382837205, 52.459484858539966 ], [ 17.010022596483058, 52.459439547662775 ], [ 17.00942199784118, 52.459367557414033 ], [ 17.008801748690725, 52.459300359973028 ], [ 17.008102963793345, 52.459224640835217 ], [ 17.007659537768458, 52.459174177271827 ], [ 17.007020259661257, 52.459101343149158 ], [ 17.006569949511746, 52.459050129845018 ], [ 17.006205461687536, 52.459012414383302 ], [ 17.005840970453622, 52.458974787679011 ], [ 17.00555049206049, 52.458944794246563 ], [ 17.005146078510222, 52.458897857427957 ], [ 17.00491011310228, 52.458870401051954 ], [ 17.004740349818061, 52.458850717140422 ], [ 17.004450955013748, 52.458816332044435 ], [ 17.003948011261741, 52.458763500876714 ], [ 17.003376484876004, 52.458703483302187 ], [ 17.002430652630014, 52.458617892241513 ], [ 17.001759127986329, 52.458577943792335 ], [ 17.001662649964643, 52.458920077764297 ], [ 17.00162336528328, 52.458958449363777 ], [ 17.001548884523814, 52.45900018362439 ], [ 17.001457110344525, 52.459033620570473 ], [ 17.000457388967476, 52.459237081101691 ], [ 16.999999961648903, 52.459323515983478 ], [ 16.999869268390029, 52.459348198496187 ], [ 16.999802110641166, 52.459371257324115 ], [ 16.999720089811458, 52.459433100213438 ], [ 16.999668880313468, 52.459494115127271 ], [ 16.999652313980189, 52.459570466834634 ], [ 16.999664702844004, 52.459878553395406 ], [ 16.999650124389294, 52.459907808277002 ], [ 16.999601089196773, 52.459943585790207 ], [ 16.999710498823301, 52.460005159215264 ], [ 16.999712544547972, 52.460050975116985 ], [ 16.999735685149489, 52.46007969880575 ], [ 16.999813831021978, 52.460093612814767 ], [ 16.999951423363648, 52.460111680311641 ], [ 17.000127322530304, 52.460122750326008 ], [ 17.000476731858274, 52.4601553725701 ], [ 17.000840074109206, 52.460185980750069 ], [ 17.001115835063793, 52.460212678848293 ], [ 17.001965208065752, 52.460279740941317 ], [ 17.002566560611061, 52.460344856153156 ], [ 17.00432439248069, 52.460523932908764 ] ] ] ] } },
{ "type": "Feature", "properties": { "gml_id": "OT_ADJA_A.20", "lokalnyId": "322BD60C-5C60-598B-E053-CC2BA8C05138", "przestrzen": "PL.PZGiK.308.BDOT10k", "wersjaId": "2022-01-20T00:00:00", "czyObiektB": 0, "x_kod": "ADJA05", "x_skrKarto": null, "x_katDoklG": "Dok", "x_doklGeom": 1, "x_doklGe_1": "m", "x_zrodloDa": "PRG", "x_zrodlo_1": "PRG", "x_katIstni": null, "x_rodzajRe": "ZP", "x_aktualno": "2022-01-20", "x_aktual_1": "2022-01-20", "poczatekWe": "2022-01-20T00:00:00", "x_dataUtwo": "2012-11-13", "x_kodKarto": "0010_505", "x_kodKar_1": "0025_505", "x_kodKar_2": "0050_505", "x_kodKar_3": "0100_505", "x_kodKar_4": null, "x_kodKar_5": null, "x_kodKar_6": null, "nazwa": "Czerwonak", "idPRG": 1030210420, "idTerytJed": 3021, "idTerytTer": 3021042, "rodzaj": "GW", "PRG|BT_Ref": 1030210420, "PRG|BT_R_1": "PL.PZGiK.200", "x_informDo": null }, "geometry": { "type": "MultiPolygon", "coordinates": [ [ [ [ 17.020687559602504, 52.461045409855586 ], [ 17.020785677518688, 52.460942538070142 ], [ 17.020857146926275, 52.460839579956819 ], [ 17.020957795884332, 52.46064743669799 ], [ 17.020968464663142, 52.460550746321033 ], [ 17.020967257726749, 52.46043649812821 ], [ 17.020782434435141, 52.460420722694813 ], [ 17.020354337198754, 52.460372632220491 ], [ 17.019671001631412, 52.460286537134436 ], [ 17.019505988214469, 52.46027558862621 ], [ 17.019014026543331, 52.460236497257931 ], [ 17.018869618017344, 52.460235606930766 ], [ 17.018921910155612, 52.460467997169857 ], [ 17.018954476680307, 52.460611732556323 ], [ 17.019021491483738, 52.460844189499362 ], [ 17.019123077887137, 52.460867477713585 ], [ 17.019217123492211, 52.460904580737399 ], [ 17.019679675514137, 52.461120097172333 ], [ 17.019713481910966, 52.461095209373816 ], [ 17.019731447023027, 52.461091912500699 ], [ 17.019780973877285, 52.461103894876587 ], [ 17.01982109407685, 52.46111221191871 ], [ 17.020155874249241, 52.461130049971807 ], [ 17.020181933911591, 52.461130126517645 ], [ 17.020207997607262, 52.461130113181959 ], [ 17.020258498408523, 52.461130239147032 ], [ 17.020295895809589, 52.461130325600685 ], [ 17.020601319849803, 52.461090287081312 ], [ 17.020652405276195, 52.461077380886472 ], [ 17.020687559602504, 52.461045409855586 ] ] ] ] } },
{ "type": "Feature", "properties": { "gml_id": "OT_ADJA_A.20", "lokalnyId": "322BD60C-5C60-598B-E053-CC2BA8C05138", "przestrzen": "PL.PZGiK.308.BDOT10k", "wersjaId": "2022-01-20T00:00:00", "czyObiektB": 0, "x_kod": "ADJA05", "x_skrKarto": null, "x_katDoklG": "Dok", "x_doklGeom": 1, "x_doklGe_1": "m", "x_zrodloDa": "PRG", "x_zrodlo_1": "PRG", "x_katIstni": null, "x_rodzajRe": "ZP", "x_aktualno": "2022-01-20", "x_aktual_1": "2022-01-20", "poczatekWe": "2022-01-20T00:00:00", "x_dataUtwo": "2012-11-13", "x_kodKarto": "0010_505", "x_kodKar_1": "0025_505", "x_kodKar_2": "0050_505", "x_kodKar_3": "0100_505", "x_kodKar_4": null, "x_kodKar_5": null, "x_kodKar_6": null, "nazwa": "Czerwonak", "idPRG": 1030210420, "idTerytJed": 3021, "idTerytTer": 3021042, "rodzaj": "GW", "PRG|BT_Ref": 1030210420, "PRG|BT_R_1": "PL.PZGiK.200", "x_informDo": null }, "geometry": { "type": "MultiPolygon", "coordinates": [ [ [ [ 17.021182570017515, 52.461709471154556 ], [ 17.021052239759925, 52.461693348873538 ], [ 17.020978498186953, 52.46168608854709 ], [ 17.020904756639442, 52.46167882817489 ], [ 17.020767746762893, 52.46212670113654 ], [ 17.020837362936131, 52.462143876245577 ], [ 17.021080822410063, 52.462221524440956 ], [ 17.021308786262711, 52.462250703242738 ], [ 17.02173928529454, 52.462298200692842 ], [ 17.021833875888337, 52.462303560735499 ], [ 17.022311828057379, 52.462330533364607 ], [ 17.022395445629712, 52.462337598243643 ], [ 17.022543751799706, 52.462350242017635 ], [ 17.022782514947366, 52.462371773496173 ], [ 17.023048739580464, 52.462391694914281 ], [ 17.023144296126155, 52.462398509146858 ], [ 17.023268027667154, 52.462407503218522 ], [ 17.023421224470255, 52.462422746053662 ], [ 17.023451573318738, 52.462327104016168 ], [ 17.023493764072583, 52.462233368827299 ], [ 17.022732456345278, 52.462207329690571 ], [ 17.022521688917664, 52.462168997174565 ], [ 17.022366280559577, 52.462094713399352 ], [ 17.022253609576854, 52.461990113792588 ], [ 17.022210044821183, 52.461789261385206 ], [ 17.022107672922328, 52.461783411708595 ], [ 17.021748787916046, 52.46175789055799 ], [ 17.021719575405122, 52.461755872804773 ], [ 17.021426297511681, 52.461735135925998 ], [ 17.021182570017515, 52.461709471154556 ] ] ] ] } },
{ "type": "Feature", "properties": { "gml_id": "OT_ADJA_A.20", "lokalnyId": "322BD60C-5C60-598B-E053-CC2BA8C05138", "przestrzen": "PL.PZGiK.308.BDOT10k", "wersjaId": "2022-01-20T00:00:00", "czyObiektB": 0, "x_kod": "ADJA05", "x_skrKarto": null, "x_katDoklG": "Dok", "x_doklGeom": 1, "x_doklGe_1": "m", "x_zrodloDa": "PRG", "x_zrodlo_1": "PRG", "x_katIstni": null, "x_rodzajRe": "ZP", "x_aktualno": "2022-01-20", "x_aktual_1": "2022-01-20", "poczatekWe": "2022-01-20T00:00:00", "x_dataUtwo": "2012-11-13", "x_kodKarto": "0010_505", "x_kodKar_1": "0025_505", "x_kodKar_2": "0050_505", "x_kodKar_3": "0100_505", "x_kodKar_4": null, "x_kodKar_5": null, "x_kodKar_6": null, "nazwa": "Czerwonak", "idPRG": 1030210420, "idTerytJed": 3021, "idTerytTer": 3021042, "rodzaj": "GW", "PRG|BT_Ref": 1030210420, "PRG|BT_R_1": "PL.PZGiK.200", "x_informDo": null }, "geometry": { "type": "MultiPolygon", "coordinates": [ [ [ [ 17.008596913362268, 52.46453665640022 ], [ 17.008818105857049, 52.464549555409924 ], [ 17.009148053805191, 52.46456401521111 ], [ 17.009358023880608, 52.464580861666015 ], [ 17.009523090430356, 52.464623575158953 ], [ 17.010291365782297, 52.46449592322692 ], [ 17.011341007185745, 52.464336571406328 ], [ 17.011797990364357, 52.464267174265402 ], [ 17.011927880581364, 52.464247411910378 ], [ 17.012066071736022, 52.464226439811462 ], [ 17.012650317809005, 52.464126889091133 ], [ 17.012728524706027, 52.464113542660272 ], [ 17.013226716778018, 52.464034758899935 ], [ 17.013446137075253, 52.463998690294645 ], [ 17.013570752780502, 52.46397829787427 ], [ 17.013924139135025, 52.463920194029846 ], [ 17.014152034724312, 52.463882287714014 ], [ 17.014522809730838, 52.463820606541802 ], [ 17.014716242656007, 52.463789315963567 ], [ 17.014901664674763, 52.463759329683199 ], [ 17.015708019610152, 52.463629044021502 ], [ 17.016285870167316, 52.463530537375206 ], [ 17.017067546133447, 52.463408552985555 ], [ 17.017830750251523, 52.463284634840583 ], [ 17.018221620008838, 52.463221210270575 ], [ 17.018603141444849, 52.463165902558274 ], [ 17.018491136610916, 52.462984319034632 ], [ 17.018426312955445, 52.46287682983867 ], [ 17.018391790951753, 52.462773356187029 ], [ 17.018389342514858, 52.462700011360951 ], [ 17.018391264806915, 52.462614597431532 ], [ 17.018412348565491, 52.46255172060269 ], [ 17.018527501848961, 52.462374663068367 ], [ 17.017975942692839, 52.462425951279549 ], [ 17.017518131416345, 52.462491490682574 ], [ 17.017409919134529, 52.46251072315934 ], [ 17.015102455895086, 52.462870642143351 ], [ 17.013378686977891, 52.463145343750902 ], [ 17.009307203095613, 52.463788234253641 ], [ 17.009271007341482, 52.463794100833745 ], [ 17.008975224306205, 52.463841737890533 ], [ 17.008659424634118, 52.463889127075014 ], [ 17.00837775617812, 52.463930704294036 ], [ 17.008602475721727, 52.464498254288948 ], [ 17.008596913362268, 52.46453665640022 ] ] ] ] } },
{ "type": "Feature", "properties": { "gml_id": "OT_ADJA_A.20", "lokalnyId": "322BD60C-5C60-598B-E053-CC2BA8C05138", "przestrzen": "PL.PZGiK.308.BDOT10k", "wersjaId": "2022-01-20T00:00:00", "czyObiektB": 0, "x_kod": "ADJA05", "x_skrKarto": null, "x_katDoklG": "Dok", "x_doklGeom": 1, "x_doklGe_1": "m", "x_zrodloDa": "PRG", "x_zrodlo_1": "PRG", "x_katIstni": null, "x_rodzajRe": "ZP", "x_aktualno": "2022-01-20", "x_aktual_1": "2022-01-20", "poczatekWe": "2022-01-20T00:00:00", "x_dataUtwo": "2012-11-13", "x_kodKarto": "0010_505", "x_kodKar_1": "0025_505", "x_kodKar_2": "0050_505", "x_kodKar_3": "0100_505", "x_kodKar_4": null, "x_kodKar_5": null, "x_kodKar_6": null, "nazwa": "Czerwonak", "idPRG": 1030210420, "idTerytJed": 3021, "idTerytTer": 3021042, "rodzaj": "GW", "PRG|BT_Ref": 1030210420, "PRG|BT_R_1": "PL.PZGiK.200", "x_informDo": null }, "geometry": { "type": "MultiPolygon", "coordinates": [ [ [ [ 17.013973323470811, 52.464786994642935 ], [ 17.014448451377607, 52.465790016470145 ], [ 17.014606761267594, 52.46576056474246 ], [ 17.015093461315821, 52.465662602043956 ], [ 17.015431589353785, 52.465606755923986 ], [ 17.015471091937638, 52.465599413913708 ], [ 17.01544637727563, 52.465530102570547 ], [ 17.015359962255232, 52.465287244437299 ], [ 17.015282315487735, 52.465068818086891 ], [ 17.015199418320549, 52.464836182445765 ], [ 17.015116673190327, 52.464603459341035 ], [ 17.015030562016854, 52.464619013197613 ], [ 17.013973323470811, 52.464786994642935 ] ] ] ] } },
{ "type": "Feature", "properties": { "gml_id": "OT_ADJA_A.20", "lokalnyId": "322BD60C-5C60-598B-E053-CC2BA8C05138", "przestrzen": "PL.PZGiK.308.BDOT10k", "wersjaId": "2022-01-20T00:00:00", "czyObiektB": 0, "x_kod": "ADJA05", "x_skrKarto": null, "x_katDoklG": "Dok", "x_doklGeom": 1, "x_doklGe_1": "m", "x_zrodloDa": "PRG", "x_zrodlo_1": "PRG", "x_katIstni": null, "x_rodzajRe": "ZP", "x_aktualno": "2022-01-20", "x_aktual_1": "2022-01-20", "poczatekWe": "2022-01-20T00:00:00", "x_dataUtwo": "2012-11-13", "x_kodKarto": "0010_505", "x_kodKar_1": "0025_505", "x_kodKar_2": "0050_505", "x_kodKar_3": "0100_505", "x_kodKar_4": null, "x_kodKar_5": null, "x_kodKar_6": null, "nazwa": "Czerwonak", "idPRG": 1030210420, "idTerytJed": 3021, "idTerytTer": 3021042, "rodzaj": "GW", "PRG|BT_Ref": 1030210420, "PRG|BT_R_1": "PL.PZGiK.200", "x_informDo": null }, "geometry": { "type": "MultiPolygon", "coordinates": [ [ [ [ 17.016136992384475, 52.467767697086536 ], [ 17.015985685665438, 52.467762460346187 ], [ 17.015817284135139, 52.467757476241253 ], [ 17.015291930995488, 52.467741914497765 ], [ 17.015026696708691, 52.467732066092772 ], [ 17.014873142430631, 52.467727689632774 ], [ 17.014719735348418, 52.467723315444225 ], [ 17.014397743578911, 52.46771476134122 ], [ 17.014067068035143, 52.467702822569088 ], [ 17.013754300221272, 52.467688935073511 ], [ 17.013511140662338, 52.467679454035434 ], [ 17.013178399984959, 52.467664330066633 ], [ 17.012767574113976, 52.46761722231556 ], [ 17.012599020957495, 52.467599279232452 ], [ 17.011811382781683, 52.467907137155279 ], [ 17.011513415986688, 52.468025529393508 ], [ 17.011277478608324, 52.468120409538088 ], [ 17.01121684221938, 52.468145653240427 ], [ 17.011078410623693, 52.468201068675214 ], [ 17.011455967644217, 52.468264262350189 ], [ 17.011935897546937, 52.468359756639209 ], [ 17.012663198965168, 52.468492325663156 ], [ 17.013101673052553, 52.468573177278557 ], [ 17.017546120497361, 52.469362636846441 ], [ 17.017664383610633, 52.469385576119748 ], [ 17.018512810707779, 52.468878214505878 ], [ 17.018671361049613, 52.468781303903178 ], [ 17.018815848701198, 52.46866302083793 ], [ 17.018941916664989, 52.468531836977647 ], [ 17.019017004331729, 52.468414279849441 ], [ 17.018900480764675, 52.468392000657751 ], [ 17.018062751154964, 52.468232255435161 ], [ 17.017301112485598, 52.46809338764303 ], [ 17.016780714042742, 52.468016664261334 ], [ 17.016801910255236, 52.467790902378667 ], [ 17.016136992384475, 52.467767697086536 ] ] ] ] } },
{ "type": "Feature", "properties": { "gml_id": "OT_ADJA_A.20", "lokalnyId": "322BD60C-5C60-598B-E053-CC2BA8C05138", "przestrzen": "PL.PZGiK.308.BDOT10k", "wersjaId": "2022-01-20T00:00:00", "czyObiektB": 0, "x_kod": "ADJA05", "x_skrKarto": null, "x_katDoklG": "Dok", "x_doklGeom": 1, "x_doklGe_1": "m", "x_zrodloDa": "PRG", "x_zrodlo_1": "PRG", "x_katIstni": null, "x_rodzajRe": "ZP", "x_aktualno": "2022-01-20", "x_aktual_1": "2022-01-20", "poczatekWe": "2022-01-20T00:00:00", "x_dataUtwo": "2012-11-13", "x_kodKarto": "0010_505", "x_kodKar_1": "0025_505", "x_kodKar_2": "0050_505", "x_kodKar_3": "0100_505", "x_kodKar_4": null, "x_kodKar_5": null, "x_kodKar_6": null, "nazwa": "Czerwonak", "idPRG": 1030210420, "idTerytJed": 3021, "idTerytTer": 3021042, "rodzaj": "GW", "PRG|BT_Ref": 1030210420, "PRG|BT_R_1": "PL.PZGiK.200", "x_informDo": null }, "geometry": { "type": "MultiPolygon", "coordinates": [ [ [ [ 17.024359367494657, 52.468736065691019 ], [ 17.024282952659053, 52.468640258802829 ], [ 17.024242374422514, 52.468589392576312 ], [ 17.023796017875259, 52.46871361103652 ], [ 17.023394698651831, 52.468825269026922 ], [ 17.022774787373507, 52.46900009882367 ], [ 17.021941776381571, 52.469237019626696 ], [ 17.02222259897755, 52.469549771892972 ], [ 17.022271817004814, 52.469637839889259 ], [ 17.022391642950677, 52.469796794600342 ], [ 17.024311251483386, 52.469254593527417 ], [ 17.024454590229816, 52.469214265174948 ], [ 17.024513362601329, 52.469197618129947 ], [ 17.024419717947396, 52.469068874159255 ], [ 17.02498442782095, 52.46890318749454 ], [ 17.02476694668681, 52.468619382247446 ], [ 17.024440249667524, 52.468712412721196 ], [ 17.024359367494657, 52.468736065691019 ] ] ] ] } },
{ "type": "Feature", "properties": { "gml_id": "OT_ADJA_A.20", "lokalnyId": "322BD60C-5C60-598B-E053-CC2BA8C05138", "przestrzen": "PL.PZGiK.308.BDOT10k", "wersjaId": "2022-01-20T00:00:00", "czyObiektB": 0, "x_kod": "ADJA05", "x_skrKarto": null, "x_katDoklG": "Dok", "x_doklGeom": 1, "x_doklGe_1": "m", "x_zrodloDa": "PRG", "x_zrodlo_1": "PRG", "x_katIstni": null, "x_rodzajRe": "ZP", "x_aktualno": "2022-01-20", "x_aktual_1": "2022-01-20", "poczatekWe": "2022-01-20T00:00:00", "x_dataUtwo": "2012-11-13", "x_kodKarto": "0010_505", "x_kodKar_1": "0025_505", "x_kodKar_2": "0050_505", "x_kodKar_3": "0100_505", "x_kodKar_4": null, "x_kodKar_5": null, "x_kodKar_6": null, "nazwa": "Czerwonak", "idPRG": 1030210420, "idTerytJed": 3021, "idTerytTer": 3021042, "rodzaj": "GW", "PRG|BT_Ref": 1030210420, "PRG|BT_R_1": "PL.PZGiK.200", "x_informDo": null }, "geometry": { "type": "MultiPolygon", "coordinates": [ [ [ [ 17.032226082986984, 52.47019388797284 ], [ 17.031786859881549, 52.470102302042733 ], [ 17.031489992130783, 52.470041865950101 ], [ 17.031194806988214, 52.469983345922145 ], [ 17.030926975992763, 52.469925730333841 ], [ 17.030784096461698, 52.470203253937903 ], [ 17.031055553145787, 52.470248967780414 ], [ 17.030791981837254, 52.470735847982596 ], [ 17.032047748307161, 52.471012010165694 ], [ 17.032469085252743, 52.470240294344734 ], [ 17.032226082986984, 52.47019388797284 ] ] ] ] } },
{ "type": "Feature", "properties": { "gml_id": "OT_ADJA_A.20", "lokalnyId": "322BD60C-5C60-598B-E053-CC2BA8C05138", "przestrzen": "PL.PZGiK.308.BDOT10k", "wersjaId": "2022-01-20T00:00:00", "czyObiektB": 0, "x_kod": "ADJA05", "x_skrKarto": null, "x_katDoklG": "Dok", "x_doklGeom": 1, "x_doklGe_1": "m", "x_zrodloDa": "PRG", "x_zrodlo_1": "PRG", "x_katIstni": null, "x_rodzajRe": "ZP", "x_aktualno": "2022-01-20", "x_aktual_1": "2022-01-20", "poczatekWe": "2022-01-20T00:00:00", "x_dataUtwo": "2012-11-13", "x_kodKarto": "0010_505", "x_kodKar_1": "0025_505", "x_kodKar_2": "0050_505", "x_kodKar_3": "0100_505", "x_kodKar_4": null, "x_kodKar_5": null, "x_kodKar_6": null, "nazwa": "Czerwonak", "idPRG": 1030210420, "idTerytJed": 3021, "idTerytTer": 3021042, "rodzaj": "GW", "PRG|BT_Ref": 1030210420, "PRG|BT_R_1": "PL.PZGiK.200", "x_informDo": null }, "geometry": { "type": "MultiPolygon", "coordinates": [ [ [ [ 17.030247930214831, 52.47072256004148 ], [ 17.030292295886859, 52.470636054256495 ], [ 17.030701792595721, 52.469879437611667 ], [ 17.030022112549304, 52.469740757882626 ], [ 17.029586773270918, 52.469648149090432 ], [ 17.029321645117534, 52.469586167658292 ], [ 17.029183589231504, 52.469557783485634 ], [ 17.029151784990283, 52.469557613221234 ], [ 17.029140885405674, 52.469551045613528 ], [ 17.029020338352833, 52.469532936726935 ], [ 17.028711497593747, 52.469473643191868 ], [ 17.02795582608114, 52.469321992122616 ], [ 17.027581897984362, 52.470075543905025 ], [ 17.027005496644392, 52.469962995128192 ], [ 17.025897694330236, 52.469795231190119 ], [ 17.026208579803786, 52.470180041091901 ], [ 17.027041781232917, 52.470343699972894 ], [ 17.028188676326266, 52.470567089292608 ], [ 17.029451650499702, 52.470810030516709 ], [ 17.029504742685631, 52.470709549368841 ], [ 17.029575113111505, 52.470723403868746 ], [ 17.0295783295864, 52.470717341334527 ], [ 17.029621089554571, 52.470640432944059 ], [ 17.030219295828093, 52.470770112676284 ], [ 17.030212735943497, 52.47078178594883 ], [ 17.030247930214831, 52.47072256004148 ] ] ] ] } },
{ "type": "Feature", "properties": { "gml_id": "OT_ADJA_A.20", "lokalnyId": "322BD60C-5C60-598B-E053-CC2BA8C05138", "przestrzen": "PL.PZGiK.308.BDOT10k", "wersjaId": "2022-01-20T00:00:00", "czyObiektB": 0, "x_kod": "ADJA05", "x_skrKarto": null, "x_katDoklG": "Dok", "x_doklGeom": 1, "x_doklGe_1": "m", "x_zrodloDa": "PRG", "x_zrodlo_1": "PRG", "x_katIstni": null, "x_rodzajRe": "ZP", "x_aktualno": "2022-01-20", "x_aktual_1": "2022-01-20", "poczatekWe": "2022-01-20T00:00:00", "x_dataUtwo": "2012-11-13", "x_kodKarto": "0010_505", "x_kodKar_1": "0025_505", "x_kodKar_2": "0050_505", "x_kodKar_3": "0100_505", "x_kodKar_4": null, "x_kodKar_5": null, "x_kodKar_6": null, "nazwa": "Czerwonak", "idPRG": 1030210420, "idTerytJed": 3021, "idTerytTer": 3021042, "rodzaj": "GW", "PRG|BT_Ref": 1030210420, "PRG|BT_R_1": "PL.PZGiK.200", "x_informDo": null }, "geometry": { "type": "MultiPolygon", "coordinates": [ [ [ [ 17.032377748374977, 52.471587739835151 ], [ 17.032428625931193, 52.471602797323477 ], [ 17.032717761484474, 52.47108072146878 ], [ 17.033017568841924, 52.471154694751689 ], [ 17.032783077922062, 52.471620656467486 ], [ 17.032830906232885, 52.471631435737777 ], [ 17.032980184382442, 52.471659372641007 ], [ 17.033054573001774, 52.471678958292152 ], [ 17.033707912306372, 52.470503205314181 ], [ 17.033023105318158, 52.470353574635162 ], [ 17.03281359250866, 52.470309165588588 ], [ 17.032418052293895, 52.471024377879118 ], [ 17.032223232181103, 52.471383426734796 ], [ 17.032200341653251, 52.471424419625862 ], [ 17.032137572435282, 52.471537242987424 ], [ 17.03214270909422, 52.471544254072882 ], [ 17.032198615711508, 52.471555527796347 ], [ 17.03226984735544, 52.471569934663549 ], [ 17.032366188564058, 52.471589346361014 ], [ 17.032377748374977, 52.471587739835151 ] ] ] ] } },
{ "type": "Feature", "properties": { "gml_id": "OT_ADJA_A.20", "lokalnyId": "322BD60C-5C60-598B-E053-CC2BA8C05138", "przestrzen": "PL.PZGiK.308.BDOT10k", "wersjaId": "2022-01-20T00:00:00", "czyObiektB": 0, "x_kod": "ADJA05", "x_skrKarto": null, "x_katDoklG": "Dok", "x_doklGeom": 1, "x_doklGe_1": "m", "x_zrodloDa": "PRG", "x_zrodlo_1": "PRG", "x_katIstni": null, "x_rodzajRe": "ZP", "x_aktualno": "2022-01-20", "x_aktual_1": "2022-01-20", "poczatekWe": "2022-01-20T00:00:00", "x_dataUtwo": "2012-11-13", "x_kodKarto": "0010_505", "x_kodKar_1": "0025_505", "x_kodKar_2": "0050_505", "x_kodKar_3": "0100_505", "x_kodKar_4": null, "x_kodKar_5": null, "x_kodKar_6": null, "nazwa": "Czerwonak", "idPRG": 1030210420, "idTerytJed": 3021, "idTerytTer": 3021042, "rodzaj": "GW", "PRG|BT_Ref": 1030210420, "PRG|BT_R_1": "PL.PZGiK.200", "x_informDo": null }, "geometry": { "type": "MultiPolygon", "coordinates": [ [ [ [ 17.030437184969898, 52.473192759129255 ], [ 17.030674408205162, 52.472752121434262 ], [ 17.030826091718655, 52.47248544782164 ], [ 17.030475797442911, 52.472410628229369 ], [ 17.03043577331783, 52.472479037888242 ], [ 17.030319591013697, 52.472692786217642 ], [ 17.030046116385105, 52.473196409074795 ], [ 17.030399551049346, 52.473260399093185 ], [ 17.030415346150669, 52.473233229538678 ], [ 17.030437184969898, 52.473192759129255 ] ] ] ] } },
{ "type": "Feature", "properties": { "gml_id": "OT_ADJA_A.20", "lokalnyId": "322BD60C-5C60-598B-E053-CC2BA8C05138", "przestrzen": "PL.PZGiK.308.BDOT10k", "wersjaId": "2022-01-20T00:00:00", "czyObiektB": 0, "x_kod": "ADJA05", "x_skrKarto": null, "x_katDoklG": "Dok", "x_doklGeom": 1, "x_doklGe_1": "m", "x_zrodloDa": "PRG", "x_zrodlo_1": "PRG", "x_katIstni": null, "x_rodzajRe": "ZP", "x_aktualno": "2022-01-20", "x_aktual_1": "2022-01-20", "poczatekWe": "2022-01-20T00:00:00", "x_dataUtwo": "2012-11-13", "x_kodKarto": "0010_505", "x_kodKar_1": "0025_505", "x_kodKar_2": "0050_505", "x_kodKar_3": "0100_505", "x_kodKar_4": null, "x_kodKar_5": null, "x_kodKar_6": null, "nazwa": "Czerwonak", "idPRG": 1030210420, "idTerytJed": 3021, "idTerytTer": 3021042, "rodzaj": "GW", "PRG|BT_Ref": 1030210420, "PRG|BT_R_1": "PL.PZGiK.200", "x_informDo": null }, "geometry": { "type": "MultiPolygon", "coordinates": [ [ [ [ 17.034616941340467, 52.48502376406168 ], [ 17.034566638114622, 52.485104506261649 ], [ 17.03461824607162, 52.485113458694109 ], [ 17.034440935520294, 52.485491779627793 ], [ 17.034365110072375, 52.485672383794707 ], [ 17.034351304636502, 52.485704443816537 ], [ 17.035383973587223, 52.485859213853438 ], [ 17.036077896419062, 52.48598505540776 ], [ 17.03707078659151, 52.486130155830253 ], [ 17.037401562067704, 52.486182774944979 ], [ 17.038413462018209, 52.486324671693943 ], [ 17.038922689806906, 52.486393197725917 ], [ 17.039177484466368, 52.48643169021863 ], [ 17.039263389623763, 52.486444716952114 ], [ 17.040229736809085, 52.486590789755674 ], [ 17.040836493811756, 52.486705984730868 ], [ 17.041532112372899, 52.486814193384653 ], [ 17.041614884960509, 52.486589358133848 ], [ 17.041812764213304, 52.486224319171846 ], [ 17.041901754016148, 52.486101581632525 ], [ 17.041590047140193, 52.485831899441266 ], [ 17.041184749755168, 52.485470274042484 ], [ 17.040705152269268, 52.485063434414442 ], [ 17.040485929986161, 52.484881086532212 ], [ 17.040465755932171, 52.484864292784152 ], [ 17.040186435725371, 52.48463201979952 ], [ 17.040053068061379, 52.48454337487798 ], [ 17.039929439504423, 52.484484212524812 ], [ 17.039617173045666, 52.484403215461484 ], [ 17.037814134550494, 52.48387161597276 ], [ 17.037637093141466, 52.483821009030834 ], [ 17.037454978791608, 52.483771846671118 ], [ 17.037133787655584, 52.483683049749487 ], [ 17.036701999385947, 52.484235057192414 ], [ 17.036365749621375, 52.484308984529385 ], [ 17.036027944055498, 52.483729990485351 ], [ 17.035450754544105, 52.483848393243633 ], [ 17.035174113182386, 52.483907117578738 ], [ 17.035093674655986, 52.483883215622512 ], [ 17.035031803897915, 52.484072226850579 ], [ 17.03471391632246, 52.484818147293915 ], [ 17.034616941340467, 52.48502376406168 ] ] ] ] } },
{ "type": "Feature", "properties": { "gml_id": "OT_ADJA_A.20", "lokalnyId": "322BD60C-5C60-598B-E053-CC2BA8C05138", "przestrzen": "PL.PZGiK.308.BDOT10k", "wersjaId": "2022-01-20T00:00:00", "czyObiektB": 0, "x_kod": "ADJA05", "x_skrKarto": null, "x_katDoklG": "Dok", "x_doklGeom": 1, "x_doklGe_1": "m", "x_zrodloDa": "PRG", "x_zrodlo_1": "PRG", "x_katIstni": null, "x_rodzajRe": "ZP", "x_aktualno": "2022-01-20", "x_aktual_1": "2022-01-20", "poczatekWe": "2022-01-20T00:00:00", "x_dataUtwo": "2012-11-13", "x_kodKarto": "0010_505", "x_kodKar_1": "0025_505", "x_kodKar_2": "0050_505", "x_kodKar_3": "0100_505", "x_kodKar_4": null, "x_kodKar_5": null, "x_kodKar_6": null, "nazwa": "Czerwonak", "idPRG": 1030210420, "idTerytJed": 3021, "idTerytTer": 3021042, "rodzaj": "GW", "PRG|BT_Ref": 1030210420, "PRG|BT_R_1": "PL.PZGiK.200", "x_informDo": null }, "geometry": { "type": "MultiPolygon", "coordinates": [ [ [ [ 17.001386209213106, 52.496943450427956 ], [ 17.001386475189239, 52.496944084523562 ], [ 17.001875993755412, 52.496860522695798 ], [ 17.001386209213106, 52.496943450427956 ] ] ] ] } },
{ "type": "Feature", "properties": { "gml_id": "OT_ADJA_A.20", "lokalnyId": "322BD60C-5C60-598B-E053-CC2BA8C05138", "przestrzen": "PL.PZGiK.308.BDOT10k", "wersjaId": "2022-01-20T00:00:00", "czyObiektB": 0, "x_kod": "ADJA05", "x_skrKarto": null, "x_katDoklG": "Dok", "x_doklGeom": 1, "x_doklGe_1": "m", "x_zrodloDa": "PRG", "x_zrodlo_1": "PRG", "x_katIstni": null, "x_rodzajRe": "ZP", "x_aktualno": "2022-01-20", "x_aktual_1": "2022-01-20", "poczatekWe": "2022-01-20T00:00:00", "x_dataUtwo": "2012-11-13", "x_kodKarto": "0010_505", "x_kodKar_1": "0025_505", "x_kodKar_2": "0050_505", "x_kodKar_3": "0100_505", "x_kodKar_4": null, "x_kodKar_5": null, "x_kodKar_6": null, "nazwa": "Czerwonak", "idPRG": 1030210420, "idTerytJed": 3021, "idTerytTer": 3021042, "rodzaj": "GW", "PRG|BT_Ref": 1030210420, "PRG|BT_R_1": "PL.PZGiK.200", "x_informDo": null }, "geometry": { "type": "MultiPolygon", "coordinates": [ [ [ [ 17.00075873798534, 52.507263882608292 ], [ 17.00379029121741, 52.506788011470825 ], [ 17.004100414517204, 52.50673945835284 ], [ 17.006217310875552, 52.506415833425663 ], [ 17.008586678013675, 52.506033371204445 ], [ 17.00874843922141, 52.506005873375777 ], [ 17.010007954866953, 52.505810395281074 ], [ 17.011614417251828, 52.505556516799302 ], [ 17.012211635521552, 52.505456103810559 ], [ 17.013100007821102, 52.505325230849458 ], [ 17.012986742964188, 52.505019501592713 ], [ 17.012939677395046, 52.504929038041013 ], [ 17.012866402838373, 52.504766090016197 ], [ 17.01280559936777, 52.504444332523725 ], [ 17.012744010623681, 52.504221678783402 ], [ 17.012584873518495, 52.503825325539708 ], [ 17.012549384290367, 52.50364493356647 ], [ 17.012543482072193, 52.503292258468463 ], [ 17.012575081300852, 52.503059027908449 ], [ 17.012571827493012, 52.502974337023673 ], [ 17.012465783591345, 52.502381360990576 ], [ 17.012445636361786, 52.501975290241312 ], [ 17.012423656726252, 52.501436702827029 ], [ 17.012441445489504, 52.501359291077002 ], [ 17.012514769030787, 52.501295584291618 ], [ 17.012621783387964, 52.501269140182927 ], [ 17.012929385891194, 52.501245975683197 ], [ 17.013149878871705, 52.501245811773273 ], [ 17.013257337415791, 52.501274869298207 ], [ 17.013385459920087, 52.501267307244504 ], [ 17.0135501865952, 52.501229149570854 ], [ 17.013935735330037, 52.501186784393276 ], [ 17.014282616762145, 52.501181544874619 ], [ 17.014507883242921, 52.501189913192242 ], [ 17.014733154269958, 52.501172017846926 ], [ 17.014674021093601, 52.501126953422776 ], [ 17.01459311730035, 52.501074418088486 ], [ 17.014538338041856, 52.501040669525459 ], [ 17.014512209649357, 52.501021972575202 ], [ 17.014467637932206, 52.500980840108561 ], [ 17.01444102004621, 52.500946844641668 ], [ 17.01441720960667, 52.500906150578949 ], [ 17.014399340091526, 52.500867714861499 ], [ 17.014358564223556, 52.500742369614926 ], [ 17.014322109722535, 52.500629059289793 ], [ 17.014267300596753, 52.500406340150946 ], [ 17.014174712883815, 52.500070288361762 ], [ 17.014163328695023, 52.500015501929056 ], [ 17.014140096911383, 52.499903133049912 ], [ 17.014120777088717, 52.499811876469217 ], [ 17.014087049592639, 52.499664253651318 ], [ 17.014069723597906, 52.499548386183932 ], [ 17.014052652567251, 52.499472637513506 ], [ 17.014032302231271, 52.499381363608869 ], [ 17.013991629754099, 52.499243967581457 ], [ 17.013964127061559, 52.499147896547107 ], [ 17.013945638813549, 52.499057823141918 ], [ 17.013928817746482, 52.498963460465575 ], [ 17.013919021040802, 52.498880008870202 ], [ 17.013900644525155, 52.498829961912485 ], [ 17.013877533074385, 52.498803220600152 ], [ 17.013830778433821, 52.498777881156059 ], [ 17.013809537241745, 52.498771768153752 ], [ 17.013788292003987, 52.498765745022553 ], [ 17.013693054220258, 52.498756680575646 ], [ 17.013581960639744, 52.498746270473866 ], [ 17.013499440285162, 52.498736250174233 ], [ 17.01341691591718, 52.498726319692231 ], [ 17.013266172153212, 52.498716052876297 ], [ 17.013398607772213, 52.49870091815189 ], [ 17.013520686142972, 52.498676884886358 ], [ 17.013916224416541, 52.498602038400001 ], [ 17.014275345772699, 52.498534044531645 ], [ 17.014417300804158, 52.498503868127315 ], [ 17.014504741869438, 52.498486447861637 ], [ 17.014579843398689, 52.498455059159255 ], [ 17.014680343576224, 52.498406198060998 ], [ 17.014826325774337, 52.498319334804407 ], [ 17.014894570928274, 52.498270022148411 ], [ 17.014967125737442, 52.498190471025389 ], [ 17.015057083542075, 52.498097540573305 ], [ 17.01526962869994, 52.497903772323887 ], [ 17.015375658921393, 52.497797529933131 ], [ 17.015459073347962, 52.497702600596732 ], [ 17.015608242458846, 52.497564522419722 ], [ 17.015909652261136, 52.497301908464216 ], [ 17.016174334717782, 52.497023567395374 ], [ 17.016336377971712, 52.496864567655493 ], [ 17.016237052716374, 52.496871086744896 ], [ 17.016190609950492, 52.496871567058378 ], [ 17.016010028221903, 52.496836788530381 ], [ 17.015542271734851, 52.496764992706055 ], [ 17.015349794027571, 52.496726056100599 ], [ 17.015002913461181, 52.496630652423448 ], [ 17.014539292858373, 52.496578349674998 ], [ 17.013422302695194, 52.496439791618933 ], [ 17.012302339842865, 52.496285612876555 ], [ 17.012040550640652, 52.496244606680243 ], [ 17.010658103506636, 52.496071609725639 ], [ 17.009982770000715, 52.495975973447116 ], [ 17.009454709180307, 52.495918339201026 ], [ 17.008224076826973, 52.495722324504449 ], [ 17.007276592204057, 52.495613185346826 ], [ 17.006037457799987, 52.495445876238612 ], [ 17.005005119324469, 52.495284290648222 ], [ 17.004391880475605, 52.495259555289131 ], [ 17.004293036262645, 52.495379130883585 ], [ 17.004298899166315, 52.495441650289756 ], [ 17.004352700354421, 52.495503179632721 ], [ 17.004509795502994, 52.495623475477387 ], [ 17.004776448029627, 52.49580093413109 ], [ 17.00486035220008, 52.495884377446352 ], [ 17.004866781608538, 52.495934404284917 ], [ 17.004844136220363, 52.49598214185378 ], [ 17.004633898329683, 52.496172962469664 ], [ 17.004489663236253, 52.496263260568703 ], [ 17.004249134473522, 52.496348426067748 ], [ 17.00403275114471, 52.496417808765976 ], [ 17.003852591219559, 52.496523599704091 ], [ 17.003782207116721, 52.496619910187476 ], [ 17.003753593692306, 52.496773319869099 ], [ 17.003754233655783, 52.497019414862876 ], [ 17.003864843187365, 52.497349393727966 ], [ 17.003885310703684, 52.497479886706941 ], [ 17.003858504873364, 52.497554356907727 ], [ 17.003729673568145, 52.49782821796606 ], [ 17.003724254650155, 52.497873008091624 ], [ 17.003753167760095, 52.497878892619944 ], [ 17.003865011907244, 52.497862881402419 ], [ 17.00424215978401, 52.497790814928273 ], [ 17.004595396387103, 52.497732554899194 ], [ 17.004712036915411, 52.497675699716929 ], [ 17.004820097252857, 52.497609795338107 ], [ 17.005044679856304, 52.497424522957772 ], [ 17.005117436053531, 52.497366927251292 ], [ 17.005197911869264, 52.497330868125438 ], [ 17.005577702286356, 52.497203527036575 ], [ 17.005667496974571, 52.497156921498842 ], [ 17.005725193433975, 52.497109684791887 ], [ 17.005748012583055, 52.497054844495615 ], [ 17.005822621741132, 52.49682602808516 ], [ 17.005912399325648, 52.496652782298163 ], [ 17.005942442666903, 52.496633681188101 ], [ 17.005972241945528, 52.496619972537751 ], [ 17.006030946511761, 52.496615565559132 ], [ 17.006272372977442, 52.496637533722058 ], [ 17.006489410979917, 52.496683914641785 ], [ 17.006630058662168, 52.496738002155666 ], [ 17.009519016261482, 52.498712780058632 ], [ 17.00946692682891, 52.498714242042055 ], [ 17.009274346522616, 52.498719905556072 ], [ 17.0089358276939, 52.49874595789413 ], [ 17.008537646612407, 52.498797538007658 ], [ 17.008487384135407, 52.498807484956494 ], [ 17.0085637670777, 52.498816326120568 ], [ 17.008801748016015, 52.498869171389309 ], [ 17.009107383273292, 52.498980538465375 ], [ 17.009214514440373, 52.499059062842171 ], [ 17.009290455650838, 52.49915271229554 ], [ 17.009529574101606, 52.499575150754048 ], [ 17.009658668174616, 52.499803709312566 ], [ 17.009656625877835, 52.499848916243103 ], [ 17.009628987982818, 52.499870217396527 ], [ 17.009313510298206, 52.499953682382213 ], [ 17.009250957436681, 52.499961623970265 ], [ 17.008849965233836, 52.499967556819961 ], [ 17.008685465867412, 52.499997437023694 ], [ 17.008470183496271, 52.499973755467039 ], [ 17.00782004376256, 52.499837967156004 ], [ 17.007296008443245, 52.499745763355641 ], [ 17.007150083386097, 52.499755986986358 ], [ 17.007056632098255, 52.499788860720734 ], [ 17.006908821966061, 52.499905904542409 ], [ 17.006860744956978, 52.499984783946275 ], [ 17.006872752447027, 52.500048396058133 ], [ 17.006955646229521, 52.500118599109747 ], [ 17.00710696918609, 52.500184558397777 ], [ 17.007391392222626, 52.500259955071016 ], [ 17.007493822003944, 52.500292530889944 ], [ 17.007601572242741, 52.500402996886301 ], [ 17.007647748619643, 52.500499743763299 ], [ 17.00763900773757, 52.500559408603486 ], [ 17.007614561742422, 52.500575276534342 ], [ 17.007498057182605, 52.500593191575391 ], [ 17.007390795180896, 52.500602267897854 ], [ 17.007299391095387, 52.500589845067701 ], [ 17.006979981636309, 52.500499377912604 ], [ 17.006788434772186, 52.500468987716211 ], [ 17.006631461753326, 52.500462744887102 ], [ 17.006303708080676, 52.500491579538988 ], [ 17.006108968708677, 52.500531739663813 ], [ 17.005963525121675, 52.500596385462728 ], [ 17.005834102565242, 52.500701055964512 ], [ 17.005693548596142, 52.500856266496882 ], [ 17.005531410668642, 52.501029191485998 ], [ 17.005393479150655, 52.501126432667277 ], [ 17.005332779064293, 52.501210585136853 ], [ 17.005504003119814, 52.501452270820636 ], [ 17.005551405494934, 52.501525114367922 ], [ 17.005550988577241, 52.50157664465759 ], [ 17.005534538403033, 52.501640496634366 ], [ 17.005497675444865, 52.501758060155709 ], [ 17.005450289988715, 52.501873647384471 ], [ 17.00506949724274, 52.501791134409807 ], [ 17.004797408712399, 52.501706856012049 ], [ 17.004400431087308, 52.50149365055195 ], [ 17.004134584468211, 52.501333474080596 ], [ 17.00406886130844, 52.501277949647275 ], [ 17.003964644315804, 52.501089649386664 ], [ 17.003792757679498, 52.500820517596061 ], [ 17.003676835619743, 52.500695429342628 ], [ 17.003584644191971, 52.500567053813427 ], [ 17.003542306526494, 52.500454090392822 ], [ 17.003472661901917, 52.500355056947754 ], [ 17.003343420251372, 52.50026050404378 ], [ 17.003171113226166, 52.500130865793778 ], [ 17.003095249292361, 52.500039012510193 ], [ 17.003034768206426, 52.499932938040743 ], [ 17.002981253613775, 52.499738207381853 ], [ 17.002953933454013, 52.499463060140933 ], [ 17.002945035778197, 52.499373236722406 ], [ 17.002942876133197, 52.499352603307408 ], [ 17.002933004119999, 52.499346050684665 ], [ 17.002919038427347, 52.4993452752447 ], [ 17.002815769886396, 52.499347579154716 ], [ 17.002643160676413, 52.4993515003897 ], [ 17.002370361939427, 52.499374326408052 ], [ 17.002253652590497, 52.499383778173041 ], [ 17.002151495512098, 52.499403819054088 ], [ 17.002128748554284, 52.499411439798585 ], [ 17.002116838592801, 52.499423830668711 ], [ 17.002105181854336, 52.499433887295453 ], [ 17.002093211289228, 52.499450864234817 ], [ 17.002082539196774, 52.499478206554095 ], [ 17.002057831245917, 52.499525818817695 ], [ 17.002057446170895, 52.499596057828995 ], [ 17.002048741694605, 52.499648257657697 ], [ 17.001963484559202, 52.499705100698904 ], [ 17.00195579059195, 52.499709018176588 ], [ 17.001828203733904, 52.499773061107213 ], [ 17.001448640905711, 52.499998611981198 ], [ 17.001377097049449, 52.500045522732002 ], [ 17.001094286391915, 52.500230433933957 ], [ 17.001389218175905, 52.500398843911633 ], [ 17.001707806896981, 52.500552632287139 ], [ 17.001888101572412, 52.500613331357179 ], [ 17.001930473833497, 52.500637702097478 ], [ 17.002411053140662, 52.500904944494977 ], [ 17.00247794488417, 52.50094438980453 ], [ 17.002501477748183, 52.500958458527499 ], [ 17.002530236640101, 52.500984038255545 ], [ 17.002554197922823, 52.50101466371671 ], [ 17.00256099967077, 52.501030428654047 ], [ 17.002567809573183, 52.501046013842597 ], [ 17.002573763759813, 52.501080472614277 ], [ 17.002571402160143, 52.501096802365616 ], [ 17.002556105724015, 52.501138367575621 ], [ 17.002533033008678, 52.50118240982129 ], [ 17.002434551323432, 52.501306577098376 ], [ 17.002337371913249, 52.501418264208517 ], [ 17.002315838046648, 52.501444613626482 ], [ 17.002310861563352, 52.501456851777441 ], [ 17.002315659652332, 52.501477799585288 ], [ 17.002341996307646, 52.50154705075272 ], [ 17.002266870663362, 52.501494154754347 ], [ 17.002139432564611, 52.501424815058577 ], [ 17.00203920925064, 52.501392361807738 ], [ 17.001631083849542, 52.501675444122341 ], [ 17.001625754014587, 52.501679221632429 ], [ 17.001597854827335, 52.501683427349676 ], [ 17.001547340436026, 52.501682573959329 ], [ 17.001500584824274, 52.501676837184441 ], [ 17.001414231427464, 52.501657029869023 ], [ 17.001390421288928, 52.501649072372125 ], [ 17.000431770587465, 52.501192510430009 ], [ 17.000092606599296, 52.501186776805142 ], [ 17.00000004944587, 52.501170551224689 ], [ 16.999943463817132, 52.501160600190822 ], [ 16.999364223415441, 52.500862537541316 ], [ 16.99910326585621, 52.500812612533558 ], [ 16.998704970236023, 52.50100878624535 ], [ 16.998018572041538, 52.501346870193501 ], [ 16.997754794321285, 52.501472463381518 ], [ 16.996813798342178, 52.502100074797475 ], [ 16.996518466248432, 52.50229708538356 ], [ 16.996829536901274, 52.502116980786354 ], [ 16.997773074545233, 52.503009450081187 ], [ 16.998097721382081, 52.503296016616012 ], [ 16.998488241477933, 52.503618594696825 ], [ 16.998527910026517, 52.503637614253137 ], [ 16.998960390098595, 52.503695298883777 ], [ 17.00000104054438, 52.50383998719645 ], [ 17.000182494777366, 52.507112212695489 ], [ 17.000280572473905, 52.507338278342026 ], [ 17.00075873798534, 52.507263882608292 ] ], [ [ 17.012048324591774, 52.498290129529714 ], [ 17.012068186088481, 52.498408468424905 ], [ 17.012061134221074, 52.498564760641429 ], [ 17.012055875418529, 52.498589856278905 ], [ 17.012039719287138, 52.49866702560913 ], [ 17.012005620020325, 52.498740115779711 ], [ 17.011840195580227, 52.498751456544547 ], [ 17.011616822282743, 52.498760204029431 ], [ 17.011511378866345, 52.498761759420283 ], [ 17.011476851505687, 52.498765945971819 ], [ 17.011265247385516, 52.498765356690953 ], [ 17.010958019938574, 52.498751196748429 ], [ 17.010777479038975, 52.498568544771437 ], [ 17.010747045900093, 52.498537542330887 ], [ 17.010414929614683, 52.498261947999971 ], [ 17.009970382489776, 52.497956758835471 ], [ 17.00959571737004, 52.497680446283674 ], [ 17.009246989481337, 52.497449900276955 ], [ 17.009118343972968, 52.497364897659317 ], [ 17.008903238601736, 52.49722996031327 ], [ 17.00875667751475, 52.49711749294147 ], [ 17.008642390944193, 52.497018070799314 ], [ 17.008569466929696, 52.496955591933762 ], [ 17.008526721661287, 52.49690360478381 ], [ 17.008516644140176, 52.496855945222222 ], [ 17.008534854139139, 52.496814967973989 ], [ 17.008570792811891, 52.496789309675513 ], [ 17.008630694711545, 52.496781233901736 ], [ 17.008941606241422, 52.496798340183695 ], [ 17.009218656724205, 52.496850583128513 ], [ 17.009496132935265, 52.496926037869969 ], [ 17.009513743978623, 52.496930921313997 ], [ 17.010328096981358, 52.497244401972189 ], [ 17.010380098252661, 52.497264434504544 ], [ 17.010821433624574, 52.497444817313564 ], [ 17.01102792077856, 52.49752923815808 ], [ 17.011454367432034, 52.497762074770222 ], [ 17.011842077550853, 52.49801737407055 ], [ 17.011986838367331, 52.498163445923431 ], [ 17.012048324591774, 52.498290129529714 ] ] ] ] } },
{ "type": "Feature", "properties": { "gml_id": "OT_ADJA_A.20", "lokalnyId": "322BD60C-5C60-598B-E053-CC2BA8C05138", "przestrzen": "PL.PZGiK.308.BDOT10k", "wersjaId": "2022-01-20T00:00:00", "czyObiektB": 0, "x_kod": "ADJA05", "x_skrKarto": null, "x_katDoklG": "Dok", "x_doklGeom": 1, "x_doklGe_1": "m", "x_zrodloDa": "PRG", "x_zrodlo_1": "PRG", "x_katIstni": null, "x_rodzajRe": "ZP", "x_aktualno": "2022-01-20", "x_aktual_1": "2022-01-20", "poczatekWe": "2022-01-20T00:00:00", "x_dataUtwo": "2012-11-13", "x_kodKarto": "0010_505", "x_kodKar_1": "0025_505", "x_kodKar_2": "0050_505", "x_kodKar_3": "0100_505", "x_kodKar_4": null, "x_kodKar_5": null, "x_kodKar_6": null, "nazwa": "Czerwonak", "idPRG": 1030210420, "idTerytJed": 3021, "idTerytTer": 3021042, "rodzaj": "GW", "PRG|BT_Ref": 1030210420, "PRG|BT_R_1": "PL.PZGiK.200", "x_informDo": null }, "geometry": { "type": "MultiPolygon", "coordinates": [ [ [ [ 17.011289299410468, 52.520242027573424 ], [ 17.011687535770598, 52.519233628227958 ], [ 17.011746511624551, 52.519142248247945 ], [ 17.011716828338475, 52.51903228921671 ], [ 17.011700815218244, 52.518968970315335 ], [ 17.011545768390906, 52.518863110406116 ], [ 17.011312330938303, 52.518824738782818 ], [ 17.011191489096852, 52.518794015799834 ], [ 17.011145526010743, 52.518770307779292 ], [ 17.01114785643145, 52.518718719870449 ], [ 17.011123082131498, 52.518643740943133 ], [ 17.011030125106959, 52.518619152932104 ], [ 17.010945297972004, 52.51862348317831 ], [ 17.0108683447483, 52.518662393784247 ], [ 17.010817204676517, 52.518753275486198 ], [ 17.010625903340109, 52.519237728065043 ], [ 17.01056055385223, 52.51943747116978 ], [ 17.010267364294226, 52.520098026478777 ], [ 17.010228423124357, 52.520170135182148 ], [ 17.010058311805906, 52.520554117488679 ], [ 17.009927617620679, 52.520874993227558 ], [ 17.009919312257846, 52.520895630279568 ], [ 17.009904553800371, 52.520931808807127 ], [ 17.009996108546868, 52.520948369184069 ], [ 17.01046884680364, 52.521032860719188 ], [ 17.010552952737825, 52.521047856322902 ], [ 17.010569354665133, 52.521007927762511 ], [ 17.010585756561785, 52.520967999199314 ], [ 17.01071235787327, 52.520659286151137 ], [ 17.010911514213987, 52.520174066131894 ], [ 17.011289299410468, 52.520242027573424 ] ] ] ] } },
{ "type": "Feature", "properties": { "gml_id": "OT_ADJA_A.20", "lokalnyId": "322BD60C-5C60-598B-E053-CC2BA8C05138", "przestrzen": "PL.PZGiK.308.BDOT10k", "wersjaId": "2022-01-20T00:00:00", "czyObiektB": 0, "x_kod": "ADJA05", "x_skrKarto": null, "x_katDoklG": "Dok", "x_doklGeom": 1, "x_doklGe_1": "m", "x_zrodloDa": "PRG", "x_zrodlo_1": "PRG", "x_katIstni": null, "x_rodzajRe": "ZP", "x_aktualno": "2022-01-20", "x_aktual_1": "2022-01-20", "poczatekWe": "2022-01-20T00:00:00", "x_dataUtwo": "2012-11-13", "x_kodKarto": "0010_505", "x_kodKar_1": "0025_505", "x_kodKar_2": "0050_505", "x_kodKar_3": "0100_505", "x_kodKar_4": null, "x_kodKar_5": null, "x_kodKar_6": null, "nazwa": "Czerwonak", "idPRG": 1030210420, "idTerytJed": 3021, "idTerytTer": 3021042, "rodzaj": "GW", "PRG|BT_Ref": 1030210420, "PRG|BT_R_1": "PL.PZGiK.200", "x_informDo": null }, "geometry": { "type": "MultiPolygon", "coordinates": [ [ [ [ 17.010880702380213, 52.521182344685151 ], [ 17.010531480332581, 52.521620879521741 ], [ 17.010844680918236, 52.521676063737651 ], [ 17.011220447794376, 52.521198219561995 ], [ 17.011242190531732, 52.521170612884468 ], [ 17.011030960814477, 52.521133243689974 ], [ 17.010933691575023, 52.52111586850878 ], [ 17.010880702380213, 52.521182344685151 ] ] ] ] } },
{ "type": "Feature", "properties": { "gml_id": "OT_ADJA_A.20", "lokalnyId": "322BD60C-5C60-598B-E053-CC2BA8C05138", "przestrzen": "PL.PZGiK.308.BDOT10k", "wersjaId": "2022-01-20T00:00:00", "czyObiektB": 0, "x_kod": "ADJA05", "x_skrKarto": null, "x_katDoklG": "Dok", "x_doklGeom": 1, "x_doklGe_1": "m", "x_zrodloDa": "PRG", "x_zrodlo_1": "PRG", "x_katIstni": null, "x_rodzajRe": "ZP", "x_aktualno": "2022-01-20", "x_aktual_1": "2022-01-20", "poczatekWe": "2022-01-20T00:00:00", "x_dataUtwo": "2012-11-13", "x_kodKarto": "0010_505", "x_kodKar_1": "0025_505", "x_kodKar_2": "0050_505", "x_kodKar_3": "0100_505", "x_kodKar_4": null, "x_kodKar_5": null, "x_kodKar_6": null, "nazwa": "Czerwonak", "idPRG": 1030210420, "idTerytJed": 3021, "idTerytTer": 3021042, "rodzaj": "GW", "PRG|BT_Ref": 1030210420, "PRG|BT_R_1": "PL.PZGiK.200", "x_informDo": null }, "geometry": { "type": "MultiPolygon", "coordinates": [ [ [ [ 17.029176497720947, 52.536649907300472 ], [ 17.029353616436836, 52.536298215132888 ], [ 17.029430741622559, 52.536127350213135 ], [ 17.027122901982956, 52.53571410639092 ], [ 17.02649569600673, 52.535599944295733 ], [ 17.026032493081171, 52.535515767307864 ], [ 17.025384070991144, 52.535397917489639 ], [ 17.025317063782182, 52.535385736412941 ], [ 17.025293950374859, 52.535266447068288 ], [ 17.025360631325594, 52.535141280925643 ], [ 17.025417549132559, 52.534921422539327 ], [ 17.025424068305337, 52.534881327145065 ], [ 17.025445248663829, 52.534830053735092 ], [ 17.02564812642807, 52.534710128134172 ], [ 17.025759868637174, 52.534616114087527 ], [ 17.025778303008316, 52.534537272480748 ], [ 17.025696512895752, 52.534469980205088 ], [ 17.025637814672539, 52.534417284039854 ], [ 17.02557081907818, 52.534335847763408 ], [ 17.025607176143779, 52.534261892286146 ], [ 17.02563661279012, 52.534233691872529 ], [ 17.025703263339938, 52.534217624967269 ], [ 17.025958859639712, 52.534181685057291 ], [ 17.02629917838631, 52.534144369560977 ], [ 17.026522194835742, 52.534091605469804 ], [ 17.02787836916897, 52.534338981265734 ], [ 17.027909565698376, 52.534317555292766 ], [ 17.027968841277172, 52.53425540373545 ], [ 17.028008864945228, 52.534201565765706 ], [ 17.028021124983354, 52.534138630649984 ], [ 17.027970968751276, 52.533997305045936 ], [ 17.027959666068281, 52.533936855397158 ], [ 17.027919679328232, 52.533884562154014 ], [ 17.02779928149554, 52.533839473220098 ], [ 17.027233142929958, 52.533666521048893 ], [ 17.027192770476006, 52.533622855573618 ], [ 17.02718134000586, 52.533565281859921 ], [ 17.027232980239752, 52.533462889130703 ], [ 17.027188065370119, 52.533375795764861 ], [ 17.026986724473158, 52.533339969636266 ], [ 17.025694151376268, 52.533099220953865 ], [ 17.025482458336946, 52.533067356864393 ], [ 17.02526924963853, 52.533039694385998 ], [ 17.024711436412126, 52.532951144831792 ], [ 17.024346441477078, 52.532877954363826 ], [ 17.024167266290714, 52.532831430585922 ], [ 17.024026525908834, 52.53309827768183 ], [ 17.02320193414705, 52.532940147521664 ], [ 17.02304260360965, 52.533203714820544 ], [ 17.022990976221998, 52.533289196852799 ], [ 17.02292358088545, 52.533403916479244 ], [ 17.022563095952719, 52.534018044932488 ], [ 17.02251693199667, 52.534096782447264 ], [ 17.022216645139238, 52.534608482220733 ], [ 17.022114441119676, 52.534795292956041 ], [ 17.021689049250497, 52.535573108103435 ], [ 17.022058303866661, 52.535640531573456 ], [ 17.022341386396086, 52.535692302850187 ], [ 17.022364348555911, 52.535696644071955 ], [ 17.022479024154535, 52.535718078027202 ], [ 17.022640962607628, 52.535393484280178 ], [ 17.022674690677995, 52.535322363897151 ], [ 17.023474973555693, 52.535467679314266 ], [ 17.023378127852872, 52.535765119626163 ], [ 17.023500995462616, 52.535804497991386 ], [ 17.023584825312355, 52.535823077147263 ], [ 17.023648059073675, 52.535830609125206 ], [ 17.023706251061874, 52.535815751187542 ], [ 17.023751401856448, 52.535779269166881 ], [ 17.023756291475816, 52.535749220175056 ], [ 17.023791399789705, 52.535726151699834 ], [ 17.023852824205481, 52.535721421206318 ], [ 17.024030816883879, 52.535738694386175 ], [ 17.025208043179557, 52.535921861522816 ], [ 17.026557655461406, 52.536142339769903 ], [ 17.029176497720947, 52.536649907300472 ] ] ] ] } },
{ "type": "Feature", "properties": { "gml_id": "OT_ADJA_A.20", "lokalnyId": "322BD60C-5C60-598B-E053-CC2BA8C05138", "przestrzen": "PL.PZGiK.308.BDOT10k", "wersjaId": "2022-01-20T00:00:00", "czyObiektB": 0, "x_kod": "ADJA05", "x_skrKarto": null, "x_katDoklG": "Dok", "x_doklGeom": 1, "x_doklGe_1": "m", "x_zrodloDa": "PRG", "x_zrodlo_1": "PRG", "x_katIstni": null, "x_rodzajRe": "ZP", "x_aktualno": "2022-01-20", "x_aktual_1": "2022-01-20", "poczatekWe": "2022-01-20T00:00:00", "x_dataUtwo": "2012-11-13", "x_kodKarto": "0010_505", "x_kodKar_1": "0025_505", "x_kodKar_2": "0050_505", "x_kodKar_3": "0100_505", "x_kodKar_4": null, "x_kodKar_5": null, "x_kodKar_6": null, "nazwa": "Czerwonak", "idPRG": 1030210420, "idTerytJed": 3021, "idTerytTer": 3021042, "rodzaj": "GW", "PRG|BT_Ref": 1030210420, "PRG|BT_R_1": "PL.PZGiK.200", "x_informDo": null }, "geometry": { "type": "MultiPolygon", "coordinates": [ [ [ [ 17.041514188335857, 52.491783496571117 ], [ 17.041673925489455, 52.491819779861906 ], [ 17.042042654694509, 52.491845041840946 ], [ 17.042192658820884, 52.491825129084056 ], [ 17.042931267961759, 52.491726992614019 ], [ 17.043414963888395, 52.490530123941298 ], [ 17.043547044417704, 52.490157068246489 ], [ 17.042010441562628, 52.49040767564302 ], [ 17.041721001016409, 52.491025646588312 ], [ 17.041514188335857, 52.491783496571117 ] ] ] ] } },
{ "type": "Feature", "properties": { "gml_id": "OT_ADJA_A.20", "lokalnyId": "322BD60C-5C60-598B-E053-CC2BA8C05138", "przestrzen": "PL.PZGiK.308.BDOT10k", "wersjaId": "2022-01-20T00:00:00", "czyObiektB": 0, "x_kod": "ADJA05", "x_skrKarto": null, "x_katDoklG": "Dok", "x_doklGeom": 1, "x_doklGe_1": "m", "x_zrodloDa": "PRG", "x_zrodlo_1": "PRG", "x_katIstni": null, "x_rodzajRe": "ZP", "x_aktualno": "2022-01-20", "x_aktual_1": "2022-01-20", "poczatekWe": "2022-01-20T00:00:00", "x_dataUtwo": "2012-11-13", "x_kodKarto": "0010_505", "x_kodKar_1": "0025_505", "x_kodKar_2": "0050_505", "x_kodKar_3": "0100_505", "x_kodKar_4": null, "x_kodKar_5": null, "x_kodKar_6": null, "nazwa": "Czerwonak", "idPRG": 1030210420, "idTerytJed": 3021, "idTerytTer": 3021042, "rodzaj": "GW", "PRG|BT_Ref": 1030210420, "PRG|BT_R_1": "PL.PZGiK.200", "x_informDo": null }, "geometry": { "type": "MultiPolygon", "coordinates": [ [ [ [ 17.070155394919993, 52.491536787010943 ], [ 17.070077928299845, 52.491633470150127 ], [ 17.070212576092889, 52.491681267680889 ], [ 17.070211470190511, 52.491706523396466 ], [ 17.070012069665374, 52.49190249201493 ], [ 17.069856345085157, 52.491986025718404 ], [ 17.069752459766889, 52.492023095581104 ], [ 17.069479087668377, 52.492077726221389 ], [ 17.069411348841321, 52.492107021102967 ], [ 17.069035412096962, 52.4924342104567 ], [ 17.069288771675854, 52.492503464354726 ], [ 17.069626230302646, 52.49259045968163 ], [ 17.069978630877159, 52.492679496682833 ], [ 17.070399674671801, 52.492785931961016 ], [ 17.070679062181895, 52.492856506862744 ], [ 17.070948977763287, 52.492924678071397 ], [ 17.071428110219603, 52.493047347138877 ], [ 17.071962530335608, 52.492798914667638 ], [ 17.071956303521162, 52.492658323513922 ], [ 17.071871230734409, 52.492326039571381 ], [ 17.071768924368591, 52.492010473679294 ], [ 17.071653802200146, 52.491795883695147 ], [ 17.071572091056986, 52.491706767991985 ], [ 17.071474547400779, 52.491659576978016 ], [ 17.071349024719602, 52.49162209314747 ], [ 17.071154297254953, 52.491583480687552 ], [ 17.070397123703909, 52.491494680246532 ], [ 17.070224830901982, 52.49146533650535 ], [ 17.070155394919993, 52.491536787010943 ] ] ] ] } },
{ "type": "Feature", "properties": { "gml_id": "OT_ADJA_A.20", "lokalnyId": "322BD60C-5C60-598B-E053-CC2BA8C05138", "przestrzen": "PL.PZGiK.308.BDOT10k", "wersjaId": "2022-01-20T00:00:00", "czyObiektB": 0, "x_kod": "ADJA05", "x_skrKarto": null, "x_katDoklG": "Dok", "x_doklGeom": 1, "x_doklGe_1": "m", "x_zrodloDa": "PRG", "x_zrodlo_1": "PRG", "x_katIstni": null, "x_rodzajRe": "ZP", "x_aktualno": "2022-01-20", "x_aktual_1": "2022-01-20", "poczatekWe": "2022-01-20T00:00:00", "x_dataUtwo": "2012-11-13", "x_kodKarto": "0010_505", "x_kodKar_1": "0025_505", "x_kodKar_2": "0050_505", "x_kodKar_3": "0100_505", "x_kodKar_4": null, "x_kodKar_5": null, "x_kodKar_6": null, "nazwa": "Czerwonak", "idPRG": 1030210420, "idTerytJed": 3021, "idTerytTer": 3021042, "rodzaj": "GW", "PRG|BT_Ref": 1030210420, "PRG|BT_R_1": "PL.PZGiK.200", "x_informDo": null }, "geometry": { "type": "MultiPolygon", "coordinates": [ [ [ [ 17.058220532276813, 52.499070475921613 ], [ 17.058335484939189, 52.499070474043961 ], [ 17.058747114053745, 52.499083615782737 ], [ 17.05892817607895, 52.499091713706768 ], [ 17.059838674659357, 52.499104761933417 ], [ 17.06069292066589, 52.499100061743675 ], [ 17.062261809821283, 52.499128380388321 ], [ 17.064475343871344, 52.499146091372296 ], [ 17.065202477817152, 52.499139728405765 ], [ 17.066625101200597, 52.499162988378863 ], [ 17.068828972841665, 52.499189364180886 ], [ 17.069100738773695, 52.499179139988222 ], [ 17.069248397894842, 52.499162572363623 ], [ 17.069193673660198, 52.499136765185277 ], [ 17.06917088730982, 52.499111929002318 ], [ 17.069138834373287, 52.499059779040003 ], [ 17.06913246916351, 52.498962897425578 ], [ 17.069133772858894, 52.498751554729289 ], [ 17.069145712881674, 52.498603525010694 ], [ 17.069156549507188, 52.498453768377338 ], [ 17.069196253378355, 52.498173257366332 ], [ 17.069256714747304, 52.497819242650287 ], [ 17.069307946811115, 52.497494218505615 ], [ 17.069299999268388, 52.497298914355532 ], [ 17.069287728139578, 52.497229188797306 ], [ 17.069272923757552, 52.497146650105506 ], [ 17.069253917848965, 52.497092734375379 ], [ 17.069214892295538, 52.497021492808678 ], [ 17.069170617297367, 52.496959069813876 ], [ 17.069110874413582, 52.496893156397064 ], [ 17.069035442510501, 52.496818712164107 ], [ 17.068519686789262, 52.496417964151917 ], [ 17.068391459632128, 52.496310817889068 ], [ 17.068266490693428, 52.496415088775407 ], [ 17.068110437572116, 52.496465336285553 ], [ 17.067750177356913, 52.496531405741656 ], [ 17.067028165226763, 52.496586616443565 ], [ 17.066884170184398, 52.496580305873252 ], [ 17.066702247960531, 52.496491258047158 ], [ 17.066557323981172, 52.49636171109934 ], [ 17.066467265934428, 52.496076651337681 ], [ 17.066441105110307, 52.495866838287284 ], [ 17.066488886342871, 52.495654456310675 ], [ 17.066566093460754, 52.495577468581224 ], [ 17.066663651237491, 52.495543805790838 ], [ 17.066753930432657, 52.495531610090318 ], [ 17.067186877717713, 52.495525013962208 ], [ 17.067668001373146, 52.49554555631741 ], [ 17.067762397952549, 52.495778879317825 ], [ 17.067799704005349, 52.495949749243991 ], [ 17.067903962320614, 52.496059023054528 ], [ 17.068007919761165, 52.496097867134708 ], [ 17.068147905331628, 52.496121649588048 ], [ 17.068249615365715, 52.496144536985668 ], [ 17.068209223491873, 52.496101154819279 ], [ 17.06816448787448, 52.496035845751479 ], [ 17.068128745996365, 52.495977159385873 ], [ 17.068088656498603, 52.495896635996786 ], [ 17.068036167884131, 52.495739279350211 ], [ 17.068415368831968, 52.495725055217498 ], [ 17.068737290712914, 52.495676166393672 ], [ 17.069144021608121, 52.495621503419727 ], [ 17.069389987507069, 52.495647061991228 ], [ 17.06944384512089, 52.495697365145048 ], [ 17.069464582407694, 52.495792750023661 ], [ 17.069408604730175, 52.495885615571289 ], [ 17.069306147070055, 52.49599673174896 ], [ 17.068941770398393, 52.49609089946722 ], [ 17.068921000697738, 52.496351621273597 ], [ 17.069550063649796, 52.496286919211563 ], [ 17.069780469960772, 52.496265045646147 ], [ 17.069963226021891, 52.496247700755902 ], [ 17.070456136401241, 52.496204565100278 ], [ 17.071265434406623, 52.496148058518585 ], [ 17.071836212817267, 52.496116979811092 ], [ 17.072015780697853, 52.496101738399368 ], [ 17.072096220783571, 52.496088748661002 ], [ 17.072171776287011, 52.496066145397329 ], [ 17.072280150325518, 52.496020961800383 ], [ 17.072141259110985, 52.49505595778416 ], [ 17.072123265250507, 52.494941797783348 ], [ 17.071353991872499, 52.495013623255531 ], [ 17.069735483008834, 52.495091915592361 ], [ 17.069641679190138, 52.495087056971414 ], [ 17.069169041590964, 52.494862852181342 ], [ 17.069061794362842, 52.49489240139296 ], [ 17.068688407219156, 52.495073385327167 ], [ 17.068912729096869, 52.495405426526808 ], [ 17.067998499590267, 52.495633791544591 ], [ 17.067927470259153, 52.495442223810592 ], [ 17.067865125063491, 52.495267707003094 ], [ 17.067792989753013, 52.495074502145251 ], [ 17.067736766174594, 52.494908269987974 ], [ 17.067644369639321, 52.494666345145333 ], [ 17.067597764736643, 52.494542902637647 ], [ 17.067502773359845, 52.494269455499278 ], [ 17.067477087168534, 52.494193214574601 ], [ 17.067412168630693, 52.494023692192826 ], [ 17.067357483035845, 52.493845972335272 ], [ 17.067297184279745, 52.493682011831069 ], [ 17.067953578060266, 52.493589751132205 ], [ 17.067838383504821, 52.493165410968771 ], [ 17.068059135023532, 52.493034013414601 ], [ 17.068244927965566, 52.493548818944852 ], [ 17.068374092515409, 52.493893248290604 ], [ 17.06846262901891, 52.494139246884565 ], [ 17.068542299027449, 52.494348853918567 ], [ 17.068610510936647, 52.494547570680645 ], [ 17.068789759193034, 52.494663914390799 ], [ 17.068941462916101, 52.494786733703791 ], [ 17.069463678513035, 52.493976783999535 ], [ 17.069506326714816, 52.493911462486125 ], [ 17.06996624358182, 52.493382912277923 ], [ 17.069670375254091, 52.4932983056054 ], [ 17.069618706024379, 52.493213006681145 ], [ 17.069268630396664, 52.493124636182557 ], [ 17.069412904218311, 52.492909061085562 ], [ 17.069071514289963, 52.492827667350312 ], [ 17.068510997108472, 52.492682703224148 ], [ 17.068899155356725, 52.492446646609643 ], [ 17.068955471238041, 52.49241239859704 ], [ 17.06883708802533, 52.492383483225829 ], [ 17.068577986305058, 52.492320880254447 ], [ 17.068090944772653, 52.492627724322247 ], [ 17.067978776427108, 52.492695687423854 ], [ 17.067802034665387, 52.492811434251514 ], [ 17.067106061504848, 52.493225130390542 ], [ 17.067072767837967, 52.493130866541676 ], [ 17.067021171835332, 52.493027219427709 ], [ 17.066957687356112, 52.492939297779159 ], [ 17.066857455096923, 52.492832517255906 ], [ 17.066647224407618, 52.492673661077106 ], [ 17.066494921720732, 52.492561442083087 ], [ 17.066393136496632, 52.492506892204119 ], [ 17.066316644299501, 52.492537481312873 ], [ 17.066098365786242, 52.492609104482099 ], [ 17.06585994921749, 52.492659441422987 ], [ 17.065651030629859, 52.49268228823928 ], [ 17.06536239311805, 52.49268836078685 ], [ 17.065131179945617, 52.492678642713436 ], [ 17.064852817162208, 52.492628578232633 ], [ 17.06464747034709, 52.492570083963884 ], [ 17.064326880124984, 52.492428035907402 ], [ 17.063542773623773, 52.492482658487525 ], [ 17.063083534096652, 52.492511476000338 ], [ 17.062598051618576, 52.492550654974487 ], [ 17.061900516497335, 52.492586717431827 ], [ 17.061367199531283, 52.492634641469799 ], [ 17.060007874288821, 52.492711381447997 ], [ 17.059002554308915, 52.492753171533451 ], [ 17.058978966994523, 52.492753414070961 ], [ 17.05900492718655, 52.493301498947964 ], [ 17.05900274497343, 52.493397881318039 ], [ 17.058675974537955, 52.493640579708746 ], [ 17.058597712600687, 52.49369110201998 ], [ 17.059613078834737, 52.494194710350875 ], [ 17.060240249857831, 52.494505763934711 ], [ 17.060724101648304, 52.494735225382101 ], [ 17.06200073424824, 52.495340593277099 ], [ 17.061660801314957, 52.49556095838372 ], [ 17.059720383597103, 52.496841313577548 ], [ 17.05920357535835, 52.497182351034169 ], [ 17.057152356514766, 52.498559153691104 ], [ 17.05796027638004, 52.499063595168295 ], [ 17.058098129040182, 52.499072334107524 ], [ 17.058220532276813, 52.499070475921613 ] ], [ [ 17.060967952239807, 52.49341311378825 ], [ 17.060889655328019, 52.492995667202322 ], [ 17.061332938982865, 52.49296794579233 ], [ 17.061420883387918, 52.493511199559627 ], [ 17.060967952239807, 52.49341311378825 ] ], [ [ 17.060839998648689, 52.4938395013301 ], [ 17.061303507470598, 52.494186271471825 ], [ 17.060537609410403, 52.494566314173291 ], [ 17.05994205598925, 52.494260008053168 ], [ 17.060823280445401, 52.493827624697303 ], [ 17.060839998648689, 52.4938395013301 ] ] ] ] } },
{ "type": "Feature", "properties": { "gml_id": "OT_ADJA_A.20", "lokalnyId": "322BD60C-5C60-598B-E053-CC2BA8C05138", "przestrzen": "PL.PZGiK.308.BDOT10k", "wersjaId": "2022-01-20T00:00:00", "czyObiektB": 0, "x_kod": "ADJA05", "x_skrKarto": null, "x_katDoklG": "Dok", "x_doklGeom": 1, "x_doklGe_1": "m", "x_zrodloDa": "PRG", "x_zrodlo_1": "PRG", "x_katIstni": null, "x_rodzajRe": "ZP", "x_aktualno": "2022-01-20", "x_aktual_1": "2022-01-20", "poczatekWe": "2022-01-20T00:00:00", "x_dataUtwo": "2012-11-13", "x_kodKarto": "0010_505", "x_kodKar_1": "0025_505", "x_kodKar_2": "0050_505", "x_kodKar_3": "0100_505", "x_kodKar_4": null, "x_kodKar_5": null, "x_kodKar_6": null, "nazwa": "Czerwonak", "idPRG": 1030210420, "idTerytJed": 3021, "idTerytTer": 3021042, "rodzaj": "GW", "PRG|BT_Ref": 1030210420, "PRG|BT_R_1": "PL.PZGiK.200", "x_informDo": null }, "geometry": { "type": "MultiPolygon", "coordinates": [ [ [ [ 17.076093286331616, 52.490426313322338 ], [ 17.076396321349254, 52.490400571615915 ], [ 17.076590374980999, 52.490349941902217 ], [ 17.076610312248857, 52.490325262189693 ], [ 17.076601975326163, 52.490300212652883 ], [ 17.076216877758394, 52.489971327501458 ], [ 17.074886855518756, 52.488951330078315 ], [ 17.074751307324181, 52.488844067556897 ], [ 17.073666707005554, 52.489346188416363 ], [ 17.073755360394792, 52.489411311255807 ], [ 17.073525019192811, 52.489516839629715 ], [ 17.073151681077633, 52.489677960954374 ], [ 17.072912294699847, 52.489781362072399 ], [ 17.072747551010142, 52.489852430501614 ], [ 17.072728815132312, 52.48987991736066 ], [ 17.072737143734813, 52.48990847479724 ], [ 17.072748816473322, 52.489917839092747 ], [ 17.072841788280623, 52.489992027194425 ], [ 17.073044676741173, 52.490153900722213 ], [ 17.073179929990438, 52.490261966016611 ], [ 17.073557635794607, 52.490567355828631 ], [ 17.073777895955413, 52.490743182183991 ], [ 17.073891930466562, 52.490837859471874 ], [ 17.074135663012775, 52.491086920498994 ], [ 17.074282889224929, 52.491258318809166 ], [ 17.074404616013243, 52.49138945744005 ], [ 17.074518498365379, 52.491504548483839 ], [ 17.074697206061249, 52.491279184272116 ], [ 17.074991627125055, 52.491019006634545 ], [ 17.075307871106205, 52.490835993968389 ], [ 17.075646479590855, 52.490572666219485 ], [ 17.075753718606475, 52.490495711473791 ], [ 17.075900656159938, 52.490444316384355 ], [ 17.076093286331616, 52.490426313322338 ] ] ] ] } },
{ "type": "Feature", "properties": { "gml_id": "OT_ADJA_A.20", "lokalnyId": "322BD60C-5C60-598B-E053-CC2BA8C05138", "przestrzen": "PL.PZGiK.308.BDOT10k", "wersjaId": "2022-01-20T00:00:00", "czyObiektB": 0, "x_kod": "ADJA05", "x_skrKarto": null, "x_katDoklG": "Dok", "x_doklGeom": 1, "x_doklGe_1": "m", "x_zrodloDa": "PRG", "x_zrodlo_1": "PRG", "x_katIstni": null, "x_rodzajRe": "ZP", "x_aktualno": "2022-01-20", "x_aktual_1": "2022-01-20", "poczatekWe": "2022-01-20T00:00:00", "x_dataUtwo": "2012-11-13", "x_kodKarto": "0010_505", "x_kodKar_1": "0025_505", "x_kodKar_2": "0050_505", "x_kodKar_3": "0100_505", "x_kodKar_4": null, "x_kodKar_5": null, "x_kodKar_6": null, "nazwa": "Czerwonak", "idPRG": 1030210420, "idTerytJed": 3021, "idTerytTer": 3021042, "rodzaj": "GW", "PRG|BT_Ref": 1030210420, "PRG|BT_R_1": "PL.PZGiK.200", "x_informDo": null }, "geometry": { "type": "MultiPolygon", "coordinates": [ [ [ [ 17.076476414404468, 52.493393168876082 ], [ 17.07667319692515, 52.493482892996347 ], [ 17.076695089715592, 52.493470836960917 ], [ 17.077029949192273, 52.493286953120787 ], [ 17.077444892004891, 52.492973054560636 ], [ 17.078132930417183, 52.492488924534641 ], [ 17.078520252138105, 52.492199847205612 ], [ 17.078853648012174, 52.492001813598399 ], [ 17.077840983377556, 52.491249995294169 ], [ 17.077445305599763, 52.490943697729108 ], [ 17.077114312661809, 52.490688188355215 ], [ 17.076900930839869, 52.490752895427811 ], [ 17.076357124120506, 52.491058940137556 ], [ 17.075862355308463, 52.491341855490518 ], [ 17.075575484311781, 52.491527056422349 ], [ 17.075256627893015, 52.491904752011685 ], [ 17.075102657483129, 52.492090045650428 ], [ 17.075047797270607, 52.492313738366782 ], [ 17.075039439895072, 52.492360012496668 ], [ 17.075012954323366, 52.49253119104344 ], [ 17.07615086427429, 52.493167966038754 ], [ 17.076476414404468, 52.493393168876082 ] ] ] ] } },
{ "type": "Feature", "properties": { "gml_id": "OT_ADJA_A.20", "lokalnyId": "322BD60C-5C60-598B-E053-CC2BA8C05138", "przestrzen": "PL.PZGiK.308.BDOT10k", "wersjaId": "2022-01-20T00:00:00", "czyObiektB": 0, "x_kod": "ADJA05", "x_skrKarto": null, "x_katDoklG": "Dok", "x_doklGeom": 1, "x_doklGe_1": "m", "x_zrodloDa": "PRG", "x_zrodlo_1": "PRG", "x_katIstni": null, "x_rodzajRe": "ZP", "x_aktualno": "2022-01-20", "x_aktual_1": "2022-01-20", "poczatekWe": "2022-01-20T00:00:00", "x_dataUtwo": "2012-11-13", "x_kodKarto": "0010_505", "x_kodKar_1": "0025_505", "x_kodKar_2": "0050_505", "x_kodKar_3": "0100_505", "x_kodKar_4": null, "x_kodKar_5": null, "x_kodKar_6": null, "nazwa": "Czerwonak", "idPRG": 1030210420, "idTerytJed": 3021, "idTerytTer": 3021042, "rodzaj": "GW", "PRG|BT_Ref": 1030210420, "PRG|BT_R_1": "PL.PZGiK.200", "x_informDo": null }, "geometry": { "type": "MultiPolygon", "coordinates": [ [ [ [ 17.081044806812379, 52.49662991070393 ], [ 17.081053576458338, 52.49664849107559 ], [ 17.081908508030601, 52.496504958534146 ], [ 17.08176279424703, 52.496199581144836 ], [ 17.080901962063464, 52.49634337664147 ], [ 17.081044806812379, 52.49662991070393 ] ] ] ] } },
{ "type": "Feature", "properties": { "gml_id": "OT_ADJA_A.20", "lokalnyId": "322BD60C-5C60-598B-E053-CC2BA8C05138", "przestrzen": "PL.PZGiK.308.BDOT10k", "wersjaId": "2022-01-20T00:00:00", "czyObiektB": 0, "x_kod": "ADJA05", "x_skrKarto": null, "x_katDoklG": "Dok", "x_doklGeom": 1, "x_doklGe_1": "m", "x_zrodloDa": "PRG", "x_zrodlo_1": "PRG", "x_katIstni": null, "x_rodzajRe": "ZP", "x_aktualno": "2022-01-20", "x_aktual_1": "2022-01-20", "poczatekWe": "2022-01-20T00:00:00", "x_dataUtwo": "2012-11-13", "x_kodKarto": "0010_505", "x_kodKar_1": "0025_505", "x_kodKar_2": "0050_505", "x_kodKar_3": "0100_505", "x_kodKar_4": null, "x_kodKar_5": null, "x_kodKar_6": null, "nazwa": "Czerwonak", "idPRG": 1030210420, "idTerytJed": 3021, "idTerytTer": 3021042, "rodzaj": "GW", "PRG|BT_Ref": 1030210420, "PRG|BT_R_1": "PL.PZGiK.200", "x_informDo": null }, "geometry": { "type": "MultiPolygon", "coordinates": [ [ [ [ 17.080060399258979, 52.497137219645417 ], [ 17.080190976426536, 52.497421127179386 ], [ 17.080225722294163, 52.497415125318668 ], [ 17.080360853291509, 52.497391594907903 ], [ 17.08041415992939, 52.497382386459407 ], [ 17.080742111513405, 52.497333742701777 ], [ 17.080607693797592, 52.49701613517496 ], [ 17.080480431631166, 52.496733900842777 ], [ 17.079983996884636, 52.496820822806775 ], [ 17.079913804953488, 52.496832005527715 ], [ 17.080046260254104, 52.497106589765416 ], [ 17.080060399258979, 52.497137219645417 ] ] ] ] } },
{ "type": "Feature", "properties": { "gml_id": "OT_ADJA_A.20", "lokalnyId": "322BD60C-5C60-598B-E053-CC2BA8C05138", "przestrzen": "PL.PZGiK.308.BDOT10k", "wersjaId": "2022-01-20T00:00:00", "czyObiektB": 0, "x_kod": "ADJA05", "x_skrKarto": null, "x_katDoklG": "Dok", "x_doklGeom": 1, "x_doklGe_1": "m", "x_zrodloDa": "PRG", "x_zrodlo_1": "PRG", "x_katIstni": null, "x_rodzajRe": "ZP", "x_aktualno": "2022-01-20", "x_aktual_1": "2022-01-20", "poczatekWe": "2022-01-20T00:00:00", "x_dataUtwo": "2012-11-13", "x_kodKarto": "0010_505", "x_kodKar_1": "0025_505", "x_kodKar_2": "0050_505", "x_kodKar_3": "0100_505", "x_kodKar_4": null, "x_kodKar_5": null, "x_kodKar_6": null, "nazwa": "Czerwonak", "idPRG": 1030210420, "idTerytJed": 3021, "idTerytTer": 3021042, "rodzaj": "GW", "PRG|BT_Ref": 1030210420, "PRG|BT_R_1": "PL.PZGiK.200", "x_informDo": null }, "geometry": { "type": "MultiPolygon", "coordinates": [ [ [ [ 17.087406406753548, 52.497833109310307 ], [ 17.087804958540818, 52.4986398553717 ], [ 17.090362537326648, 52.49907691483903 ], [ 17.091106223184688, 52.49923939064881 ], [ 17.091936280558322, 52.499391562499547 ], [ 17.092154494445374, 52.499402906996337 ], [ 17.092350307795623, 52.499390415044132 ], [ 17.092833871334367, 52.499318343870357 ], [ 17.093588385493124, 52.49918318132147 ], [ 17.093605032616157, 52.499251445589927 ], [ 17.093746965045217, 52.499833677413449 ], [ 17.09379221178547, 52.500003946765617 ], [ 17.093814810251299, 52.500087956759302 ], [ 17.093941468879208, 52.500376102396807 ], [ 17.09405384254439, 52.500585678451479 ], [ 17.094581947873909, 52.501429744774164 ], [ 17.094798276458572, 52.50179506460497 ], [ 17.094889920760131, 52.501918411567708 ], [ 17.094973425994663, 52.502011856673839 ], [ 17.095360405448801, 52.502394853719011 ], [ 17.095511721338749, 52.502522128969389 ], [ 17.095768333006991, 52.502702545660952 ], [ 17.096142272833006, 52.502985135076237 ], [ 17.096225889147025, 52.503059063692298 ], [ 17.096508629059528, 52.50339558825852 ], [ 17.096802030799356, 52.503799290179444 ], [ 17.096838204409586, 52.503862651424555 ], [ 17.096897600636147, 52.504009402409082 ], [ 17.096960431498733, 52.504206306118419 ], [ 17.097023359287853, 52.504462392958274 ], [ 17.097038285383164, 52.504522893973025 ], [ 17.097094456261292, 52.504696575448641 ], [ 17.097116952107491, 52.504762684653599 ], [ 17.097143264999158, 52.504788201621714 ], [ 17.097169725212193, 52.504813720953315 ], [ 17.098363852946015, 52.505552455269381 ], [ 17.098563112043173, 52.50570658015166 ], [ 17.098690098759597, 52.505820868266539 ], [ 17.098749312871316, 52.505883250053294 ], [ 17.099146642348082, 52.505829823791338 ], [ 17.099259102383233, 52.505809415155042 ], [ 17.099300380101788, 52.505795597754869 ], [ 17.099329068028538, 52.505779779236732 ], [ 17.099349181905271, 52.505761124711299 ], [ 17.099367187699837, 52.505716173362778 ], [ 17.099367041444502, 52.505668322074207 ], [ 17.099439781632409, 52.505663194786621 ], [ 17.099667955705787, 52.505673336079013 ], [ 17.09985830614427, 52.505695821008686 ], [ 17.100102527851494, 52.505702981317235 ], [ 17.100272924171843, 52.505696004036764 ], [ 17.100703108584369, 52.505656501457558 ], [ 17.101634504887155, 52.505547061913347 ], [ 17.101890523944537, 52.505519870275279 ], [ 17.101942743184637, 52.505512073715472 ], [ 17.101975732494104, 52.505495604041911 ], [ 17.101973225030214, 52.5054032837484 ], [ 17.101977044465862, 52.50533858708738 ], [ 17.101985276231794, 52.505308318902323 ], [ 17.102008036309726, 52.50529321410945 ], [ 17.102016398304833, 52.505290147477758 ], [ 17.099521911047969, 52.498347759963302 ], [ 17.097810970286162, 52.498493487627947 ], [ 17.097797135324111, 52.498407730567557 ], [ 17.097218767367668, 52.495990058261057 ], [ 17.097191193013288, 52.495894906014492 ], [ 17.096097241368319, 52.49128181618179 ], [ 17.096173714850924, 52.491118093705531 ], [ 17.095459026387442, 52.490699271443724 ], [ 17.095368476877201, 52.49073582911322 ], [ 17.095294774146105, 52.490692189753396 ], [ 17.095274665875156, 52.490744931657794 ], [ 17.095262216427834, 52.490777290142354 ], [ 17.095232964722385, 52.490854079165686 ], [ 17.095141455531415, 52.491072423466584 ], [ 17.095046507489993, 52.491298717139799 ], [ 17.09594022153814, 52.491423825263325 ], [ 17.095837692116234, 52.491665377555577 ], [ 17.094953472262137, 52.491528459333296 ], [ 17.094863541864676, 52.491740892679374 ], [ 17.094767528649758, 52.491971306294353 ], [ 17.094671014368739, 52.492203060886794 ], [ 17.095349851710928, 52.492315807709986 ], [ 17.095258711335987, 52.492539194751764 ], [ 17.094574495157481, 52.492434905261455 ], [ 17.094483391177075, 52.492643721734446 ], [ 17.095360341959076, 52.492789070740557 ], [ 17.09525978279812, 52.493025797389095 ], [ 17.094385008800263, 52.492884530123135 ], [ 17.094198698816957, 52.493342390561295 ], [ 17.094571175401825, 52.493401187052015 ], [ 17.095070312749325, 52.49347173592669 ], [ 17.094972711786077, 52.493701314619706 ], [ 17.094878385146544, 52.493923300910623 ], [ 17.094781262751649, 52.494151987732494 ], [ 17.094688057772089, 52.494375251120914 ], [ 17.094678518196492, 52.494398212513865 ], [ 17.094401998204777, 52.495061036603623 ], [ 17.09430499806701, 52.49529359249577 ], [ 17.094235613023201, 52.495460036268632 ], [ 17.094126442429932, 52.495694554536932 ], [ 17.093944595222389, 52.496137466096229 ], [ 17.093920867711539, 52.496185202635878 ], [ 17.093909786154821, 52.496199504704478 ], [ 17.093851374212043, 52.496275733539044 ], [ 17.093817435839412, 52.496317639183964 ], [ 17.093774794335673, 52.496352928759769 ], [ 17.093561619591235, 52.496484316089621 ], [ 17.093275913105508, 52.49666058413851 ], [ 17.093590207494643, 52.497117877248456 ], [ 17.093926786853846, 52.497557540175251 ], [ 17.09399885691214, 52.497652780560024 ], [ 17.094219517152222, 52.497944689165955 ], [ 17.093696199184112, 52.498159402541638 ], [ 17.093100709301861, 52.498403710320993 ], [ 17.093110202922059, 52.498412497771987 ], [ 17.093291477346241, 52.498606456163394 ], [ 17.093377817872554, 52.498698868906317 ], [ 17.093466394523816, 52.498794105817602 ], [ 17.093499681866842, 52.498818386937437 ], [ 17.093509302733178, 52.49885829626367 ], [ 17.092751304444807, 52.499094496681195 ], [ 17.092601298979773, 52.498920379154896 ], [ 17.092356664023221, 52.498995133405572 ], [ 17.092244440260625, 52.499010412532051 ], [ 17.092071579029035, 52.498942146983353 ], [ 17.091793125778874, 52.498685008995047 ], [ 17.091546231134533, 52.4986418114011 ], [ 17.091416159387776, 52.498548601783035 ], [ 17.091364624720928, 52.498479504449463 ], [ 17.091179928781884, 52.498232062384993 ], [ 17.09112064373738, 52.498144581681863 ], [ 17.091466372092821, 52.498049425338188 ], [ 17.091279257839705, 52.497827218041728 ], [ 17.091222653831927, 52.497841145086817 ], [ 17.09073622644517, 52.497959213594434 ], [ 17.090550481917859, 52.497783707038096 ], [ 17.090177861997176, 52.497431685388399 ], [ 17.090275316855386, 52.497417069228526 ], [ 17.09044603749852, 52.497398509039712 ], [ 17.090598248523978, 52.497381988321784 ], [ 17.090710615191806, 52.497370130874344 ], [ 17.090849904876222, 52.497355919646999 ], [ 17.090841153715125, 52.497302802662801 ], [ 17.090830508611752, 52.497262786619252 ], [ 17.090777858576445, 52.49707323886615 ], [ 17.090766380621176, 52.497032040128424 ], [ 17.090745031084165, 52.496977190781756 ], [ 17.090737301983914, 52.496948104755816 ], [ 17.090709895696079, 52.496873190552165 ], [ 17.09063902918599, 52.496770772174429 ], [ 17.091206600360746, 52.496677488354273 ], [ 17.091513737032805, 52.496625870633906 ], [ 17.091628794014767, 52.496800235342974 ], [ 17.091664031490605, 52.496867900431027 ], [ 17.091698829868356, 52.496942304061299 ], [ 17.091722981857256, 52.496980109488746 ], [ 17.091833266611307, 52.49692441572325 ], [ 17.092033941101171, 52.496823230188589 ], [ 17.092129431114611, 52.496755245313153 ], [ 17.09220591360571, 52.496700804852345 ], [ 17.091365944279321, 52.495577642207998 ], [ 17.091339893856887, 52.495542864083582 ], [ 17.091151148994125, 52.495293917380323 ], [ 17.091421766615195, 52.495187025979149 ], [ 17.091605903104536, 52.494940138355958 ], [ 17.09195702009648, 52.494563369723984 ], [ 17.092365307805444, 52.494326122488658 ], [ 17.092428060054552, 52.494360682793122 ], [ 17.092532987909888, 52.494428572072479 ], [ 17.092741461712169, 52.494303496676686 ], [ 17.092767775239778, 52.494155157113376 ], [ 17.092698593624238, 52.493867396915732 ], [ 17.092669394647391, 52.493704491088785 ], [ 17.092573949608159, 52.493298393503437 ], [ 17.092192813766175, 52.491850118659364 ], [ 17.092087650505533, 52.491661882944769 ], [ 17.092022283484663, 52.491473389640305 ], [ 17.091936923514282, 52.491215768222006 ], [ 17.09173553495107, 52.491044777756272 ], [ 17.091806656645559, 52.491032253958828 ], [ 17.091823249110249, 52.491009766326648 ], [ 17.09179939070437, 52.490825720042395 ], [ 17.08794395675551, 52.491582111761865 ], [ 17.08846032114084, 52.492542313206066 ], [ 17.086232904222967, 52.492994411491743 ], [ 17.085019218641595, 52.490758058477972 ], [ 17.084757369207171, 52.490778732859376 ], [ 17.084459226775493, 52.490736039393987 ], [ 17.083806866924267, 52.490598384895868 ], [ 17.082698443551003, 52.490922113067896 ], [ 17.082214331519403, 52.491055923671965 ], [ 17.082518404613452, 52.491592230895861 ], [ 17.082298023178424, 52.491668886440436 ], [ 17.081908698167119, 52.491811697733432 ], [ 17.081736616145321, 52.491905954611298 ], [ 17.080955646767709, 52.492011110895852 ], [ 17.080498832510361, 52.492082757771151 ], [ 17.080420259986674, 52.492100460463313 ], [ 17.080465045536634, 52.492181865276024 ], [ 17.080722419216357, 52.492663454047097 ], [ 17.081888214577916, 52.494753728798266 ], [ 17.081915550739136, 52.494799412892434 ], [ 17.081978361402335, 52.494937413033618 ], [ 17.082418478799674, 52.495598876571108 ], [ 17.082480701625542, 52.495672558366635 ], [ 17.082612363609293, 52.495908092017864 ], [ 17.082880144480427, 52.495833103432481 ], [ 17.083066068387918, 52.495874881549085 ], [ 17.083381795176514, 52.49584608950186 ], [ 17.083486187790271, 52.496041246066241 ], [ 17.084124031084414, 52.495914686948097 ], [ 17.084382070392731, 52.496395918083316 ], [ 17.083982523970281, 52.496457802938878 ], [ 17.084167378041055, 52.496842870361078 ], [ 17.083204897334447, 52.496995919278348 ], [ 17.083485176190049, 52.497480750595031 ], [ 17.083558628976046, 52.497465751080021 ], [ 17.083588367422777, 52.497459667108458 ], [ 17.084407571205837, 52.497317786188631 ], [ 17.084674149326766, 52.497273983891219 ], [ 17.084780172721462, 52.497252135750806 ], [ 17.08484425954282, 52.497232216877734 ], [ 17.084919868914398, 52.497198093807867 ], [ 17.084995165281452, 52.497160997539517 ], [ 17.085234464596663, 52.497009001946431 ], [ 17.08486424990144, 52.496321338814582 ], [ 17.085328151780349, 52.496246821512194 ], [ 17.085633175815193, 52.496053976012426 ], [ 17.086083436144119, 52.495760766057487 ], [ 17.08664439683012, 52.496084367927857 ], [ 17.087095864798819, 52.495814108883387 ], [ 17.087189946590616, 52.495941638896362 ], [ 17.087417698453805, 52.496357525303381 ], [ 17.087480065293697, 52.496475638024236 ], [ 17.087613891294652, 52.496726490993922 ], [ 17.087698321993507, 52.496747103507104 ], [ 17.08823600844033, 52.496666842065736 ], [ 17.08849965565604, 52.497128637077445 ], [ 17.08859518612055, 52.497314651529052 ], [ 17.088757155416189, 52.497630356238908 ], [ 17.088150174593533, 52.497717864778153 ], [ 17.087576000739759, 52.497806620146143 ], [ 17.087406406753548, 52.497833109310307 ] ], [ [ 17.087032150275245, 52.495778001168134 ], [ 17.086755735023491, 52.495620989184154 ], [ 17.086520740993535, 52.495487491835426 ], [ 17.086569152852835, 52.495455176320604 ], [ 17.086478087068265, 52.495295585305549 ], [ 17.08631499124116, 52.494992810610661 ], [ 17.086285668977826, 52.494938461008253 ], [ 17.086847963097924, 52.494830632155399 ], [ 17.087149021018725, 52.494772901385417 ], [ 17.087284244355185, 52.495059304495314 ], [ 17.087357223333253, 52.49519090031923 ], [ 17.087397786457331, 52.495268096760149 ], [ 17.087438500880062, 52.495345205689674 ], [ 17.087459326710608, 52.495425590715811 ], [ 17.087464956657627, 52.495469033745422 ], [ 17.087421479974562, 52.495564208873908 ], [ 17.08734346635433, 52.495647043162705 ], [ 17.087095864798819, 52.495814108883387 ], [ 17.087032150275245, 52.495778001168134 ] ], [ [ 17.099631293873944, 52.504992518716385 ], [ 17.099443453827828, 52.505000743822251 ], [ 17.099246168465179, 52.504975088761434 ], [ 17.099086520871346, 52.504927732635835 ], [ 17.098948216006477, 52.504860572340249 ], [ 17.098857619067136, 52.504774031653177 ], [ 17.098697645863336, 52.504652288027032 ], [ 17.09856452237808, 52.504547075289082 ], [ 17.098511810442787, 52.504484348188079 ], [ 17.098321930076569, 52.504311126405085 ], [ 17.09825411020385, 52.504243299471021 ], [ 17.098234301623449, 52.504203676531993 ], [ 17.098239814675722, 52.504174983830922 ], [ 17.098293506099971, 52.504075022362422 ], [ 17.098377488693554, 52.503966463687661 ], [ 17.09856635520562, 52.503866066609518 ], [ 17.098858204493194, 52.503814453701672 ], [ 17.099036543513176, 52.503800860268434 ], [ 17.099262288709987, 52.503832909141217 ], [ 17.099477452640983, 52.503871083503618 ], [ 17.09991969279762, 52.503927565393731 ], [ 17.100596391190365, 52.504084137770207 ], [ 17.100891897370499, 52.50422118613232 ], [ 17.101011529377299, 52.504342009379464 ], [ 17.101011555418896, 52.504512359205748 ], [ 17.100986526260364, 52.504668995473835 ], [ 17.100768812034985, 52.504775319118565 ], [ 17.100381955599097, 52.50488351349491 ], [ 17.09994475852843, 52.504966164148115 ], [ 17.099631293873944, 52.504992518716385 ] ] ] ] } },
{ "type": "Feature", "properties": { "gml_id": null, "lokalnyId": null, "przestrzen": null, "wersjaId": null, "czyObiektB": null, "x_kod": null, "x_skrKarto": null, "x_katDoklG": null, "x_doklGeom": null, "x_doklGe_1": null, "x_zrodloDa": null, "x_zrodlo_1": null, "x_katIstni": null, "x_rodzajRe": null, "x_aktualno": null, "x_aktual_1": null, "poczatekWe": null, "x_dataUtwo": null, "x_kodKarto": null, "x_kodKar_1": null, "x_kodKar_2": null, "x_kodKar_3": null, "x_kodKar_4": null, "x_kodKar_5": null, "x_kodKar_6": null, "nazwa": null, "idPRG": null, "idTerytJed": null, "idTerytTer": null, "rodzaj": null, "PRG|BT_Ref": null, "PRG|BT_R_1": null, "x_informDo": null }, "geometry": { "type": "MultiPolygon", "coordinates": [ [ [ [ 17.005457854467465, 52.444830445807696 ], [ 17.005658705441785, 52.44309863942852 ], [ 17.003849809391557, 52.443816713761841 ], [ 17.003279375960069, 52.443349537221565 ], [ 17.002746210097332, 52.444131317192394 ], [ 17.004012206329246, 52.44444078704062 ], [ 17.004551421956865, 52.444586333767802 ], [ 17.004580501285712, 52.444610569710555 ], [ 17.004632040378606, 52.444639412061811 ], [ 17.004795561353276, 52.444682016801693 ], [ 17.00504874729441, 52.444746911325829 ], [ 17.005064331979742, 52.44472450847384 ], [ 17.005457854467465, 52.444830445807696 ] ] ] ] } },
{ "type": "Feature", "properties": { "gml_id": null, "lokalnyId": null, "przestrzen": null, "wersjaId": null, "czyObiektB": null, "x_kod": null, "x_skrKarto": null, "x_katDoklG": null, "x_doklGeom": null, "x_doklGe_1": null, "x_zrodloDa": null, "x_zrodlo_1": null, "x_katIstni": null, "x_rodzajRe": null, "x_aktualno": null, "x_aktual_1": null, "poczatekWe": null, "x_dataUtwo": null, "x_kodKarto": null, "x_kodKar_1": null, "x_kodKar_2": null, "x_kodKar_3": null, "x_kodKar_4": null, "x_kodKar_5": null, "x_kodKar_6": null, "nazwa": null, "idPRG": null, "idTerytJed": null, "idTerytTer": null, "rodzaj": null, "PRG|BT_Ref": null, "PRG|BT_R_1": null, "x_informDo": null }, "geometry": { "type": "MultiPolygon", "coordinates": [ [ [ [ 16.998409761541854, 52.453441365319485 ], [ 16.999413133956221, 52.453528142925656 ], [ 17.00000003288153, 52.453578726322348 ], [ 17.002042163722752, 52.453754732657195 ], [ 17.002993277765384, 52.452576078913417 ], [ 17.003230979767121, 52.452281300582108 ], [ 17.003871831107162, 52.451487035769034 ], [ 17.004330970648684, 52.450917977632329 ], [ 17.004636909659855, 52.450542949246483 ], [ 17.004089342557826, 52.450277727418879 ], [ 17.003563546654256, 52.450039044228099 ], [ 17.003049582759484, 52.449805775225116 ], [ 17.002176858662715, 52.449419924135569 ], [ 17.001564677291611, 52.449142085748228 ], [ 17.001383344976507, 52.449326733208409 ], [ 17.000877922225214, 52.449847867109874 ], [ 17.000787157629436, 52.449820428620086 ], [ 17.000477396341676, 52.450506677863906 ], [ 17.000308949206286, 52.450975314053871 ], [ 17.000129043894397, 52.450955991403205 ], [ 16.999857522923197, 52.451470463722806 ], [ 16.999624326756614, 52.451853816279915 ], [ 16.999159431952208, 52.452541754679991 ], [ 16.998560316702495, 52.453260788494454 ], [ 16.998409761541854, 52.453441365319485 ] ] ] ] } },
{ "type": "Feature", "properties": { "gml_id": null, "lokalnyId": null, "przestrzen": null, "wersjaId": null, "czyObiektB": null, "x_kod": null, "x_skrKarto": null, "x_katDoklG": null, "x_doklGeom": null, "x_doklGe_1": null, "x_zrodloDa": null, "x_zrodlo_1": null, "x_katIstni": null, "x_rodzajRe": null, "x_aktualno": null, "x_aktual_1": null, "poczatekWe": null, "x_dataUtwo": null, "x_kodKarto": null, "x_kodKar_1": null, "x_kodKar_2": null, "x_kodKar_3": null, "x_kodKar_4": null, "x_kodKar_5": null, "x_kodKar_6": null, "nazwa": null, "idPRG": null, "idTerytJed": null, "idTerytTer": null, "rodzaj": null, "PRG|BT_Ref": null, "PRG|BT_R_1": null, "x_informDo": null }, "geometry": { "type": "MultiPolygon", "coordinates": [ [ [ [ 16.979819761877813, 52.480323037248539 ], [ 16.980014575065397, 52.480340935653963 ], [ 16.980367820048002, 52.480373411915949 ], [ 16.980505814784944, 52.480390339214864 ], [ 16.98065945818421, 52.480419406099635 ], [ 16.980773603918628, 52.480445639783738 ], [ 16.980995056522936, 52.480510087728447 ], [ 16.981213224773246, 52.480573579261979 ], [ 16.981555316594285, 52.480682403565993 ], [ 16.981673566876314, 52.48071554213513 ], [ 16.981805048934323, 52.480749266154959 ], [ 16.981948182422354, 52.480776263185085 ], [ 16.982120993383379, 52.480788925709575 ], [ 16.982359586125757, 52.480790208074687 ], [ 16.982410997249694, 52.48034280635347 ], [ 16.983185407990774, 52.480343242939071 ], [ 16.98350391123472, 52.480346245473051 ], [ 16.983457686427286, 52.479723947263764 ], [ 16.983192846492226, 52.479733012712131 ], [ 16.98271755954508, 52.479737498766866 ], [ 16.982710840205588, 52.479884351966327 ], [ 16.982178865805903, 52.479881752765472 ], [ 16.982141745867082, 52.47934739415858 ], [ 16.981406672809765, 52.479366726986846 ], [ 16.981015853058494, 52.47938268463416 ], [ 16.981072719036259, 52.479826537732571 ], [ 16.9807816491642, 52.47983254164815 ], [ 16.980490575115475, 52.479838634719854 ], [ 16.980227124713821, 52.479846278162142 ], [ 16.979819240723124, 52.47983931156373 ], [ 16.979819421570227, 52.480012186292498 ], [ 16.979819761877813, 52.480323037248539 ] ] ] ] } },
{ "type": "Feature", "properties": { "gml_id": null, "lokalnyId": null, "przestrzen": null, "wersjaId": null, "czyObiektB": null, "x_kod": null, "x_skrKarto": null, "x_katDoklG": null, "x_doklGeom": null, "x_doklGe_1": null, "x_zrodloDa": null, "x_zrodlo_1": null, "x_katIstni": null, "x_rodzajRe": null, "x_aktualno": null, "x_aktual_1": null, "poczatekWe": null, "x_dataUtwo": null, "x_kodKarto": null, "x_kodKar_1": null, "x_kodKar_2": null, "x_kodKar_3": null, "x_kodKar_4": null, "x_kodKar_5": null, "x_kodKar_6": null, "nazwa": null, "idPRG": null, "idTerytJed": null, "idTerytTer": null, "rodzaj": null, "PRG|BT_Ref": null, "PRG|BT_R_1": null, "x_informDo": null }, "geometry": { "type": "MultiPolygon", "coordinates": [ [ [ [ 16.973217762093068, 52.479066086561666 ], [ 16.974584704292557, 52.479103445993999 ], [ 16.974749086097585, 52.479096816165445 ], [ 16.974777621537211, 52.478837084322123 ], [ 16.975248123325272, 52.478835440712956 ], [ 16.975280058205716, 52.478592329958268 ], [ 16.975401417941065, 52.477672124814411 ], [ 16.976459450018634, 52.477692751284224 ], [ 16.977378983287615, 52.477717295729811 ], [ 16.977846264124583, 52.477732751835191 ], [ 16.978141274459698, 52.477736896298282 ], [ 16.978142088179389, 52.477171324437926 ], [ 16.978194193062254, 52.476457453883221 ], [ 16.978209686244902, 52.476119558884612 ], [ 16.977839811794986, 52.475910465796098 ], [ 16.977832402780592, 52.475589287847626 ], [ 16.976003160675766, 52.475384092802337 ], [ 16.975922642327209, 52.475376508618304 ], [ 16.975913104880462, 52.475414211695401 ], [ 16.974877718857066, 52.475331456830823 ], [ 16.974016686311025, 52.475259415084565 ], [ 16.973766583334864, 52.475496449330635 ], [ 16.973566281752074, 52.475463875511757 ], [ 16.973569131292077, 52.475719184753984 ], [ 16.973539551130827, 52.476000651594291 ], [ 16.973391420727275, 52.476464201813137 ], [ 16.973337704409079, 52.476953474764642 ], [ 16.973305856874067, 52.477511749512651 ], [ 16.973306631241687, 52.477542973262992 ], [ 16.9734250482616, 52.477546531567306 ], [ 16.973422901765783, 52.477590027556928 ], [ 16.973129301895959, 52.478997202683011 ], [ 16.973217762093068, 52.479066086561666 ] ] ] ] } },
{ "type": "Feature", "properties": { "gml_id": null, "lokalnyId": null, "przestrzen": null, "wersjaId": null, "czyObiektB": null, "x_kod": null, "x_skrKarto": null, "x_katDoklG": null, "x_doklGeom": null, "x_doklGe_1": null, "x_zrodloDa": null, "x_zrodlo_1": null, "x_katIstni": null, "x_rodzajRe": null, "x_aktualno": null, "x_aktual_1": null, "poczatekWe": null, "x_dataUtwo": null, "x_kodKarto": null, "x_kodKar_1": null, "x_kodKar_2": null, "x_kodKar_3": null, "x_kodKar_4": null, "x_kodKar_5": null, "x_kodKar_6": null, "nazwa": null, "idPRG": null, "idTerytJed": null, "idTerytTer": null, "rodzaj": null, "PRG|BT_Ref": null, "PRG|BT_R_1": null, "x_informDo": null }, "geometry": { "type": "MultiPolygon", "coordinates": [ [ [ [ 16.977933239222235, 52.510297368919439 ], [ 16.978381296358073, 52.510160382917732 ], [ 16.979093320488879, 52.509973159771086 ], [ 16.980141856520166, 52.5098153347409 ], [ 16.981569340852008, 52.509606369098435 ], [ 16.981417265201554, 52.509177443507852 ], [ 16.981253817643047, 52.509170337162871 ], [ 16.981142937118534, 52.509167725421896 ], [ 16.981058705776757, 52.509175462137499 ], [ 16.980947469891113, 52.509183817220496 ], [ 16.980885493505429, 52.509188425857559 ], [ 16.980754179056202, 52.509187803511523 ], [ 16.980632530437706, 52.509194991188799 ], [ 16.980457995375723, 52.509211079716664 ], [ 16.980023855354297, 52.509224264526964 ], [ 16.980080181461577, 52.509509986530631 ], [ 16.979770388749554, 52.509633855015139 ], [ 16.978925677984407, 52.509653964921831 ], [ 16.977899867864821, 52.510244001828021 ], [ 16.977933239222235, 52.510297368919439 ] ] ] ] } },
{ "type": "Feature", "properties": { "gml_id": null, "lokalnyId": null, "przestrzen": null, "wersjaId": null, "czyObiektB": null, "x_kod": null, "x_skrKarto": null, "x_katDoklG": null, "x_doklGeom": null, "x_doklGe_1": null, "x_zrodloDa": null, "x_zrodlo_1": null, "x_katIstni": null, "x_rodzajRe": null, "x_aktualno": null, "x_aktual_1": null, "poczatekWe": null, "x_dataUtwo": null, "x_kodKarto": null, "x_kodKar_1": null, "x_kodKar_2": null, "x_kodKar_3": null, "x_kodKar_4": null, "x_kodKar_5": null, "x_kodKar_6": null, "nazwa": null, "idPRG": null, "idTerytJed": null, "idTerytTer": null, "rodzaj": null, "PRG|BT_Ref": null, "PRG|BT_R_1": null, "x_informDo": null }, "geometry": { "type": "MultiPolygon", "coordinates": [ [ [ [ 16.969931350805009, 52.558393356762735 ], [ 16.971980130994339, 52.558385029711545 ], [ 16.973088551883681, 52.558397258564554 ], [ 16.973997824939485, 52.558399309272971 ], [ 16.974930193769808, 52.558381471485255 ], [ 16.975168126571447, 52.558392301215491 ], [ 16.974888231044844, 52.557005318427287 ], [ 16.974853565257472, 52.55669295033745 ], [ 16.974556232067165, 52.556746954593748 ], [ 16.972826807715382, 52.556980088866631 ], [ 16.971698005133081, 52.557087817118571 ], [ 16.970696971777382, 52.557223290227448 ], [ 16.969931350805009, 52.558393356762735 ] ] ] ] } },
{ "type": "Feature", "properties": { "gml_id": "OT_ADJA_A.20", "lokalnyId": "322BD60C-5C60-598B-E053-CC2BA8C05138", "przestrzen": "PL.PZGiK.308.BDOT10k", "wersjaId": "2022-01-20T00:00:00", "czyObiektB": 0, "x_kod": "ADJA05", "x_skrKarto": null, "x_katDoklG": "Dok", "x_doklGeom": 1, "x_doklGe_1": "m", "x_zrodloDa": "PRG", "x_zrodlo_1": "PRG", "x_katIstni": null, "x_rodzajRe": "ZP", "x_aktualno": "2022-01-20", "x_aktual_1": "2022-01-20", "poczatekWe": "2022-01-20T00:00:00", "x_dataUtwo": "2012-11-13", "x_kodKarto": "0010_505", "x_kodKar_1": "0025_505", "x_kodKar_2": "0050_505", "x_kodKar_3": "0100_505", "x_kodKar_4": null, "x_kodKar_5": null, "x_kodKar_6": null, "nazwa": "Czerwonak", "idPRG": 1030210420, "idTerytJed": 3021, "idTerytTer": 3021042, "rodzaj": "GW", "PRG|BT_Ref": 1030210420, "PRG|BT_R_1": "PL.PZGiK.200", "x_informDo": null }, "geometry": { "type": "MultiPolygon", "coordinates": [ [ [ [ 16.978361554952464, 52.519704200352791 ], [ 16.977556656589716, 52.519771392747103 ], [ 16.976726640922863, 52.519855689054538 ], [ 16.976322758895343, 52.519894742410926 ], [ 16.976124230983125, 52.519918599258496 ], [ 16.975374870723762, 52.519993112856049 ], [ 16.975087981260401, 52.520007200885097 ], [ 16.975014350704004, 52.519730514906421 ], [ 16.97497286803582, 52.51958094896419 ], [ 16.971810038982017, 52.519935563035069 ], [ 16.972089301457487, 52.52023329504236 ], [ 16.972268920909855, 52.520475982314238 ], [ 16.972347225299387, 52.520600636443334 ], [ 16.972371800301207, 52.520854607440171 ], [ 16.972401349883867, 52.521522402269056 ], [ 16.972357733079022, 52.522936730533118 ], [ 16.972358955659221, 52.523550433583125 ], [ 16.972381093717654, 52.524225476459527 ], [ 16.972334672681836, 52.525489281278304 ], [ 16.976357004076593, 52.52476304886838 ], [ 16.976638066357363, 52.524733837809414 ], [ 16.976563840243674, 52.524465906651095 ], [ 16.976469115937469, 52.524123852110179 ], [ 16.976335681086947, 52.523642353189956 ], [ 16.976077632136338, 52.522603143929494 ], [ 16.975895125882452, 52.521925538396729 ], [ 16.975773599841531, 52.521473923559924 ], [ 16.976405838887423, 52.521410535822007 ], [ 16.97704734741388, 52.521353958998738 ], [ 16.978598328001176, 52.521197973456935 ], [ 16.979484971427507, 52.521114001361958 ], [ 16.979394745693345, 52.520747471467445 ], [ 16.979223134251292, 52.520059623858408 ], [ 16.979159888989894, 52.519988747764614 ], [ 16.978817308319726, 52.519890524199276 ], [ 16.978650229180609, 52.519826778290884 ], [ 16.978650121893232, 52.51982911497857 ], [ 16.978535522622543, 52.51975277404599 ], [ 16.978457898337709, 52.51971250236771 ], [ 16.978361554952464, 52.519704200352791 ] ], [ [ 16.97452030900077, 52.524001282511094 ], [ 16.974629628155839, 52.523990561888951 ], [ 16.974853676262608, 52.524014993978092 ], [ 16.974933867785154, 52.524044428791456 ], [ 16.974989487056575, 52.524079109406351 ], [ 16.974980865183486, 52.524119076462249 ], [ 16.974956009400991, 52.524152919364852 ], [ 16.974846136893859, 52.524217326849595 ], [ 16.974737521131374, 52.524254413043721 ], [ 16.974652292633849, 52.52427355109436 ], [ 16.97450757986606, 52.524277909473945 ], [ 16.974388480296547, 52.52425761205955 ], [ 16.974337605281764, 52.524222382784828 ], [ 16.974298768174318, 52.524169101139549 ], [ 16.974304207490185, 52.524092562738559 ], [ 16.974322785818075, 52.52405735329021 ], [ 16.974399477298249, 52.524018641611249 ], [ 16.97452030900077, 52.524001282511094 ] ] ] ] } },
{ "type": "Feature", "properties": { "gml_id": "OT_ADJA_A.20", "lokalnyId": "322BD60C-5C60-598B-E053-CC2BA8C05138", "przestrzen": "PL.PZGiK.308.BDOT10k", "wersjaId": "2022-01-20T00:00:00", "czyObiektB": 0, "x_kod": "ADJA05", "x_skrKarto": null, "x_katDoklG": "Dok", "x_doklGeom": 1, "x_doklGe_1": "m", "x_zrodloDa": "PRG", "x_zrodlo_1": "PRG", "x_katIstni": null, "x_rodzajRe": "ZP", "x_aktualno": "2022-01-20", "x_aktual_1": "2022-01-20", "poczatekWe": "2022-01-20T00:00:00", "x_dataUtwo": "2012-11-13", "x_kodKarto": "0010_505", "x_kodKar_1": "0025_505", "x_kodKar_2": "0050_505", "x_kodKar_3": "0100_505", "x_kodKar_4": null, "x_kodKar_5": null, "x_kodKar_6": null, "nazwa": "Czerwonak", "idPRG": 1030210420, "idTerytJed": 3021, "idTerytTer": 3021042, "rodzaj": "GW", "PRG|BT_Ref": 1030210420, "PRG|BT_R_1": "PL.PZGiK.200", "x_informDo": null }, "geometry": { "type": "MultiPolygon", "coordinates": [ [ [ [ 16.977220100705363, 52.49340919383269 ], [ 16.977217694661608, 52.49343271787707 ], [ 16.977194868866864, 52.493637848364955 ], [ 16.977167823441022, 52.493880323165087 ], [ 16.977224762766056, 52.493879048326548 ], [ 16.978044032642057, 52.493860856279404 ], [ 16.978094110895761, 52.493864590514001 ], [ 16.977819524748028, 52.493538258612375 ], [ 16.977673690817923, 52.493434399012756 ], [ 16.977387509291869, 52.493280559270296 ], [ 16.977328335102229, 52.49325670173431 ], [ 16.977304898556348, 52.493247216664244 ], [ 16.977286396847283, 52.493242582983832 ], [ 16.977238179579182, 52.493230425539416 ], [ 16.977233868285417, 52.493272985020056 ], [ 16.977220100705363, 52.49340919383269 ] ] ], [ [ [ 16.977238179579182, 52.493230425539416 ], [ 16.977014163692921, 52.493308173112254 ], [ 16.976989128673338, 52.493214743370942 ], [ 16.97682883009027, 52.493072948986253 ], [ 16.976726469727197, 52.492997984093329 ], [ 16.976624725109343, 52.492938499922445 ], [ 16.976556570278316, 52.492924112318967 ], [ 16.976507127751379, 52.492929022875273 ], [ 16.976371379190262, 52.492968254374972 ], [ 16.976212407765125, 52.493025436853415 ], [ 16.975973342374932, 52.493126040443748 ], [ 16.975703824362842, 52.49323835470345 ], [ 16.975494916723953, 52.493311141258459 ], [ 16.9753017044251, 52.493359821426253 ], [ 16.975250773760866, 52.493361827795631 ], [ 16.975214600338941, 52.49336336721575 ], [ 16.975080615914166, 52.493338497725645 ], [ 16.974877490715954, 52.493272599352366 ], [ 16.974740162212491, 52.493217900914438 ], [ 16.974689829409272, 52.49320048947849 ], [ 16.974656566681045, 52.493196412124767 ], [ 16.974634694995409, 52.493200984504988 ], [ 16.974618264183878, 52.493212215924522 ], [ 16.974600737663422, 52.493285759436716 ], [ 16.974565450342425, 52.493389849439936 ], [ 16.974543260000441, 52.493465471724534 ], [ 16.974532305178545, 52.493549920980762 ], [ 16.974487212658776, 52.493610850054147 ], [ 16.974432054992004, 52.493634280187756 ], [ 16.974366369602677, 52.493630277118946 ], [ 16.974324833873911, 52.493613825676519 ], [ 16.974248768189092, 52.493582391884409 ], [ 16.974167591535959, 52.49377752817103 ], [ 16.974132492071256, 52.493861473917292 ], [ 16.974085233161784, 52.494014377951757 ], [ 16.974036786180783, 52.494170679470145 ], [ 16.973976565862383, 52.494365095242209 ], [ 16.973954240642126, 52.494437207308629 ], [ 16.97395235606507, 52.494452555368269 ], [ 16.973970710668343, 52.494457187048788 ], [ 16.97400684894345, 52.494462842881688 ], [ 16.974050187246423, 52.4944657438337 ], [ 16.97407792315008, 52.494465049626292 ], [ 16.974093412870083, 52.494464685325525 ], [ 16.974196062634377, 52.494459607725339 ], [ 16.974276132721073, 52.49445846062433 ], [ 16.974333641164943, 52.494457646636839 ], [ 16.974354613183142, 52.494463042630358 ], [ 16.974360986900159, 52.494478262291722 ], [ 16.974367404260011, 52.49450535524258 ], [ 16.974355470430055, 52.494546974600226 ], [ 16.97433906251031, 52.494596162533092 ], [ 16.974325778252403, 52.494808201695854 ], [ 16.974315852813589, 52.494947174309559 ], [ 16.974296349700701, 52.495268838021431 ], [ 16.974292561529641, 52.495296745572588 ], [ 16.974280761422438, 52.495438024600297 ], [ 16.974262853401491, 52.495439696664384 ], [ 16.974253202386869, 52.495514993970048 ], [ 16.974007203128558, 52.495499987475654 ], [ 16.973964833671722, 52.495504838251101 ], [ 16.973877204341679, 52.495494073071846 ], [ 16.973817307022273, 52.495492327507783 ], [ 16.97375875301255, 52.4954870071847 ], [ 16.973662749704889, 52.495478886645046 ], [ 16.973564415285001, 52.495495820327733 ], [ 16.97355138299579, 52.495522849939249 ], [ 16.973526347565006, 52.495580164755701 ], [ 16.973491845201973, 52.495667088673137 ], [ 16.973463007437665, 52.49574619460288 ], [ 16.973455091556971, 52.495774121353463 ], [ 16.97345209381162, 52.495807259144854 ], [ 16.973452678077528, 52.495868250847323 ], [ 16.973454705419183, 52.495913886935078 ], [ 16.973469041310587, 52.496009112881616 ], [ 16.973473166359256, 52.496047589427626 ], [ 16.973471124430663, 52.496091986530772 ], [ 16.973464978080152, 52.496123091620063 ], [ 16.973451695436143, 52.496168375459973 ], [ 16.973416734685458, 52.496246027318826 ], [ 16.973390960278806, 52.496316191363171 ], [ 16.973382406092483, 52.496361196434968 ], [ 16.973382315066452, 52.49638880752768 ], [ 16.973384017892073, 52.496428681669926 ], [ 16.973390327425538, 52.496458111351522 ], [ 16.973398500629585, 52.496482266297313 ], [ 16.973411446366057, 52.496508391824086 ], [ 16.973426620015758, 52.496537343768232 ], [ 16.973456088524472, 52.49658551869701 ], [ 16.973479507857068, 52.496624235857475 ], [ 16.973493420896041, 52.496654965064273 ], [ 16.973504612082337, 52.49670642458306 ], [ 16.973506155893141, 52.496736941873955 ], [ 16.973496915592175, 52.49677123192145 ], [ 16.973479592341128, 52.496814647666461 ], [ 16.973456389754769, 52.496860930815359 ], [ 16.973433974008874, 52.496912534106137 ], [ 16.973413389836264, 52.49696596764273 ], [ 16.973407158524743, 52.497011732058368 ], [ 16.973393201544742, 52.497122932907679 ], [ 16.973392277323203, 52.49723273806427 ], [ 16.973378082678412, 52.497310655749288 ], [ 16.97335158631909, 52.49747659721465 ], [ 16.973336691437176, 52.497547307417257 ], [ 16.973309753004425, 52.497620329683926 ], [ 16.973278042992625, 52.497672133470893 ], [ 16.973261012672005, 52.497709168214307 ], [ 16.973257007045962, 52.497744987028227 ], [ 16.973262473294309, 52.49779275073017 ], [ 16.973269370198583, 52.49785106233098 ], [ 16.973273714549919, 52.498153886496091 ], [ 16.973283108269101, 52.498276460509878 ], [ 16.973282940748607, 52.498292917294357 ], [ 16.973278693312324, 52.498321176711677 ], [ 16.973240072591121, 52.498484751752443 ], [ 16.973199915978423, 52.498643263627805 ], [ 16.973194322812791, 52.498687959636804 ], [ 16.973189082541186, 52.498789056243716 ], [ 16.973191221056894, 52.498857899635361 ], [ 16.97318219671957, 52.498925922150889 ], [ 16.973174280760354, 52.498985868745528 ], [ 16.973144643088382, 52.499088705945084 ], [ 16.973118226840327, 52.499153552253027 ], [ 16.973098023144242, 52.499195479483689 ], [ 16.973069252797515, 52.499247423527741 ], [ 16.973016658371389, 52.49934950754173 ], [ 16.973437576069482, 52.499301314464759 ], [ 16.974115243852676, 52.499300780253584 ], [ 16.974247629932695, 52.498585118929938 ], [ 16.974379311203752, 52.497977647322095 ], [ 16.974592541413013, 52.497708769957477 ], [ 16.974837806588965, 52.496627441724151 ], [ 16.975133648996479, 52.495246927267353 ], [ 16.975293240766572, 52.494438818643907 ], [ 16.9755436810918, 52.494424397049926 ], [ 16.976876280444817, 52.494343942405315 ], [ 16.977117556548869, 52.494330649945468 ], [ 16.977167823441022, 52.493880323165087 ], [ 16.97719220837325, 52.493661701058947 ], [ 16.977238179579182, 52.493230425539416 ] ] ] ] } },
{ "type": "Feature", "properties": { "gml_id": "OT_ADJA_A.20", "lokalnyId": "322BD60C-5C60-598B-E053-CC2BA8C05138", "przestrzen": "PL.PZGiK.308.BDOT10k", "wersjaId": "2022-01-20T00:00:00", "czyObiektB": 0, "x_kod": "ADJA05", "x_skrKarto": null, "x_katDoklG": "Dok", "x_doklGeom": 1, "x_doklGe_1": "m", "x_zrodloDa": "PRG", "x_zrodlo_1": "PRG", "x_katIstni": null, "x_rodzajRe": "ZP", "x_aktualno": "2022-01-20", "x_aktual_1": "2022-01-20", "poczatekWe": "2022-01-20T00:00:00", "x_dataUtwo": "2012-11-13", "x_kodKarto": "0010_505", "x_kodKar_1": "0025_505", "x_kodKar_2": "0050_505", "x_kodKar_3": "0100_505", "x_kodKar_4": null, "x_kodKar_5": null, "x_kodKar_6": null, "nazwa": "Czerwonak", "idPRG": 1030210420, "idTerytJed": 3021, "idTerytTer": 3021042, "rodzaj": "GW", "PRG|BT_Ref": 1030210420, "PRG|BT_R_1": "PL.PZGiK.200", "x_informDo": null }, "geometry": { "type": "MultiPolygon", "coordinates": [ [ [ [ 17.023394318413775, 52.462642027642431 ], [ 17.023369497327256, 52.462923225017718 ], [ 17.023333444648355, 52.463333483054868 ], [ 17.023309726780923, 52.463688632167134 ], [ 17.022834488261353, 52.463829882702882 ], [ 17.022865224274188, 52.463977403512672 ], [ 17.023036806831563, 52.46417670384578 ], [ 17.02310750266469, 52.464265963146055 ], [ 17.023144684861396, 52.464362265949752 ], [ 17.023187052633997, 52.464504911903326 ], [ 17.023164079644811, 52.464600842716266 ], [ 17.023050790771602, 52.464767499786376 ], [ 17.022804521805647, 52.464938269877486 ], [ 17.022604259651974, 52.465008424733043 ], [ 17.022425468608777, 52.465062463413986 ], [ 17.02221821766604, 52.465103352827555 ], [ 17.022162606616146, 52.465140441737752 ], [ 17.022138068670337, 52.465224940477697 ], [ 17.022166443989235, 52.465286245510939 ], [ 17.022243813090508, 52.46531922204305 ], [ 17.022447656282331, 52.465261800681475 ], [ 17.02269316367158, 52.465154383621268 ], [ 17.022988343821268, 52.465003441003809 ], [ 17.023116094286504, 52.464930806006386 ], [ 17.023255765495517, 52.464839897099623 ], [ 17.023355284849554, 52.464738908953841 ], [ 17.023416461059032, 52.464617734560044 ], [ 17.023433728763607, 52.464602815581394 ], [ 17.023485963739187, 52.464606300548596 ], [ 17.023513298929732, 52.464518792977792 ], [ 17.023514904071202, 52.464413946020699 ], [ 17.024238526832654, 52.464486570387947 ], [ 17.024134783899175, 52.464820235192008 ], [ 17.024699206270316, 52.464886688723269 ], [ 17.024573169925009, 52.465310464327459 ], [ 17.024897794726936, 52.465503238431779 ], [ 17.025048097040386, 52.465599829303677 ], [ 17.025174067805953, 52.465680723304757 ], [ 17.025433453567242, 52.465847312238807 ], [ 17.025418376004914, 52.465855155361027 ], [ 17.025123881343355, 52.465969502193119 ], [ 17.024617614759133, 52.466166116702546 ], [ 17.024496649806945, 52.466206908916597 ], [ 17.024063524949558, 52.46637820970124 ], [ 17.023594410603874, 52.466563837990357 ], [ 17.023443914343005, 52.466622753810526 ], [ 17.023371699826065, 52.466650238635118 ], [ 17.023285701057702, 52.466682979536067 ], [ 17.023381520684548, 52.466769577510362 ], [ 17.023409824552282, 52.466795234697393 ], [ 17.023471799185767, 52.466858241424148 ], [ 17.023541885314327, 52.466832249998319 ], [ 17.024074577918999, 52.466634462613541 ], [ 17.024402287529405, 52.467044592224362 ], [ 17.02499283750166, 52.466814308432049 ], [ 17.025608193320444, 52.466572563392567 ], [ 17.026204648469985, 52.466335086814382 ], [ 17.026471496325382, 52.466499639316453 ], [ 17.026621827192354, 52.466592450990603 ], [ 17.027312134739244, 52.464302323440478 ], [ 17.026173728108354, 52.464139777598312 ], [ 17.026137750596892, 52.464134230188989 ], [ 17.026459956338098, 52.463238827069539 ], [ 17.026514778326195, 52.463247746952362 ], [ 17.026664797576078, 52.463288026671982 ], [ 17.026886365746797, 52.463338584338871 ], [ 17.027124576524706, 52.463392387375428 ], [ 17.02721377917328, 52.463419509390882 ], [ 17.027245626538459, 52.463428495357697 ], [ 17.027356589462293, 52.463459667955078 ], [ 17.027543752525851, 52.463505782874087 ], [ 17.027601841976256, 52.463510799251317 ], [ 17.027646006223303, 52.463511086177952 ], [ 17.027687688654371, 52.463494422378261 ], [ 17.02772520978306, 52.463472022739204 ], [ 17.027847054313106, 52.463371789511996 ], [ 17.027925034597992, 52.463257962768246 ], [ 17.027979608670723, 52.463094546725529 ], [ 17.028007577541871, 52.462867456929608 ], [ 17.028017783954216, 52.462705009880139 ], [ 17.028188035853127, 52.462730784455637 ], [ 17.02828648295559, 52.462465384740469 ], [ 17.028446918944663, 52.462473546301624 ], [ 17.028794050899084, 52.461707710991725 ], [ 17.028886059713052, 52.461566504921819 ], [ 17.029249577232587, 52.461402661267741 ], [ 17.029442976260661, 52.46128922803895 ], [ 17.029642318200896, 52.461102050180472 ], [ 17.029792706681249, 52.46091963283282 ], [ 17.029819979656491, 52.460899130483526 ], [ 17.029839047544616, 52.460890903578964 ], [ 17.02986354214438, 52.460886454756384 ], [ 17.03009466887243, 52.460890934950761 ], [ 17.030116295581667, 52.46088805727647 ], [ 17.030136105793666, 52.460882990701613 ], [ 17.030164167792055, 52.460867898008289 ], [ 17.030389694249251, 52.460724057995563 ], [ 17.031088235121608, 52.460179662651498 ], [ 17.031260796623403, 52.460028103402969 ], [ 17.031954191978098, 52.460417227322566 ], [ 17.03178293730463, 52.460476797477519 ], [ 17.031857112096478, 52.46061627470602 ], [ 17.03184879293071, 52.460670731730524 ], [ 17.031810769059607, 52.460721006665487 ], [ 17.031682537929267, 52.460789837382755 ], [ 17.031590533039751, 52.46085198561196 ], [ 17.031493666755946, 52.460950479817349 ], [ 17.031201057226017, 52.461234865481593 ], [ 17.030936904242967, 52.461554622235276 ], [ 17.030773870330908, 52.461895040413502 ], [ 17.030532851122533, 52.462448494043329 ], [ 17.0311959414868, 52.462553886403278 ], [ 17.03082637075719, 52.463143605900072 ], [ 17.030287368666372, 52.46305889678127 ], [ 17.030158523692222, 52.463078606704876 ], [ 17.030029005708798, 52.463110087828255 ], [ 17.029800835066485, 52.463180939248865 ], [ 17.029152417973343, 52.463393013162509 ], [ 17.029093386056914, 52.463415684329114 ], [ 17.029003792558633, 52.463453316293574 ], [ 17.028932473275024, 52.463490623194758 ], [ 17.02885363785018, 52.46355442793832 ], [ 17.028796098757592, 52.463609593320022 ], [ 17.028767340886084, 52.463646800112294 ], [ 17.028738285123694, 52.463710445217949 ], [ 17.028733051401066, 52.463728706373509 ], [ 17.028576568160446, 52.464254783491292 ], [ 17.028516776146184, 52.464455888903146 ], [ 17.028394772778505, 52.464866064231117 ], [ 17.02831159041159, 52.465145659677269 ], [ 17.028289752525872, 52.465215810979466 ], [ 17.028098203963886, 52.46581118856011 ], [ 17.027897685131464, 52.466363333459832 ], [ 17.02779599611458, 52.466691099231284 ], [ 17.027728313369387, 52.466936774349691 ], [ 17.027672075835085, 52.467097734012455 ], [ 17.027640977494784, 52.467157567163312 ], [ 17.027602961630897, 52.467210719079745 ], [ 17.027569894664548, 52.467235531503839 ], [ 17.02719430438415, 52.467404655344367 ], [ 17.026362404555531, 52.467690374704034 ], [ 17.025855744920531, 52.467872417215588 ], [ 17.025535608070275, 52.467993442560754 ], [ 17.025537648221398, 52.467993926339965 ], [ 17.025584019270127, 52.468004234540423 ], [ 17.025904659938824, 52.468075965606751 ], [ 17.026263066870282, 52.468156151187245 ], [ 17.027100943717929, 52.468319798051802 ], [ 17.027408543044533, 52.468383572322558 ], [ 17.027490255200362, 52.468400585407814 ], [ 17.02765689720956, 52.468435114789557 ], [ 17.028028115138799, 52.468512180745591 ], [ 17.028418014728334, 52.468593064770346 ], [ 17.028591395644163, 52.468628424719803 ], [ 17.028770177745177, 52.468664863819775 ], [ 17.029577105067261, 52.468829416174799 ], [ 17.029985460932679, 52.468912671198481 ], [ 17.030401717160206, 52.468997135699183 ], [ 17.031240709821397, 52.469166168150494 ], [ 17.031655223765192, 52.469253477372298 ], [ 17.032079389452232, 52.469339056939511 ], [ 17.032450648276363, 52.469412242021754 ], [ 17.03280017165546, 52.469484074991293 ], [ 17.033152826801153, 52.469555059575832 ], [ 17.033499922777015, 52.469625231112829 ], [ 17.033504007418522, 52.469626108522981 ], [ 17.033901850374573, 52.469707646056428 ], [ 17.034455998789255, 52.469821281566105 ], [ 17.034803865903644, 52.469894070406333 ], [ 17.036436113124104, 52.470232296251865 ], [ 17.03623150474062, 52.470590379499683 ], [ 17.036511175879703, 52.470650248261769 ], [ 17.037303598642492, 52.470834383942055 ], [ 17.037922380145993, 52.470962297302727 ], [ 17.03847826121568, 52.471077291647156 ], [ 17.040401358539164, 52.471467595974673 ], [ 17.040179565771343, 52.471818565401946 ], [ 17.038279145915464, 52.471437987820536 ], [ 17.037728194377113, 52.471318037564821 ], [ 17.037113497360139, 52.471190910562733 ], [ 17.036804832773967, 52.47171941833939 ], [ 17.036610433610708, 52.472082978300868 ], [ 17.03658253125829, 52.47213738024265 ], [ 17.036180269193665, 52.472878846299999 ], [ 17.036467405700552, 52.472936770327379 ], [ 17.036848120945177, 52.473013426197625 ], [ 17.036049067067246, 52.474459033207815 ], [ 17.035975501050483, 52.474592815802197 ], [ 17.035792949190231, 52.474924731357355 ], [ 17.035650784693519, 52.475183204518743 ], [ 17.035345785670607, 52.475763936241343 ], [ 17.035259587279533, 52.476253862279762 ], [ 17.034227935529444, 52.476120962432574 ], [ 17.034064453340125, 52.476087484485575 ], [ 17.033955252301425, 52.476055628239585 ], [ 17.033819697881462, 52.475970627216462 ], [ 17.033632337740094, 52.476039916211377 ], [ 17.033345250758842, 52.476234815804311 ], [ 17.032650003819477, 52.476696891796735 ], [ 17.032304166833683, 52.476966993236132 ], [ 17.032052276716747, 52.477168411571 ], [ 17.032024746893974, 52.477267070571891 ], [ 17.032036036406407, 52.477538886047682 ], [ 17.032043331144997, 52.47771538549118 ], [ 17.032057629135871, 52.477952802870853 ], [ 17.032079629982704, 52.478317977397374 ], [ 17.032051219129844, 52.478462762442291 ], [ 17.031997885873746, 52.478515750775983 ], [ 17.031918904904067, 52.478555900166903 ], [ 17.031244533856292, 52.478757121261985 ], [ 17.031122053265424, 52.478794927026733 ], [ 17.029497483533287, 52.479264265705638 ], [ 17.02977680819512, 52.479725199727831 ], [ 17.029837302759493, 52.479871375350889 ], [ 17.029969469377683, 52.480190535773424 ], [ 17.030970771101906, 52.482165896519078 ], [ 17.03122256563033, 52.482633743675763 ], [ 17.031281310757731, 52.482819284286137 ], [ 17.031332405189005, 52.482902342543809 ], [ 17.031400089570255, 52.482917410285559 ], [ 17.031560217858203, 52.482927540705965 ], [ 17.03174926232073, 52.482920253498385 ], [ 17.031840573820567, 52.482910979895472 ], [ 17.031908018355253, 52.482908324613035 ], [ 17.031995683123363, 52.482904836492871 ], [ 17.032164137208262, 52.482919871602689 ], [ 17.032597294622068, 52.482952171793961 ], [ 17.032888531726616, 52.482982289945781 ], [ 17.0330222906919, 52.482989101633642 ], [ 17.033070847964392, 52.482987120945552 ], [ 17.033113799122894, 52.482985316835943 ], [ 17.033932734299512, 52.482820756243115 ], [ 17.034859293490744, 52.482624519552054 ], [ 17.034944622225549, 52.482607319129301 ], [ 17.035094528687384, 52.482579049239455 ], [ 17.035356547798866, 52.482520981670838 ], [ 17.035652486939391, 52.482468693580373 ], [ 17.036232304808802, 52.482360317230139 ], [ 17.036494603187283, 52.482289300031141 ], [ 17.036483885426939, 52.482242171961346 ], [ 17.0364474901452, 52.482030651880009 ], [ 17.036434104509816, 52.481977273457929 ], [ 17.036424228299158, 52.481937714546063 ], [ 17.036342211910313, 52.48161930448952 ], [ 17.036338265852923, 52.48160205989776 ], [ 17.036327075668314, 52.481552315621613 ], [ 17.036268426071583, 52.481294735013819 ], [ 17.036169022672802, 52.480857401527977 ], [ 17.037096579618062, 52.480667370212686 ], [ 17.037307029814457, 52.480645588888493 ], [ 17.03762720062419, 52.480571482191579 ], [ 17.037885262060385, 52.480529173369604 ], [ 17.038114461208011, 52.480476671396609 ], [ 17.038266614880637, 52.480619506003137 ], [ 17.039008377575115, 52.481327424607535 ], [ 17.03887140415857, 52.481392970293079 ], [ 17.038776874939362, 52.481418385638761 ], [ 17.038682648758058, 52.481440298166703 ], [ 17.038198659665717, 52.481540832014254 ], [ 17.03796702050284, 52.481591764673766 ], [ 17.037957053541835, 52.481593937841275 ], [ 17.037570452523269, 52.481700761723388 ], [ 17.037722539335142, 52.482063595915186 ], [ 17.037844958278075, 52.482364866542191 ], [ 17.038222970006117, 52.482312134756725 ], [ 17.038318193691126, 52.482582373226691 ], [ 17.036674922476113, 52.482821876601697 ], [ 17.036603004093003, 52.482832375297356 ], [ 17.036623495043884, 52.482934620629123 ], [ 17.03669129910724, 52.4832844543335 ], [ 17.036734040495197, 52.483518925090564 ], [ 17.036771550147744, 52.483573153612809 ], [ 17.036797590786346, 52.48359049510055 ], [ 17.037621386831709, 52.48347222025027 ], [ 17.038181010046085, 52.483394079768502 ], [ 17.038626751804372, 52.483329158545608 ], [ 17.040789756354915, 52.483027273784629 ], [ 17.041441858934245, 52.483649414743894 ], [ 17.041944160754344, 52.484128671500997 ], [ 17.043776937072817, 52.485877173770369 ], [ 17.045061768318401, 52.485685460835548 ], [ 17.045266877437079, 52.485950735903195 ], [ 17.045461732614111, 52.486144904249123 ], [ 17.045472037625288, 52.486155058170453 ], [ 17.04616470481217, 52.486828480026212 ], [ 17.046396604980206, 52.487031353527271 ], [ 17.046842286492833, 52.487440487549549 ], [ 17.047334562347849, 52.487932146838091 ], [ 17.047438719485111, 52.488028845668076 ], [ 17.047764738091715, 52.488365755424446 ], [ 17.048901367295063, 52.488171526413652 ], [ 17.049688933322617, 52.489026377260124 ], [ 17.050138356934262, 52.489511921280823 ], [ 17.050316974137669, 52.489517743814496 ], [ 17.051116266939268, 52.489325487608703 ], [ 17.051323167827739, 52.48931810338847 ], [ 17.052081546028287, 52.489384650687363 ], [ 17.051986228628156, 52.48886429265211 ], [ 17.055786586690942, 52.488590616655451 ], [ 17.055855555137494, 52.488854202326806 ], [ 17.057546532341028, 52.488738436308154 ], [ 17.058879378246623, 52.488604537172129 ], [ 17.058841759638266, 52.488525310143466 ], [ 17.058614369114597, 52.48800449920855 ], [ 17.05775695524013, 52.488062556720735 ], [ 17.057700731528396, 52.487807096414585 ], [ 17.05848582438405, 52.487721678994909 ], [ 17.058387911988785, 52.487506098743808 ], [ 17.058353373819894, 52.487510838378981 ], [ 17.058207707652887, 52.487526435542932 ], [ 17.057779183844698, 52.487571476331418 ], [ 17.057362412519868, 52.487610592512546 ], [ 17.057156613027594, 52.487629967678124 ], [ 17.057112817081638, 52.487604064398987 ], [ 17.057075823825745, 52.487507398208891 ], [ 17.057029154713405, 52.487376215047711 ], [ 17.056973871809046, 52.487269984301726 ], [ 17.05693108268099, 52.487221252109912 ], [ 17.056875645568716, 52.487202083065263 ], [ 17.05674769037714, 52.487213652151532 ], [ 17.056130625789283, 52.48726764147272 ], [ 17.056003074553285, 52.487270042264065 ], [ 17.055943251472268, 52.487266810450357 ], [ 17.05591406960999, 52.487250321049018 ], [ 17.055911652883058, 52.487218261811975 ], [ 17.055946882534194, 52.487184482841641 ], [ 17.055984881136244, 52.487171436136272 ], [ 17.056071965722701, 52.487154519158516 ], [ 17.056158597818563, 52.487144520249551 ], [ 17.056278544910562, 52.48714415294976 ], [ 17.056357164963039, 52.487145444921381 ], [ 17.056432908803163, 52.487128431260963 ], [ 17.05644953905243, 52.487092097952868 ], [ 17.056450747764643, 52.487064685366832 ], [ 17.056437145273637, 52.487032352394742 ], [ 17.056419858136763, 52.487000048816242 ], [ 17.056403632532781, 52.486940330230134 ], [ 17.056420567884075, 52.486897076370006 ], [ 17.05661635671542, 52.486877448081025 ], [ 17.056763313972343, 52.48685926576772 ], [ 17.056906087245032, 52.486852437228229 ], [ 17.056950572199192, 52.486886086962045 ], [ 17.057395094335916, 52.486842301336644 ], [ 17.057720055485365, 52.486780091293596 ], [ 17.057564835830753, 52.486631385817056 ], [ 17.056975925723947, 52.48669195794718 ], [ 17.05674280034496, 52.486425586001218 ], [ 17.057322970672203, 52.486372696496687 ], [ 17.057260366580959, 52.486305560524627 ], [ 17.056839658848229, 52.486340652668218 ], [ 17.056251924410894, 52.48639467469004 ], [ 17.056182174037858, 52.486158868514288 ], [ 17.05674899779423, 52.486074462523462 ], [ 17.057010019454008, 52.486035488400859 ], [ 17.056843252841954, 52.485861408349528 ], [ 17.056736641134538, 52.485703066961584 ], [ 17.056733087952605, 52.485703458295845 ], [ 17.05627736629171, 52.485760908458552 ], [ 17.056124423598312, 52.485293482289286 ], [ 17.055988799534109, 52.485312029939166 ], [ 17.055961728211344, 52.485227668651078 ], [ 17.055952798643506, 52.485199639710856 ], [ 17.055902937074972, 52.485050774820387 ], [ 17.055697655715083, 52.485078700430456 ], [ 17.055689133418042, 52.485058143389935 ], [ 17.055646182916309, 52.484949686226265 ], [ 17.055621892528208, 52.484882459639543 ], [ 17.055767378659223, 52.484860746659322 ], [ 17.055750899184989, 52.484820181530665 ], [ 17.055705445454674, 52.48470835536304 ], [ 17.05566608004634, 52.484598787880586 ], [ 17.056231138351894, 52.484517233618661 ], [ 17.056106019257673, 52.484387818746455 ], [ 17.056193393634068, 52.484330792121057 ], [ 17.055982438707378, 52.484153376186619 ], [ 17.055494285207896, 52.483941092258419 ], [ 17.055446638196777, 52.483838943698117 ], [ 17.056354573672373, 52.483705822217821 ], [ 17.05636045958807, 52.483712664630211 ], [ 17.056503004087222, 52.483881220747989 ], [ 17.056854476321007, 52.484032612520693 ], [ 17.05705395512533, 52.484209748418515 ], [ 17.057144428051235, 52.484196034333536 ], [ 17.057167271995059, 52.484262697186594 ], [ 17.057207167028825, 52.484417154147302 ], [ 17.057257289195892, 52.484596962968524 ], [ 17.05728099109383, 52.484674253097133 ], [ 17.05747125055753, 52.484652823726037 ], [ 17.058263221920949, 52.484563833448895 ], [ 17.059471320785683, 52.484416097912657 ], [ 17.059595336479777, 52.484831867783363 ], [ 17.058413350904939, 52.485008635022474 ], [ 17.058581780492041, 52.485446091638899 ], [ 17.058146883049584, 52.485509197392034 ], [ 17.05813443638111, 52.485507464021786 ], [ 17.058134571726367, 52.485507736071249 ], [ 17.057828769807923, 52.48554327906966 ], [ 17.057767200870163, 52.485552971208577 ], [ 17.0578204101975, 52.485676166686567 ], [ 17.057959178551915, 52.48606780611928 ], [ 17.058069879589663, 52.486049836373006 ], [ 17.058099738654597, 52.486124529123387 ], [ 17.058589887461345, 52.486044791644815 ], [ 17.058629533727437, 52.486144828784163 ], [ 17.05864005222724, 52.486170275255027 ], [ 17.05919678522341, 52.48608740083867 ], [ 17.059205906729321, 52.486060927553957 ], [ 17.059820743420847, 52.485963353633736 ], [ 17.059786194928893, 52.485891372625105 ], [ 17.05919447671954, 52.486002637192001 ], [ 17.059146798339697, 52.485880882262897 ], [ 17.061136848798316, 52.485531355689226 ], [ 17.06120028220101, 52.485670187275296 ], [ 17.061229854893877, 52.485741456699884 ], [ 17.061265998307935, 52.485830822299882 ], [ 17.061312880409584, 52.485917215921269 ], [ 17.061336613071518, 52.48595043389755 ], [ 17.059847482176917, 52.48620942498718 ], [ 17.059781511382166, 52.48610823691331 ], [ 17.059206631551678, 52.486178314313676 ], [ 17.059297708897134, 52.486311574399821 ], [ 17.059124881465792, 52.486341837329384 ], [ 17.05934760183257, 52.486811393570456 ], [ 17.059865794623768, 52.486707196856017 ], [ 17.05998171646058, 52.486962286155482 ], [ 17.060017170084066, 52.48703716009026 ], [ 17.060097771827408, 52.487251195854498 ], [ 17.059559440786856, 52.487364237362527 ], [ 17.059705876357143, 52.487515224488895 ], [ 17.059814611934858, 52.487595527892601 ], [ 17.059859007488249, 52.487641317265364 ], [ 17.059881834532408, 52.487681716062923 ], [ 17.059888984059501, 52.487770336652233 ], [ 17.059881060636858, 52.487859969194929 ], [ 17.059954709667977, 52.488021094797432 ], [ 17.059749821475862, 52.488059916985328 ], [ 17.059610010109648, 52.488086405013547 ], [ 17.059708802432993, 52.488275465614294 ], [ 17.059746715183078, 52.488348041449335 ], [ 17.059851166277404, 52.488549157078587 ], [ 17.059922220600466, 52.488705653055185 ], [ 17.059997810779233, 52.488842795824119 ], [ 17.060112499159228, 52.488968707390093 ], [ 17.060285841572515, 52.489147927193315 ], [ 17.060441505263714, 52.489253463864955 ], [ 17.059905639885372, 52.489654722861125 ], [ 17.06008707072397, 52.489713822652 ], [ 17.060290315200096, 52.48976608449744 ], [ 17.060527097310217, 52.489799558306721 ], [ 17.060825028482331, 52.489809569846322 ], [ 17.061110451727021, 52.489802466441347 ], [ 17.061316777617996, 52.489784711933062 ], [ 17.06153724808398, 52.489760263314963 ], [ 17.061590911817593, 52.489752868077275 ], [ 17.061435961829837, 52.489326160522531 ], [ 17.061762463689963, 52.489276106775094 ], [ 17.061935575343615, 52.489705360027109 ], [ 17.062020368297329, 52.489693707705065 ], [ 17.06203489637889, 52.489691697180469 ], [ 17.062050164598922, 52.489689608838354 ], [ 17.062692936506338, 52.489601111893805 ], [ 17.062782798020898, 52.490094298381969 ], [ 17.062855455518068, 52.490492853508506 ], [ 17.062945958273023, 52.491038576591947 ], [ 17.06305482159113, 52.491599080919656 ], [ 17.063144585337895, 52.491638686338284 ], [ 17.063905065497298, 52.492041036288221 ], [ 17.063941365903101, 52.492059978678526 ], [ 17.064252352414027, 52.491816737817224 ], [ 17.064608571069176, 52.491650687197421 ], [ 17.064912670893754, 52.491926568687255 ], [ 17.064998664598196, 52.491880935676008 ], [ 17.065080406510496, 52.49183145547606 ], [ 17.065169150567478, 52.491766799572694 ], [ 17.06486949255186, 52.491537401621862 ], [ 17.065065831490646, 52.491441856961629 ], [ 17.06480986484717, 52.491227564310343 ], [ 17.065246417550174, 52.491037192540901 ], [ 17.065183275249939, 52.490985252378685 ], [ 17.065041350884734, 52.490868434241676 ], [ 17.064862771107656, 52.490737434956031 ], [ 17.064652782149032, 52.490583525846141 ], [ 17.064310412634867, 52.490290198071968 ], [ 17.065385882123891, 52.490072144438003 ], [ 17.066049199766034, 52.489935126643516 ], [ 17.067365598525267, 52.490331072501327 ], [ 17.067839143893721, 52.490624015746576 ], [ 17.068532545324356, 52.491037831983675 ], [ 17.068668521980022, 52.491134746592664 ], [ 17.06913707993575, 52.490910809911163 ], [ 17.06934909197647, 52.491005472031119 ], [ 17.070305619357555, 52.491262485721634 ], [ 17.070662237763745, 52.491329014083128 ], [ 17.071019886265578, 52.491368665444163 ], [ 17.071535977200945, 52.491393899947624 ], [ 17.071711216374073, 52.491440108995072 ], [ 17.071909154813149, 52.491523204316785 ], [ 17.072124487617291, 52.491656680598872 ], [ 17.072405997018841, 52.491921201359965 ], [ 17.072934135858041, 52.492304595829481 ], [ 17.073384772009355, 52.49255999704851 ], [ 17.073673664914683, 52.492655903475097 ], [ 17.073935325146604, 52.492680401409814 ], [ 17.074140515306677, 52.492665214302825 ], [ 17.074270065047187, 52.492617405607248 ], [ 17.074370229868798, 52.492537278887681 ], [ 17.074567466509066, 52.492248807312421 ], [ 17.074509692729922, 52.492211979950433 ], [ 17.074239941368791, 52.492072585370245 ], [ 17.07422238374652, 52.492066363337173 ], [ 17.07324935932316, 52.49155889382871 ], [ 17.072179077507002, 52.490967893705232 ], [ 17.071609172831543, 52.490600004320633 ], [ 17.070921028176766, 52.490042024673308 ], [ 17.070425193959544, 52.490283502821406 ], [ 17.070281603107127, 52.490185575576994 ], [ 17.06976425815159, 52.490434908642854 ], [ 17.069675111583962, 52.490478694780549 ], [ 17.069501649194862, 52.490348325742779 ], [ 17.069351009976426, 52.490235148168523 ], [ 17.069032616431492, 52.48999592110512 ], [ 17.068810090859106, 52.489828593263745 ], [ 17.068244497508658, 52.489403644367719 ], [ 17.068305436353231, 52.489374778766312 ], [ 17.06863190707136, 52.489227747839159 ], [ 17.069119770665186, 52.488998715130045 ], [ 17.069213560174049, 52.488949788557264 ], [ 17.06918778458969, 52.488929400621323 ], [ 17.069235107184809, 52.488905259099376 ], [ 17.06959538253836, 52.488722980337606 ], [ 17.069888632740774, 52.488937331396293 ], [ 17.0701824511216, 52.489152230625116 ], [ 17.070274968054886, 52.489219847589069 ], [ 17.071237056849853, 52.488763163302963 ], [ 17.071561460452187, 52.488609165109317 ], [ 17.071993640302964, 52.488941891298708 ], [ 17.072347930569588, 52.489192668338418 ], [ 17.072613290307103, 52.489246640745073 ], [ 17.074256376136578, 52.488452410999692 ], [ 17.075010399651855, 52.488086028363412 ], [ 17.076205136308435, 52.489014961556812 ], [ 17.07733375251199, 52.489893519164987 ], [ 17.077417313180195, 52.489852604603527 ], [ 17.077585995429782, 52.489809295904564 ], [ 17.077886019630903, 52.489781522750768 ], [ 17.078335658688207, 52.489786130361679 ], [ 17.077733528026872, 52.489298214021659 ], [ 17.07759563005563, 52.489193169024183 ], [ 17.077170525833257, 52.488869482921004 ], [ 17.075706851631626, 52.487752252798828 ], [ 17.077616787683567, 52.486826415410988 ], [ 17.078751363900007, 52.486279743617153 ], [ 17.079534050529944, 52.485903005033201 ], [ 17.079362692897128, 52.485796748927541 ], [ 17.079359035748695, 52.485794481180534 ], [ 17.078131079108861, 52.485039977032891 ], [ 17.075586777090521, 52.483476335406309 ], [ 17.07320577815938, 52.482012795380278 ], [ 17.071513951287386, 52.480972830942299 ], [ 17.07084788415084, 52.481553249416542 ], [ 17.070257215097051, 52.482036317625258 ], [ 17.069155291600755, 52.482590996447236 ], [ 17.068604886490711, 52.482907511038178 ], [ 17.067400051848225, 52.483516797067779 ], [ 17.065406233484467, 52.484086365642334 ], [ 17.065038709361556, 52.484192601677812 ], [ 17.063599241312605, 52.484560472817677 ], [ 17.061137881238949, 52.485343752748442 ], [ 17.060900492227606, 52.485106910231195 ], [ 17.060597477140501, 52.484710872359422 ], [ 17.06041241033936, 52.484302916796835 ], [ 17.060283324434291, 52.483891741647248 ], [ 17.060200809973924, 52.483604101574926 ], [ 17.060040200678056, 52.483467453094569 ], [ 17.059432856913659, 52.482963885537238 ], [ 17.058835398080234, 52.482510484984552 ], [ 17.058289049804742, 52.482057560632924 ], [ 17.057525036369462, 52.481599979661809 ], [ 17.056711206968412, 52.481079784596645 ], [ 17.055348660145967, 52.480308977133937 ], [ 17.054379229723139, 52.479667302926131 ], [ 17.054323983806217, 52.479630686876213 ], [ 17.05366502490708, 52.479080998330232 ], [ 17.053322983145087, 52.478747168356094 ], [ 17.053220858166576, 52.478461178769209 ], [ 17.053131837088671, 52.478011889102667 ], [ 17.053127762077857, 52.477710514239561 ], [ 17.053179966038794, 52.477288823131062 ], [ 17.053240978627723, 52.476567498172152 ], [ 17.053202071468334, 52.476314388733499 ], [ 17.053114690063087, 52.476051576977696 ], [ 17.052629059719447, 52.475257482731578 ], [ 17.052554498813581, 52.475094717948039 ], [ 17.052374563607692, 52.474503080052592 ], [ 17.05226152407122, 52.474277800795811 ], [ 17.051965348080998, 52.473813675204234 ], [ 17.05164548032559, 52.473329191201657 ], [ 17.051340814805851, 52.472844147261299 ], [ 17.051212257229942, 52.472533615311541 ], [ 17.051070658368317, 52.47228492875864 ], [ 17.05080022230635, 52.471858820185361 ], [ 17.050630460264163, 52.471447681977139 ], [ 17.050485265514045, 52.471000611600552 ], [ 17.050391914119526, 52.470783479888624 ], [ 17.050268139417003, 52.470581586491321 ], [ 17.049848085045593, 52.470085551586614 ], [ 17.049369577189228, 52.469426204204922 ], [ 17.04915398541398, 52.469042819481388 ], [ 17.049122808870202, 52.469005158797366 ], [ 17.048926811132535, 52.468668327446757 ], [ 17.048630698752127, 52.467918085568627 ], [ 17.048305949359566, 52.466863363392676 ], [ 17.048110901264419, 52.466382277823897 ], [ 17.048025214675977, 52.465789399279608 ], [ 17.048009914311105, 52.465712515408441 ], [ 17.047851766119447, 52.465302913343976 ], [ 17.047638556143184, 52.464520398233553 ], [ 17.047435667162301, 52.464323311381328 ], [ 17.047136998264691, 52.464034519680006 ], [ 17.046896679885595, 52.463754965690406 ], [ 17.046743144871161, 52.46353755614259 ], [ 17.046618531425054, 52.463202439151537 ], [ 17.046546789941846, 52.463103306208772 ], [ 17.046437778979186, 52.462937989130417 ], [ 17.046188670221468, 52.462651002986192 ], [ 17.045928382390723, 52.462347192108247 ], [ 17.045621952030078, 52.462014735695362 ], [ 17.045168178100294, 52.461398681066292 ], [ 17.044865590673162, 52.460873448376653 ], [ 17.044831410515599, 52.460814060533679 ], [ 17.0447223269022, 52.460550972524018 ], [ 17.044661680403973, 52.4604043520226 ], [ 17.044538103363372, 52.460199217257198 ], [ 17.044451060805859, 52.460107187651715 ], [ 17.0424415820071, 52.461358341962921 ], [ 17.041295494582521, 52.462089038381123 ], [ 17.039255582819255, 52.464435483239036 ], [ 17.037269590511919, 52.464125422297165 ], [ 17.036956713078403, 52.464074717606593 ], [ 17.036151343366917, 52.463952604151707 ], [ 17.035698524076516, 52.463876546540398 ], [ 17.034037116816879, 52.463632983534524 ], [ 17.03358402313626, 52.463566537119775 ], [ 17.033562855384631, 52.463585522879185 ], [ 17.03349641741606, 52.463629029811486 ], [ 17.033413787557617, 52.46365256989175 ], [ 17.033245932950834, 52.46366866630018 ], [ 17.033058552712557, 52.463680120422943 ], [ 17.032136505927042, 52.463566112290572 ], [ 17.031710897702187, 52.463497597657202 ], [ 17.031543971471017, 52.463905409350708 ], [ 17.031445230797665, 52.464148051117142 ], [ 17.031145098128473, 52.464098982251613 ], [ 17.030533124422757, 52.463995970175858 ], [ 17.030875650145045, 52.463151352138908 ], [ 17.031795850353625, 52.463289983873715 ], [ 17.032066290275285, 52.463327853751096 ], [ 17.032232587326327, 52.463349958924645 ], [ 17.032583368960957, 52.462775033000746 ], [ 17.032655600813541, 52.462651123889671 ], [ 17.032788006358714, 52.462574626447903 ], [ 17.032928120179577, 52.462493669988035 ], [ 17.033540281311371, 52.46263507860985 ], [ 17.03374461486532, 52.462312522649789 ], [ 17.03400343940984, 52.461903807391657 ], [ 17.034618009781052, 52.460933284005947 ], [ 17.035195474744178, 52.460058020281686 ], [ 17.035261639437291, 52.459957663832903 ], [ 17.035302462085507, 52.459894032791972 ], [ 17.035343280611851, 52.459830491611775 ], [ 17.036637411647053, 52.460161390554958 ], [ 17.036936161319922, 52.46023776538091 ], [ 17.036970253529429, 52.460173122616048 ], [ 17.037002742311763, 52.460111421345069 ], [ 17.037258002485189, 52.459626278265333 ], [ 17.037496082497064, 52.459173049129809 ], [ 17.038122884809827, 52.459540794192549 ], [ 17.038513349808149, 52.459769880995374 ], [ 17.038777534861371, 52.459924917641672 ], [ 17.039272684073801, 52.459687134777511 ], [ 17.040200008677598, 52.459143871405374 ], [ 17.039539735712086, 52.458753726328169 ], [ 17.039001269030969, 52.458435843118941 ], [ 17.038834266665493, 52.45833719408904 ], [ 17.037624505793222, 52.457623032415768 ], [ 17.037303226289673, 52.457427920085884 ], [ 17.036964316811293, 52.457222080771857 ], [ 17.036822674078429, 52.457136082091473 ], [ 17.037703571627517, 52.456566883353325 ], [ 17.038603710879144, 52.456001505116667 ], [ 17.038608761008554, 52.455999008510091 ], [ 17.038576287577428, 52.455975866146566 ], [ 17.038458094035985, 52.455888999176011 ], [ 17.038092614311747, 52.455714652036313 ], [ 17.037901215998083, 52.455641770229455 ], [ 17.037900514830014, 52.455641498037764 ], [ 17.036156977411508, 52.456746726974714 ], [ 17.035254382553404, 52.456228680744275 ], [ 17.035768067361538, 52.455941122234613 ], [ 17.034974853484737, 52.455364268944358 ], [ 17.03453595400503, 52.455552870450319 ], [ 17.034570921900588, 52.455577646409218 ], [ 17.034332002577369, 52.455685923927156 ], [ 17.033855954508279, 52.45540620079624 ], [ 17.033838736512731, 52.455396110683914 ], [ 17.033813340884706, 52.455381207541571 ], [ 17.03413148684708, 52.455232874437471 ], [ 17.034574867379419, 52.455026270338571 ], [ 17.034812790635911, 52.454910510508178 ], [ 17.035001806485756, 52.454818491935058 ], [ 17.035206056678206, 52.454718271551897 ], [ 17.035292566509003, 52.454681464627996 ], [ 17.035270771554462, 52.45465359842391 ], [ 17.034958723342534, 52.454546147527971 ], [ 17.034042415560123, 52.454357055703234 ], [ 17.032890165856209, 52.454137048735532 ], [ 17.032586957159193, 52.454079207338083 ], [ 17.031192733227432, 52.453887806625751 ], [ 17.030746709429945, 52.453770828193569 ], [ 17.029220324553922, 52.453308452376028 ], [ 17.029149869661349, 52.453287220681396 ], [ 17.029023080129392, 52.453251648344505 ], [ 17.028810136703409, 52.453190354925155 ], [ 17.028232664562939, 52.453023775305823 ], [ 17.027163826940249, 52.452799976222877 ], [ 17.024690766006547, 52.452386411293027 ], [ 17.024171333609168, 52.45227222884747 ], [ 17.023445428496473, 52.451998630901834 ], [ 17.022177590744406, 52.451374269458839 ], [ 17.021774088124154, 52.45115381357887 ], [ 17.021737879646881, 52.451133959875669 ], [ 17.021718043404832, 52.451120875388071 ], [ 17.021690306856279, 52.451170580369528 ], [ 17.021603891994918, 52.451324916463051 ], [ 17.021482427735368, 52.45154189622172 ], [ 17.021442093200182, 52.451614075444262 ], [ 17.021280193487584, 52.451902153196087 ], [ 17.021114583687012, 52.452194126144434 ], [ 17.021031143164087, 52.452341136243135 ], [ 17.020940187390494, 52.452501422062127 ], [ 17.020919493271293, 52.452539391576529 ], [ 17.021003736960456, 52.45255177472005 ], [ 17.021785050930561, 52.452666395368823 ], [ 17.021654777599593, 52.452909041652077 ], [ 17.021519067714728, 52.453151416936684 ], [ 17.02138744521368, 52.453391252106769 ], [ 17.0212584471574, 52.453634908674012 ], [ 17.021118085584604, 52.453882422372359 ], [ 17.020992838989844, 52.454111300777804 ], [ 17.020213043278588, 52.454004975291497 ], [ 17.020201485719149, 52.45400334267871 ], [ 17.020112368593079, 52.453991237152955 ], [ 17.020071406814594, 52.454060886993595 ], [ 17.020003803962435, 52.454176321610802 ], [ 17.020099743112002, 52.454190610147243 ], [ 17.02083317812134, 52.454299937978703 ], [ 17.021404710206035, 52.454391891340364 ], [ 17.021404633642337, 52.454393598983344 ], [ 17.02130747191207, 52.454580584333108 ], [ 17.020798192027875, 52.454502264636645 ], [ 17.020629782855487, 52.454902301968005 ], [ 17.020625351101501, 52.454912481325159 ], [ 17.020615479907448, 52.45493561141484 ], [ 17.020528757034338, 52.454919318959867 ], [ 17.020458056449367, 52.455034881850438 ], [ 17.020346321281355, 52.455021498419562 ], [ 17.020175862342175, 52.455312849191152 ], [ 17.02043765753778, 52.455351770641244 ], [ 17.022786038332402, 52.455701907415538 ], [ 17.02281942292862, 52.455709301354744 ], [ 17.022752372483268, 52.455868369240441 ], [ 17.022889327320794, 52.455847993604884 ], [ 17.023366777396141, 52.455730145308351 ], [ 17.023747902920487, 52.45563604922058 ], [ 17.023925710531596, 52.455597646971718 ], [ 17.024070798587445, 52.45558631028814 ], [ 17.024214628795828, 52.455599776765695 ], [ 17.024335481116776, 52.455626620467548 ], [ 17.025788190987154, 52.455962627872012 ], [ 17.026038727078131, 52.456016459337661 ], [ 17.02633230944469, 52.45611517094504 ], [ 17.026238438813809, 52.456551537898278 ], [ 17.026376020516665, 52.456576410154327 ], [ 17.026505607810329, 52.456589096422228 ], [ 17.026754503913843, 52.456597387667308 ], [ 17.027153786913662, 52.456620779697239 ], [ 17.027200953501911, 52.456622915795933 ], [ 17.027305158215675, 52.456613861137996 ], [ 17.027382103797148, 52.456598685208846 ], [ 17.027818935845414, 52.456490214983241 ], [ 17.027934861267624, 52.456465974965518 ], [ 17.027960729092271, 52.456391213823885 ], [ 17.028131318514681, 52.455924554951309 ], [ 17.028181309488552, 52.455787685478796 ], [ 17.028927635952702, 52.456344465492506 ], [ 17.029139279915338, 52.456336300723073 ], [ 17.029494076369495, 52.45631729962917 ], [ 17.029866726635376, 52.456297425687453 ], [ 17.030238715887904, 52.456279158539495 ], [ 17.030415257062067, 52.456269057571255 ], [ 17.030549597228458, 52.456208245014324 ], [ 17.03102925447536, 52.45660478790586 ], [ 17.031115510286387, 52.456681408606102 ], [ 17.03232023387465, 52.456121966558044 ], [ 17.033048266009772, 52.455775835768328 ], [ 17.033507016261737, 52.45615295276685 ], [ 17.032874003261661, 52.456454886099706 ], [ 17.032261034225765, 52.456746266522515 ], [ 17.0324897378819, 52.45690036732811 ], [ 17.031461074638976, 52.457522652650681 ], [ 17.031174708704665, 52.457380541594418 ], [ 17.03110274999738, 52.457425844058129 ], [ 17.030598732627645, 52.457743134879777 ], [ 17.03080741340689, 52.457867494006734 ], [ 17.030396034596315, 52.458131281472525 ], [ 17.030093910706313, 52.4579562559477 ], [ 17.030046521836148, 52.457988745447025 ], [ 17.029966482242575, 52.458040208626514 ], [ 17.029912618153464, 52.45807591809028 ], [ 17.029777370719376, 52.457995324104772 ], [ 17.029665644413114, 52.458060650020869 ], [ 17.029265669817022, 52.457821661153332 ], [ 17.029117442664891, 52.457916329297731 ], [ 17.029534300944587, 52.458166303261294 ], [ 17.029553600480412, 52.458152863560933 ], [ 17.029863394305167, 52.458337462296605 ], [ 17.029974976358822, 52.458403990529263 ], [ 17.029744036855277, 52.458547289818647 ], [ 17.02961980147505, 52.458625628914874 ], [ 17.029503742290661, 52.458692321574617 ], [ 17.029276674564411, 52.458841171021909 ], [ 17.029987146624418, 52.459246061630616 ], [ 17.028915191574651, 52.460116836531604 ], [ 17.028462147491364, 52.460445671341844 ], [ 17.028318590762112, 52.460620106062208 ], [ 17.028490580043119, 52.460656252700431 ], [ 17.028315616803553, 52.461220427290833 ], [ 17.028082854935121, 52.46119648863079 ], [ 17.027706742223181, 52.462139386447063 ], [ 17.027526184829906, 52.462630702513117 ], [ 17.026820900487706, 52.462523955846898 ], [ 17.026367918211204, 52.462455504714974 ], [ 17.026054038236119, 52.462407992207083 ], [ 17.025739717528289, 52.462360471502315 ], [ 17.025348462926175, 52.462301321788296 ], [ 17.025391105623441, 52.462023030012951 ], [ 17.025429266632184, 52.461907370664719 ], [ 17.02550302616029, 52.461716843364201 ], [ 17.025609147243408, 52.461480985317181 ], [ 17.025736241587094, 52.461497048540203 ], [ 17.026066126551743, 52.461542130822693 ], [ 17.026083187152402, 52.461509676285075 ], [ 17.026386834946265, 52.461552071110084 ], [ 17.026696929395076, 52.461595202333569 ], [ 17.026683828353079, 52.461631320761406 ], [ 17.027182535474154, 52.461701163213114 ], [ 17.02720679210454, 52.461705345513643 ], [ 17.027440593852088, 52.461119848112922 ], [ 17.026937051905758, 52.461069353762632 ], [ 17.026322394108679, 52.461007738522625 ], [ 17.02659896624483, 52.460262857607411 ], [ 17.026529562951602, 52.460250816199064 ], [ 17.026453720275207, 52.460241185686783 ], [ 17.026205996235419, 52.460209528276458 ], [ 17.026166309552195, 52.460329749518571 ], [ 17.025896299291059, 52.46029924848272 ], [ 17.02563833165382, 52.460891355091526 ], [ 17.025636132623685, 52.460891138488215 ], [ 17.025257708389105, 52.460854868292714 ], [ 17.024957721986844, 52.46082620304977 ], [ 17.024806179098238, 52.460813598149201 ], [ 17.024645609101952, 52.460808577373164 ], [ 17.024499088926699, 52.460818631738626 ], [ 17.024436013775542, 52.460826392396307 ], [ 17.024376149720599, 52.460838074229706 ], [ 17.024326122282687, 52.460718873066462 ], [ 17.024355448420526, 52.460573654974013 ], [ 17.024417592593341, 52.460438699047018 ], [ 17.024441797273489, 52.460381539754962 ], [ 17.024490813092509, 52.460293134945232 ], [ 17.0244725227233, 52.460198478897638 ], [ 17.024476591244653, 52.460107614236435 ], [ 17.024527337609086, 52.46003974538521 ], [ 17.024575197965735, 52.459977134951295 ], [ 17.024602587351595, 52.45992776394931 ], [ 17.024625912886581, 52.459847474514319 ], [ 17.024659342165872, 52.459791458654372 ], [ 17.024702806805394, 52.459761244254466 ], [ 17.024951841054691, 52.459720792235004 ], [ 17.025056562715811, 52.459703653252312 ], [ 17.025098643116308, 52.459704356069089 ], [ 17.025151284500794, 52.459722414413257 ], [ 17.025197645715952, 52.459742616431669 ], [ 17.025297726981776, 52.459444237126938 ], [ 17.025331282944862, 52.45941826424442 ], [ 17.026229254551055, 52.459505301187114 ], [ 17.026475982528638, 52.459516344953194 ], [ 17.02653801186986, 52.459512163496044 ], [ 17.026580703145989, 52.459499204609415 ], [ 17.026610264877576, 52.459467048568655 ], [ 17.026686700296359, 52.459265861934476 ], [ 17.026692753603474, 52.459255619480757 ], [ 17.026891236076654, 52.459275391233589 ], [ 17.026932358235953, 52.459165807003451 ], [ 17.026935368342471, 52.459157762339224 ], [ 17.026936196444776, 52.459155707462585 ], [ 17.026955665826197, 52.459122033785953 ], [ 17.027015737219948, 52.458950884763659 ], [ 17.027222180055841, 52.458423754014035 ], [ 17.027133138819032, 52.458413004279215 ], [ 17.026759805914693, 52.458365400896973 ], [ 17.026539754960048, 52.45833744386205 ], [ 17.026216786716475, 52.458296255793002 ], [ 17.024760911393763, 52.458127855720242 ], [ 17.02521294924302, 52.456995824624407 ], [ 17.02504428055131, 52.457007578374572 ], [ 17.024474796814889, 52.457046544657082 ], [ 17.024165859161528, 52.457060540668678 ], [ 17.023878042141771, 52.457063196220901 ], [ 17.023658188182303, 52.457054035202709 ], [ 17.023353952873332, 52.457041934185277 ], [ 17.022920430129052, 52.457007163634323 ], [ 17.022272110443062, 52.456958369402926 ], [ 17.022251261824465, 52.457005888096241 ], [ 17.022206919486329, 52.457532344166943 ], [ 17.021842285244798, 52.45749848075004 ], [ 17.021708410144818, 52.457499299085221 ], [ 17.021696913599861, 52.457736017472079 ], [ 17.021689317652488, 52.457892301833276 ], [ 17.021681987592544, 52.458042654379753 ], [ 17.023267808997751, 52.458057752934394 ], [ 17.02365695842607, 52.458067675680788 ], [ 17.023627571983287, 52.458118901906623 ], [ 17.023534860764432, 52.458334745216156 ], [ 17.023459958413234, 52.458494851468188 ], [ 17.023160642640871, 52.459240334670412 ], [ 17.020978477711285, 52.459224519915999 ], [ 17.020971168970735, 52.459413728275941 ], [ 17.020970339666128, 52.459744076188194 ], [ 17.020967915265864, 52.460297097012933 ], [ 17.021027736963802, 52.460361868002451 ], [ 17.02108011335983, 52.460395663807112 ], [ 17.021149509258532, 52.46040456028458 ], [ 17.021876281683092, 52.460398821795081 ], [ 17.021954102997437, 52.460416853074193 ], [ 17.021998612789496, 52.460419216608571 ], [ 17.022038623606186, 52.460410261959254 ], [ 17.022084882195518, 52.460380185187184 ], [ 17.022265049897836, 52.459934831421116 ], [ 17.022363044917775, 52.459627605135125 ], [ 17.022366734994495, 52.459545278793058 ], [ 17.022995124660223, 52.459566040303265 ], [ 17.022620520845717, 52.460627583222461 ], [ 17.023877402595158, 52.460831898987763 ], [ 17.024125059879587, 52.46092427184319 ], [ 17.024018668924747, 52.460985184488976 ], [ 17.02395492288969, 52.461034217634214 ], [ 17.023907090045476, 52.461086304920094 ], [ 17.023869474084261, 52.461137123837467 ], [ 17.023838209974926, 52.461200640950807 ], [ 17.023803033565187, 52.461298900710723 ], [ 17.023768634905071, 52.461429103311794 ], [ 17.023681092313996, 52.461736505335303 ], [ 17.023672713009304, 52.461765776731255 ], [ 17.023585686614187, 52.462028755342445 ], [ 17.023952710174349, 52.462086336744655 ], [ 17.024231412185038, 52.462130119086005 ], [ 17.024646982954543, 52.46219534514772 ], [ 17.024448590764543, 52.462656677547926 ], [ 17.024351321687391, 52.462615747280807 ], [ 17.024211018816029, 52.462552601472055 ], [ 17.024065841348509, 52.4625029554675 ], [ 17.023950679080265, 52.462480164233213 ], [ 17.023790273280763, 52.462454907853015 ], [ 17.023673188918021, 52.462442157866469 ], [ 17.023503874998333, 52.462431682789564 ], [ 17.023421224470255, 52.462422746053662 ], [ 17.023405795717416, 52.462484459048817 ], [ 17.023396500088982, 52.462616340343963 ], [ 17.023394318413775, 52.462642027642431 ] ], [ [ 17.033837485874699, 52.476159713117617 ], [ 17.033922491812419, 52.476192426446886 ], [ 17.033892519307969, 52.476184103137484 ], [ 17.033837485874699, 52.476159713117617 ] ], [ [ 17.046463524405045, 52.476042904405205 ], [ 17.047046040869173, 52.477514004358127 ], [ 17.047219267068296, 52.47764710176471 ], [ 17.047610057794799, 52.477587355859491 ], [ 17.047631527705082, 52.477907546525628 ], [ 17.047942796652585, 52.478519437930913 ], [ 17.049109349553945, 52.478312300793533 ], [ 17.049308240296543, 52.478744517993057 ], [ 17.047579334547844, 52.478983119022296 ], [ 17.047301430878704, 52.479021523577906 ], [ 17.047029311362785, 52.479059033627301 ], [ 17.04675377790835, 52.479097116269941 ], [ 17.046477655189992, 52.47913518854012 ], [ 17.046204790347936, 52.479172864274723 ], [ 17.046201380826947, 52.479173347605872 ], [ 17.045945117574487, 52.479208688661821 ], [ 17.045929406702086, 52.479210857536998 ], [ 17.045371226167731, 52.479287888883071 ], [ 17.044705736415185, 52.479379693017052 ], [ 17.044291858446048, 52.479213144403836 ], [ 17.043715438489254, 52.479149163050415 ], [ 17.042638093023054, 52.479343332837885 ], [ 17.041925459379407, 52.479471577420213 ], [ 17.041221268648414, 52.479595370483281 ], [ 17.040519799009992, 52.479720823428785 ], [ 17.039183979440896, 52.479959428241713 ], [ 17.038516365517083, 52.480075267130431 ], [ 17.037821894712867, 52.480201989492322 ], [ 17.036858965864308, 52.480376149019939 ], [ 17.036171620589187, 52.480498123108461 ], [ 17.036089360613332, 52.480512677064354 ], [ 17.036110506010193, 52.480600182780989 ], [ 17.035733164892456, 52.480674505157815 ], [ 17.035263085225427, 52.480767073200063 ], [ 17.034477333626807, 52.480921850818291 ], [ 17.034364147806759, 52.480533035635517 ], [ 17.034250967902995, 52.480144130463579 ], [ 17.035936427391952, 52.479802197463357 ], [ 17.035894583907659, 52.47964032501396 ], [ 17.035835077563696, 52.479362402772757 ], [ 17.035763552429156, 52.479073217904087 ], [ 17.035600004237757, 52.478412749460439 ], [ 17.035530764278697, 52.478141770802964 ], [ 17.035495062719384, 52.477964440055359 ], [ 17.035551250357265, 52.477925379891076 ], [ 17.035609367889744, 52.477870211425362 ], [ 17.03577114084149, 52.478046466394439 ], [ 17.035879193562284, 52.478024875783063 ], [ 17.036588728756673, 52.47788339462425 ], [ 17.037201044594472, 52.477764940128878 ], [ 17.037818878643144, 52.477648193006473 ], [ 17.038415326251684, 52.477531987387927 ], [ 17.039019429601101, 52.477412487892032 ], [ 17.039306320712836, 52.477354104625064 ], [ 17.038696739043623, 52.477095062007137 ], [ 17.038860715234538, 52.477013298217862 ], [ 17.045780341924072, 52.475877005888918 ], [ 17.046463524405045, 52.476042904405205 ] ], [ [ 17.032619484688034, 52.457870494694149 ], [ 17.032191044119983, 52.457586070597372 ], [ 17.033008596129395, 52.457081960450701 ], [ 17.033481254504089, 52.456790491310507 ], [ 17.034483641724929, 52.457408247985512 ], [ 17.035479707405862, 52.457980109830153 ], [ 17.035042911101588, 52.458210212034956 ], [ 17.034642902928148, 52.458420866789673 ], [ 17.034573687347009, 52.458394712143793 ], [ 17.034076664129167, 52.458654480354866 ], [ 17.033854196471513, 52.458766538281012 ], [ 17.033739871916168, 52.458824179643067 ], [ 17.033560931669967, 52.458894507650676 ], [ 17.033503006064471, 52.458915670343153 ], [ 17.033087203474732, 52.458618238179852 ], [ 17.032752103917822, 52.45837341479313 ], [ 17.032703002890539, 52.458335361417127 ], [ 17.032480000636959, 52.458172091834008 ], [ 17.032301412210522, 52.458046347668216 ], [ 17.032619484688034, 52.457870494694149 ] ], [ [ 17.034516293851599, 52.459769078595457 ], [ 17.034982181576641, 52.459894557138107 ], [ 17.034826746555087, 52.460121418919627 ], [ 17.03435478626184, 52.460003304115617 ], [ 17.034516293851599, 52.459769078595457 ] ], [ [ 17.042466571654423, 52.46197990192411 ], [ 17.043442568581352, 52.461378596257816 ], [ 17.04357201320574, 52.461504499520352 ], [ 17.043908166138785, 52.461983160680276 ], [ 17.043906771406515, 52.462014617645686 ], [ 17.043617897834388, 52.462080264077308 ], [ 17.043051428964272, 52.462226132360946 ], [ 17.042872574320455, 52.46231779232459 ], [ 17.042719494289333, 52.462366166360695 ], [ 17.042176960080077, 52.462510088138785 ], [ 17.041720714248296, 52.462677202654618 ], [ 17.04135450115901, 52.462962282888121 ], [ 17.041318529064483, 52.462966543980379 ], [ 17.041064671792668, 52.462870147302858 ], [ 17.041204557203287, 52.462760845306185 ], [ 17.041994514857606, 52.462277802658164 ], [ 17.042367996383298, 52.462051033919138 ], [ 17.042466571654423, 52.46197990192411 ] ], [ [ 17.024347152951446, 52.46124557233103 ], [ 17.024331342745608, 52.461220483842233 ], [ 17.024322516992797, 52.461200548868717 ], [ 17.024325298190401, 52.461168035881819 ], [ 17.024345233795625, 52.461130592798995 ], [ 17.024382645887449, 52.461110620861142 ], [ 17.024419675617725, 52.461099187131779 ], [ 17.024442453477743, 52.461093631427602 ], [ 17.02447067370483, 52.461091494543155 ], [ 17.024518229985016, 52.461094897395185 ], [ 17.024553396171857, 52.461095484885973 ], [ 17.024574360569421, 52.461097544036519 ], [ 17.024599255723114, 52.461103896181392 ], [ 17.024631163511295, 52.461114772688319 ], [ 17.024639051447007, 52.461126057420543 ], [ 17.024638170177177, 52.461145740268663 ], [ 17.024605761209443, 52.461195387193115 ], [ 17.024564644759913, 52.461219164876105 ], [ 17.024519457662645, 52.461254926934259 ], [ 17.024472999325546, 52.461273038861869 ], [ 17.024444097861373, 52.461277233060841 ], [ 17.024406308938406, 52.461272734160538 ], [ 17.024380605578937, 52.461267987450995 ], [ 17.024361986812092, 52.461259581486132 ], [ 17.024347152951446, 52.46124557233103 ] ], [ [ 17.039276453099436, 52.469485496893263 ], [ 17.039280965389999, 52.469516512073639 ], [ 17.039147872941921, 52.469694371061678 ], [ 17.039118890643259, 52.469703604335209 ], [ 17.039078634309103, 52.46970140779387 ], [ 17.03853648860262, 52.469599146029708 ], [ 17.038489131235821, 52.46958441938154 ], [ 17.038480237525953, 52.469565833562015 ], [ 17.038495129082545, 52.469512474574287 ], [ 17.03849461486552, 52.469480986017338 ], [ 17.038464062770899, 52.469465908499807 ], [ 17.03810197513274, 52.469401529049748 ], [ 17.038111774954082, 52.469316965375491 ], [ 17.038762869492704, 52.469376874044563 ], [ 17.039276453099436, 52.469485496893263 ] ], [ [ 17.070717713689248, 52.48377710850059 ], [ 17.070587269279113, 52.483852600853702 ], [ 17.070500442714842, 52.483860538430044 ], [ 17.070354015293692, 52.48383332550312 ], [ 17.070055773522618, 52.48367312898619 ], [ 17.070012307935972, 52.483622771576513 ], [ 17.070010012014368, 52.483557435993106 ], [ 17.07004794842911, 52.483505258888435 ], [ 17.070275238766669, 52.483425141245185 ], [ 17.070376013916803, 52.483448551446671 ], [ 17.070728560242721, 52.483643721109338 ], [ 17.07076092629443, 52.483718811218459 ], [ 17.070717713689248, 52.48377710850059 ] ], [ [ 17.070978396408048, 52.484331087709847 ], [ 17.071005484211206, 52.484291145407234 ], [ 17.071250396159876, 52.484158517154839 ], [ 17.071496932413289, 52.484106593117367 ], [ 17.071653777382373, 52.484124710407819 ], [ 17.071722576796844, 52.484178628199942 ], [ 17.071900560900378, 52.484299534049164 ], [ 17.071981073996174, 52.484419120614028 ], [ 17.072017568749917, 52.484531243928238 ], [ 17.072324062281862, 52.484967962455173 ], [ 17.072316869731939, 52.485132439569156 ], [ 17.072241541659746, 52.485224392026851 ], [ 17.072060983316579, 52.485283509188939 ], [ 17.071888685202186, 52.485268288539061 ], [ 17.071769349542635, 52.485204282946945 ], [ 17.071627817602998, 52.485068411243383 ], [ 17.071537084198923, 52.484815363362209 ], [ 17.071461656719865, 52.48468056923452 ], [ 17.071017534745572, 52.484365904099604 ], [ 17.070978396408048, 52.484331087709847 ] ], [ [ 17.059986305958027, 52.484464480515648 ], [ 17.05999396360933, 52.484457860437047 ], [ 17.060013251629787, 52.4844514311228 ], [ 17.060035587753628, 52.484446041167509 ], [ 17.060060964946299, 52.484445198209087 ], [ 17.060080429611848, 52.484444797924567 ], [ 17.060090843548867, 52.484449196024798 ], [ 17.060096022610391, 52.484458724925418 ], [ 17.060110644846699, 52.484488016158785 ], [ 17.060126223821356, 52.484539089151156 ], [ 17.060125159889104, 52.48456326621627 ], [ 17.060106705496842, 52.484577534213422 ], [ 17.060078763075758, 52.484583102057186 ], [ 17.060055415246314, 52.484584697844795 ], [ 17.060037497873385, 52.48458341459807 ], [ 17.060026005904067, 52.484580078120622 ], [ 17.060020114474867, 52.484569997878118 ], [ 17.060016000685639, 52.484556349095072 ], [ 17.060003077020323, 52.484525286861803 ], [ 17.059991731498798, 52.484488494196292 ], [ 17.059987426995868, 52.484475831650613 ], [ 17.059986305958027, 52.484464480515648 ] ] ] ] } },
{ "type": "Feature", "properties": { "gml_id": "OT_ADJA_A.20", "lokalnyId": "322BD60C-5C60-598B-E053-CC2BA8C05138", "przestrzen": "PL.PZGiK.308.BDOT10k", "wersjaId": "2022-01-20T00:00:00", "czyObiektB": 0, "x_kod": "ADJA05", "x_skrKarto": null, "x_katDoklG": "Dok", "x_doklGeom": 1, "x_doklGe_1": "m", "x_zrodloDa": "PRG", "x_zrodlo_1": "PRG", "x_katIstni": null, "x_rodzajRe": "ZP", "x_aktualno": "2022-01-20", "x_aktual_1": "2022-01-20", "poczatekWe": "2022-01-20T00:00:00", "x_dataUtwo": "2012-11-13", "x_kodKarto": "0010_505", "x_kodKar_1": "0025_505", "x_kodKar_2": "0050_505", "x_kodKar_3": "0100_505", "x_kodKar_4": null, "x_kodKar_5": null, "x_kodKar_6": null, "nazwa": "Czerwonak", "idPRG": 1030210420, "idTerytJed": 3021, "idTerytTer": 3021042, "rodzaj": "GW", "PRG|BT_Ref": 1030210420, "PRG|BT_R_1": "PL.PZGiK.200", "x_informDo": null }, "geometry": { "type": "MultiPolygon", "coordinates": [ [ [ [ 16.984312826639524, 52.539331465061316 ], [ 16.984180813636261, 52.539348567746401 ], [ 16.98403157598548, 52.539349859014109 ], [ 16.983036259748374, 52.539248082257508 ], [ 16.98138862140696, 52.539079496522703 ], [ 16.98129553553019, 52.539069993593451 ], [ 16.980768118247411, 52.539023218956473 ], [ 16.979973866234829, 52.538953718753888 ], [ 16.979930837573637, 52.538968814154373 ], [ 16.979896094933888, 52.539009055099598 ], [ 16.979426390921731, 52.540599499559306 ], [ 16.981082872617474, 52.540878622920211 ], [ 16.98195617511481, 52.541032930413998 ], [ 16.982463559324586, 52.54111821328641 ], [ 16.982975876727057, 52.541198901030171 ], [ 16.983010569360996, 52.54121442285637 ], [ 16.983023288860231, 52.541236225915974 ], [ 16.983001691120815, 52.541289013957716 ], [ 16.982705764799078, 52.541868147791106 ], [ 16.982392058345425, 52.542545285165581 ], [ 16.982333506075619, 52.54266402653613 ], [ 16.985044009574391, 52.543152072535619 ], [ 16.985680814765519, 52.543269315992085 ], [ 16.985124044364344, 52.544409664811454 ], [ 16.985100309055866, 52.544499473194072 ], [ 16.984497687750864, 52.544698327907156 ], [ 16.984360556490032, 52.544722525368101 ], [ 16.983858275026048, 52.544634369823456 ], [ 16.98364434166929, 52.544551035630946 ], [ 16.98357631862676, 52.544490154629948 ], [ 16.983568603049903, 52.544420317566988 ], [ 16.983594070591813, 52.544341062281241 ], [ 16.983835653003307, 52.543940256359662 ], [ 16.983837020656065, 52.543910418682366 ], [ 16.983827479828641, 52.543880395154282 ], [ 16.983795816339413, 52.543859888408392 ], [ 16.983747028052012, 52.543855729283713 ], [ 16.983692485698175, 52.543854799978796 ], [ 16.983256698478115, 52.543980129480154 ], [ 16.980263480777651, 52.545143937511497 ], [ 16.980042728399319, 52.54525736506443 ], [ 16.979942440063599, 52.545301613932679 ], [ 16.980530827754645, 52.545757720337356 ], [ 16.981343115180884, 52.546387894946982 ], [ 16.981894410904644, 52.546816544010056 ], [ 16.982032117353391, 52.547043659048711 ], [ 16.982895408648933, 52.547724582099924 ], [ 16.983855833686722, 52.548459679941018 ], [ 16.98397160754277, 52.550034569001632 ], [ 16.983974898951228, 52.550068983152485 ], [ 16.978451927267113, 52.550572079439249 ], [ 16.978334493418057, 52.550597415992478 ], [ 16.974111215527397, 52.551022579103609 ], [ 16.974051284218731, 52.551035944005392 ], [ 16.974006147685945, 52.551045244900628 ], [ 16.973984306894913, 52.551077340335162 ], [ 16.974149012055449, 52.551966905379665 ], [ 16.974436326180498, 52.55288887927626 ], [ 16.975162909027816, 52.555839830351694 ], [ 16.975216520519151, 52.556027918253541 ], [ 16.975312006915061, 52.55622958429818 ], [ 16.975583252229306, 52.556604248358056 ], [ 16.975653688257186, 52.556670571623513 ], [ 16.975660717499174, 52.556678157094126 ], [ 16.975711657095356, 52.556735242526152 ], [ 16.976174268833233, 52.557158868953636 ], [ 16.976918794132356, 52.557607279971691 ], [ 16.977965104453062, 52.558229394854429 ], [ 16.978862143078288, 52.558757389672991 ], [ 16.979188640191712, 52.558948786129704 ], [ 16.979774723798755, 52.559307318942601 ], [ 16.980324663971214, 52.559630424240829 ], [ 16.981352269831067, 52.560224846591233 ], [ 16.982356171391771, 52.560825061714482 ], [ 16.98236685511862, 52.560810942981895 ], [ 16.98306238183137, 52.561217015441905 ], [ 16.983653494654561, 52.561566979706306 ], [ 16.983957007766879, 52.561742321084616 ], [ 16.984173745415973, 52.561911147004508 ], [ 16.984015197244741, 52.561992452851548 ], [ 16.983876858232517, 52.562067536932759 ], [ 16.984250546866051, 52.562271003853752 ], [ 16.984833841031929, 52.562588591244676 ], [ 16.984972663056357, 52.562483653383033 ], [ 16.98499083223458, 52.562447895786015 ], [ 16.984997042783252, 52.562415442353434 ], [ 16.98499502850008, 52.562394991127228 ], [ 16.984989735993253, 52.562378441558373 ], [ 16.984786322065037, 52.562182257998977 ], [ 16.985856942114001, 52.560416822109403 ], [ 16.987590037968026, 52.560770491157271 ], [ 16.986205715035226, 52.562919813385264 ], [ 16.986952588907581, 52.563111773631427 ], [ 16.987329516133752, 52.563170260367059 ], [ 16.987649766166999, 52.563196572280653 ], [ 16.987712899187436, 52.563236051043191 ], [ 16.987769117642369, 52.563294390062069 ], [ 16.987899797745204, 52.563492955889018 ], [ 16.98812033014547, 52.563585837565469 ], [ 16.988532394920558, 52.563763551670796 ], [ 16.988590409267047, 52.563731079007319 ], [ 16.988636377328426, 52.563710274001821 ], [ 16.988787838069172, 52.563641883211943 ], [ 16.989272437587751, 52.563440730784833 ], [ 16.989432533884024, 52.563386786717629 ], [ 16.989815968949824, 52.563277273766211 ], [ 16.99103682048549, 52.562829042431012 ], [ 16.991152385885862, 52.562783784165028 ], [ 16.991343691597951, 52.562708871010223 ], [ 16.991573799120957, 52.562628701651427 ], [ 16.991952285117065, 52.562493892141021 ], [ 16.99199310164683, 52.562479355352146 ], [ 16.992117628564454, 52.562418627224012 ], [ 16.992143970635389, 52.562404143664999 ], [ 16.992247511276823, 52.562350675485639 ], [ 16.992334029349486, 52.562311219306409 ], [ 16.992433488063138, 52.56227279203987 ], [ 16.993254312480257, 52.562018773456714 ], [ 16.993462681529248, 52.56194171777426 ], [ 16.993655437822376, 52.561870423209498 ], [ 16.993886849247872, 52.561773520361534 ], [ 16.99350669891448, 52.561491493154065 ], [ 16.992344618025584, 52.56034732781324 ], [ 16.992058940243748, 52.560003938545755 ], [ 16.991898027564595, 52.55981763614998 ], [ 16.99187483726627, 52.559708232527925 ], [ 16.991877456479465, 52.55965089372944 ], [ 16.991917937954781, 52.559588530950791 ], [ 16.992167935699168, 52.559472249449676 ], [ 16.992842620975736, 52.559269630215788 ], [ 16.992636557482047, 52.558905376621553 ], [ 16.992296106639998, 52.558220087213776 ], [ 16.992194041133406, 52.55815422686748 ], [ 16.992079570692162, 52.558111181232228 ], [ 16.991997559084314, 52.558100615734311 ], [ 16.991907358244767, 52.558101333920249 ], [ 16.991677038394037, 52.558129445428996 ], [ 16.99125942649006, 52.558232268016667 ], [ 16.988106069731774, 52.558718631292805 ], [ 16.987329119540046, 52.558695168140645 ], [ 16.986754643140845, 52.558600851686293 ], [ 16.986473474134758, 52.558542737974562 ], [ 16.986517075248386, 52.558469431211044 ], [ 16.986850862446243, 52.55790802439985 ], [ 16.987126810276482, 52.557963103726976 ], [ 16.987353167675195, 52.558011924431831 ], [ 16.987356706704166, 52.558011984613685 ], [ 16.987538697358019, 52.558133803306866 ], [ 16.98767405411899, 52.558487779793055 ], [ 16.987680223116627, 52.558507761963313 ], [ 16.98770888566105, 52.558519941809685 ], [ 16.987950055414107, 52.55851927500872 ], [ 16.988332025441508, 52.558457051880886 ], [ 16.99162116908958, 52.557956887282685 ], [ 16.992282880695317, 52.557853707365233 ], [ 16.992357621545551, 52.557861900775613 ], [ 16.992386932008742, 52.557876069206849 ], [ 16.992433545507016, 52.557924979067757 ], [ 16.99252555939935, 52.558130169370401 ], [ 16.993009938204203, 52.559073245211017 ], [ 16.993050321283519, 52.559093807251706 ], [ 16.993104686150829, 52.559095808404578 ], [ 16.99354609791088, 52.55897926181116 ], [ 16.993601152548731, 52.558953212412646 ], [ 16.993633879637613, 52.558911944005565 ], [ 16.993549478441004, 52.558698249225209 ], [ 16.993512175158386, 52.558623144546416 ], [ 16.993503592614651, 52.558575149705085 ], [ 16.993525561772248, 52.55855294661341 ], [ 16.99358287252927, 52.558532421957793 ], [ 16.996214546731132, 52.557824368486195 ], [ 16.996474030467571, 52.557758516372274 ], [ 16.99656705674753, 52.557731399489519 ], [ 16.996602852356737, 52.557710149420238 ], [ 16.996615115797056, 52.557677438107611 ], [ 16.996484830389409, 52.557466476528781 ], [ 16.996464513739038, 52.557436271747349 ], [ 16.996439580909509, 52.557419929880709 ], [ 16.996392533507141, 52.5574225512403 ], [ 16.996292233157334, 52.55744091037046 ], [ 16.996131123177591, 52.557210178859776 ], [ 16.996083138267558, 52.557139481204686 ], [ 16.995993185960916, 52.556998817317663 ], [ 16.995954904769601, 52.556958054831497 ], [ 16.995942104883326, 52.556931305099525 ], [ 16.995947184000411, 52.556923476175349 ], [ 16.995977117782473, 52.556911031332007 ], [ 16.99603427777863, 52.556896978803621 ], [ 16.996131824472069, 52.55687425604301 ], [ 16.99622363665036, 52.556847838421021 ], [ 16.996262020372797, 52.556831309276106 ], [ 16.996272784681835, 52.556821777741717 ], [ 16.996052257085935, 52.556444243561828 ], [ 16.995853039311225, 52.556182016126492 ], [ 16.996012527250148, 52.55621511724717 ], [ 16.996447194405512, 52.556313767843342 ], [ 16.996976304987854, 52.556448103384135 ], [ 16.997317281102248, 52.556549752137911 ], [ 16.997701381751664, 52.556660404176327 ], [ 16.997871248726344, 52.556711936651567 ], [ 16.998167824852025, 52.556829471152902 ], [ 16.99848740652406, 52.556960345645905 ], [ 16.998245944318732, 52.557016253509218 ], [ 16.997716054124471, 52.557164509348709 ], [ 16.997578247460197, 52.55719559301351 ], [ 16.998036222208917, 52.557939208053604 ], [ 16.998289875511663, 52.558335512693134 ], [ 16.998550063918852, 52.558641111364224 ], [ 16.998756292203097, 52.559014146707007 ], [ 16.998884242604056, 52.55897330894414 ], [ 16.999334014045406, 52.558841322193864 ], [ 16.999555332107594, 52.55873533351037 ], [ 17.00033657488585, 52.558343345477113 ], [ 17.000554216575598, 52.55826560628396 ], [ 17.001224905434128, 52.558792861862337 ], [ 17.001313001291141, 52.558747579599277 ], [ 17.00158365027513, 52.558621103885557 ], [ 17.001855577886513, 52.55847944890688 ], [ 17.002158006036812, 52.558355037422594 ], [ 17.002591252107564, 52.558180396641923 ], [ 17.002716213808757, 52.558129169718526 ], [ 17.002804971588926, 52.558091992331995 ], [ 17.002961762980863, 52.558035276128699 ], [ 17.003073995226977, 52.557997865034281 ], [ 17.003123453846225, 52.557984398686678 ], [ 17.003340712457366, 52.557925709116567 ], [ 17.003492968151821, 52.557877395223919 ], [ 17.003575405814246, 52.557839719925525 ], [ 17.003576633041547, 52.557838602336311 ], [ 17.003593501508981, 52.557818110216509 ], [ 17.003413876910919, 52.55770499088802 ], [ 17.002868820331113, 52.557316688243574 ], [ 17.002417315668058, 52.556821581573139 ], [ 17.002133119250551, 52.556558020643386 ], [ 17.002117729981755, 52.556461522630066 ], [ 17.002229262979171, 52.556397207807315 ], [ 17.002680181794663, 52.556320362516615 ], [ 17.002044557766101, 52.555275747524746 ], [ 17.002029895353566, 52.555250945755574 ], [ 17.002028604185806, 52.555243638632902 ], [ 17.002028849222693, 52.555238246231895 ], [ 17.002030355980335, 52.555234314207368 ], [ 17.002035327633887, 52.555228821714223 ], [ 17.002038640994382, 52.555227348629671 ], [ 17.002048892744156, 52.555225812790248 ], [ 17.002055380611285, 52.555225922314229 ], [ 17.001736747309078, 52.554743039254916 ], [ 17.001284749152465, 52.553935010136321 ], [ 17.000907172877319, 52.553236526762532 ], [ 17.000787932893946, 52.553058315534457 ], [ 17.000745360066091, 52.552917196373798 ], [ 17.00072606355187, 52.5525854328572 ], [ 17.000755734508026, 52.552257374681858 ], [ 17.000762609483633, 52.551083832969688 ], [ 17.000761853971028, 52.550181968027935 ], [ 17.000782695750946, 52.549765706994307 ], [ 17.00006359588442, 52.549806982858044 ], [ 16.999449724339332, 52.549837890985323 ], [ 16.999401972886002, 52.549629136933859 ], [ 16.999335128275455, 52.549295220013676 ], [ 16.998428851614612, 52.549358055640077 ], [ 16.99798718947233, 52.549388540715057 ], [ 16.998008225418431, 52.549717276373308 ], [ 16.998030615289487, 52.549912560359665 ], [ 16.997760526356014, 52.549927238846806 ], [ 16.997664125627292, 52.549931633994369 ], [ 16.997484335089503, 52.549939834728626 ], [ 16.996962233430015, 52.549970753737263 ], [ 16.99690405346638, 52.549913465046757 ], [ 16.996696711000524, 52.549483538311783 ], [ 16.996424261366421, 52.549501501643171 ], [ 16.995994788392821, 52.549529937096914 ], [ 16.995576560695941, 52.549557662032569 ], [ 16.995909558538585, 52.550124542466548 ], [ 16.995889847313968, 52.550158836515742 ], [ 16.995834608636677, 52.550173011407075 ], [ 16.994790884455767, 52.550237089294185 ], [ 16.995006850599413, 52.550594042310173 ], [ 16.995163676097409, 52.550827491426212 ], [ 16.995195725804237, 52.550891533723664 ], [ 16.99523765404097, 52.550946029566205 ], [ 16.995311775715976, 52.551064660032161 ], [ 16.995457493224112, 52.551308803595873 ], [ 16.995971065946438, 52.552122665857297 ], [ 16.996035063166666, 52.552223945378941 ], [ 16.994754939289042, 52.552387633829468 ], [ 16.994615426447066, 52.552399847874334 ], [ 16.994265975768606, 52.551856595116355 ], [ 16.994140165094283, 52.551650184287297 ], [ 16.99427266144194, 52.551628891634763 ], [ 16.994133063029771, 52.551409224703001 ], [ 16.993979550574075, 52.551167915437354 ], [ 16.993827563171624, 52.550928790423342 ], [ 16.993679570100991, 52.550695938940194 ], [ 16.993454759861937, 52.550342251298829 ], [ 16.993061725167252, 52.549723977860062 ], [ 16.992670387949833, 52.549114006483954 ], [ 16.992542086399691, 52.549117054500449 ], [ 16.991965890056999, 52.549291458823674 ], [ 16.991719028120794, 52.548991568688194 ], [ 16.992277298043113, 52.548784756756291 ], [ 16.992144825580684, 52.548650711021352 ], [ 16.991911423125668, 52.54842032817578 ], [ 16.991693253262408, 52.548220618331172 ], [ 16.991475702237466, 52.54800740079434 ], [ 16.991283536220497, 52.547845305365477 ], [ 16.991189760662195, 52.547774435026945 ], [ 16.991088832278471, 52.547803240292545 ], [ 16.991077175266728, 52.547822649886953 ], [ 16.991064662789871, 52.54783817742868 ], [ 16.991059238695819, 52.54785679340236 ], [ 16.991057998904274, 52.547883935006126 ], [ 16.991065517371194, 52.547922827874189 ], [ 16.99109761004706, 52.548043895670382 ], [ 16.991209436502839, 52.54827667639681 ], [ 16.99143285678521, 52.548689257383487 ], [ 16.991575725725227, 52.548911141870633 ], [ 16.991640289470439, 52.549015851352458 ], [ 16.991583924185548, 52.54903531175075 ], [ 16.991264383290396, 52.549134581534133 ], [ 16.991222088886971, 52.549156079444622 ], [ 16.991196257371012, 52.549178936094975 ], [ 16.990730424267912, 52.548172126179288 ], [ 16.990698239254876, 52.548043411594698 ], [ 16.990575580379257, 52.547776538080022 ], [ 16.990206876373342, 52.547832834075997 ], [ 16.98991782084688, 52.54736494090789 ], [ 16.98968445423171, 52.547012894095033 ], [ 16.989517388614125, 52.546787012628542 ], [ 16.989076050796815, 52.546134039987251 ], [ 16.988608266374637, 52.545453580475439 ], [ 16.988445824369222, 52.545248052626107 ], [ 16.988159209047126, 52.545337344566114 ], [ 16.98787497872588, 52.545410132672231 ], [ 16.987664050505135, 52.545115761574948 ], [ 16.987100632871233, 52.544374226236179 ], [ 16.986848218830861, 52.544054953327347 ], [ 16.986796351181223, 52.54398913235535 ], [ 16.986483493412823, 52.543578797705962 ], [ 16.986422999990712, 52.543585413528398 ], [ 16.986362273442371, 52.543590676213036 ], [ 16.986191242213661, 52.543594961249731 ], [ 16.986068839666427, 52.543822771698814 ], [ 16.985662600791379, 52.543747590984573 ], [ 16.985901795876039, 52.543285669243303 ], [ 16.986401967588581, 52.543384213658825 ], [ 16.986853735923255, 52.54347023997741 ], [ 16.987146809240699, 52.54353602655447 ], [ 16.987232557570469, 52.543511173297674 ], [ 16.986988843117256, 52.543177972803321 ], [ 16.986698602182841, 52.542797916483913 ], [ 16.986471435133595, 52.542462865459825 ], [ 16.98620182486102, 52.542056123257765 ], [ 16.986045885898982, 52.541843359894848 ], [ 16.986157951310762, 52.541815148452777 ], [ 16.986417233036896, 52.541761637511037 ], [ 16.986956093858154, 52.541642996841013 ], [ 16.987200484515462, 52.54159570675219 ], [ 16.987280858539961, 52.541567212846701 ], [ 16.987331466260766, 52.541531556865131 ], [ 16.987362755726142, 52.541495752188254 ], [ 16.986173079321183, 52.539222537229506 ], [ 16.986048563117393, 52.539197122949886 ], [ 16.984536825335947, 52.539639176861719 ], [ 16.984312826639524, 52.539331465061316 ] ], [ [ 16.99892903174262, 52.556692409869015 ], [ 16.999557624919838, 52.556427632798254 ], [ 16.999662835483875, 52.556392084987927 ], [ 16.999733319081685, 52.556393276236356 ], [ 16.999808128741204, 52.556403175015632 ], [ 17.000089471972768, 52.55653124032078 ], [ 17.000372256934295, 52.556728225101402 ], [ 17.000487969332305, 52.556773262401919 ], [ 17.000600385342736, 52.556783706059761 ], [ 17.000737040192632, 52.556780348178734 ], [ 17.000885612760477, 52.556722596472625 ], [ 17.00097116401064, 52.556703984355543 ], [ 17.001111760852879, 52.556717781659238 ], [ 17.001257476000291, 52.556823496304183 ], [ 17.001381858223105, 52.556986233695739 ], [ 17.001347018228657, 52.557028727708584 ], [ 17.000804998443733, 52.557148640544092 ], [ 17.000149127770669, 52.557289562502227 ], [ 16.999588421330163, 52.557434068069192 ], [ 16.999201789270131, 52.557190714554807 ], [ 16.998939104765103, 52.557041736248266 ], [ 16.998676512762628, 52.556903731869788 ], [ 16.998595216959767, 52.556864491443058 ], [ 16.99892903174262, 52.556692409869015 ] ], [ [ 16.995377580968775, 52.55283521216851 ], [ 16.99550680269795, 52.552816624180316 ], [ 16.995629688303264, 52.552804314654544 ], [ 16.996081703144284, 52.552748199969137 ], [ 16.996234482382501, 52.552724253754583 ], [ 16.996292394546305, 52.552719477934382 ], [ 16.996331302999362, 52.552717258509126 ], [ 16.99635949729802, 52.552717016299823 ], [ 16.996413477693523, 52.55272080832713 ], [ 16.996459103032294, 52.55272661750459 ], [ 16.996495230629574, 52.552733615015967 ], [ 16.99651991915939, 52.552742307660601 ], [ 16.996665457947312, 52.553129904690955 ], [ 16.996484290571868, 52.553171269433712 ], [ 16.995409066744827, 52.553416593601462 ], [ 16.995066917624069, 52.552878518597325 ], [ 16.995377580968775, 52.55283521216851 ] ], [ [ 16.995561093519896, 52.555548824559509 ], [ 16.995568904004561, 52.555574950187371 ], [ 16.995768367455408, 52.555818744129546 ], [ 16.995837595881671, 52.555905721475256 ], [ 16.995865394696143, 52.555933624635045 ], [ 16.995907484285013, 52.555955563753663 ], [ 16.995973444978972, 52.555981504754897 ], [ 16.996017832436024, 52.556014545653731 ], [ 16.996025602262151, 52.556051283758173 ], [ 16.996019720394525, 52.556073489872496 ], [ 16.995856419754809, 52.556026922781243 ], [ 16.995128502950788, 52.555841725015433 ], [ 16.994501032485672, 52.5556447334829 ], [ 16.994638776797544, 52.55566595540207 ], [ 16.994768613055712, 52.555656732589078 ], [ 16.994925122207356, 52.555632131656651 ], [ 16.995103110273298, 52.555599259905058 ], [ 16.995363896728129, 52.555556367660763 ], [ 16.995446633878775, 52.555547695475042 ], [ 16.995561093519896, 52.555548824559509 ] ], [ [ 16.997112782067578, 52.551301121741488 ], [ 16.996940501209135, 52.551316014575605 ], [ 16.996901131061488, 52.551308962309214 ], [ 16.996863906879025, 52.551296909576429 ], [ 16.996850182538456, 52.551277519543781 ], [ 16.996843546394448, 52.551193221113977 ], [ 16.996861222182631, 52.551174452500533 ], [ 16.996893060253967, 52.551162219560545 ], [ 16.997080055536205, 52.551144967497777 ], [ 16.997115702564884, 52.551143052397094 ], [ 16.997144346742353, 52.551158827371808 ], [ 16.997156240370927, 52.551173059670347 ], [ 16.997158314885361, 52.551263576849742 ], [ 16.997140549209465, 52.551287560645633 ], [ 16.997112782067578, 52.551301121741488 ] ] ], [ [ [ 16.992852527480213, 52.543881630311844 ], [ 16.992883888698458, 52.543954116285668 ], [ 16.993089702830506, 52.54387620883071 ], [ 16.993102788111855, 52.5439030537447 ], [ 16.993115778483848, 52.543941679524494 ], [ 16.993111542670043, 52.543969849658041 ], [ 16.99308698886048, 52.543990659699972 ], [ 16.992995647182699, 52.5440331824637 ], [ 16.992953846363864, 52.544047224107004 ], [ 16.992930190092927, 52.54405482778099 ], [ 16.992918040252576, 52.544062446719366 ], [ 16.992916798774061, 52.544073488599935 ], [ 16.992919357454475, 52.544082076540661 ], [ 16.993024174308644, 52.544180722377661 ], [ 16.993038722103648, 52.544198148130761 ], [ 16.993041411193776, 52.544216811847953 ], [ 16.993040722279403, 52.54423191051616 ], [ 16.993014960057778, 52.544256567580213 ], [ 16.992990951444519, 52.544265424487236 ], [ 16.992946923005356, 52.544276550187021 ], [ 16.992906760558547, 52.544280546033924 ], [ 16.992887564371877, 52.544274464131668 ], [ 16.992871951906995, 52.544257739842898 ], [ 16.992850362000606, 52.544226523357466 ], [ 16.992811915691416, 52.544167048822445 ], [ 16.992799236072706, 52.544137782307729 ], [ 16.992788213096226, 52.544133637868917 ], [ 16.992776944049464, 52.54413488580979 ], [ 16.992713575100908, 52.54415602677139 ], [ 16.992639510039073, 52.544182023048805 ], [ 16.992600997186187, 52.544195130973378 ], [ 16.992589306141781, 52.544199159958026 ], [ 16.99251661502193, 52.544195048702264 ], [ 16.992485743528714, 52.54420235000552 ], [ 16.992359197901205, 52.544240407546653 ], [ 16.992242073974065, 52.544282132564071 ], [ 16.991983972497351, 52.5443710237709 ], [ 16.991951527599831, 52.544386932726063 ], [ 16.991902504265198, 52.544429902900625 ], [ 16.991882155192222, 52.544449075137514 ], [ 16.992201485147135, 52.544825506574249 ], [ 16.991643865737505, 52.545057180558082 ], [ 16.991740665122943, 52.545231243220485 ], [ 16.991774713885228, 52.545280390018782 ], [ 16.991926817921197, 52.545483992751244 ], [ 16.99201662222875, 52.545552793606419 ], [ 16.992093908978326, 52.545663115354365 ], [ 16.992165137468856, 52.545751028504746 ], [ 16.992732247634994, 52.545566912752463 ], [ 16.993041730234474, 52.54547403438233 ], [ 16.993812702439804, 52.545228881839989 ], [ 16.994602547660008, 52.544987012250893 ], [ 16.994732885342263, 52.544953153925164 ], [ 16.994743868619995, 52.545077910445997 ], [ 16.994759424605228, 52.545254461401761 ], [ 16.994775679544386, 52.545483640572513 ], [ 16.994803682882981, 52.545879052698005 ], [ 16.99480663001394, 52.545927671596495 ], [ 16.994816462070911, 52.546087396222987 ], [ 16.994180094849469, 52.546159718788701 ], [ 16.99405035611791, 52.546170651334748 ], [ 16.99366949333281, 52.546204669053552 ], [ 16.993137477099953, 52.546263015177132 ], [ 16.992829843865572, 52.546302319434389 ], [ 16.992765530784329, 52.546311751894507 ], [ 16.992805164075442, 52.546403445976075 ], [ 16.99285242536083, 52.546570461381947 ], [ 16.993025897324259, 52.546548489351252 ], [ 16.993032897800806, 52.5465793684209 ], [ 16.99304456506713, 52.546634071463608 ], [ 16.993064010106263, 52.54667028830098 ], [ 16.993084061906412, 52.54669644186049 ], [ 16.993111567490551, 52.546711209175797 ], [ 16.993152567054643, 52.546714782614153 ], [ 16.993250046339224, 52.546709240223784 ], [ 16.993279431968208, 52.546718373000239 ], [ 16.993289587107604, 52.546728618763289 ], [ 16.993278844002322, 52.546757128261724 ], [ 16.993268707571701, 52.546775574482922 ], [ 16.993259995151544, 52.546811313816463 ], [ 16.993243751256433, 52.546856909057837 ], [ 16.993218937312658, 52.546886619028491 ], [ 16.993185065748303, 52.546904662754116 ], [ 16.993151993614781, 52.546908419164318 ], [ 16.993079101113953, 52.546908622114167 ], [ 16.992875637103872, 52.54690562119152 ], [ 16.992893585377821, 52.547145982222268 ], [ 16.992912460188926, 52.547197929353004 ], [ 16.992940466678647, 52.547256687098098 ], [ 16.993393493857745, 52.54724188380122 ], [ 16.993419434883013, 52.547478512714378 ], [ 16.993421180131289, 52.547676325906146 ], [ 16.993438013972956, 52.547769791779935 ], [ 16.993436443520153, 52.547804213136011 ], [ 16.993430811499543, 52.547824174823724 ], [ 16.993378556337007, 52.547837679604747 ], [ 16.993157696043806, 52.547831056353836 ], [ 16.993080659419856, 52.547867076105895 ], [ 16.99306934560369, 52.547911315846001 ], [ 16.993083688711646, 52.548007617693024 ], [ 16.993086638765345, 52.548046432946371 ], [ 16.993118665984891, 52.548065594171248 ], [ 16.993139764199757, 52.548068830114616 ], [ 16.994812800548985, 52.548115807515941 ], [ 16.994976993544459, 52.548109775078188 ], [ 16.994990690662018, 52.548343317952884 ], [ 16.993347806145422, 52.548304679390284 ], [ 16.99326979996804, 52.5483134302469 ], [ 16.993233892438223, 52.548324334008399 ], [ 16.993215436498954, 52.548369891729969 ], [ 16.993210466145815, 52.548478817769968 ], [ 16.993224214268356, 52.548536434220182 ], [ 16.993275112732505, 52.548555915398175 ], [ 16.99334310962988, 52.548562824698926 ], [ 16.993483919986186, 52.548568090366565 ], [ 16.993544647657917, 52.548579103599685 ], [ 16.99359744595192, 52.548608690408244 ], [ 16.993600713448568, 52.548692302389775 ], [ 16.993754977353749, 52.548693748408077 ], [ 16.993775060481152, 52.548693369327061 ], [ 16.994114438297466, 52.548686260332929 ], [ 16.994118705288614, 52.548786798421936 ], [ 16.994112226754503, 52.54887708081904 ], [ 16.994033305543514, 52.548905873850984 ], [ 16.993883769500663, 52.548933379886002 ], [ 16.993679876270203, 52.54896868864148 ], [ 16.99362977639851, 52.549086923145396 ], [ 16.993623754765245, 52.549115422770797 ], [ 16.993596757365896, 52.549137990343191 ], [ 16.99353985261423, 52.549149887352478 ], [ 16.993175540814438, 52.549192458968449 ], [ 16.992741883353254, 52.549225308773728 ], [ 16.992848369577597, 52.549391080029807 ], [ 16.993054008429581, 52.549379007459578 ], [ 16.993374545022021, 52.54937104137786 ], [ 16.993767138778502, 52.549358629612556 ], [ 16.994001444493115, 52.549345602285818 ], [ 16.994098233367257, 52.549339148031017 ], [ 16.994267415231217, 52.549327354844337 ], [ 16.994444275837587, 52.549312183788672 ], [ 16.994781173000238, 52.549288391452585 ], [ 16.995215297120073, 52.5492290989962 ], [ 16.995280027609152, 52.549220301850092 ], [ 16.995442217655938, 52.549238879046342 ], [ 16.995860704625759, 52.549176261320106 ], [ 16.996297496549488, 52.549139315816682 ], [ 16.996787313535435, 52.549097869718096 ], [ 16.996930242773136, 52.549072856528561 ], [ 16.997396936984188, 52.549046666528945 ], [ 16.99779854291522, 52.548985285341118 ], [ 16.997967931078904, 52.548965665375839 ], [ 16.998436202519866, 52.548904780191663 ], [ 16.998452391128286, 52.548681996758475 ], [ 16.999274599471313, 52.548627903315165 ], [ 16.999262038765554, 52.548398067957592 ], [ 16.999272104320049, 52.548280593433311 ], [ 16.999265146599082, 52.548225970695363 ], [ 16.999243512500875, 52.548182612465759 ], [ 16.999192550421441, 52.548164481931259 ], [ 16.999070202100377, 52.548165291522544 ], [ 16.998895325639523, 52.5481823917955 ], [ 16.998816200952945, 52.548163874830131 ], [ 16.998756711604059, 52.548125632690478 ], [ 16.998730250163746, 52.548087859103759 ], [ 16.998713465197934, 52.548041704615827 ], [ 16.998719618332263, 52.548010238874149 ], [ 16.998782497704525, 52.547973976080101 ], [ 16.999573796795293, 52.547749276830082 ], [ 17.000309032871741, 52.547517868718032 ], [ 17.0006745834269, 52.547415124716274 ], [ 17.000677507301184, 52.547337823633079 ], [ 17.000672371249685, 52.547100288872798 ], [ 17.000667660578507, 52.546934535345187 ], [ 17.000645996018601, 52.54684314759897 ], [ 17.000635729121559, 52.546799621893882 ], [ 17.000630715673744, 52.546750878340021 ], [ 17.0006369056835, 52.546695848210234 ], [ 17.000670036901756, 52.546638844793499 ], [ 17.000721051085975, 52.546581154117106 ], [ 17.000778223833102, 52.54652104907116 ], [ 17.000846478088327, 52.545655606761649 ], [ 17.000758591311961, 52.54520351040803 ], [ 17.000659426633771, 52.544616579553498 ], [ 17.000629870551265, 52.544280145122194 ], [ 17.000642904920223, 52.544246546973781 ], [ 17.000776598715301, 52.544184137031763 ], [ 17.000786352344672, 52.544144817068421 ], [ 17.00076716749123, 52.544102759659154 ], [ 17.000691731655376, 52.544019457695128 ], [ 17.000611487846239, 52.544041936728824 ], [ 17.000288318869668, 52.544150883057341 ], [ 16.999866269026469, 52.544293054987222 ], [ 16.999768134844455, 52.544326114116217 ], [ 16.999587854271667, 52.544121775537917 ], [ 17.000143621092679, 52.54386799723251 ], [ 17.000257968777817, 52.543828735923583 ], [ 17.000371172279859, 52.543814639063385 ], [ 17.000594591276396, 52.54376130058693 ], [ 17.000675801108152, 52.543740276967533 ], [ 17.000652369100003, 52.543687804396143 ], [ 17.000580570683443, 52.54353099086272 ], [ 17.000577695220013, 52.543483902366987 ], [ 17.000523740214884, 52.543152002437814 ], [ 17.000365689789273, 52.542935718484266 ], [ 17.000263538524187, 52.542687280091258 ], [ 17.000194070974686, 52.54226184744266 ], [ 17.00032960543578, 52.541993320933706 ], [ 17.000362969234999, 52.541801317827144 ], [ 17.000514985841356, 52.541608261544859 ], [ 17.000674074304669, 52.541580908689582 ], [ 17.000990514933076, 52.541564398569676 ], [ 17.00070326032937, 52.541467804416556 ], [ 17.000689166247763, 52.541463069171648 ], [ 17.000082660055327, 52.541250180165115 ], [ 17.000000076664723, 52.541291776975356 ], [ 16.999892582908071, 52.541345904421554 ], [ 16.999597977047948, 52.541472690452835 ], [ 16.999409718049414, 52.541544609912307 ], [ 16.999089939636772, 52.541666921713151 ], [ 16.9990729761799, 52.541673380572661 ], [ 16.998866470055653, 52.541747509030898 ], [ 16.998751840203877, 52.541789822251602 ], [ 16.998637206044553, 52.54183222523217 ], [ 16.998650476065528, 52.54156648961699 ], [ 16.998470186773645, 52.541288126285274 ], [ 16.998111556143812, 52.540896206407602 ], [ 16.997838741497272, 52.540534429031233 ], [ 16.997581724244188, 52.54028912407837 ], [ 16.997497105846385, 52.540236065143233 ], [ 16.996866052221069, 52.540145065871748 ], [ 16.99598669339607, 52.540035557531851 ], [ 16.995219301244774, 52.539942240442649 ], [ 16.994756126357206, 52.53993861991291 ], [ 16.994238055201031, 52.540000174913374 ], [ 16.993892228212914, 52.540053135147076 ], [ 16.993700412786744, 52.540028296953416 ], [ 16.993250651604452, 52.539937563667053 ], [ 16.992898395274786, 52.539872767010429 ], [ 16.992734472033945, 52.539854156651593 ], [ 16.992569646482178, 52.539858556072353 ], [ 16.992486220707583, 52.539882954342559 ], [ 16.992317863625406, 52.539964734112992 ], [ 16.992025141427469, 52.540140462149914 ], [ 16.990834816491912, 52.540812996330693 ], [ 16.990411238065914, 52.541020946650299 ], [ 16.99034213830819, 52.541090108324674 ], [ 16.99030225947465, 52.541139619068133 ], [ 16.990301217616686, 52.541317417991685 ], [ 16.99027593574003, 52.541560823142731 ], [ 16.990273240196654, 52.541635969414791 ], [ 16.990332655542669, 52.541678711846494 ], [ 16.990406572377427, 52.541668814239564 ], [ 16.991708145493558, 52.541494115961157 ], [ 16.991781909642391, 52.54166850734272 ], [ 16.992169275976405, 52.542583590774861 ], [ 16.99159636591191, 52.54269843935527 ], [ 16.992140364756448, 52.542906713719312 ], [ 16.992491532668993, 52.543047585412474 ], [ 16.992798611801003, 52.543757044790951 ], [ 16.992852527480213, 52.543881630311844 ] ], [ [ 16.994626288486621, 52.54377058186887 ], [ 16.994609599271648, 52.543589784345052 ], [ 16.9946534015357, 52.543573887244804 ], [ 16.995407956845959, 52.543299574773215 ], [ 16.995415808462635, 52.543499560114363 ], [ 16.994671548661685, 52.543755069237065 ], [ 16.994626288486621, 52.54377058186887 ] ], [ [ 16.995884498720727, 52.545396921146462 ], [ 16.996189941264021, 52.545492935384182 ], [ 16.996196198461359, 52.545511029835495 ], [ 16.996185891527041, 52.545523537207032 ], [ 16.995988797218825, 52.545597820123923 ], [ 16.995923036181001, 52.545619641836311 ], [ 16.995732484762282, 52.545696013868223 ], [ 16.995692693932547, 52.545691832192766 ], [ 16.99565939372474, 52.545674718771082 ], [ 16.995649529049789, 52.545658092213202 ], [ 16.995595234610004, 52.545561024065364 ], [ 16.995537586911144, 52.545433948233615 ], [ 16.99555899558165, 52.545401212005721 ], [ 16.995615567475472, 52.545370600374753 ], [ 16.995695992275248, 52.545347498167871 ], [ 16.995739198006138, 52.545344722164295 ], [ 16.995772874787509, 52.545347091371013 ], [ 16.995814082125687, 52.545365507928757 ], [ 16.995884498720727, 52.545396921146462 ] ], [ [ 16.998776741695011, 52.546391701139697 ], [ 16.997816406455787, 52.546703477702337 ], [ 16.997631924399592, 52.546400218357661 ], [ 16.998552610357905, 52.54608750292973 ], [ 16.998776741695011, 52.546391701139697 ] ], [ [ 16.993944844654369, 52.546423490117128 ], [ 16.99306388742237, 52.546543647127649 ], [ 16.993007361568097, 52.54638888676174 ], [ 16.993889371459236, 52.546287635965868 ], [ 16.993944844654369, 52.546423490117128 ] ], [ [ 16.996993204730259, 52.547466920269777 ], [ 16.996977864991855, 52.547495981882939 ], [ 16.99694107898598, 52.547526209522445 ], [ 16.996905586742137, 52.547544226873192 ], [ 16.996905226802518, 52.54756508743381 ], [ 16.996438319800063, 52.547693446440874 ], [ 16.996262525499834, 52.547468402125318 ], [ 16.99612141871043, 52.547272186830277 ], [ 16.995071299957758, 52.547617228760807 ], [ 16.994941592902702, 52.547672684383002 ], [ 16.994876479791223, 52.546864706981388 ], [ 16.994870235983402, 52.546817201488004 ], [ 16.995161901301735, 52.546726893830375 ], [ 16.996273349473693, 52.54634025688464 ], [ 16.996312067953134, 52.546332367909272 ], [ 16.996344148456675, 52.546334170265418 ], [ 16.99636787107988, 52.546344555528954 ], [ 16.996447110953927, 52.546431702238671 ], [ 16.996632775160975, 52.546640813715847 ], [ 16.996637509196262, 52.54665024787473 ], [ 16.996718470368119, 52.546754692486914 ], [ 16.996734613514604, 52.546776012295155 ], [ 16.996840049296132, 52.546770691575752 ], [ 16.996871581518427, 52.546778060939509 ], [ 16.996912233636358, 52.546792510231093 ], [ 16.996952574707652, 52.546813789872189 ], [ 16.99697891108238, 52.546854260037321 ], [ 16.997039786000698, 52.546917080848154 ], [ 16.997072413009658, 52.546974926415388 ], [ 16.997097894438383, 52.547043893846116 ], [ 16.997102498720558, 52.547098297025528 ], [ 16.997112996546996, 52.54717879332366 ], [ 16.9971106472758, 52.547230380542317 ], [ 16.997062617674743, 52.54731312421481 ], [ 16.997051385699145, 52.547352418859731 ], [ 16.996993204730259, 52.547466920269777 ] ] ], [ [ [ 16.976009245441734, 52.565701941583889 ], [ 16.976249062218251, 52.565734733841843 ], [ 16.976413249933699, 52.565771988968294 ], [ 16.976537767484992, 52.565802089833312 ], [ 16.976763012529688, 52.565862873881464 ], [ 16.976983006656063, 52.565922308554171 ], [ 16.977186674203249, 52.566012583902101 ], [ 16.977146144305664, 52.566050381244089 ], [ 16.977226620419213, 52.566036201909583 ], [ 16.978293673677946, 52.566324080103726 ], [ 16.978887302035005, 52.566523080053997 ], [ 16.978887334169844, 52.566523007860518 ], [ 16.97896462760794, 52.566437443222206 ], [ 16.979036845215802, 52.566340279232243 ], [ 16.979269794848001, 52.566034584488648 ], [ 16.979455872195434, 52.565785202633194 ], [ 16.979602742598246, 52.565595592598086 ], [ 16.97970476569494, 52.565530686663564 ], [ 16.97978726534831, 52.565492340218832 ], [ 16.979860998140147, 52.565474530859738 ], [ 16.979957524042756, 52.565471411309744 ], [ 16.980072044681631, 52.565474984688102 ], [ 16.980168573503963, 52.565475013002249 ], [ 16.980249247209198, 52.565476389650513 ], [ 16.980408157616136, 52.565477572178104 ], [ 16.980534878761972, 52.565469390933387 ], [ 16.980658240133057, 52.565450808850265 ], [ 16.98084242532385, 52.565412667427836 ], [ 16.981154109267059, 52.565378319426245 ], [ 16.98133116288426, 52.565382958159105 ], [ 16.98140307462003, 52.565404781408205 ], [ 16.981435609039643, 52.565435556919844 ], [ 16.981425346538959, 52.565543312844156 ], [ 16.981395222776033, 52.565746069043229 ], [ 16.981340814121996, 52.565908746441167 ], [ 16.981285722338139, 52.566031657600945 ], [ 16.98126856948198, 52.566148020406331 ], [ 16.981257914519251, 52.566216104997416 ], [ 16.981257916125337, 52.566216384316036 ], [ 16.981621113376811, 52.566098268319926 ], [ 16.981870030297205, 52.566017491794121 ], [ 16.982469530887119, 52.565846464886604 ], [ 16.982523687453167, 52.565831596431416 ], [ 16.9827113143002, 52.565779569687358 ], [ 16.982865335866713, 52.565736144083147 ], [ 16.983890598230079, 52.565513465805239 ], [ 16.984727507603111, 52.565249076567866 ], [ 16.985517257673255, 52.564950690102229 ], [ 16.985679774724641, 52.56488923709351 ], [ 16.98639700713375, 52.564559390037978 ], [ 16.98667998480196, 52.564449842349106 ], [ 16.986952362265257, 52.564315558800509 ], [ 16.987051863797113, 52.564253841655088 ], [ 16.987049395747693, 52.56424327642231 ], [ 16.987027228105003, 52.564073088190717 ], [ 16.987039597012483, 52.563799783735405 ], [ 16.987024045531719, 52.563630157722592 ], [ 16.987018361888659, 52.563580232972853 ], [ 16.987014840302951, 52.563553999843279 ], [ 16.987009980500623, 52.563502200313266 ], [ 16.98700219783769, 52.563478772870539 ], [ 16.986989438676467, 52.563451213382059 ], [ 16.98697222911418, 52.563430593708816 ], [ 16.986903784588904, 52.563384638300342 ], [ 16.986813823563345, 52.563344432964371 ], [ 16.98670220681867, 52.563309795398801 ], [ 16.986623007634524, 52.563289200531479 ], [ 16.986441988605598, 52.563245647081224 ], [ 16.986194589291493, 52.563181986116042 ], [ 16.985975012543918, 52.56311025353093 ], [ 16.98574650538621, 52.563024067710209 ], [ 16.985566963651365, 52.562945100730374 ], [ 16.985266003095973, 52.562807133176896 ], [ 16.984833841031929, 52.562588591244676 ], [ 16.983876858232517, 52.562067536932759 ], [ 16.983526922679133, 52.56181990022074 ], [ 16.983399765812496, 52.561731658842305 ], [ 16.983094165485099, 52.561543958330603 ], [ 16.982200479080237, 52.56100813879101 ], [ 16.982162365763145, 52.561073236985976 ], [ 16.982130042934223, 52.561118286770245 ], [ 16.98209591739802, 52.561164025351232 ], [ 16.981912188659805, 52.561379093298008 ], [ 16.981733325354011, 52.561616729556128 ], [ 16.981646898870892, 52.561750439344699 ], [ 16.981569374910954, 52.561879893708131 ], [ 16.981665443035723, 52.561886568744796 ], [ 16.982519204569591, 52.561990167631663 ], [ 16.982293135536466, 52.562912181857413 ], [ 16.98222066192325, 52.56320811629292 ], [ 16.981851605060999, 52.563168005754029 ], [ 16.981375200452383, 52.563180388560419 ], [ 16.981054293539394, 52.563158815380767 ], [ 16.98097443093743, 52.563239480636923 ], [ 16.980246490004721, 52.563776249843485 ], [ 16.980035003874022, 52.563796397124939 ], [ 16.980070889478313, 52.563739559043633 ], [ 16.980092478952798, 52.56363178535689 ], [ 16.980047884042111, 52.563516123292651 ], [ 16.979943579581597, 52.563453774563051 ], [ 16.979749434305958, 52.563494132340189 ], [ 16.978712712817686, 52.563608230653003 ], [ 16.977929691521656, 52.563632029997308 ], [ 16.977765940473834, 52.563575161281058 ], [ 16.977633359712041, 52.562964239865991 ], [ 16.977719978689581, 52.562961402615038 ], [ 16.978337450306537, 52.56293039758377 ], [ 16.978550587709645, 52.562926842512326 ], [ 16.978404098499411, 52.562787358082566 ], [ 16.97832549229787, 52.562731510279939 ], [ 16.978257551255108, 52.56267161729992 ], [ 16.977959259861485, 52.562373488902644 ], [ 16.977512413794464, 52.562170229123936 ], [ 16.975799919728065, 52.560405964214326 ], [ 16.975722098384715, 52.560691007797537 ], [ 16.975713407369735, 52.560818847469804 ], [ 16.975629513186874, 52.561211271207355 ], [ 16.97548068904289, 52.561991226180652 ], [ 16.975470874174626, 52.562137035110183 ], [ 16.975426060805681, 52.562372997443042 ], [ 16.975260470864722, 52.563039337632482 ], [ 16.975092385380453, 52.563654007832376 ], [ 16.974963048608316, 52.564077853011234 ], [ 16.974860716621524, 52.564556215566689 ], [ 16.974675804778443, 52.565289141505964 ], [ 16.974614835907122, 52.565577906890738 ], [ 16.974615337226282, 52.565578067088282 ], [ 16.97474066361826, 52.565598484415993 ], [ 16.974874097005465, 52.565614438734933 ], [ 16.97504291166274, 52.565628120051322 ], [ 16.975188280612265, 52.565641310104226 ], [ 16.975358209115143, 52.565656449104161 ], [ 16.975537547749944, 52.565672378406902 ], [ 16.975712394687026, 52.565683283778917 ], [ 16.975853371525524, 52.565689292436304 ], [ 16.976009245441734, 52.565701941583889 ] ] ] ] } },
{ "type": "Feature", "properties": { "gml_id": "OT_ADJA_A.20", "lokalnyId": "322BD60C-5C60-598B-E053-CC2BA8C05138", "przestrzen": "PL.PZGiK.308.BDOT10k", "wersjaId": "2022-01-20T00:00:00", "czyObiektB": 0, "x_kod": "ADJA05", "x_skrKarto": null, "x_katDoklG": "Dok", "x_doklGeom": 1, "x_doklGe_1": "m", "x_zrodloDa": "PRG", "x_zrodlo_1": "PRG", "x_katIstni": null, "x_rodzajRe": "ZP", "x_aktualno": "2022-01-20", "x_aktual_1": "2022-01-20", "poczatekWe": "2022-01-20T00:00:00", "x_dataUtwo": "2012-11-13", "x_kodKarto": "0010_505", "x_kodKar_1": "0025_505", "x_kodKar_2": "0050_505", "x_kodKar_3": "0100_505", "x_kodKar_4": null, "x_kodKar_5": null, "x_kodKar_6": null, "nazwa": "Czerwonak", "idPRG": 1030210420, "idTerytJed": 3021, "idTerytTer": 3021042, "rodzaj": "GW", "PRG|BT_Ref": 1030210420, "PRG|BT_R_1": "PL.PZGiK.200", "x_informDo": null }, "geometry": { "type": "MultiPolygon", "coordinates": [ [ [ [ 16.981440678544605, 52.518572044511387 ], [ 16.981420548835015, 52.520654332762973 ], [ 16.981423265853881, 52.520681901693116 ], [ 16.981484845176663, 52.52130373921598 ], [ 16.981491534555758, 52.521415112884554 ], [ 16.981436082833973, 52.521518230924393 ], [ 16.981273840302155, 52.52158031170034 ], [ 16.981047697421136, 52.521617826716039 ], [ 16.980991568921119, 52.52180961684553 ], [ 16.980761067194148, 52.522932219697736 ], [ 16.98057564772159, 52.523412588797051 ], [ 16.980553455498075, 52.523475260077277 ], [ 16.980678946409814, 52.523491253154518 ], [ 16.980802837094743, 52.523519630925279 ], [ 16.981026070091414, 52.523600431676584 ], [ 16.981228954960919, 52.523690868484863 ], [ 16.981410136757439, 52.52379154793875 ], [ 16.981673264042087, 52.523944622709266 ], [ 16.981932580970447, 52.524116519916248 ], [ 16.982060665529307, 52.524252899476181 ], [ 16.982285541194713, 52.524597168829366 ], [ 16.982447746920851, 52.524861039369306 ], [ 16.982465158395453, 52.524931581737306 ], [ 16.982547701072768, 52.524964559203845 ], [ 16.982699321668264, 52.524970382367037 ], [ 16.983223292881931, 52.524979314871693 ], [ 16.983391101101965, 52.524956901151441 ], [ 16.983107948447621, 52.525939510556888 ], [ 16.982792398477773, 52.527035530634322 ], [ 16.982612658761191, 52.527646236812501 ], [ 16.982867320176318, 52.527682148541722 ], [ 16.98295144345515, 52.527703280153276 ], [ 16.98317795152678, 52.52775499093687 ], [ 16.983791647533643, 52.527921051303558 ], [ 16.985044264768455, 52.528269421900134 ], [ 16.985243782240026, 52.52834063636697 ], [ 16.985339587939521, 52.528390117312092 ], [ 16.985396015001015, 52.528442885189286 ], [ 16.985457465647414, 52.528527668295602 ], [ 16.985486164650126, 52.528615941180206 ], [ 16.985500292339577, 52.528735805752689 ], [ 16.985516123431044, 52.529791465018036 ], [ 16.985497393732725, 52.530087867663667 ], [ 16.985508971217882, 52.530173240669363 ], [ 16.985523000663637, 52.530205049470041 ], [ 16.985551986266795, 52.530225870039246 ], [ 16.985596221298692, 52.530242183245065 ], [ 16.985860293455481, 52.530266196263113 ], [ 16.987042318939562, 52.53016704696163 ], [ 16.987195012146014, 52.53016271893307 ], [ 16.987567407256222, 52.530143239584163 ], [ 16.989464908444752, 52.529997679932663 ], [ 16.989843736669432, 52.529943854647755 ], [ 16.989953327926493, 52.529911268313334 ], [ 16.989996405878273, 52.529894821027547 ], [ 16.990026009475425, 52.529866632157038 ], [ 16.99005585971495, 52.529829812959619 ], [ 16.990086247203966, 52.529784458314339 ], [ 16.990352191234336, 52.529728713837386 ], [ 16.990422631737321, 52.52972991020718 ], [ 16.990497525289353, 52.529736938501273 ], [ 16.990563003548004, 52.52974668502128 ], [ 16.990609097948415, 52.529767525060528 ], [ 16.990640520083879, 52.529799628596535 ], [ 16.990685568220194, 52.529843386250668 ], [ 16.990712406071818, 52.529872533748566 ], [ 16.990739912438162, 52.529890269857141 ], [ 16.990767800774091, 52.529896409824808 ], [ 16.990952432476082, 52.52987085313746 ], [ 16.990994726402398, 52.529871571251824 ], [ 16.991060320178946, 52.529875563116896 ], [ 16.991153551785494, 52.529894415019378 ], [ 16.991218115623315, 52.529924202890804 ], [ 16.991317628724929, 52.530008999422797 ], [ 16.991444907415186, 52.530105869813497 ], [ 16.991486024372936, 52.530132381349539 ], [ 16.991537225008635, 52.530144763132853 ], [ 16.9918053072162, 52.530320114673415 ], [ 16.993047238014974, 52.531183769919515 ], [ 16.993166448433122, 52.531257206370782 ], [ 16.993280547528602, 52.531306901073009 ], [ 16.993354917432818, 52.531370762463773 ], [ 16.993337845371308, 52.531402312670856 ], [ 16.993287316797186, 52.531417195730612 ], [ 16.991598717060743, 52.531796256700147 ], [ 16.991463922208307, 52.531821940875695 ], [ 16.991385068047475, 52.531840209847303 ], [ 16.991250166912312, 52.531861754609636 ], [ 16.990819812421524, 52.531919656429558 ], [ 16.990360529615504, 52.531987678623572 ], [ 16.989932176522196, 52.532030770662544 ], [ 16.989466168313641, 52.532136181292024 ], [ 16.989509069657185, 52.532230180908087 ], [ 16.989529210632575, 52.532260653956129 ], [ 16.989773073612255, 52.53263050449381 ], [ 16.989930998913632, 52.532879900369785 ], [ 16.989987971530571, 52.533075954032483 ], [ 16.989887922769416, 52.53320620050043 ], [ 16.989647880571873, 52.533311133104114 ], [ 16.988314768587028, 52.533867887677516 ], [ 16.988239605434565, 52.533866609806374 ], [ 16.988136930424623, 52.533847685049892 ], [ 16.988065173926145, 52.533771902423943 ], [ 16.987938290190975, 52.53345989204341 ], [ 16.987753285640924, 52.532773990285811 ], [ 16.987720682033245, 52.532664515096329 ], [ 16.987476863468419, 52.532613328330754 ], [ 16.986625717967293, 52.533025627409188 ], [ 16.986042184883321, 52.533368542593223 ], [ 16.985699524276402, 52.533604566156313 ], [ 16.985648706935073, 52.533661084592232 ], [ 16.985598036839821, 52.533717605513445 ], [ 16.985423085499225, 52.533985534783199 ], [ 16.985371388892407, 52.534122447009622 ], [ 16.985314387656349, 52.534078843607411 ], [ 16.985076455491399, 52.534214653341522 ], [ 16.984845230140973, 52.534307044498597 ], [ 16.984675181208367, 52.534358293978663 ], [ 16.984497588265945, 52.53435526913826 ], [ 16.984387283063732, 52.534287192317294 ], [ 16.98406195380965, 52.533848395533923 ], [ 16.983811621350135, 52.533623860344527 ], [ 16.983299014427391, 52.53390537044428 ], [ 16.983108854462035, 52.534006013310908 ], [ 16.982389475028668, 52.534386709648608 ], [ 16.981171427684927, 52.535068927883053 ], [ 16.981072124671424, 52.535137151684722 ], [ 16.981861678697676, 52.536200238308147 ], [ 16.981700668552552, 52.536238938456165 ], [ 16.982245317230376, 52.536987137371987 ], [ 16.983087873671721, 52.537920759002382 ], [ 16.983122965998533, 52.537911172483653 ], [ 16.983455227122505, 52.538347734631827 ], [ 16.983645752401898, 52.538607037540842 ], [ 16.983754691143766, 52.538580717960151 ], [ 16.983859721881394, 52.538551657137127 ], [ 16.984640952045371, 52.538335431135515 ], [ 16.98579318987305, 52.538057249201977 ], [ 16.985850173461493, 52.537985365509435 ], [ 16.985794450398892, 52.537878284570802 ], [ 16.985796058908658, 52.537862482024721 ], [ 16.985807846412889, 52.537843434916368 ], [ 16.985823521507388, 52.537832908598524 ], [ 16.985865108742527, 52.537823452932862 ], [ 16.985901703765954, 52.53781993844639 ], [ 16.985953635753525, 52.537816505104011 ], [ 16.985990957344633, 52.537822896659648 ], [ 16.986034014170968, 52.53783289358261 ], [ 16.986092064978799, 52.537876244609024 ], [ 16.986250971639638, 52.538155702798008 ], [ 16.986749630413513, 52.539185397597478 ], [ 16.987570055586019, 52.540995148954082 ], [ 16.987883206043662, 52.541556949395741 ], [ 16.987980570314836, 52.541698825511446 ], [ 16.988015536027721, 52.541756803438979 ], [ 16.988069164545408, 52.541771206632546 ], [ 16.98816269172417, 52.54178089156445 ], [ 16.988288104028854, 52.541764315555248 ], [ 16.988415936370945, 52.541746431411546 ], [ 16.988609989029996, 52.541712763488256 ], [ 16.988960749234661, 52.541655585165238 ], [ 16.989142025028297, 52.541601282256302 ], [ 16.989145825176923, 52.541598828436648 ], [ 16.989200313261279, 52.541562158291846 ], [ 16.988989053095107, 52.541036451136229 ], [ 16.988813080026834, 52.540665055299108 ], [ 16.988812132461341, 52.540624475046677 ], [ 16.988834774239027, 52.540603543442138 ], [ 16.988877863175432, 52.540587096700463 ], [ 16.989001632363525, 52.540554752064075 ], [ 16.989214856209738, 52.540504949468406 ], [ 16.989619977747431, 52.54041037738746 ], [ 16.989876421888876, 52.540357350387488 ], [ 16.989956801059762, 52.540383539914529 ], [ 16.990022149785286, 52.54062569624891 ], [ 16.990114386996488, 52.540938014785951 ], [ 16.990129076226722, 52.540984584743391 ], [ 16.990278018629819, 52.540921096452024 ], [ 16.990396536652558, 52.540871302244334 ], [ 16.990467052296218, 52.540838951127789 ], [ 16.990510387191961, 52.540817111412302 ], [ 16.990588245572248, 52.540772562770186 ], [ 16.990740026792597, 52.540685647077922 ], [ 16.99214153843992, 52.53989464521451 ], [ 16.992424867150088, 52.539756623385991 ], [ 16.992465726310716, 52.539743735227106 ], [ 16.992506736947536, 52.539730759681355 ], [ 16.992710474841804, 52.539733496292023 ], [ 16.992974558111058, 52.539771524204248 ], [ 16.993023886497671, 52.539724961067648 ], [ 16.993021523167542, 52.539673293914994 ], [ 16.993011423766475, 52.539584259306075 ], [ 16.99292510677671, 52.539313147288361 ], [ 16.992453918391423, 52.537885139855916 ], [ 16.992258606083865, 52.537216340338951 ], [ 16.992165199224896, 52.53693917109414 ], [ 16.992237237504618, 52.536918537340718 ], [ 16.992485987160862, 52.536846126531643 ], [ 16.992598967401118, 52.536813954938211 ], [ 16.992847347939819, 52.536733442273906 ], [ 16.99285169254189, 52.536722273133613 ], [ 16.992901188303101, 52.536694600850339 ], [ 16.993151614290948, 52.536620957891493 ], [ 16.99340052115879, 52.536535326272116 ], [ 16.993436578299537, 52.536530631089448 ], [ 16.993480220761125, 52.536547201045963 ], [ 16.993588706593371, 52.536464764297456 ], [ 16.993672872759834, 52.536388390979567 ], [ 16.99377925411385, 52.536196817923425 ], [ 16.993801750564753, 52.536114272195633 ], [ 16.993801658114261, 52.536074246140934 ], [ 16.993759276486518, 52.535975040362921 ], [ 16.993607099831905, 52.535718552003047 ], [ 16.993603323679583, 52.535662273802167 ], [ 16.993594848065595, 52.535595842336591 ], [ 16.993567935999916, 52.535552033640471 ], [ 16.993554288454259, 52.53551168779321 ], [ 16.993535572479832, 52.535472515198506 ], [ 16.993527663523338, 52.535458350031384 ], [ 16.993507472319642, 52.535448293845306 ], [ 16.99349270188268, 52.535432573243796 ], [ 16.99348951366645, 52.535411922307311 ], [ 16.993479193788648, 52.535389171699919 ], [ 16.993432353297273, 52.535326316962518 ], [ 16.993205145764982, 52.535004246647716 ], [ 16.9930193109554, 52.534748535759384 ], [ 16.992580084330918, 52.534143595793168 ], [ 16.992673256388944, 52.534096067687294 ], [ 16.992861984840339, 52.534029563541708 ], [ 16.993345912628534, 52.533913110586568 ], [ 16.993685032308804, 52.533831526672515 ], [ 16.995032340497328, 52.533524903316582 ], [ 16.995043140519066, 52.533488569583888 ], [ 16.99508774748011, 52.533445073600738 ], [ 16.995129255217069, 52.533411328842362 ], [ 16.995126070626323, 52.533374398383458 ], [ 16.995046401840753, 52.533284275060147 ], [ 16.994938400614231, 52.533162101703482 ], [ 16.994881043852413, 52.53306785920293 ], [ 16.994885565021047, 52.53296863908264 ], [ 16.995039283948106, 52.532867539909269 ], [ 16.995141129391538, 52.532826992496098 ], [ 16.995304233697127, 52.532807989795572 ], [ 16.995557679204058, 52.532806706959519 ], [ 16.995833628103529, 52.532790604421592 ], [ 16.995962667762441, 52.532774711488941 ], [ 16.996134823214906, 52.532783653228691 ], [ 16.996300891784415, 52.532822622441238 ], [ 16.996463354444501, 52.53288248700521 ], [ 16.996664974427478, 52.532934289863086 ], [ 16.996865935649904, 52.532981134374864 ], [ 16.997050799773636, 52.533005760053989 ], [ 16.997098885686345, 52.533012150450539 ], [ 16.997271780821386, 52.533063196211998 ], [ 16.997394552469324, 52.533129942871824 ], [ 16.997556273575331, 52.53320940086158 ], [ 16.997806791464431, 52.533395684010799 ], [ 16.997911569195715, 52.533478675092958 ], [ 16.997984205477042, 52.533541964490965 ], [ 16.997993229852323, 52.53357053905124 ], [ 16.998128500687969, 52.533748395674998 ], [ 16.998165006908426, 52.533840754770786 ], [ 16.998371440078948, 52.533835522523511 ], [ 16.998475182802792, 52.533834309275314 ], [ 16.998748858240852, 52.533835880142398 ], [ 16.998958432011005, 52.533839424421878 ], [ 16.999038416442101, 52.533870907787183 ], [ 16.999092423566903, 52.533931992664499 ], [ 16.999122968792108, 52.533993310386201 ], [ 16.999287338197512, 52.534040611279316 ], [ 16.999642777655211, 52.534170831313453 ], [ 16.999787153094697, 52.534255659338065 ], [ 16.999856362424342, 52.534316551114649 ], [ 17.000000100673557, 52.534324557117806 ], [ 17.00093872802222, 52.534377114714204 ], [ 17.001693436200274, 52.53441657538437 ], [ 17.001911799807466, 52.534427997910804 ], [ 17.003069391576265, 52.534501594682212 ], [ 17.003303661209117, 52.534490797425065 ], [ 17.003613786436638, 52.534407526634013 ], [ 17.004063425573158, 52.534272552928442 ], [ 17.004290924817198, 52.534232138370115 ], [ 17.004444498372941, 52.534224924673453 ], [ 17.004652590578917, 52.534257935013351 ], [ 17.005130732996093, 52.534379054594602 ], [ 17.005310072094172, 52.534418414657857 ], [ 17.005641563763454, 52.534426610529472 ], [ 17.005975097586809, 52.534396254544589 ], [ 17.006388554685099, 52.534323981850648 ], [ 17.006470020399053, 52.534293604653485 ], [ 17.006477788605697, 52.534268641566129 ], [ 17.006502125421331, 52.534245846405014 ], [ 17.006531338820054, 52.534226101497026 ], [ 17.006563709886674, 52.534211536501061 ], [ 17.006651868508328, 52.534179922795154 ], [ 17.006996615096977, 52.534094078422441 ], [ 17.007124271307958, 52.534063129616491 ], [ 17.007199047098066, 52.534050178040339 ], [ 17.007298308443467, 52.534037189053528 ], [ 17.007446348767097, 52.534025111332404 ], [ 17.007515726837042, 52.534020613201548 ], [ 17.007618823462799, 52.534020640247228 ], [ 17.007715183036247, 52.534026130207238 ], [ 17.007886904077719, 52.534035047473893 ], [ 17.007980008223235, 52.534037514308835 ], [ 17.008041457082285, 52.53403549071659 ], [ 17.008077629625163, 52.534031422633831 ], [ 17.008113806230039, 52.534027264665944 ], [ 17.008185670678248, 52.534013453977856 ], [ 17.008250051197802, 52.533998797734633 ], [ 17.008302088289732, 52.533983124211403 ], [ 17.008367514790177, 52.533961649881377 ], [ 17.008614413200199, 52.533863990364551 ], [ 17.008777949855833, 52.533789751689135 ], [ 17.008882923852841, 52.533745017871446 ], [ 17.008996889788456, 52.533706911120014 ], [ 17.009039499995954, 52.533697464574331 ], [ 17.00910207253936, 52.533690152734856 ], [ 17.009182451574866, 52.533690245905326 ], [ 17.009274509176414, 52.533699529746812 ], [ 17.009377259484545, 52.533720236208559 ], [ 17.009490178122434, 52.53375091736131 ], [ 17.009600059826717, 52.53377048439652 ], [ 17.009681809197353, 52.533779414639341 ], [ 17.009766689135102, 52.533784350068927 ], [ 17.009843739579516, 52.533783037666254 ], [ 17.009888132545534, 52.533779826830177 ], [ 17.010005775502062, 52.533771282084047 ], [ 17.010173492860712, 52.53374478131326 ], [ 17.010373739049719, 52.533703447102702 ], [ 17.010546591730588, 52.533671006008333 ], [ 17.010667228429234, 52.533654955773983 ], [ 17.010749680714667, 52.533648337050629 ], [ 17.010808754608952, 52.533646631868777 ], [ 17.010890008630444, 52.533643680544877 ], [ 17.011016215813452, 52.533647960648686 ], [ 17.011152692026673, 52.533656730456237 ], [ 17.011274906073663, 52.533667778793834 ], [ 17.011455469421595, 52.533699684877135 ], [ 17.011597797717137, 52.533735625191561 ], [ 17.011770000321093, 52.533763252943587 ], [ 17.011832765302668, 52.533767995182785 ], [ 17.011918256988046, 52.533765923834927 ], [ 17.011981447136389, 52.533757991254298 ], [ 17.012177932146425, 52.533701930191938 ], [ 17.012289212710922, 52.533661166845519 ], [ 17.0124209471252, 52.533601859051601 ], [ 17.012590095366512, 52.533543629222862 ], [ 17.012705560841344, 52.533517956164147 ], [ 17.012792328731617, 52.533503943277985 ], [ 17.012883048680145, 52.533493864221015 ], [ 17.012945986652102, 52.533491503324498 ], [ 17.013028519281626, 52.533492889242233 ], [ 17.013061799971059, 52.533497315611733 ], [ 17.013095080667419, 52.533501741971953 ], [ 17.013175699789887, 52.53351937523562 ], [ 17.013292478185893, 52.533552815825217 ], [ 17.013464236205227, 52.533593565237943 ], [ 17.013636497624379, 52.533623169989298 ], [ 17.013847213404865, 52.533643886057 ], [ 17.014010456687, 52.533654361040725 ], [ 17.014187885072801, 52.533664264374686 ], [ 17.014337762971035, 52.533686566887326 ], [ 17.014499100211463, 52.533709870973595 ], [ 17.014635208408542, 52.533726815339953 ], [ 17.014874500646879, 52.533738565081634 ], [ 17.015021026869583, 52.533743631497011 ], [ 17.015198147786464, 52.533760363775421 ], [ 17.015421539786903, 52.533781289653547 ], [ 17.015645427948701, 52.533794488383307 ], [ 17.015820493290683, 52.53379139792991 ], [ 17.016213915943148, 52.533783513600753 ], [ 17.016739497775394, 52.533785308319224 ], [ 17.016869346992564, 52.533784066785785 ], [ 17.016900675262196, 52.533779465112005 ], [ 17.016927814534355, 52.533772904436894 ], [ 17.016991921453258, 52.533757699217588 ], [ 17.017094900635055, 52.533727585345375 ], [ 17.017176191116182, 52.53370745132333 ], [ 17.017278939228394, 52.53368246013526 ], [ 17.01738584383147, 52.533660146829881 ], [ 17.01745399366234, 52.533650135816366 ], [ 17.017560278596623, 52.533641573153758 ], [ 17.017636480849184, 52.53363943198601 ], [ 17.017806724070319, 52.533638596313935 ], [ 17.017912966898685, 52.533644063637681 ], [ 17.018127489107108, 52.533642530120765 ], [ 17.018201008495584, 52.533637735326231 ], [ 17.018129583908639, 52.533704085777345 ], [ 17.018033489791286, 52.533771282176033 ], [ 17.017594453589691, 52.533992830970334 ], [ 17.017435455787112, 52.534077950866809 ], [ 17.017146854229495, 52.53421774241707 ], [ 17.016775596111334, 52.53437845366922 ], [ 17.016563372399926, 52.534485975394887 ], [ 17.016100475137605, 52.534762073548215 ], [ 17.015990771228264, 52.534820225781573 ], [ 17.015827786075651, 52.534892235049576 ], [ 17.015749405222547, 52.534978614537216 ], [ 17.015666487130524, 52.535162325474467 ], [ 17.015446090037962, 52.535444376247995 ], [ 17.015440346331783, 52.535453993694588 ], [ 17.01524925306768, 52.535674925044979 ], [ 17.015094244114938, 52.535805439704703 ], [ 17.014945416029107, 52.535916630299909 ], [ 17.014820448267262, 52.535972996389546 ], [ 17.014669536907505, 52.536012647507661 ], [ 17.014648019613894, 52.536015524419767 ], [ 17.014432262661117, 52.53607684266688 ], [ 17.014258950362116, 52.536142200671037 ], [ 17.014051901715707, 52.536245847341966 ], [ 17.013800660735431, 52.536390665043534 ], [ 17.013433523363485, 52.536459424072085 ], [ 17.012914943694248, 52.536530495861314 ], [ 17.012295719829915, 52.536654829643282 ], [ 17.01160631886076, 52.536745691680203 ], [ 17.01120315748847, 52.536798728165756 ], [ 17.010932383325304, 52.536814144191396 ], [ 17.010760930352863, 52.536808833632776 ], [ 17.01060783603122, 52.536756341873925 ], [ 17.010362962750364, 52.536652388728491 ], [ 17.010075839850508, 52.536487912866868 ], [ 17.009906534656089, 52.536435147572831 ], [ 17.009698430127283, 52.536421663888184 ], [ 17.009408482054337, 52.536414268301975 ], [ 17.008770277880572, 52.536413514216747 ], [ 17.008465210642541, 52.536378429448085 ], [ 17.007718100709031, 52.53623219861128 ], [ 17.007145764880523, 52.536135226954976 ], [ 17.00650957552573, 52.536002189175711 ], [ 17.006114345369532, 52.535968097711915 ], [ 17.005632656186091, 52.535947568156843 ], [ 17.005478214469154, 52.535924997832808 ], [ 17.005355348679736, 52.535931471344902 ], [ 17.005286641102678, 52.535927614879085 ], [ 17.005234342406236, 52.535922955677755 ], [ 17.005122289333386, 52.535892644851998 ], [ 17.004993794206374, 52.53582158258331 ], [ 17.004902100620654, 52.535768409627956 ], [ 17.004801752929744, 52.535697911660272 ], [ 17.004689784901583, 52.535678754723939 ], [ 17.004445527899176, 52.535668969384766 ], [ 17.004295454858724, 52.535660682097578 ], [ 17.003223663142705, 52.535642600905206 ], [ 17.002887606415456, 52.535585302585226 ], [ 17.002178287340449, 52.535458562259649 ], [ 17.001362308322687, 52.535215429333583 ], [ 17.001214451947391, 52.535171378417317 ], [ 17.000470113103361, 52.534939163153823 ], [ 17.000000118562504, 52.534794687391717 ], [ 16.999827741347485, 52.534741765661451 ], [ 16.9996812411738, 52.534719861608309 ], [ 16.999465155326646, 52.534687516851953 ], [ 16.999010563935443, 52.534700697097271 ], [ 16.998999993866523, 52.53476122961613 ], [ 16.998992832532775, 52.534801942460142 ], [ 16.998967760178214, 52.535061362671243 ], [ 16.998961112580311, 52.535129696580199 ], [ 16.998949836001053, 52.535325760651283 ], [ 16.998972997084067, 52.53539702709336 ], [ 16.998978427017466, 52.535413848240822 ], [ 16.999052033317366, 52.535572672377334 ], [ 16.999075363176221, 52.535705102615594 ], [ 16.999091027570088, 52.535817975625825 ], [ 16.999129063882755, 52.535954611998889 ], [ 16.999273295260032, 52.536373574874567 ], [ 16.999398404074974, 52.536677897211227 ], [ 16.999541954403156, 52.5369789334515 ], [ 16.999683688043184, 52.537316725290836 ], [ 16.999739911453219, 52.537471927193465 ], [ 16.999769655276349, 52.537554187762908 ], [ 16.999896622427215, 52.538087084918374 ], [ 17.000000062345904, 52.538491865817164 ], [ 17.000023514858881, 52.538621689519204 ], [ 17.000075456812176, 52.538802992130272 ], [ 17.000114923624682, 52.539025097674795 ], [ 17.000241935361807, 52.539596130669779 ], [ 17.000360131096233, 52.540091822536475 ], [ 17.000423813651633, 52.540339431075942 ], [ 17.000458251928514, 52.540490486820154 ], [ 17.000464409167503, 52.540559486825472 ], [ 17.00058421540934, 52.540721249046044 ], [ 17.000697835304209, 52.540879578743628 ], [ 17.000969008761587, 52.540713179242189 ], [ 17.00222484152226, 52.539984896390436 ], [ 17.002325647108698, 52.539931733260509 ], [ 17.002458692274079, 52.539880013691786 ], [ 17.002593462045265, 52.539835788312118 ], [ 17.002806635008554, 52.539786680021116 ], [ 17.007161314502646, 52.538781416105159 ], [ 17.009051831086047, 52.538347067226695 ], [ 17.011735168098866, 52.537729667943914 ], [ 17.011811984226377, 52.537919747678437 ], [ 17.01182203706658, 52.538304420276347 ], [ 17.011753011574097, 52.538372785989786 ], [ 17.011693055109184, 52.538521172881396 ], [ 17.01170592233078, 52.538709728425047 ], [ 17.011723359607419, 52.538911402392664 ], [ 17.011791931680094, 52.539045669246121 ], [ 17.011866420590742, 52.539280770916079 ], [ 17.011890782805747, 52.539450002043701 ], [ 17.011875474925837, 52.539553718234089 ], [ 17.011850292177478, 52.539637661078942 ], [ 17.011814786055599, 52.539718282489886 ], [ 17.011820707661602, 52.539822265408887 ], [ 17.011848290830475, 52.539920226355399 ], [ 17.011847852173481, 52.539929932760394 ], [ 17.011964769099464, 52.540052060009707 ], [ 17.011969636923794, 52.540061855563344 ], [ 17.012072101213409, 52.540151270706055 ], [ 17.012092593216348, 52.540171132440861 ], [ 17.01224223279349, 52.540277529535153 ], [ 17.012366362666974, 52.540357594566316 ], [ 17.012496243308025, 52.540431190258637 ], [ 17.012648816129111, 52.540472697716375 ], [ 17.012760105115589, 52.540484370378294 ], [ 17.012907518005363, 52.540522552923221 ], [ 17.0129339057058, 52.540529471868446 ], [ 17.013022945891269, 52.540563436152858 ], [ 17.013111546552487, 52.54060386883738 ], [ 17.013268397440797, 52.540671530591737 ], [ 17.013320879626825, 52.540688601314123 ], [ 17.013414492380814, 52.540738921625788 ], [ 17.013455919238481, 52.54076561040786 ], [ 17.013591988800361, 52.540816553358383 ], [ 17.013714189588494, 52.540825080414152 ], [ 17.013735561895203, 52.540822201223712 ], [ 17.013768425125818, 52.540803325282624 ], [ 17.013784641005049, 52.54079703166893 ], [ 17.013812343724926, 52.540774831175838 ], [ 17.013818238646827, 52.540761888480844 ], [ 17.013872035831682, 52.540749839715694 ], [ 17.013945890617268, 52.540764030944537 ], [ 17.014077531904537, 52.540798709395432 ], [ 17.014103769845445, 52.540808953429412 ], [ 17.014218025809484, 52.540872571216596 ], [ 17.014405404487167, 52.540969885026051 ], [ 17.01453455480852, 52.541056507817601 ], [ 17.014560505015755, 52.541073132824188 ], [ 17.014692001708074, 52.541111046076793 ], [ 17.014835574539973, 52.541113454671724 ], [ 17.014947893223209, 52.541105625053348 ], [ 17.015044144686275, 52.541097525822138 ], [ 17.015065371056501, 52.541097881866065 ], [ 17.01511269385572, 52.541111627319808 ], [ 17.015245217039087, 52.541126801769806 ], [ 17.015367709547569, 52.54112561823365 ], [ 17.015522480952246, 52.541118500037506 ], [ 17.015783974978348, 52.541106605370921 ], [ 17.016045904063546, 52.541088331518822 ], [ 17.016306810157367, 52.541089467472425 ], [ 17.016471756850219, 52.541092232370815 ], [ 17.016704370231491, 52.541086147539893 ], [ 17.01671376114825, 52.541090532215506 ], [ 17.016684463633339, 52.541131774412193 ], [ 17.016517845221081, 52.541179169582186 ], [ 17.016361861937142, 52.541239334711328 ], [ 17.016624221221218, 52.541237706107204 ], [ 17.016807190041249, 52.541243201031151 ], [ 17.016904414728618, 52.541249507359971 ], [ 17.016957811232658, 52.541256158471455 ], [ 17.017009432337428, 52.541266197614391 ], [ 17.017092034350767, 52.541295823627948 ], [ 17.017143595425374, 52.541317014546884 ], [ 17.017188034006619, 52.541342403330368 ], [ 17.017252705357251, 52.541370559540198 ], [ 17.017291909644044, 52.541384437915383 ], [ 17.017385940219345, 52.541405980513687 ], [ 17.017522239410653, 52.541419236933294 ], [ 17.017630020344122, 52.541433544484114 ], [ 17.017699241528238, 52.541445856885048 ], [ 17.018076962065813, 52.541522788235923 ], [ 17.01814366858445, 52.541404282227305 ], [ 17.018157384287086, 52.541240637147062 ], [ 17.018120298358347, 52.541068406226408 ], [ 17.018152445449108, 52.540924587291642 ], [ 17.018212743275864, 52.540863177187234 ], [ 17.018418397842741, 52.54084314617495 ], [ 17.018577453636222, 52.540865326966383 ], [ 17.018677117492381, 52.540925548091543 ], [ 17.018755336034861, 52.54103613751429 ], [ 17.018843936897269, 52.541057048394975 ], [ 17.01897293720922, 52.541035823015484 ], [ 17.019007906971602, 52.540970120988803 ], [ 17.01897364737027, 52.540875917591727 ], [ 17.019027079464593, 52.540826084635718 ], [ 17.019173663373358, 52.540840230867218 ], [ 17.019571783047915, 52.540952216629485 ], [ 17.019701493355381, 52.540957805127825 ], [ 17.019849919623315, 52.540970362386979 ], [ 17.019864612628158, 52.541010992308294 ], [ 17.019805399029249, 52.54107457999541 ], [ 17.019816031897363, 52.541133310312595 ], [ 17.01989439546805, 52.541158816034461 ], [ 17.019993235633972, 52.541168564658605 ], [ 17.020102374516142, 52.541172369436289 ], [ 17.020202120789801, 52.541161985986975 ], [ 17.020280780732659, 52.541108796962881 ], [ 17.020410577814953, 52.541092799997834 ], [ 17.020529592746403, 52.541096769592151 ], [ 17.020633978391398, 52.541130804899126 ], [ 17.020623260787005, 52.541221467272265 ], [ 17.020557715384449, 52.541353665273739 ], [ 17.020613515451775, 52.541395432399092 ], [ 17.020767875105484, 52.541318775119684 ], [ 17.021168243959298, 52.541105472086372 ], [ 17.021528644156316, 52.54093781972896 ], [ 17.021789244666827, 52.540824352114058 ], [ 17.022007788504975, 52.540730867673247 ], [ 17.022311406633563, 52.540608763961039 ], [ 17.022491481737671, 52.540524349485835 ], [ 17.022064467442348, 52.54039875905066 ], [ 17.021968440305191, 52.540352722514882 ], [ 17.02193746691626, 52.540300128240283 ], [ 17.02197595683695, 52.540247885594553 ], [ 17.022318640619318, 52.540070490809732 ], [ 17.02290970220216, 52.539883933613559 ], [ 17.023076494802648, 52.539832395080232 ], [ 17.023259995837655, 52.539714308365319 ], [ 17.023325229870412, 52.539638047755318 ], [ 17.023444676992362, 52.539573215878477 ], [ 17.024346684723323, 52.539435826614607 ], [ 17.025153261180517, 52.539449289932001 ], [ 17.025755287851602, 52.539520855775706 ], [ 17.028220705868236, 52.539825582046163 ], [ 17.028913798899644, 52.538510122509301 ], [ 17.029408251785036, 52.537446247216629 ], [ 17.029384084945445, 52.537202011604585 ], [ 17.029330945597625, 52.537136997904724 ], [ 17.029086538858056, 52.537100638177975 ], [ 17.028822147581266, 52.537079055327872 ], [ 17.028529532024162, 52.537058620621025 ], [ 17.028340889889098, 52.537061593695128 ], [ 17.027952046443001, 52.537160886163157 ], [ 17.027879724213967, 52.53713557637392 ], [ 17.027887021145947, 52.537097832328826 ], [ 17.028157498211002, 52.536983616065221 ], [ 17.028576644430061, 52.536823577165578 ], [ 17.028272148518912, 52.536768765856742 ], [ 17.028081932599736, 52.5367344762263 ], [ 17.027963263856943, 52.536713161081636 ], [ 17.027844746652228, 52.536691758400451 ], [ 17.027780509005794, 52.536680254493248 ], [ 17.027672191271847, 52.536727467628594 ], [ 17.027559307593346, 52.53672846421928 ], [ 17.027343083803924, 52.536724859873466 ], [ 17.026889883063582, 52.53665416453498 ], [ 17.025863757001098, 52.536459234428946 ], [ 17.024575928860706, 52.536222600786388 ], [ 17.024055502594116, 52.536079088274278 ], [ 17.023985087217536, 52.535994985687353 ], [ 17.023429934744176, 52.535895681729976 ], [ 17.023390864592741, 52.535888733151509 ], [ 17.023331477015169, 52.535877667594903 ], [ 17.022986285055755, 52.535812988655465 ], [ 17.022794721700805, 52.536209311481009 ], [ 17.022490792793693, 52.53615854208018 ], [ 17.022186713177849, 52.536107859316424 ], [ 17.021862726748687, 52.536053784950212 ], [ 17.021534057024592, 52.535998911849326 ], [ 17.021689049250497, 52.535573108103435 ], [ 17.021134586015059, 52.535471826086216 ], [ 17.02107255067088, 52.535460625165591 ], [ 17.020862590559855, 52.535422845663092 ], [ 17.020616198369282, 52.535378520180238 ], [ 17.020342885705475, 52.535329336635009 ], [ 17.019270386291684, 52.535133752929362 ], [ 17.019163014355506, 52.535113967121987 ], [ 17.018841337250148, 52.535054706398036 ], [ 17.018630865418885, 52.535025099089381 ], [ 17.018505305950644, 52.53501616098945 ], [ 17.018456491410841, 52.535012735230396 ], [ 17.018327999082796, 52.535016519639946 ], [ 17.018214127874383, 52.53502315711188 ], [ 17.018685423887337, 52.534747011513495 ], [ 17.019780244150958, 52.534174327084195 ], [ 17.020109133170571, 52.534004353048367 ], [ 17.020112355356083, 52.534004856673683 ], [ 17.020308656847345, 52.533900210245527 ], [ 17.020271598477073, 52.533819091860593 ], [ 17.020234237516284, 52.533767649366581 ], [ 17.020173926919625, 52.533695226086515 ], [ 17.020143210945601, 52.533666560208516 ], [ 17.020103131384644, 52.533636208629957 ], [ 17.020007658772521, 52.533578217288223 ], [ 17.019839559135686, 52.533560923646917 ], [ 17.019740716323728, 52.533545058642147 ], [ 17.019571052167905, 52.533503543946217 ], [ 17.01948909257516, 52.533427160276041 ], [ 17.019466859329114, 52.5333902715576 ], [ 17.019455513754295, 52.533357252705301 ], [ 17.01946024822972, 52.533330709016369 ], [ 17.019476904269855, 52.533304724634384 ], [ 17.019511317943394, 52.533261048996508 ], [ 17.019472453028186, 52.53324960541849 ], [ 17.01864659641836, 52.532962624783174 ], [ 17.018389060934393, 52.532832033102643 ], [ 17.017808378370514, 52.532357664807336 ], [ 17.017473227587374, 52.532070890071509 ], [ 17.017476843339125, 52.531990632100822 ], [ 17.01760547498467, 52.531849329100034 ], [ 17.017967859567122, 52.531321861545443 ], [ 17.018456285873178, 52.530503921128627 ], [ 17.019298414017481, 52.529278165053505 ], [ 17.019301886629989, 52.529273096467087 ], [ 17.019421845408424, 52.529114467349295 ], [ 17.019526042177084, 52.528473662899735 ], [ 17.019548395320086, 52.527888422014229 ], [ 17.019511298386721, 52.527837793106585 ], [ 17.019386893736215, 52.527498876388577 ], [ 17.019431994648983, 52.527440449219917 ], [ 17.019414656445811, 52.527186701249953 ], [ 17.019256834537842, 52.527138188725374 ], [ 17.018966541444652, 52.527110303499676 ], [ 17.018959946192211, 52.527047143431339 ], [ 17.018991190295388, 52.526978770639595 ], [ 17.019092429258659, 52.526819828416151 ], [ 17.019068668654327, 52.526721933019175 ], [ 17.018042148120326, 52.526538349015951 ], [ 17.015270530140224, 52.526050092397618 ], [ 17.014795059703236, 52.52595613075232 ], [ 17.014703374311708, 52.525902965394664 ], [ 17.01468735870116, 52.525839557025463 ], [ 17.014662574666431, 52.525764578825545 ], [ 17.014494446123358, 52.525738822264927 ], [ 17.013309272138155, 52.52552959906599 ], [ 17.00995900033578, 52.524939668118321 ], [ 17.005836173063521, 52.524176075579149 ], [ 17.005392864554427, 52.524095659576545 ], [ 17.00545063889944, 52.524158154309603 ], [ 17.005611654093084, 52.524428537881477 ], [ 17.005826053989242, 52.52483257465412 ], [ 17.006107216998501, 52.525138928776556 ], [ 17.004439648173065, 52.526540321611371 ], [ 17.003918122832417, 52.526311015587169 ], [ 17.004466365061795, 52.525767723638694 ], [ 17.004119122321018, 52.525532690222299 ], [ 17.00316636516002, 52.525178070417397 ], [ 17.002667212111405, 52.524986072247778 ], [ 17.001658258941195, 52.524645242042659 ], [ 17.001641774931024, 52.524664031487688 ], [ 17.001211312166429, 52.524511862583459 ], [ 17.001369597422453, 52.524335190676496 ], [ 17.001513136671704, 52.524174729006774 ], [ 17.00166179027903, 52.524008777097663 ], [ 17.001795845589317, 52.523859037979491 ], [ 17.001927634609888, 52.523723471389978 ], [ 17.001953665609907, 52.523695758914045 ], [ 17.002093497066976, 52.523538921590742 ], [ 17.002242266609841, 52.523383314336662 ], [ 17.002508931208411, 52.523079762826178 ], [ 17.002545629790372, 52.523041167364731 ], [ 17.00266039204406, 52.522907021433305 ], [ 17.002802743090847, 52.522746538170537 ], [ 17.002867341239103, 52.522666256640569 ], [ 17.002171084116192, 52.522502460439021 ], [ 17.002080655684885, 52.522481916498215 ], [ 17.001890351627736, 52.522702891257737 ], [ 17.001674144383298, 52.522937588008645 ], [ 17.001282728516372, 52.523367738370752 ], [ 17.001025573980478, 52.523640237719903 ], [ 17.000806783149528, 52.523876418292751 ], [ 17.000199480426975, 52.524552957918431 ], [ 17.000017293282163, 52.524755757375118 ], [ 16.99980760226024, 52.524989391671866 ], [ 16.999796159261887, 52.525001070665695 ], [ 16.999465255023654, 52.525338427813658 ], [ 16.998357599441089, 52.526467993300578 ], [ 16.997580127381838, 52.527223668599575 ], [ 16.997184768073108, 52.527641506717444 ], [ 16.997087100887036, 52.527720172330191 ], [ 16.996941006543356, 52.527832466117843 ], [ 16.99698682626682, 52.527927411831946 ], [ 16.997075185618616, 52.527952832364321 ], [ 16.997110523686526, 52.527963773970015 ], [ 16.997188510863815, 52.527993515977229 ], [ 16.997256887031327, 52.52802381479566 ], [ 16.997279237072544, 52.528034986223972 ], [ 16.997299609965804, 52.528044235385686 ], [ 16.997315189643242, 52.528055112326733 ], [ 16.997341657895262, 52.528073009208541 ], [ 16.997361396672616, 52.528089712872742 ], [ 16.997374402016575, 52.528108551136533 ], [ 16.997383768346811, 52.528126338437836 ], [ 16.997404933258899, 52.52817976286299 ], [ 16.997012502481983, 52.528361280502054 ], [ 16.996802908968828, 52.528459187651876 ], [ 16.996185543053741, 52.528728815675045 ], [ 16.995695855254475, 52.528914887940374 ], [ 16.995511668143042, 52.528972928850209 ], [ 16.995077460546241, 52.529239178012794 ], [ 16.994815773217656, 52.529357065688139 ], [ 16.994528895993792, 52.529539014796981 ], [ 16.994491569718907, 52.529626705919796 ], [ 16.994403217598091, 52.529730531324653 ], [ 16.993974404428712, 52.529849002063841 ], [ 16.993712055811869, 52.529861553157957 ], [ 16.993444881630818, 52.529857022657133 ], [ 16.992827002401853, 52.529968865060646 ], [ 16.992545532708451, 52.530031996819723 ], [ 16.992440650283211, 52.530009890291602 ], [ 16.992386807223554, 52.529968142722353 ], [ 16.992377300441788, 52.529934072994223 ], [ 16.992412921328594, 52.529887097651695 ], [ 16.9929293540606, 52.529800699372146 ], [ 16.993462437099137, 52.529714581209404 ], [ 16.994113885760346, 52.529477654588632 ], [ 16.994588085992316, 52.529220721248876 ], [ 16.994944295215255, 52.529041565871985 ], [ 16.995016626605871, 52.52898504831203 ], [ 16.995024150653176, 52.528952616533267 ], [ 16.994971317827865, 52.5288789575851 ], [ 16.994905062183843, 52.528860385939318 ], [ 16.994520595052702, 52.528960632165656 ], [ 16.994273273156679, 52.529028664011996 ], [ 16.993380701676006, 52.529223636644026 ], [ 16.993245844951161, 52.529192657804828 ], [ 16.993101912871367, 52.528943503600786 ], [ 16.992776171966582, 52.528270153002651 ], [ 16.992637923125073, 52.528080816585643 ], [ 16.992550193146926, 52.528044880093496 ], [ 16.992389537010375, 52.528062301463244 ], [ 16.992299191604115, 52.528083703910646 ], [ 16.99222823295997, 52.528093922583324 ], [ 16.99215802098912, 52.528081308413327 ], [ 16.991774910610392, 52.527925591521971 ], [ 16.991362853842634, 52.527783772821586 ], [ 16.991269962016368, 52.527767265329189 ], [ 16.991146941268397, 52.527774350913091 ], [ 16.991077962329726, 52.527760587773308 ], [ 16.990977198325165, 52.527713006060715 ], [ 16.990158421712092, 52.526579672254762 ], [ 16.990160262059376, 52.526558746832379 ], [ 16.990180284832746, 52.52653363312259 ], [ 16.990223362699918, 52.526523571710307 ], [ 16.990510652503858, 52.526510192875058 ], [ 16.990869016821478, 52.526490465051431 ], [ 16.991563089751786, 52.526533818697914 ], [ 16.99291853135076, 52.526619869033212 ], [ 16.993120686059406, 52.526620419883315 ], [ 16.993163890734639, 52.526601095446118 ], [ 16.993175017933808, 52.526564047854436 ], [ 16.993172003169349, 52.526526670456683 ], [ 16.993046689628233, 52.526386842497836 ], [ 16.992871255610464, 52.52618518295332 ], [ 16.992855187775948, 52.526152710854959 ], [ 16.992703211711799, 52.525976722908752 ], [ 16.992405511326741, 52.525594451792969 ], [ 16.992011506236253, 52.525105852045229 ], [ 16.991875177619914, 52.524916727028874 ], [ 16.991593425675088, 52.524579515931279 ], [ 16.991412448043604, 52.524367146712279 ], [ 16.991381377413759, 52.524330642099407 ], [ 16.991249655157958, 52.524176402393294 ], [ 16.991143866606397, 52.524151850752389 ], [ 16.991009122529157, 52.524147853992716 ], [ 16.99065657622539, 52.524137460114602 ], [ 16.989231145115614, 52.524077806287167 ], [ 16.988695445093562, 52.524035332135831 ], [ 16.988552368265545, 52.524058803392869 ], [ 16.988472058045531, 52.524047904099234 ], [ 16.988413363019717, 52.524009310061565 ], [ 16.988178322924252, 52.523673514332152 ], [ 16.987390342174404, 52.522495441996625 ], [ 16.987189222074665, 52.522205012700738 ], [ 16.98688056706559, 52.521767225663069 ], [ 16.986595955068168, 52.521368072665467 ], [ 16.986453303726488, 52.52118575906087 ], [ 16.986323960726789, 52.521134808638038 ], [ 16.986235591937, 52.521113247295141 ], [ 16.985533229647043, 52.521046785109682 ], [ 16.984839266163227, 52.520986937685585 ], [ 16.984851559932952, 52.52055730947378 ], [ 16.984745334005687, 52.520565124042399 ], [ 16.984625310312406, 52.520358998891766 ], [ 16.985042924031692, 52.51899861836565 ], [ 16.984453653188151, 52.518910330552124 ], [ 16.98433387984792, 52.518856662724119 ], [ 16.984337295037516, 52.518782068189815 ], [ 16.984390444707266, 52.518645270904464 ], [ 16.984392543124159, 52.518599435705596 ], [ 16.983607008568676, 52.518299221848181 ], [ 16.981490846156756, 52.517683633158015 ], [ 16.981378402929025, 52.517676048259723 ], [ 16.981300902443369, 52.517726353235574 ], [ 16.981267098484, 52.517846210237863 ], [ 16.981314849666337, 52.51803635522031 ], [ 16.981336416258802, 52.51818018242848 ], [ 16.981440678544605, 52.518572044511387 ] ], [ [ 17.008164846474372, 52.526930128476977 ], [ 17.008236116155334, 52.526994377975846 ], [ 17.008415734819245, 52.527157319375185 ], [ 17.008210995016334, 52.527132376731835 ], [ 17.007991510261647, 52.527045484877632 ], [ 17.007935392042562, 52.526988595787451 ], [ 17.007854893018326, 52.526896938106496 ], [ 17.007842021654895, 52.526816402657822 ], [ 17.007851215803637, 52.52671753066339 ], [ 17.007869207646959, 52.52668167666576 ], [ 17.008076977597099, 52.5268611923007 ], [ 17.008164846474372, 52.526930128476977 ] ] ] ] } },
{ "type": "Feature", "properties": { "gml_id": null, "lokalnyId": null, "przestrzen": null, "wersjaId": null, "czyObiektB": null, "x_kod": null, "x_skrKarto": null, "x_katDoklG": null, "x_doklGeom": null, "x_doklGe_1": null, "x_zrodloDa": null, "x_zrodlo_1": null, "x_katIstni": null, "x_rodzajRe": null, "x_aktualno": null, "x_aktual_1": null, "poczatekWe": null, "x_dataUtwo": null, "x_kodKarto": null, "x_kodKar_1": null, "x_kodKar_2": null, "x_kodKar_3": null, "x_kodKar_4": null, "x_kodKar_5": null, "x_kodKar_6": null, "nazwa": null, "idPRG": null, "idTerytJed": null, "idTerytTer": null, "rodzaj": null, "PRG|BT_Ref": null, "PRG|BT_R_1": null, "x_informDo": null }, "geometry": { "type": "MultiPolygon", "coordinates": [ ] } }
]
}
