{
"type": "FeatureCollection",
"name": "zabudowa_1933",
"crs": { "type": "name", "properties": { "name": "urn:ogc:def:crs:OGC:1.3:CRS84" } },
"features": [
{ "type": "Feature", "properties": { "id": null }, "geometry": { "type": "MultiPolygon", "coordinates": [ [ [ [ 16.98918164191652, 52.465914900268032 ], [ 16.988725284851746, 52.464999143492058 ], [ 16.988443212306926, 52.464994630439683 ], [ 16.988180425830976, 52.464970655246837 ], [ 16.987948514696605, 52.464902749090236 ], [ 16.988550840431298, 52.466063829953988 ], [ 16.98918164191652, 52.465914900268032 ] ] ], [ [ [ 16.98809005115092, 52.464611344470249 ], [ 16.988191512624972, 52.464605345311682 ], [ 16.98828174353773, 52.464568253473587 ], [ 16.988279877546994, 52.464516719171215 ], [ 16.988197614814151, 52.464471542478186 ], [ 16.988087845245502, 52.464474825157787 ], [ 16.988036586541732, 52.464489403795369 ], [ 16.988022187504917, 52.46452778572182 ], [ 16.988049213171642, 52.464582323237209 ], [ 16.98809005115092, 52.464611344470249 ] ] ] ] } },
{ "type": "Feature", "properties": { "id": null }, "geometry": { "type": "MultiPolygon", "coordinates": [ [ [ [ 16.98430428980792, 52.462435266232845 ], [ 16.984446893221083, 52.462082329042936 ], [ 16.983720714657881, 52.461920591319497 ], [ 16.983709467003482, 52.461982202667521 ], [ 16.983784588771869, 52.461998934368665 ], [ 16.983643156427839, 52.462326139462014 ], [ 16.98381703079145, 52.462396057639211 ], [ 16.98430428980792, 52.462435266232845 ] ] ] ] } },
{ "type": "Feature", "properties": { "id": null }, "geometry": { "type": "MultiPolygon", "coordinates": [ [ [ [ 16.98495323110016, 52.461196100833327 ], [ 16.985244964090299, 52.461131543411454 ], [ 16.985155067368812, 52.460976791393357 ], [ 16.984846778934898, 52.461034628624468 ], [ 16.984795640759124, 52.461046632766951 ], [ 16.984674290329973, 52.461072891029055 ], [ 16.984518710402806, 52.461110153824976 ], [ 16.984378746067982, 52.461174721474997 ], [ 16.984301969736055, 52.461240366121082 ], [ 16.98446793511398, 52.4613449128166 ], [ 16.98449034982087, 52.461315680875522 ], [ 16.984592401384937, 52.461250466906961 ], [ 16.984678709604061, 52.461206873142089 ], [ 16.98495323110016, 52.461196100833327 ] ] ] ] } },
{ "type": "Feature", "properties": { "id": null }, "geometry": { "type": "MultiPolygon", "coordinates": [ [ [ [ 16.984236640580523, 52.458656395791337 ], [ 16.984570941417132, 52.458628617634034 ], [ 16.984757439832403, 52.458698749730864 ], [ 16.985524482521292, 52.459718696325126 ], [ 16.986010907562406, 52.459683205097114 ], [ 16.986340885363063, 52.45965792338977 ], [ 16.986498858437084, 52.459614261158478 ], [ 16.9863288813293, 52.459366729207964 ], [ 16.985636455528439, 52.458466515089604 ], [ 16.985286129763253, 52.458475997284914 ], [ 16.984859394893093, 52.458497051934181 ], [ 16.984606774429864, 52.458490171284694 ], [ 16.98461310232188, 52.458443926769817 ], [ 16.984632889790422, 52.458379885742019 ], [ 16.984524075516056, 52.458362580239147 ], [ 16.984422980638573, 52.458360857011989 ], [ 16.98428806993314, 52.458361132369369 ], [ 16.98427145589385, 52.458355698881391 ], [ 16.984065567573609, 52.45834359185141 ], [ 16.984004395788521, 52.458652570615094 ], [ 16.984236640580523, 52.458656395791337 ] ] ] ] } },
{ "type": "Feature", "properties": { "id": null }, "geometry": { "type": "MultiPolygon", "coordinates": [ [ [ [ 16.983828172615802, 52.459661458462548 ], [ 16.983877077354901, 52.459659529605361 ], [ 16.983886259326862, 52.459412264702799 ], [ 16.983856427691407, 52.459412152469504 ], [ 16.983469593948499, 52.459390105260105 ], [ 16.98345891333636, 52.459531555360584 ], [ 16.983584088123724, 52.459652146087606 ], [ 16.983828172615802, 52.459661458462548 ] ] ] ] } },
{ "type": "Feature", "properties": { "id": null }, "geometry": { "type": "MultiPolygon", "coordinates": [ [ [ [ 16.983887678075416, 52.459374058331747 ], [ 16.983891599061568, 52.459103736358941 ], [ 16.983656765482536, 52.459076555920895 ], [ 16.983621164158237, 52.459209855681465 ], [ 16.9837470647789, 52.459222303089568 ], [ 16.983719086048918, 52.459281054032971 ], [ 16.983887678075416, 52.459374058331747 ] ] ] ] } },
{ "type": "Feature", "properties": { "id": null }, "geometry": { "type": "MultiPolygon", "coordinates": [ [ [ [ 16.984098306818964, 52.466308612443832 ], [ 16.984240414679757, 52.466151376958805 ], [ 16.983979483394371, 52.465956369191879 ], [ 16.983781963445587, 52.465849996420154 ], [ 16.983633118384546, 52.465785655371896 ], [ 16.983536197979525, 52.465876707342524 ], [ 16.983491480111962, 52.465932597632857 ], [ 16.983434523103462, 52.465994460623222 ], [ 16.983638712577747, 52.466157069818465 ], [ 16.983933209461139, 52.466423982006766 ], [ 16.984098306818964, 52.466308612443832 ] ] ] ] } },
{ "type": "Feature", "properties": { "id": null }, "geometry": { "type": "MultiPolygon", "coordinates": [ [ [ [ 16.986583894561178, 52.469863432937551 ], [ 16.986777710519323, 52.469866732676557 ], [ 16.986817994987174, 52.469723211403505 ], [ 16.986959370721227, 52.4697668201186 ], [ 16.98692026113677, 52.469884610172478 ], [ 16.987204893010489, 52.469930657162102 ], [ 16.987544105044826, 52.469704668938398 ], [ 16.987634242806713, 52.469577446545003 ], [ 16.986880094929493, 52.469286497065156 ], [ 16.986725800689189, 52.46952593223638 ], [ 16.986506706090704, 52.469522201993932 ], [ 16.986441140589459, 52.469665292709088 ], [ 16.98636691292549, 52.469813386143919 ], [ 16.986583894561178, 52.469863432937551 ] ] ] ] } },
{ "type": "Feature", "properties": { "id": null }, "geometry": { "type": "MultiPolygon", "coordinates": [ [ [ [ 16.980152747959263, 52.469418994773704 ], [ 16.980966655077321, 52.469324738440221 ], [ 16.98090707092377, 52.46896835329558 ], [ 16.98019263971408, 52.469100360096377 ], [ 16.979925856165021, 52.46908253911139 ], [ 16.979823891117302, 52.469078170159626 ], [ 16.979795365243181, 52.469419205703474 ], [ 16.980152747959263, 52.469418994773704 ] ] ] ] } },
{ "type": "Feature", "properties": { "id": null }, "geometry": { "type": "MultiPolygon", "coordinates": [ [ [ [ 16.979638265510836, 52.471721800718278 ], [ 16.979844670534192, 52.471726198105927 ], [ 16.980294549074461, 52.471847188023226 ], [ 16.980445822843031, 52.471674662784196 ], [ 16.980495499363787, 52.471510702916042 ], [ 16.97999151558858, 52.471382371880857 ], [ 16.979680558668665, 52.471371254600001 ], [ 16.979638265510836, 52.471721800718278 ] ] ] ] } },
{ "type": "Feature", "properties": { "id": null }, "geometry": { "type": "MultiPolygon", "coordinates": [ [ [ [ 16.982019034305107, 52.47286547657513 ], [ 16.982127883164079, 52.472882784694313 ], [ 16.982266537164865, 52.472617337263777 ], [ 16.982015838086259, 52.472566707270325 ], [ 16.982201287617247, 52.472384462500294 ], [ 16.982111178225626, 52.472326272161212 ], [ 16.981700680046998, 52.472818841683939 ], [ 16.982019034305107, 52.47286547657513 ] ] ] ] } },
{ "type": "Feature", "properties": { "id": null }, "geometry": { "type": "MultiPolygon", "coordinates": [ [ [ [ 16.979687847099122, 52.473124388855503 ], [ 16.980075977498753, 52.473120718437954 ], [ 16.980060359945135, 52.472909291188671 ], [ 16.979747605837666, 52.472924549754524 ], [ 16.97943339230385, 52.472907062198068 ], [ 16.979397496772059, 52.473127125084162 ], [ 16.979687847099122, 52.473124388855503 ] ] ] ] } },
{ "type": "Feature", "properties": { "id": null }, "geometry": { "type": "MultiPolygon", "coordinates": [ [ [ [ 16.979512209809371, 52.474748868966877 ], [ 16.979909960950597, 52.47471961209159 ], [ 16.979908900976472, 52.47437452690923 ], [ 16.979579752780616, 52.47437920455009 ], [ 16.979306336559386, 52.474383582002986 ], [ 16.979265397626463, 52.47474025416107 ], [ 16.979512209809371, 52.474748868966877 ] ] ] ] } },
{ "type": "Feature", "properties": { "id": null }, "geometry": { "type": "MultiPolygon", "coordinates": [ [ [ [ 16.97959902650808, 52.474142622084507 ], [ 16.980131613050958, 52.474115667999541 ], [ 16.980119117793684, 52.473651931613027 ], [ 16.979697508610354, 52.473649880015287 ], [ 16.97959902650808, 52.474142622084507 ] ] ] ] } },
{ "type": "Feature", "properties": { "id": null }, "geometry": { "type": "MultiPolygon", "coordinates": [ [ [ [ 16.979353981498544, 52.473968476954781 ], [ 16.979634212054012, 52.473966577261415 ], [ 16.979697508610354, 52.473649880015287 ], [ 16.979363121669849, 52.47363677327467 ], [ 16.978998736600548, 52.4736224896332 ], [ 16.978948988588709, 52.473971856876446 ], [ 16.979353981498544, 52.473968476954781 ] ] ] ] } },
{ "type": "Feature", "properties": { "id": null }, "geometry": { "type": "MultiPolygon", "coordinates": [ [ [ [ 16.98056792214139, 52.475822703112541 ], [ 16.981271677867081, 52.475742013721444 ], [ 16.981267180963204, 52.475103305576475 ], [ 16.980971031482216, 52.475124001175175 ], [ 16.980990895265016, 52.475242796130203 ], [ 16.980365589924329, 52.475268170787203 ], [ 16.980411206935628, 52.475377105142798 ], [ 16.980537623961343, 52.475379263935181 ], [ 16.980487414379503, 52.475738924288173 ], [ 16.98056792214139, 52.475822703112541 ] ] ] ] } },
{ "type": "Feature", "properties": { "id": null }, "geometry": { "type": "MultiPolygon", "coordinates": [ [ [ [ 16.981483432671645, 52.479407456819764 ], [ 16.982134788623764, 52.479367069590936 ], [ 16.982147692276278, 52.47926943501492 ], [ 16.981800237063108, 52.479304708232327 ], [ 16.981814083706386, 52.47918648877986 ], [ 16.981467335734703, 52.479206322335344 ], [ 16.981483432671645, 52.479407456819764 ] ] ] ] } },
{ "type": "Feature", "properties": { "id": null }, "geometry": { "type": "MultiPolygon", "coordinates": [ [ [ [ 16.982582680465363, 52.479348959454242 ], [ 16.98303127826636, 52.479315408916776 ], [ 16.982996198360645, 52.479160303179519 ], [ 16.982590686736486, 52.479173987559072 ], [ 16.982582680465363, 52.479348959454242 ] ] ] ] } },
{ "type": "Feature", "properties": { "id": null }, "geometry": { "type": "MultiPolygon", "coordinates": [ [ [ [ 16.983320203528493, 52.479268833549582 ], [ 16.983343370694669, 52.479315580830651 ], [ 16.983758253395592, 52.479281452631056 ], [ 16.983794042090814, 52.479421119459566 ], [ 16.983925754174468, 52.479861135867729 ], [ 16.985170179533618, 52.479763887143349 ], [ 16.985080165962824, 52.479149474231242 ], [ 16.984847616096157, 52.47833177288669 ], [ 16.983759604897411, 52.478514088662365 ], [ 16.983299246257566, 52.478804953804449 ], [ 16.983320203528493, 52.479268833549582 ] ] ] ] } },
{ "type": "Feature", "properties": { "id": null }, "geometry": { "type": "MultiPolygon", "coordinates": [ [ [ [ 16.983793096754003, 52.497184703067241 ], [ 16.983850614729125, 52.497072701124203 ], [ 16.984002345639041, 52.496822728673123 ], [ 16.983968330896808, 52.496821605152789 ], [ 16.983541129307341, 52.496752520453285 ], [ 16.983416205058557, 52.497085156022933 ], [ 16.983793096754003, 52.497184703067241 ] ] ] ] } },
{ "type": "Feature", "properties": { "id": null }, "geometry": { "type": "MultiPolygon", "coordinates": [ [ [ [ 16.98451946601924, 52.496764044224122 ], [ 16.985153036182606, 52.496749086808911 ], [ 16.985141780323641, 52.49681069788155 ], [ 16.985480469045402, 52.496785565154212 ], [ 16.985475292656151, 52.496898782125832 ], [ 16.985849121130926, 52.496843345400912 ], [ 16.985835513723117, 52.49695641881879 ], [ 16.986503049389977, 52.496936882277552 ], [ 16.986500329950236, 52.496442413667864 ], [ 16.986601277116254, 52.496449282217249 ], [ 16.98687976371021, 52.496448871920116 ], [ 16.987184721348704, 52.496423160255951 ], [ 16.987444023711248, 52.49628851614802 ], [ 16.987510303152504, 52.496315394994745 ], [ 16.987526431837686, 52.496516528447053 ], [ 16.987712168224604, 52.496514538127997 ], [ 16.987700710107756, 52.496395887871998 ], [ 16.98778432362959, 52.496412760989003 ], [ 16.9878176096658, 52.496238219352605 ], [ 16.987822398267351, 52.49619818825758 ], [ 16.987425805036565, 52.496198455328326 ], [ 16.986844852932879, 52.496214345360968 ], [ 16.986528237107464, 52.496243755395724 ], [ 16.986012710606634, 52.496270773342502 ], [ 16.985568186879789, 52.496274217490253 ], [ 16.985405527870611, 52.496279707507419 ], [ 16.985251947375556, 52.49628397522568 ], [ 16.985143696711507, 52.496283508056884 ], [ 16.985051160524982, 52.496284685190496 ], [ 16.984962036657837, 52.496285232027127 ], [ 16.98488840706289, 52.496292237952638 ], [ 16.984833904240304, 52.496300258042027 ], [ 16.984776927279523, 52.496313054438957 ], [ 16.984694779728905, 52.496333682222279 ], [ 16.984602358009891, 52.496381669090567 ], [ 16.984490959926301, 52.496464844920439 ], [ 16.98451946601924, 52.496764044224122 ] ] ] ] } },
{ "type": "Feature", "properties": { "id": null }, "geometry": { "type": "MultiPolygon", "coordinates": [ [ [ [ 16.981098367862025, 52.497761500816381 ], [ 16.981779299522291, 52.497634064542041 ], [ 16.981060444945729, 52.496931665482066 ], [ 16.980506237298695, 52.49705611095613 ], [ 16.981098367862025, 52.497761500816381 ] ] ] ] } },
{ "type": "Feature", "properties": { "id": null }, "geometry": { "type": "MultiPolygon", "coordinates": [ [ [ [ 16.978164034783884, 52.498262457083179 ], [ 16.978572792614994, 52.49818188907156 ], [ 16.97861650504564, 52.497780917512749 ], [ 16.978167479810601, 52.497819595476706 ], [ 16.978164034783884, 52.498262457083179 ] ] ] ] } },
{ "type": "Feature", "properties": { "id": null }, "geometry": { "type": "MultiPolygon", "coordinates": [ [ [ [ 16.97915243074009, 52.496399510345846 ], [ 16.979274381403847, 52.495948372741246 ], [ 16.978736639531963, 52.495897983041068 ], [ 16.978671345329474, 52.49640159071798 ], [ 16.97915243074009, 52.496399510345846 ] ] ] ] } },
{ "type": "Feature", "properties": { "id": null }, "geometry": { "type": "MultiPolygon", "coordinates": [ [ [ [ 16.988414286608759, 52.520686170870754 ], [ 16.988362549934269, 52.520340226970063 ], [ 16.987854952154862, 52.520362496595318 ], [ 16.987897573766073, 52.520538328700738 ], [ 16.988046137723348, 52.520612958164698 ], [ 16.988092697992588, 52.521072118855514 ], [ 16.988458763184592, 52.521006240229468 ], [ 16.988414286608759, 52.520686170870754 ] ] ] ] } },
{ "type": "Feature", "properties": { "id": null }, "geometry": { "type": "MultiPolygon", "coordinates": [ [ [ [ 16.991995293209101, 52.518439707587966 ], [ 16.991983571116673, 52.518511611593858 ], [ 16.99284006650047, 52.518613698872286 ], [ 16.992969677220831, 52.51817812977356 ], [ 16.992071948612001, 52.518054742731479 ], [ 16.991995293209101, 52.518439707587966 ] ] ] ] } },
{ "type": "Feature", "properties": { "id": null }, "geometry": { "type": "MultiPolygon", "coordinates": [ [ [ [ 16.998192113572763, 52.518812530356762 ], [ 16.998281610266112, 52.518515332646707 ], [ 16.997855111384382, 52.51842571257562 ], [ 16.997698356608158, 52.518716621519289 ], [ 16.998192113572763, 52.518812530356762 ] ] ] ] } },
{ "type": "Feature", "properties": { "id": null }, "geometry": { "type": "MultiPolygon", "coordinates": [ [ [ [ 17.000772052170664, 52.519633835119024 ], [ 17.001261361902209, 52.519642102413592 ], [ 17.001322960880788, 52.519401083501677 ], [ 17.000826619612717, 52.5193617964079 ], [ 17.000772052170664, 52.519633835119024 ] ] ] ] } },
{ "type": "Feature", "properties": { "id": null }, "geometry": { "type": "MultiPolygon", "coordinates": [ [ [ [ 17.004609055108755, 52.520105475917937 ], [ 17.005289612359636, 52.520178754196891 ], [ 17.005438119412911, 52.51988254632392 ], [ 17.004750062965645, 52.51978854159902 ], [ 17.004609055108755, 52.520105475917937 ] ] ] ] } },
{ "type": "Feature", "properties": { "id": null }, "geometry": { "type": "MultiPolygon", "coordinates": [ [ [ [ 17.009228478471286, 52.520827068372576 ], [ 17.008718033290023, 52.520725774902999 ], [ 17.00860841335718, 52.520909336946779 ], [ 17.009075047826958, 52.521045945027353 ], [ 17.009228478471286, 52.520827068372576 ] ] ] ] } },
{ "type": "Feature", "properties": { "id": null }, "geometry": { "type": "MultiPolygon", "coordinates": [ [ [ [ 17.010550538646967, 52.521091365326875 ], [ 17.010073136079271, 52.521006083942588 ], [ 17.009980394470336, 52.521189931091094 ], [ 17.010474904883381, 52.521270350320073 ], [ 17.010550538646967, 52.521091365326875 ] ] ] ] } },
{ "type": "Feature", "properties": { "id": null }, "geometry": { "type": "MultiPolygon", "coordinates": [ [ [ [ 17.011882678699223, 52.521319765409537 ], [ 17.011406433281362, 52.521208757923183 ], [ 17.011303400150211, 52.521433634637674 ], [ 17.011789711489016, 52.521508760322597 ], [ 17.011882678699223, 52.521319765409537 ] ] ] ] } },
{ "type": "Feature", "properties": { "id": null }, "geometry": { "type": "MultiPolygon", "coordinates": [ [ [ [ 17.013037892370935, 52.521540029049881 ], [ 17.012570078325197, 52.521429167885024 ], [ 17.01245226806784, 52.521607445601823 ], [ 17.012953366442535, 52.521729166601439 ], [ 17.013037892370935, 52.521540029049881 ] ] ] ] } },
{ "type": "Feature", "properties": { "id": null }, "geometry": { "type": "MultiPolygon", "coordinates": [ [ [ [ 17.014294824333383, 52.521751688136341 ], [ 17.013892874084615, 52.521677988968918 ], [ 17.013816556208759, 52.521872415085561 ], [ 17.01415031655624, 52.521960420566067 ], [ 17.014294824333383, 52.521751688136341 ] ] ] ] } },
{ "type": "Feature", "properties": { "id": null }, "geometry": { "type": "MultiPolygon", "coordinates": [ [ [ [ 17.015450293978468, 52.521966782141334 ], [ 17.014880414414016, 52.521872243833236 ], [ 17.014798953754749, 52.522087185023715 ], [ 17.01534785957319, 52.522178796792694 ], [ 17.015450293978468, 52.521966782141334 ] ] ] ] } },
{ "type": "Feature", "properties": { "id": null }, "geometry": { "type": "MultiPolygon", "coordinates": [ [ [ [ 17.016666939502908, 52.522417223848443 ], [ 17.016757408301622, 52.522189556967035 ], [ 17.016284083701894, 52.522106944286037 ], [ 17.016164431136133, 52.522326396212442 ], [ 17.016666939502908, 52.522417223848443 ] ] ] ] } },
{ "type": "Feature", "properties": { "id": null }, "geometry": { "type": "MultiPolygon", "coordinates": [ [ [ [ 17.017954855298452, 52.522410480138163 ], [ 17.017372540638842, 52.52231059541986 ], [ 17.017285597875471, 52.522553772398773 ], [ 17.017835094288102, 52.522632506970091 ], [ 17.017954855298452, 52.522410480138163 ] ] ] ] } },
{ "type": "Feature", "properties": { "id": null }, "geometry": { "type": "MultiPolygon", "coordinates": [ [ [ [ 17.018269620838751, 52.522451804014281 ], [ 17.018149861289661, 52.522673831177904 ], [ 17.018660583354837, 52.522769938050892 ], [ 17.018784443319145, 52.522550554144217 ], [ 17.018269620838751, 52.522451804014281 ] ] ] ] } },
{ "type": "Feature", "properties": { "id": null }, "geometry": { "type": "MultiPolygon", "coordinates": [ [ [ [ 17.020036520302178, 52.522777521040808 ], [ 17.01986232633697, 52.523083616987073 ], [ 17.020314922775398, 52.52315814311622 ], [ 17.02048888249962, 52.522857192792124 ], [ 17.020036520302178, 52.522777521040808 ] ] ] ] } },
{ "type": "Feature", "properties": { "id": null }, "geometry": { "type": "MultiPolygon", "coordinates": [ [ [ [ 17.021189270208037, 52.523054315255557 ], [ 17.021043633668441, 52.523288787914026 ], [ 17.02153021440261, 52.523358727588629 ], [ 17.021634125443683, 52.523113256302835 ], [ 17.021189270208037, 52.523054315255557 ] ] ] ] } },
{ "type": "Feature", "properties": { "id": null }, "geometry": { "type": "MultiPolygon", "coordinates": [ [ [ [ 17.022507427643852, 52.523220558747241 ], [ 17.022378209531432, 52.523465607771669 ], [ 17.022814633388592, 52.523524403408338 ], [ 17.022968005149583, 52.523305508436479 ], [ 17.022507427643852, 52.523220558747241 ] ] ] ] } },
{ "type": "Feature", "properties": { "id": null }, "geometry": { "type": "MultiPolygon", "coordinates": [ [ [ [ 17.02384628639166, 52.523490136863963 ], [ 17.023735797797407, 52.523694298684198 ], [ 17.024222849549584, 52.523753934720716 ], [ 17.024307562365063, 52.523559642417943 ], [ 17.02384628639166, 52.523490136863963 ] ] ] ] } },
{ "type": "Feature", "properties": { "id": null }, "geometry": { "type": "MultiPolygon", "coordinates": [ [ [ [ 17.025016238228634, 52.52366675223945 ], [ 17.024913730052138, 52.523881348691489 ], [ 17.025349122775374, 52.523963293517092 ], [ 17.025513985334925, 52.523770338007495 ], [ 17.025016238228634, 52.52366675223945 ] ] ] ] } },
{ "type": "Feature", "properties": { "id": null }, "geometry": { "type": "MultiPolygon", "coordinates": [ [ [ [ 17.027857339464408, 52.524141607043958 ], [ 17.027711388595645, 52.52438380768362 ], [ 17.027983414500138, 52.524437268530782 ], [ 17.028111682402344, 52.524212798486538 ], [ 17.0281869011793, 52.524116141242246 ], [ 17.027894852990212, 52.524062156899603 ], [ 17.027857339464408, 52.524141607043958 ] ] ] ] } },
{ "type": "Feature", "properties": { "id": null }, "geometry": { "type": "MultiPolygon", "coordinates": [ [ [ [ 17.029004619091982, 52.52435385604992 ], [ 17.028876355288006, 52.524578327097778 ], [ 17.029278012707632, 52.524659695338443 ], [ 17.029405813940553, 52.524445516518817 ], [ 17.029478471776692, 52.524354874492367 ], [ 17.02903494544314, 52.524272895185284 ], [ 17.029004619091982, 52.52435385604992 ] ] ] ] } },
{ "type": "Feature", "properties": { "id": null }, "geometry": { "type": "MultiPolygon", "coordinates": [ [ [ [ 17.030126827955517, 52.524560526271834 ], [ 17.029976208640306, 52.524812952242584 ], [ 17.030546045313333, 52.524909991653246 ], [ 17.03065777204505, 52.524677518347723 ], [ 17.030728791123941, 52.524585967047273 ], [ 17.030150769527459, 52.524479135087127 ], [ 17.030126827955517, 52.524560526271834 ] ] ] ] } },
{ "type": "Feature", "properties": { "id": null }, "geometry": { "type": "MultiPolygon", "coordinates": [ [ [ [ 17.031788664948401, 52.524879167045462 ], [ 17.031646721688151, 52.525126589222808 ], [ 17.032116465458486, 52.525196204967969 ], [ 17.032236622255411, 52.524963870440502 ], [ 17.032286672179321, 52.524873883459016 ], [ 17.031827594582001, 52.524789042540831 ], [ 17.031788664948401, 52.524879167045462 ] ] ] ] } },
{ "type": "Feature", "properties": { "id": null }, "geometry": { "type": "MultiPolygon", "coordinates": [ [ [ [ 17.028510760396735, 52.519638364546942 ], [ 17.028033336813749, 52.519553155430721 ], [ 17.027970736891955, 52.519540244529587 ], [ 17.027976817031348, 52.519495561389675 ], [ 17.028050163921453, 52.519177472650071 ], [ 17.028126414190364, 52.518983036606997 ], [ 17.028217231635256, 52.518840345106277 ], [ 17.028067451658732, 52.518791497161565 ], [ 17.027757842631289, 52.518729684454662 ], [ 17.027605391061314, 52.51855203682458 ], [ 17.027600507196819, 52.518284145915601 ], [ 17.027366733402005, 52.518414153151831 ], [ 17.027233271433158, 52.518566433329511 ], [ 17.027205099435136, 52.518818322526833 ], [ 17.027151617878364, 52.519069789679833 ], [ 17.026943050723226, 52.519390773161163 ], [ 17.026682246663594, 52.519746936322605 ], [ 17.026711148760928, 52.519855572193634 ], [ 17.026924502301434, 52.519993035135613 ], [ 17.026898864550486, 52.520188314488742 ], [ 17.027116140885028, 52.520238289398115 ], [ 17.027770970031508, 52.520321309367858 ], [ 17.028341665609542, 52.520397773493521 ], [ 17.028403718398813, 52.520331855215851 ], [ 17.028593422422468, 52.519866349886087 ], [ 17.028510760396735, 52.519638364546942 ] ] ] ] } },
{ "type": "Feature", "properties": { "id": null }, "geometry": { "type": "MultiPolygon", "coordinates": [ [ [ [ 16.999204711204481, 52.500708637813219 ], [ 16.999729877903722, 52.50066601723109 ], [ 17.001504659861528, 52.50172605839461 ], [ 17.002686539649115, 52.500973487477815 ], [ 17.00068830735394, 52.500002391360141 ], [ 17.001026492826629, 52.49961669021593 ], [ 17.001169351879888, 52.499443996873893 ], [ 17.001240080567253, 52.499373088952467 ], [ 17.00171836928174, 52.499247264048009 ], [ 17.002175123192618, 52.499224077875638 ], [ 17.002075333760924, 52.499191491152594 ], [ 17.001288229844754, 52.49868377323012 ], [ 17.001028721196526, 52.498823594190313 ], [ 17.000865729658344, 52.499068050188633 ], [ 17.000623549405276, 52.499197862693549 ], [ 17.000336845814982, 52.499193016357957 ], [ 17.000117180335856, 52.499570418970883 ], [ 16.99978366026399, 52.499853192074795 ], [ 16.999666071458357, 52.499840903217617 ], [ 16.999257997623189, 52.499535289060873 ], [ 16.99913807264149, 52.499574462357124 ], [ 16.998462099721202, 52.499964743572463 ], [ 16.999204711204481, 52.500708637813219 ] ] ] ] } },
{ "type": "Feature", "properties": { "id": null }, "geometry": { "type": "MultiPolygon", "coordinates": [ [ [ [ 16.986885450391078, 52.471663429674727 ], [ 16.98717622899337, 52.471390265700251 ], [ 16.986805702717749, 52.47119339919616 ], [ 16.986635251784701, 52.471417108425499 ], [ 16.986795101247324, 52.471610389103255 ], [ 16.986885450391078, 52.471663429674727 ] ] ] ] } },
{ "type": "Feature", "properties": { "id": null }, "geometry": { "type": "MultiPolygon", "coordinates": [ [ [ [ 16.991944959158143, 52.472975208540291 ], [ 16.992615871971385, 52.473058702218289 ], [ 16.992832642645048, 52.473113884020627 ], [ 16.992996272863834, 52.473224816276982 ], [ 16.993217725305669, 52.473362480737158 ], [ 16.993311133043708, 52.47316320620493 ], [ 16.993481793638352, 52.472748932082965 ], [ 16.992756337649013, 52.472752071711497 ], [ 16.992767570714946, 52.472875868270023 ], [ 16.992589424309323, 52.47289859566451 ], [ 16.992160564704569, 52.472870714170881 ], [ 16.991944959158143, 52.472975208540291 ] ] ] ] } },
{ "type": "Feature", "properties": { "id": null }, "geometry": { "type": "MultiPolygon", "coordinates": [ [ [ [ 16.995248761098885, 52.473767745899885 ], [ 16.995419178074421, 52.473544023992851 ], [ 16.995269822074675, 52.473489989797066 ], [ 16.995332089896504, 52.473418941930895 ], [ 16.994838143261902, 52.473338464435216 ], [ 16.994734673318181, 52.473388212440085 ], [ 16.994718055338957, 52.473568189185379 ], [ 16.994644316459635, 52.473705995385494 ], [ 16.995248761098885, 52.473767745899885 ] ] ] ] } },
{ "type": "Feature", "properties": { "id": null }, "geometry": { "type": "MultiPolygon", "coordinates": [ [ [ [ 16.994119467289895, 52.473748596736804 ], [ 16.994070072620744, 52.473907416477651 ], [ 16.994255245569757, 52.473915707467128 ], [ 16.994353332492434, 52.473798915412459 ], [ 16.994448186160891, 52.473672769566356 ], [ 16.994251281025662, 52.473639412108447 ], [ 16.994119467289895, 52.473748596736804 ] ] ] ] } },
{ "type": "Feature", "properties": { "id": null }, "geometry": { "type": "MultiPolygon", "coordinates": [ [ [ [ 16.98734837761663, 52.455789203841142 ], [ 16.987395349806135, 52.456238076260924 ], [ 16.988160777581999, 52.456276853630797 ], [ 16.98813243196598, 52.456528734176722 ], [ 16.989421107369182, 52.456555804176354 ], [ 16.989448759405018, 52.456133952960769 ], [ 16.989051885205306, 52.456147804935696 ], [ 16.989031791277114, 52.455848748013537 ], [ 16.988205289640611, 52.455855289475366 ], [ 16.988066984208093, 52.455930190140755 ], [ 16.987935718025721, 52.455850702552823 ], [ 16.98734837761663, 52.455789203841142 ] ] ] ] } },
{ "type": "Feature", "properties": { "id": null }, "geometry": { "type": "MultiPolygon", "coordinates": [ [ [ [ 16.98516001338534, 52.446847119699783 ], [ 16.985324904254501, 52.44711259345474 ], [ 16.985630695185918, 52.44706115082522 ], [ 16.985517041464881, 52.44678109971516 ], [ 16.98516001338534, 52.446847119699783 ] ] ] ] } },
{ "type": "Feature", "properties": { "id": null }, "geometry": { "type": "MultiPolygon", "coordinates": [ [ [ [ 16.985712869518022, 52.446738083758234 ], [ 16.985875649949868, 52.447049873213551 ], [ 16.986156642177164, 52.446987706224874 ], [ 16.986059829997661, 52.446707942520881 ], [ 16.985712869518022, 52.446738083758234 ] ] ] ] } },
{ "type": "Feature", "properties": { "id": null }, "geometry": { "type": "MultiPolygon", "coordinates": [ [ [ [ 16.983935869404, 52.443936948182618 ], [ 16.984597940233055, 52.443834930252685 ], [ 16.984267797645312, 52.442943454534905 ], [ 16.98360809004981, 52.442994008086259 ], [ 16.983370728432529, 52.44302671221218 ], [ 16.983442085970967, 52.443376961251161 ], [ 16.983559884443864, 52.443740321084881 ], [ 16.983659720010941, 52.443945283527945 ], [ 16.983935869404, 52.443936948182618 ] ] ] ] } },
{ "type": "Feature", "properties": { "id": null }, "geometry": { "type": "MultiPolygon", "coordinates": [ [ [ [ 17.000441928088915, 52.444794093570835 ], [ 17.000390200065116, 52.444633560604942 ], [ 17.000191568212461, 52.444552947034644 ], [ 17.000255184850566, 52.444451017850973 ], [ 17.000139375086707, 52.444402706601124 ], [ 16.999990810270987, 52.444333240091169 ], [ 16.999861188366889, 52.444217741503564 ], [ 16.999470720508203, 52.444092679025019 ], [ 16.999199894683084, 52.444675225991716 ], [ 16.999752951126524, 52.444746387308314 ], [ 16.999764637753206, 52.444674481363933 ], [ 17.000441928088915, 52.444794093570835 ] ] ] ] } },
{ "type": "Feature", "properties": { "id": null }, "geometry": { "type": "MultiPolygon", "coordinates": [ [ [ [ 17.014523316434762, 52.45590872585452 ], [ 17.01487774024006, 52.455713817297763 ], [ 17.014763968602178, 52.455619202821055 ], [ 17.014843259214402, 52.455543280441653 ], [ 17.01459724831766, 52.455389792895588 ], [ 17.014129605783971, 52.4556652030168 ], [ 17.013973290653073, 52.455735871406333 ], [ 17.01437408308993, 52.456040126153802 ], [ 17.014523316434762, 52.45590872585452 ] ] ] ] } },
{ "type": "Feature", "properties": { "id": null }, "geometry": { "type": "MultiPolygon", "coordinates": [ [ [ [ 17.014694757897196, 52.456220618979167 ], [ 17.01437408308993, 52.456040126153802 ], [ 17.014133802699259, 52.456133945483806 ], [ 17.014378194996983, 52.456323458466372 ], [ 17.014694757897196, 52.456220618979167 ] ] ] ] } },
{ "type": "Feature", "properties": { "id": null }, "geometry": { "type": "MultiPolygon", "coordinates": [ [ [ [ 17.01278380762804, 52.45503486390956 ], [ 17.012352251515281, 52.455444779873034 ], [ 17.012735359464862, 52.455549073965521 ], [ 17.012909404924784, 52.455428393170301 ], [ 17.012786518871959, 52.45534907430892 ], [ 17.01286465362703, 52.455298885023126 ], [ 17.012764491045029, 52.455276600693509 ], [ 17.012973158689622, 52.455135900714609 ], [ 17.01278380762804, 52.45503486390956 ] ] ] ] } },
{ "type": "Feature", "properties": { "id": null }, "geometry": { "type": "MultiPolygon", "coordinates": [ [ [ [ 17.015955449586361, 52.456870108729319 ], [ 17.016377964377856, 52.456660887483892 ], [ 17.015913508235208, 52.456302878616704 ], [ 17.01545498270438, 52.456562996216107 ], [ 17.015343974048648, 52.456624896631034 ], [ 17.015820234840653, 52.456941050315713 ], [ 17.015955449586361, 52.456870108729319 ] ] ] ] } },
{ "type": "Feature", "properties": { "id": null }, "geometry": { "type": "MultiPolygon", "coordinates": [ [ [ [ 17.017886983837435, 52.458164311082143 ], [ 17.017999998579295, 52.457712984634398 ], [ 17.016805625518327, 52.456899821840366 ], [ 17.016444626658295, 52.457053423942831 ], [ 17.016229291884763, 52.456967407628731 ], [ 17.016141576524145, 52.457043189574485 ], [ 17.016042469820334, 52.457089311162846 ], [ 17.017785111019254, 52.458251840417162 ], [ 17.017886983837435, 52.458164311082143 ] ] ] ] } },
{ "type": "Feature", "properties": { "id": null }, "geometry": { "type": "MultiPolygon", "coordinates": [ [ [ [ 17.018514319546142, 52.458463238583597 ], [ 17.018857780338678, 52.458324787027252 ], [ 17.018580814390738, 52.458108986559331 ], [ 17.018116403256425, 52.458312363208698 ], [ 17.017943893672488, 52.458394482273214 ], [ 17.018057965120367, 52.458509283854951 ], [ 17.01823653340816, 52.458453433017837 ], [ 17.018514319546142, 52.458463238583597 ] ] ] ] } },
{ "type": "Feature", "properties": { "id": null }, "geometry": { "type": "MultiPolygon", "coordinates": [ [ [ [ 17.018555821370139, 52.459085069770133 ], [ 17.019340394378684, 52.458842745350665 ], [ 17.019163365282584, 52.458654371428928 ], [ 17.018744079349073, 52.458791553412958 ], [ 17.018654515746139, 52.458908508114959 ], [ 17.018478809505933, 52.458932815883706 ], [ 17.018555821370139, 52.459085069770133 ] ] ] ] } },
{ "type": "Feature", "properties": { "id": null }, "geometry": { "type": "MultiPolygon", "coordinates": [ [ [ [ 17.020091677890875, 52.466995267945116 ], [ 17.020320285885489, 52.467068623342016 ], [ 17.02066946932646, 52.466616098178818 ], [ 17.020442133315019, 52.466514438477553 ], [ 17.020258266067067, 52.466478980993102 ], [ 17.019895444991349, 52.466960519851078 ], [ 17.020091677890875, 52.466995267945116 ] ] ] ] } },
{ "type": "Feature", "properties": { "id": null }, "geometry": { "type": "MultiPolygon", "coordinates": [ [ [ [ 17.023112071428464, 52.466680133166157 ], [ 17.023433301691458, 52.466474343571214 ], [ 17.023267542777674, 52.466409770145901 ], [ 17.023431793557883, 52.466319811583375 ], [ 17.023104659574159, 52.466092883465201 ], [ 17.024383783225776, 52.465398378852043 ], [ 17.024376380953797, 52.465187095913983 ], [ 17.022217365807794, 52.466134699340003 ], [ 17.02207046355235, 52.46619912118566 ], [ 17.022773911682929, 52.466580433560111 ], [ 17.023019271969666, 52.466732413240486 ], [ 17.023112071428464, 52.466680133166157 ] ] ] ] } },
{ "type": "Feature", "properties": { "id": null }, "geometry": { "type": "MultiPolygon", "coordinates": [ [ [ [ 17.030751676373637, 52.471883139400482 ], [ 17.031140705449992, 52.471292191766892 ], [ 17.030363174245561, 52.471140188528544 ], [ 17.029957971161686, 52.471715413593742 ], [ 17.030751676373637, 52.471883139400482 ] ] ] ] } },
{ "type": "Feature", "properties": { "id": null }, "geometry": { "type": "MultiPolygon", "coordinates": [ [ [ [ 17.02891313610672, 52.471600149381644 ], [ 17.028778215233572, 52.471788458573229 ], [ 17.029897826925609, 52.472023424658481 ], [ 17.030116557847727, 52.471846810727371 ], [ 17.02891313610672, 52.471600149381644 ] ] ] ] } },
{ "type": "Feature", "properties": { "id": null }, "geometry": { "type": "MultiPolygon", "coordinates": [ [ [ [ 17.031778219722032, 52.472219542090251 ], [ 17.031490048945756, 52.472629337988828 ], [ 17.031853890813291, 52.472697196317391 ], [ 17.032117005905782, 52.4722818324123 ], [ 17.031778219722032, 52.472219542090251 ] ] ] ] } },
{ "type": "Feature", "properties": { "id": null }, "geometry": { "type": "MultiPolygon", "coordinates": [ [ [ [ 17.034197356868326, 52.472628019440776 ], [ 17.03446397522999, 52.472228159331777 ], [ 17.033334872738216, 52.472016254836014 ], [ 17.033203659421972, 52.472405488935856 ], [ 17.034197356868326, 52.472628019440776 ] ] ] ] } },
{ "type": "Feature", "properties": { "id": null }, "geometry": { "type": "MultiPolygon", "coordinates": [ [ [ [ 17.026746020744547, 52.460245306022074 ], [ 17.02687222805482, 52.459939191507729 ], [ 17.026019282336065, 52.459847995716032 ], [ 17.02587043490928, 52.460159674766409 ], [ 17.026643245229309, 52.460224076572381 ], [ 17.026746020744547, 52.460245306022074 ] ] ] ] } },
{ "type": "Feature", "properties": { "id": null }, "geometry": { "type": "MultiPolygon", "coordinates": [ [ [ [ 17.026960679285548, 52.459724651263052 ], [ 17.027314531488976, 52.459730555047088 ], [ 17.027369913726783, 52.459623324177166 ], [ 17.027495599013388, 52.459640871522971 ], [ 17.027589051980293, 52.459436421284209 ], [ 17.027304672915442, 52.459385325288807 ], [ 17.02730139859823, 52.459081407185046 ], [ 17.027145837964522, 52.459166365745972 ], [ 17.026960679285548, 52.459724651263052 ] ] ] ] } },
{ "type": "Feature", "properties": { "id": null }, "geometry": { "type": "MultiPolygon", "coordinates": [ [ [ [ 17.027451361359546, 52.45780150191829 ], [ 17.027561429289108, 52.457806523109106 ], [ 17.02767816932867, 52.457424525812975 ], [ 17.027560826741304, 52.457427361212773 ], [ 17.026947440838399, 52.457381076056834 ], [ 17.026821581324331, 52.457744642198776 ], [ 17.027451361359546, 52.45780150191829 ] ] ] ] } },
{ "type": "Feature", "properties": { "id": null }, "geometry": { "type": "MultiPolygon", "coordinates": [ [ [ [ 17.028371700777498, 52.458337024483527 ], [ 17.028669180327523, 52.458094773360337 ], [ 17.028193423972141, 52.45779842796604 ], [ 17.027932632970362, 52.457974336823177 ], [ 17.028032034366881, 52.458202604649749 ], [ 17.028371700777498, 52.458337024483527 ] ] ] ] } },
{ "type": "Feature", "properties": { "id": null }, "geometry": { "type": "MultiPolygon", "coordinates": [ [ [ [ 17.031944043332103, 52.456501252823038 ], [ 17.032370870786782, 52.456760717325864 ], [ 17.033354431877807, 52.456256907373863 ], [ 17.033012305848217, 52.455988555011118 ], [ 17.031944043332103, 52.456501252823038 ] ] ] ] } },
{ "type": "Feature", "properties": { "id": null }, "geometry": { "type": "MultiPolygon", "coordinates": [ [ [ [ 17.033588893445831, 52.455725183264676 ], [ 17.034114293807981, 52.456042933223848 ], [ 17.035141544680151, 52.455503783388217 ], [ 17.03466508403822, 52.455222903009705 ], [ 17.033588893445831, 52.455725183264676 ] ] ] ] } },
{ "type": "Feature", "properties": { "id": null }, "geometry": { "type": "MultiPolygon", "coordinates": [ [ [ [ 17.037458809383104, 52.460836694586689 ], [ 17.037286777612348, 52.461292208785807 ], [ 17.037784105367159, 52.461295312255459 ], [ 17.037862766894079, 52.460853698733295 ], [ 17.037458809383104, 52.460836694586689 ] ] ] ] } },
{ "type": "Feature", "properties": { "id": null }, "geometry": { "type": "MultiPolygon", "coordinates": [ [ [ [ 17.026221557156255, 52.462488288911175 ], [ 17.027689361570928, 52.462662136396581 ], [ 17.027805883264708, 52.462319014716293 ], [ 17.027135291543221, 52.462230575116934 ], [ 17.027182942402238, 52.462107764681228 ], [ 17.026435604968135, 52.462038641568533 ], [ 17.026221557156255, 52.462488288911175 ] ] ] ] } },
{ "type": "Feature", "properties": { "id": null }, "geometry": { "type": "MultiPolygon", "coordinates": [ [ [ [ 17.024290130028749, 52.462311828036469 ], [ 17.023939023925884, 52.462244158483188 ], [ 17.023827313555763, 52.462479202163443 ], [ 17.024178421339638, 52.462546872062667 ], [ 17.024290130028749, 52.462311828036469 ] ] ] ] } },
{ "type": "Feature", "properties": { "id": null }, "geometry": { "type": "MultiPolygon", "coordinates": [ [ [ [ 17.023739325437838, 52.46180820190655 ], [ 17.023844787496962, 52.461336143316856 ], [ 17.023533972068144, 52.461310347660415 ], [ 17.02349519848406, 52.461423004626504 ], [ 17.023143178310328, 52.461375918285206 ], [ 17.02281297538304, 52.461406449146644 ], [ 17.022364124990247, 52.461450445526076 ], [ 17.022208555560464, 52.461911364365818 ], [ 17.022468896363282, 52.461893820774982 ], [ 17.022561385822637, 52.462306219345777 ], [ 17.023549646865092, 52.462230351602209 ], [ 17.023579825855055, 52.462156944058222 ], [ 17.023676267044259, 52.461946078334442 ], [ 17.023739325437838, 52.46180820190655 ] ] ] ] } },
{ "type": "Feature", "properties": { "id": null }, "geometry": { "type": "MultiPolygon", "coordinates": [ [ [ [ 17.019200494909875, 52.460738263293877 ], [ 17.019371432317332, 52.460499065616744 ], [ 17.019785882127774, 52.460469955260777 ], [ 17.01967729129905, 52.460071568705438 ], [ 17.019117770311802, 52.46013945036789 ], [ 17.01900593344406, 52.460189079152194 ], [ 17.018778355590943, 52.460186845739166 ], [ 17.018761767307716, 52.460415798151736 ], [ 17.018810572877143, 52.46060139596905 ], [ 17.018922248475047, 52.46081325864548 ], [ 17.019193805367891, 52.460808315484115 ], [ 17.019200494909875, 52.460738263293877 ] ] ] ] } },
{ "type": "Feature", "properties": { "id": null }, "geometry": { "type": "MultiPolygon", "coordinates": [ [ [ [ 17.028566957173584, 52.51857192590451 ], [ 17.029076043140844, 52.518704012031023 ], [ 17.029196225206068, 52.518659662408957 ], [ 17.029565291913599, 52.518336198029886 ], [ 17.029426021395778, 52.518241175200281 ], [ 17.02926052135517, 52.518166316020363 ], [ 17.029077831333371, 52.518286877138856 ], [ 17.028879880563693, 52.518371132461226 ], [ 17.028752414788094, 52.518389609495955 ], [ 17.028650718608041, 52.51839821541342 ], [ 17.028566957173584, 52.51857192590451 ] ] ] ] } },
{ "type": "Feature", "properties": { "id": null }, "geometry": { "type": "MultiPolygon", "coordinates": [ [ [ [ 17.020858318543734, 52.534076602839399 ], [ 17.022149403976915, 52.534288746554637 ], [ 17.022515540731579, 52.533470837926785 ], [ 17.022833915583146, 52.533527659854052 ], [ 17.023021657975573, 52.533108482383845 ], [ 17.021180909212301, 52.532912907997662 ], [ 17.020858318543734, 52.534076602839399 ] ] ] ] } },
{ "type": "Feature", "properties": { "id": null }, "geometry": { "type": "MultiPolygon", "coordinates": [ [ [ [ 16.99631628624136, 52.547594838182746 ], [ 16.996762756109526, 52.547437590639916 ], [ 16.996441733940642, 52.547066492981429 ], [ 16.995945320421338, 52.547207442995528 ], [ 16.99631628624136, 52.547594838182746 ] ] ] ] } },
{ "type": "Feature", "properties": { "id": null }, "geometry": { "type": "MultiPolygon", "coordinates": [ [ [ [ 16.996159174154709, 52.54696385534163 ], [ 16.996527319835511, 52.54685678431732 ], [ 16.996324484738203, 52.546487687052164 ], [ 16.995791966278347, 52.546679526952147 ], [ 16.996159174154709, 52.54696385534163 ] ] ] ] } },
{ "type": "Feature", "properties": { "id": null }, "geometry": { "type": "MultiPolygon", "coordinates": [ [ [ [ 16.995755857644021, 52.546174197125652 ], [ 16.996081321595859, 52.546076705020916 ], [ 16.995842852353995, 52.54574820492099 ], [ 16.995950479585922, 52.545610972529147 ], [ 16.99570005489679, 52.545359522447214 ], [ 16.995322071290484, 52.545497325321392 ], [ 16.995350676413135, 52.545611114013568 ], [ 16.995572963611473, 52.545738483753873 ], [ 16.995481983102675, 52.545881147967769 ], [ 16.995517857592247, 52.546020810675707 ], [ 16.995755857644021, 52.546174197125652 ] ] ] ] } },
{ "type": "Feature", "properties": { "id": null }, "geometry": { "type": "MultiPolygon", "coordinates": [ [ [ [ 16.993954437147554, 52.543439824982322 ], [ 16.994315759967055, 52.543296593962097 ], [ 16.994179774453848, 52.543129483011022 ], [ 16.993802979122496, 52.54324155016333 ], [ 16.993954437147554, 52.543439824982322 ] ] ] ] } },
{ "type": "Feature", "properties": { "id": null }, "geometry": { "type": "MultiPolygon", "coordinates": [ [ [ [ 16.993353479349704, 52.543651094385481 ], [ 16.993644461748708, 52.543568474912725 ], [ 16.993450800280268, 52.543369484099649 ], [ 16.993176935440886, 52.543447243186755 ], [ 16.993353479349704, 52.543651094385481 ] ] ] ] } },
{ "type": "Feature", "properties": { "id": null }, "geometry": { "type": "MultiPolygon", "coordinates": [ [ [ [ 16.989919474611199, 52.541527586852709 ], [ 16.990065964607748, 52.541514140153012 ], [ 16.99006696426364, 52.541321604575089 ], [ 16.990068214781235, 52.541080744051037 ], [ 16.989637476888145, 52.540225043166593 ], [ 16.989444641860182, 52.540273172847947 ], [ 16.989128588195562, 52.540350205700356 ], [ 16.989498416522874, 52.541314426111725 ], [ 16.989319755354167, 52.541342291740854 ], [ 16.989427102473581, 52.541581024658413 ], [ 16.989919474611199, 52.541527586852709 ] ] ] ] } },
{ "type": "Feature", "properties": { "id": null }, "geometry": { "type": "MultiPolygon", "coordinates": [ [ [ [ 16.988217628561131, 52.545031700738711 ], [ 16.988431998674898, 52.544968240982364 ], [ 16.988128645462957, 52.544576404156395 ], [ 16.987864108806185, 52.544634275601673 ], [ 16.987411785814992, 52.544734737958699 ], [ 16.98766047622993, 52.545207634835208 ], [ 16.988217628561131, 52.545031700738711 ] ] ] ] } },
{ "type": "Feature", "properties": { "id": null }, "geometry": { "type": "MultiPolygon", "coordinates": [ [ [ [ 16.987777142415787, 52.544504042009109 ], [ 16.988014029895638, 52.544428354947577 ], [ 16.987807237317305, 52.544161237710547 ], [ 16.987561241494511, 52.54423771072954 ], [ 16.987132832054964, 52.544369479837478 ], [ 16.987299261829801, 52.544609219546047 ], [ 16.987777142415787, 52.544504042009109 ] ] ] ] } },
{ "type": "Feature", "properties": { "id": null }, "geometry": { "type": "MultiPolygon", "coordinates": [ [ [ [ 16.987283702398333, 52.543841575807328 ], [ 16.987523696430831, 52.543794977704444 ], [ 16.987382798425251, 52.543612972179481 ], [ 16.987058895736645, 52.543585392462447 ], [ 16.986338397702674, 52.543454680050843 ], [ 16.986798800182573, 52.543915730690081 ], [ 16.986987327375299, 52.543857135447283 ], [ 16.987049673795553, 52.543971500287199 ], [ 16.987283702398333, 52.543841575807328 ] ] ] ] } },
{ "type": "Feature", "properties": { "id": null }, "geometry": { "type": "MultiPolygon", "coordinates": [ [ [ [ 16.992476818209212, 52.549255082388449 ], [ 16.993095433483447, 52.549214072654003 ], [ 16.992990175334452, 52.548743620614722 ], [ 16.992202493317407, 52.548786911730993 ], [ 16.992476818209212, 52.549255082388449 ] ] ] ] } },
{ "type": "Feature", "properties": { "id": null }, "geometry": { "type": "MultiPolygon", "coordinates": [ [ [ [ 16.996642498071086, 52.549984896120662 ], [ 16.997559173780079, 52.549892256170232 ], [ 16.99753102910126, 52.549768175569767 ], [ 16.997776319599083, 52.549762025380048 ], [ 16.9978182810265, 52.549397072328389 ], [ 16.996570030822397, 52.549535603414377 ], [ 16.996642498071086, 52.549984896120662 ] ] ] ] } },
{ "type": "Feature", "properties": { "id": null }, "geometry": { "type": "MultiPolygon", "coordinates": [ [ [ [ 16.997512505036919, 52.557410728897445 ], [ 16.996809561794951, 52.556332746628428 ], [ 16.996138546918708, 52.556408940494876 ], [ 16.996886743598392, 52.55760614682989 ], [ 16.997512505036919, 52.557410728897445 ] ] ] ] } },
{ "type": "Feature", "properties": { "id": null }, "geometry": { "type": "MultiPolygon", "coordinates": [ [ [ [ 16.981068356293548, 52.562935622484204 ], [ 16.981272935651472, 52.562161433808818 ], [ 16.979490689830854, 52.562141322870431 ], [ 16.979549587638328, 52.562698548577956 ], [ 16.97995991963715, 52.563148468491825 ], [ 16.980429271275252, 52.563233730726203 ], [ 16.980435182396015, 52.563105076925865 ], [ 16.980192180661653, 52.563059728875025 ], [ 16.980180493881701, 52.562946225331153 ], [ 16.981068356293548, 52.562935622484204 ] ] ] ] } },
{ "type": "Feature", "properties": { "id": null }, "geometry": { "type": "MultiPolygon", "coordinates": [ [ [ [ 17.059090507187602, 52.489260224761331 ], [ 17.05885040876387, 52.488845172526055 ], [ 17.058504039245577, 52.488919641550517 ], [ 17.058530502424752, 52.489088140643688 ], [ 17.058179442499799, 52.489172874186806 ], [ 17.05833852509036, 52.489503858346119 ], [ 17.058969625985721, 52.489408206547076 ], [ 17.058937676639477, 52.489268059260795 ], [ 17.059090507187602, 52.489260224761331 ] ] ] ] } },
{ "type": "Feature", "properties": { "id": null }, "geometry": { "type": "MultiPolygon", "coordinates": [ [ [ [ 17.058974923760157, 52.488831055858938 ], [ 17.059282743331689, 52.488766295395152 ], [ 17.05924207752571, 52.488535508778959 ], [ 17.059024736770485, 52.488565555363763 ], [ 17.058974605894157, 52.488453551428833 ], [ 17.058838822212827, 52.488459079916638 ], [ 17.058853999908742, 52.488547239784786 ], [ 17.058886631262691, 52.488671884640283 ], [ 17.058974923760157, 52.488831055858938 ] ] ] ] } },
{ "type": "Feature", "properties": { "id": null }, "geometry": { "type": "MultiPolygon", "coordinates": [ [ [ [ 17.058830562376937, 52.488358105522607 ], [ 17.059582887283231, 52.48820238531389 ], [ 17.059586072186267, 52.488130040455268 ], [ 17.059576673214643, 52.488054903542057 ], [ 17.059411670972448, 52.487858275664372 ], [ 17.059245646306621, 52.487684901266391 ], [ 17.058997999578011, 52.487729964174349 ], [ 17.058908525613898, 52.487645756276059 ], [ 17.058862400930888, 52.487538989238118 ], [ 17.058844424553165, 52.487466297093789 ], [ 17.05882920146253, 52.487427263082701 ], [ 17.058376917311541, 52.487502578990153 ], [ 17.058400615685343, 52.487589586003637 ], [ 17.058411730472447, 52.487673800836212 ], [ 17.05844063963605, 52.487786749490901 ], [ 17.058473781458435, 52.487899767613726 ], [ 17.058659031915465, 52.488117414056063 ], [ 17.058830562376937, 52.488358105522607 ] ] ] ] } },
{ "type": "Feature", "properties": { "id": null }, "geometry": { "type": "MultiPolygon", "coordinates": [ [ [ [ 17.058276456058913, 52.487643784861831 ], [ 17.058276667863009, 52.487566866389869 ], [ 17.058234720358374, 52.487461460475323 ], [ 17.058171667636092, 52.487354415246287 ], [ 17.058143913326116, 52.487287380083451 ], [ 17.057516029445836, 52.487310683006051 ], [ 17.057569174536809, 52.487642514136787 ], [ 17.058276456058913, 52.487643784861831 ] ] ] ] } },
{ "type": "Feature", "properties": { "id": null }, "geometry": { "type": "MultiPolygon", "coordinates": [ [ [ [ 17.058222550022158, 52.487256997340097 ], [ 17.058761984279215, 52.487126228954082 ], [ 17.05877261117439, 52.487077276743832 ], [ 17.058636787851384, 52.486891469046263 ], [ 17.058563812476805, 52.486913541747697 ], [ 17.058562197482072, 52.486854046165213 ], [ 17.058416815761994, 52.486885272712335 ], [ 17.058293030029468, 52.486810843520296 ], [ 17.058231706420404, 52.48676071015938 ], [ 17.058257648834896, 52.486652540344629 ], [ 17.058255237528076, 52.48661113096481 ], [ 17.058137982584345, 52.486580764222161 ], [ 17.057983660822774, 52.486526518253513 ], [ 17.057534439250009, 52.486436401983639 ], [ 17.057459072954217, 52.486512732599699 ], [ 17.057501700926149, 52.486602636323951 ], [ 17.057595174794422, 52.48669208224522 ], [ 17.057697522289217, 52.486820457991428 ], [ 17.057823376399966, 52.486944048408525 ], [ 17.058038236533815, 52.487114348279391 ], [ 17.058222550022158, 52.487256997340097 ] ] ] ] } },
{ "type": "Feature", "properties": { "id": null }, "geometry": { "type": "MultiPolygon", "coordinates": [ [ [ [ 17.056053227044238, 52.486433398174583 ], [ 17.05663025358594, 52.486410560298822 ], [ 17.056606808932624, 52.486125757666912 ], [ 17.056036647387199, 52.486137072975652 ], [ 17.056053227044238, 52.486433398174583 ] ] ] ] } },
{ "type": "Feature", "properties": { "id": null }, "geometry": { "type": "MultiPolygon", "coordinates": [ [ [ [ 16.983566048760171, 52.463992792237008 ], [ 16.983617056164668, 52.464089443374732 ], [ 16.984016389755119, 52.464038517702264 ], [ 16.984509404987346, 52.463989434476936 ], [ 16.984420974316684, 52.463526937117514 ], [ 16.984000765471336, 52.463454073886815 ], [ 16.983541275351495, 52.463799376285955 ], [ 16.983566048760171, 52.463992792237008 ] ] ] ] } },
{ "type": "Feature", "properties": { "id": null }, "geometry": { "type": "MultiPolygon", "coordinates": [ [ [ [ 17.080268011228295, 52.508683911610532 ], [ 17.080577291759017, 52.507996544222294 ], [ 17.079234368177939, 52.507826799434739 ], [ 17.07907263940443, 52.508252643476922 ], [ 17.079077387996701, 52.508530828656731 ], [ 17.080268011228295, 52.508683911610532 ] ] ] ] } },
{ "type": "Feature", "properties": { "id": null }, "geometry": { "type": "MultiPolygon", "coordinates": [ [ [ [ 17.092314809284339, 52.498742446387091 ], [ 17.092278339313808, 52.498647093307255 ], [ 17.092982633559625, 52.498541424035338 ], [ 17.093065515486099, 52.498740034219509 ], [ 17.093419823046503, 52.498738894104051 ], [ 17.092628788036837, 52.498050679613044 ], [ 17.091807419683434, 52.497442040315981 ], [ 17.091743830632101, 52.49735683833832 ], [ 17.09202241317794, 52.497293580485902 ], [ 17.092210320938527, 52.497226806546564 ], [ 17.092304725645928, 52.497144152872238 ], [ 17.09237259269808, 52.497052858855611 ], [ 17.092391709929714, 52.49699978712863 ], [ 17.092361647159063, 52.496917179211877 ], [ 17.092496020859091, 52.496921399210855 ], [ 17.092511749446, 52.497024306725265 ], [ 17.09257206676514, 52.497107402453835 ], [ 17.093010949972903, 52.497537412508294 ], [ 17.0932129252454, 52.49745649222244 ], [ 17.093382337188196, 52.497428426755214 ], [ 17.093789723813138, 52.497342603813088 ], [ 17.093404353530413, 52.496919618430667 ], [ 17.093261214632609, 52.496962478959809 ], [ 17.093189390965641, 52.496912047350378 ], [ 17.0933358504236, 52.496559225727474 ], [ 17.093405744361696, 52.496498759963458 ], [ 17.092548231803097, 52.496686650459267 ], [ 17.092400173412546, 52.496532335149993 ], [ 17.092613206613926, 52.496429010367422 ], [ 17.092269661932821, 52.496205844085139 ], [ 17.09183836786022, 52.49645552234773 ], [ 17.092268129923958, 52.496862804302303 ], [ 17.092021566986858, 52.496963534583969 ], [ 17.091948589810325, 52.496939773618131 ], [ 17.091503355260905, 52.496501444688704 ], [ 17.089879257003069, 52.496641529735498 ], [ 17.089998404271075, 52.497074600111674 ], [ 17.090401881672342, 52.497079061140575 ], [ 17.090275317220147, 52.497360342721159 ], [ 17.090050391370113, 52.497388127854663 ], [ 17.090078726361526, 52.497472141133322 ], [ 17.090627083146344, 52.498014793848299 ], [ 17.091334659282285, 52.4978332235195 ], [ 17.091498444695805, 52.498090447748943 ], [ 17.091688652012479, 52.498048348650698 ], [ 17.091856498084908, 52.498367230187512 ], [ 17.091598700584399, 52.498416451467044 ], [ 17.091847504100084, 52.498743945524893 ], [ 17.092314809284339, 52.498742446387091 ] ] ] ] } },
{ "type": "Feature", "properties": { "id": null }, "geometry": { "type": "MultiPolygon", "coordinates": [ [ [ [ 16.98484835282963, 52.452228983442886 ], [ 16.984854032556552, 52.452015440732872 ], [ 16.98459559063846, 52.452000772573079 ], [ 16.984565418455187, 52.452219942708545 ], [ 16.98484835282963, 52.452228983442886 ] ] ] ] } },
{ "type": "Feature", "properties": { "id": null }, "geometry": { "type": "MultiPolygon", "coordinates": [ [ [ [ 16.984860199562458, 52.451783574084445 ], [ 16.98486389826105, 52.451644508911606 ], [ 16.98485619177989, 52.451587986241307 ], [ 16.984620012997425, 52.451613148105423 ], [ 16.984658217384712, 52.451806793130139 ], [ 16.984860199562458, 52.451783574084445 ] ] ] ] } },
{ "type": "Feature", "properties": { "id": null }, "geometry": { "type": "MultiPolygon", "coordinates": [ [ [ [ 16.984830201762126, 52.451397363226953 ], [ 16.984807567591147, 52.451231352354199 ], [ 16.984610856171628, 52.451224951239872 ], [ 16.984632458188901, 52.451414207036677 ], [ 16.984830201762126, 52.451397363226953 ] ] ] ] } },
{ "type": "Feature", "properties": { "id": null }, "geometry": { "type": "MultiPolygon", "coordinates": [ [ [ [ 16.986785271956933, 52.447065365655476 ], [ 16.986824594745382, 52.446942428743384 ], [ 16.986988610232039, 52.446857666819149 ], [ 16.987367617910476, 52.446864119270266 ], [ 16.987737030317682, 52.446896158543986 ], [ 16.988028061329626, 52.446983515802508 ], [ 16.988351610596414, 52.447097176970992 ], [ 16.988469993858967, 52.447088890619966 ], [ 16.988543236182807, 52.446961379989695 ], [ 16.988714029481013, 52.446912782886905 ], [ 16.988743517467118, 52.446820579679539 ], [ 16.988509566586465, 52.446775397474624 ], [ 16.988159813948151, 52.446681891915986 ], [ 16.987825030776108, 52.446629842238359 ], [ 16.987853438293108, 52.446522830009101 ], [ 16.987850320643815, 52.446444862930619 ], [ 16.987887997807501, 52.446357949561168 ], [ 16.987803797780288, 52.446171106833155 ], [ 16.987798894368012, 52.446093769325785 ], [ 16.987961028262202, 52.446050176214101 ], [ 16.98795026030308, 52.44610149566541 ], [ 16.988000324683963, 52.446112648199573 ], [ 16.988170646157378, 52.446074344405275 ], [ 16.988201755181251, 52.446131526731826 ], [ 16.988247363441904, 52.446240458462412 ], [ 16.9883369596592, 52.446308936471866 ], [ 16.988396384759547, 52.446299647027992 ], [ 16.988752231412732, 52.446259348573712 ], [ 16.988806497942999, 52.446363277095273 ], [ 16.988817480720908, 52.44649222065209 ], [ 16.988763664006843, 52.446563408944527 ], [ 16.988765520878459, 52.446707648067061 ], [ 16.988850213544886, 52.44669878822085 ], [ 16.989256128388686, 52.446669640442259 ], [ 16.98930035000016, 52.446624040094385 ], [ 16.98927134901291, 52.446520541505905 ], [ 16.98921872218682, 52.446380589213831 ], [ 16.989201425814542, 52.446205185899856 ], [ 16.989159548856147, 52.446199323398034 ], [ 16.988932147405183, 52.446195455552306 ], [ 16.988737966136739, 52.446202452937236 ], [ 16.988562739880354, 52.446163420059669 ], [ 16.988524146129709, 52.446085509413152 ], [ 16.98850169346478, 52.446023324179443 ], [ 16.988515978336107, 52.4458948104689 ], [ 16.988538216303912, 52.445776732602972 ], [ 16.988362757391087, 52.445742845725277 ], [ 16.988095123899789, 52.44569708954419 ], [ 16.987711457435889, 52.445608155731279 ], [ 16.98750559593072, 52.445501646312749 ], [ 16.98729598114268, 52.445477476971256 ], [ 16.987295042570075, 52.445498062077874 ], [ 16.987306490067919, 52.445616713193097 ], [ 16.987308342220889, 52.445760952311936 ], [ 16.98719019699768, 52.445764091259129 ], [ 16.986883712719575, 52.445830976867015 ], [ 16.986868953733218, 52.445969782883722 ], [ 16.986912680991836, 52.446119885295765 ], [ 16.987045324903644, 52.4461684961814 ], [ 16.987278097750508, 52.446239412620514 ], [ 16.98729632508546, 52.446394231034603 ], [ 16.98710469822672, 52.446530025993255 ], [ 16.986664389939989, 52.446574031515247 ], [ 16.986281393814608, 52.446655063467588 ], [ 16.98639502312237, 52.447120523146594 ], [ 16.986792051380171, 52.447101532987013 ], [ 16.986785271956933, 52.447065365655476 ] ] ] ] } },
{ "type": "Feature", "properties": { "id": null }, "geometry": { "type": "MultiPolygon", "coordinates": [ [ [ [ 16.993267164120777, 52.446081099381018 ], [ 16.993609043230748, 52.446179724329653 ], [ 16.993992855213506, 52.446290444338324 ], [ 16.994257913780771, 52.446372960011054 ], [ 16.994297352315705, 52.446346168531974 ], [ 16.994321014915567, 52.446317898020332 ], [ 16.992364488770431, 52.445043476553217 ], [ 16.992235584726455, 52.445078600952797 ], [ 16.992098412349698, 52.445291702534639 ], [ 16.991706089001376, 52.445670533720936 ], [ 16.991319877495346, 52.445957931903301 ], [ 16.99106626418645, 52.446159633530435 ], [ 16.990905294033734, 52.446362908955969 ], [ 16.990932659176067, 52.446502431194595 ], [ 16.991127309924828, 52.446485137639257 ], [ 16.991545390340086, 52.446373784455176 ], [ 16.991859123390451, 52.446332761240278 ], [ 16.991962760843077, 52.4464632781497 ], [ 16.992019136817355, 52.446706298160329 ], [ 16.99212769151066, 52.446728742829251 ], [ 16.99242341154067, 52.44671316352364 ], [ 16.992706030964744, 52.446614956805995 ], [ 16.992962212114616, 52.446542051943787 ], [ 16.992966423953533, 52.446449418657942 ], [ 16.992987949595296, 52.446161369175307 ], [ 16.993141257384412, 52.446106707438389 ], [ 16.993267164120777, 52.446081099381018 ] ] ], [ [ [ 16.993018838819026, 52.44474041995808 ], [ 16.993212311318235, 52.444748854356725 ], [ 16.993313843448998, 52.444740277170411 ], [ 16.993394788002721, 52.444628345143002 ], [ 16.99326775603345, 52.444456230233627 ], [ 16.993110312221955, 52.444396904827528 ], [ 16.993103060545387, 52.444185620768529 ], [ 16.992935324219445, 52.444167322545226 ], [ 16.992808059635649, 52.444185763067466 ], [ 16.992718926515206, 52.444292405411346 ], [ 16.992523346973023, 52.444515696462922 ], [ 16.992373148523761, 52.444853063707193 ], [ 16.992364488770431, 52.445043476553217 ], [ 16.992665706009028, 52.445239687116242 ], [ 16.992791674596056, 52.445102232484665 ], [ 16.993018838819026, 52.44474041995808 ] ] ] ] } },
{ "type": "Feature", "properties": { "id": null }, "geometry": { "type": "MultiPolygon", "coordinates": [ [ [ [ 16.984824409855715, 52.453573432016896 ], [ 16.98487455344566, 52.453214304910183 ], [ 16.984885619428855, 52.453051258296234 ], [ 16.984773457692437, 52.453043856691814 ], [ 16.984427410960606, 52.452968151915364 ], [ 16.984257636935993, 52.453006320182197 ], [ 16.984228680455256, 52.453198820310639 ], [ 16.984194694417312, 52.453354278423731 ], [ 16.984079552894208, 52.45352067162397 ], [ 16.984824409855715, 52.453573432016896 ] ] ] ] } },
{ "type": "Feature", "properties": { "id": null }, "geometry": { "type": "MultiPolygon", "coordinates": [ [ [ [ 16.990338421382052, 52.472324738509947 ], [ 16.990185541934061, 52.472533300586633 ], [ 16.990545102348086, 52.472601213750757 ], [ 16.990308887347791, 52.47278775892525 ], [ 16.990614602962228, 52.472926860276502 ], [ 16.991003694515388, 52.472531751535719 ], [ 16.99053131328375, 52.472384761260571 ], [ 16.990602011616932, 52.472277715127731 ], [ 16.990799382203409, 52.471832997025182 ], [ 16.990333557650189, 52.471691175312301 ], [ 16.990155382876249, 52.472084716431745 ], [ 16.990432119568236, 52.472204301206041 ], [ 16.990338421382052, 52.472324738509947 ] ] ] ] } },
{ "type": "Feature", "properties": { "id": null }, "geometry": { "type": "MultiPolygon", "coordinates": [ [ [ [ 16.986062480418333, 52.485463137426699 ], [ 16.987036662477134, 52.485377065895975 ], [ 16.986960264212136, 52.485061639050151 ], [ 16.986860956496198, 52.484981549643869 ], [ 16.986369214724018, 52.485034981502849 ], [ 16.985977957714244, 52.484920164501148 ], [ 16.985987640565899, 52.485334569912958 ], [ 16.986062480418333, 52.485463137426699 ] ] ] ] } },
{ "type": "Feature", "properties": { "id": null }, "geometry": { "type": "MultiPolygon", "coordinates": [ [ [ [ 16.979966294775355, 52.468183453946722 ], [ 16.979855039015455, 52.46818680209897 ], [ 16.979730991235321, 52.468171547409597 ], [ 16.979636690811706, 52.468483053878344 ], [ 16.979565670417898, 52.468775582867202 ], [ 16.979937604432415, 52.468821340878357 ], [ 16.979966294775355, 52.468183453946722 ] ] ] ] } },
{ "type": "Feature", "properties": { "id": null }, "geometry": { "type": "MultiPolygon", "coordinates": [ [ [ [ 16.979622181511441, 52.471978981535081 ], [ 16.979638265510836, 52.471721800718278 ], [ 16.978575372700409, 52.471728594465745 ], [ 16.978550805612389, 52.471983003076566 ], [ 16.979622181511441, 52.471978981535081 ] ] ] ] } },
{ "type": "Feature", "properties": { "id": null }, "geometry": { "type": "MultiPolygon", "coordinates": [ [ [ [ 17.04569184398958, 52.487951445290221 ], [ 17.046213388520584, 52.487791608847111 ], [ 17.045895855541726, 52.487501945423531 ], [ 17.045349793727464, 52.487625510280424 ], [ 17.04569184398958, 52.487951445290221 ] ] ] ] } },
{ "type": "Feature", "properties": { "id": null }, "geometry": { "type": "MultiPolygon", "coordinates": [ [ [ [ 16.975800839676157, 52.50828717517718 ], [ 16.976144710242743, 52.50825886938096 ], [ 16.976166370695012, 52.507983898090728 ], [ 16.976136367124035, 52.507851220691784 ], [ 16.976034137392954, 52.507326322098976 ], [ 16.975999921117687, 52.507088942646782 ], [ 16.97585167596165, 52.50697626938863 ], [ 16.975435637229403, 52.506897561012515 ], [ 16.975377648719231, 52.507177417340564 ], [ 16.975485181808981, 52.507586763729819 ], [ 16.975800839676157, 52.50828717517718 ] ] ] ] } },
{ "type": "Feature", "properties": { "id": null }, "geometry": { "type": "MultiPolygon", "coordinates": [ [ [ [ 16.976055967569529, 52.506654861337225 ], [ 16.97605874888961, 52.506594333699972 ], [ 16.976303238231445, 52.506576489079769 ], [ 16.976290006359889, 52.506471632792866 ], [ 16.976091617384153, 52.506468238759197 ], [ 16.976151285810932, 52.506348109151972 ], [ 16.975778823331378, 52.506303188481489 ], [ 16.975573519783755, 52.50664660611163 ], [ 16.976055967569529, 52.506654861337225 ] ] ] ] } },
{ "type": "Feature", "properties": { "id": null }, "geometry": { "type": "MultiPolygon", "coordinates": [ [ [ [ 16.96261945600914, 52.562306443289295 ], [ 16.962614985643167, 52.562020316706032 ], [ 16.961997698973068, 52.562023517927713 ], [ 16.961966247352478, 52.562312083645253 ], [ 16.96261945600914, 52.562306443289295 ] ] ] ] } },
{ "type": "Feature", "properties": { "id": null }, "geometry": { "type": "MultiPolygon", "coordinates": [ [ [ [ 16.962611338180746, 52.561786859846514 ], [ 16.962607547208474, 52.561544217249164 ], [ 16.961888464302799, 52.56155355847536 ], [ 16.961922638687, 52.561790939604961 ], [ 16.962611338180746, 52.561786859846514 ] ] ] ] } },
{ "type": "Feature", "properties": { "id": null }, "geometry": { "type": "MultiPolygon", "coordinates": [ [ [ [ 16.962576495275293, 52.561135873501996 ], [ 16.962540563032501, 52.560831847257333 ], [ 16.961997863588369, 52.560850571081502 ], [ 16.96200278335111, 52.561134256323676 ], [ 16.962576495275293, 52.561135873501996 ] ] ] ] } },
{ "type": "Feature", "properties": { "id": null }, "geometry": { "type": "MultiPolygon", "coordinates": [ [ [ [ 16.962494593016572, 52.56044288496561 ], [ 16.962469991121331, 52.560234720467442 ], [ 16.962098408360767, 52.560241046795603 ], [ 16.96211952657789, 52.560175328732626 ], [ 16.961804035509694, 52.560158882499849 ], [ 16.961763938313247, 52.560439039148036 ], [ 16.962494593016572, 52.56044288496561 ] ] ] ] } },
{ "type": "Feature", "properties": { "id": null }, "geometry": { "type": "MultiPolygon", "coordinates": [ [ [ [ 16.962421629841703, 52.55990454807214 ], [ 16.96233751799257, 52.559550901790807 ], [ 16.961713962548224, 52.559568102919926 ], [ 16.961708654419951, 52.559780023601427 ], [ 16.962181682467715, 52.559906565388097 ], [ 16.962421629841703, 52.55990454807214 ] ] ] ] } },
{ "type": "Feature", "properties": { "id": null }, "geometry": { "type": "MultiPolygon", "coordinates": [ [ [ [ 16.962272146730299, 52.558825648907316 ], [ 16.9622740616574, 52.558544869146822 ], [ 16.961556619941589, 52.558576921001695 ], [ 16.961493392648308, 52.558771323714872 ], [ 16.961625295014436, 52.558947059961454 ], [ 16.962272146730299, 52.558825648907316 ] ] ] ] } },
{ "type": "Feature", "properties": { "id": null }, "geometry": { "type": "MultiPolygon", "coordinates": [ [ [ [ 16.96227848668109, 52.558302998869692 ], [ 16.96228135704925, 52.558146103043789 ], [ 16.962267593372843, 52.558088231510354 ], [ 16.961740430850309, 52.558120268148265 ], [ 16.96183869276296, 52.558339479298382 ], [ 16.96227848668109, 52.558302998869692 ] ] ] ] } },
{ "type": "Feature", "properties": { "id": null }, "geometry": { "type": "MultiPolygon", "coordinates": [ [ [ [ 16.961874682564478, 52.564091958253634 ], [ 16.961432241425353, 52.564084338741857 ], [ 16.961392648020048, 52.56435349021185 ], [ 16.961825807232817, 52.564366456821297 ], [ 16.961874682564478, 52.564091958253634 ] ] ] ] } },
{ "type": "Feature", "properties": { "id": null }, "geometry": { "type": "MultiPolygon", "coordinates": [ [ [ [ 16.961620357388124, 52.563925127862937 ], [ 16.961650026522506, 52.563675079216345 ], [ 16.96133642465621, 52.563617363421578 ], [ 16.961326902668166, 52.563920073670481 ], [ 16.961620357388124, 52.563925127862937 ] ] ] ] } },
{ "type": "Feature", "properties": { "id": null }, "geometry": { "type": "MultiPolygon", "coordinates": [ [ [ [ 16.96190274719822, 52.556762881498969 ], [ 16.961902164802424, 52.556612221577957 ], [ 16.96174249094301, 52.556614191209533 ], [ 16.961602176189462, 52.556620034840712 ], [ 16.961620968739012, 52.556799329838825 ], [ 16.96190274719822, 52.556762881498969 ] ] ] ] } },
{ "type": "Feature", "properties": { "id": null }, "geometry": { "type": "MultiPolygon", "coordinates": [ [ [ [ 16.961901797422374, 52.556517185399002 ], [ 16.961900893469188, 52.556283349513265 ], [ 16.961739103126952, 52.556297491271231 ], [ 16.961557526442146, 52.556316391245474 ], [ 16.961587819586967, 52.556539938823299 ], [ 16.961737544588495, 52.55652599705968 ], [ 16.961901797422374, 52.556517185399002 ] ] ] ] } },
{ "type": "Feature", "properties": { "id": null }, "geometry": { "type": "MultiPolygon", "coordinates": [ [ [ [ 16.961922511858567, 52.555969103048525 ], [ 16.961988854363632, 52.555197676704019 ], [ 16.96159730232316, 52.555166152818366 ], [ 16.9615677388744, 52.555608941942779 ], [ 16.961717588247197, 52.555592248961617 ], [ 16.961632406417067, 52.555967998448182 ], [ 16.961922511858567, 52.555969103048525 ] ] ] ] } },
{ "type": "Feature", "properties": { "id": null }, "geometry": { "type": "MultiPolygon", "coordinates": [ [ [ [ 16.96211439847642, 52.554287717775601 ], [ 16.962139756585771, 52.55418358011142 ], [ 16.962142975427788, 52.554028106072174 ], [ 16.961731192848244, 52.554031990507703 ], [ 16.961713237879714, 52.554224419705058 ], [ 16.962027028640136, 52.554276631495412 ], [ 16.96211439847642, 52.554287717775601 ] ] ] ] } },
{ "type": "Feature", "properties": { "id": null }, "geometry": { "type": "MultiPolygon", "coordinates": [ [ [ [ 16.962145767849499, 52.553893227180247 ], [ 16.962148559352677, 52.553758391281313 ], [ 16.961752591051411, 52.553765278635524 ], [ 16.961750600471721, 52.55390566807047 ], [ 16.962145767849499, 52.553893227180247 ] ] ] ] } },
{ "type": "Feature", "properties": { "id": null }, "geometry": { "type": "MultiPolygon", "coordinates": [ [ [ [ 16.962150663643076, 52.553656748401352 ], [ 16.962153234344829, 52.553532575540487 ], [ 16.961763941459814, 52.55352042095555 ], [ 16.961743768873081, 52.553663250663945 ], [ 16.962150663643076, 52.553656748401352 ] ] ] ] } },
{ "type": "Feature", "properties": { "id": null }, "geometry": { "type": "MultiPolygon", "coordinates": [ [ [ [ 16.962068446586443, 52.553090626655511 ], [ 16.9621631679743, 52.553093634406395 ], [ 16.962058863169613, 52.552784517549121 ], [ 16.961445680093142, 52.552785286565147 ], [ 16.961466992974525, 52.553105048859635 ], [ 16.962068446586443, 52.553090626655511 ] ] ] ] } },
{ "type": "Feature", "properties": { "id": null }, "geometry": { "type": "MultiPolygon", "coordinates": [ [ [ [ 16.961864467193809, 52.552284170342816 ], [ 16.961763927659842, 52.552036905994377 ], [ 16.961263598458959, 52.552035976739091 ], [ 16.961305897566614, 52.552292772270903 ], [ 16.961864467193809, 52.552284170342816 ] ] ] ] } },
{ "type": "Feature", "properties": { "id": null }, "geometry": { "type": "MultiPolygon", "coordinates": [ [ [ [ 16.961614365825621, 52.55167994578661 ], [ 16.961586422769805, 52.551414502646971 ], [ 16.961197516606038, 52.551415321691174 ], [ 16.961213372037339, 52.551657894690614 ], [ 16.961614365825621, 52.55167994578661 ] ] ] ] } },
{ "type": "Feature", "properties": { "id": null }, "geometry": { "type": "MultiPolygon", "coordinates": [ [ [ [ 16.961606315549023, 52.551074057524268 ], [ 16.961710527259122, 52.55067012813813 ], [ 16.961158673836522, 52.550596890451416 ], [ 16.96103846030903, 52.551046378235483 ], [ 16.961606315549023, 52.551074057524268 ] ] ] ] } },
{ "type": "Feature", "properties": { "id": null }, "geometry": { "type": "MultiPolygon", "coordinates": [ [ [ [ 16.962255891421986, 52.549517926138329 ], [ 16.962453030180122, 52.549177773604178 ], [ 16.962504185950731, 52.548926528635363 ], [ 16.962169502696305, 52.548863133309602 ], [ 16.961889074405235, 52.54916393239926 ], [ 16.961551734097629, 52.549133341573722 ], [ 16.961473324029125, 52.549363277237418 ], [ 16.962255891421986, 52.549517926138329 ] ] ] ] } },
{ "type": "Feature", "properties": { "id": null }, "geometry": { "type": "MultiPolygon", "coordinates": [ [ [ [ 16.961864895905212, 52.550270385954327 ], [ 16.962002533413489, 52.549998705398679 ], [ 16.961650148602661, 52.549933525035733 ], [ 16.961475300764093, 52.550197593913538 ], [ 16.961864895905212, 52.550270385954327 ] ] ] ] } },
{ "type": "Feature", "properties": { "id": null }, "geometry": { "type": "MultiPolygon", "coordinates": [ [ [ [ 16.962862252295686, 52.548325088501898 ], [ 16.963160482048451, 52.54833639545901 ], [ 16.963269453536483, 52.548129011961393 ], [ 16.963396730985927, 52.547916436585197 ], [ 16.96352895660921, 52.547792055277711 ], [ 16.963124312279167, 52.547752050429771 ], [ 16.962862252295686, 52.548325088501898 ] ] ] ] } },
{ "type": "Feature", "properties": { "id": null }, "geometry": { "type": "MultiPolygon", "coordinates": [ [ [ [ 16.96260858304581, 52.548413786156942 ], [ 16.962628447008257, 52.548316223577693 ], [ 16.962699213491888, 52.54815361408167 ], [ 16.962160321985909, 52.548086514098038 ], [ 16.961991145370945, 52.548325900718922 ], [ 16.96260858304581, 52.548413786156942 ] ] ] ] } },
{ "type": "Feature", "properties": { "id": null }, "geometry": { "type": "MultiPolygon", "coordinates": [ [ [ [ 16.963003564811832, 52.54753107613827 ], [ 16.963212798713236, 52.547554328152444 ], [ 16.963295527323567, 52.547369469963215 ], [ 16.963107384851696, 52.547337371144188 ], [ 16.962613632463412, 52.547271050076766 ], [ 16.962751593112714, 52.547022864975204 ], [ 16.962223908263596, 52.546909150144607 ], [ 16.962030183042078, 52.547288537960824 ], [ 16.963003564811832, 52.54753107613827 ] ] ] ] } },
{ "type": "Feature", "properties": { "id": null }, "geometry": { "type": "MultiPolygon", "coordinates": [ [ [ [ 16.963401498023956, 52.546643067343311 ], [ 16.963659195163949, 52.54669044845663 ], [ 16.963722468476693, 52.546578933723467 ], [ 16.963123937083026, 52.546492359647061 ], [ 16.96320404292095, 52.546323027065817 ], [ 16.962814352801544, 52.546252990934398 ], [ 16.962676267595302, 52.546503927382368 ], [ 16.963401498023956, 52.546643067343311 ] ] ] ] } },
{ "type": "Feature", "properties": { "id": null }, "geometry": { "type": "MultiPolygon", "coordinates": [ [ [ [ 16.963331751295669, 52.546198568231425 ], [ 16.963470596117656, 52.545931123660395 ], [ 16.96384261518196, 52.545992593373811 ], [ 16.964041160897548, 52.546022007384707 ], [ 16.964268559127355, 52.545628627575333 ], [ 16.963450617831231, 52.545484727624931 ], [ 16.963334412004055, 52.545653439089172 ], [ 16.962753352847425, 52.545522287433421 ], [ 16.962613305732859, 52.54571812186358 ], [ 16.962850573967973, 52.545763507672248 ], [ 16.962770212985522, 52.545938342456282 ], [ 16.96317292918334, 52.546019616592808 ], [ 16.963138717011468, 52.546173218631452 ], [ 16.963331751295669, 52.546198568231425 ] ] ] ] } },
{ "type": "Feature", "properties": { "id": null }, "geometry": { "type": "MultiPolygon", "coordinates": [ [ [ [ 16.965499177261812, 52.542986828516241 ], [ 16.965580412442534, 52.542792733082393 ], [ 16.965286843418706, 52.542793192552857 ], [ 16.965250986982014, 52.542982561252529 ], [ 16.965499177261812, 52.542986828516241 ] ] ] ] } },
{ "type": "Feature", "properties": { "id": null }, "geometry": { "type": "MultiPolygon", "coordinates": [ [ [ [ 16.965584738719187, 52.542699191550867 ], [ 16.965699095961714, 52.542277132497937 ], [ 16.965804672335125, 52.542044907620848 ], [ 16.965947491965377, 52.541788542141127 ], [ 16.96544540842687, 52.541708322177655 ], [ 16.965275119193738, 52.542167967050418 ], [ 16.965391807066407, 52.542183740428847 ], [ 16.965188782285971, 52.542667603004368 ], [ 16.965584738719187, 52.542699191550867 ] ] ] ] } },
{ "type": "Feature", "properties": { "id": null }, "geometry": { "type": "MultiPolygon", "coordinates": [ [ [ [ 16.966628106010567, 52.541816759622584 ], [ 16.967265122253835, 52.541811183374172 ], [ 16.967284319245707, 52.541395748408654 ], [ 16.96660027749834, 52.541441817806103 ], [ 16.966628106010567, 52.541816759622584 ] ] ] ] } },
{ "type": "Feature", "properties": { "id": null }, "geometry": { "type": "MultiPolygon", "coordinates": [ [ [ [ 16.966177568446192, 52.539644837164708 ], [ 16.966219014081553, 52.539334414152634 ], [ 16.965753369272612, 52.539345684081738 ], [ 16.965758060192009, 52.539634872805777 ], [ 16.966177568446192, 52.539644837164708 ] ] ] ] } },
{ "type": "Feature", "properties": { "id": null }, "geometry": { "type": "MultiPolygon", "coordinates": [ [ [ [ 16.966309705585953, 52.539228589834565 ], [ 16.966368490950263, 52.539226846708381 ], [ 16.966341484245358, 52.539127259808751 ], [ 16.966257600319384, 52.538988147638513 ], [ 16.965832314051198, 52.539005618297423 ], [ 16.965813621652512, 52.539214556161795 ], [ 16.966309705585953, 52.539228589834565 ] ] ] ] } },
{ "type": "Feature", "properties": { "id": null }, "geometry": { "type": "MultiPolygon", "coordinates": [ [ [ [ 16.96612643337048, 52.538895030695471 ], [ 16.966113733298098, 52.538583677025706 ], [ 16.965870334266896, 52.538573986413802 ], [ 16.965896254676831, 52.538794704830686 ], [ 16.965778685075541, 52.538798190596104 ], [ 16.965808675914015, 52.538930869864728 ], [ 16.96612643337048, 52.538895030695471 ] ] ] ] } },
{ "type": "Feature", "properties": { "id": null }, "geometry": { "type": "MultiPolygon", "coordinates": [ [ [ [ 16.966223937359807, 52.538348777855376 ], [ 16.966229030469613, 52.538043236810573 ], [ 16.965895139100816, 52.538037497713667 ], [ 16.965885157327328, 52.538155722792879 ], [ 16.965732256258057, 52.538142080682192 ], [ 16.965717694294966, 52.538359349798675 ], [ 16.966223937359807, 52.538348777855376 ] ] ] ] } },
{ "type": "Feature", "properties": { "id": null }, "geometry": { "type": "MultiPolygon", "coordinates": [ [ [ [ 16.966157546383844, 52.53773362617585 ], [ 16.96612196523019, 52.537526508791707 ], [ 16.965680485603304, 52.537601522108488 ], [ 16.96570265587691, 52.537805655672784 ], [ 16.966157546383844, 52.53773362617585 ] ] ] ] } },
{ "type": "Feature", "properties": { "id": null }, "geometry": { "type": "MultiPolygon", "coordinates": [ [ [ [ 16.965953629285071, 52.537358410634013 ], [ 16.965879731347695, 52.537101073098825 ], [ 16.965621278152906, 52.537124164064686 ], [ 16.965677253914439, 52.537378440245213 ], [ 16.965953629285071, 52.537358410634013 ] ] ] ] } },
{ "type": "Feature", "properties": { "id": null }, "geometry": { "type": "MultiPolygon", "coordinates": [ [ [ [ 16.966532611598836, 52.534992167684258 ], [ 16.966669880003316, 52.534985463490791 ], [ 16.966661095571894, 52.534837775320518 ], [ 16.966667602087345, 52.534635520286898 ], [ 16.966544374733022, 52.534639933113084 ], [ 16.966038937473272, 52.534633999509204 ], [ 16.966023167285595, 52.534975151532336 ], [ 16.966532611598836, 52.534992167684258 ] ] ] ] } },
{ "type": "Feature", "properties": { "id": null }, "geometry": { "type": "MultiPolygon", "coordinates": [ [ [ [ 16.962155268724263, 52.553438592022417 ], [ 16.96215854722789, 52.553295421911955 ], [ 16.961797311426718, 52.553275598315444 ], [ 16.961463432920524, 52.553267094352641 ], [ 16.961483116685553, 52.553427130981675 ], [ 16.962155268724263, 52.553438592022417 ] ] ] ] } },
{ "type": "Feature", "properties": { "id": null }, "geometry": { "type": "MultiPolygon", "coordinates": [ [ [ [ 16.977929760690404, 52.532021404288557 ], [ 16.978120244907601, 52.531708017425302 ], [ 16.978012468441815, 52.531400547434991 ], [ 16.977797777755207, 52.531454700068309 ], [ 16.977667033195672, 52.531548834820114 ], [ 16.977216694633455, 52.531720108588452 ], [ 16.977929760690404, 52.532021404288557 ] ] ] ] } },
{ "type": "Feature", "properties": { "id": null }, "geometry": { "type": "MultiPolygon", "coordinates": [ [ [ [ 16.980341881402026, 52.534665602247237 ], [ 16.980182306916305, 52.534404058315118 ], [ 16.979758711338434, 52.534385813290925 ], [ 16.979729042961765, 52.534638620119793 ], [ 16.980341881402026, 52.534665602247237 ] ] ] ] } },
{ "type": "Feature", "properties": { "id": null }, "geometry": { "type": "MultiPolygon", "coordinates": [ [ [ [ 16.986161016326903, 52.513775843414827 ], [ 16.986241474036099, 52.513503993443678 ], [ 16.98635980829172, 52.513087489027001 ], [ 16.986459347382063, 52.512687185060734 ], [ 16.986537072857033, 52.512369112113447 ], [ 16.986643904171935, 52.511809234160822 ], [ 16.986080333019011, 52.511896011025755 ], [ 16.986172852115537, 52.512142639701786 ], [ 16.986304380987693, 52.51212835811819 ], [ 16.986299812472748, 52.512425648896617 ], [ 16.986352503155391, 52.512655078978781 ], [ 16.98613229253375, 52.512634810093282 ], [ 16.986002210887438, 52.512913443717942 ], [ 16.986205013807169, 52.51291964945829 ], [ 16.986162017403423, 52.513070355226915 ], [ 16.985914873399782, 52.513046874061381 ], [ 16.985863737646582, 52.513178167271199 ], [ 16.985952544534694, 52.51320996671425 ], [ 16.985814195861828, 52.513471938914932 ], [ 16.986083764291237, 52.513498555421435 ], [ 16.985999530806808, 52.513761449024507 ], [ 16.986161016326903, 52.513775843414827 ] ] ] ] } },
{ "type": "Feature", "properties": { "id": null }, "geometry": { "type": "MultiPolygon", "coordinates": [ [ [ [ 16.986784636120234, 52.510803880134397 ], [ 16.98710542617955, 52.51079557172811 ], [ 16.987164998050375, 52.510380820001529 ], [ 16.986753648286541, 52.510395847679376 ], [ 16.986784636120234, 52.510803880134397 ] ] ] ] } },
{ "type": "Feature", "properties": { "id": null }, "geometry": { "type": "MultiPolygon", "coordinates": [ [ [ [ 16.989444673011295, 52.511402897659401 ], [ 16.989706091606589, 52.511410093603196 ], [ 16.989728183788497, 52.511024991419852 ], [ 16.98946701868525, 52.511012292993513 ], [ 16.989444673011295, 52.511402897659401 ] ] ] ] } },
{ "type": "Feature", "properties": { "id": null }, "geometry": { "type": "MultiPolygon", "coordinates": [ [ [ [ 17.041880419368137, 52.516789363223545 ], [ 17.042287305001036, 52.516774069640157 ], [ 17.042249821664644, 52.516398988826012 ], [ 17.041769310519534, 52.516446104300812 ], [ 17.041880419368137, 52.516789363223545 ] ] ] ] } },
{ "type": "Feature", "properties": { "id": null }, "geometry": { "type": "MultiPolygon", "coordinates": [ [ [ [ 16.976028815100943, 52.514769750882202 ], [ 16.976163158145457, 52.514645392016561 ], [ 16.976199151680742, 52.514549638191809 ], [ 16.976217253575143, 52.514548571144246 ], [ 16.976291789533096, 52.514547092749844 ], [ 16.97636470285649, 52.514531819473767 ], [ 16.976411948955306, 52.51448581954881 ], [ 16.976393425618028, 52.514446954887156 ], [ 16.97631608715654, 52.514411214291023 ], [ 16.976562578906648, 52.51420341740895 ], [ 16.976394563453912, 52.51412757810067 ], [ 16.976320871029607, 52.514208920048745 ], [ 16.976224735839818, 52.514189378353301 ], [ 16.976141306886745, 52.514335258911117 ], [ 16.975982352665397, 52.514307758810567 ], [ 16.975900503543091, 52.514419248530366 ], [ 16.97602656267318, 52.514475096839377 ], [ 16.975877868701911, 52.514617107222769 ], [ 16.975939486520726, 52.514651202436504 ], [ 16.975861788567066, 52.514721461910497 ], [ 16.976028815100943, 52.514769750882202 ] ] ] ] } },
{ "type": "Feature", "properties": { "id": null }, "geometry": { "type": "MultiPolygon", "coordinates": [ [ [ [ 16.972349209034373, 52.511998928277329 ], [ 16.973203004667052, 52.511980517870661 ], [ 16.973383731231156, 52.511779861054123 ], [ 16.973627237562884, 52.511784032276601 ], [ 16.973661763027881, 52.511622171977464 ], [ 16.97374110091496, 52.510486369079864 ], [ 16.973576790802138, 52.510428486278975 ], [ 16.973550748153436, 52.510406012829691 ], [ 16.973552520515319, 52.510367495326605 ], [ 16.972301234998596, 52.510296493052927 ], [ 16.972343438435075, 52.510556037838043 ], [ 16.972195184512355, 52.511423577141763 ], [ 16.972032595029454, 52.511426296925706 ], [ 16.972349209034373, 52.511998928277329 ] ] ] ] } },
{ "type": "Feature", "properties": { "id": null }, "geometry": { "type": "MultiPolygon", "coordinates": [ [ [ [ 16.973499544600486, 52.512401364055968 ], [ 16.973969412523662, 52.512390137932073 ], [ 16.973960504348916, 52.511897123569703 ], [ 16.97374856306169, 52.511893493680887 ], [ 16.973740081360933, 52.512077827417563 ], [ 16.973456115342966, 52.51207020994535 ], [ 16.973499544600486, 52.512401364055968 ] ] ] ] } },
{ "type": "Feature", "properties": { "id": null }, "geometry": { "type": "MultiPolygon", "coordinates": [ [ [ [ 16.97482583456879, 52.508618658403485 ], [ 16.974646190126872, 52.508910392082079 ], [ 16.974913148034418, 52.509091181073245 ], [ 16.975256472501087, 52.509083290633249 ], [ 16.975304464688097, 52.508898256276773 ], [ 16.975292120018782, 52.508774141156422 ], [ 16.975114242754632, 52.508588166355182 ], [ 16.974934501539867, 52.508525082892248 ], [ 16.97482583456879, 52.508618658403485 ] ] ] ] } },
{ "type": "Feature", "properties": { "id": null }, "geometry": { "type": "MultiPolygon", "coordinates": [ [ [ [ 16.972207229734259, 52.507431497023056 ], [ 16.972185496265848, 52.507315480810036 ], [ 16.971918255173488, 52.507239310594237 ], [ 16.971826136682001, 52.507310524842048 ], [ 16.971759792389033, 52.507477346035216 ], [ 16.971693320876547, 52.507646918429977 ], [ 16.972046360882384, 52.507721806582119 ], [ 16.972207229734259, 52.507431497023056 ] ] ] ] } },
{ "type": "Feature", "properties": { "id": null }, "geometry": { "type": "MultiPolygon", "coordinates": [ [ [ [ 16.974905333053389, 52.50796076881133 ], [ 16.974949157958161, 52.507989053216249 ], [ 16.975015780886316, 52.50801222101731 ], [ 16.975102084241318, 52.507999931202413 ], [ 16.975143930056454, 52.507973113276485 ], [ 16.975142456749918, 52.507907006000245 ], [ 16.975104658646622, 52.507845783797769 ], [ 16.975061339745555, 52.507806494434277 ], [ 16.975012879481024, 52.507780884141873 ], [ 16.974954262856812, 52.50777988074389 ], [ 16.974894634223858, 52.507800887346619 ], [ 16.974879209766051, 52.507841924587424 ], [ 16.97481907498705, 52.507873936165126 ], [ 16.974650218457718, 52.507915100039241 ], [ 16.974674995075816, 52.507965085778899 ], [ 16.974815279778074, 52.507956473770975 ], [ 16.974905333053389, 52.50796076881133 ] ] ] ] } },
{ "type": "Feature", "properties": { "id": null }, "geometry": { "type": "MultiPolygon", "coordinates": [ [ [ [ 16.980935217794354, 52.512986773001501 ], [ 16.981142655759506, 52.512990313117825 ], [ 16.981625961551558, 52.512882916359082 ], [ 16.981420160222562, 52.512449872366446 ], [ 16.982982046995748, 52.512215461857679 ], [ 16.982845641536933, 52.511720418155839 ], [ 16.982797434960496, 52.511545463916569 ], [ 16.982519880976106, 52.511004741445241 ], [ 16.981848092572228, 52.511088726255984 ], [ 16.981580649936525, 52.510720712764765 ], [ 16.979224606414576, 52.511071488423674 ], [ 16.979700806956391, 52.512429299447099 ], [ 16.980823853326321, 52.512247473446813 ], [ 16.980946616638697, 52.512621279672622 ], [ 16.980778490303983, 52.51266470196839 ], [ 16.980935217794354, 52.512986773001501 ] ] ] ] } },
{ "type": "Feature", "properties": { "id": null }, "geometry": { "type": "MultiPolygon", "coordinates": [ [ [ [ 16.987538016640201, 52.554921230824895 ], [ 16.987640236472554, 52.554760518673774 ], [ 16.987196768898038, 52.554678635774771 ], [ 16.98710821508746, 52.554836826589664 ], [ 16.987538016640201, 52.554921230824895 ] ] ] ] } },
{ "type": "Feature", "properties": { "id": null }, "geometry": { "type": "MultiPolygon", "coordinates": [ [ [ [ 16.978022127775837, 52.551141071544961 ], [ 16.978555976474507, 52.551122657266454 ], [ 16.978555043741558, 52.550946423739617 ], [ 16.978011917367692, 52.550970186287813 ], [ 16.978022127775837, 52.551141071544961 ] ] ] ] } },
{ "type": "Feature", "properties": { "id": null }, "geometry": { "type": "MultiPolygon", "coordinates": [ [ [ [ 16.979187724086092, 52.477422087542138 ], [ 16.979250173294506, 52.476820417343461 ], [ 16.97845614062788, 52.476816557796013 ], [ 16.978411262947933, 52.47742002284734 ], [ 16.979187724086092, 52.477422087542138 ] ] ] ] } },
{ "type": "Feature", "properties": { "id": null }, "geometry": { "type": "MultiPolygon", "coordinates": [ [ [ [ 16.984732908581297, 52.495418319486205 ], [ 16.98481014476485, 52.495422964961953 ], [ 16.984845546049094, 52.495425094203384 ], [ 16.984813930148146, 52.495491803149797 ], [ 16.9847544377389, 52.495501090044719 ], [ 16.984561215491208, 52.495482347197694 ], [ 16.984172417203446, 52.495496322792036 ], [ 16.984175198519676, 52.495619975837883 ], [ 16.984841772989711, 52.495621033366952 ], [ 16.984951385018061, 52.495622900725245 ], [ 16.985289829383206, 52.495602914674187 ], [ 16.985309986960569, 52.495531154730912 ], [ 16.985297359006108, 52.495438235424395 ], [ 16.985458736989571, 52.495415232846959 ], [ 16.986212482769059, 52.495170556059662 ], [ 16.985833641045005, 52.494597579882225 ], [ 16.985779560478246, 52.494488504040142 ], [ 16.985639951737827, 52.494589131287626 ], [ 16.985446694656858, 52.494755797723201 ], [ 16.985255083205946, 52.494886440235106 ], [ 16.985037234572484, 52.495037236434776 ], [ 16.984982151389506, 52.495113589274197 ], [ 16.984930320646026, 52.495118289697842 ], [ 16.984839071877442, 52.495126564803442 ], [ 16.984721500220598, 52.495114261248979 ], [ 16.984572320690592, 52.495055066900321 ], [ 16.984634166266854, 52.494994317841623 ], [ 16.984553381277561, 52.494915687836524 ], [ 16.984417770171291, 52.494928827775688 ], [ 16.984328746410974, 52.495030315467908 ], [ 16.984196387122612, 52.495156815752843 ], [ 16.98396896934981, 52.495147789628561 ], [ 16.983934861648954, 52.494786691778828 ], [ 16.983571599449551, 52.494795950363923 ], [ 16.983580270335214, 52.495712840183039 ], [ 16.98361399715597, 52.495713415125877 ], [ 16.983799494690491, 52.49571657713971 ], [ 16.983873305983437, 52.495578778898462 ], [ 16.983843627492259, 52.495305310545142 ], [ 16.98408908650563, 52.495288893204609 ], [ 16.984101476435516, 52.495386958839177 ], [ 16.984397761089511, 52.495366256822493 ], [ 16.984409723769598, 52.495289207141347 ], [ 16.984732908581297, 52.495418319486205 ] ] ] ] } },
{ "type": "Feature", "properties": { "id": null }, "geometry": { "type": "MultiPolygon", "coordinates": [ [ [ [ 16.966760396385169, 52.536609581022027 ], [ 16.966783659857349, 52.536301598708988 ], [ 16.966193749735279, 52.536266680287298 ], [ 16.966059920513924, 52.53625348923844 ], [ 16.966064813438152, 52.536223162927044 ], [ 16.965587574177992, 52.536192931504502 ], [ 16.965542124637839, 52.536492271964576 ], [ 16.966020511790386, 52.536497742574888 ], [ 16.966149907534643, 52.536494804300922 ], [ 16.966128348930408, 52.536606979193884 ], [ 16.966760396385169, 52.536609581022027 ] ] ] ] } },
{ "type": "Feature", "properties": { "id": null }, "geometry": { "type": "MultiPolygon", "coordinates": [ [ [ [ 16.96602848346814, 52.535641568595054 ], [ 16.966019005051258, 52.535944280956613 ], [ 16.966379824397659, 52.535953236021342 ], [ 16.966501756708119, 52.535960167615713 ], [ 16.966559274842496, 52.535868554961674 ], [ 16.966600782508216, 52.535643404825144 ], [ 16.966681424121496, 52.53517954769962 ], [ 16.966543919699728, 52.535138292837971 ], [ 16.96598484448316, 52.535120423619887 ], [ 16.965961194714215, 52.535436659460345 ], [ 16.966232155790426, 52.535435810091435 ], [ 16.966227680090572, 52.535639155964994 ], [ 16.96602848346814, 52.535641568595054 ] ] ] ] } },
{ "type": "Feature", "properties": { "id": null }, "geometry": { "type": "MultiPolygon", "coordinates": [ [ [ [ 16.966315848756317, 52.53997486952796 ], [ 16.965560591063781, 52.539901312191695 ], [ 16.96547948872011, 52.540092656531804 ], [ 16.96530041771431, 52.540144301638072 ], [ 16.965050347134525, 52.541059640504656 ], [ 16.965208185967651, 52.541174211963998 ], [ 16.965386761906206, 52.541414075720077 ], [ 16.96603006561293, 52.541370066536061 ], [ 16.966152986492943, 52.540739838448452 ], [ 16.966298285481201, 52.5407455224044 ], [ 16.966867092716846, 52.540749789780932 ], [ 16.966913239279801, 52.540337571222629 ], [ 16.966407609304287, 52.54033438976191 ], [ 16.966231312354989, 52.54033824345337 ], [ 16.966276056530855, 52.540249526632962 ], [ 16.966315848756317, 52.53997486952796 ] ] ] ] } },
{ "type": "Feature", "properties": { "id": null }, "geometry": { "type": "MultiPolygon", "coordinates": [ [ [ [ 16.96436419166961, 52.54360334743145 ], [ 16.963566968621937, 52.545117773099321 ], [ 16.964473825660626, 52.545274149916246 ], [ 16.965183619515468, 52.54404834883605 ], [ 16.965314629745261, 52.543754610043592 ], [ 16.965098914509269, 52.543731626998074 ], [ 16.965272823113107, 52.543486810559692 ], [ 16.965469870166121, 52.543132255327336 ], [ 16.965137467618778, 52.543093499056397 ], [ 16.965080655580582, 52.542954851672462 ], [ 16.964899644582452, 52.542962752503705 ], [ 16.964892771047761, 52.543111318394914 ], [ 16.965053441404127, 52.543152629154129 ], [ 16.964962796172088, 52.54335482264036 ], [ 16.964718098083452, 52.543372641601501 ], [ 16.96468414821231, 52.543520741787724 ], [ 16.964663002353717, 52.543655519178202 ], [ 16.96436419166961, 52.54360334743145 ] ] ] ] } },
{ "type": "Feature", "properties": { "id": null }, "geometry": { "type": "MultiPolygon", "coordinates": [ [ [ [ 16.972544240616287, 52.513674684432324 ], [ 16.972557984170432, 52.513541667212557 ], [ 16.972663198169194, 52.513314936588522 ], [ 16.972427540403462, 52.512159969096302 ], [ 16.972192417545397, 52.512169706210955 ], [ 16.972223654734293, 52.512079378823792 ], [ 16.971876177315238, 52.512078929169498 ], [ 16.971711811324365, 52.512120165938143 ], [ 16.971758395451733, 52.512382539399027 ], [ 16.971371091249562, 52.512364884946059 ], [ 16.971237782764458, 52.512417667304199 ], [ 16.971298599356892, 52.512720037506568 ], [ 16.971302369561187, 52.513103515719692 ], [ 16.971541373389208, 52.513107613976615 ], [ 16.971807561040738, 52.513109424373724 ], [ 16.971888046427711, 52.513223694339928 ], [ 16.97187256491241, 52.513363853270199 ], [ 16.971738873783227, 52.513424889897735 ], [ 16.971618330725651, 52.513494412062535 ], [ 16.971633728709872, 52.513747990552432 ], [ 16.971686396880408, 52.513878304210493 ], [ 16.971668179077472, 52.513979868339256 ], [ 16.971768224770173, 52.514061432706598 ], [ 16.971795050762818, 52.514262892127817 ], [ 16.971829808153831, 52.514390145224873 ], [ 16.972540659420794, 52.514242631402958 ], [ 16.972722683392057, 52.514218458876762 ], [ 16.972769001472987, 52.514116961700928 ], [ 16.972835809173674, 52.514038257367432 ], [ 16.972924278052098, 52.513979198073294 ], [ 16.973063910483898, 52.513936159118138 ], [ 16.973168074423665, 52.513928306774382 ], [ 16.9731936063001, 52.513753558001881 ], [ 16.972813028642342, 52.51378558512377 ], [ 16.972835759406458, 52.513684313788112 ], [ 16.972544240616287, 52.513674684432324 ] ] ] ] } },
{ "type": "Feature", "properties": { "id": null }, "geometry": { "type": "MultiPolygon", "coordinates": [ [ [ [ 16.974059126067591, 52.514963785659852 ], [ 16.973954771873547, 52.514529120393163 ], [ 16.97394758605121, 52.514419615543169 ], [ 16.973938853999424, 52.514286547095679 ], [ 16.973582429816954, 52.51427786119504 ], [ 16.973475506439524, 52.514269774394457 ], [ 16.973476913692298, 52.514327336181651 ], [ 16.973463779240969, 52.514416597251092 ], [ 16.973424156608928, 52.514493014199438 ], [ 16.973349026375256, 52.514556432492498 ], [ 16.973434176558296, 52.514655293274814 ], [ 16.973391602360799, 52.514746803445085 ], [ 16.973316598270006, 52.514807470462337 ], [ 16.973278375558007, 52.514851008009536 ], [ 16.973241709182602, 52.514906248721424 ], [ 16.973642589150163, 52.514938162923144 ], [ 16.973653586015178, 52.514993419616047 ], [ 16.973486093807196, 52.515004317765907 ], [ 16.973303172892194, 52.515056252625541 ], [ 16.973427116691244, 52.515207060355756 ], [ 16.973577583720154, 52.515173843332327 ], [ 16.973694709939107, 52.515178602907483 ], [ 16.973709963432906, 52.515239439331815 ], [ 16.973559622892893, 52.515269905274053 ], [ 16.9736341657485, 52.515513482750542 ], [ 16.973752052526741, 52.515501734789595 ], [ 16.973762416612274, 52.515570747710967 ], [ 16.973122740506113, 52.51564239272497 ], [ 16.973180888721007, 52.515849895188367 ], [ 16.973630017197287, 52.515799767019494 ], [ 16.973846107241663, 52.515811728288604 ], [ 16.973837877959806, 52.515990559417482 ], [ 16.973257963202801, 52.516038447928459 ], [ 16.973125532229648, 52.516071973564777 ], [ 16.973014383576956, 52.516133397858752 ], [ 16.972965358905135, 52.516217913812149 ], [ 16.972980231730062, 52.516287004053382 ], [ 16.973086947966017, 52.516321873431274 ], [ 16.973208080426847, 52.516337715769907 ], [ 16.973307550236573, 52.516333912972868 ], [ 16.97338044194073, 52.516686910580603 ], [ 16.973945546988499, 52.518530364357368 ], [ 16.974634621527017, 52.518465067138713 ], [ 16.974910505127582, 52.519041811638282 ], [ 16.975084091271608, 52.51902508868146 ], [ 16.97738592823039, 52.518803308763296 ], [ 16.977122726731778, 52.517851634409148 ], [ 16.977912017352551, 52.517766004360148 ], [ 16.977643091811306, 52.51733187509852 ], [ 16.976944513451297, 52.517408040847741 ], [ 16.976802465681768, 52.516766819579985 ], [ 16.974431024418717, 52.516439886208303 ], [ 16.974361571600589, 52.516281752358005 ], [ 16.974219217367178, 52.515844275148311 ], [ 16.974697255684294, 52.515852459695417 ], [ 16.974668609503141, 52.515494025198286 ], [ 16.974620912400148, 52.515157291855367 ], [ 16.974499702494327, 52.515045080040508 ], [ 16.9740835431022, 52.515065488454667 ], [ 16.974059126067591, 52.514963785659852 ] ], [ [ 16.975592535651295, 52.517527985942628 ], [ 16.975719783061997, 52.517514712559418 ], [ 16.975870681786542, 52.517537895266472 ], [ 16.975985708106016, 52.517606816108923 ], [ 16.976075427176411, 52.51767530390444 ], [ 16.976140941426625, 52.51790303453781 ], [ 16.976027016229956, 52.517993789662306 ], [ 16.975831806863859, 52.518016201082894 ], [ 16.97567294383137, 52.51798258161633 ], [ 16.975499338927772, 52.517902357646157 ], [ 16.975462602080881, 52.517783273818665 ], [ 16.975468518019415, 52.517654619419041 ], [ 16.975592535651295, 52.517527985942628 ] ] ] ] } },
{ "type": "Feature", "properties": { "id": null }, "geometry": { "type": "MultiPolygon", "coordinates": [ [ [ [ 16.979782979620801, 52.470065260407281 ], [ 16.979156612812606, 52.470028287244602 ], [ 16.97887123311196, 52.470060189498597 ], [ 16.978865218258747, 52.470191441646875 ], [ 16.978860494344314, 52.470388393328726 ], [ 16.978826763777292, 52.470561205352695 ], [ 16.978778453199425, 52.470770547548803 ], [ 16.97869499950081, 52.471089627188007 ], [ 16.978657001923452, 52.471167790668616 ], [ 16.978613589935311, 52.471364081026081 ], [ 16.979680558668665, 52.471371254600001 ], [ 16.979684319997787, 52.471279921492346 ], [ 16.97970443075365, 52.471122639171824 ], [ 16.97972101042879, 52.470899458323828 ], [ 16.980675933935789, 52.470885452764001 ], [ 16.980728907351768, 52.47064944548741 ], [ 16.980375684614881, 52.470627962780952 ], [ 16.980382518815563, 52.470478722028766 ], [ 16.979752378302837, 52.470477204552544 ], [ 16.9797755720674, 52.470164979115587 ], [ 16.980690654129763, 52.470195569642655 ], [ 16.980649809708318, 52.469798302338795 ], [ 16.979766117404278, 52.469775991484923 ], [ 16.979782979620801, 52.470065260407281 ] ] ] ] } },
{ "type": "Feature", "properties": { "id": null }, "geometry": { "type": "MultiPolygon", "coordinates": [ [ [ [ 16.984055806415224, 52.46797657123274 ], [ 16.983827117274327, 52.467998423686012 ], [ 16.983446046656141, 52.468033128038449 ], [ 16.983013710957877, 52.468082407549566 ], [ 16.982623506478198, 52.468132404240436 ], [ 16.982844619180277, 52.468460642364938 ], [ 16.98298669286525, 52.468488817030178 ], [ 16.983224046736382, 52.468461963700911 ], [ 16.984115414931669, 52.468332955089799 ], [ 16.984334032939167, 52.468346982196628 ], [ 16.9845461058732, 52.468319695300991 ], [ 16.984623590183713, 52.468284964083246 ], [ 16.984612380820511, 52.468161166902654 ], [ 16.984640952179198, 52.468089550254668 ], [ 16.984844597269081, 52.468062119199111 ], [ 16.984839227410415, 52.467995074365412 ], [ 16.984828017493108, 52.467871277194185 ], [ 16.984549476341833, 52.467876830726127 ], [ 16.984536386031607, 52.467794203521073 ], [ 16.984605481904548, 52.467573920121779 ], [ 16.984590549298098, 52.46734705433802 ], [ 16.984518239978833, 52.467268568082936 ], [ 16.984265733752711, 52.467263717614472 ], [ 16.984255654745937, 52.46750785990475 ], [ 16.984226557945671, 52.46778556668086 ], [ 16.984164644110013, 52.467993877377147 ], [ 16.984055806415224, 52.46797657123274 ] ] ] ] } },
{ "type": "Feature", "properties": { "id": null }, "geometry": { "type": "MultiPolygon", "coordinates": [ [ [ [ 16.982987459009721, 52.464414975566619 ], [ 16.982853824090281, 52.464386944745655 ], [ 16.982694676878648, 52.464363628802495 ], [ 16.982570257828392, 52.464304307010643 ], [ 16.982398374106126, 52.464387605561129 ], [ 16.982052090471814, 52.464535680879735 ], [ 16.981826388951983, 52.464546200893722 ], [ 16.981938491510196, 52.464373598670832 ], [ 16.982386945008816, 52.463653691903772 ], [ 16.982442052797335, 52.463565225049877 ], [ 16.982496399789284, 52.463459747244165 ], [ 16.982582955925967, 52.463291756113968 ], [ 16.982938569255285, 52.463351900385994 ], [ 16.983274096923154, 52.462744742231294 ], [ 16.983408476220063, 52.462571925127151 ], [ 16.983458697141096, 52.462487802273316 ], [ 16.983174117237038, 52.462441746735287 ], [ 16.983483859921563, 52.461925736104462 ], [ 16.983681037504105, 52.461609714219001 ], [ 16.983500097302997, 52.461582062254251 ], [ 16.983641057763407, 52.461265149782434 ], [ 16.983751297389574, 52.460697925593898 ], [ 16.983335553003972, 52.460662509401345 ], [ 16.98328931129312, 52.460751850342227 ], [ 16.983282489318587, 52.460901091608278 ], [ 16.983211560158988, 52.460977135807106 ], [ 16.983170520119828, 52.461022027097741 ], [ 16.983163318167701, 52.461110219813627 ], [ 16.983173581175166, 52.461254602211127 ], [ 16.983165505565001, 52.461315538202548 ], [ 16.983057136465899, 52.461311844070259 ], [ 16.982876663342051, 52.461310611287132 ], [ 16.982844720775503, 52.461439552367359 ], [ 16.982993410060299, 52.461599171756433 ], [ 16.982921999478812, 52.461715849941619 ], [ 16.982577089406956, 52.461687381523618 ], [ 16.982514422116918, 52.461748083386333 ], [ 16.982357072142921, 52.462054414381377 ], [ 16.98241873185885, 52.462088943168368 ], [ 16.982564526815477, 52.462127482531294 ], [ 16.982515010654712, 52.462196166256405 ], [ 16.982402233258778, 52.462541884736829 ], [ 16.982341137450863, 52.462587194632391 ], [ 16.98217719585308, 52.462576671787701 ], [ 16.982101931646959, 52.462655216489779 ], [ 16.982093246447192, 52.46275292325771 ], [ 16.982086403242562, 52.462845513278722 ], [ 16.981913958915396, 52.462801366187485 ], [ 16.981855277593596, 52.462941457432251 ], [ 16.982043370522106, 52.462985087451038 ], [ 16.981945307259448, 52.46318154029656 ], [ 16.982218800409353, 52.46323404013237 ], [ 16.982407025508188, 52.46326538474981 ], [ 16.982314704077741, 52.463441687048757 ], [ 16.982180667840751, 52.463618371485346 ], [ 16.98199624709347, 52.46359462330161 ], [ 16.981793262299941, 52.463575198114498 ], [ 16.98164225710077, 52.463569541053431 ], [ 16.981555069121505, 52.463564973145026 ], [ 16.981487799276749, 52.463565877985786 ], [ 16.981305860887812, 52.46357509088228 ], [ 16.980846622915003, 52.46362063126147 ], [ 16.980816328722081, 52.463841851285174 ], [ 16.980788100091043, 52.464017937856724 ], [ 16.980770157318769, 52.464116181379872 ], [ 16.980763396101729, 52.464263890793141 ], [ 16.980670387484455, 52.464533314786749 ], [ 16.980544219242752, 52.465233328241368 ], [ 16.980791840548015, 52.46525808803635 ], [ 16.981102659355599, 52.465248054940929 ], [ 16.981079726702436, 52.465431359604757 ], [ 16.980518257321616, 52.466240968150622 ], [ 16.980276648934709, 52.466672103750099 ], [ 16.980184301753628, 52.466895317446301 ], [ 16.98045241992677, 52.466926237152641 ], [ 16.980872551510657, 52.466959162838521 ], [ 16.980928762300451, 52.466836516371934 ], [ 16.981020979092222, 52.466848391391338 ], [ 16.981138998879285, 52.466664996988925 ], [ 16.981281536714331, 52.466682881164004 ], [ 16.981387648449033, 52.46639112777477 ], [ 16.981867935692012, 52.466399325527902 ], [ 16.982650997355691, 52.465871909775842 ], [ 16.982969583587245, 52.46572798686995 ], [ 16.982353407065744, 52.465372407617572 ], [ 16.982534116857103, 52.465293086676368 ], [ 16.982758460029956, 52.464812789545512 ], [ 16.982987459009721, 52.464414975566619 ] ] ] ] } },
{ "type": "Feature", "properties": { "id": null }, "geometry": { "type": "MultiPolygon", "coordinates": [ [ [ [ 16.984652124792618, 52.455803610550007 ], [ 16.984818331466126, 52.455807914183623 ], [ 16.985080888145827, 52.455781487090107 ], [ 16.98507743431627, 52.455487863118329 ], [ 16.984884621730693, 52.455463976181342 ], [ 16.984687132136965, 52.455441830750821 ], [ 16.984702160588935, 52.455186456395332 ], [ 16.984602473212135, 52.455181052938443 ], [ 16.984140330610174, 52.455147423453631 ], [ 16.984018513695514, 52.455783979542183 ], [ 16.98451506436086, 52.455802745172385 ], [ 16.984652124792618, 52.455803610550007 ] ] ] ] } },
{ "type": "Feature", "properties": { "id": null }, "geometry": { "type": "MultiPolygon", "coordinates": [ [ [ [ 17.019215995163052, 52.463867289203137 ], [ 17.019620331608078, 52.464598209552037 ], [ 17.019393136986185, 52.464617039801162 ], [ 17.018911933674854, 52.464629580023924 ], [ 17.018752407987936, 52.464802015210864 ], [ 17.018925299129929, 52.465083024246312 ], [ 17.018768083209519, 52.465203995842693 ], [ 17.018922736994789, 52.465515600680597 ], [ 17.019202878676186, 52.465473941473533 ], [ 17.019832064842799, 52.465546281780732 ], [ 17.01997055884727, 52.465624176465234 ], [ 17.020675002631542, 52.465483607655358 ], [ 17.020837006668362, 52.465567848844657 ], [ 17.020595634665913, 52.465890253291825 ], [ 17.020435591242979, 52.46616063787036 ], [ 17.020638078744742, 52.466188103816918 ], [ 17.021050965217988, 52.466195014118348 ], [ 17.021534610033715, 52.466316411843643 ], [ 17.021791204433718, 52.466047742514142 ], [ 17.021387365537969, 52.465806489834456 ], [ 17.021497265870909, 52.465738961526711 ], [ 17.022072549790636, 52.465509099678741 ], [ 17.021851577246689, 52.465193587136888 ], [ 17.021759098695405, 52.465169179539402 ], [ 17.021623454533508, 52.465064037741797 ], [ 17.021617368927011, 52.464886766566707 ], [ 17.021277319152873, 52.464908669686508 ], [ 17.021079174345825, 52.46491147860295 ], [ 17.021442641490573, 52.463872677523966 ], [ 17.022122901173997, 52.463915946186873 ], [ 17.023173238971559, 52.463809904101339 ], [ 17.023326942622113, 52.463014188101056 ], [ 17.022614221822732, 52.462925018630081 ], [ 17.022445379045553, 52.463493870549733 ], [ 17.020635525118635, 52.463341828701672 ], [ 17.020754235114129, 52.462847549019322 ], [ 17.020742118970585, 52.462553783053409 ], [ 17.020413291278064, 52.46255342890732 ], [ 17.019702310550979, 52.462613627636443 ], [ 17.019676655153003, 52.463560840593829 ], [ 17.020149420916713, 52.463548156068526 ], [ 17.020053383654226, 52.463809209861175 ], [ 17.019169358708726, 52.463762277487241 ], [ 17.019215995163052, 52.463867289203137 ] ] ] ] } },
{ "type": "Feature", "properties": { "id": null }, "geometry": { "type": "MultiPolygon", "coordinates": [ [ [ [ 17.017641245891305, 52.461569647567281 ], [ 17.017825447638792, 52.461598486627324 ], [ 17.018201814900227, 52.461666597818699 ], [ 17.018152752545802, 52.461820282555138 ], [ 17.018058557115534, 52.462040163849593 ], [ 17.017739083850852, 52.462019358088668 ], [ 17.017585676279158, 52.462243396634726 ], [ 17.017766412305068, 52.462349431167993 ], [ 17.018572487469406, 52.462424743630606 ], [ 17.018837627396145, 52.461965665158651 ], [ 17.018826908102749, 52.461867086268981 ], [ 17.018757114413805, 52.46186591690234 ], [ 17.018516663066588, 52.461790329513818 ], [ 17.018669602063841, 52.461576582403104 ], [ 17.018411651977406, 52.461500156714401 ], [ 17.018259892450878, 52.461312205023141 ], [ 17.017437218833596, 52.461231461746735 ], [ 17.017426580713035, 52.461468194181471 ], [ 17.01714035064958, 52.461458244598482 ], [ 17.017075821980924, 52.461580768157681 ], [ 17.017641245891305, 52.461569647567281 ] ] ] ] } },
{ "type": "Feature", "properties": { "id": null }, "geometry": { "type": "MultiPolygon", "coordinates": [ [ [ [ 17.023698539720623, 52.468271054934682 ], [ 17.024289892259816, 52.468059476558075 ], [ 17.024362812001254, 52.468145434534605 ], [ 17.024890948471654, 52.468007714259876 ], [ 17.0247352718667, 52.467811980649188 ], [ 17.024375362208776, 52.467939874219049 ], [ 17.024216815686152, 52.467978800121209 ], [ 17.023974127439406, 52.467710870221673 ], [ 17.024096171369717, 52.467677698394027 ], [ 17.024507330320152, 52.467535211154221 ], [ 17.024346982783431, 52.467349699414477 ], [ 17.023932188207123, 52.467479249778215 ], [ 17.02379598336432, 52.467514195283059 ], [ 17.023618829144947, 52.46731861118824 ], [ 17.023755797361897, 52.467275443340327 ], [ 17.02414259635934, 52.467111949378676 ], [ 17.023956280981796, 52.466941453864138 ], [ 17.023574849018345, 52.467079285789048 ], [ 17.023451160967831, 52.467133498179251 ], [ 17.023389928633076, 52.467065894560015 ], [ 17.022814746231774, 52.467293189442671 ], [ 17.023698539720623, 52.468271054934682 ] ] ] ] } },
{ "type": "Feature", "properties": { "id": null }, "geometry": { "type": "MultiPolygon", "coordinates": [ [ [ [ 17.025267136626269, 52.469211423574521 ], [ 17.024993098844408, 52.469304701421038 ], [ 17.025045634559632, 52.469449785033959 ], [ 17.025125525300719, 52.469548973444851 ], [ 17.025280205239774, 52.469484603581101 ], [ 17.025454077382669, 52.469745017953308 ], [ 17.025266610577017, 52.469788239669676 ], [ 17.025481466876034, 52.470075089457943 ], [ 17.025660277318273, 52.470036873097733 ], [ 17.025740534635425, 52.470316324929549 ], [ 17.026123437918624, 52.470240313146782 ], [ 17.025918170185701, 52.469993678389038 ], [ 17.026106035316442, 52.469969636071717 ], [ 17.026647274534074, 52.470030171101286 ], [ 17.02687411217449, 52.469578161564819 ], [ 17.025626102498308, 52.469387374604587 ], [ 17.025436145576155, 52.469414500658182 ], [ 17.025267136626269, 52.469211423574521 ] ] ] ] } },
{ "type": "Feature", "properties": { "id": null }, "geometry": { "type": "MultiPolygon", "coordinates": [ [ [ [ 17.026196782573841, 52.471145401031357 ], [ 17.026397905851457, 52.471362491831002 ], [ 17.026934280392723, 52.471155132818694 ], [ 17.027198702352258, 52.471182720190725 ], [ 17.028044331358736, 52.47132042919619 ], [ 17.028310119405212, 52.470845890547409 ], [ 17.026728205492876, 52.470577444913687 ], [ 17.02648520434537, 52.47064248699148 ], [ 17.026770156712097, 52.470959261184632 ], [ 17.026196782573841, 52.471145401031357 ] ] ] ] } },
{ "type": "Feature", "properties": { "id": null }, "geometry": { "type": "MultiPolygon", "coordinates": [ [ [ [ 17.057659321480557, 52.486293658551027 ], [ 17.057846569980669, 52.486273462864666 ], [ 17.05793281088722, 52.486238680361751 ], [ 17.057874769458572, 52.486017950271844 ], [ 17.057835633624823, 52.485944910499668 ], [ 17.057771559361921, 52.485861118751032 ], [ 17.05779497762779, 52.485714123380227 ], [ 17.057727676032655, 52.48551134042043 ], [ 17.057645173565383, 52.485365191264847 ], [ 17.057575596113594, 52.485214083084053 ], [ 17.057562765783, 52.485120790307178 ], [ 17.057730917327937, 52.485149407850322 ], [ 17.05790924109354, 52.485139407987965 ], [ 17.058042603565628, 52.485092471074971 ], [ 17.05816841180329, 52.485024725087435 ], [ 17.058076885591628, 52.484939189977986 ], [ 17.058123315867345, 52.484894704062626 ], [ 17.058064364506691, 52.4846946439798 ], [ 17.057315055190507, 52.484783177828731 ], [ 17.057179149900257, 52.484695620263146 ], [ 17.057064633900985, 52.484603242677466 ], [ 17.056996900224487, 52.484506462287889 ], [ 17.056987392400384, 52.484433908918199 ], [ 17.057004302591086, 52.484338519016177 ], [ 17.056652121114613, 52.4843534178572 ], [ 17.056565427317246, 52.484398534430682 ], [ 17.056528949967515, 52.484457404163962 ], [ 17.056551153609252, 52.484530166187788 ], [ 17.056380385082409, 52.484560973052687 ], [ 17.056388402384574, 52.48461928110774 ], [ 17.05648646120946, 52.484796714180575 ], [ 17.056517186337953, 52.484868323424685 ], [ 17.05655517119321, 52.484919367039701 ], [ 17.056574168045927, 52.484968805839266 ], [ 17.056569440774648, 52.485076031120698 ], [ 17.056546833703777, 52.485300608017084 ], [ 17.056550349019833, 52.485357781764463 ], [ 17.056462600126537, 52.48536192503024 ], [ 17.056229027818183, 52.485376185996273 ], [ 17.056249897880608, 52.485671288896953 ], [ 17.056458533641152, 52.485646275668635 ], [ 17.056544236023868, 52.485638299579783 ], [ 17.056550566357441, 52.485696268174877 ], [ 17.056641074760503, 52.485852892101967 ], [ 17.056777911644605, 52.486015448335358 ], [ 17.057077419550556, 52.486234974548289 ], [ 17.057315836106142, 52.486399198715596 ], [ 17.057398870106837, 52.486341093412499 ], [ 17.057659321480557, 52.486293658551027 ] ] ] ] } },
{ "type": "Feature", "properties": { "id": null }, "geometry": { "type": "MultiPolygon", "coordinates": [ [ [ [ 17.066742811567327, 52.492951469774404 ], [ 17.067106478667625, 52.492789059870354 ], [ 17.067501710818387, 52.492520404050424 ], [ 17.067626311641078, 52.492440316197452 ], [ 17.067495643297015, 52.492351951799911 ], [ 17.068042177232833, 52.492007748735702 ], [ 17.067878257753229, 52.491910629303653 ], [ 17.068153309273583, 52.49146754889022 ], [ 17.068074595302924, 52.491360525503708 ], [ 17.068527170437296, 52.491151329606808 ], [ 17.0685437580801, 52.491094761729926 ], [ 17.068782629190526, 52.491016538552337 ], [ 17.070538114776774, 52.49015964950312 ], [ 17.068956444162069, 52.488951259919801 ], [ 17.06625974603357, 52.490315621587392 ], [ 17.066821155877165, 52.490398709617573 ], [ 17.066979605171714, 52.49046699796844 ], [ 17.067123891040541, 52.490551479357492 ], [ 17.067289243362765, 52.490615773913149 ], [ 17.067400099847941, 52.490695602549444 ], [ 17.06724135335314, 52.490787450739937 ], [ 17.068035285101523, 52.491378695862501 ], [ 17.067869897611502, 52.491487556831053 ], [ 17.067137114217608, 52.491323656309007 ], [ 17.066254952247068, 52.491958013324052 ], [ 17.066103291245376, 52.492021671930324 ], [ 17.066475639242181, 52.492321660771729 ], [ 17.066134398856068, 52.492554854212898 ], [ 17.066742811567327, 52.492951469774404 ] ] ] ] } },
{ "type": "Feature", "properties": { "id": null }, "geometry": { "type": "MultiPolygon", "coordinates": [ [ [ [ 17.02075645904582, 52.534275755981966 ], [ 17.020310566477793, 52.534237395850447 ], [ 17.020177783749944, 52.53457093301391 ], [ 17.020000834528286, 52.534551524464213 ], [ 17.019614710008035, 52.534498711272569 ], [ 17.019438379781576, 52.53485112223175 ], [ 17.019875143536687, 52.534904783378117 ], [ 17.020038639222342, 52.534920444597404 ], [ 17.019929689870764, 52.535194105983543 ], [ 17.020393628339392, 52.535207018503591 ], [ 17.02075645904582, 52.534275755981966 ] ] ] ] } },
{ "type": "Feature", "properties": { "id": null }, "geometry": { "type": "MultiPolygon", "coordinates": [ [ [ [ 16.987042565398838, 52.511380979019748 ], [ 16.987203881589181, 52.510969448137189 ], [ 16.986767190631902, 52.510988061908442 ], [ 16.986618976793498, 52.510987179729668 ], [ 16.986629501919602, 52.511137156376542 ], [ 16.986516013504854, 52.511151745349991 ], [ 16.98627825647068, 52.511219287253034 ], [ 16.986323901158443, 52.511713832971097 ], [ 16.986659433827718, 52.511663461981904 ], [ 16.986691337485421, 52.511363988573159 ], [ 16.986807415398818, 52.511369603891566 ], [ 16.987042565398838, 52.511380979019748 ] ] ] ] } },
{ "type": "Feature", "properties": { "id": null }, "geometry": { "type": "MultiPolygon", "coordinates": [ [ [ [ 16.990687938407834, 52.520632102444189 ], [ 16.990519697989665, 52.520433537076428 ], [ 16.990544087689798, 52.520269144568573 ], [ 16.990437467782321, 52.520200380908605 ], [ 16.989720841657771, 52.520177906251384 ], [ 16.989756983510791, 52.519756202963471 ], [ 16.98896561347718, 52.519706702608808 ], [ 16.988792871615701, 52.519708810530496 ], [ 16.988643207816331, 52.51937160835044 ], [ 16.987758577003472, 52.519330814764537 ], [ 16.987721443882972, 52.519958509287882 ], [ 16.988903476371728, 52.51995800682527 ], [ 16.989070049117682, 52.519961340426576 ], [ 16.989178325315006, 52.520225339284217 ], [ 16.989342588136619, 52.520325984989931 ], [ 16.989314458297986, 52.52038730947887 ], [ 16.989271805915429, 52.520396885030713 ], [ 16.989258903528107, 52.520494519780833 ], [ 16.989211314867696, 52.520612165869252 ], [ 16.98904820047073, 52.52067119608391 ], [ 16.98903268532414, 52.521010846356454 ], [ 16.989296569703633, 52.520963829185121 ], [ 16.98942194306202, 52.520991710865921 ], [ 16.989724484781611, 52.521022602836076 ], [ 16.989720278198767, 52.520929827559826 ], [ 16.989757079388419, 52.520863500103793 ], [ 16.989957911844094, 52.520902963730862 ], [ 16.989970555504726, 52.520995882333814 ], [ 16.990020235113551, 52.521017327176608 ], [ 16.990697510774382, 52.520977329117315 ], [ 16.990462763227804, 52.520728125906963 ], [ 16.990635675109083, 52.52066726631768 ], [ 16.990687938407834, 52.520632102444189 ] ] ] ] } },
{ "type": "Feature", "properties": { "id": null }, "geometry": { "type": "MultiPolygon", "coordinates": [ [ [ [ 16.989353437922308, 52.545040703649363 ], [ 16.989695163923614, 52.544940526087046 ], [ 16.989485200424529, 52.544549070765903 ], [ 16.989336826245022, 52.544238169326114 ], [ 16.989308647582099, 52.544064226473679 ], [ 16.989439782766862, 52.543961825384422 ], [ 16.989812969041221, 52.54389933022042 ], [ 16.989982943447362, 52.54393525817391 ], [ 16.99011692906107, 52.544066943569149 ], [ 16.990402652655977, 52.544732611362669 ], [ 16.990526615600558, 52.544921583036221 ], [ 16.990215379643828, 52.545034744461759 ], [ 16.990281240307091, 52.54517344924556 ], [ 16.990101235301982, 52.545201076781751 ], [ 16.990239083644511, 52.545544839163981 ], [ 16.990444943998547, 52.545518210909428 ], [ 16.991379073210098, 52.547485391729865 ], [ 16.991909723307181, 52.547520148134488 ], [ 16.991884546442424, 52.548441604695206 ], [ 16.992472437178584, 52.548333124496082 ], [ 16.992671339191968, 52.547677274332749 ], [ 16.992700242838104, 52.546858884609186 ], [ 16.992450094504782, 52.546231468473245 ], [ 16.992074475532071, 52.545946985614805 ], [ 16.992071672633088, 52.545823333494077 ], [ 16.99223301356589, 52.545620063294443 ], [ 16.992157762481675, 52.545417929141458 ], [ 16.991793143147731, 52.545447793559937 ], [ 16.991617991262242, 52.545398469439341 ], [ 16.991590119193283, 52.545083834761598 ], [ 16.991433026386474, 52.545009065883882 ], [ 16.991297751847927, 52.544826513114998 ], [ 16.99124500941392, 52.544686562678848 ], [ 16.991188203087393, 52.544657239281491 ], [ 16.990997416901497, 52.54455875506563 ], [ 16.990625840225057, 52.544001375783338 ], [ 16.992252164764423, 52.54371996776073 ], [ 16.991160681115474, 52.541723770280484 ], [ 16.990064090365919, 52.541875106296587 ], [ 16.989985958695478, 52.541892632078721 ], [ 16.989904997380556, 52.541910186494626 ], [ 16.989844546598157, 52.541923614991468 ], [ 16.988966714797343, 52.542060137180393 ], [ 16.988399148834716, 52.542157861374399 ], [ 16.988005795994368, 52.542235852894045 ], [ 16.987805985878587, 52.542259989500323 ], [ 16.987853501250115, 52.542373159448651 ], [ 16.98847695113713, 52.543702208626279 ], [ 16.989353437922308, 52.545040703649363 ] ] ] ] } },
{ "type": "Feature", "properties": { "id": null }, "geometry": { "type": "MultiPolygon", "coordinates": [ [ [ [ 16.996270488774968, 52.47442180756115 ], [ 16.996455281462119, 52.474349569 ], [ 16.996669564120637, 52.474348886018305 ], [ 16.996839960512741, 52.474201578242187 ], [ 16.996858982245442, 52.474189591738423 ], [ 16.996884951800727, 52.474173227063623 ], [ 16.996935469933959, 52.474141393088814 ], [ 16.99702488895694, 52.474029602293975 ], [ 16.997529115173549, 52.473698225339781 ], [ 16.997322852555662, 52.473411469297368 ], [ 16.99709789383137, 52.473536415566315 ], [ 16.996842975796344, 52.473763858786278 ], [ 16.996749267277668, 52.473858849986321 ], [ 16.996611456686352, 52.473847491087241 ], [ 16.996436347789668, 52.47380332260088 ], [ 16.996272716181089, 52.473877803884974 ], [ 16.996131326757062, 52.474019614977237 ], [ 16.99592695892099, 52.474062504075903 ], [ 16.995996765081223, 52.47413187757099 ], [ 16.996138436114986, 52.474269783783562 ], [ 16.996270488774968, 52.47442180756115 ] ] ] ] } }
]
}
