{
"type": "FeatureCollection",
"name": "zielone_1933",
"crs": { "type": "name", "properties": { "name": "urn:ogc:def:crs:OGC:1.3:CRS84" } },
"features": [
{ "type": "Feature", "properties": { "id": null }, "geometry": { "type": "MultiPolygon", "coordinates": [ [ [ [ 16.995890083508094, 52.46277807803088 ], [ 16.997025821973658, 52.462750779788813 ], [ 16.997005838340922, 52.462631501577775 ], [ 16.99695178078127, 52.462516817466799 ], [ 16.996852608819712, 52.462463424594006 ], [ 16.99655839165996, 52.46241706978757 ], [ 16.996255480618736, 52.462375738216899 ], [ 16.996021187567333, 52.462314883601351 ], [ 16.995859033640791, 52.462156996629361 ], [ 16.995748578363251, 52.461979300533699 ], [ 16.99586137191217, 52.461919156768765 ], [ 16.996043485952026, 52.461823988650224 ], [ 16.996014810920556, 52.461709734232201 ], [ 16.99586605748329, 52.461629643747756 ], [ 16.995481380782451, 52.461711035349722 ], [ 16.995234882221645, 52.461918879517256 ], [ 16.995109870859235, 52.46206155623991 ], [ 16.994571268947197, 52.462176534065627 ], [ 16.993982140477453, 52.46228548101103 ], [ 16.994124784016911, 52.462499923877402 ], [ 16.994669971768701, 52.462426430095718 ], [ 16.994756923158, 52.462562358284956 ], [ 16.994870194150792, 52.462678047532556 ], [ 16.995298125630342, 52.462762872570437 ], [ 16.995890083508094, 52.46277807803088 ] ] ] ] } },
{ "type": "Feature", "properties": { "id": null }, "geometry": { "type": "MultiPolygon", "coordinates": [ [ [ [ 16.991286988849943, 52.462348325502852 ], [ 16.991781655633893, 52.462268815498796 ], [ 16.991801162577488, 52.462212262526009 ], [ 16.991764273809121, 52.462092696217944 ], [ 16.991651482967193, 52.46196666947808 ], [ 16.991453860554138, 52.461844373001789 ], [ 16.991350471954092, 52.461697820476921 ], [ 16.991392309453282, 52.461522707052509 ], [ 16.991508636308144, 52.46138505796371 ], [ 16.991385976832269, 52.461289891099192 ], [ 16.991131237273908, 52.461492415553892 ], [ 16.991020780279698, 52.461687048279167 ], [ 16.991114766885676, 52.461854126560709 ], [ 16.99131943648182, 52.462007571103698 ], [ 16.9913960348301, 52.462184696357461 ], [ 16.991286988849943, 52.462348325502852 ] ] ] ] } },
{ "type": "Feature", "properties": { "id": null }, "geometry": { "type": "MultiPolygon", "coordinates": [ [ [ [ 16.986044290546364, 52.462207436663519 ], [ 16.986180118106653, 52.462199407361801 ], [ 16.986217259234142, 52.46212764167641 ], [ 16.986274857587514, 52.461978654847123 ], [ 16.986440780326486, 52.461867711741355 ], [ 16.98654748465222, 52.461755760077303 ], [ 16.986587218837524, 52.461627154118624 ], [ 16.986454458989815, 52.461568009197578 ], [ 16.986195245554747, 52.461682534866924 ], [ 16.986002056807187, 52.461834383646675 ], [ 16.985950086636219, 52.462045521830341 ], [ 16.986044290546364, 52.462207436663519 ] ] ] ] } },
{ "type": "Feature", "properties": { "id": null }, "geometry": { "type": "MultiPolygon", "coordinates": [ [ [ [ 16.985045496659371, 52.457753442686524 ], [ 16.985439053341992, 52.457848060776215 ], [ 16.985896305733142, 52.457845507743563 ], [ 16.986423351623053, 52.457797599753761 ], [ 16.986873794930574, 52.45775872786232 ], [ 16.987095847642021, 52.457715966461294 ], [ 16.987116537031568, 52.457633577806028 ], [ 16.986948066950763, 52.457615195842372 ], [ 16.986573754978515, 52.457655364394412 ], [ 16.986149868312829, 52.457668830918664 ], [ 16.985641864543723, 52.457670520336862 ], [ 16.985278133371001, 52.457664323301763 ], [ 16.985108248242465, 52.457676942432585 ], [ 16.984996631188469, 52.45771123952121 ], [ 16.985045496659371, 52.457753442686524 ] ] ] ] } },
{ "type": "Feature", "properties": { "id": null }, "geometry": { "type": "MultiPolygon", "coordinates": [ [ [ [ 16.988552745618112, 52.456954721018207 ], [ 16.988749887566872, 52.456901190169418 ], [ 16.988932466659989, 52.456795698278924 ], [ 16.988824623034297, 52.456747322281174 ], [ 16.988379374151442, 52.456672521225833 ], [ 16.987774118978649, 52.456579481692543 ], [ 16.98715970065604, 52.45650179696856 ], [ 16.986806559193745, 52.456449243096685 ], [ 16.98636623850453, 52.456452087897503 ], [ 16.985821583781696, 52.456515209491073 ], [ 16.985649344336704, 52.456579502323621 ], [ 16.985919077968187, 52.45660478241367 ], [ 16.986417196027219, 52.456633951371977 ], [ 16.986948678045078, 52.456674028860398 ], [ 16.987384051550684, 52.456779695057172 ], [ 16.987778547396896, 52.456853636165711 ], [ 16.988552745618112, 52.456954721018207 ] ] ] ] } },
{ "type": "Feature", "properties": { "id": null }, "geometry": { "type": "MultiPolygon", "coordinates": [ [ [ [ 16.98045241992677, 52.466926237152641 ], [ 16.980184301753628, 52.466895317446301 ], [ 16.980161106524829, 52.466951382586643 ], [ 16.980091497449447, 52.467344258536471 ], [ 16.980026695748283, 52.467632132571161 ], [ 16.980014466826834, 52.467750458115646 ], [ 16.980407959869375, 52.467741239365999 ], [ 16.981434078240945, 52.467707046511833 ], [ 16.981390302902877, 52.467923493890993 ], [ 16.981421492353036, 52.468167077417156 ], [ 16.981551190840111, 52.468293402490303 ], [ 16.981714546230165, 52.468329784592008 ], [ 16.981900389389303, 52.468295226468385 ], [ 16.982019849192753, 52.468229002790686 ], [ 16.982042258243592, 52.467924278501329 ], [ 16.982068163235255, 52.467728211156498 ], [ 16.982241870024463, 52.467632920547047 ], [ 16.982430133955024, 52.467589591052921 ], [ 16.982544614291339, 52.467493289500609 ], [ 16.982570044066751, 52.467307556543204 ], [ 16.982702626332866, 52.467185707164411 ], [ 16.983109683903173, 52.467171965346466 ], [ 16.983683356443429, 52.467217947475596 ], [ 16.984267852365203, 52.467212398319802 ], [ 16.984238772988462, 52.466922309893199 ], [ 16.984126505098438, 52.466599775542029 ], [ 16.983923257032814, 52.466415315060232 ], [ 16.983638712577747, 52.466157069818465 ], [ 16.983287432962637, 52.465877000542172 ], [ 16.983089580624181, 52.465759857491534 ], [ 16.982969583587245, 52.46572798686995 ], [ 16.982650997355691, 52.465871909775842 ], [ 16.982445309109124, 52.466010448789028 ], [ 16.982296450639819, 52.466110709965797 ], [ 16.982182847667737, 52.466187224942622 ], [ 16.982048678131914, 52.466277591621818 ], [ 16.981867935692012, 52.466399325527902 ], [ 16.981387648449033, 52.46639112777477 ], [ 16.981281536714331, 52.466682881164004 ], [ 16.981138998879285, 52.466664996988925 ], [ 16.981020979092222, 52.466848391391338 ], [ 16.980928762300451, 52.466836516371934 ], [ 16.980872551510657, 52.466959162838521 ], [ 16.98045241992677, 52.466926237152641 ] ] ] ] } },
{ "type": "Feature", "properties": { "id": null }, "geometry": { "type": "MultiPolygon", "coordinates": [ [ [ [ 16.988979259214368, 52.482662331846065 ], [ 16.989049090036541, 52.482616977655063 ], [ 16.989042747783593, 52.482570328270654 ], [ 16.988959525532767, 52.482537885507739 ], [ 16.988807179807452, 52.482535294953799 ], [ 16.988566896862725, 52.482603606644624 ], [ 16.988359288915046, 52.482698330037607 ], [ 16.988207860399712, 52.482861235388029 ], [ 16.988193265508897, 52.482995440495117 ], [ 16.988333847839957, 52.483070229711018 ], [ 16.988478674747729, 52.483052007851647 ], [ 16.988645144287243, 52.482930728220389 ], [ 16.988787636263982, 52.482778012919759 ], [ 16.988979259214368, 52.482662331846065 ] ] ] ] } },
{ "type": "Feature", "properties": { "id": null }, "geometry": { "type": "MultiPolygon", "coordinates": [ [ [ [ 16.988026587549871, 52.478510393683031 ], [ 16.98884374901861, 52.478327783802506 ], [ 16.988972458307092, 52.47827065393021 ], [ 16.989144567825999, 52.478010917945525 ], [ 16.989545647355957, 52.477724172868378 ], [ 16.99004340331873, 52.477536924195398 ], [ 16.990484956721765, 52.477472324343026 ], [ 16.990749750283133, 52.477399569681893 ], [ 16.990560825932658, 52.477288204681074 ], [ 16.990042499149851, 52.477186692206054 ], [ 16.989642873172368, 52.477071744546436 ], [ 16.989490012185925, 52.47690948837954 ], [ 16.989356589872731, 52.476690909788289 ], [ 16.988920888992681, 52.476812257616658 ], [ 16.988657012195034, 52.477049831643512 ], [ 16.988441799710749, 52.477514843646745 ], [ 16.988074663085751, 52.477797012221515 ], [ 16.987809158294564, 52.477885199569691 ], [ 16.987792576179665, 52.47802418982689 ], [ 16.987773927488945, 52.478154447538181 ], [ 16.987787898625626, 52.478265867928393 ], [ 16.987790262887824, 52.478376444420718 ], [ 16.987784423668657, 52.478480321942847 ], [ 16.987823351919957, 52.478498320291592 ], [ 16.987864795321549, 52.478513170515882 ], [ 16.987919563625752, 52.478535722164303 ], [ 16.988026587549871, 52.478510393683031 ] ], [ [ 16.988135114609722, 52.478264000882326 ], [ 16.988030813951006, 52.478190787036986 ], [ 16.988005882518287, 52.478121780977851 ], [ 16.988163070801253, 52.478061588297138 ], [ 16.988296238815089, 52.477912401853168 ], [ 16.988405489570798, 52.477877111638684 ], [ 16.988559680453701, 52.477882591786361 ], [ 16.988713350377672, 52.477899493191082 ], [ 16.988819344684011, 52.477935586702763 ], [ 16.98889610855624, 52.477996901271013 ], [ 16.988888306386585, 52.478065350500259 ], [ 16.988838676839595, 52.478127373280536 ], [ 16.988737215647429, 52.478197087321512 ], [ 16.988594187216091, 52.478254664008539 ], [ 16.98850844813872, 52.47828749671735 ], [ 16.988339444866899, 52.478298910036521 ], [ 16.988135114609722, 52.478264000882326 ] ] ] ] } },
{ "type": "Feature", "properties": { "id": null }, "geometry": { "type": "MultiPolygon", "coordinates": [ [ [ [ 16.990455536178349, 52.471728823268684 ], [ 16.990799382203409, 52.471832997025182 ], [ 16.990602011616932, 52.472277715127731 ], [ 16.99073496306556, 52.472286899207113 ], [ 16.990852602851071, 52.472306997410463 ], [ 16.991007025738956, 52.472356162467968 ], [ 16.991106094723268, 52.472412143956724 ], [ 16.991270621841938, 52.472518364485623 ], [ 16.991455009760568, 52.47265336418895 ], [ 16.991593329591836, 52.472777238648483 ], [ 16.991724011984193, 52.472882883731174 ], [ 16.991822377145201, 52.472954366512774 ], [ 16.991944959158143, 52.472975208540291 ], [ 16.992160564704569, 52.472870714170881 ], [ 16.992589424309323, 52.47289859566451 ], [ 16.992767570714946, 52.472875868270023 ], [ 16.992756337649013, 52.472752071711497 ], [ 16.993481793638352, 52.472748932082965 ], [ 16.993217725305669, 52.473362480737158 ], [ 16.993395096457178, 52.473472334788767 ], [ 16.993531779539076, 52.473539294988122 ], [ 16.993673869487711, 52.473580490324586 ], [ 16.993918090972617, 52.473610489801629 ], [ 16.994251281025662, 52.473639412108447 ], [ 16.994644316459635, 52.473705995385494 ], [ 16.994718055338957, 52.473568189185379 ], [ 16.994734673318181, 52.473388212440085 ], [ 16.994838143261902, 52.473338464435216 ], [ 16.995140009014737, 52.473090811906104 ], [ 16.995294903859126, 52.472943470465339 ], [ 16.995429582644118, 52.472775101011507 ], [ 16.995415595052005, 52.472710222845251 ], [ 16.995248355729959, 52.472663431969949 ], [ 16.99496429638916, 52.472578461278715 ], [ 16.994613836480106, 52.47246392184914 ], [ 16.994308742855257, 52.472376007226899 ], [ 16.993428610317405, 52.471991329710477 ], [ 16.993163128137194, 52.471870470822481 ], [ 16.992873085712603, 52.471731094973194 ], [ 16.992537094514628, 52.471578010190854 ], [ 16.992203924944224, 52.471456000073658 ], [ 16.991900490187096, 52.471331908279517 ], [ 16.991575668099955, 52.47121262375267 ], [ 16.991243327745401, 52.471072525451262 ], [ 16.990968658145803, 52.471432435465317 ], [ 16.990799531917212, 52.471613142928561 ], [ 16.99062336234174, 52.471669619516611 ], [ 16.990455536178349, 52.471728823268684 ] ] ] ] } },
{ "type": "Feature", "properties": { "id": null }, "geometry": { "type": "MultiPolygon", "coordinates": [ [ [ [ 17.007272060044571, 52.466354877334567 ], [ 17.008895158167423, 52.466224493646315 ], [ 17.009367637926577, 52.466167807180064 ], [ 17.009615643881055, 52.466019429046845 ], [ 17.009768333417391, 52.465825490358363 ], [ 17.009827839339245, 52.465632568882519 ], [ 17.009945436577439, 52.465559564425234 ], [ 17.010170455779328, 52.465545251561672 ], [ 17.010296745790033, 52.465467221753535 ], [ 17.01035857957654, 52.465222626397285 ], [ 17.010227023708147, 52.465042003700887 ], [ 17.009876664900506, 52.464831842283566 ], [ 17.009821104660574, 52.464562000657352 ], [ 17.009677978799061, 52.464544077905117 ], [ 17.009549675243775, 52.464572945997304 ], [ 17.008738246588951, 52.464492707533623 ], [ 17.008774485541906, 52.464576903969075 ], [ 17.009355625389894, 52.464969603506638 ], [ 17.009229928672703, 52.465370405646702 ], [ 17.009233995505181, 52.465487634713945 ], [ 17.009379053845432, 52.465487219097689 ], [ 17.009442223049049, 52.465642591530653 ], [ 17.008331116246321, 52.465692464697618 ], [ 17.008158230647616, 52.465583822423 ], [ 17.008285193149131, 52.465051594177709 ], [ 17.008389008428981, 52.464824736596853 ], [ 17.007873697192082, 52.464766028826958 ], [ 17.007711106693034, 52.465005350892255 ], [ 17.007634924624782, 52.465385185088785 ], [ 17.007478199484755, 52.46568125829117 ], [ 17.007041958721548, 52.465818113639521 ], [ 17.007350075673866, 52.465939903877398 ], [ 17.007273315554684, 52.466233373394047 ], [ 17.007272060044571, 52.466354877334567 ] ] ] ] } },
{ "type": "Feature", "properties": { "id": null }, "geometry": { "type": "MultiPolygon", "coordinates": [ [ [ [ 17.018752407987936, 52.464802015210864 ], [ 17.018911933674854, 52.464629580023924 ], [ 17.019393136986185, 52.464617039801162 ], [ 17.019620331608078, 52.464598209552037 ], [ 17.019326881881153, 52.464067741987876 ], [ 17.019104486389558, 52.464087465794321 ], [ 17.018849982172913, 52.464098715980668 ], [ 17.018686916224642, 52.464147696630157 ], [ 17.018535664223048, 52.464310643028455 ], [ 17.018518848093304, 52.464496527082936 ], [ 17.018586403497526, 52.464688996156013 ], [ 17.018752407987936, 52.464802015210864 ] ] ] ] } },
{ "type": "Feature", "properties": { "id": null }, "geometry": { "type": "MultiPolygon", "coordinates": [ [ [ [ 17.021617368927011, 52.464886766566707 ], [ 17.021737960355651, 52.464805914487272 ], [ 17.021923362533364, 52.464740434288785 ], [ 17.02206995507531, 52.464705737935184 ], [ 17.022156795360374, 52.464647181456037 ], [ 17.022183371389698, 52.464576186699389 ], [ 17.022191119001157, 52.464507734594925 ], [ 17.022171584302153, 52.464421680757241 ], [ 17.022166330896674, 52.464330150639 ], [ 17.022194955030447, 52.46421346900712 ], [ 17.022269561254927, 52.464114701841737 ], [ 17.022388869290225, 52.464062403350972 ], [ 17.022586244546055, 52.4640428434939 ], [ 17.022758068789912, 52.464071434774148 ], [ 17.022866558272057, 52.46415611827976 ], [ 17.022941427008139, 52.464260242567683 ], [ 17.023002654805072, 52.464355566037675 ], [ 17.02303544852014, 52.464458986816602 ], [ 17.023030585764509, 52.46456749317661 ], [ 17.022992613384915, 52.464684018701689 ], [ 17.022937732001495, 52.464760255534415 ], [ 17.022791591560178, 52.464889260326174 ], [ 17.022675420944939, 52.464975902529375 ], [ 17.022550923605571, 52.465039544819447 ], [ 17.022417331645777, 52.465097319747485 ], [ 17.02222296244134, 52.465154078038829 ], [ 17.022081555792145, 52.465177431049668 ], [ 17.021954558567806, 52.465192452214005 ], [ 17.021851577246689, 52.465193587136888 ], [ 17.022072549790636, 52.465509099678741 ], [ 17.022185056157767, 52.465426191571694 ], [ 17.022331665385629, 52.465366588338149 ], [ 17.02258518890876, 52.465282916445247 ], [ 17.022991981012805, 52.465085452989186 ], [ 17.023213396546215, 52.464962458443566 ], [ 17.02333682121392, 52.464853339352288 ], [ 17.023423446836716, 52.464715163066103 ], [ 17.023440999640449, 52.464606859810324 ], [ 17.023395794191064, 52.464481993740641 ], [ 17.023319526150466, 52.464294553181908 ], [ 17.023159110595493, 52.463906611989636 ], [ 17.023159110595493, 52.463906611989636 ], [ 17.023159110595493, 52.463906611989636 ], [ 17.023173238971559, 52.463809904101339 ], [ 17.022122901173997, 52.463915946186873 ], [ 17.021442641490573, 52.463872677523966 ], [ 17.021079174345825, 52.46491147860295 ], [ 17.021617368927011, 52.464886766566707 ] ] ] ] } },
{ "type": "Feature", "properties": { "id": null }, "geometry": { "type": "MultiPolygon", "coordinates": [ [ [ [ 17.023824513934056, 52.463889291905858 ], [ 17.026187051089675, 52.464259711413192 ], [ 17.026388948004275, 52.463342595653053 ], [ 17.025826973332549, 52.463224618276868 ], [ 17.025216091551723, 52.463064451314374 ], [ 17.024530461991603, 52.46287200483895 ], [ 17.023824513934056, 52.463889291905858 ] ] ] ] } },
{ "type": "Feature", "properties": { "id": null }, "geometry": { "type": "MultiPolygon", "coordinates": [ [ [ [ 17.02063319796644, 52.502551126313435 ], [ 17.020862822270225, 52.502382508029953 ], [ 17.021073564079963, 52.502184830046758 ], [ 17.021237422976998, 52.501982261269497 ], [ 17.02124617388165, 52.501937239483098 ], [ 17.021126623428191, 52.501902390063144 ], [ 17.020973639509776, 52.501862874991943 ], [ 17.020755816453256, 52.501768894303453 ], [ 17.020598506417226, 52.501675925788128 ], [ 17.020490843034331, 52.501526301084375 ], [ 17.020347079970389, 52.501281629589521 ], [ 17.020273220164565, 52.50112846417462 ], [ 17.020066636324209, 52.501083944649004 ], [ 17.019813173080841, 52.501034533818988 ], [ 17.019568093912969, 52.500948307018085 ], [ 17.019338307278154, 52.500821273768381 ], [ 17.0190709489098, 52.500632017897246 ], [ 17.018925432704172, 52.500576200382916 ], [ 17.018724653624997, 52.500552306693763 ], [ 17.018683206138608, 52.500576249676953 ], [ 17.018789015905998, 52.500766907054633 ], [ 17.018923646588309, 52.50106480817972 ], [ 17.019153515142946, 52.501339666759407 ], [ 17.019477885173227, 52.501607894695795 ], [ 17.019768272299412, 52.501883765230481 ], [ 17.019997327994801, 52.502027210134457 ], [ 17.020213675488925, 52.502154017104502 ], [ 17.020345468263137, 52.502365638813203 ], [ 17.020357710732458, 52.502542410175757 ], [ 17.02063319796644, 52.502551126313435 ] ], [ [ 17.020150811435364, 52.501682954483172 ], [ 17.020021140239102, 52.501657608221201 ], [ 17.01953747282775, 52.501340499520573 ], [ 17.019423807231028, 52.501240742625527 ], [ 17.019337060540089, 52.501105384926554 ], [ 17.019237317956549, 52.500977534850371 ], [ 17.019327251601261, 52.500948139509255 ], [ 17.019491282346394, 52.501053889960083 ], [ 17.019693030743444, 52.501165421807364 ], [ 17.019855275491992, 52.501217064718567 ], [ 17.020023009220715, 52.501240473168643 ], [ 17.02010023118406, 52.50130614320458 ], [ 17.020146719350624, 52.501492328540365 ], [ 17.020175363219742, 52.50160611237856 ], [ 17.020150811435364, 52.501682954483172 ] ] ] ] } },
{ "type": "Feature", "properties": { "id": null }, "geometry": { "type": "MultiPolygon", "coordinates": [ [ [ [ 17.01920575413552, 52.499728858306582 ], [ 17.019450659809923, 52.499519436648974 ], [ 17.019510716766156, 52.499380831382766 ], [ 17.019497371579153, 52.499228678556051 ], [ 17.019295408966705, 52.499081579974607 ], [ 17.019133786545673, 52.498935156573943 ], [ 17.018982393592726, 52.498710886447761 ], [ 17.018719558280949, 52.498570979781384 ], [ 17.018403862851279, 52.498409656003844 ], [ 17.018091122827279, 52.498182681658783 ], [ 17.017817800977603, 52.497976898008126 ], [ 17.017535727932618, 52.497816135257651 ], [ 17.017246934010039, 52.497655259160823 ], [ 17.017054294235066, 52.497450826049835 ], [ 17.01696811423183, 52.49727281461054 ], [ 17.016824643209809, 52.497171860443324 ], [ 17.016514468025299, 52.497187190753117 ], [ 17.016397039125764, 52.497255027063673 ], [ 17.016447200967701, 52.49748581559642 ], [ 17.016469547948091, 52.497736668696895 ], [ 17.016531051416315, 52.497864992289223 ], [ 17.016821690879517, 52.497984839056542 ], [ 17.017128438504017, 52.498195291562702 ], [ 17.017324959234855, 52.49831355931768 ], [ 17.017486757978823, 52.4984558820152 ], [ 17.017582065396809, 52.49858066536266 ], [ 17.017775004163408, 52.498629066890132 ], [ 17.017954681750144, 52.498673139696294 ], [ 17.018223684629302, 52.498825470005173 ], [ 17.018484674471871, 52.499006408861362 ], [ 17.018760404393678, 52.499158850601553 ], [ 17.018930779023233, 52.499260252886764 ], [ 17.019073708161173, 52.499373513912246 ], [ 17.019107037125949, 52.499530107643146 ], [ 17.019114395701443, 52.499665735465292 ], [ 17.019151968036123, 52.499727957639124 ], [ 17.01920575413552, 52.499728858306582 ] ] ] ] } },
{ "type": "Feature", "properties": { "id": null }, "geometry": { "type": "MultiPolygon", "coordinates": [ [ [ [ 17.018082785322765, 52.499714154912219 ], [ 17.018158771425039, 52.4996702598024 ], [ 17.018137415618526, 52.499546715990668 ], [ 17.018013181339931, 52.499466616667711 ], [ 17.017869331686487, 52.499373869924526 ], [ 17.017760390819767, 52.499252964580968 ], [ 17.017633019563874, 52.499242617694854 ], [ 17.017561910641543, 52.499327656215854 ], [ 17.017652343048663, 52.499411295766052 ], [ 17.017753268513101, 52.499560810293623 ], [ 17.017840932743962, 52.499705996312883 ], [ 17.017908165281884, 52.499707122887912 ], [ 17.018082785322765, 52.499714154912219 ] ] ] ] } },
{ "type": "Feature", "properties": { "id": null }, "geometry": { "type": "MultiPolygon", "coordinates": [ [ [ [ 17.003315215783317, 52.494493184572583 ], [ 17.003465123671699, 52.494302722967092 ], [ 17.003036751458577, 52.494254429487725 ], [ 17.002981141318479, 52.494442376439167 ], [ 17.003315215783317, 52.494493184572583 ] ] ] ] } },
{ "type": "Feature", "properties": { "id": null }, "geometry": { "type": "MultiPolygon", "coordinates": [ [ [ [ 17.003880022310931, 52.495094012004245 ], [ 17.003990555958353, 52.495030177868856 ], [ 17.004092662258945, 52.494855333696073 ], [ 17.004174228759723, 52.494688355292595 ], [ 17.004186154667671, 52.494573582568627 ], [ 17.004121532331023, 52.494515005199908 ], [ 17.004008366560672, 52.494488458357353 ], [ 17.003854866548739, 52.494461230737748 ], [ 17.00363882044061, 52.494478115643716 ], [ 17.003541918411408, 52.494538073318289 ], [ 17.003507406845788, 52.494705845541773 ], [ 17.003541606780043, 52.494841927812857 ], [ 17.003669921558679, 52.494979598514632 ], [ 17.003880022310931, 52.495094012004245 ] ] ] ] } },
{ "type": "Feature", "properties": { "id": null }, "geometry": { "type": "MultiPolygon", "coordinates": [ [ [ [ 17.004988180745677, 52.502788239399187 ], [ 17.004991508347281, 52.502640472065607 ], [ 17.005064504946283, 52.502514410706013 ], [ 17.005239876717635, 52.502505049481982 ], [ 17.005423272479678, 52.502467079845154 ], [ 17.00565670532264, 52.502364254219337 ], [ 17.005862314036818, 52.502281490127082 ], [ 17.005932335917748, 52.502221077407576 ], [ 17.005986644168132, 52.502061850807976 ], [ 17.005886719351917, 52.502039635338868 ], [ 17.00574682478182, 52.502008533541847 ], [ 17.005578735907992, 52.502005699673113 ], [ 17.005267037222044, 52.502053824698471 ], [ 17.005182232071594, 52.501994907722505 ], [ 17.005197873692037, 52.501798073537167 ], [ 17.005310837696413, 52.501680898415266 ], [ 17.005515107397976, 52.501479032341756 ], [ 17.005625804249043, 52.501263269719317 ], [ 17.005558755592904, 52.501258033067202 ], [ 17.005413069137894, 52.501206302161087 ], [ 17.005368198739319, 52.501008447592952 ], [ 17.005432946061063, 52.500767273080037 ], [ 17.005604522916052, 52.500544324562178 ], [ 17.005943289548799, 52.500492548798242 ], [ 17.006337884403514, 52.500396544721063 ], [ 17.006657553007486, 52.500171984331729 ], [ 17.006727901357838, 52.499955540766813 ], [ 17.006882680826685, 52.499806219122618 ], [ 17.007290157203091, 52.499722747581373 ], [ 17.00761287148454, 52.499728183567221 ], [ 17.007840391685672, 52.499904476212251 ], [ 17.008145394298033, 52.500004055200648 ], [ 17.008402036996625, 52.500131562635609 ], [ 17.008374262256805, 52.5002994494657 ], [ 17.008219486014198, 52.500448773082894 ], [ 17.008006981403536, 52.500535531288641 ], [ 17.007759374834251, 52.500654547593307 ], [ 17.007937937024384, 52.50072325407362 ], [ 17.008161337320541, 52.50084198976414 ], [ 17.00821646817116, 52.500961998042285 ], [ 17.008212803239275, 52.501191883866447 ], [ 17.008384830350053, 52.501256373403471 ], [ 17.00879811368177, 52.501193525406229 ], [ 17.008835392603633, 52.500964205403157 ], [ 17.008536177811767, 52.500885256734541 ], [ 17.008335172315764, 52.500717624350379 ], [ 17.008443071192833, 52.500563405157223 ], [ 17.008647692289866, 52.500353327276841 ], [ 17.008632529831868, 52.500242204458978 ], [ 17.008525096226165, 52.500088466184764 ], [ 17.008530103922208, 52.499977682918583 ], [ 17.008881382282862, 52.499946640456443 ], [ 17.009206508798979, 52.499898732004915 ], [ 17.009549344710798, 52.49975667792247 ], [ 17.009541644844045, 52.499629255973197 ], [ 17.009414039929297, 52.499475179081209 ], [ 17.009171771371726, 52.49932738471108 ], [ 17.008894219881554, 52.499215951796877 ], [ 17.008679217873546, 52.499060402936436 ], [ 17.00846305834224, 52.498781647967419 ], [ 17.00847158981637, 52.49859290607025 ], [ 17.008519346537035, 52.498429461805159 ], [ 17.008287750467726, 52.498343438333293 ], [ 17.008061068203705, 52.49844638270315 ], [ 17.007757648507727, 52.498609627360622 ], [ 17.007601305197628, 52.498496126483701 ], [ 17.007555685188805, 52.498314684920722 ], [ 17.007393177141712, 52.498188761289335 ], [ 17.007176886343849, 52.498061931351067 ], [ 17.007162284985245, 52.497938499102709 ], [ 17.00741678615617, 52.497815494027037 ], [ 17.00741674334331, 52.497667669798936 ], [ 17.007169109552223, 52.497638860846202 ], [ 17.006864908852023, 52.497670691374609 ], [ 17.006760538620515, 52.497746950674234 ], [ 17.006971774152596, 52.497836740344724 ], [ 17.00694079918275, 52.497926555037751 ], [ 17.006708878067371, 52.497996558887465 ], [ 17.006603764237603, 52.498089230357074 ], [ 17.006643956554818, 52.498241837395852 ], [ 17.006809473246832, 52.498449936936041 ], [ 17.007104028584273, 52.498631466843257 ], [ 17.007366084396175, 52.498787811282938 ], [ 17.007587061293034, 52.498959888048091 ], [ 17.007572359451135, 52.499136207343724 ], [ 17.007434185642033, 52.499216004064429 ], [ 17.007175180266891, 52.499289658832659 ], [ 17.006715593160934, 52.499335295985823 ], [ 17.00649744226849, 52.499249495589531 ], [ 17.006232269073148, 52.499310725734347 ], [ 17.006050039444968, 52.499471902456584 ], [ 17.005890615560791, 52.499723799943162 ], [ 17.0057165920262, 52.499852264831503 ], [ 17.005409960176284, 52.499937431441836 ], [ 17.004981159421433, 52.499897350633859 ], [ 17.004815122640892, 52.499849381934133 ], [ 17.004633004868669, 52.499710805138854 ], [ 17.004446395223606, 52.499522877762324 ], [ 17.00430232408074, 52.499138569700214 ], [ 17.004276142914527, 52.498973879596839 ], [ 17.004271617977476, 52.498776705180831 ], [ 17.004311366447105, 52.498641870867935 ], [ 17.004516993071331, 52.498706933028622 ], [ 17.004686961009426, 52.498816561643252 ], [ 17.004896676623272, 52.498791355497296 ], [ 17.005110293381584, 52.498679984374384 ], [ 17.005261208124747, 52.498764653573936 ], [ 17.005432664166431, 52.49884145652252 ], [ 17.005643865351704, 52.498783424430698 ], [ 17.005715367626557, 52.498690187131743 ], [ 17.005586701025099, 52.498708548861465 ], [ 17.005426462303028, 52.498681209789666 ], [ 17.005331932396839, 52.498540004682695 ], [ 17.005201744614833, 52.498443366475101 ], [ 17.00506204768369, 52.498408160892033 ], [ 17.004850847571927, 52.498466191958727 ], [ 17.0045169600671, 52.498559108917341 ], [ 17.00430966145349, 52.498530974432157 ], [ 17.004045015901536, 52.498432066372189 ], [ 17.004057129294491, 52.49831319066935 ], [ 17.00420670772122, 52.498278758597273 ], [ 17.004521572853882, 52.498308707925077 ], [ 17.004643701532437, 52.498286130863249 ], [ 17.004668887557369, 52.498175688042707 ], [ 17.004692401121762, 52.498102172895152 ], [ 17.004977180525231, 52.498053595533875 ], [ 17.005325066370641, 52.497948594725344 ], [ 17.005459117353318, 52.49781124400139 ], [ 17.005578050144159, 52.49771059411291 ], [ 17.005700176644282, 52.497688015936241 ], [ 17.006110644758643, 52.497686723182106 ], [ 17.006261890496212, 52.497615360753088 ], [ 17.006451762592498, 52.497433781473212 ], [ 17.006574404777744, 52.49725106892852 ], [ 17.006553268137402, 52.497123420231553 ], [ 17.006470512616403, 52.497019370318803 ], [ 17.006253858848719, 52.496900744914036 ], [ 17.006090431300901, 52.49679533495506 ], [ 17.005891348183837, 52.496734491989102 ], [ 17.005819663862013, 52.496831832538241 ], [ 17.005782559044739, 52.497057048541777 ], [ 17.005695199734667, 52.497203399268443 ], [ 17.005576640061648, 52.49729584314219 ], [ 17.005295802745817, 52.497406081542451 ], [ 17.005048392594723, 52.497520989256344 ], [ 17.004822636205233, 52.497603412016574 ], [ 17.004609209845579, 52.497710679608062 ], [ 17.004611844716223, 52.497801060682676 ], [ 17.004797856556483, 52.497853472875271 ], [ 17.004936622570355, 52.497909194136192 ], [ 17.004833363272898, 52.497960833235695 ], [ 17.004610577359589, 52.497977606344243 ], [ 17.004404582288299, 52.497920750521395 ], [ 17.004276474990053, 52.497926801620089 ], [ 17.004164075742633, 52.498031666669505 ], [ 17.003999936962735, 52.498090490255322 ], [ 17.003776964217547, 52.498111364857493 ], [ 17.00354801200092, 52.498115713276867 ], [ 17.003259111024512, 52.498106730682125 ], [ 17.003127441429733, 52.498042914819266 ], [ 17.003173357724911, 52.497920503609663 ], [ 17.003336753182744, 52.497878093463925 ], [ 17.003600434240109, 52.497849694336018 ], [ 17.003719185430732, 52.497753149433883 ], [ 17.00381234581587, 52.497627429078364 ], [ 17.0038371617194, 52.497525192588185 ], [ 17.003832236115937, 52.497188400158002 ], [ 17.003746296171418, 52.497006276541534 ], [ 17.003715997935537, 52.496784029796387 ], [ 17.003751811790831, 52.496587536055173 ], [ 17.003850205177773, 52.496494753672565 ], [ 17.004177355584421, 52.496401724993248 ], [ 17.004413360349631, 52.496241458367834 ], [ 17.004533963510983, 52.496103881796991 ], [ 17.004539723775085, 52.495976686417407 ], [ 17.004397958215158, 52.495838789791271 ], [ 17.004192716734966, 52.495765521376597 ], [ 17.003906061442919, 52.495707303600419 ], [ 17.003573092496623, 52.495631878599518 ], [ 17.00329297556446, 52.495577875891108 ], [ 17.003182439528679, 52.495641709345279 ], [ 17.003203007979135, 52.495781667791306 ], [ 17.00337726713428, 52.495944751637296 ], [ 17.003517170696956, 52.496123680197769 ], [ 17.003451275275268, 52.496241648116623 ], [ 17.003120591558346, 52.496412633173513 ], [ 17.002884767198495, 52.496568794086869 ], [ 17.00251374240441, 52.496739096357018 ], [ 17.002317108770292, 52.496772731586063 ], [ 17.002104213577926, 52.496719861365101 ], [ 17.002084020358417, 52.496571696638867 ], [ 17.00210211690688, 52.496469346979538 ], [ 17.002037680708341, 52.496406665419578 ], [ 17.001799013345817, 52.496328722034995 ], [ 17.001711222639518, 52.496187627712821 ], [ 17.001569465361584, 52.496049727782683 ], [ 17.001392443716956, 52.496096011442766 ], [ 17.001266924743216, 52.495896792303405 ], [ 17.001304795921794, 52.495655165619326 ], [ 17.001526431363633, 52.495515192959694 ], [ 17.001614731353143, 52.495348330027525 ], [ 17.00139809899305, 52.495229695909096 ], [ 17.001086258038605, 52.495281913470876 ], [ 17.001078254361435, 52.495458345420381 ], [ 17.001083180800403, 52.495942961909137 ], [ 17.001041005307421, 52.496131135004852 ], [ 17.001095016028248, 52.496423588899454 ], [ 17.001199436862898, 52.496642982752846 ], [ 17.001513938971318, 52.496828970150482 ], [ 17.001950011930116, 52.497004691633897 ], [ 17.002251632294978, 52.497178140789586 ], [ 17.002332331747695, 52.497327327329224 ], [ 17.002264384889127, 52.497490428286746 ], [ 17.001978142393725, 52.497719647732396 ], [ 17.001754660019913, 52.498048475813526 ], [ 17.001775434772608, 52.498332155380943 ], [ 17.00211928695667, 52.498613079685029 ], [ 17.002312605879155, 52.498801124163421 ], [ 17.002498113399653, 52.499161497258164 ], [ 17.002667759395944, 52.499574982935513 ], [ 17.002791089848287, 52.499971261500285 ], [ 17.003037287608912, 52.500254640311859 ], [ 17.003207472094118, 52.500507992003406 ], [ 17.003918129168731, 52.501158501494508 ], [ 17.004377850981896, 52.501630259589199 ], [ 17.00492330722113, 52.501694894133287 ], [ 17.004929769057735, 52.501775074165913 ], [ 17.004877982949296, 52.50195282078348 ], [ 17.004804074468236, 52.502173309428308 ], [ 17.00480209758058, 52.502514091297989 ], [ 17.004778336415278, 52.502741585027863 ], [ 17.004778834520895, 52.502879151367601 ], [ 17.004893618675009, 52.502944733548375 ], [ 17.004966633148968, 52.502892584276367 ], [ 17.004988180745677, 52.502788239399187 ] ], [ [ 17.008377666328141, 52.501127383225104 ], [ 17.00834835531986, 52.501029035710211 ], [ 17.008410409695038, 52.50096312774204 ], [ 17.00852893469386, 52.500954822778581 ], [ 17.008579066458154, 52.500965967172085 ], [ 17.008643970345922, 52.501023712123917 ], [ 17.008606051687579, 52.501115777585362 ], [ 17.008486363066574, 52.501149814094575 ], [ 17.008377666328141, 52.501127383225104 ] ] ] ] } },
{ "type": "Feature", "properties": { "id": null }, "geometry": { "type": "MultiPolygon", "coordinates": [ [ [ [ 17.010398395978836, 52.502559074565575 ], [ 17.010696275133604, 52.502518916039328 ], [ 17.010869183474661, 52.502415062368755 ], [ 17.010901635978414, 52.502292421957293 ], [ 17.010792707401514, 52.502171510371106 ], [ 17.010632823298465, 52.502135972034708 ], [ 17.010386829983645, 52.50207024178161 ], [ 17.010188087753818, 52.50200119962971 ], [ 17.009891087722806, 52.50187301726973 ], [ 17.009706906488155, 52.501779582035653 ], [ 17.009561905191816, 52.501563619629401 ], [ 17.009432811621071, 52.501442367432368 ], [ 17.009247149857, 52.501381756184195 ], [ 17.009131738263999, 52.501404451083147 ], [ 17.008954146276047, 52.501463055138764 ], [ 17.008928968870887, 52.501573498901642 ], [ 17.009049668998621, 52.501731566231065 ], [ 17.009158591692774, 52.501852479372616 ], [ 17.00931643402879, 52.501933153611773 ], [ 17.009433379318629, 52.502025458063315 ], [ 17.009772624577117, 52.502261113647741 ], [ 17.010398395978836, 52.502559074565575 ] ] ] ] } },
{ "type": "Feature", "properties": { "id": null }, "geometry": { "type": "MultiPolygon", "coordinates": [ [ [ [ 17.010303442272502, 52.502873655160663 ], [ 17.010248329390734, 52.502827559912838 ], [ 17.010142047584687, 52.502797028734719 ], [ 17.009981513037079, 52.502775850304857 ], [ 17.009793342423315, 52.502770631517791 ], [ 17.009619546169784, 52.502745123271097 ], [ 17.009584487678275, 52.502627506563712 ], [ 17.009587799838467, 52.502479738944125 ], [ 17.009467979363475, 52.502451032448334 ], [ 17.009317717285061, 52.502425919756028 ], [ 17.009261747317819, 52.502324375850051 ], [ 17.009155999578997, 52.502207622460553 ], [ 17.009046358243104, 52.502177033738967 ], [ 17.00884017589258, 52.502198200596339 ], [ 17.008699676222303, 52.502329287221237 ], [ 17.008732297647388, 52.502426332166365 ], [ 17.008915435752407, 52.502468423789502 ], [ 17.009105112426674, 52.502514731376031 ], [ 17.009240444011187, 52.502572442707859 ], [ 17.009220297261095, 52.502646015335444 ], [ 17.009162335780552, 52.502737429477044 ], [ 17.009207756908079, 52.502849061404056 ], [ 17.009326465792761, 52.502902386674258 ], [ 17.009555838180965, 52.502963733233408 ], [ 17.009937514563084, 52.503005057533557 ], [ 17.010178245517473, 52.502963938871773 ], [ 17.010303442272502, 52.502873655160663 ] ], [ [ 17.009356199534313, 52.502817672468296 ], [ 17.009316359122653, 52.502765499935705 ], [ 17.009336481259965, 52.502693735625577 ], [ 17.009430641428967, 52.502664418874623 ], [ 17.00953841237952, 52.502707433999902 ], [ 17.009536087070426, 52.502758896964487 ], [ 17.009474264301478, 52.50281965919973 ], [ 17.009356199534313, 52.502817672468296 ] ], [ [ 17.009053414740226, 52.502421160896581 ], [ 17.008952449905014, 52.502414311345341 ], [ 17.008895278906397, 52.502372147381394 ], [ 17.008923834626994, 52.502300525087136 ], [ 17.009042595732829, 52.502287073350431 ], [ 17.00908429604366, 52.502298075608508 ], [ 17.009124600922121, 52.502339955625224 ], [ 17.009053414740226, 52.502421160896581 ] ] ] ] } },
{ "type": "Feature", "properties": { "id": null }, "geometry": { "type": "MultiPolygon", "coordinates": [ [ [ [ 17.008126108549739, 52.507017562073315 ], [ 17.008603531228246, 52.506912295266616 ], [ 17.009014875753788, 52.506775013216263 ], [ 17.009378870320063, 52.506564830105589 ], [ 17.009975754829124, 52.506430666717549 ], [ 17.010468175015621, 52.506366846381553 ], [ 17.01050506539876, 52.506305725223847 ], [ 17.010830793283247, 52.506245503549742 ], [ 17.011184714006273, 52.506157011557832 ], [ 17.011535428510452, 52.505990446807012 ], [ 17.011863004709198, 52.505889191374251 ], [ 17.012104091241657, 52.50576595067767 ], [ 17.012367015191931, 52.505606120607446 ], [ 17.012434567831562, 52.505451219991812 ], [ 17.012241050000764, 52.505415118836559 ], [ 17.011902993046995, 52.50545049994038 ], [ 17.011598185683187, 52.505494651366362 ], [ 17.011170676283733, 52.505573694996507 ], [ 17.010743906593014, 52.505636324723255 ], [ 17.010310596932115, 52.505694736717196 ], [ 17.009775126264518, 52.505780171836797 ], [ 17.009423430979677, 52.505819422633259 ], [ 17.008921948936344, 52.505897213423395 ], [ 17.008561487282119, 52.505981482348851 ], [ 17.008425565130398, 52.506159867052908 ], [ 17.008387907908528, 52.506397392829967 ], [ 17.008349322591506, 52.506655433976405 ], [ 17.008126108549739, 52.507017562073315 ] ], [ [ 17.010514595348873, 52.506133292713386 ], [ 17.010290833769865, 52.506041975858544 ], [ 17.010142512356747, 52.505962227974315 ], [ 17.010063056755122, 52.505852737108057 ], [ 17.010233824682814, 52.505809257702879 ], [ 17.01042640678974, 52.505843398026343 ], [ 17.010670521639071, 52.505857803815303 ], [ 17.010942261961631, 52.50582117154292 ], [ 17.011199225560244, 52.505737938375866 ], [ 17.011329449597394, 52.505657724332927 ], [ 17.011619449535338, 52.505590496241851 ], [ 17.011736592701467, 52.505613065991319 ], [ 17.011818142682522, 52.505676239065728 ], [ 17.011789589315047, 52.505747862044991 ], [ 17.011583694086603, 52.505821654478559 ], [ 17.011126185813303, 52.50592793908671 ], [ 17.01120842517124, 52.505908049816682 ], [ 17.010909756321787, 52.505980281359165 ], [ 17.010514595348873, 52.506133292713386 ] ] ] ] } },
{ "type": "Feature", "properties": { "id": null }, "geometry": { "type": "MultiPolygon", "coordinates": [ [ [ [ 17.017771645537174, 52.506778788716353 ], [ 17.017741824996591, 52.506544235840188 ], [ 17.017550991843546, 52.506298772399091 ], [ 17.017314644081573, 52.506167519321053 ], [ 17.017101500352918, 52.506118778648506 ], [ 17.016791631643336, 52.506125902840218 ], [ 17.016404839900833, 52.506197435575849 ], [ 17.016024031924172, 52.506285492199012 ], [ 17.015521446299839, 52.506387929609865 ], [ 17.014979067463774, 52.50647737858808 ], [ 17.014610963107263, 52.506582068650339 ], [ 17.014598135502307, 52.506717357913281 ], [ 17.014647676245147, 52.50681263190684 ], [ 17.014773219216451, 52.506864013151976 ], [ 17.015115790463454, 52.506877973909781 ], [ 17.015499077730155, 52.506884404310732 ], [ 17.015930359669433, 52.506871107443445 ], [ 17.016402172205765, 52.506854382420222 ], [ 17.017023767120524, 52.506799104365363 ], [ 17.017771645537174, 52.506778788716353 ] ] ] ] } },
{ "type": "Feature", "properties": { "id": null }, "geometry": { "type": "MultiPolygon", "coordinates": [ [ [ [ 17.02276076953612, 52.509868014522226 ], [ 17.022944527927592, 52.508023299366336 ], [ 17.022865306918678, 52.50798912584527 ], [ 17.022583613228086, 52.507967992832178 ], [ 17.0222288712446, 52.507925106965153 ], [ 17.021953718556613, 52.507908187993252 ], [ 17.021315442186612, 52.5078851953349 ], [ 17.021006017672974, 52.508031948659003 ], [ 17.020736016514682, 52.508199891744624 ], [ 17.020558129039742, 52.508414543663896 ], [ 17.020495296101608, 52.508614695788424 ], [ 17.020398101605615, 52.508830697663342 ], [ 17.020161985630128, 52.509142923250991 ], [ 17.020188600217988, 52.509299404001645 ], [ 17.020518480721684, 52.509296711803458 ], [ 17.020953744374516, 52.509345055981015 ], [ 17.021059768452588, 52.509531608256474 ], [ 17.021193245656608, 52.509706301052795 ], [ 17.02139222441447, 52.509771222032526 ], [ 17.021741545663495, 52.509785276311945 ], [ 17.02206120378958, 52.509860426487954 ], [ 17.022331486384413, 52.509836201792133 ], [ 17.02276076953612, 52.509868014522226 ] ] ] ] } },
{ "type": "Feature", "properties": { "id": null }, "geometry": { "type": "MultiPolygon", "coordinates": [ [ [ [ 17.021841652582257, 52.504260013741032 ], [ 17.02209199098904, 52.504264776136225 ], [ 17.021989635499196, 52.503912851241047 ], [ 17.021944634248111, 52.503764886130789 ], [ 17.021666375010756, 52.503817719681024 ], [ 17.021348324608923, 52.50385756843901 ], [ 17.020995363777153, 52.503925575694375 ], [ 17.020696193234595, 52.503994481925844 ], [ 17.020389744666289, 52.504075584201615 ], [ 17.02035584189051, 52.504231052311681 ], [ 17.02048073292838, 52.504446664454008 ], [ 17.02072933613432, 52.504454930413779 ], [ 17.021339103069806, 52.504362476263282 ], [ 17.021841652582257, 52.504260013741032 ] ] ] ] } },
{ "type": "Feature", "properties": { "id": null }, "geometry": { "type": "MultiPolygon", "coordinates": [ [ [ [ 16.990368767454466, 52.494108658485445 ], [ 16.990837481867867, 52.493862035283556 ], [ 16.99118461875667, 52.493773488178043 ], [ 16.991583662047123, 52.493726883645976 ], [ 16.99215915703563, 52.493794141122819 ], [ 16.992708699321927, 52.493840424262125 ], [ 16.993229672091484, 52.49392317611661 ], [ 16.993805172362986, 52.493990425633221 ], [ 16.994243801723385, 52.493960908418074 ], [ 16.994328390869637, 52.493876112181134 ], [ 16.994226437380451, 52.493751196774191 ], [ 16.993932152768327, 52.49371335633942 ], [ 16.993536101047553, 52.493694320007862 ], [ 16.993173100298463, 52.493688161766876 ], [ 16.99279871102361, 52.493636640728035 ], [ 16.992336933849192, 52.493583635255739 ], [ 16.992036864700907, 52.493525160794228 ], [ 16.991933983694825, 52.493420758713327 ], [ 16.992050512771232, 52.49322563833978 ], [ 16.992317357792775, 52.492979688490486 ], [ 16.99272648500202, 52.492711515378815 ], [ 16.993146622252684, 52.492496908553427 ], [ 16.993408786066599, 52.49235353238484 ], [ 16.993353145382436, 52.492245826706508 ], [ 16.993082961581905, 52.49212216229823 ], [ 16.992755446821967, 52.49222336653829 ], [ 16.992360890042523, 52.492467149718905 ], [ 16.992102079173218, 52.492684492495925 ], [ 16.991849800872089, 52.492906051846639 ], [ 16.991514610216939, 52.493175477466735 ], [ 16.991196413566232, 52.493367172554748 ], [ 16.990805018192933, 52.493541198551924 ], [ 16.990362461584589, 52.493656866936753 ], [ 16.989908501419841, 52.493874995444465 ], [ 16.98988401421181, 52.494116846415459 ], [ 16.990368767454466, 52.494108658485445 ] ] ] ] } },
{ "type": "Feature", "properties": { "id": null }, "geometry": { "type": "MultiPolygon", "coordinates": [ [ [ [ 16.980149666957612, 52.485779619044287 ], [ 16.9805632181045, 52.485708662442029 ], [ 16.980990021934318, 52.485642036868462 ], [ 16.98120565636118, 52.485633399011185 ], [ 16.981405781927908, 52.485669664629761 ], [ 16.981616719475319, 52.485763601675018 ], [ 16.981942478383143, 52.485847178850761 ], [ 16.982242857089968, 52.485897472276712 ], [ 16.982327788544975, 52.485952302201014 ], [ 16.982172037520282, 52.486122106831118 ], [ 16.982031793685849, 52.486247007289862 ], [ 16.981856065081161, 52.486412364424325 ], [ 16.981660923358469, 52.486560965093012 ], [ 16.981435137782352, 52.486791167099021 ], [ 16.981321542645851, 52.487068452121221 ], [ 16.981489759978395, 52.487067216852608 ], [ 16.981663613798752, 52.486942890576515 ], [ 16.981814715154062, 52.486727838712802 ], [ 16.982027431939468, 52.48648920055539 ], [ 16.982376070014571, 52.486220030915476 ], [ 16.982630570370006, 52.4860970789588 ], [ 16.982879287107885, 52.485953496665999 ], [ 16.982918524936512, 52.485830978899038 ], [ 16.982886648203696, 52.485645654826776 ], [ 16.982835172194157, 52.485447677775973 ], [ 16.982969253505416, 52.485310352591235 ], [ 16.982948190142817, 52.485182700180815 ], [ 16.982738191289055, 52.485068250352732 ], [ 16.98246601564648, 52.484989695617159 ], [ 16.982150698528688, 52.484971997708143 ], [ 16.981932625506552, 52.485033976683781 ], [ 16.981692698442121, 52.485132538422718 ], [ 16.981538826803288, 52.485261311978228 ], [ 16.981423400846406, 52.485431803829442 ], [ 16.981214112538979, 52.485448762864323 ], [ 16.981025926532251, 52.485445550591841 ], [ 16.980717327764602, 52.485427963564639 ], [ 16.980494597385785, 52.48544469182918 ], [ 16.980128471199858, 52.485508245645391 ], [ 16.979988035610955, 52.485637246676717 ], [ 16.980149666957612, 52.485779619044287 ] ] ] ] } },
{ "type": "Feature", "properties": { "id": null }, "geometry": { "type": "MultiPolygon", "coordinates": [ [ [ [ 16.978293410193132, 52.489735056404086 ], [ 16.978742814666539, 52.489763268332155 ], [ 16.979104462905813, 52.489798191638862 ], [ 16.979350339777316, 52.489863985913807 ], [ 16.979582021797359, 52.489945962122022 ], [ 16.979880732837117, 52.490033188935648 ], [ 16.980271339163487, 52.490023434693569 ], [ 16.980748010535617, 52.490043892116404 ], [ 16.981076806485831, 52.490061823578401 ], [ 16.981344168337845, 52.490099236793363 ], [ 16.981474654773685, 52.490187694565847 ], [ 16.981524293814839, 52.490278878748462 ], [ 16.981720725373751, 52.490249380943297 ], [ 16.982032739989471, 52.490193111245453 ], [ 16.982516323690337, 52.490209573222067 ], [ 16.983032201690509, 52.490255327530356 ], [ 16.983555553416199, 52.490284782079833 ], [ 16.98338326766271, 52.490080639570941 ], [ 16.983020111150406, 52.49007855350726 ], [ 16.982717825082787, 52.490069292054734 ], [ 16.982417793161808, 52.490010793526096 ], [ 16.982158843201184, 52.489936570182756 ], [ 16.981993620856958, 52.489872157901686 ], [ 16.98186910434406, 52.489800227481183 ], [ 16.981725175068199, 52.489711540750513 ], [ 16.981599532008087, 52.489664228196133 ], [ 16.981323383731169, 52.489671834113736 ], [ 16.980998868622486, 52.489707357388632 ], [ 16.980627489940446, 52.489737973446246 ], [ 16.980345371609882, 52.489729050231944 ], [ 16.980138507049336, 52.489692667879488 ], [ 16.979952559775779, 52.489640217482687 ], [ 16.979684637710793, 52.489615110215532 ], [ 16.979449383202059, 52.489611091565969 ], [ 16.979228136240096, 52.489594993072373 ], [ 16.978861273295923, 52.489527131166042 ], [ 16.978679038985263, 52.489540441912169 ], [ 16.978348365991302, 52.489563533986619 ], [ 16.978293410193132, 52.489735056404086 ] ] ] ] } },
{ "type": "Feature", "properties": { "id": null }, "geometry": { "type": "MultiPolygon", "coordinates": [ [ [ [ 16.986093978410285, 52.491999264715041 ], [ 16.986097915990729, 52.491913101014859 ], [ 16.986053862564326, 52.491846651315583 ], [ 16.985955846438845, 52.491783388974611 ], [ 16.985804617946805, 52.491706901728861 ], [ 16.985654515237439, 52.491605796099307 ], [ 16.985606554099942, 52.491477686276809 ], [ 16.985605458615893, 52.49135448082405 ], [ 16.985674769568316, 52.491162668572713 ], [ 16.985652600378053, 52.49091181119428 ], [ 16.985564842142246, 52.490918529054674 ], [ 16.985371192918631, 52.491034311403901 ], [ 16.985191173890307, 52.491146219395652 ], [ 16.985357190402269, 52.491929230310724 ], [ 16.986093978410285, 52.491999264715041 ] ] ] ] } },
{ "type": "Feature", "properties": { "id": null }, "geometry": { "type": "MultiPolygon", "coordinates": [ [ [ [ 16.985756619832515, 52.493640116644258 ], [ 16.985330837324351, 52.492947125510064 ], [ 16.984945051645987, 52.492998041023391 ], [ 16.98401212396584, 52.491627088988892 ], [ 16.982876728772212, 52.491447588730935 ], [ 16.983033170778686, 52.491557018495349 ], [ 16.983214998942216, 52.491699730729387 ], [ 16.983362467683587, 52.491858281771854 ], [ 16.983436934894815, 52.491995056900606 ], [ 16.983522405793853, 52.492185400527255 ], [ 16.983519364996646, 52.492398872509156 ], [ 16.983338021323654, 52.492539498736527 ], [ 16.983407269583541, 52.492643335063107 ], [ 16.983977927282751, 52.492521663655239 ], [ 16.984363539367564, 52.49320986912106 ], [ 16.983875228902114, 52.493295990038263 ], [ 16.984061876812934, 52.493627669423233 ], [ 16.984983224317112, 52.49348733220198 ], [ 16.985092216484272, 52.493751987340389 ], [ 16.985756619832515, 52.493640116644258 ] ] ] ] } },
{ "type": "Feature", "properties": { "id": null }, "geometry": { "type": "MultiPolygon", "coordinates": [ [ [ [ 17.006000280987266, 52.442947978134463 ], [ 17.007646776513834, 52.44222813456215 ], [ 17.009412201949083, 52.441456114152551 ], [ 17.00997288748124, 52.441330637647866 ], [ 17.010129572038984, 52.441332779569038 ], [ 17.011246564403848, 52.441348022492818 ], [ 17.011140734323053, 52.440964729391965 ], [ 17.011101804877665, 52.440823733946509 ], [ 17.009394984759428, 52.439523473106377 ], [ 17.008606499526675, 52.439518199200073 ], [ 17.007135566124123, 52.439489815350818 ], [ 17.005661305556814, 52.439489509459996 ], [ 17.00315846983046, 52.439464248400796 ], [ 17.002725355617425, 52.439539168341682 ], [ 17.002054354150747, 52.439667442859019 ], [ 17.001180069482203, 52.439833339299099 ], [ 17.000014284660779, 52.440055892086846 ], [ 16.999504592505087, 52.440182774733721 ], [ 17.001426966322768, 52.441652474710544 ], [ 17.003306224039893, 52.440809597870448 ], [ 17.005039635576541, 52.442300683845566 ], [ 17.005675040111775, 52.442812365738703 ], [ 17.006000280987266, 52.442947978134463 ] ] ] ] } },
{ "type": "Feature", "properties": { "id": null }, "geometry": { "type": "MultiPolygon", "coordinates": [ [ [ [ 16.982650899411816, 52.443456511951958 ], [ 16.982607049647083, 52.443533782613621 ], [ 16.982615041252107, 52.443653000455527 ], [ 16.982637962069553, 52.443739622979201 ], [ 16.982762726899367, 52.443803345704339 ], [ 16.982836399981522, 52.443808708982765 ], [ 16.982998862599018, 52.443782736979614 ], [ 16.983243361542115, 52.443755453420742 ], [ 16.983559884443864, 52.443740321084881 ], [ 16.983442085970967, 52.443376961251161 ], [ 16.983370728432529, 52.44302671221218 ], [ 16.983300854860563, 52.442717550996136 ], [ 16.983186418217155, 52.442354248164783 ], [ 16.983046906860448, 52.441951507953803 ], [ 16.982913456102455, 52.441563242845376 ], [ 16.982793043743314, 52.441257325199274 ], [ 16.982686061323982, 52.440951636568315 ], [ 16.98263369552792, 52.440774173854763 ], [ 16.98256061066591, 52.440543970882594 ], [ 16.982489684652784, 52.440557573032365 ], [ 16.982379156244697, 52.44057790915361 ], [ 16.981968709826099, 52.440650149713186 ], [ 16.981757801559155, 52.440686389356706 ], [ 16.98154627000245, 52.440722970479058 ], [ 16.981599399836178, 52.441028190872011 ], [ 16.981631431569731, 52.441209413173354 ], [ 16.981806112367053, 52.441503939708518 ], [ 16.981875429966426, 52.441751498569907 ], [ 16.981957614292149, 52.442011595783654 ], [ 16.982130612477125, 52.442343049374806 ], [ 16.982293372261569, 52.442604521548553 ], [ 16.982455946427944, 52.44287009656518 ], [ 16.982520430187794, 52.443076509885906 ], [ 16.982448597528268, 52.443177940520236 ], [ 16.982347656194928, 52.443328149442237 ], [ 16.982493313090099, 52.443375803977851 ], [ 16.982650899411816, 52.443456511951958 ] ] ] ] } },
{ "type": "Feature", "properties": { "id": null }, "geometry": { "type": "MultiPolygon", "coordinates": [ [ [ [ 16.977411520451451, 52.441373801528883 ], [ 16.97727285512595, 52.441361493028708 ], [ 16.976438154886612, 52.44150641012881 ], [ 16.97650787489556, 52.441575572421428 ], [ 16.976548856904635, 52.441707674265061 ], [ 16.976607725405692, 52.44188935736917 ], [ 16.976586398781254, 52.442061455396306 ], [ 16.976550703035194, 52.442253838797974 ], [ 16.97653909924562, 52.442360403019663 ], [ 16.976580214502306, 52.442636226292258 ], [ 16.976615179950475, 52.442899625497787 ], [ 16.976609427291191, 52.443318365761407 ], [ 16.976616406848503, 52.44360592353447 ], [ 16.976578773481219, 52.443987161775112 ], [ 16.976623595879833, 52.444328748579487 ], [ 16.976586840288991, 52.444646723685416 ], [ 16.976565706014075, 52.445005290886698 ], [ 16.976323225390065, 52.445779645980672 ], [ 16.976241714957581, 52.446018467004649 ], [ 16.976175899055303, 52.446427966427642 ], [ 16.976081275164553, 52.446806175700438 ], [ 16.97594390629455, 52.447017349589196 ], [ 16.97573100815616, 52.447380846001003 ], [ 16.975446197089074, 52.448051817964313 ], [ 16.975298842402385, 52.448260766988192 ], [ 16.97509635236381, 52.448499568510258 ], [ 16.975054524188764, 52.448605614878645 ], [ 16.975071815952372, 52.448741417597198 ], [ 16.975060928799888, 52.448905481513201 ], [ 16.974982886969514, 52.448958552815348 ], [ 16.974825735212779, 52.448941489187519 ], [ 16.97457182305665, 52.448909422445489 ], [ 16.974511510455148, 52.448942265859316 ], [ 16.974530008967232, 52.448978512537316 ], [ 16.974623914044368, 52.449019130684306 ], [ 16.974731093228161, 52.449100012166411 ], [ 16.974750925782637, 52.449180423947986 ], [ 16.974668348664252, 52.449259081480925 ], [ 16.974536582531343, 52.44931123217863 ], [ 16.974364320068815, 52.449293909079969 ], [ 16.974321077750798, 52.449320885468254 ], [ 16.974338964253477, 52.449370467032203 ], [ 16.974369340096111, 52.449440793866103 ], [ 16.97413869156069, 52.449633942492561 ], [ 16.974015361024581, 52.449765940297333 ], [ 16.973816214725314, 52.450004796965835 ], [ 16.973684975126567, 52.450228392090111 ], [ 16.973512687185391, 52.450467708559486 ], [ 16.97326037531716, 52.450693334277723 ], [ 16.972926342496592, 52.450942195981824 ], [ 16.972583516893781, 52.451236074841198 ], [ 16.972078495099488, 52.451695527550037 ], [ 16.971813302902035, 52.45190861053991 ], [ 16.971463746465552, 52.452202370753476 ], [ 16.971376670134532, 52.452488314953335 ], [ 16.971142399344519, 52.452817325465489 ], [ 16.971006330445437, 52.452991982012342 ], [ 16.97088927086503, 52.453237240368821 ], [ 16.970816320718825, 52.453473421134007 ], [ 16.970783040172183, 52.453647060951589 ], [ 16.97081141413711, 52.453830188452258 ], [ 16.970952448281828, 52.454013844403768 ], [ 16.971199160316171, 52.454249890887368 ], [ 16.971494349489436, 52.454431976368234 ], [ 16.97187342677756, 52.454590211360866 ], [ 16.972425341609117, 52.454790747041443 ], [ 16.972813576260357, 52.454899963567286 ], [ 16.973625510074239, 52.455047349299377 ], [ 16.974324035024658, 52.455160473237051 ], [ 16.975124581830727, 52.455259639095381 ], [ 16.975380504360071, 52.455168521573505 ], [ 16.975591933727152, 52.455143244143521 ], [ 16.976006879587697, 52.455229235236025 ], [ 16.976604419995226, 52.455385692582013 ], [ 16.977243732859225, 52.455592887633742 ], [ 16.978096127145015, 52.455961497788977 ], [ 16.978611812260453, 52.456255078976248 ], [ 16.978727711420103, 52.456320554978269 ], [ 16.979048019916853, 52.456249614599621 ], [ 16.979331427105429, 52.456225714463336 ], [ 16.979450364251363, 52.456159228388564 ], [ 16.97936706561832, 52.456137203831588 ], [ 16.979302500623564, 52.456074297214151 ], [ 16.979272574871661, 52.455991381472266 ], [ 16.979269099796998, 52.455883166419824 ], [ 16.979388686397616, 52.455849158217951 ], [ 16.97929761206014, 52.455789873831478 ], [ 16.97930174565651, 52.455699606919794 ], [ 16.97956128948195, 52.455609598394538 ], [ 16.97964639461054, 52.455512502555209 ], [ 16.979584866844029, 52.455388263642938 ], [ 16.979704868085555, 52.455263020276917 ], [ 16.979715529235396, 52.455176971135359 ], [ 16.979579183178704, 52.45507198507304 ], [ 16.979368207168577, 52.454982148501159 ], [ 16.979122335372935, 52.45492045890115 ], [ 16.978809301661194, 52.454857620727466 ], [ 16.978683572124282, 52.454814408886804 ], [ 16.978580246989004, 52.454722304897913 ], [ 16.978697430106774, 52.454658608159257 ], [ 16.978872427962383, 52.454653387133604 ], [ 16.979187715056998, 52.454666988625803 ], [ 16.979534517075869, 52.454726296590366 ], [ 16.979795887124897, 52.454743081359204 ], [ 16.979871831993034, 52.454699210134983 ], [ 16.979794993847548, 52.454615772260141 ], [ 16.979649678886219, 52.454559908053525 ], [ 16.979425836350579, 52.454457532949789 ], [ 16.979417288589563, 52.454350624293383 ], [ 16.979485953370116, 52.45431894766601 ], [ 16.979613185134884, 52.454329334304838 ], [ 16.979731258841536, 52.454392945617499 ], [ 16.979854845926123, 52.454475498067069 ], [ 16.979958437208143, 52.454569289682077 ], [ 16.980108215135612, 52.454674504779149 ], [ 16.980308387791386, 52.454706667963073 ], [ 16.980376676940406, 52.454683196908945 ], [ 16.98038306155167, 52.45454369338028 ], [ 16.980371738679711, 52.454350506104646 ], [ 16.980339328483812, 52.454177489888174 ], [ 16.980193870964555, 52.453977905054444 ], [ 16.980073776706551, 52.453811603350836 ], [ 16.979985009993879, 52.45369511177045 ], [ 16.979958754348448, 52.453534519325665 ], [ 16.979823915284882, 52.453396709206636 ], [ 16.979710164299991, 52.453238727985678 ], [ 16.979567483814215, 52.453125421094555 ], [ 16.979326083551975, 52.453113083289544 ], [ 16.978990471608718, 52.45310324093159 ], [ 16.978834876236093, 52.453125218779505 ], [ 16.978653306777787, 52.453274046267637 ], [ 16.978496344858726, 52.453472569253144 ], [ 16.978343842000619, 52.453720443328606 ], [ 16.978334255682853, 52.453929698386425 ], [ 16.978320208747352, 52.454089602118991 ], [ 16.978280048929424, 52.454232634336442 ], [ 16.978192875540845, 52.454374862642396 ], [ 16.978133882341435, 52.454488828989462 ], [ 16.978161635720696, 52.454616597438914 ], [ 16.978302625479255, 52.454766833368438 ], [ 16.978346956797211, 52.45497290403808 ], [ 16.978425809886915, 52.455159033650595 ], [ 16.978456145551966, 52.455377183731294 ], [ 16.978422701248956, 52.455520330790058 ], [ 16.978323083726163, 52.455493990036352 ], [ 16.978183732192679, 52.455454651018734 ], [ 16.977563114376952, 52.45520998075822 ], [ 16.977156993204158, 52.455125014672916 ], [ 16.976458179579549, 52.454973444576083 ], [ 16.97589871816519, 52.454861212230739 ], [ 16.975252889970207, 52.454726966999985 ], [ 16.974712453649541, 52.454639692317912 ], [ 16.973954152685092, 52.454466557040092 ], [ 16.97318400108751, 52.454112538384038 ], [ 16.972898669259461, 52.453885908998053 ], [ 16.972668953705114, 52.453619169941696 ], [ 16.972345099036612, 52.453207096996827 ], [ 16.97228027245313, 52.453008884844294 ], [ 16.972308338224941, 52.452836903293736 ], [ 16.972383980604878, 52.452653418852691 ], [ 16.973344004763213, 52.451799351502267 ], [ 16.973742062709299, 52.451473566958384 ], [ 16.97401540058458, 52.45137559453002 ], [ 16.974369513954862, 52.45127489911625 ], [ 16.974586299294568, 52.45123755036763 ], [ 16.974753626788033, 52.451252735423644 ], [ 16.974919698455196, 52.451148817247947 ], [ 16.975440999156834, 52.450480212195991 ], [ 16.975501935591041, 52.450177392506717 ], [ 16.975621299870152, 52.44977291672852 ], [ 16.975725349239678, 52.449409241199781 ], [ 16.976041755980265, 52.448371668288061 ], [ 16.976267105384853, 52.447854030837355 ], [ 16.976279840337213, 52.447722848520741 ], [ 16.976273558466392, 52.447566703138833 ], [ 16.976387960652165, 52.447416729683169 ], [ 16.976574027098021, 52.447169432396691 ], [ 16.976773333455245, 52.446926467653029 ], [ 16.976959316892845, 52.446387623917602 ], [ 16.97714207309949, 52.445479161257666 ], [ 16.977268578579938, 52.444331572752638 ], [ 16.977479951323403, 52.443678187182222 ], [ 16.977481695762648, 52.443493435275748 ], [ 16.977546742586394, 52.443100346950509 ], [ 16.977450570954126, 52.442119358312738 ], [ 16.977411520451451, 52.441373801528883 ] ], [ [ 16.979910326914151, 52.454450107194354 ], [ 16.979867247954395, 52.45436935856749 ], [ 16.979698791035435, 52.45416644875656 ], [ 16.979517588907811, 52.454037618336372 ], [ 16.979371163650445, 52.45396653383407 ], [ 16.979178785086983, 52.453877518194645 ], [ 16.9791357080037, 52.453796769313044 ], [ 16.979205325564674, 52.453706516152813 ], [ 16.979293115059118, 52.4536280038933 ], [ 16.979278080761496, 52.45354773431567 ], [ 16.979253437447774, 52.453473015699643 ], [ 16.979266184440803, 52.453398936102651 ], [ 16.97932253126935, 52.453394183897167 ], [ 16.979359921494616, 52.45339482289171 ], [ 16.979423785554413, 52.453430205423743 ], [ 16.979761477234643, 52.453818893401241 ], [ 16.980035831879928, 52.454160776827756 ], [ 16.980110812680174, 52.454362089312319 ], [ 16.980116762343254, 52.454436488381099 ], [ 16.980087412014829, 52.454464562915753 ], [ 16.980002236300994, 52.454485968542457 ], [ 16.979910326914151, 52.454450107194354 ] ] ] ] } },
{ "type": "Feature", "properties": { "id": null }, "geometry": { "type": "MultiPolygon", "coordinates": [ [ [ [ 16.9788567643585, 52.4529408114891 ], [ 16.978827130736182, 52.452854073581754 ], [ 16.978701807388294, 52.45272874355787 ], [ 16.978542598290069, 52.452682906031463 ], [ 16.978374324158569, 52.452688241479564 ], [ 16.978207340269581, 52.452738767556284 ], [ 16.978177280953037, 52.452808059885832 ], [ 16.978266605038847, 52.452912243651177 ], [ 16.978452678544528, 52.452958540860628 ], [ 16.978612734244724, 52.452985914827941 ], [ 16.9788567643585, 52.4529408114891 ] ] ] ] } },
{ "type": "Feature", "properties": { "id": null }, "geometry": { "type": "MultiPolygon", "coordinates": [ [ [ [ 16.978939050400065, 52.45261166457405 ], [ 16.979086236986205, 52.452626499166911 ], [ 16.979181762957232, 52.452595281838178 ], [ 16.979219287963282, 52.452509691841719 ], [ 16.979245071893246, 52.452386944877951 ], [ 16.979304059281066, 52.452272977880824 ], [ 16.979453733787395, 52.452086648070605 ], [ 16.979679347101026, 52.45185644688457 ], [ 16.980239288744478, 52.451516981811146 ], [ 16.980527170848067, 52.451394605346891 ], [ 16.980744702779408, 52.45134083306894 ], [ 16.980965946624327, 52.451352823845752 ], [ 16.981161829145545, 52.451331531139154 ], [ 16.98112453779731, 52.451265194326808 ], [ 16.980906860846222, 52.451175245926095 ], [ 16.980798888555288, 52.451037895642457 ], [ 16.9807903379034, 52.450930987000085 ], [ 16.98091947913483, 52.450752517210717 ], [ 16.98089209529682, 52.450616543175713 ], [ 16.980749795474154, 52.450495031620996 ], [ 16.980642200741734, 52.450349475103593 ], [ 16.980675445764295, 52.450210430235401 ], [ 16.980795241750293, 52.450089288534706 ], [ 16.981030473515485, 52.450089199358523 ], [ 16.981373154035566, 52.450090944258477 ], [ 16.981703716915813, 52.450063737531387 ], [ 16.981840466814873, 52.450012690524318 ], [ 16.981811204354404, 52.449917747181281 ], [ 16.98166590208206, 52.449861885541274 ], [ 16.981377510372525, 52.449848749610609 ], [ 16.981018585348721, 52.449908321140093 ], [ 16.980787442082551, 52.449965967680939 ], [ 16.980541032772113, 52.44991659039119 ], [ 16.980316648114311, 52.449826526260694 ], [ 16.980091513272967, 52.449752873902817 ], [ 16.979846796154021, 52.449666567757419 ], [ 16.979606353796051, 52.449633715474022 ], [ 16.979508392790169, 52.449718272828925 ], [ 16.979347784761451, 52.449703209311394 ], [ 16.979133640902678, 52.449683124283645 ], [ 16.97907672330194, 52.449751957777963 ], [ 16.979072026516366, 52.449854533903348 ], [ 16.97890019334822, 52.449937828062815 ], [ 16.978638614834747, 52.450072969023161 ], [ 16.978569530703588, 52.450260675707838 ], [ 16.978554922376183, 52.450432888712186 ], [ 16.978411263932756, 52.450487920082253 ], [ 16.97821148771078, 52.450447547787569 ], [ 16.978087223717957, 52.450519335434514 ], [ 16.977923553778282, 52.450717742976529 ], [ 16.977795528611605, 52.450871591126656 ], [ 16.977777021327487, 52.450982143511148 ], [ 16.977771005305193, 52.45111344081856 ], [ 16.977684400751382, 52.45124335974424 ], [ 16.977524674797451, 52.451355602820676 ], [ 16.977320194400541, 52.451417804989227 ], [ 16.977349636119616, 52.451508646293874 ], [ 16.977429607413164, 52.451670158331936 ], [ 16.977531794977601, 52.451786881513037 ], [ 16.977650182117479, 52.451990113058798 ], [ 16.977755138622346, 52.452193114762061 ], [ 16.977879867718904, 52.452404667030777 ], [ 16.97820537467393, 52.452488252384711 ], [ 16.978551970312971, 52.452551666106601 ], [ 16.978939050400065, 52.45261166457405 ] ] ] ] } },
{ "type": "Feature", "properties": { "id": null }, "geometry": { "type": "MultiPolygon", "coordinates": [ [ [ [ 16.983982555340035, 52.448213739680838 ], [ 16.984166213342952, 52.44820225158351 ], [ 16.984357121540224, 52.448190309665812 ], [ 16.984317154966394, 52.447930900653958 ], [ 16.984276389170748, 52.447597738404752 ], [ 16.984188933119398, 52.446878498124434 ], [ 16.983756906692712, 52.446930135891328 ], [ 16.983461839863569, 52.446960664398524 ], [ 16.983333503537565, 52.446974900440878 ], [ 16.983029075119116, 52.447018982441648 ], [ 16.98270990332319, 52.447091555894772 ], [ 16.982168006630886, 52.447184965001703 ], [ 16.982182712569909, 52.447304297404479 ], [ 16.982269972263808, 52.44745361182035 ], [ 16.982421946171314, 52.447657411833227 ], [ 16.982539220181248, 52.447885257062211 ], [ 16.982584127881964, 52.448079017334102 ], [ 16.982501633270942, 52.448266497407289 ], [ 16.982649556838766, 52.448264915220648 ], [ 16.983012369215945, 52.448266998968002 ], [ 16.983517514642624, 52.448242765447212 ], [ 16.983982555340035, 52.448213739680838 ] ], [ [ 16.983085214875707, 52.448201029579813 ], [ 16.982994388526574, 52.448159565523369 ], [ 16.982952403910822, 52.448109921676419 ], [ 16.982957390405716, 52.448046915906062 ], [ 16.982991503183836, 52.44799213243779 ], [ 16.983061059091124, 52.447945679008143 ], [ 16.983123004600014, 52.447927422214477 ], [ 16.983216347740935, 52.447959916130301 ], [ 16.983256991059218, 52.447992798618486 ], [ 16.9832761664678, 52.448034327883441 ], [ 16.983276556851269, 52.448118026469686 ], [ 16.98323882085845, 52.448159872532642 ], [ 16.983144467205761, 52.448195602511284 ], [ 16.983085214875707, 52.448201029579813 ] ] ] ] } },
{ "type": "Feature", "properties": { "id": null }, "geometry": { "type": "MultiPolygon", "coordinates": [ [ [ [ 17.007128496791903, 52.446396259497902 ], [ 17.007398659252878, 52.446438595928711 ], [ 17.008027089380899, 52.446521289051148 ], [ 17.008506471768666, 52.446544815549338 ], [ 17.008959890988926, 52.446583353634317 ], [ 17.009846313676732, 52.44711330308575 ], [ 17.010166905754403, 52.44729380761855 ], [ 17.010499938556691, 52.447572375367621 ], [ 17.010722711476358, 52.447679128784138 ], [ 17.011256893239789, 52.447796270522041 ], [ 17.011574405535661, 52.44785826359648 ], [ 17.0118165778612, 52.447908688429507 ], [ 17.012114538897148, 52.447656186055319 ], [ 17.012760063516911, 52.446961510678832 ], [ 17.01267812210196, 52.446853287464094 ], [ 17.012569321432768, 52.446732377752674 ], [ 17.012388566285608, 52.446717020468519 ], [ 17.012096673106313, 52.446781919056797 ], [ 17.011857761292045, 52.446864132806837 ], [ 17.011644230760918, 52.446979622826895 ], [ 17.011335207270815, 52.4471263562044 ], [ 17.011107074730134, 52.447118412543304 ], [ 17.010866621248809, 52.447085623729421 ], [ 17.01070859973267, 52.447013159025637 ], [ 17.010622168709926, 52.446843349013562 ], [ 17.010439691990044, 52.446717091356327 ], [ 17.010181315297075, 52.446634724661941 ], [ 17.009984300601058, 52.446532859039102 ], [ 17.009810577012956, 52.446361579088226 ], [ 17.009662420006503, 52.446219472939589 ], [ 17.009434423427372, 52.446059597462273 ], [ 17.009194717215252, 52.446010392817698 ], [ 17.008881516351149, 52.44595173750227 ], [ 17.008671077690973, 52.445849643563847 ], [ 17.008642500247877, 52.445738293765174 ], [ 17.008799484281404, 52.44553562577228 ], [ 17.009032604707514, 52.445432789475305 ], [ 17.009364782876261, 52.445368576758739 ], [ 17.009508386893216, 52.445313507183769 ], [ 17.009444752901693, 52.44523441728694 ], [ 17.00929030967237, 52.445231816923581 ], [ 17.008939653237224, 52.445258762083576 ], [ 17.008467942597655, 52.445287773395357 ], [ 17.007989701612178, 52.445312566560517 ], [ 17.007523964013814, 52.445358099712351 ], [ 17.006915729743252, 52.445434078876175 ], [ 17.006635414501719, 52.445540221572422 ], [ 17.006352503598695, 52.445703807218742 ], [ 17.006388160842857, 52.445807064510369 ], [ 17.00652602581771, 52.445879195225949 ], [ 17.006588728991389, 52.445978802226712 ], [ 17.006484668241495, 52.44605096000889 ], [ 17.006505969461951, 52.446174506397767 ], [ 17.006776284358654, 52.446289932388147 ], [ 17.006770222620428, 52.446366938829883 ], [ 17.007128496791903, 52.446396259497902 ] ] ] ] } },
{ "type": "Feature", "properties": { "id": null }, "geometry": { "type": "MultiPolygon", "coordinates": [ [ [ [ 17.015268593421741, 52.451229367118586 ], [ 17.01557563026147, 52.451337525555331 ], [ 17.015933671821465, 52.451436238588684 ], [ 17.01641876042202, 52.451521631247729 ], [ 17.01675407893466, 52.451563307887945 ], [ 17.017473409277471, 52.451688676707249 ], [ 17.017912919432405, 52.45185055257609 ], [ 17.018275234498265, 52.452042034424984 ], [ 17.018578818717074, 52.452227380701714 ], [ 17.018791593972836, 52.452370002681498 ], [ 17.018934209352754, 52.452573251648992 ], [ 17.019100395633888, 52.452594811441806 ], [ 17.01928513119098, 52.452671818374796 ], [ 17.019482010658489, 52.452777772026629 ], [ 17.019670333749691, 52.452924644317747 ], [ 17.019811276770618, 52.45307893527059 ], [ 17.019879079168721, 52.453215576286183 ], [ 17.019892415963191, 52.453367730064777 ], [ 17.019846411445425, 52.453494252696572 ], [ 17.01971051783417, 52.453676757057139 ], [ 17.019581523493695, 52.453855270593884 ], [ 17.019529537806733, 52.453965268012112 ], [ 17.019613719368039, 52.454036483860733 ], [ 17.019694867389081, 52.454025524290202 ], [ 17.019995723536148, 52.453911482115899 ], [ 17.020278822226711, 52.453743760911983 ], [ 17.020451423763937, 52.453492064614736 ], [ 17.020575721731717, 52.453268303027095 ], [ 17.020607280450946, 52.4530142452384 ], [ 17.020382154062982, 52.45278873996098 ], [ 17.019839812925742, 52.452442947798147 ], [ 17.019613676300196, 52.452389885675295 ], [ 17.019157819446232, 52.452213894190351 ], [ 17.018733520025418, 52.452083598241963 ], [ 17.018437932162065, 52.451930820542877 ], [ 17.018241980197629, 52.451804349491859 ], [ 17.018019534131561, 52.451669221534338 ], [ 17.017685867586845, 52.451466528833208 ], [ 17.017396450415436, 52.451326170609399 ], [ 17.017040982611224, 52.451160066550464 ], [ 17.01668367364935, 52.451034992829058 ], [ 17.016306219288239, 52.450909580025687 ], [ 17.015673676804656, 52.450627954602695 ], [ 17.014963600920503, 52.450513513308636 ], [ 17.015003030397949, 52.450761387031292 ], [ 17.01516510713256, 52.451093723586567 ], [ 17.015268593421741, 52.451229367118586 ] ] ] ] } },
{ "type": "Feature", "properties": { "id": null }, "geometry": { "type": "MultiPolygon", "coordinates": [ [ [ [ 17.020364057445139, 52.457102774653691 ], [ 17.020753174353654, 52.457254312926466 ], [ 17.02106840372571, 52.457119977410173 ], [ 17.021441138311804, 52.457052302903662 ], [ 17.021810560721526, 52.457058483854887 ], [ 17.022284877006808, 52.457123905268546 ], [ 17.022772812198347, 52.457185446276277 ], [ 17.023334817488045, 52.457244117281881 ], [ 17.023763223064645, 52.457284127900913 ], [ 17.024320902541163, 52.457289341007055 ], [ 17.024772215141248, 52.457268137365489 ], [ 17.025218095967222, 52.457218097733318 ], [ 17.025892897914709, 52.457159559879571 ], [ 17.026298292159957, 52.457112946467738 ], [ 17.026690435492302, 52.457062004312171 ], [ 17.027176062618597, 52.457024939284224 ], [ 17.027533703237722, 52.456993949782863 ], [ 17.027817092000411, 52.456969933219924 ], [ 17.027850744416817, 52.456818564342086 ], [ 17.027833528324138, 52.45675257766738 ], [ 17.027363792938377, 52.456584599443779 ], [ 17.026980277422023, 52.456442695364288 ], [ 17.026489848101466, 52.456286686975304 ], [ 17.025952956423673, 52.456117582181193 ], [ 17.02545526700434, 52.4559737669029 ], [ 17.025022359514242, 52.455884412462602 ], [ 17.02454335610561, 52.455773755195786 ], [ 17.024015685554044, 52.45569923869796 ], [ 17.023746655094026, 52.455702954969681 ], [ 17.023320386443821, 52.455765635504555 ], [ 17.022863573416892, 52.455909928265491 ], [ 17.022417151760752, 52.45597226858095 ], [ 17.02199814712661, 52.456022747189785 ], [ 17.02172819489985, 52.456046974586542 ], [ 17.021391996091175, 52.45604956172221 ], [ 17.021144401306106, 52.456024887201067 ], [ 17.020994979690308, 52.456059342471001 ], [ 17.020944650973043, 52.456132412172586 ], [ 17.020901406779455, 52.456197387980758 ], [ 17.020732018510845, 52.456227402500488 ], [ 17.020603298000935, 52.456249885120009 ], [ 17.020547555284832, 52.4563146411882 ], [ 17.020211631388349, 52.456632222002412 ], [ 17.020072751988234, 52.456803134411864 ], [ 17.020063017868356, 52.456831413445606 ], [ 17.020521708984869, 52.456890805953378 ], [ 17.020439667533775, 52.457021300061655 ], [ 17.020364057445139, 52.457102774653691 ] ] ] ] } },
{ "type": "Feature", "properties": { "id": null }, "geometry": { "type": "MultiPolygon", "coordinates": [ [ [ [ 17.01963320840667, 52.457731774902868 ], [ 17.019653999968614, 52.457632159767414 ], [ 17.019673186054622, 52.457579100164715 ], [ 17.019727061137704, 52.457501984161794 ], [ 17.01979027470534, 52.457441449426987 ], [ 17.019825239832581, 52.457411238287953 ], [ 17.019835308423129, 52.457378341390807 ], [ 17.01976045301323, 52.457348645774374 ], [ 17.019574935276381, 52.457332610543737 ], [ 17.018920872838063, 52.45728804072332 ], [ 17.018787588658949, 52.457805521035937 ], [ 17.019038290993588, 52.457783864972576 ], [ 17.019253765078119, 52.457792645929445 ], [ 17.019380998951537, 52.45778702028408 ], [ 17.01948824483026, 52.457755203329725 ], [ 17.019595722480936, 52.457718218883315 ], [ 17.01963320840667, 52.457731774902868 ] ] ] ] } },
{ "type": "Feature", "properties": { "id": null }, "geometry": { "type": "MultiPolygon", "coordinates": [ [ [ [ 17.019401936169672, 52.455623190971821 ], [ 17.019593645984621, 52.455307538250338 ], [ 17.019507068131421, 52.455289663230069 ], [ 17.019407241528189, 52.455267459997089 ], [ 17.019261136317191, 52.455228056534821 ], [ 17.019047590315459, 52.455193682380141 ], [ 17.018826959758762, 52.455167401587723 ], [ 17.018653436864028, 52.455139856653268 ], [ 17.018429632848143, 52.455109415710524 ], [ 17.018042381692666, 52.455051597380489 ], [ 17.017841441073973, 52.455035910350929 ], [ 17.017748280805485, 52.455089782679408 ], [ 17.01771261942411, 52.455210318557242 ], [ 17.017608594787021, 52.455356398770121 ], [ 17.017564372951142, 52.455517853360568 ], [ 17.017721013130831, 52.455547169968774 ], [ 17.017981022579733, 52.45559464404846 ], [ 17.018352910573935, 52.455695320455163 ], [ 17.018679166048969, 52.455764434341326 ], [ 17.018790088925062, 52.455614362570074 ], [ 17.018893189264752, 52.455488796994921 ], [ 17.019005485466138, 52.455457828621654 ], [ 17.01918462127027, 52.455510104418856 ], [ 17.019401936169672, 52.455623190971821 ] ] ] ] } },
{ "type": "Feature", "properties": { "id": null }, "geometry": { "type": "MultiPolygon", "coordinates": [ [ [ [ 17.031518441985373, 52.465460130817412 ], [ 17.03156994645293, 52.465473563444505 ], [ 17.031696280823127, 52.46524135555152 ], [ 17.031731518832704, 52.465204986161552 ], [ 17.031892202905357, 52.465219979210211 ], [ 17.03193269429871, 52.465216546897565 ], [ 17.031982100419434, 52.465163988380098 ], [ 17.032135937846299, 52.465031043491386 ], [ 17.032351517553916, 52.464870382286016 ], [ 17.032425835098355, 52.46471147656095 ], [ 17.030842342447624, 52.464340196580032 ], [ 17.03064698209597, 52.46525262894091 ], [ 17.031518441985373, 52.465460130817412 ] ] ] ] } },
{ "type": "Feature", "properties": { "id": null }, "geometry": { "type": "MultiPolygon", "coordinates": [ [ [ [ 17.032388543342737, 52.464106216189165 ], [ 17.032529801991938, 52.464104460321579 ], [ 17.032560855967905, 52.464086499034259 ], [ 17.032606077648349, 52.464052348600291 ], [ 17.032652580163077, 52.463989475966393 ], [ 17.032656239878442, 52.463907412588988 ], [ 17.032679504166477, 52.463837994008834 ], [ 17.032807509228313, 52.46383191110435 ], [ 17.032968005759979, 52.463851005818299 ], [ 17.033078118527026, 52.463869262271004 ], [ 17.033118176741556, 52.463800122947752 ], [ 17.033140093657565, 52.463685513526755 ], [ 17.033144575646819, 52.463584985854666 ], [ 17.033058524722929, 52.463554811056646 ], [ 17.032904655546119, 52.463537879810012 ], [ 17.032697593030349, 52.463507744773857 ], [ 17.032487080411194, 52.463479605075328 ], [ 17.032289363087646, 52.463466049664127 ], [ 17.032125600892893, 52.46344484656354 ], [ 17.031908279657966, 52.463418645630369 ], [ 17.031903090245695, 52.463459621400837 ], [ 17.031961509336913, 52.463581726988977 ], [ 17.0319916205117, 52.463660246184681 ], [ 17.032061672693516, 52.463747642504167 ], [ 17.032142991629005, 52.46380853588483 ], [ 17.032127094864517, 52.464089546967564 ], [ 17.032388543342737, 52.464106216189165 ] ], [ [ 17.032736209202, 52.463682258591355 ], [ 17.032567233464942, 52.463689747778048 ], [ 17.032403388744019, 52.463676721215514 ], [ 17.032269952739963, 52.463643599553919 ], [ 17.032201087944404, 52.46358065095103 ], [ 17.032208055558382, 52.463518964243427 ], [ 17.032285150300503, 52.46349192092098 ], [ 17.032507515855059, 52.463516221795267 ], [ 17.032745356306215, 52.46357168101958 ], [ 17.032810008959611, 52.463634559228382 ], [ 17.032809549980922, 52.463644852034285 ], [ 17.032736209202, 52.463682258591355 ] ] ] ] } },
{ "type": "Feature", "properties": { "id": null }, "geometry": { "type": "MultiPolygon", "coordinates": [ [ [ [ 17.030730174591298, 52.464207956378971 ], [ 17.030812804097351, 52.46416416404044 ], [ 17.030819031458005, 52.464024656456324 ], [ 17.030818907231939, 52.463876830670706 ], [ 17.030702624476916, 52.463620308910627 ], [ 17.030733584449575, 52.463378557832861 ], [ 17.030818285918027, 52.463137701690272 ], [ 17.030277447238742, 52.463054782188649 ], [ 17.030499861309654, 52.462590378241437 ], [ 17.030638486490901, 52.462346314096948 ], [ 17.030835062997632, 52.462008771892172 ], [ 17.030962022418397, 52.461875380925605 ], [ 17.031103148571191, 52.461725800846267 ], [ 17.031268271328468, 52.461490389598325 ], [ 17.031474795462014, 52.461231030061164 ], [ 17.031754476424819, 52.460989312753782 ], [ 17.031943716910352, 52.460815895251734 ], [ 17.032041054702137, 52.460743603370958 ], [ 17.032073414754723, 52.460620955456562 ], [ 17.031904254517098, 52.460494953628952 ], [ 17.031700044254951, 52.460401217854553 ], [ 17.031637447466601, 52.460297520475244 ], [ 17.031650937798176, 52.460145815039681 ], [ 17.031715969531881, 52.460044242139574 ], [ 17.031690747911259, 52.460006866363784 ], [ 17.031611056067035, 52.459985008725525 ], [ 17.031458572939357, 52.459937301948372 ], [ 17.031259801810144, 52.459872399446773 ], [ 17.03111764119647, 52.459894669770897 ], [ 17.030943850390504, 52.460023174855785 ], [ 17.030766212705686, 52.460237846176319 ], [ 17.030686828162622, 52.460359710617546 ], [ 17.030620877831193, 52.460481798750052 ], [ 17.030669122035448, 52.460605788730639 ], [ 17.030710832280423, 52.460725563655117 ], [ 17.030570133913493, 52.460715007958534 ], [ 17.030310904477407, 52.460649096927426 ], [ 17.0301509703927, 52.460617689228172 ], [ 17.030025477934565, 52.460718254045176 ], [ 17.029793544080089, 52.460944338011565 ], [ 17.029664568219999, 52.461122862533379 ], [ 17.029524538771977, 52.461247821902937 ], [ 17.029317333933037, 52.461371661609512 ], [ 17.02907544073248, 52.461519560092128 ], [ 17.028843864388364, 52.461737435754472 ], [ 17.028683729182895, 52.462161812824199 ], [ 17.028631205702034, 52.462284123705601 ], [ 17.028524941014506, 52.462405538593657 ], [ 17.028403290500655, 52.46241993522159 ], [ 17.028244750883204, 52.462507628526531 ], [ 17.028210911569815, 52.462663100508045 ], [ 17.028163636654426, 52.462818348437906 ], [ 17.028062069590703, 52.462985009634913 ], [ 17.02800099150614, 52.463148239749508 ], [ 17.027911024310999, 52.463356156427736 ], [ 17.027989436391518, 52.463406738694204 ], [ 17.028209472049383, 52.463447363868518 ], [ 17.028389384836888, 52.463483213446708 ], [ 17.028682950182009, 52.463533276113139 ], [ 17.029056029838362, 52.463609300669596 ], [ 17.029353931846249, 52.463712814739615 ], [ 17.029631315236383, 52.463824198586792 ], [ 17.029842987498558, 52.463901637272286 ], [ 17.030160497297299, 52.464017794601958 ], [ 17.030517400159955, 52.464155138236471 ], [ 17.030730174591298, 52.464207956378971 ] ] ] ] } },
{ "type": "Feature", "properties": { "id": null }, "geometry": { "type": "MultiPolygon", "coordinates": [ [ [ [ 17.035175670019317, 52.462208267430817 ], [ 17.035358184971145, 52.462034732798173 ], [ 17.035492987370255, 52.461724900216815 ], [ 17.035295115768207, 52.461639488493681 ], [ 17.035027511346023, 52.461610404669358 ], [ 17.03474245119142, 52.461671366822237 ], [ 17.034595716641341, 52.461796220667139 ], [ 17.034453139546301, 52.461978630424817 ], [ 17.034326921550029, 52.462095612541269 ], [ 17.034099938783672, 52.462210919353446 ], [ 17.033938485362, 52.462364271188441 ], [ 17.03401379428686, 52.462484603461952 ], [ 17.034180455645238, 52.462516117696836 ], [ 17.034497830622229, 52.462484437483873 ], [ 17.034815387940203, 52.462448653239178 ], [ 17.035175670019317, 52.462208267430817 ] ], [ [ 17.034730981329442, 52.462154910847737 ], [ 17.034614857708821, 52.462111779090684 ], [ 17.034655208468262, 52.461963093347549 ], [ 17.034708512620625, 52.461902176623283 ], [ 17.034869055714484, 52.461894544284327 ], [ 17.034987012794502, 52.461896504500714 ], [ 17.034940300731623, 52.461998732657122 ], [ 17.034851002246377, 52.46211055351349 ], [ 17.034730981329442, 52.462154910847737 ] ] ] ] } },
{ "type": "Feature", "properties": { "id": null }, "geometry": { "type": "MultiPolygon", "coordinates": [ [ [ [ 17.0721793197627, 52.484143805962375 ], [ 17.07210387058797, 52.484023497061017 ], [ 17.071877686989943, 52.483966429756933 ], [ 17.071702041752047, 52.48398409714936 ], [ 17.071463752625416, 52.484050016979317 ], [ 17.071081626750665, 52.484175183285515 ], [ 17.070879891510071, 52.48432792779743 ], [ 17.070803163031275, 52.484544303664691 ], [ 17.07091006059645, 52.484714400448929 ], [ 17.071196557882356, 52.484776559342492 ], [ 17.071461915590564, 52.484706975219098 ], [ 17.071816980932528, 52.484585472698505 ], [ 17.072140233072201, 52.484422388825323 ], [ 17.0721793197627, 52.484143805962375 ] ], [ [ 17.071188143646467, 52.484551200387685 ], [ 17.07111630494656, 52.484481447876497 ], [ 17.071281331094429, 52.484346977126776 ], [ 17.071549756571205, 52.484202761927961 ], [ 17.071730741604139, 52.484131416648701 ], [ 17.071852601082291, 52.484127688200239 ], [ 17.071934294569527, 52.484186170751109 ], [ 17.071929298883809, 52.484300390915337 ], [ 17.071830257053627, 52.484424508108873 ], [ 17.071610603152138, 52.484523798489228 ], [ 17.07139369669606, 52.484560267383877 ], [ 17.071188143646467, 52.484551200387685 ] ] ] ] } },
{ "type": "Feature", "properties": { "id": null }, "geometry": { "type": "MultiPolygon", "coordinates": [ [ [ [ 17.072580397436795, 52.494314146087213 ], [ 17.072962069539191, 52.494201285684348 ], [ 17.073297398984774, 52.494071244546973 ], [ 17.073212157890737, 52.494020582047838 ], [ 17.072750189112554, 52.493815959951782 ], [ 17.072364946471833, 52.493702922133082 ], [ 17.072070231106107, 52.493673481969303 ], [ 17.071765920941168, 52.493709583384046 ], [ 17.071514672512055, 52.493762973804444 ], [ 17.071101543016887, 52.493826042523978 ], [ 17.070817039527448, 52.493870676834923 ], [ 17.070472571235577, 52.493902013803584 ], [ 17.070133926585182, 52.493953975641077 ], [ 17.069769109708464, 52.493989084746701 ], [ 17.069657521785103, 52.493925671204757 ], [ 17.069715436310126, 52.493832174366311 ], [ 17.069723164816288, 52.49365573511124 ], [ 17.069514334878349, 52.493508611087925 ], [ 17.069332467436965, 52.493513855130111 ], [ 17.069152648088366, 52.493625892795691 ], [ 17.069084594070141, 52.493797241115928 ], [ 17.069119895327304, 52.493912790180801 ], [ 17.069218396821761, 52.493967778284627 ], [ 17.06934871383881, 52.494064347310186 ], [ 17.069276094558273, 52.494186347157793 ], [ 17.069289251156729, 52.494346702590114 ], [ 17.069309669830293, 52.494494858034763 ], [ 17.069236690135398, 52.4946250643155 ], [ 17.069089041063076, 52.49477047636671 ], [ 17.069088931437076, 52.494926509082887 ], [ 17.069285399715898, 52.495048794996578 ], [ 17.069528209430253, 52.49518826156276 ], [ 17.069779540850405, 52.495286804969197 ], [ 17.070074804430234, 52.495303941207283 ], [ 17.070387466823359, 52.495231024788239 ], [ 17.07067287780643, 52.495165875410002 ], [ 17.071149835579238, 52.495181866163549 ], [ 17.071405660318096, 52.495177825120876 ], [ 17.071747544955759, 52.495052001364549 ], [ 17.072028025353259, 52.494945706666236 ], [ 17.072319077901163, 52.494905282306512 ], [ 17.072483295393802, 52.494842259661361 ], [ 17.072498812686913, 52.494641310228843 ], [ 17.072362221301045, 52.494380395717009 ], [ 17.072580397436795, 52.494314146087213 ] ] ] ] } },
{ "type": "Feature", "properties": { "id": null }, "geometry": { "type": "MultiPolygon", "coordinates": [ [ [ [ 17.073578717839652, 52.495792204809774 ], [ 17.074029550585543, 52.496021279132769 ], [ 17.074436421031624, 52.496101814055955 ], [ 17.074771671226458, 52.49612780175984 ], [ 17.075078326117101, 52.496038350515313 ], [ 17.075329941918373, 52.495976746126814 ], [ 17.07592281279782, 52.495957648009465 ], [ 17.076030379434876, 52.495959397625633 ], [ 17.076305481590691, 52.495976190329394 ], [ 17.076560236094835, 52.495996757696766 ], [ 17.076903284300052, 52.495998229159269 ], [ 17.077288460538291, 52.495959322742024 ], [ 17.077466299915677, 52.49589240845556 ], [ 17.077531281596471, 52.495790810440219 ], [ 17.077598053091318, 52.495648179823249 ], [ 17.077677553834381, 52.495522180695069 ], [ 17.077937317855021, 52.495427853891556 ], [ 17.078306358431622, 52.495450274482813 ], [ 17.078494061369156, 52.4954656422101 ], [ 17.078773737571904, 52.495531777465196 ], [ 17.079093215244555, 52.495610876892947 ], [ 17.079487003519013, 52.495682969632789 ], [ 17.079729206279094, 52.495682795566431 ], [ 17.080067496094756, 52.495639012814934 ], [ 17.080190474454302, 52.495595840992969 ], [ 17.080369380572897, 52.495504302705783 ], [ 17.080449051913519, 52.495374198370527 ], [ 17.08035357186591, 52.495249463996174 ], [ 17.080399271256354, 52.495127020701041 ], [ 17.08037863626058, 52.494982970090099 ], [ 17.08027725824072, 52.494993643343697 ], [ 17.080078900749896, 52.495068441118548 ], [ 17.079963898086234, 52.495082999129139 ], [ 17.079892986825026, 52.495012043295127 ], [ 17.079695130393453, 52.494766567728952 ], [ 17.07973886420605, 52.494689260573352 ], [ 17.079826510158714, 52.494530542944034 ], [ 17.079953240108168, 52.49440120282182 ], [ 17.080227153108194, 52.494290676055257 ], [ 17.080310436652816, 52.494386469478215 ], [ 17.080428158350042, 52.494618325128428 ], [ 17.08052209781296, 52.494623955701293 ], [ 17.080760610152307, 52.494553914885962 ], [ 17.080823795193322, 52.494493347594812 ], [ 17.080728673345728, 52.494360406984278 ], [ 17.080661157610223, 52.494211489574539 ], [ 17.080705604011769, 52.494117768974611 ], [ 17.080798717019896, 52.493987882499638 ], [ 17.080749046228323, 52.493892634800645 ], [ 17.080761130019976, 52.49376964592669 ], [ 17.080858999036508, 52.49368500438171 ], [ 17.081130939956058, 52.493619611367507 ], [ 17.081362366017885, 52.493557666743918 ], [ 17.081520915061702, 52.493469902723419 ], [ 17.081717005695477, 52.493292411706236 ], [ 17.081722364068391, 52.493169313673768 ], [ 17.081615875610346, 52.49314294969075 ], [ 17.081451677249138, 52.493205985217649 ], [ 17.081319661850568, 52.493302391867722 ], [ 17.081181816645518, 52.493378172980243 ], [ 17.081052301603474, 52.493417133591976 ], [ 17.080801065596379, 52.493470543864092 ], [ 17.080565597497301, 52.493470829328622 ], [ 17.080454998206555, 52.49353883938938 ], [ 17.080415487102989, 52.493673701643125 ], [ 17.080382162129624, 52.493820982768611 ], [ 17.080318977475496, 52.493881549833795 ], [ 17.08016364229189, 52.493895453456943 ], [ 17.07996160624991, 52.493900386506674 ], [ 17.079742263133948, 52.493839339608996 ], [ 17.079674215082154, 52.493702731450867 ], [ 17.07970736351513, 52.493559553806541 ], [ 17.079803338895598, 52.493364015914203 ], [ 17.07988794255045, 52.493275053652795 ], [ 17.080159665311577, 52.492905803092974 ], [ 17.080108458643473, 52.492691451360152 ], [ 17.080040589896498, 52.492550740129431 ], [ 17.080059933876967, 52.492415550637936 ], [ 17.080231926058005, 52.492328006541463 ], [ 17.080532357371748, 52.492226121844034 ], [ 17.080846232008426, 52.492124454506957 ], [ 17.081138687596003, 52.492051182037521 ], [ 17.081403895642222, 52.491985679225955 ], [ 17.081429242941127, 52.491867011564352 ], [ 17.081322645173206, 52.491688717393224 ], [ 17.081122651283398, 52.491492483364731 ], [ 17.081153113377212, 52.491410854218003 ], [ 17.081331464411612, 52.491331624036079 ], [ 17.081566742499991, 52.491335440206107 ], [ 17.081642765489995, 52.491443433489806 ], [ 17.08171224518399, 52.49154721443881 ], [ 17.081914563567267, 52.491690104995634 ], [ 17.082089994020365, 52.49183255922776 ], [ 17.082241151820298, 52.492069061448134 ], [ 17.082171901113412, 52.492269140736937 ], [ 17.082067251969601, 52.492509707669306 ], [ 17.081945763574421, 52.492828018578976 ], [ 17.082081935127835, 52.492945199177733 ], [ 17.082185986530654, 52.492872975288236 ], [ 17.082303188036104, 52.492653142588907 ], [ 17.082425682416719, 52.492466244894096 ], [ 17.082418013145283, 52.492178689050569 ], [ 17.082079533173481, 52.49145462242133 ], [ 17.082196311256322, 52.491399029546535 ], [ 17.082413208447594, 52.491361484358485 ], [ 17.082752176526853, 52.491301280471518 ], [ 17.08303010826047, 52.491252404944973 ], [ 17.083481211171325, 52.491243290208963 ], [ 17.083796977402862, 52.491252512200653 ], [ 17.084084071068634, 52.491302330567386 ], [ 17.084417151023075, 52.491377529959017 ], [ 17.084742083315039, 52.491485445786196 ], [ 17.084961421962195, 52.491546483389413 ], [ 17.0851724344117, 52.491644341263438 ], [ 17.085313780844395, 52.491642523171222 ], [ 17.085416397831192, 52.491603122565763 ], [ 17.085495690510513, 52.491481221096166 ], [ 17.085594793018352, 52.491367852519033 ], [ 17.085757374665949, 52.491341740609023 ], [ 17.08657290492609, 52.491305661877313 ], [ 17.086983318291871, 52.491304087884338 ], [ 17.087247810006176, 52.491281456033661 ], [ 17.087423807961507, 52.49111434676368 ], [ 17.087679428240563, 52.49105667781533 ], [ 17.087974748473854, 52.491056301779096 ], [ 17.088255438476427, 52.491004186988945 ], [ 17.088447796608136, 52.491043346871272 ], [ 17.088481694250305, 52.491234450434163 ], [ 17.088516708248942, 52.491399821243093 ], [ 17.088698404965999, 52.491490309965677 ], [ 17.088895849456073, 52.491606803612221 ], [ 17.088960176739644, 52.491679945085245 ], [ 17.088781924775184, 52.492871900926147 ], [ 17.088723076049632, 52.493061505760039 ], [ 17.088481183575134, 52.493191501015545 ], [ 17.088358004303011, 52.493307963912955 ], [ 17.088412845742138, 52.49339670401627 ], [ 17.088501978262457, 52.493513116897702 ], [ 17.088470994221016, 52.493607057876289 ], [ 17.088341840739186, 52.493637819956326 ], [ 17.088118748511956, 52.493662957437614 ], [ 17.087813916369385, 52.493711410113306 ], [ 17.08756411107834, 52.49373200855581 ], [ 17.087488381464045, 52.493771845760563 ], [ 17.087563888895669, 52.493892145218204 ], [ 17.087580673477792, 52.493970433630622 ], [ 17.087717753932115, 52.494067091489391 ], [ 17.087761073473356, 52.494154021162728 ], [ 17.087862226768721, 52.494303478120472 ], [ 17.087863786097682, 52.494422581962745 ], [ 17.087909598882092, 52.494452065639763 ], [ 17.088112527038195, 52.4944266026191 ], [ 17.088171963482626, 52.494452200231784 ], [ 17.088195294062178, 52.49453470050053 ], [ 17.088191733692003, 52.494616766147075 ], [ 17.08803568599625, 52.494647093234136 ], [ 17.087662550837539, 52.49471907847505 ], [ 17.087463494462824, 52.494810301890993 ], [ 17.087526092174709, 52.494918074133281 ], [ 17.087614022822642, 52.494907177272431 ], [ 17.087864190871528, 52.494878372229053 ], [ 17.08820193294406, 52.494846875916672 ], [ 17.088523915116564, 52.494868504041314 ], [ 17.088770167133674, 52.494929969302483 ], [ 17.088993582191438, 52.495052657487861 ], [ 17.089189395387283, 52.495191324004168 ], [ 17.089379198592898, 52.495313468477903 ], [ 17.089580669677407, 52.495476862660304 ], [ 17.089769230044332, 52.49562772952023 ], [ 17.089939401506818, 52.495737237560434 ], [ 17.089987137783663, 52.495877617723551 ], [ 17.089902371334301, 52.495970690603194 ], [ 17.089706693634842, 52.495983955346716 ], [ 17.089431585528136, 52.495967193762169 ], [ 17.08921822986078, 52.495922685957325 ], [ 17.088957280090291, 52.495889727336795 ], [ 17.088722332634191, 52.495877719067408 ], [ 17.088479772367311, 52.49588611810276 ], [ 17.088267266383244, 52.495977125538005 ], [ 17.088205293431592, 52.496165007244535 ], [ 17.088311573534472, 52.496351502015791 ], [ 17.088528490287892, 52.496313945826337 ], [ 17.088765575721602, 52.496276715111712 ], [ 17.089110762745094, 52.496228911800607 ], [ 17.089419843229539, 52.496238010520024 ], [ 17.089591617226311, 52.496310589506294 ], [ 17.089832223030097, 52.496347324347063 ], [ 17.090128925577947, 52.496331584381686 ], [ 17.090453409133957, 52.496295761356805 ], [ 17.090770102428348, 52.496284448649703 ], [ 17.091116322271741, 52.496368053179737 ], [ 17.09126935243502, 52.496407477978018 ], [ 17.091507680248807, 52.496341518729999 ], [ 17.09156113927278, 52.496194559594102 ], [ 17.091495183603016, 52.496008718434084 ], [ 17.091411872565953, 52.495912932651223 ], [ 17.091377399864061, 52.495776873261718 ], [ 17.09145703940386, 52.4956467612136 ], [ 17.091659260374463, 52.495637705304148 ], [ 17.091884137594988, 52.495571528324582 ], [ 17.091964308279717, 52.495429106041009 ], [ 17.092085703993266, 52.495266817855388 ], [ 17.092392496472385, 52.495173218029201 ], [ 17.092690433578326, 52.495128748506133 ], [ 17.093003413963729, 52.495047565351022 ], [ 17.093311800916041, 52.494917033459515 ], [ 17.093559148244115, 52.494797835490978 ], [ 17.093877250103741, 52.494753687989892 ], [ 17.094030121079076, 52.494641178914733 ], [ 17.093889496853276, 52.494470560573085 ], [ 17.093669953458832, 52.494413642594594 ], [ 17.093389195855391, 52.49437216217391 ], [ 17.092835800193871, 52.494412514936833 ], [ 17.092543169934, 52.494489919628755 ], [ 17.092382862458322, 52.4946187315063 ], [ 17.092177093323592, 52.494709854535984 ], [ 17.091924796753215, 52.49478790823121 ], [ 17.091754772220312, 52.494830333227945 ], [ 17.091660860344508, 52.494668678061302 ], [ 17.091560729475965, 52.494650637985842 ], [ 17.091376726405322, 52.494705155383741 ], [ 17.091230215842607, 52.494825976023606 ], [ 17.091100673425693, 52.495020981146055 ], [ 17.09106684969111, 52.495180575446085 ], [ 17.091123591001033, 52.495423754394089 ], [ 17.091149740008017, 52.495596634965359 ], [ 17.091149352922514, 52.495760874998957 ], [ 17.09107113433701, 52.495858160520513 ], [ 17.090860767070442, 52.495899933210772 ], [ 17.090779380355734, 52.49591504426995 ], [ 17.09054389875099, 52.495915349474863 ], [ 17.090370524258073, 52.495879701446384 ], [ 17.090259079307273, 52.495812203745977 ], [ 17.090174348608297, 52.495749243408675 ], [ 17.090016199504667, 52.495672779094598 ], [ 17.089774566382754, 52.495504630957875 ], [ 17.08954602505278, 52.495344906069732 ], [ 17.089405060330655, 52.495182489130109 ], [ 17.089252252293814, 52.494982925276815 ], [ 17.088990179853763, 52.494510589548028 ], [ 17.088890623820348, 52.494324203961469 ], [ 17.088786659409081, 52.49408436698014 ], [ 17.088761410238998, 52.493890969520642 ], [ 17.088817366578663, 52.493686565645255 ], [ 17.089013073248402, 52.493517268837515 ], [ 17.089528830567421, 52.493258699666413 ], [ 17.089752987194025, 52.493208939774767 ], [ 17.089905471641917, 52.493260676102764 ], [ 17.090247684965366, 52.493746622255969 ], [ 17.090315444750384, 52.493735397743393 ], [ 17.090607718162232, 52.493666205120469 ], [ 17.090921580578179, 52.493564510947103 ], [ 17.091028818635841, 52.493418419946877 ], [ 17.090974003425838, 52.49328613822734 ], [ 17.090840473381036, 52.493107418292411 ], [ 17.090859784562827, 52.492972226734253 ], [ 17.091051569922996, 52.492893198811032 ], [ 17.091331457902541, 52.492799167601632 ], [ 17.09143798186679, 52.492669489346866 ], [ 17.091560082410592, 52.49249078840829 ], [ 17.091784765925237, 52.492428714724852 ], [ 17.092089052128539, 52.492392561559242 ], [ 17.092418806683849, 52.492389667607135 ], [ 17.09260437097479, 52.492454252402176 ], [ 17.092612843242822, 52.492569361445383 ], [ 17.092691711084047, 52.492767728757997 ], [ 17.092812868121126, 52.492921610127631 ], [ 17.092880270873106, 52.492918590715163 ], [ 17.093176771866084, 52.492906946161042 ], [ 17.093508482920569, 52.492858912954368 ], [ 17.093488847931635, 52.49284627801255 ], [ 17.093360433655246, 52.492704598842479 ], [ 17.093271644853989, 52.492579982908985 ], [ 17.093071238197158, 52.49239197516026 ], [ 17.093038183257626, 52.492223089790642 ], [ 17.093053048490635, 52.492190480177804 ], [ 17.093263218449689, 52.492152806671747 ], [ 17.093452533912977, 52.491975187293612 ], [ 17.093694761408834, 52.491662917157676 ], [ 17.09381826976869, 52.491451387363625 ], [ 17.094010064314688, 52.491216320847563 ], [ 17.094385150827048, 52.490787111497845 ], [ 17.094818571094304, 52.490323941008469 ], [ 17.091924178734956, 52.488569561002535 ], [ 17.091723463695168, 52.488696379031502 ], [ 17.09160900999791, 52.488634451236742 ], [ 17.091400507982495, 52.488668862643159 ], [ 17.09062987632344, 52.488799163082085 ], [ 17.090065179511228, 52.488947444536961 ], [ 17.089830188467264, 52.488977647898388 ], [ 17.089390238687528, 52.489052209521773 ], [ 17.088966082408273, 52.48916686898388 ], [ 17.089642827553575, 52.489167396069902 ], [ 17.090783727342188, 52.488928309271316 ], [ 17.091120965343428, 52.488933752222501 ], [ 17.091236769876758, 52.488987122613835 ], [ 17.091444235947925, 52.490041101935411 ], [ 17.090487905231026, 52.49030377559135 ], [ 17.090127636968614, 52.490050751600421 ], [ 17.089815282869004, 52.489860302131355 ], [ 17.089360448582891, 52.489842655702091 ], [ 17.088818179237322, 52.489895696992008 ], [ 17.088204441253346, 52.490040283506993 ], [ 17.087917335687553, 52.490045943021705 ], [ 17.087520233581387, 52.489864417730566 ], [ 17.087577073034009, 52.489721132328718 ], [ 17.087758336071023, 52.48951192312208 ], [ 17.084201033876056, 52.490499717454533 ], [ 17.084040301371228, 52.490529662700069 ], [ 17.083969390622457, 52.490458709265361 ], [ 17.083859753075842, 52.490350172951231 ], [ 17.083636197648495, 52.490231578615415 ], [ 17.083513295797204, 52.490118720899403 ], [ 17.083465050689988, 52.489990648073352 ], [ 17.083437864052012, 52.489842385613386 ], [ 17.083507283357605, 52.489638202139538 ], [ 17.083566590139526, 52.489511871923398 ], [ 17.083638983640235, 52.489393966034918 ], [ 17.083630178406654, 52.489287063070634 ], [ 17.083591867128671, 52.489085240237692 ], [ 17.083552877538438, 52.488871754108452 ], [ 17.083138801126193, 52.488511569069743 ], [ 17.083008312413497, 52.488583044064093 ], [ 17.082980651415742, 52.488755054746278 ], [ 17.082994035270847, 52.48891130598021 ], [ 17.083099027292906, 52.489126528190347 ], [ 17.083159108216798, 52.489291748497088 ], [ 17.083185936720124, 52.489448217569823 ], [ 17.083178798621621, 52.48961234852343 ], [ 17.083150780625022, 52.489792565764418 ], [ 17.083104023990611, 52.48993962999365 ], [ 17.08301074811785, 52.490073621787559 ], [ 17.082756320613285, 52.490200895355969 ], [ 17.082546151503841, 52.490238550207351 ], [ 17.082191488878269, 52.490195844847378 ], [ 17.081910769548038, 52.490154337513871 ], [ 17.081581210391196, 52.490153099055568 ], [ 17.081378119866176, 52.490182654309677 ], [ 17.081105664686731, 52.490260357939789 ], [ 17.080895672627683, 52.490293906573719 ], [ 17.080749395242815, 52.490254577679885 ], [ 17.08061781310597, 52.490186743895876 ], [ 17.080407354017478, 52.490076568236816 ], [ 17.080132893110218, 52.489891442374095 ], [ 17.080058485127335, 52.489746518758551 ], [ 17.080108577591229, 52.48967752699258 ], [ 17.080288531867961, 52.48956136891276 ], [ 17.080551471527528, 52.48939317707859 ], [ 17.080869435097135, 52.489197134275926 ], [ 17.081023391112566, 52.489060022432071 ], [ 17.081179668417498, 52.488869567872491 ], [ 17.081176876527294, 52.488779186897808 ], [ 17.081093244083846, 52.488691600620918 ], [ 17.080946793142758, 52.488656375279625 ], [ 17.080790940586258, 52.48868258972319 ], [ 17.080564831829843, 52.488777468739407 ], [ 17.080317484262316, 52.488896639636501 ], [ 17.08008340036934, 52.489020131484068 ], [ 17.079848778886937, 52.489155932651663 ], [ 17.079550082967454, 52.489372816414239 ], [ 17.079432519339644, 52.489600852982846 ], [ 17.079303835079987, 52.489775328672486 ], [ 17.079138394349272, 52.489867083959737 ], [ 17.078867010459131, 52.489920162836214 ], [ 17.078522578239895, 52.489951523619197 ], [ 17.078173212758479, 52.489941741561772 ], [ 17.077865790026365, 52.489895684543946 ], [ 17.077462291251017, 52.489893233021519 ], [ 17.077205602364504, 52.489917803762609 ], [ 17.07695895555495, 52.490020554430103 ], [ 17.076803909297873, 52.490182280357125 ], [ 17.076642677030463, 52.490331586988205 ], [ 17.076416550996477, 52.49042645788213 ], [ 17.076200728251472, 52.490439372535889 ], [ 17.075855931986979, 52.490478932005821 ], [ 17.075568946369195, 52.490581023597727 ], [ 17.075148954577333, 52.490956063519931 ], [ 17.074912336127561, 52.491136990393301 ], [ 17.074642732117095, 52.491456989662218 ], [ 17.074489823547271, 52.491569473367512 ], [ 17.074228014831846, 52.491556998839492 ], [ 17.073872812338273, 52.491526578272008 ], [ 17.073722233086574, 52.491585718714276 ], [ 17.073756648199005, 52.491721782783976 ], [ 17.073782189123826, 52.491906976368455 ], [ 17.073820636855906, 52.492104698629092 ], [ 17.073948627406015, 52.4922546049037 ], [ 17.074062277487588, 52.492424808385678 ], [ 17.073997472348072, 52.492522301271251 ], [ 17.073782263318133, 52.492674831341006 ], [ 17.07349050930393, 52.492731672463208 ], [ 17.073231385018754, 52.492657646946405 ], [ 17.072968051145615, 52.4925260658922 ], [ 17.072689396854344, 52.49228336800801 ], [ 17.072361894735391, 52.492080935103083 ], [ 17.072100720902494, 52.491900113212942 ], [ 17.071786130248249, 52.491710207620201 ], [ 17.071463383637578, 52.491553017564286 ], [ 17.071070184687422, 52.491468588816005 ], [ 17.070668648415339, 52.49142097831006 ], [ 17.070235119103494, 52.491335888927914 ], [ 17.069821758020346, 52.491251127054987 ], [ 17.069502149305542, 52.491176106234732 ], [ 17.069143646967973, 52.491067600262227 ], [ 17.068782629190526, 52.491016538552337 ], [ 17.0685437580801, 52.491094761729926 ], [ 17.068504213012492, 52.491229619726937 ], [ 17.068569636421731, 52.491271749769112 ], [ 17.068713927983659, 52.491356229262337 ], [ 17.068994461914663, 52.491401871101196 ], [ 17.069422345626318, 52.491462235860162 ], [ 17.06981572093105, 52.491542566815298 ], [ 17.071135765950114, 52.49181457671267 ], [ 17.071282039590155, 52.49185391745322 ], [ 17.071355703671887, 52.49201525927176 ], [ 17.071447200936309, 52.492230272023946 ], [ 17.071486356655662, 52.492411581960532 ], [ 17.071604026690544, 52.492643445968561 ], [ 17.071744199219914, 52.492822296453923 ], [ 17.07185076063492, 52.493000598878133 ], [ 17.071970229287651, 52.493191430092352 ], [ 17.071968155282317, 52.493392598634813 ], [ 17.07203671742289, 52.493516901265778 ], [ 17.072192951061773, 52.49348249210324 ], [ 17.0724030623565, 52.493292926278272 ], [ 17.072585564120818, 52.493119334885428 ], [ 17.072810193491851, 52.492905367893876 ], [ 17.073063313708538, 52.492962871837207 ], [ 17.073395848374911, 52.493050411926845 ], [ 17.073695317001032, 52.492817131370053 ], [ 17.074029916399635, 52.492703501001621 ], [ 17.074336728033508, 52.492609948166205 ], [ 17.074661195698699, 52.492882130978437 ], [ 17.074786233241557, 52.49294575868349 ], [ 17.074926687743659, 52.492964469305598 ], [ 17.07505817822247, 52.492880379666204 ], [ 17.075112762762046, 52.492708808857522 ], [ 17.075213507522559, 52.492558520012629 ], [ 17.075400746432425, 52.492430169290621 ], [ 17.075765811239862, 52.49223490637317 ], [ 17.07598065303122, 52.492090579106659 ], [ 17.07617890889674, 52.491863858326091 ], [ 17.076419108105121, 52.491600863805402 ], [ 17.076871811219764, 52.491246882125623 ], [ 17.077325500973668, 52.491024312171135 ], [ 17.077807606969859, 52.490921281165669 ], [ 17.078206897991848, 52.490866176730002 ], [ 17.078487618124385, 52.490907692859516 ], [ 17.078818538742169, 52.491032147043583 ], [ 17.0791996621316, 52.491239538877892 ], [ 17.079288765918868, 52.491355958467011 ], [ 17.079282149305396, 52.491507779203758 ], [ 17.079188427198755, 52.491806007477912 ], [ 17.079066278784953, 52.491984695201452 ], [ 17.078825631359919, 52.492103971875736 ], [ 17.07856535226875, 52.492210610668998 ], [ 17.078311973218437, 52.492313254828716 ], [ 17.078339501735726, 52.492453311736909 ], [ 17.078443942172822, 52.492680847600042 ], [ 17.078857645995743, 52.493221369132094 ], [ 17.078640661085107, 52.493414940758463 ], [ 17.078445273311761, 52.493576013509525 ], [ 17.078207401282, 52.493785669708522 ], [ 17.078119214222426, 52.493956695891143 ], [ 17.078206530994809, 52.494114148855807 ], [ 17.078433771913055, 52.494302618043029 ], [ 17.078412453764155, 52.494482943020273 ], [ 17.078273347308748, 52.49458744345678 ], [ 17.077775429707316, 52.494743599777046 ], [ 17.077394480902637, 52.494840062750001 ], [ 17.076920486198432, 52.494910374842263 ], [ 17.076473918434015, 52.494968812546553 ], [ 17.075970427752473, 52.494944199362514 ], [ 17.075603543094886, 52.494872532510996 ], [ 17.075285331798327, 52.494764701001642 ], [ 17.075061777775172, 52.494646090550361 ], [ 17.074810079342456, 52.494555764779868 ], [ 17.074608398473458, 52.494552482150453 ], [ 17.074476364190257, 52.494648880959133 ], [ 17.074416665568997, 52.494783412694204 ], [ 17.074465068470257, 52.494907385660838 ], [ 17.074512395865813, 52.495055978102705 ], [ 17.07436816943072, 52.495123435156977 ], [ 17.074110013784836, 52.495180824838052 ], [ 17.073884754043757, 52.495255174287308 ], [ 17.073619336072621, 52.495324763155274 ], [ 17.073381346757245, 52.495382479674014 ], [ 17.073207809467103, 52.495350909886383 ], [ 17.073026831885663, 52.495335643310447 ], [ 17.072916216386606, 52.495403646144787 ], [ 17.0729869374792, 52.49547870930008 ], [ 17.073197403126965, 52.495588898136631 ], [ 17.073578717839652, 52.495792204809774 ] ], [ [ 17.089418693214668, 52.491223838169809 ], [ 17.089168875760418, 52.491147700578551 ], [ 17.089063061578745, 52.491058438512347 ], [ 17.088863833680257, 52.490983117551281 ], [ 17.088750705120937, 52.490867986238491 ], [ 17.08870993759524, 52.490640720650191 ], [ 17.088799829687467, 52.490513419241317 ], [ 17.089116471613536, 52.490410381772328 ], [ 17.089360307804515, 52.490429771185084 ], [ 17.089542894696919, 52.490499672395828 ], [ 17.089655801347057, 52.490619949520777 ], [ 17.089804396287004, 52.490890157367183 ], [ 17.089812559528639, 52.491091145231934 ], [ 17.089621715635054, 52.491211666834147 ], [ 17.089418693214668, 52.491223838169809 ] ], [ [ 17.092339079671635, 52.492055783002499 ], [ 17.091978885081204, 52.49214030887714 ], [ 17.091817902934498, 52.49212949970849 ], [ 17.091717777741216, 52.492111459812904 ], [ 17.091661718226927, 52.492007901427634 ], [ 17.091669713748583, 52.491823253265892 ], [ 17.091709544048168, 52.491680180284312 ], [ 17.091783340920635, 52.491529442935537 ], [ 17.09190472618673, 52.491367154738107 ], [ 17.092048380965277, 52.491311985770153 ], [ 17.092177169852071, 52.491289426130258 ], [ 17.092304360077943, 52.491303795998846 ], [ 17.092463918548582, 52.491347430837671 ], [ 17.092553768212444, 52.491447427587275 ], [ 17.092615841112412, 52.491567507151757 ], [ 17.092630502866307, 52.491695034492928 ], [ 17.092533877571938, 52.491906996598821 ], [ 17.092339079671635, 52.492055783002499 ] ] ] ] } },
{ "type": "Feature", "properties": { "id": null }, "geometry": { "type": "MultiPolygon", "coordinates": [ [ [ [ 17.079554354457162, 52.507026305378112 ], [ 17.079578955715576, 52.507045428282986 ], [ 17.080236387348094, 52.507066398996308 ], [ 17.081004277442737, 52.507264262933106 ], [ 17.081456597232346, 52.507343701291781 ], [ 17.081807705378775, 52.50742149687337 ], [ 17.082110897166825, 52.507436712830255 ], [ 17.082399460884144, 52.507400189421162 ], [ 17.082723554057701, 52.507323039947231 ], [ 17.08293001230442, 52.507233683098086 ], [ 17.083155578204863, 52.507093134021467 ], [ 17.083114826723619, 52.506865867229372 ], [ 17.082594295694651, 52.506414518992678 ], [ 17.082464839954326, 52.506407293018505 ], [ 17.082299763541833, 52.506334812543351 ], [ 17.082189912985957, 52.506230377879582 ], [ 17.082037961755979, 52.506088305150278 ], [ 17.081992832387932, 52.506071918757556 ], [ 17.0819613895511, 52.506069612528393 ], [ 17.081932985108981, 52.506074797962015 ], [ 17.081890633243486, 52.506081553691921 ], [ 17.08185886953099, 52.506105932248758 ], [ 17.081763410095306, 52.506289161454632 ], [ 17.081611651608487, 52.506528963831059 ], [ 17.081502986509371, 52.506551838592209 ], [ 17.081287153398137, 52.506408728904191 ], [ 17.081175764242925, 52.506185189788404 ], [ 17.08104574330579, 52.506080426876309 ], [ 17.080831811445602, 52.50604821340049 ], [ 17.080447801288006, 52.506058407688947 ], [ 17.08024706894513, 52.506186547460558 ], [ 17.080263844620912, 52.506264836676962 ], [ 17.080420404655605, 52.506378243400945 ], [ 17.080597317916624, 52.506487873980348 ], [ 17.080895274087915, 52.506599467927948 ], [ 17.080957156573039, 52.506723656474676 ], [ 17.08076672298143, 52.50676984105737 ], [ 17.080367647920745, 52.506816746135051 ], [ 17.079958879002593, 52.506777263242498 ], [ 17.079453819902607, 52.506785489651662 ], [ 17.079409715206261, 52.506871002937444 ], [ 17.079483022583741, 52.506964581575687 ], [ 17.079525390745047, 52.506996065554233 ], [ 17.079554354457162, 52.507026305378112 ] ], [ [ 17.081081271592435, 52.506562516484713 ], [ 17.081004466259895, 52.506581871228903 ], [ 17.080880642866543, 52.506518060799173 ], [ 17.0808094434887, 52.506408752616082 ], [ 17.080660093916293, 52.506349677986215 ], [ 17.080544705894145, 52.506286004051709 ], [ 17.080581133928906, 52.506224793297207 ], [ 17.080793110325978, 52.506202481650071 ], [ 17.080978214402403, 52.506215784765516 ], [ 17.081075837618112, 52.506299770717121 ], [ 17.081087549364849, 52.506418414128994 ], [ 17.081081271592435, 52.506562516484713 ] ] ] ] } },
{ "type": "Feature", "properties": { "id": null }, "geometry": { "type": "MultiPolygon", "coordinates": [ [ [ [ 17.078472010760898, 52.506789307440719 ], [ 17.078752448331326, 52.506531068050975 ], [ 17.078954976100466, 52.506361898359941 ], [ 17.079195523134679, 52.506246725690389 ], [ 17.079367034966364, 52.506171493337831 ], [ 17.079512721718764, 52.506071204553045 ], [ 17.079606222175155, 52.505933113034203 ], [ 17.07970769863136, 52.50576640780713 ], [ 17.079731270596639, 52.505688773434159 ], [ 17.079721578221104, 52.505602386789903 ], [ 17.079581260269745, 52.505579578240308 ], [ 17.079259741720946, 52.505545615342726 ], [ 17.079033438718636, 52.505488560773557 ], [ 17.07884891420629, 52.505399334974122 ], [ 17.078639206024718, 52.505424672308493 ], [ 17.078458286608388, 52.505561343177369 ], [ 17.078342283069219, 52.505752448342299 ], [ 17.078259900740534, 52.505944099561304 ], [ 17.078101400048993, 52.506183788040211 ], [ 17.077786622102455, 52.506457892570261 ], [ 17.077962275683113, 52.506596249773267 ], [ 17.078472010760898, 52.506789307440719 ] ], [ [ 17.078589188016686, 52.506032802715289 ], [ 17.078488427102716, 52.506020865833626 ], [ 17.078432980188357, 52.505937562786755 ], [ 17.078480314528477, 52.505819878138524 ], [ 17.078519439010183, 52.505696909971313 ], [ 17.078565201393594, 52.505615250820519 ], [ 17.078635367862478, 52.505554588620811 ], [ 17.078726346839002, 52.505597267432094 ], [ 17.078893232776302, 52.505641178868629 ], [ 17.07896869067271, 52.505652704527876 ], [ 17.079051684954692, 52.505684953120806 ], [ 17.079048542829348, 52.505757004222261 ], [ 17.078907985708078, 52.50588347557521 ], [ 17.078718169703212, 52.505978245866558 ], [ 17.078589188016686, 52.506032802715289 ] ] ] ] } },
{ "type": "Feature", "properties": { "id": null }, "geometry": { "type": "MultiPolygon", "coordinates": [ [ [ [ 16.989643386153073, 52.464962603252829 ], [ 16.989394796035157, 52.464472274884294 ], [ 16.988887655966145, 52.464453308293649 ], [ 16.988519790600208, 52.464425209985357 ], [ 16.988510449798451, 52.464408758172517 ], [ 16.988173850992442, 52.463847406163858 ], [ 16.987378754288414, 52.463739432581654 ], [ 16.987620173361339, 52.46430532656683 ], [ 16.987497502362991, 52.464302960537729 ], [ 16.987283183219503, 52.464268285034159 ], [ 16.986977217772239, 52.464201021240171 ], [ 16.986558000363601, 52.464018059767298 ], [ 16.985647312007274, 52.463658658416797 ], [ 16.985478701668921, 52.463642857792024 ], [ 16.985557520755144, 52.463770897409894 ], [ 16.98579155376849, 52.463930023073431 ], [ 16.986245653143015, 52.464183393873626 ], [ 16.986779421874797, 52.464453633189393 ], [ 16.987591441761186, 52.464749290900308 ], [ 16.987948514696605, 52.464902749090236 ], [ 16.988180425830976, 52.464970655246837 ], [ 16.988443212306926, 52.464994630439683 ], [ 16.988725284851746, 52.464999143492058 ], [ 16.989278416311041, 52.464982254381503 ], [ 16.989643386153073, 52.464962603252829 ] ], [ [ 16.988195777072775, 52.464458504076561 ], [ 16.988279877546994, 52.464516719171215 ], [ 16.98828174353773, 52.464568253473587 ], [ 16.988191512624972, 52.464605345311682 ], [ 16.98809005115092, 52.464611344470249 ], [ 16.988049213171642, 52.464582323237209 ], [ 16.988022187504917, 52.46452778572182 ], [ 16.988036586541732, 52.464489403795369 ], [ 16.98808044805406, 52.464449366950035 ], [ 16.988128172624474, 52.464448786882151 ], [ 16.988143379993268, 52.464447584327331 ], [ 16.988176247176071, 52.464444985278462 ], [ 16.988195777072775, 52.464458504076561 ] ], [ [ 16.988053648291466, 52.464446925441308 ], [ 16.988053648291466, 52.464446925441308 ], [ 16.988053648291466, 52.464446925441308 ], [ 16.988053648291466, 52.464446925441308 ] ] ] ] } },
{ "type": "Feature", "properties": { "id": null }, "geometry": { "type": "MultiPolygon", "coordinates": [ [ [ [ 16.98692026113677, 52.469884610172478 ], [ 16.987133504922991, 52.470016523001384 ], [ 16.987595965336329, 52.470049031184764 ], [ 16.98815677259762, 52.470136591822182 ], [ 16.988495492754165, 52.470228584831098 ], [ 16.988673340843533, 52.470309628351906 ], [ 16.988745170460007, 52.470503843176957 ], [ 16.988947462677654, 52.470638683085021 ], [ 16.989241215075179, 52.470684740585369 ], [ 16.989549527782621, 52.470706407467539 ], [ 16.989722718280959, 52.470742201592799 ], [ 16.990032714609217, 52.470726939703368 ], [ 16.99034607611194, 52.470637821939214 ], [ 16.990304654181656, 52.470513930921527 ], [ 16.989989075903193, 52.470356636703009 ], [ 16.989758972061917, 52.47024185700247 ], [ 16.989587092711218, 52.470177341545714 ], [ 16.989515245124934, 52.470130951474069 ], [ 16.989585423935942, 52.470066444777075 ], [ 16.989686686242266, 52.470008924248049 ], [ 16.989554975935174, 52.469950211255352 ], [ 16.989371737456402, 52.470034068146482 ], [ 16.989173156254687, 52.47011281638531 ], [ 16.989004816447395, 52.470118166293034 ], [ 16.988758472613409, 52.470064702008735 ], [ 16.988519783646748, 52.469990836223594 ], [ 16.988282031246779, 52.469896454692687 ], [ 16.988005653016053, 52.469764459360952 ], [ 16.987793841186669, 52.469691049369132 ], [ 16.987695870916568, 52.469627788716053 ], [ 16.987634242806713, 52.469577446545003 ], [ 16.987544105044826, 52.469704668938398 ], [ 16.987204893010489, 52.469930657162102 ], [ 16.98692026113677, 52.469884610172478 ] ] ] ] } },
{ "type": "Feature", "properties": { "id": null }, "geometry": { "type": "MultiPolygon", "coordinates": [ [ [ [ 16.981938491510196, 52.464373598670832 ], [ 16.982298284266282, 52.464297613488959 ], [ 16.982564422022733, 52.464137904518168 ], [ 16.983028353815268, 52.463989781380768 ], [ 16.983541275351495, 52.463799376285955 ], [ 16.984000765471336, 52.463454073886815 ], [ 16.984065043516804, 52.463430708706944 ], [ 16.983938098472958, 52.463266347773654 ], [ 16.98372057128838, 52.463465897992158 ], [ 16.983246740879512, 52.463683661147464 ], [ 16.982761815807908, 52.463849905097184 ], [ 16.982674955492751, 52.463838157680179 ], [ 16.982708223925307, 52.463625200475683 ], [ 16.982657016065033, 52.463568892557873 ], [ 16.982442052797335, 52.463565225049877 ], [ 16.981938491510196, 52.464373598670832 ] ] ] ] } },
{ "type": "Feature", "properties": { "id": null }, "geometry": { "type": "MultiPolygon", "coordinates": [ [ [ [ 17.063210470927984, 52.490665164906225 ], [ 17.063441539574796, 52.490612064866824 ], [ 17.063520681483705, 52.490546134753806 ], [ 17.063491360297974, 52.490442230372352 ], [ 17.063408180722643, 52.490407255623474 ], [ 17.063273413295938, 52.490389535400212 ], [ 17.063163020670316, 52.490395484633368 ], [ 17.063013397544207, 52.49042664742116 ], [ 17.062854854404652, 52.490468006370868 ], [ 17.06272903748598, 52.490535757203794 ], [ 17.062760060484422, 52.490600905525028 ], [ 17.062876875100642, 52.490641602795506 ], [ 17.063003063979522, 52.490661768592716 ], [ 17.063210470927984, 52.490665164906225 ] ] ] ] } },
{ "type": "Feature", "properties": { "id": null }, "geometry": { "type": "MultiPolygon", "coordinates": [ [ [ [ 17.057463833394021, 52.491690497753908 ], [ 17.057540480748049, 52.491681414044088 ], [ 17.057616150395329, 52.491646458125295 ], [ 17.057670997180118, 52.491603403397839 ], [ 17.057674821703792, 52.491564682043823 ], [ 17.057624700802258, 52.491500511544686 ], [ 17.05754626933037, 52.491453975382278 ], [ 17.057473105408341, 52.491432088974115 ], [ 17.057399087400341, 52.491429580572671 ], [ 17.057308659907669, 52.491463001164327 ], [ 17.057234024739763, 52.491522537178724 ], [ 17.057233806259795, 52.491575538607762 ], [ 17.057274198706612, 52.491620157413109 ], [ 17.057348966760461, 52.491653705535441 ], [ 17.057463833394021, 52.491690497753908 ] ] ] ] } },
{ "type": "Feature", "properties": { "id": null }, "geometry": { "type": "MultiPolygon", "coordinates": [ [ [ [ 17.118421819812742, 52.51974904411027 ], [ 17.118604923652615, 52.519342663051965 ], [ 17.119396947175595, 52.518984446646705 ], [ 17.119776520079792, 52.518794775023501 ], [ 17.119790586156064, 52.51846539150462 ], [ 17.119316203971692, 52.518107644442878 ], [ 17.118347825402996, 52.518246751033537 ], [ 17.117909710868815, 52.51862089089245 ], [ 17.11732676817283, 52.51882792114418 ], [ 17.117584863585741, 52.519110133737364 ], [ 17.117369546525204, 52.519207048874314 ], [ 17.118189500678053, 52.519613315731185 ], [ 17.118421819812742, 52.51974904411027 ] ] ] ] } },
{ "type": "Feature", "properties": { "id": null }, "geometry": { "type": "MultiPolygon", "coordinates": [ [ [ [ 17.085789210440296, 52.506647236195313 ], [ 17.086172976147079, 52.506622718924483 ], [ 17.086201302682969, 52.506582625914113 ], [ 17.086327757441687, 52.506537450779227 ], [ 17.086433414347759, 52.506506310636262 ], [ 17.086523863957908, 52.506437969050658 ], [ 17.086555574850646, 52.506327615820531 ], [ 17.086544200051875, 52.506202194165375 ], [ 17.086443356875229, 52.506122546125411 ], [ 17.086289495449044, 52.506101579578221 ], [ 17.086019445600591, 52.506121847699688 ], [ 17.085743001807188, 52.506211816359304 ], [ 17.085624913968857, 52.506374151648089 ], [ 17.08560647149552, 52.506488825512037 ], [ 17.085665361553062, 52.506604750777868 ], [ 17.085789210440296, 52.506647236195313 ] ], [ [ 17.08616632000837, 52.506469784681073 ], [ 17.086040029415205, 52.506462591389315 ], [ 17.08591686984564, 52.506383346580932 ], [ 17.085894250774768, 52.506321178858556 ], [ 17.085990382027035, 52.506245482028753 ], [ 17.086067855526952, 52.50621068443607 ], [ 17.086288263556686, 52.506188499367553 ], [ 17.08640231827432, 52.506283046950692 ], [ 17.086338583134669, 52.506390169032699 ], [ 17.08616632000837, 52.506469784681073 ] ] ] ] } },
{ "type": "Feature", "properties": { "id": null }, "geometry": { "type": "MultiPolygon", "coordinates": [ [ [ [ 16.986784238551461, 52.447235942576853 ], [ 16.986888499539443, 52.447307524169474 ], [ 16.987041638115819, 52.447338875324682 ], [ 16.987336356484818, 52.447360317744483 ], [ 16.987476065254096, 52.44739143971438 ], [ 16.987689454006635, 52.447427921838788 ], [ 16.987863674309612, 52.447439099473961 ], [ 16.988202799010271, 52.447370957914906 ], [ 16.988542857560617, 52.4472823000185 ], [ 16.988803454821795, 52.447167651970688 ], [ 16.989144632138366, 52.447054373881819 ], [ 16.98942909667387, 52.447005830421602 ], [ 16.989684457786073, 52.447006066441453 ], [ 16.989924146556817, 52.447055310471015 ], [ 16.990136041231942, 52.447124612781145 ], [ 16.990835788424043, 52.447180134977089 ], [ 16.992207731533927, 52.447158272488394 ], [ 16.992178455882424, 52.446767681623278 ], [ 16.99212769151066, 52.446728742829251 ], [ 16.992019136817355, 52.446706298160329 ], [ 16.991962760843077, 52.4464632781497 ], [ 16.991859123390451, 52.446332761240278 ], [ 16.991545390340086, 52.446373784455176 ], [ 16.991127309924828, 52.446485137639257 ], [ 16.990932659176067, 52.446502431194595 ], [ 16.990905294033734, 52.446362908955969 ], [ 16.990766255480263, 52.446419296996929 ], [ 16.990554816412249, 52.4465614754561 ], [ 16.990220127817651, 52.446699213553963 ], [ 16.990220127817651, 52.446699213553963 ], [ 16.990220127817651, 52.446699213553963 ], [ 16.990196705659983, 52.446530237655089 ], [ 16.990331399836137, 52.446228664678813 ], [ 16.99027005092255, 52.445952503018631 ], [ 16.990294128578782, 52.445718855971101 ], [ 16.990334427878874, 52.445571715933546 ], [ 16.990301787394703, 52.445550629845599 ], [ 16.989172177061636, 52.44571209802055 ], [ 16.988908986975765, 52.445736365184352 ], [ 16.988538216303912, 52.445776732602972 ], [ 16.988515978336107, 52.4458948104689 ], [ 16.98850169346478, 52.446023324179443 ], [ 16.988524146129709, 52.446085509413152 ], [ 16.988562739880354, 52.446163420059669 ], [ 16.988737966136739, 52.446202452937236 ], [ 16.988932147405183, 52.446195455552306 ], [ 16.989159548856147, 52.446199323398034 ], [ 16.989201425814542, 52.446205185899856 ], [ 16.98921872218682, 52.446380589213831 ], [ 16.98927134901291, 52.446520541505905 ], [ 16.98930035000016, 52.446624040094385 ], [ 16.989256128388686, 52.446669640442259 ], [ 16.988850213544886, 52.44669878822085 ], [ 16.988765520878459, 52.446707648067061 ], [ 16.988743517467118, 52.446820579679539 ], [ 16.988714029481013, 52.446912782886905 ], [ 16.988543236182807, 52.446961379989695 ], [ 16.988469993858967, 52.447088890619966 ], [ 16.988351610596414, 52.447097176970992 ], [ 16.988028061329626, 52.446983515802508 ], [ 16.987737030317682, 52.446896158543986 ], [ 16.987367617910476, 52.446864119270266 ], [ 16.986988610232039, 52.446857666819149 ], [ 16.986824594745382, 52.446942428743384 ], [ 16.986785271956933, 52.447065365655476 ], [ 16.986792051380171, 52.447101532987013 ], [ 16.986784238551461, 52.447235942576853 ] ] ] ] } },
{ "type": "Feature", "properties": { "id": null }, "geometry": { "type": "MultiPolygon", "coordinates": [ [ [ [ 16.987951825450839, 52.439962324187441 ], [ 16.987783307878018, 52.440072065984197 ], [ 16.98754288852432, 52.440034964203846 ], [ 16.987085124491806, 52.440072494024264 ], [ 16.987812376828384, 52.440197873633032 ], [ 16.988080004781342, 52.440222959716117 ], [ 16.9885466253948, 52.440304812359663 ], [ 16.988848572520823, 52.440314055574461 ], [ 16.989157420758335, 52.440319309141657 ], [ 16.989432511770506, 52.440328094067219 ], [ 16.989698646966051, 52.440386001126399 ], [ 16.989977090333188, 52.440468754373583 ], [ 16.990212074799057, 52.440620574496307 ], [ 16.990455260125607, 52.440887508656772 ], [ 16.991078898231574, 52.44165365817026 ], [ 16.991312025938164, 52.441846506990125 ], [ 16.991527439182519, 52.441985673100255 ], [ 16.991857558116287, 52.442114468463586 ], [ 16.992233743662219, 52.442412401570465 ], [ 16.992979974309247, 52.443143666100852 ], [ 16.993254897805972, 52.443452195480383 ], [ 16.993646398090764, 52.443709321326757 ], [ 16.99399947672898, 52.443776906418215 ], [ 16.99447379298967, 52.443838334600784 ], [ 16.99570928934812, 52.443859286252696 ], [ 16.996563540958824, 52.443840915176843 ], [ 16.997073296692864, 52.443861870951061 ], [ 16.997578199421721, 52.44384167984812 ], [ 16.997882964483196, 52.443789353802927 ], [ 16.998119465979705, 52.443760508611135 ], [ 16.998413980591398, 52.443786026340021 ], [ 16.998626245476959, 52.443847107249333 ], [ 16.998690044004899, 52.443922099673657 ], [ 16.998789648210561, 52.443948423175556 ], [ 16.999470720508203, 52.444092679025019 ], [ 16.999861188366889, 52.444217741503564 ], [ 16.999990810270987, 52.444333240091169 ], [ 17.000139375086707, 52.444402706601124 ], [ 17.000255184850566, 52.444451017850973 ], [ 17.000191568212461, 52.444552947034644 ], [ 17.000390200065116, 52.444633560604942 ], [ 17.000441928088915, 52.444794093570835 ], [ 17.000631509999085, 52.444861915100915 ], [ 17.001456240865512, 52.44497646226435 ], [ 17.002123176667851, 52.445088337267308 ], [ 17.002570458341484, 52.445079469772871 ], [ 17.002877006012479, 52.445062064028036 ], [ 17.003077414826059, 52.445014121115058 ], [ 17.00296819733688, 52.444977373276501 ], [ 17.002500385332322, 52.444920195501204 ], [ 17.002140197676418, 52.444860728333467 ], [ 17.001751094414555, 52.444772027632553 ], [ 17.001497881634958, 52.444724632097966 ], [ 17.001352292069807, 52.444674949186286 ], [ 17.001265062542149, 52.444634978495195 ], [ 17.00124385491484, 52.443916027031612 ], [ 17.000002336136667, 52.443582956666766 ], [ 16.999568673908701, 52.443514026096331 ], [ 16.999080366352956, 52.443464700334651 ], [ 16.998592431970785, 52.443407166369376 ], [ 16.997500758701769, 52.443474912124827 ], [ 16.996798517923139, 52.443401421927867 ], [ 16.996072597133779, 52.443405544905033 ], [ 16.995534684821532, 52.443412851144814 ], [ 16.994949397571499, 52.443427563997979 ], [ 16.994365228455475, 52.443417655421655 ], [ 16.994065868678824, 52.443350982855293 ], [ 16.993723237209771, 52.443201450205535 ], [ 16.993478342167244, 52.443119275369774 ], [ 16.993342185921357, 52.443010201937049 ], [ 16.993151008812575, 52.442781113102363 ], [ 16.992968786489801, 52.442502900935295 ], [ 16.992638849684873, 52.44222218049218 ], [ 16.992259677464897, 52.441989897993899 ], [ 16.991359230929035, 52.441399727401503 ], [ 16.991007870058297, 52.440999556868221 ], [ 16.990710041895984, 52.440604401314097 ], [ 16.990410351455406, 52.440250275841265 ], [ 16.990299209595513, 52.44003486131286 ], [ 16.990161949962133, 52.439950402818994 ], [ 16.989708010698401, 52.439885197204617 ], [ 16.989358682513007, 52.43979023157695 ], [ 16.987951825450839, 52.439962324187441 ] ] ] ] } },
{ "type": "Feature", "properties": { "id": null }, "geometry": { "type": "MultiPolygon", "coordinates": [ [ [ [ 16.98046844542263, 52.497712824856215 ], [ 16.980596433605214, 52.497676462062167 ], [ 16.980632276581652, 52.497583457661406 ], [ 16.980591484522925, 52.497489144946115 ], [ 16.980506874431523, 52.497366549909543 ], [ 16.980381157094712, 52.497353389794661 ], [ 16.980269940191654, 52.497417572933379 ], [ 16.980242355742696, 52.497527238773614 ], [ 16.980304425641826, 52.497649449136972 ], [ 16.98046844542263, 52.497712824856215 ] ] ] ] } },
{ "type": "Feature", "properties": { "id": null }, "geometry": { "type": "MultiPolygon", "coordinates": [ [ [ [ 16.981956400277333, 52.50265582647242 ], [ 16.98220912645651, 52.502654630827053 ], [ 16.982458379957691, 52.50253222501771 ], [ 16.982737958407043, 52.502338746963744 ], [ 16.983092440275197, 52.502085970212597 ], [ 16.983521319089526, 52.501784899141015 ], [ 16.983730517213928, 52.501551671156832 ], [ 16.983887124010728, 52.501284505455352 ], [ 16.984024184843648, 52.501050047453383 ], [ 16.984223604842111, 52.500833172477186 ], [ 16.984495155089569, 52.50061752619628 ], [ 16.984720109979936, 52.500434126492834 ], [ 16.984945818026429, 52.500234218691666 ], [ 16.985285508584749, 52.499909594656749 ], [ 16.98527477322186, 52.499749713567795 ], [ 16.985173874691579, 52.499588296750986 ], [ 16.984799305370537, 52.499097314449678 ], [ 16.984638775373227, 52.499056031638077 ], [ 16.984357007201012, 52.499100792157357 ], [ 16.984225288558598, 52.499021451863229 ], [ 16.983977618942319, 52.498912601097288 ], [ 16.983779514865262, 52.498903717742863 ], [ 16.983409599908235, 52.498902918804198 ], [ 16.983150146067711, 52.498854440609499 ], [ 16.98295632500917, 52.498752012639287 ], [ 16.982771772907522, 52.498644235573437 ], [ 16.982524361026236, 52.498529879272922 ], [ 16.982221594022736, 52.49844211239386 ], [ 16.981265446962436, 52.49823856574649 ], [ 16.980916091534642, 52.498183041430337 ], [ 16.980593028397617, 52.498144485466568 ], [ 16.98042695701011, 52.49822425278969 ], [ 16.980344487206334, 52.498448625216739 ], [ 16.980421091667353, 52.498549056289811 ], [ 16.980660490768138, 52.498641252875807 ], [ 16.981046418244564, 52.498686388461984 ], [ 16.981413053758015, 52.498758727767068 ], [ 16.981850811484389, 52.498854306745493 ], [ 16.982196393305355, 52.498992366467526 ], [ 16.982248418368808, 52.49923555484353 ], [ 16.982438460082502, 52.499420522084193 ], [ 16.982677364289799, 52.499523719747465 ], [ 16.982861415914602, 52.49964250206439 ], [ 16.983002601365534, 52.499909237788479 ], [ 16.982971720527114, 52.500189559950201 ], [ 16.982915301385752, 52.50043640559214 ], [ 16.98275617231354, 52.500758595421246 ], [ 16.982556997489318, 52.500969965316976 ], [ 16.982355356390279, 52.501038115043464 ], [ 16.982160967045466, 52.501144935996095 ], [ 16.981838327123942, 52.501293623317849 ], [ 16.981623885219282, 52.501444155984125 ], [ 16.98152565063565, 52.501618698595081 ], [ 16.981509322403696, 52.501778118268994 ], [ 16.981491481281452, 52.501970553147103 ], [ 16.981386749530447, 52.502089916399306 ], [ 16.981464875283365, 52.502157331616765 ], [ 16.981727565081471, 52.502332525826453 ], [ 16.981856768041276, 52.502466894275095 ], [ 16.981956400277333, 52.50265582647242 ] ] ] ] } },
{ "type": "Feature", "properties": { "id": null }, "geometry": { "type": "MultiPolygon", "coordinates": [ [ [ [ 16.974690108766634, 52.491853864370988 ], [ 16.97502921457022, 52.491738519673298 ], [ 16.975352984012641, 52.491760582777786 ], [ 16.975551559483279, 52.491758474864838 ], [ 16.97605510938407, 52.490616160550545 ], [ 16.97621753339266, 52.490222446472494 ], [ 16.976318036227159, 52.489998385148688 ], [ 16.976476837694179, 52.489879951327062 ], [ 16.976279342640986, 52.489711366806901 ], [ 16.975958367449262, 52.489628778570363 ], [ 16.975934779409158, 52.489749525667719 ], [ 16.975864772622327, 52.490095259328008 ], [ 16.975603440237148, 52.490481773267362 ], [ 16.975121457636487, 52.490958125899269 ], [ 16.974684885224963, 52.491495189692685 ], [ 16.974555389691542, 52.491706544329737 ], [ 16.974499251061619, 52.491830647715688 ], [ 16.974690108766634, 52.491853864370988 ] ] ] ] } },
{ "type": "Feature", "properties": { "id": null }, "geometry": { "type": "MultiPolygon", "coordinates": [ [ [ [ 17.005352842709936, 52.495254362433101 ], [ 17.005687446094015, 52.495145030478469 ], [ 17.005717678709342, 52.495071628401291 ], [ 17.005639794330868, 52.495008722075831 ], [ 17.005454536261976, 52.494939898973684 ], [ 17.005336503427799, 52.494872209231353 ], [ 17.005345826137958, 52.494814879479186 ], [ 17.00546345087491, 52.494742951138527 ], [ 17.005481167287336, 52.494648807006975 ], [ 17.005396004384203, 52.494598096413533 ], [ 17.005274815026858, 52.494600158972901 ], [ 17.005111805106985, 52.494634365799186 ], [ 17.004899880191235, 52.494708809484692 ], [ 17.004665743478427, 52.494828046440254 ], [ 17.00457259164245, 52.494953767607242 ], [ 17.00458904300794, 52.495036169376341 ], [ 17.00468185727075, 52.495066478557838 ], [ 17.004829566330592, 52.495073076345228 ], [ 17.00502377561951, 52.495092776858328 ], [ 17.005062438768739, 52.495130384844089 ], [ 17.005052186806175, 52.495208229959879 ], [ 17.005015044695117, 52.4952856215506 ], [ 17.004839515879599, 52.495299085815432 ], [ 17.004561476752151, 52.495347776449762 ], [ 17.004635086718924, 52.495505054253101 ], [ 17.004960927722923, 52.49544074484637 ], [ 17.005052779190802, 52.495343744932377 ], [ 17.005175270854362, 52.495312961069253 ], [ 17.005271615205046, 52.495265311296215 ], [ 17.005352842709936, 52.495254362433101 ] ] ] ] } },
{ "type": "Feature", "properties": { "id": null }, "geometry": { "type": "MultiPolygon", "coordinates": [ [ [ [ 16.984512295312442, 52.480996461955741 ], [ 16.984828594476987, 52.481089405980491 ], [ 16.985143248616389, 52.48121837284156 ], [ 16.985404979126532, 52.481397939808389 ], [ 16.985429053256293, 52.481609509932042 ], [ 16.985487784472152, 52.48180106939283 ], [ 16.985614889508103, 52.481973192412873 ], [ 16.985952253376897, 52.482159196522474 ], [ 16.986335056855875, 52.482273869898066 ], [ 16.986606637847487, 52.482422700352387 ], [ 16.98688749692473, 52.483107313344448 ], [ 16.986827285368985, 52.483317448399269 ], [ 16.986763579393006, 52.483419368847223 ], [ 16.986712501295283, 52.483614208585074 ], [ 16.986703804985474, 52.483804619515361 ], [ 16.986812181210961, 52.484017624243471 ], [ 16.986980975195873, 52.484200755749953 ], [ 16.987211127295623, 52.484333428813272 ], [ 16.987442220606631, 52.484445516467737 ], [ 16.987573334691884, 52.484530151331185 ], [ 16.987638422054804, 52.48458276119694 ], [ 16.988214137407862, 52.484705200653039 ], [ 16.988559783284344, 52.484795257187486 ], [ 16.98872205743054, 52.484850371256542 ], [ 16.98880494507728, 52.48487641813869 ], [ 16.988880727464657, 52.484775710844438 ], [ 16.988951915824959, 52.484635811153723 ], [ 16.989063737575588, 52.48467090366821 ], [ 16.989154460324873, 52.484746358263379 ], [ 16.989259560923379, 52.48480152608203 ], [ 16.989523342829472, 52.484916878471687 ], [ 16.989754644316914, 52.485007040840209 ], [ 16.989863099277862, 52.485136177220845 ], [ 16.989940554895281, 52.485355123667446 ], [ 16.990129288724262, 52.485493836555641 ], [ 16.990380383318463, 52.485592546467011 ], [ 16.990583309746071, 52.485715074850866 ], [ 16.990805827463277, 52.485998078521909 ], [ 16.991122619530667, 52.486426400930995 ], [ 16.991229959976241, 52.486580154403207 ], [ 16.991343648365586, 52.486742228027531 ], [ 16.991564876681032, 52.486906127722428 ], [ 16.991763325767185, 52.487127127366129 ], [ 16.991720381124868, 52.487183885339228 ], [ 16.991537598978208, 52.487209525190757 ], [ 16.991263326657421, 52.487323947927258 ], [ 16.991310365163496, 52.487472570908096 ], [ 16.991384850131034, 52.487609341300974 ], [ 16.991535130213283, 52.487854160601763 ], [ 16.991578056881014, 52.488093050573958 ], [ 16.991769237784986, 52.488178421304433 ], [ 16.991933168226549, 52.488123717442747 ], [ 16.992107371082291, 52.487991169480651 ], [ 16.992448298266048, 52.487890194836019 ], [ 16.992686722142125, 52.487824435653124 ], [ 16.99305938509562, 52.487765060098162 ], [ 16.993299671807407, 52.487806093116156 ], [ 16.993604184000208, 52.487913914733866 ], [ 16.99377352317472, 52.488035867696389 ], [ 16.993688757711446, 52.488124766772181 ], [ 16.99350354445642, 52.488203749344336 ], [ 16.993364072803292, 52.488312251236557 ], [ 16.993358842305806, 52.488427136751987 ], [ 16.993442858610447, 52.488502474129632 ], [ 16.993658689471012, 52.488637534619137 ], [ 16.994306750529454, 52.488882580618927 ], [ 16.994485243991708, 52.488951306849167 ], [ 16.994777070638492, 52.489042485367285 ], [ 16.994726472966796, 52.489119645766237 ], [ 16.994688198113785, 52.489221652400609 ], [ 16.994613700877085, 52.489232707998497 ], [ 16.994351186578474, 52.489236469253477 ], [ 16.994189495663068, 52.489241939778687 ], [ 16.993827278489722, 52.489219371685905 ], [ 16.99379180514773, 52.489112008210924 ], [ 16.993763987346448, 52.488984243463122 ], [ 16.993697145700153, 52.488974897223507 ], [ 16.99348392509437, 52.488930218010196 ], [ 16.993291803506462, 52.488865365263855 ], [ 16.993263609794845, 52.48889363048432 ], [ 16.993206844539728, 52.489106190970915 ], [ 16.993165576956077, 52.489273845927045 ], [ 16.993158290637492, 52.489433864991518 ], [ 16.993285813965318, 52.489440134854178 ], [ 16.993493249212005, 52.489464185148151 ], [ 16.993726076864604, 52.489521515573394 ], [ 16.993911480332443, 52.489586253639033 ], [ 16.994094456678599, 52.489704331134512 ], [ 16.994223847538674, 52.48981739342107 ], [ 16.994347264280847, 52.489913929369344 ], [ 16.994441927724843, 52.489903215876417 ], [ 16.994564037877669, 52.48988064901048 ], [ 16.994773154984529, 52.489719945583879 ], [ 16.995017931855294, 52.489514677845328 ], [ 16.995118193715246, 52.489380872071436 ], [ 16.995100826427588, 52.489171160379037 ], [ 16.995028753841627, 52.48898105246667 ], [ 16.995298361380808, 52.488969197498896 ], [ 16.995793515314759, 52.489026863544574 ], [ 16.996019995363138, 52.489075869448833 ], [ 16.996129224734482, 52.489188588041536 ], [ 16.996294279194718, 52.489257083823865 ], [ 16.99662587435061, 52.48921342614851 ], [ 16.996920690944552, 52.48923895044382 ], [ 16.997363755479036, 52.489258771729133 ], [ 16.99786731469263, 52.489279615380561 ], [ 16.998031626754315, 52.489364521027291 ], [ 16.998111925505189, 52.48952191647718 ], [ 16.998165524604477, 52.489674753763438 ], [ 16.998170395101624, 52.489863722287083 ], [ 16.998118311379269, 52.489973708697086 ], [ 16.998021598410105, 52.490029558851191 ], [ 16.997776448482245, 52.490095214941171 ], [ 16.997546419099461, 52.490124170541677 ], [ 16.997262429271476, 52.49015631825322 ], [ 16.99696424969115, 52.490204649864637 ], [ 16.996678580389048, 52.490273723718666 ], [ 16.99645900841842, 52.490368553855539 ], [ 16.99621310814204, 52.490450618900361 ], [ 16.995850511332574, 52.490584087032076 ], [ 16.995650168385332, 52.490699772606142 ], [ 16.995296532100614, 52.490931940196745 ], [ 16.994923473221306, 52.491147352615634 ], [ 16.994701091949167, 52.49115590127262 ], [ 16.994596903395788, 52.49122804680659 ], [ 16.995242021126284, 52.491538736903749 ], [ 16.995316708772613, 52.491523577894746 ], [ 16.995481207378795, 52.491456560053813 ], [ 16.995665871171934, 52.491389883700279 ], [ 16.99592671416741, 52.491275223184445 ], [ 16.995986273132811, 52.491148939485825 ], [ 16.995994109366482, 52.490976611014482 ], [ 16.99605142887404, 52.490899563979497 ], [ 16.996330941020659, 52.490818068649972 ], [ 16.996689248640081, 52.490778969454183 ], [ 16.99698817833368, 52.490714226336038 ], [ 16.997183660743197, 52.490557394020421 ], [ 16.997434603681992, 52.490512368317773 ], [ 16.998105650241882, 52.49040054119925 ], [ 16.998153646762084, 52.490528646325572 ], [ 16.998138724546841, 52.490709067401347 ], [ 16.998180372398046, 52.490828852620389 ], [ 16.998329383521291, 52.490954561014419 ], [ 16.998585013562202, 52.491102604448379 ], [ 16.998747284201986, 52.491232642877129 ], [ 16.998822171048619, 52.491361202666319 ], [ 16.998831888562432, 52.491443491434964 ], [ 16.998768223862765, 52.491512219990703 ], [ 16.998645738537196, 52.491542997298019 ], [ 16.998442962537244, 52.491564203383618 ], [ 16.99811265597571, 52.491579144531897 ], [ 16.997862266806823, 52.491611862422324 ], [ 16.997644368425906, 52.491669767132315 ], [ 16.997450747056558, 52.491785569528773 ], [ 16.997459529850335, 52.491888373689648 ], [ 16.997562979906597, 52.49198046189823 ], [ 16.997642525243659, 52.492006445842989 ], [ 16.99787237801878, 52.491981593224665 ], [ 16.99805499021857, 52.491960046826748 ], [ 16.998351316975434, 52.491952743227202 ], [ 16.998721585564759, 52.491946689981162 ], [ 16.99896843624628, 52.49199192853402 ], [ 16.999026512338961, 52.492046291854052 ], [ 16.999060510257717, 52.492186478385563 ], [ 16.999095253567088, 52.492310252643335 ], [ 16.999216266235877, 52.492460123503633 ], [ 16.999338769923202, 52.492577169715439 ], [ 16.999502724478344, 52.492670279557224 ], [ 16.999828196864392, 52.492762014356614 ], [ 17.00022761412664, 52.49285499844337 ], [ 17.000353472903868, 52.492898188405675 ], [ 17.000428739518235, 52.493018541081433 ], [ 17.000386192005408, 52.493214920168434 ], [ 17.000477510093724, 52.493278057138077 ], [ 17.000579666554437, 52.493398864262957 ], [ 17.000595365276663, 52.493497678802363 ], [ 17.000515649337384, 52.493623623972503 ], [ 17.000335079412444, 52.493600040359773 ], [ 16.999962730366757, 52.493503408176657 ], [ 16.999834076739152, 52.493521763791065 ], [ 16.999668086783625, 52.493621612183318 ], [ 16.999528053812021, 52.493742430428945 ], [ 16.999269068103946, 52.493816068138536 ], [ 16.998890384619028, 52.493858936791334 ], [ 16.998981344052083, 52.494078105066613 ], [ 16.999048939861581, 52.494071036143026 ], [ 16.99915686955082, 52.494064649462125 ], [ 16.999413807852754, 52.494036145736622 ], [ 16.999756087164133, 52.494054253026675 ], [ 17.000083991058151, 52.494092647345248 ], [ 17.000304152042336, 52.494133325518995 ], [ 17.000543157168082, 52.494055241580512 ], [ 17.000707149367077, 52.493949912936316 ], [ 17.000719290649801, 52.493682306551797 ], [ 17.000780619017146, 52.493446432868275 ], [ 17.000957183687216, 52.493274309444608 ], [ 17.001352027073409, 52.493126475164885 ], [ 17.00184430959181, 52.493062689235678 ], [ 17.002500550989883, 52.493104674687324 ], [ 17.003190985378932, 52.493136933283985 ], [ 17.003527771674289, 52.493152918764196 ], [ 17.00376711235263, 52.49308485521442 ], [ 17.004116099463932, 52.493204049348059 ], [ 17.004328788439086, 52.493351844213443 ], [ 17.004634144641617, 52.493409785551457 ], [ 17.004659396174187, 52.493224803595915 ], [ 17.004649058101815, 52.493080423027209 ], [ 17.004657912832251, 52.492884864018308 ], [ 17.004630246284602, 52.492750491560614 ], [ 17.004509794419381, 52.492429145826812 ], [ 17.004250251230925, 52.492198157141452 ], [ 17.004045026616758, 52.491885680927965 ], [ 17.003938646173577, 52.491626374641811 ], [ 17.003870652795509, 52.491264711625554 ], [ 17.00398347843883, 52.491009104515236 ], [ 17.004398881708308, 52.490779203614132 ], [ 17.005093008586858, 52.490729110104546 ], [ 17.005677114252183, 52.490872865925247 ], [ 17.00626262068166, 52.490985741117036 ], [ 17.006693580042054, 52.491157811648051 ], [ 17.006989646990132, 52.491327607743969 ], [ 17.007072666401772, 52.491730723717751 ], [ 17.007247910764939, 52.491960285942149 ], [ 17.007660159919311, 52.492173239360639 ], [ 17.008342211346026, 52.492390734602829 ], [ 17.008956354617307, 52.492617383214245 ], [ 17.010068015893484, 52.493037807427676 ], [ 17.010487259086609, 52.493096361981955 ], [ 17.010945803720947, 52.493031970773174 ], [ 17.011136867372574, 52.492911578391556 ], [ 17.011097892803374, 52.492653412271089 ], [ 17.010485596393764, 52.492385604198915 ], [ 17.01016892849124, 52.492297873930404 ], [ 17.009653167801822, 52.492134689767468 ], [ 17.009471866498604, 52.492038934929575 ], [ 17.009401967446419, 52.491718445106855 ], [ 17.009668845064972, 52.491413923125002 ], [ 17.009882344475379, 52.491170305068906 ], [ 17.009993740874862, 52.490945569721177 ], [ 17.009871859994423, 52.490655106866519 ], [ 17.009709285185789, 52.490518465667982 ], [ 17.009715327779734, 52.490384661666553 ], [ 17.010071745959877, 52.490339156363824 ], [ 17.010556087114107, 52.490450308235836 ], [ 17.011104626205551, 52.49063464065982 ], [ 17.011547211336932, 52.490549378047852 ], [ 17.011588364833216, 52.490385262946333 ], [ 17.011280533391513, 52.490101975834747 ], [ 17.010932944248182, 52.489951924961183 ], [ 17.010314180692191, 52.489828212988826 ], [ 17.009729143449771, 52.489705065265817 ], [ 17.009315637357354, 52.489893814847882 ], [ 17.008751304159539, 52.490059423028967 ], [ 17.008164407767406, 52.489977438019451 ], [ 17.007968117928126, 52.489840226588839 ], [ 17.007148424552295, 52.489682212458696 ], [ 17.006592465802811, 52.48966254350146 ], [ 17.006168138785355, 52.48971719402801 ], [ 17.005642642561465, 52.489770137220148 ], [ 17.005401010048541, 52.489731291569392 ], [ 17.005240618235362, 52.489708055615594 ], [ 17.005046803955533, 52.489680149511777 ], [ 17.004786887749976, 52.489626490760202 ], [ 17.004537223503135, 52.489494986299128 ], [ 17.004184692604834, 52.489406913957161 ], [ 17.003603041717533, 52.489349462140304 ], [ 17.003451600068402, 52.489712571810053 ], [ 17.003018138756577, 52.489782507545968 ], [ 17.002603835452664, 52.489615854889159 ], [ 17.002536589515245, 52.489424160950257 ], [ 17.002514995516282, 52.489155984564746 ], [ 17.002209830145556, 52.489001473986427 ], [ 17.001570247643208, 52.488779510022269 ], [ 17.000846367386664, 52.488556117754463 ], [ 17.000450578984221, 52.488353718733954 ], [ 17.000147761521394, 52.488147740139077 ], [ 16.999919885495991, 52.487963628953047 ], [ 16.999760154176762, 52.487765219076927 ], [ 16.99980931173652, 52.487611543540517 ], [ 16.999982329837966, 52.48733120677953 ], [ 16.999998466011355, 52.487161522087796 ], [ 16.99987528309023, 52.487087335838638 ], [ 16.999529647419656, 52.487081490392242 ], [ 16.999204162943848, 52.487189289870614 ], [ 16.998606574565606, 52.487343986694491 ], [ 16.9979640108951, 52.487374313717048 ], [ 16.997495895381036, 52.487278835157326 ], [ 16.997055644798369, 52.487127174068192 ], [ 16.996926375600413, 52.487001379327964 ], [ 16.99699333769043, 52.486827405486913 ], [ 16.99753191412033, 52.486671717722778 ], [ 16.998050354455586, 52.486587789933587 ], [ 16.99843508099049, 52.486475845970091 ], [ 16.999028472597043, 52.486599191498293 ], [ 16.999331040718275, 52.486810319129923 ], [ 16.999731247533127, 52.486914942446099 ], [ 17.0001773427811, 52.486937936628969 ], [ 17.000626499566891, 52.487079436132525 ], [ 17.00094007632314, 52.487234093139762 ], [ 17.001241228914513, 52.487290685013825 ], [ 17.001713786050811, 52.487288369408283 ], [ 17.002155654845748, 52.487218580598679 ], [ 17.002445079631283, 52.487161666306896 ], [ 17.002526781596391, 52.48703429046752 ], [ 17.002052561903358, 52.48688722462704 ], [ 17.001549555229854, 52.48681692387899 ], [ 17.001073940917898, 52.486700731874919 ], [ 17.000436031573688, 52.486442738101495 ], [ 16.999677774792339, 52.486234207805865 ], [ 16.999341276570394, 52.486213065607956 ], [ 16.998927487963492, 52.486036107894556 ], [ 16.998633824233384, 52.485814829368586 ], [ 16.998345321580207, 52.485665740669859 ], [ 16.997897370362779, 52.48568390990976 ], [ 16.997588050837827, 52.485807429246016 ], [ 16.996965197173175, 52.486147098321176 ], [ 16.996636429370948, 52.486141530025201 ], [ 16.996615106270916, 52.485868206526398 ], [ 16.99664155570963, 52.485657494998868 ], [ 16.996529619362963, 52.485521692881193 ], [ 16.996965609514916, 52.485209763001507 ], [ 16.997651913312357, 52.484958722139787 ], [ 16.998602117656318, 52.484840899114246 ], [ 16.998837195821729, 52.484680069421572 ], [ 16.998847008143422, 52.484463925710443 ], [ 16.998526179225312, 52.484097980650262 ], [ 16.998368804533943, 52.483848106192397 ], [ 16.998032527355068, 52.483450996852802 ], [ 16.997871418034261, 52.483283462194578 ], [ 16.997664876247221, 52.483001852994008 ], [ 16.99750403746047, 52.482620584656075 ], [ 16.997467687906909, 52.48251439239796 ], [ 16.997532063534763, 52.482449052250907 ], [ 16.997614899893019, 52.482429289994286 ], [ 16.997733423756014, 52.482387043039338 ], [ 16.997793512344188, 52.482313021632493 ], [ 16.99776419922626, 52.482195157213027 ], [ 16.99772979020852, 52.482068067186255 ], [ 16.997739313635655, 52.481927771415819 ], [ 16.997739739206111, 52.481779625345112 ], [ 16.997657679255379, 52.481643551272498 ], [ 16.997674985249212, 52.481470678091938 ], [ 16.997429712762983, 52.481458829046382 ], [ 16.997262461812767, 52.481394426784924 ], [ 16.997126692071703, 52.481192024458942 ], [ 16.99689785235002, 52.48095726058051 ], [ 16.996482000664141, 52.480676998795715 ], [ 16.996267631723665, 52.480661341664401 ], [ 16.995973903857088, 52.480606339082648 ], [ 16.99566915664899, 52.48058578226869 ], [ 16.995288134356851, 52.480510057836646 ], [ 16.995142934110465, 52.480515292799602 ], [ 16.995024324177194, 52.480490193252066 ], [ 16.994872563806332, 52.480501088879322 ], [ 16.995015930484861, 52.480674761646625 ], [ 16.995347878698052, 52.480960210320198 ], [ 16.9955350826319, 52.481178047458918 ], [ 16.995687029260413, 52.481440371963167 ], [ 16.995947355002581, 52.481675671724609 ], [ 16.996048653387916, 52.481804376720049 ], [ 16.995983403468468, 52.481922563392899 ], [ 16.995886138431938, 52.482051751943978 ], [ 16.995830684444229, 52.482162408251746 ], [ 16.995834712537825, 52.482281768787573 ], [ 16.995922189443942, 52.482367910141761 ], [ 16.996059786695252, 52.482391406391478 ], [ 16.996206478648695, 52.482353486364829 ], [ 16.99629408965157, 52.482260563950959 ], [ 16.996358672046512, 52.482125176545274 ], [ 16.996429345574018, 52.482026322242064 ], [ 16.996547519958963, 52.481991766828187 ], [ 16.996742148480699, 52.482008532092777 ], [ 16.996928906684726, 52.48205979697763 ], [ 16.997106222708329, 52.482180168132103 ], [ 16.997277246353171, 52.482369698926703 ], [ 16.997325627368628, 52.482484038213606 ], [ 16.997259216465018, 52.482590621854335 ], [ 16.997146563417598, 52.482639969844769 ], [ 16.99702597536449, 52.48277753931638 ], [ 16.996955609199581, 52.482993977502247 ], [ 16.996819713811544, 52.483172349763635 ], [ 16.99677548286428, 52.483405655390818 ], [ 16.996833553773431, 52.483607843934102 ], [ 16.996967790627561, 52.483762047710776 ], [ 16.99713881095915, 52.483994892484155 ], [ 16.997116234591839, 52.484195715119789 ], [ 16.997037085612096, 52.484309349002366 ], [ 16.997055579427382, 52.484494442249591 ], [ 16.997289141483101, 52.484683177426916 ], [ 16.997190202195458, 52.484788263850625 ], [ 16.996970286054385, 52.48489130143566 ], [ 16.996663742772167, 52.484976446447028 ], [ 16.996246119657737, 52.485137727084471 ], [ 16.995411233874293, 52.485304253587586 ], [ 16.995069586911747, 52.485421649324728 ], [ 16.994719537225702, 52.485575857638594 ], [ 16.994331399289447, 52.485680144349175 ], [ 16.994056396785012, 52.485810985990973 ], [ 16.994090748018039, 52.48594296776897 ], [ 16.994219941377445, 52.486060133074801 ], [ 16.994201084636718, 52.486178893788754 ], [ 16.994106801791393, 52.486329225116101 ], [ 16.993962482558445, 52.486544407307051 ], [ 16.993798933988373, 52.486590907966345 ], [ 16.993522432770234, 52.486606748696879 ], [ 16.993200004105805, 52.486597172180858 ], [ 16.992836501337603, 52.486603322649209 ], [ 16.992506417391457, 52.486614145452208 ], [ 16.992459369316844, 52.486613346889847 ], [ 16.992144409682904, 52.486587469368082 ], [ 16.991872768174851, 52.48649662688198 ], [ 16.991665169875649, 52.486328852963645 ], [ 16.991570896744889, 52.486183534237163 ], [ 16.991520502816087, 52.485960942279569 ], [ 16.99144285137475, 52.485746099850701 ], [ 16.991304711810105, 52.485530230075867 ], [ 16.991133903775385, 52.485293274121986 ], [ 16.990967013399139, 52.485117977850955 ], [ 16.990830549526574, 52.485013004067333 ], [ 16.990632289088961, 52.484935723848857 ], [ 16.990487796373657, 52.484859356844403 ], [ 16.990494342998037, 52.484715750115164 ], [ 16.990661990353221, 52.484726810856422 ], [ 16.990890873583339, 52.484722486686351 ], [ 16.990987594726697, 52.484518818299016 ], [ 16.990908814849831, 52.484476417819607 ], [ 16.9906216898972, 52.484430477806569 ], [ 16.990234314694586, 52.484370514926994 ], [ 16.990123227382348, 52.484446645529587 ], [ 16.990029308757059, 52.484588767448479 ], [ 16.989950140902263, 52.484702396390489 ], [ 16.98984764417915, 52.484737610458296 ], [ 16.989732079804504, 52.484764389873497 ], [ 16.989605131981161, 52.484745807173596 ], [ 16.989501715312716, 52.48465371223557 ], [ 16.989501731415618, 52.484505888294699 ], [ 16.98956148616379, 52.484375504740754 ], [ 16.989741637995767, 52.48440731049466 ], [ 16.989837413224979, 52.484371982282973 ], [ 16.989815207680486, 52.48426894917035 ], [ 16.989718325316677, 52.484181071697591 ], [ 16.989567303022088, 52.484100486318468 ], [ 16.989367551750888, 52.484056028411317 ], [ 16.989159871608873, 52.484227130000598 ], [ 16.98912038033107, 52.484164403189936 ], [ 16.989006127969361, 52.484069377523248 ], [ 16.988823221680502, 52.483993869448859 ], [ 16.988622680872506, 52.483933575034307 ], [ 16.988370413978853, 52.48389308562998 ], [ 16.988084999469269, 52.483836517966516 ], [ 16.987824741496922, 52.483785548887262 ], [ 16.987580704208384, 52.483750369080738 ], [ 16.987271551593473, 52.483657196540541 ], [ 16.987226902735642, 52.483521983326391 ], [ 16.987182726015583, 52.483376435558114 ], [ 16.987274677768923, 52.483217690621267 ], [ 16.987514022432372, 52.483170050695499 ], [ 16.987388510449112, 52.482950720999526 ], [ 16.987293315627642, 52.482809476355669 ], [ 16.987218587645057, 52.482591010678185 ], [ 16.987294082141375, 52.482421643071213 ], [ 16.98753271477646, 52.482389504868067 ], [ 16.987898065407776, 52.482364693366392 ], [ 16.988264830467209, 52.482308877094425 ], [ 16.988633716444777, 52.482206554207835 ], [ 16.989193298672223, 52.481823051947195 ], [ 16.989375981530255, 52.48171756081765 ], [ 16.989674795903451, 52.481665756290148 ], [ 16.990007227922316, 52.481619693634045 ], [ 16.990348358295496, 52.481568606569375 ], [ 16.99055501457357, 52.481494548694982 ], [ 16.990753206716739, 52.481420346668166 ], [ 16.990928362707638, 52.481294040168308 ], [ 16.991146070148254, 52.481163284897022 ], [ 16.9913621283041, 52.481068700196175 ], [ 16.991620737763423, 52.480969666417195 ], [ 16.991845021942289, 52.480880391816946 ], [ 16.992085290521967, 52.480812073302019 ], [ 16.992263491256725, 52.480804756028959 ], [ 16.992490354315912, 52.480844806035265 ], [ 16.992549362448958, 52.480850978917211 ], [ 16.992586274510458, 52.480784378786453 ], [ 16.992523508912207, 52.480674716512027 ], [ 16.992387868244805, 52.480491419215348 ], [ 16.992300184397813, 52.480370991253992 ], [ 16.992273155519662, 52.480220565230915 ], [ 16.992198633760093, 52.480183101140852 ], [ 16.992027486694941, 52.480221565752579 ], [ 16.991895125106609, 52.480338257911981 ], [ 16.991797792739487, 52.48042968831939 ], [ 16.991680248616142, 52.480407007217998 ], [ 16.991522506985131, 52.480337101809319 ], [ 16.99130387526138, 52.480302361005009 ], [ 16.990956882677313, 52.480296467063461 ], [ 16.990651499847321, 52.480306792903335 ], [ 16.990351047026863, 52.480394770982393 ], [ 16.99011500116357, 52.480556240848522 ], [ 16.989913513582518, 52.480702783758474 ], [ 16.989755519389799, 52.480824209191937 ], [ 16.989669001126039, 52.48086410885076 ], [ 16.98962151993992, 52.480790903779031 ], [ 16.989535021324169, 52.480644637450304 ], [ 16.989398214999333, 52.480487173241443 ], [ 16.989347309583664, 52.480223819513157 ], [ 16.989074067917876, 52.480296427491794 ], [ 16.988814508597986, 52.48028591100924 ], [ 16.988774532599788, 52.480373143039181 ], [ 16.988650861031321, 52.48048480812087 ], [ 16.988517782526291, 52.480616998224065 ], [ 16.988502246463717, 52.480771872534497 ], [ 16.988597440960682, 52.480913116245901 ], [ 16.988724839364092, 52.481091106528929 ], [ 16.988853417398097, 52.481243260301461 ], [ 16.988990695450767, 52.48139039057353 ], [ 16.989010428794057, 52.481514836925165 ], [ 16.98891919412981, 52.481658081526412 ], [ 16.988741437835497, 52.48184122499439 ], [ 16.98855757414492, 52.481972551492049 ], [ 16.988248406488434, 52.482065547381183 ], [ 16.987958758886297, 52.482101990426287 ], [ 16.98757624745285, 52.482131681386086 ], [ 16.987271323174191, 52.482131663817746 ], [ 16.986890462807079, 52.48212518166585 ], [ 16.986613053242365, 52.482079089166128 ], [ 16.986448030437881, 52.48198319660824 ], [ 16.986353548719801, 52.481826449435033 ], [ 16.986310792589684, 52.481649897743537 ], [ 16.986300946421608, 52.481494591518718 ], [ 16.986318142680854, 52.481303546722422 ], [ 16.986360964877992, 52.481107766943296 ], [ 16.986332539820541, 52.480988343387629 ], [ 16.986076785576056, 52.480839192541033 ], [ 16.985851109060643, 52.480773293957533 ], [ 16.985575125735068, 52.480696195511648 ], [ 16.985359094626169, 52.480604603826841 ], [ 16.985422351499867, 52.48051776947635 ], [ 16.985612556573937, 52.480433097400699 ], [ 16.985817326637438, 52.48040038594965 ], [ 16.98610361284733, 52.480373587132597 ], [ 16.986220159173413, 52.480371693197043 ], [ 16.98616194345669, 52.48015417178317 ], [ 16.986936039247983, 52.479827434269701 ], [ 16.987232717052546, 52.479611023223782 ], [ 16.987238825454202, 52.479477220810367 ], [ 16.986572024635933, 52.479486471728499 ], [ 16.985151565852245, 52.47963683551729 ], [ 16.985170179533618, 52.479763887143349 ], [ 16.983925754174468, 52.479861135867729 ], [ 16.984002889450089, 52.480263467128722 ], [ 16.983823670133095, 52.48028626072135 ], [ 16.983698849112905, 52.480237591151841 ], [ 16.983597763579592, 52.4802255251548 ], [ 16.983345049998221, 52.480195359786514 ], [ 16.983288880547377, 52.480127175225164 ], [ 16.983260937128382, 52.479997416484522 ], [ 16.983214649410467, 52.47989837265159 ], [ 16.983062786120449, 52.47988544027433 ], [ 16.98286789814119, 52.479887287760093 ], [ 16.982836361966228, 52.480021203424336 ], [ 16.982839151078036, 52.480145361955095 ], [ 16.982774944000216, 52.480252863912334 ], [ 16.982587571781693, 52.480275524299813 ], [ 16.982417835162394, 52.480282971377108 ], [ 16.981993256872887, 52.480306755256677 ], [ 16.981904367466615, 52.480398321723683 ], [ 16.981866257020382, 52.480490754635916 ], [ 16.981678646801608, 52.480518580821496 ], [ 16.981556666417998, 52.480407901968064 ], [ 16.981598562478371, 52.480232793103802 ], [ 16.981515876852647, 52.480003845118176 ], [ 16.981413609579835, 52.480017613532091 ], [ 16.981179189814714, 52.480142894493127 ], [ 16.980811961159731, 52.480209023403404 ], [ 16.98030322465835, 52.480221021757252 ], [ 16.979768388115954, 52.480248085964078 ], [ 16.979352260644998, 52.48039353009888 ], [ 16.979613909190963, 52.480413514067159 ], [ 16.979903264905598, 52.480446898947925 ], [ 16.980396439649045, 52.480589775305681 ], [ 16.980830848106226, 52.48072130370339 ], [ 16.981341428788987, 52.480854130656709 ], [ 16.981920428739414, 52.480972609010045 ], [ 16.982244638959809, 52.481148354696437 ], [ 16.9825698831479, 52.4810457479878 ], [ 16.98300936303453, 52.481027492628648 ], [ 16.983685087001696, 52.481008113276097 ], [ 16.984040747884194, 52.480978124562093 ], [ 16.984417780971523, 52.480992786662391 ], [ 16.984512295312442, 52.480996461955741 ] ], [ [ 16.989282666007568, 52.481168242339344 ], [ 16.989635255836944, 52.481031357403971 ], [ 16.990053577965135, 52.480889873399725 ], [ 16.990320941181558, 52.480774398624384 ], [ 16.990796680363758, 52.480605311892752 ], [ 16.991296573131784, 52.480522360821638 ], [ 16.991473506735197, 52.480542511253233 ], [ 16.991478697420071, 52.480634041874602 ], [ 16.991305913011782, 52.480728265012466 ], [ 16.991077787919508, 52.480804402426131 ], [ 16.990910972256149, 52.480973023389453 ], [ 16.990772215810619, 52.481142120814425 ], [ 16.990577857652035, 52.481298843094024 ], [ 16.990337771573859, 52.481431927427586 ], [ 16.990044166158718, 52.48150695019612 ], [ 16.98977004813656, 52.481565158007101 ], [ 16.989572060306568, 52.481596083554564 ], [ 16.989290671226154, 52.481608445419049 ], [ 16.989303433735845, 52.481328619775255 ], [ 16.989282666007568, 52.481168242339344 ] ], [ [ 16.985217741330846, 52.481066201305239 ], [ 16.985224787861426, 52.480912012038047 ], [ 16.985395237130728, 52.480869194354909 ], [ 16.985646344218914, 52.48090490487931 ], [ 16.985729089982275, 52.480937747559778 ], [ 16.985922381323135, 52.481009621329868 ], [ 16.986040454288627, 52.481088786667243 ], [ 16.986079023093961, 52.481166598081515 ], [ 16.986052900188717, 52.481226162413762 ], [ 16.985970786626545, 52.481281915693032 ], [ 16.985899069963956, 52.481314985339871 ], [ 16.985777343878244, 52.481315769874556 ], [ 16.985572088560954, 52.481300843691045 ], [ 16.985380884255562, 52.481183283633108 ], [ 16.985217741330846, 52.481066201305239 ] ], [ [ 16.996324862547503, 52.488399401699986 ], [ 16.995974414847645, 52.488413995518073 ], [ 16.9957617542618, 52.488357011229823 ], [ 16.995538823593179, 52.488230046731836 ], [ 16.995380122311669, 52.488169869971131 ], [ 16.995105104761148, 52.488152889831802 ], [ 16.994885351883049, 52.488103996172335 ], [ 16.994502605726556, 52.487941470481083 ], [ 16.994206866364316, 52.487788631514725 ], [ 16.993889657867562, 52.487664171213353 ], [ 16.993544445294219, 52.487563872325161 ], [ 16.993154240294661, 52.487417640550881 ], [ 16.992861867252184, 52.487338767307051 ], [ 16.992638763292842, 52.48721590051079 ], [ 16.99247073853541, 52.487065224601075 ], [ 16.99235013708639, 52.486907140983192 ], [ 16.992340432461646, 52.486824851753752 ], [ 16.992711218832188, 52.486806507736453 ], [ 16.993170127544751, 52.486773232907751 ], [ 16.993612978488393, 52.4867971710419 ], [ 16.994053775941747, 52.486866241148775 ], [ 16.994401411356041, 52.486913198767937 ], [ 16.994809538479732, 52.486961180926116 ], [ 16.995239323160035, 52.486976678981158 ], [ 16.995754427164513, 52.48689096572101 ], [ 16.995971557939484, 52.486849476484295 ], [ 16.996313599846072, 52.487019520361329 ], [ 16.997351506241969, 52.487566801380993 ], [ 16.997010405975178, 52.487671893365757 ], [ 16.9968177332027, 52.487767179641132 ], [ 16.996779464430247, 52.487869187034384 ], [ 16.996815503593439, 52.487964240508084 ], [ 16.996940234809394, 52.488179876449777 ], [ 16.996324862547503, 52.488399401699986 ] ], [ [ 16.996564273788863, 52.485722094189335 ], [ 16.996556724721039, 52.485962180352004 ], [ 16.99658137865698, 52.486159696650525 ], [ 16.996788054586158, 52.486200153297688 ], [ 16.996764919846516, 52.486487197030939 ], [ 16.996311711771952, 52.486543166574855 ], [ 16.995847954442873, 52.486609221190768 ], [ 16.995413601351967, 52.486694250362071 ], [ 16.995024614094845, 52.48674309097958 ], [ 16.994902699550199, 52.486761555362541 ], [ 16.994801788435975, 52.486761897702401 ], [ 16.994603325573049, 52.486540903008262 ], [ 16.994488598844001, 52.48640139921833 ], [ 16.994533966007761, 52.486291300429286 ], [ 16.99481111745709, 52.486187184561999 ], [ 16.995161078432336, 52.486035027567603 ], [ 16.995388096988961, 52.485849989203608 ], [ 16.995599059507118, 52.4857221654391 ], [ 16.995817863644223, 52.48564374886422 ], [ 16.996087543847217, 52.485629840353667 ], [ 16.996502471750699, 52.485601966845927 ], [ 16.996564273788863, 52.485722094189335 ] ], [ [ 16.997393133263007, 52.484633496576464 ], [ 16.997323747462776, 52.484512303650682 ], [ 16.997284500339937, 52.484345899856201 ], [ 16.997404015186333, 52.484187899464644 ], [ 16.997511580813118, 52.484086848099686 ], [ 16.997543534547585, 52.48400166192139 ], [ 16.997414651952734, 52.483953758581237 ], [ 16.997240815189958, 52.483865087851299 ], [ 16.997172468807399, 52.483721051826542 ], [ 16.997096585089455, 52.483536882086284 ], [ 16.997011866936017, 52.483341132378413 ], [ 16.997057326577412, 52.483164732695506 ], [ 16.997156055398364, 52.483052101702938 ], [ 16.997350412776981, 52.483101114034852 ], [ 16.997411739677815, 52.48319359479747 ], [ 16.997457486757202, 52.483422975249795 ], [ 16.99760274130815, 52.483522592060901 ], [ 16.997756572429541, 52.483639499320304 ], [ 16.997942633522506, 52.483871254866415 ], [ 16.998051269669041, 52.484158851035154 ], [ 16.998127677078912, 52.484331598684101 ], [ 16.998167186720231, 52.48449229147532 ], [ 16.998153942350701, 52.484577794479996 ], [ 16.998093667122266, 52.48466821658473 ], [ 16.997968948940674, 52.484734687258218 ], [ 16.99774029529798, 52.48482225889105 ], [ 16.997598423978953, 52.4848541479193 ], [ 16.997393133263007, 52.484633496576464 ] ] ] ] } },
{ "type": "Feature", "properties": { "id": null }, "geometry": { "type": "MultiPolygon", "coordinates": [ [ [ [ 16.980811112848045, 52.472090076272409 ], [ 16.980874547249524, 52.472184242720807 ], [ 16.981016502347671, 52.472228036740447 ], [ 16.981217689226387, 52.472272841745742 ], [ 16.981384083825109, 52.47233773771071 ], [ 16.981566692750679, 52.472418424075258 ], [ 16.981640009883947, 52.472481730990552 ], [ 16.981627291283463, 52.472574597259445 ], [ 16.981570692327971, 52.472645321004322 ], [ 16.981408233130804, 52.472550173104821 ], [ 16.981288113636694, 52.472584321766682 ], [ 16.981155983975711, 52.472695834733834 ], [ 16.980993736964976, 52.472910259314617 ], [ 16.980916579563477, 52.473115793880403 ], [ 16.980908299085471, 52.473296647894813 ], [ 16.980906824274523, 52.473513817176851 ], [ 16.980861383649525, 52.473766434874477 ], [ 16.980766826878064, 52.473982014850847 ], [ 16.980482734774508, 52.474452923050038 ], [ 16.980854244219579, 52.474847113855112 ], [ 16.981037263653977, 52.474364136724198 ], [ 16.981113949697495, 52.474168936651672 ], [ 16.981164066323824, 52.47399913944141 ], [ 16.981232052640863, 52.473808962071303 ], [ 16.981313231081405, 52.473515583925099 ], [ 16.981321273426513, 52.473339897131062 ], [ 16.981328842616687, 52.473174544848739 ], [ 16.981362743209008, 52.472988956845498 ], [ 16.981429071348966, 52.472834950122994 ], [ 16.981537471116283, 52.47268683275378 ], [ 16.981700680046998, 52.472818841683939 ], [ 16.982111178225626, 52.472326272161212 ], [ 16.982201287617247, 52.472384462500294 ], [ 16.982015838086259, 52.472566707270325 ], [ 16.982266537164865, 52.472617337263777 ], [ 16.98244311234188, 52.472697115642816 ], [ 16.982574481467903, 52.472787268825556 ], [ 16.982774490718011, 52.472857907536849 ], [ 16.982918340695001, 52.472860361198116 ], [ 16.983106862770118, 52.472811863616421 ], [ 16.983304791388896, 52.47274284096779 ], [ 16.983426800102006, 52.472667352118854 ], [ 16.983496856718208, 52.472616833765976 ], [ 16.983501582251073, 52.47251348843907 ], [ 16.983430388915465, 52.472403677254647 ], [ 16.983385289764296, 52.47227879711339 ], [ 16.983476285786743, 52.472140723819329 ], [ 16.983669765476204, 52.471983712691234 ], [ 16.983725259977057, 52.471881232962858 ], [ 16.983643479222629, 52.471817783040571 ], [ 16.983375071937417, 52.471761493295936 ], [ 16.983156489375595, 52.471726737874803 ], [ 16.983091160167621, 52.471673910728001 ], [ 16.983062040420574, 52.471569988154656 ], [ 16.982859909399696, 52.471545855356489 ], [ 16.982697958884195, 52.471568949309422 ], [ 16.982485948254698, 52.471575675119169 ], [ 16.982369141850707, 52.471537483225582 ], [ 16.982389138036915, 52.471470597524977 ], [ 16.982486233041612, 52.471384341992149 ], [ 16.982661608105207, 52.471252880106455 ], [ 16.982809707068668, 52.47116232307679 ], [ 16.983028568941471, 52.471005745947529 ], [ 16.983016608837637, 52.470896944722796 ], [ 16.982775955556974, 52.470789413961633 ], [ 16.982496966895628, 52.470779483342199 ], [ 16.982182714447532, 52.470799978147419 ], [ 16.981859291000866, 52.470835829503095 ], [ 16.981769053506458, 52.470772233920592 ], [ 16.981755256229238, 52.470518604838702 ], [ 16.981786551645389, 52.470389856487145 ], [ 16.981924820138829, 52.470143993840395 ], [ 16.982093149124637, 52.469981384762406 ], [ 16.982294375991366, 52.469840021959122 ], [ 16.982563290810631, 52.469699813594382 ], [ 16.982958884575623, 52.469566936712901 ], [ 16.983297138408005, 52.469391710287624 ], [ 16.983378722378582, 52.469274161728329 ], [ 16.983281914917882, 52.469169084855935 ], [ 16.983100261250989, 52.469067732129652 ], [ 16.982941628358549, 52.46901848476675 ], [ 16.982624127301207, 52.468925156678857 ], [ 16.982525195168833, 52.468866584607369 ], [ 16.982539565097426, 52.468737547290672 ], [ 16.982612216172821, 52.468630189442578 ], [ 16.982844619180277, 52.468460642364938 ], [ 16.982655252346426, 52.468179530773021 ], [ 16.982102058116169, 52.468306035901058 ], [ 16.981691679518001, 52.468392115839301 ], [ 16.98142442546359, 52.468496151460478 ], [ 16.981316745496549, 52.468628767136565 ], [ 16.981199421336935, 52.468787074574479 ], [ 16.98090707092377, 52.46896835329558 ], [ 16.980966655077321, 52.469324738440221 ], [ 16.980824943638822, 52.469341150083345 ], [ 16.980870114810589, 52.469691601093118 ], [ 16.981098565767503, 52.46969550151703 ], [ 16.981084427775674, 52.469819371332122 ], [ 16.981345778095392, 52.469844518139105 ], [ 16.981495477929421, 52.469903957749359 ], [ 16.981438561910419, 52.470037440008639 ], [ 16.981354369756605, 52.470211827026461 ], [ 16.981431414269956, 52.470378623719711 ], [ 16.981495741141952, 52.470638286650455 ], [ 16.981495925142998, 52.470819285231549 ], [ 16.981424870333864, 52.471076637296179 ], [ 16.98163002066406, 52.471219763953862 ], [ 16.981838955694357, 52.471280214071363 ], [ 16.982037065461938, 52.471392192064904 ], [ 16.982012576393895, 52.4715572556903 ], [ 16.982039092812816, 52.471718018384514 ], [ 16.982253655327572, 52.47184061933396 ], [ 16.982512890854881, 52.471912269050364 ], [ 16.982831594754153, 52.47197976128318 ], [ 16.982980594813412, 52.472054700880861 ], [ 16.983076698730169, 52.472175279804212 ], [ 16.983121324269007, 52.472310494586083 ], [ 16.983039261122467, 52.47243837737733 ], [ 16.982790374170946, 52.472325535003364 ], [ 16.982233372806064, 52.472098838103285 ], [ 16.981861349406646, 52.471901151917322 ], [ 16.981694955717387, 52.471836256628933 ], [ 16.981463471731253, 52.471713365823284 ], [ 16.981367609751441, 52.471587618374201 ], [ 16.981452277639903, 52.471402896889487 ], [ 16.98118174695724, 52.471393107561504 ], [ 16.980835536339278, 52.471371682856031 ], [ 16.980672402491866, 52.47142061032477 ], [ 16.980712997826608, 52.471643669339905 ], [ 16.980750281243214, 52.471939069951929 ], [ 16.980811112848045, 52.472090076272409 ] ] ] ] } },
{ "type": "Feature", "properties": { "id": null }, "geometry": { "type": "MultiPolygon", "coordinates": [ [ [ [ 16.982336862280416, 52.461113528903155 ], [ 16.982510636209629, 52.46064590516918 ], [ 16.982551230383471, 52.459943300230584 ], [ 16.982499387236285, 52.459595938192059 ], [ 16.981784372142201, 52.459495824116395 ], [ 16.98170671876268, 52.459478765818915 ], [ 16.981477097552865, 52.459453981035104 ], [ 16.981351431086882, 52.459891795728993 ], [ 16.980439722624851, 52.459834857224386 ], [ 16.98003785624762, 52.459814466745485 ], [ 16.980007022029699, 52.460006348021636 ], [ 16.979962474887142, 52.460153741178686 ], [ 16.979920568275183, 52.460243457024696 ], [ 16.979828566300057, 52.46032654476474 ], [ 16.979712066701676, 52.460463088123944 ], [ 16.979635361013081, 52.46055605746259 ], [ 16.97959992437524, 52.460642035583895 ], [ 16.979556541915798, 52.46069516856361 ], [ 16.979521897428469, 52.460763843476087 ], [ 16.979491104708547, 52.46081719155454 ], [ 16.979452608122369, 52.460901193265059 ], [ 16.97938087530094, 52.461023108617539 ], [ 16.979315172928068, 52.461150899220804 ], [ 16.979236263652343, 52.461291932649374 ], [ 16.979111615137096, 52.46146874184722 ], [ 16.978977522965415, 52.461645389508782 ], [ 16.97870211834244, 52.461881192080739 ], [ 16.978455062911898, 52.462048211802163 ], [ 16.978093723254268, 52.462234441804014 ], [ 16.977770328013015, 52.462417471478112 ], [ 16.977371538030976, 52.462664629400045 ], [ 16.976768887736192, 52.463029515158574 ], [ 16.976659195761876, 52.463154627566659 ], [ 16.976649637813608, 52.463225654990453 ], [ 16.976622207953504, 52.463274249679607 ], [ 16.976542590547563, 52.463293090137938 ], [ 16.976451396600794, 52.46328960551368 ], [ 16.976276938577573, 52.463381016477818 ], [ 16.976130675171287, 52.463616393384697 ], [ 16.976085693114737, 52.46385867497137 ], [ 16.976041658839115, 52.464080287526414 ], [ 16.975998098260302, 52.464291565553296 ], [ 16.975912710805147, 52.464491784997065 ], [ 16.975894055439227, 52.464713831896809 ], [ 16.975858403810211, 52.465121754918442 ], [ 16.975927594724318, 52.465459074230246 ], [ 16.97602256690104, 52.465972659173048 ], [ 16.976091975669053, 52.466386033252213 ], [ 16.976080628444503, 52.466770654937108 ], [ 16.976018681574146, 52.467296792427639 ], [ 16.975878718125877, 52.4682872216286 ], [ 16.975751630549894, 52.468996955455786 ], [ 16.97554427778185, 52.469876558042465 ], [ 16.975475196866469, 52.470077403663694 ], [ 16.975433182938854, 52.470169040157174 ], [ 16.975436779638319, 52.470273531875421 ], [ 16.975332550737932, 52.470490910303802 ], [ 16.975027942913695, 52.471039024185728 ], [ 16.974361217159849, 52.471911898506541 ], [ 16.973792851725914, 52.472486518874263 ], [ 16.972812754647595, 52.473359186297593 ], [ 16.972457561018221, 52.473901255232327 ], [ 16.972302595540683, 52.474508812046622 ], [ 16.972292194802527, 52.475103333526704 ], [ 16.972329094674375, 52.475590068620846 ], [ 16.972433840044161, 52.476258962426002 ], [ 16.972539629721911, 52.476721021914408 ], [ 16.97261623241387, 52.4772653217223 ], [ 16.972689420072388, 52.478068127880654 ], [ 16.972708981683354, 52.478932070229099 ], [ 16.972695529343778, 52.479142217745164 ], [ 16.972634893758894, 52.479364371236848 ], [ 16.972536825399875, 52.479578186673606 ], [ 16.972490783127789, 52.479825603260366 ], [ 16.972440741442007, 52.480022925262759 ], [ 16.972399723720031, 52.480366631778878 ], [ 16.972391201128694, 52.480620463779296 ], [ 16.972386799945959, 52.480853201587244 ], [ 16.972309958675201, 52.481290573609861 ], [ 16.972224391582536, 52.481506527175412 ], [ 16.972077047624492, 52.481763751098988 ], [ 16.971940051701939, 52.482138520943515 ], [ 16.971857983855195, 52.482346837940348 ], [ 16.97177786118916, 52.482512858560462 ], [ 16.971646645682771, 52.482693395490713 ], [ 16.971525318556946, 52.482864481495717 ], [ 16.971478381999241, 52.483131123054534 ], [ 16.971490833014716, 52.483750889099248 ], [ 16.971511846895627, 52.484390042704106 ], [ 16.971582310911106, 52.484981942452713 ], [ 16.971676255088546, 52.485337583493724 ], [ 16.971814024811888, 52.48569974820154 ], [ 16.971934705439708, 52.485953871472489 ], [ 16.972132085243871, 52.486253563405548 ], [ 16.972429095975972, 52.486579975968247 ], [ 16.972796899691772, 52.486874891871743 ], [ 16.973141723671208, 52.487121310921886 ], [ 16.973734435656631, 52.487460483385533 ], [ 16.97420639409615, 52.487684064250978 ], [ 16.974607952833338, 52.487862183963188 ], [ 16.9749683378671, 52.487976102911993 ], [ 16.975264941363616, 52.488106245564005 ], [ 16.975506769840216, 52.488262386929513 ], [ 16.975599408610378, 52.488340047029205 ], [ 16.975876791008684, 52.488297506681079 ], [ 16.975671909074837, 52.488073324407878 ], [ 16.975430457625812, 52.48789580346979 ], [ 16.975440103875492, 52.487685801107972 ], [ 16.975471692270549, 52.487560241323266 ], [ 16.975159913202706, 52.487602191838242 ], [ 16.974989596855373, 52.487562496628762 ], [ 16.97489121845231, 52.487455728477649 ], [ 16.974521338608383, 52.487076347435725 ], [ 16.974352317163312, 52.486821251729928 ], [ 16.974339545912613, 52.486537306804578 ], [ 16.974438730245915, 52.486439175891476 ], [ 16.974494672921747, 52.486345558554881 ], [ 16.974385768252244, 52.486280643179867 ], [ 16.97425130529049, 52.48621003576126 ], [ 16.974152207739383, 52.486119017190724 ], [ 16.974089199414543, 52.485991837386628 ], [ 16.973795882761525, 52.484883432832191 ], [ 16.973074900954543, 52.48296906145282 ], [ 16.973043491458135, 52.482716321889633 ], [ 16.973044880397179, 52.482311772822108 ], [ 16.973064583553562, 52.482070417607858 ], [ 16.973083894410522, 52.481650413073574 ], [ 16.973059636315689, 52.481429321185601 ], [ 16.973362291699569, 52.481397728508647 ], [ 16.97362146895469, 52.481375898510045 ], [ 16.973700066658299, 52.481350974192146 ], [ 16.973688660020819, 52.48122467811487 ], [ 16.973569722104767, 52.481191115101375 ], [ 16.973398707842119, 52.481167168001413 ], [ 16.973064071956138, 52.48114567072534 ], [ 16.972945376138721, 52.481106857033296 ], [ 16.972835945663039, 52.480679391632883 ], [ 16.972818448519181, 52.480311298077488 ], [ 16.972866361949951, 52.480017884412661 ], [ 16.97296803926514, 52.479678104463844 ], [ 16.973095269438144, 52.479344016558969 ], [ 16.973157239359644, 52.479119148206621 ], [ 16.973199115412491, 52.47895698580642 ], [ 16.973212058146864, 52.478862632090241 ], [ 16.973095274791586, 52.478819751518913 ], [ 16.973128264788414, 52.478654835350206 ], [ 16.973118703014826, 52.478494361203296 ], [ 16.973090404265605, 52.478188769541006 ], [ 16.973060056880932, 52.477743517649856 ], [ 16.972896863632489, 52.476871942099862 ], [ 16.972797246516585, 52.476275534948854 ], [ 16.972661678161646, 52.475171723752311 ], [ 16.97265401904049, 52.474969911666186 ], [ 16.972722756211425, 52.474764237915203 ], [ 16.972818452061105, 52.474708994012488 ], [ 16.972809694113472, 52.474346852711314 ], [ 16.973134337601344, 52.47428519030322 ], [ 16.973233594285311, 52.474152437564491 ], [ 16.973460103669549, 52.473830527267374 ], [ 16.97376893928686, 52.473375573267845 ], [ 16.974296907115608, 52.472758890605817 ], [ 16.974565308289215, 52.472815200891006 ], [ 16.974586348080315, 52.472541482210701 ], [ 16.974818534030618, 52.472095555319129 ], [ 16.974994251869273, 52.471772772312363 ], [ 16.975227062127313, 52.471497508311167 ], [ 16.975640405315676, 52.471163278788502 ], [ 16.975854625452563, 52.470923894462167 ], [ 16.976041562233942, 52.47072541322548 ], [ 16.976390758237173, 52.470312513691511 ], [ 16.976706030341326, 52.470085199629736 ], [ 16.977356093684449, 52.469574018558603 ], [ 16.977543728727056, 52.469360033028934 ], [ 16.97762414217221, 52.469183090932631 ], [ 16.977708578800875, 52.469124111630506 ], [ 16.977728772903035, 52.468918229629928 ], [ 16.977848214166638, 52.468471038043333 ], [ 16.978144912340596, 52.468145096637173 ], [ 16.978297763494691, 52.467873248784478 ], [ 16.978548163973326, 52.467582765189434 ], [ 16.978854060675857, 52.467189803553083 ], [ 16.9790094928812, 52.466939066210067 ], [ 16.979138831392607, 52.466703396651468 ], [ 16.979100316442128, 52.466619997591394 ], [ 16.978900104498297, 52.466554520197512 ], [ 16.978580498676404, 52.466507686791289 ], [ 16.978489327418892, 52.466464757823118 ], [ 16.978694984444836, 52.46641138900592 ], [ 16.979071034629069, 52.466335075471783 ], [ 16.979438859759288, 52.466253448904837 ], [ 16.979794199935444, 52.466259520063375 ], [ 16.98008889711166, 52.466295582113325 ], [ 16.980078128344676, 52.466160944290237 ], [ 16.97965019483873, 52.466076064179177 ], [ 16.97979786800969, 52.465809679340957 ], [ 16.98005422005971, 52.465203844773193 ], [ 16.980295453222539, 52.465215221023719 ], [ 16.980544219242752, 52.465233328241368 ], [ 16.980670387484455, 52.464533314786749 ], [ 16.980763396101729, 52.464263890793141 ], [ 16.980770157318769, 52.464116181379872 ], [ 16.980816328722081, 52.463841851285174 ], [ 16.980846622915003, 52.46362063126147 ], [ 16.980866391067867, 52.463514753011118 ], [ 16.980904512772995, 52.46331057155804 ], [ 16.980658764601426, 52.463280102336292 ], [ 16.980036516715302, 52.463186733598057 ], [ 16.979108769327507, 52.463108826108389 ], [ 16.978570415567344, 52.463032397275278 ], [ 16.97853308859435, 52.462923161729471 ], [ 16.978553623858613, 52.462659776133847 ], [ 16.978714723103764, 52.46228502461846 ], [ 16.979060476162005, 52.461898854008382 ], [ 16.980919835771321, 52.462108088518306 ], [ 16.981155761325411, 52.462132801960571 ], [ 16.981569813780713, 52.462150213011277 ], [ 16.982017380542022, 52.461620036266737 ], [ 16.982336862280416, 52.461113528903155 ] ], [ [ 16.976091683220968, 52.470040121772492 ], [ 16.97617068454608, 52.469950030995584 ], [ 16.976311032322862, 52.469746686452865 ], [ 16.976523566463761, 52.469601728730943 ], [ 16.976611917059525, 52.469511797641182 ], [ 16.976638478522982, 52.469340796797901 ], [ 16.976804517127935, 52.469189327848262 ], [ 16.976895747736915, 52.469036578873769 ], [ 16.977049290352564, 52.468953477932082 ], [ 16.97724461038143, 52.468979679774961 ], [ 16.977353677878845, 52.469050127460442 ], [ 16.977395456403013, 52.469159430400367 ], [ 16.977340583343977, 52.46933566232854 ], [ 16.977230913621508, 52.469482381054078 ], [ 16.97704407789475, 52.469679216238482 ], [ 16.976896216351058, 52.469842426847372 ], [ 16.976646801990238, 52.469975323864801 ], [ 16.976467035900395, 52.470017969342294 ], [ 16.976297668677095, 52.470037931796298 ], [ 16.976201799614788, 52.47008772774759 ], [ 16.976114495243415, 52.470154815734254 ], [ 16.976009798769251, 52.470193030100894 ], [ 16.9758310795835, 52.470212831829265 ], [ 16.975891903770769, 52.47011099974285 ], [ 16.976091683220968, 52.470040121772492 ] ] ] ] } },
{ "type": "Feature", "properties": { "id": null }, "geometry": { "type": "MultiPolygon", "coordinates": [ [ [ [ 16.972081691990116, 52.507021838779963 ], [ 16.972384496597243, 52.507109631885406 ], [ 16.97263202943801, 52.507025764899687 ], [ 16.972721040699255, 52.506856578265428 ], [ 16.972713135883904, 52.506636169146127 ], [ 16.972775346279633, 52.506461016327272 ], [ 16.972928998584344, 52.50625989621458 ], [ 16.973019779634914, 52.506052191790403 ], [ 16.972992318957562, 52.505864488634145 ], [ 16.972799757797869, 52.505734531549876 ], [ 16.972611529790285, 52.505706524987126 ], [ 16.97254977409343, 52.505479686040246 ], [ 16.972571201864479, 52.505210218001402 ], [ 16.972788885766722, 52.505186414429929 ], [ 16.972893901428311, 52.505061556656145 ], [ 16.973042737192497, 52.504964983862735 ], [ 16.973184327296725, 52.504829738843547 ], [ 16.973329207737468, 52.504622961077729 ], [ 16.973399670405023, 52.504464469824747 ], [ 16.973176770932596, 52.504405582491799 ], [ 16.973024237456393, 52.504386448384821 ], [ 16.973067142803679, 52.504238498804021 ], [ 16.973157159223749, 52.504047301673374 ], [ 16.973172252802861, 52.50391539605036 ], [ 16.973105432686115, 52.503798607430546 ], [ 16.973103251702106, 52.503649885287672 ], [ 16.973201777391935, 52.503469847605494 ], [ 16.973145493951979, 52.503320198466604 ], [ 16.972928677549834, 52.503129250584969 ], [ 16.972920518653137, 52.502914343850158 ], [ 16.972937736410344, 52.50254017347708 ], [ 16.973055151121606, 52.502145692641236 ], [ 16.973250266595038, 52.501631392411831 ], [ 16.973456576204789, 52.501265968451754 ], [ 16.973639534225825, 52.501015787864496 ], [ 16.973988995665849, 52.500873088964475 ], [ 16.974339547495905, 52.500804750121283 ], [ 16.974556115689566, 52.500706581932135 ], [ 16.974807104651735, 52.500644797151082 ], [ 16.975010696552786, 52.500436269088397 ], [ 16.97513288602569, 52.500231854113061 ], [ 16.975172662642048, 52.500053562552011 ], [ 16.975143931325853, 52.499893372239697 ], [ 16.97498382339186, 52.499840881395222 ], [ 16.975079008565093, 52.499735315800834 ], [ 16.975253693248952, 52.499468470605528 ], [ 16.975427111488372, 52.499229137705861 ], [ 16.975723723186398, 52.498468762550907 ], [ 16.975764928606814, 52.498161084351523 ], [ 16.975566663041043, 52.497959444828481 ], [ 16.975498161498699, 52.497682930121179 ], [ 16.97556616223379, 52.497381217402705 ], [ 16.975721285923196, 52.49714707780484 ], [ 16.975965301325306, 52.496941993337209 ], [ 16.976079050725982, 52.496822789075537 ], [ 16.975838912888598, 52.496747090949547 ], [ 16.975551674965978, 52.496714640998363 ], [ 16.975396725048277, 52.496552290364782 ], [ 16.975387290270806, 52.496364896064804 ], [ 16.975331961487559, 52.495752688920049 ], [ 16.97519184330832, 52.495167948202621 ], [ 16.975180730327708, 52.495116812635949 ], [ 16.975169448436976, 52.494576948315895 ], [ 16.975238291491436, 52.494060482957259 ], [ 16.975356419462404, 52.493649491302101 ], [ 16.975347237959312, 52.493456594397806 ], [ 16.974921850576546, 52.493289613522769 ], [ 16.974658229592713, 52.493136414845488 ], [ 16.974301426024432, 52.493047701956066 ], [ 16.974106892207743, 52.492961767413156 ], [ 16.974022159938375, 52.492951907414621 ], [ 16.973992299982708, 52.493148073045404 ], [ 16.973873339509016, 52.49330915981497 ], [ 16.973749868956954, 52.49352638900065 ], [ 16.973658127824319, 52.493807656024906 ], [ 16.973540004231854, 52.494182750528111 ], [ 16.973495928385603, 52.494318604531607 ], [ 16.973476675510138, 52.494463061116818 ], [ 16.973381581676822, 52.49474859963442 ], [ 16.973183062590209, 52.495260849468835 ], [ 16.973119255120285, 52.495482948463497 ], [ 16.973095486131061, 52.496136725649116 ], [ 16.97307178395511, 52.496651970748935 ], [ 16.973036963823485, 52.496997706982349 ], [ 16.973017138249109, 52.49718881237775 ], [ 16.972939940575042, 52.497496302964265 ], [ 16.972949539910005, 52.497904370630344 ], [ 16.972970324700761, 52.49834341509159 ], [ 16.973025564590927, 52.498650289031758 ], [ 16.973108129543142, 52.498911453445352 ], [ 16.973064598384081, 52.499172381188956 ], [ 16.97296347790785, 52.499451562759447 ], [ 16.972935288483438, 52.4996531071452 ], [ 16.973026101155479, 52.499872083345878 ], [ 16.973094808285392, 52.500023338204201 ], [ 16.973079784933223, 52.500144297235408 ], [ 16.972968571994691, 52.500300165318883 ], [ 16.972690995841525, 52.500645589269404 ], [ 16.972571710015387, 52.500839800043948 ], [ 16.972368727283875, 52.501276933045332 ], [ 16.972118395994119, 52.501715178072367 ], [ 16.971750500073508, 52.502378447171701 ], [ 16.971495802842018, 52.502774286485639 ], [ 16.971339762420982, 52.502944776903902 ], [ 16.971210784150589, 52.50307532577628 ], [ 16.971122001904721, 52.503154614031352 ], [ 16.971053716268798, 52.503199620510429 ], [ 16.970973385355133, 52.503266547154283 ], [ 16.970894939405177, 52.503326771831041 ], [ 16.970787961507227, 52.503390355158928 ], [ 16.970706187431478, 52.503454370762505 ], [ 16.970633598967819, 52.503524316106166 ], [ 16.970520053433091, 52.503593558736554 ], [ 16.970377621272036, 52.503673850061297 ], [ 16.970238250540753, 52.503756117818199 ], [ 16.969968338955862, 52.503934272871916 ], [ 16.969696387076777, 52.504156645927651 ], [ 16.969473109122582, 52.504349068744126 ], [ 16.969281826725165, 52.504599762531548 ], [ 16.969168912511538, 52.504928764263965 ], [ 16.969155576131119, 52.505286412435325 ], [ 16.969173206480743, 52.505519527634569 ], [ 16.969236590293381, 52.505786137473088 ], [ 16.969318524482997, 52.506060761983314 ], [ 16.969634769622367, 52.506068483994312 ], [ 16.97039669880057, 52.506180682104066 ], [ 16.970846202686069, 52.506414173982257 ], [ 16.971158418338046, 52.506689364366494 ], [ 16.971247728510775, 52.50690566290772 ], [ 16.971366014420695, 52.507276649847057 ], [ 16.97143982532009, 52.507437613998071 ], [ 16.971544998533368, 52.507505499563749 ], [ 16.971663497828111, 52.507479997216997 ], [ 16.971705904234216, 52.507343053273388 ], [ 16.971736609550369, 52.507068237646656 ], [ 16.971779372754504, 52.50672754663411 ], [ 16.972081691990116, 52.507021838779963 ] ], [ [ 16.972282846714425, 52.505789000914085 ], [ 16.972282846714425, 52.505789000914085 ], [ 16.972282846714425, 52.505789000914085 ], [ 16.972282846714425, 52.505789000914085 ] ] ] ] } },
{ "type": "Feature", "properties": { "id": null }, "geometry": { "type": "MultiPolygon", "coordinates": [ [ [ [ 17.010357989906112, 52.510934697946716 ], [ 17.010526526879509, 52.511054513116427 ], [ 17.01095813229173, 52.511127673283262 ], [ 17.010357989906112, 52.510934697946716 ] ] ] ] } },
{ "type": "Feature", "properties": { "id": null }, "geometry": { "type": "MultiPolygon", "coordinates": [ [ [ [ 16.993018932695772, 52.508892984928316 ], [ 16.992418357222189, 52.509122829937681 ], [ 16.991918661170949, 52.509194360723669 ], [ 16.991253358154683, 52.509200211072219 ], [ 16.99075991220473, 52.509134679973677 ], [ 16.990483819127, 52.509027118050795 ], [ 16.990313231950228, 52.509045591654782 ], [ 16.990207763948749, 52.509082347677328 ], [ 16.990286292116057, 52.509141503415186 ], [ 16.990513622755504, 52.509203186804875 ], [ 16.990787300868128, 52.509238122811595 ], [ 16.991119598622792, 52.509274053629319 ], [ 16.991488848636966, 52.509291337014183 ], [ 16.991704912516315, 52.509303265403517 ], [ 16.991692506760693, 52.509377396903815 ], [ 16.991651414813433, 52.509486835755162 ], [ 16.991583769307649, 52.509584810143764 ], [ 16.99147880292994, 52.509610562169883 ], [ 16.991303069468898, 52.509604825002597 ], [ 16.991114561436405, 52.509582350178292 ], [ 16.99092817814066, 52.509612225954598 ], [ 16.990822207206151, 52.50965998763288 ], [ 16.990637957355073, 52.50964309119157 ], [ 16.990375544687272, 52.509657907640964 ], [ 16.990239504541229, 52.509771239880479 ], [ 16.990224082880243, 52.509911401884295 ], [ 16.990324530967165, 52.509984697025601 ], [ 16.990564389454814, 52.510068620391117 ], [ 16.991512579006656, 52.510156311022811 ], [ 16.992026007576232, 52.510178793825681 ], [ 16.9923664540981, 52.510234133264021 ], [ 16.992457260883235, 52.510321029994515 ], [ 16.992497080661401, 52.51053647173589 ], [ 16.99249681855051, 52.510740219656746 ], [ 16.992479396962938, 52.510924402513879 ], [ 16.992430660531436, 52.511102547140375 ], [ 16.992510939801274, 52.511321428840631 ], [ 16.99261001537085, 52.511424986195799 ], [ 16.992810555487228, 52.511480703632159 ], [ 16.993050310424501, 52.511369127993156 ], [ 16.993157545303976, 52.511095606150505 ], [ 16.993236465118848, 52.510948260760209 ], [ 16.993311125793191, 52.510795336252428 ], [ 16.993345456553477, 52.510537098040182 ], [ 16.99355489339283, 52.510397473041728 ], [ 16.99368541509126, 52.510306070735268 ], [ 16.993807669691186, 52.510198007631416 ], [ 16.993853642255104, 52.510080390610398 ], [ 16.993804920385553, 52.509961167743661 ], [ 16.993851644655372, 52.50982704300791 ], [ 16.993961499985176, 52.509594866024585 ], [ 16.994088010471241, 52.509492381625812 ], [ 16.994357686786017, 52.509417105077688 ], [ 16.994618343821287, 52.50934167502912 ], [ 16.994813491455716, 52.509317448835652 ], [ 16.995080159549079, 52.509308201500318 ], [ 16.9953051177955, 52.509323027452048 ], [ 16.99545609729206, 52.509337313349867 ], [ 16.995446782004642, 52.509383249583294 ], [ 16.995448536237692, 52.509443854319365 ], [ 16.995512918447226, 52.509516533879065 ], [ 16.995672119562492, 52.509588066514169 ], [ 16.995828564816073, 52.509621004511793 ], [ 16.996026594822233, 52.509632619464909 ], [ 16.996646989954709, 52.509684428247851 ], [ 16.99663609421404, 52.509725544869113 ], [ 16.996787155470173, 52.5097776642762 ], [ 16.997015249586841, 52.509822827549229 ], [ 16.997231317836988, 52.509834745884561 ], [ 16.997564171556981, 52.509867577367046 ], [ 16.997465765738937, 52.5098041090883 ], [ 16.997627413473957, 52.509590536297722 ], [ 16.998279657952391, 52.509354364235598 ], [ 16.999011562714649, 52.50922254030899 ], [ 16.999738788627862, 52.509193637010988 ], [ 17.000716708574732, 52.509220468366621 ], [ 17.001405992479373, 52.509283617387787 ], [ 17.002176354316433, 52.50942023456119 ], [ 17.002698355198746, 52.509449649618695 ], [ 17.003491192151653, 52.509463032613453 ], [ 17.004152810067598, 52.509391793241313 ], [ 17.004477981963117, 52.509294274587567 ], [ 17.004969042919551, 52.509261355222783 ], [ 17.005589460549821, 52.509354219668886 ], [ 17.006193477934097, 52.509436504023732 ], [ 17.006682210182344, 52.509455040358205 ], [ 17.009410567802114, 52.510345613819773 ], [ 17.009914578809926, 52.510590048132308 ], [ 17.009923610882723, 52.510390171143307 ], [ 17.010257468257986, 52.510464368151219 ], [ 17.011180891036204, 52.510965680130269 ], [ 17.011176506722109, 52.511062763304757 ], [ 17.011099563677664, 52.511107190655395 ], [ 17.01095813229173, 52.511127673283262 ], [ 17.011355132307493, 52.51139805753801 ], [ 17.011700102005246, 52.511609863893632 ], [ 17.012356311449032, 52.512032906800542 ], [ 17.012714445134332, 52.51232733446497 ], [ 17.01319299675956, 52.512572281367035 ], [ 17.013882352820715, 52.512635358352668 ], [ 17.014555768843859, 52.512677563004473 ], [ 17.016565362701989, 52.513040884270502 ], [ 17.017231836319063, 52.513237463073537 ], [ 17.017544961299432, 52.513407516758818 ], [ 17.018119175429369, 52.513677828838908 ], [ 17.018357498719929, 52.513797463728302 ], [ 17.018403195995806, 52.513985460204267 ], [ 17.018356717680614, 52.514215967111021 ], [ 17.018994734320302, 52.514479964735038 ], [ 17.018995213202476, 52.514669957166575 ], [ 17.01900959285366, 52.514851922161888 ], [ 17.019113496425103, 52.514950030816692 ], [ 17.01923038062607, 52.51496024800003 ], [ 17.019336334326418, 52.514912460736987 ], [ 17.019365318777211, 52.514769769335011 ], [ 17.019413263181587, 52.514707243849493 ], [ 17.019606071041384, 52.514735252060859 ], [ 17.020028316965831, 52.514879989271371 ], [ 17.021251332908012, 52.515283173111797 ], [ 17.021606930319333, 52.515404762696249 ], [ 17.021622309880531, 52.515564716832749 ], [ 17.02170842857517, 52.515657018951124 ], [ 17.021967036816783, 52.515727424461375 ], [ 17.022163001337159, 52.515785768584124 ], [ 17.022121607674393, 52.515903472578636 ], [ 17.021940034717609, 52.516027093111688 ], [ 17.02164453527433, 52.516275464550702 ], [ 17.022705429505638, 52.516571292816167 ], [ 17.022848575337235, 52.516499343444522 ], [ 17.022986222416868, 52.516449329173689 ], [ 17.023130628674163, 52.516437641844028 ], [ 17.023236399423574, 52.516376556468295 ], [ 17.023842857892767, 52.516407288606473 ], [ 17.024317114221589, 52.516374007786851 ], [ 17.024761320285482, 52.516257820387125 ], [ 17.024969320864816, 52.516137688408598 ], [ 17.025093885565063, 52.51599556258067 ], [ 17.025283627628863, 52.515906026390716 ], [ 17.025455574264821, 52.515836793646066 ], [ 17.02546157455043, 52.51570298894638 ], [ 17.025332603271405, 52.515566931539176 ], [ 17.024978975067171, 52.515169614468242 ], [ 17.024800316529031, 52.515012126216412 ], [ 17.024809088809324, 52.514816565550056 ], [ 17.024843965745344, 52.514415433191296 ], [ 17.024842791895516, 52.514065200814549 ], [ 17.024768133152897, 52.513847646445818 ], [ 17.024521074279729, 52.513709616431022 ], [ 17.023745945354275, 52.513676070069899 ], [ 17.023224339984804, 52.513636454618613 ], [ 17.022637101720097, 52.513554538374493 ], [ 17.022010114240082, 52.513605859588004 ], [ 17.021331125916205, 52.51368720893425 ], [ 17.020774393696435, 52.513677896312139 ], [ 17.020209583395442, 52.513472738583012 ], [ 17.019510740228718, 52.513244733653572 ], [ 17.019252951411666, 52.513158014791465 ], [ 17.018833042405134, 52.513109782127962 ], [ 17.018559873642594, 52.513177309998063 ], [ 17.01834241047737, 52.513132466072896 ], [ 17.018233215860079, 52.513120336590909 ], [ 17.018067522660065, 52.513050608383956 ], [ 17.017704482115768, 52.512864269123767 ], [ 17.016885252716211, 52.512685733229638 ], [ 17.016003186552478, 52.512403133912834 ], [ 17.015568737549359, 52.51230314376938 ], [ 17.014988491456478, 52.512066800665821 ], [ 17.014640718029536, 52.511916759375893 ], [ 17.014257814913222, 52.511797028584112 ], [ 17.013698811801611, 52.511836673321831 ], [ 17.013824445001784, 52.511958799867806 ], [ 17.013837241351087, 52.512090462170583 ], [ 17.013636298041721, 52.512184245272664 ], [ 17.013209077371346, 52.512102774948787 ], [ 17.012950341609848, 52.512024133078498 ], [ 17.012735232426145, 52.511809060875684 ], [ 17.012667051926044, 52.511659322738268 ], [ 17.012940041063896, 52.511629617594231 ], [ 17.012787514817003, 52.511082213569566 ], [ 17.012558307973713, 52.510923857207217 ], [ 17.012223704853511, 52.510856433130492 ], [ 17.011823018884272, 52.51075699633396 ], [ 17.011277017046588, 52.510510909779924 ], [ 17.010913329140561, 52.510339988979943 ], [ 17.010863425339707, 52.510317136357052 ], [ 17.010516370586771, 52.510158207124974 ], [ 17.010088932421016, 52.509903808383612 ], [ 17.009630552106309, 52.509587085024314 ], [ 17.008812348227465, 52.509387908900599 ], [ 17.008396210995098, 52.509257299024732 ], [ 17.008096475892888, 52.509103654008278 ], [ 17.007726985126205, 52.50905653412859 ], [ 17.007399805793217, 52.509006969254237 ], [ 17.007346815886276, 52.508981296063496 ], [ 17.007094413807657, 52.508926363640988 ], [ 17.006743431697171, 52.508848347536087 ], [ 17.006502514272714, 52.50857647728283 ], [ 17.006331872967774, 52.508474089899927 ], [ 17.00618792920201, 52.50836428116898 ], [ 17.006104622531652, 52.508310562395167 ], [ 17.005946610605836, 52.508287248519984 ], [ 17.00567760743747, 52.508447918247406 ], [ 17.005213689304696, 52.508528205499076 ], [ 17.004606972914303, 52.508573041545596 ], [ 17.004192212782389, 52.508475720851123 ], [ 17.00417915328163, 52.508763912226833 ], [ 17.003967400598604, 52.508966347952324 ], [ 17.003421536837148, 52.509091042002296 ], [ 17.002520958978835, 52.509220045235139 ], [ 17.001945553016576, 52.509251529916192 ], [ 17.001259538480706, 52.509116336327011 ], [ 17.000555725058966, 52.509001438746644 ], [ 16.999849110842941, 52.50894829214181 ], [ 16.999036610568748, 52.508996354617395 ], [ 16.998681616207751, 52.509018042012876 ], [ 16.998376394427311, 52.509036687820362 ], [ 16.997312265205167, 52.509049579389036 ], [ 16.996623459647768, 52.508976114106211 ], [ 16.996454686852037, 52.508980001437912 ], [ 16.994444597760967, 52.50900099823015 ], [ 16.993842954051328, 52.508867191740805 ], [ 16.993681573260467, 52.508904519739538 ], [ 16.993550306901, 52.508913307083375 ], [ 16.993325100712596, 52.508903980389185 ], [ 16.993018932695772, 52.508892984928316 ] ], [ [ 17.00464773380164, 52.508786796562312 ], [ 17.00481072502166, 52.50870381882477 ], [ 17.005158317362021, 52.508681105037411 ], [ 17.005501771532977, 52.50874976234546 ], [ 17.005741755549408, 52.508828104670151 ], [ 17.005851224837333, 52.508892816297319 ], [ 17.005931064598851, 52.50899131909199 ], [ 17.005523125931024, 52.508898715427229 ], [ 17.005036691899601, 52.508884798308443 ], [ 17.00476681952879, 52.508845956286017 ], [ 17.00464773380164, 52.508786796562312 ] ] ] ] } },
{ "type": "Feature", "properties": { "id": null }, "geometry": { "type": "MultiPolygon", "coordinates": [ [ [ [ 17.019108291932159, 52.520821560376504 ], [ 17.022878647918311, 52.521495879041076 ], [ 17.024106636688209, 52.522094605441062 ], [ 17.024337235145822, 52.522186564778842 ], [ 17.025849474496635, 52.522487145830873 ], [ 17.026087450504203, 52.522012026250614 ], [ 17.024916371602178, 52.520747949735032 ], [ 17.024240258066595, 52.519519661515588 ], [ 17.02510857149257, 52.519280846515748 ], [ 17.024850657984711, 52.518791943961617 ], [ 17.024075768575152, 52.518960729102673 ], [ 17.022323696378098, 52.518375269340353 ], [ 17.021812869191933, 52.518493385499688 ], [ 17.021419068683006, 52.518216967781029 ], [ 17.021882948210624, 52.517536375876936 ], [ 17.01968529329708, 52.516624031489215 ], [ 17.019713179787889, 52.517208218215778 ], [ 17.019560690086195, 52.517387389865931 ], [ 17.019118422977023, 52.517787488392599 ], [ 17.01882616782413, 52.518063441192403 ], [ 17.018636104385656, 52.518275023230323 ], [ 17.019108291932159, 52.520821560376504 ] ] ] ] } },
{ "type": "Feature", "properties": { "id": null }, "geometry": { "type": "MultiPolygon", "coordinates": [ [ [ [ 17.039591381019967, 52.527886361005059 ], [ 17.039265318358613, 52.527623449975643 ], [ 17.039172315096646, 52.52743650279605 ], [ 17.0389246765079, 52.527308794711004 ], [ 17.038905599822499, 52.526978867864223 ], [ 17.039237706029638, 52.526726863451792 ], [ 17.039872197071347, 52.526510768839948 ], [ 17.040158168743709, 52.526536106586953 ], [ 17.040093333456724, 52.526854342958302 ], [ 17.040117460580657, 52.527071049567901 ], [ 17.040434896817288, 52.527148409444791 ], [ 17.04072499661579, 52.527081111180287 ], [ 17.041219969982578, 52.526584590116101 ], [ 17.041574431428391, 52.526209345353749 ], [ 17.041827633538162, 52.525832423786582 ], [ 17.041525247806803, 52.525796518030113 ], [ 17.040833276178994, 52.52616617463665 ], [ 17.040318757923533, 52.526343060108758 ], [ 17.040350297789281, 52.52601397183512 ], [ 17.040569758243688, 52.525636494046424 ], [ 17.0406505470607, 52.525339122244667 ], [ 17.040253329475426, 52.525157438101338 ], [ 17.039594277566909, 52.525167121015308 ], [ 17.03923806316212, 52.525202419834798 ], [ 17.039007770546732, 52.525064698910427 ], [ 17.038829048296972, 52.525181047878505 ], [ 17.038557657048425, 52.525193069534858 ], [ 17.037877613277171, 52.526068384071095 ], [ 17.037723896641335, 52.526068297111998 ], [ 17.037649052166316, 52.526231861235061 ], [ 17.037228431188307, 52.526575095986026 ], [ 17.036961063938289, 52.526889970933269 ], [ 17.03672147630428, 52.527339210604062 ], [ 17.036077313408054, 52.527771435018963 ], [ 17.035447380217459, 52.527884581780015 ], [ 17.034909178230844, 52.527834443279247 ], [ 17.034258820199565, 52.527648534666355 ], [ 17.033584233955647, 52.527627025246133 ], [ 17.033093905977939, 52.527639476111254 ], [ 17.032766044209581, 52.527417718340011 ], [ 17.032507530018535, 52.527155911405309 ], [ 17.032177834082113, 52.526975322821144 ], [ 17.031757778290849, 52.526927134711755 ], [ 17.031438598487476, 52.527112346161324 ], [ 17.031275621683591, 52.527324398722982 ], [ 17.031118219383995, 52.527613638651758 ], [ 17.030824987026296, 52.527911631462295 ], [ 17.030278697334282, 52.528618419207149 ], [ 17.030342168928023, 52.529015963455599 ], [ 17.030477911694472, 52.529210960035385 ], [ 17.030895820677944, 52.529355584741474 ], [ 17.031293717813746, 52.529543929163637 ], [ 17.031650605167911, 52.529841725446509 ], [ 17.031903816672276, 52.530236918092314 ], [ 17.031994127652307, 52.530640414422948 ], [ 17.03232314101713, 52.531158015711569 ], [ 17.032529607580472, 52.531387226439229 ], [ 17.032607108880569, 52.531395742693995 ], [ 17.032652860246326, 52.531407516919678 ], [ 17.032683672353027, 52.531425237861832 ], [ 17.032718114140973, 52.531437512373302 ], [ 17.032746578272366, 52.531457259299984 ], [ 17.032794314932655, 52.531461071670705 ], [ 17.032848774312495, 52.530998461899195 ], [ 17.032720046893321, 52.530862022613107 ], [ 17.032542700420187, 52.530674049984057 ], [ 17.032365001291414, 52.530485701716039 ], [ 17.032061363684484, 52.530099539592115 ], [ 17.032313749609891, 52.529743225009966 ], [ 17.033035461986412, 52.529466815027661 ], [ 17.033612493975809, 52.52940430350445 ], [ 17.034183087933975, 52.529485886941075 ], [ 17.034785139823349, 52.529619491767363 ], [ 17.035167794770441, 52.529749450540756 ], [ 17.035675022884416, 52.52973727148612 ], [ 17.035778920877913, 52.530058306616311 ], [ 17.036301192497088, 52.53008757590905 ], [ 17.036862728727698, 52.529993890348756 ], [ 17.037029313414902, 52.529667043402867 ], [ 17.03692586622568, 52.529335716554193 ], [ 17.037255247614631, 52.529145474390717 ], [ 17.038002413927821, 52.5290548625523 ], [ 17.038521560465384, 52.528775060359358 ], [ 17.038874593896921, 52.528811813110323 ], [ 17.039368602140261, 52.528716996543523 ], [ 17.039591381019967, 52.527886361005059 ] ], [ [ 17.039581467725164, 52.525656174685679 ], [ 17.039511401072346, 52.525902221782914 ], [ 17.039573860510473, 52.526016560346612 ], [ 17.039515576514848, 52.526092847149428 ], [ 17.039363008267721, 52.526105769625104 ], [ 17.039258681924863, 52.526078290008861 ], [ 17.03921275490255, 52.525971950497876 ], [ 17.039243455718058, 52.525851430326199 ], [ 17.03918500939556, 52.525647030150147 ], [ 17.039290273846952, 52.525558646615501 ], [ 17.039492091097912, 52.52557744128891 ], [ 17.039541342054495, 52.525609158343642 ], [ 17.039581467725164, 52.525656174685679 ] ], [ [ 17.03834416490545, 52.528038756045838 ], [ 17.038209873049766, 52.528083863711409 ], [ 17.037954300874794, 52.528145707282825 ], [ 17.037671169897401, 52.528218106797226 ], [ 17.037493854156537, 52.528347328402454 ], [ 17.037240921588786, 52.52855239018092 ], [ 17.036960673480575, 52.528762505024552 ], [ 17.036615652511991, 52.528855902322377 ], [ 17.036443486682362, 52.528869565709783 ], [ 17.036264016832906, 52.528844560252644 ], [ 17.036151758596578, 52.528325060916977 ], [ 17.036238608017531, 52.528199846672173 ], [ 17.036480802273662, 52.528033156191057 ], [ 17.037209770650076, 52.527681804136719 ], [ 17.038463337313338, 52.527917356077978 ], [ 17.038495744605129, 52.527987841221474 ], [ 17.03834416490545, 52.528038756045838 ] ] ] ] } },
{ "type": "Feature", "properties": { "id": null }, "geometry": { "type": "MultiPolygon", "coordinates": [ [ [ [ 17.030465344982275, 52.518797435663259 ], [ 17.031010835064667, 52.519114894817015 ], [ 17.032336869116811, 52.519742701197487 ], [ 17.032844656824782, 52.519894321300065 ], [ 17.033538689097465, 52.520120622958309 ], [ 17.034239046685251, 52.520407600124067 ], [ 17.034915900831518, 52.521019082471348 ], [ 17.035013591264942, 52.521257496300912 ], [ 17.035134728115654, 52.521375150357997 ], [ 17.035307601664506, 52.521344980485026 ], [ 17.035588855588827, 52.520909108517188 ], [ 17.03717539480709, 52.521568718426735 ], [ 17.037939000873237, 52.521652971970745 ], [ 17.038051318045877, 52.521968720513783 ], [ 17.038132143960198, 52.522166088139386 ], [ 17.038439546801424, 52.522088782197578 ], [ 17.039222084039537, 52.522338661036926 ], [ 17.039951798293863, 52.522258048724261 ], [ 17.041348442264617, 52.521230542915539 ], [ 17.041339353463414, 52.521055286695663 ], [ 17.041015547066362, 52.521122028167312 ], [ 17.040465967000362, 52.52132923449544 ], [ 17.03995975314978, 52.521320849564297 ], [ 17.039586696413885, 52.521355870226394 ], [ 17.039085984140293, 52.521223968607075 ], [ 17.038639105961032, 52.521020854881264 ], [ 17.037503627171528, 52.520734217196413 ], [ 17.037155072261253, 52.520409124458105 ], [ 17.037359492886043, 52.51999020141227 ], [ 17.03710237028611, 52.519697526159383 ], [ 17.036419293984309, 52.519490484923722 ], [ 17.03587166712088, 52.519275388022486 ], [ 17.035409328620634, 52.519041104082618 ], [ 17.035109291853161, 52.518953718774448 ], [ 17.035747822390391, 52.518645010587306 ], [ 17.036192481582187, 52.518518487508977 ], [ 17.036322526076471, 52.518252836847729 ], [ 17.036321261614749, 52.517902603908205 ], [ 17.036586282180842, 52.517639193139388 ], [ 17.037149952649614, 52.517494040791355 ], [ 17.037164635935376, 52.517164673150226 ], [ 17.036335258027105, 52.516831599539081 ], [ 17.036393330224954, 52.516286644628529 ], [ 17.036055434661474, 52.516291336410006 ], [ 17.035387789471194, 52.516496559103594 ], [ 17.034555094061137, 52.516616633414053 ], [ 17.033728829264668, 52.5165926037538 ], [ 17.032568346981989, 52.516490908422938 ], [ 17.032160024308244, 52.516529307042298 ], [ 17.03186511069762, 52.51666482434846 ], [ 17.031253106464501, 52.516829542063277 ], [ 17.030736359178256, 52.517057850328378 ], [ 17.030128338407241, 52.517439142139004 ], [ 17.029662483581649, 52.517776326643784 ], [ 17.029401295536619, 52.517964713980732 ], [ 17.029161101794848, 52.518087369080618 ], [ 17.028677849409277, 52.518194960522031 ], [ 17.028507448003211, 52.518170094024455 ], [ 17.027998709604976, 52.518040466310325 ], [ 17.027759104485373, 52.517948363819002 ], [ 17.027600507196819, 52.518284145915601 ], [ 17.027605391061314, 52.51855203682458 ], [ 17.027757842631289, 52.518729684454662 ], [ 17.028067451658732, 52.518791497161565 ], [ 17.028217231635256, 52.518840345106277 ], [ 17.028126414190364, 52.518983036606997 ], [ 17.028050163921453, 52.519177472650071 ], [ 17.027976817031348, 52.519495561389675 ], [ 17.027970736891955, 52.519540244529587 ], [ 17.028033336813749, 52.519553155430721 ], [ 17.028510760396735, 52.519638364546942 ], [ 17.028593422422468, 52.519866349886087 ], [ 17.028877680450748, 52.519679614441593 ], [ 17.028964286362534, 52.519559908076666 ], [ 17.029232629171851, 52.51921194417605 ], [ 17.029516545902741, 52.51891930687993 ], [ 17.029568903355159, 52.518856546198165 ], [ 17.02969778614931, 52.518702053997458 ], [ 17.029812926662213, 52.518549781524243 ], [ 17.030176452803794, 52.518495259955337 ], [ 17.030318397106075, 52.518651813034076 ], [ 17.030465344982275, 52.518797435663259 ] ], [ [ 17.029076043140844, 52.518704012031023 ], [ 17.028566957173584, 52.51857192590451 ], [ 17.028650718608041, 52.51839821541342 ], [ 17.028752414788094, 52.518389609495955 ], [ 17.028879880563693, 52.518371132461226 ], [ 17.029077831333371, 52.518286877138856 ], [ 17.02926052135517, 52.518166316020363 ], [ 17.029426021395778, 52.518241175200281 ], [ 17.029565291913599, 52.518336198029886 ], [ 17.029196225206068, 52.518659662408957 ], [ 17.029076043140844, 52.518704012031023 ] ] ] ] } },
{ "type": "Feature", "properties": { "id": null }, "geometry": { "type": "MultiPolygon", "coordinates": [ [ [ [ 17.031246374491655, 52.526338199550523 ], [ 17.031492430909378, 52.52628722570072 ], [ 17.031634159668467, 52.526146407428534 ], [ 17.031655648781378, 52.526069670076836 ], [ 17.031523025835209, 52.526006889216639 ], [ 17.031399671348328, 52.525938755637377 ], [ 17.031398032606628, 52.525773525133879 ], [ 17.031301006373837, 52.525722349811339 ], [ 17.031091532949329, 52.525762918460707 ], [ 17.031049045313768, 52.525905387587372 ], [ 17.030921014685092, 52.525941804410856 ], [ 17.030727455225506, 52.525828447556535 ], [ 17.030633876493159, 52.52570023420602 ], [ 17.030790203282855, 52.525636754755887 ], [ 17.031080873454705, 52.525597537830414 ], [ 17.031215548378615, 52.525412548470321 ], [ 17.031067345771344, 52.525294440083222 ], [ 17.030799311931862, 52.525433155661581 ], [ 17.030627896535471, 52.525430302673257 ], [ 17.030417685240089, 52.525487378171434 ], [ 17.030354689559623, 52.525684573441922 ], [ 17.030282828397247, 52.526079865007787 ], [ 17.030322521002564, 52.52620167483051 ], [ 17.03046514972209, 52.526242596495848 ], [ 17.030844813497584, 52.526232395325096 ], [ 17.031246374491655, 52.526338199550523 ] ] ] ] } },
{ "type": "Feature", "properties": { "id": null }, "geometry": { "type": "MultiPolygon", "coordinates": [ [ [ [ 17.024250748783412, 52.531128131444511 ], [ 17.025844942203918, 52.530615075721641 ], [ 17.026499880363964, 52.530306607990717 ], [ 17.026618270932044, 52.530082804737589 ], [ 17.026528150066927, 52.529877551012966 ], [ 17.026274634149495, 52.529691598898786 ], [ 17.025865019807505, 52.529563616505833 ], [ 17.025387805268164, 52.529533626556223 ], [ 17.024908121921641, 52.529558661238163 ], [ 17.024512112208541, 52.529530023206846 ], [ 17.02415145255442, 52.529518494480008 ], [ 17.023644453691706, 52.529548574685499 ], [ 17.023561525406997, 52.529987731766596 ], [ 17.023582662778981, 52.530120247501003 ], [ 17.023726660174749, 52.530331910190966 ], [ 17.024130721693719, 52.530784707082766 ], [ 17.024250748783412, 52.531128131444511 ] ] ] ] } },
{ "type": "Feature", "properties": { "id": null }, "geometry": { "type": "MultiPolygon", "coordinates": [ [ [ [ 17.025691219757473, 52.531223762967315 ], [ 17.026149419526764, 52.531275461464993 ], [ 17.026398856413667, 52.531351210222915 ], [ 17.026604659357783, 52.531393190105454 ], [ 17.0267678146975, 52.531379390697396 ], [ 17.026915390987106, 52.531310263547581 ], [ 17.026947887784793, 52.531189656396684 ], [ 17.026835276268141, 52.531083149876196 ], [ 17.026583866075239, 52.531051423315844 ], [ 17.026257310838599, 52.531084524080853 ], [ 17.025993175662439, 52.531135185626006 ], [ 17.025909747049688, 52.531183354753729 ], [ 17.025691219757473, 52.531223762967315 ] ] ] ] } },
{ "type": "Feature", "properties": { "id": null }, "geometry": { "type": "MultiPolygon", "coordinates": [ [ [ [ 17.028334176726126, 52.545621896916323 ], [ 17.028960875313107, 52.545210023287858 ], [ 17.029175921282356, 52.544935496094801 ], [ 17.028953399849328, 52.544622780433428 ], [ 17.029031538018042, 52.544387174427456 ], [ 17.029313827332818, 52.543742955275931 ], [ 17.029502476560932, 52.543303182739564 ], [ 17.030483482955791, 52.543278312240851 ], [ 17.031421672709083, 52.543077615920041 ], [ 17.0321572703523, 52.542873543532259 ], [ 17.033547717189723, 52.542381640834265 ], [ 17.033778682049238, 52.542127970609549 ], [ 17.033115233450026, 52.542230248965474 ], [ 17.032376888609477, 52.542496083469835 ], [ 17.032064266904847, 52.542686591202077 ], [ 17.031222936098498, 52.542610795318687 ], [ 17.029876362354337, 52.542876794192139 ], [ 17.029118980524739, 52.542812681226138 ], [ 17.028838747120975, 52.542798500352099 ], [ 17.028859190290255, 52.542847674251888 ], [ 17.028906069014077, 52.543010904582665 ], [ 17.028914996822074, 52.543214803497996 ], [ 17.028834804138164, 52.543593434373015 ], [ 17.028719321155382, 52.544054078762528 ], [ 17.028617769666717, 52.544203823064436 ], [ 17.028379525104853, 52.544279702085333 ], [ 17.028319327747543, 52.544413614822616 ], [ 17.02843476254715, 52.544558713826163 ], [ 17.028587484754553, 52.54477877515135 ], [ 17.028619962375011, 52.544961039302208 ], [ 17.028533943942932, 52.545267984973293 ], [ 17.028334176726126, 52.545621896916323 ] ] ] ] } },
{ "type": "Feature", "properties": { "id": null }, "geometry": { "type": "MultiPolygon", "coordinates": [ [ [ [ 17.014318945678188, 52.557168272887161 ], [ 17.014431758212623, 52.557071043782592 ], [ 17.014421405442349, 52.556900160429613 ], [ 17.014254012858153, 52.556605493564106 ], [ 17.014317376987083, 52.556402806397529 ], [ 17.014314561753583, 52.556265090060151 ], [ 17.014274391660749, 52.556154280813104 ], [ 17.014181544635495, 52.556009547125406 ], [ 17.0140197855123, 52.555990312619059 ], [ 17.013688731218913, 52.555918675873258 ], [ 17.013591163193368, 52.555878491007867 ], [ 17.013475710104451, 52.555634255546806 ], [ 17.013514059437249, 52.555585338332854 ], [ 17.013752017762858, 52.555517744125474 ], [ 17.013751938630708, 52.555319499241669 ], [ 17.013582318938646, 52.555074354799885 ], [ 17.013346103158671, 52.555103430543475 ], [ 17.01304992468992, 52.555059911194697 ], [ 17.012740167766651, 52.554917041304449 ], [ 17.012826391843824, 52.554808353729605 ], [ 17.013041242184208, 52.554652264706768 ], [ 17.012866406691092, 52.554522673709613 ], [ 17.012750040971316, 52.554498692801353 ], [ 17.012465382201551, 52.554400297705946 ], [ 17.012354240630653, 52.554260762016696 ], [ 17.012156626874663, 52.554235415977317 ], [ 17.011972839260881, 52.554303916908268 ], [ 17.011819936848958, 52.554488578524719 ], [ 17.011711674263882, 52.554685003429796 ], [ 17.011496003502923, 52.554659352944277 ], [ 17.011255247683245, 52.554578416482876 ], [ 17.010973074086042, 52.554435801769571 ], [ 17.010998099052269, 52.554282032813937 ], [ 17.011121930085945, 52.554140937849155 ], [ 17.01149654279234, 52.554048110726818 ], [ 17.011815744256214, 52.553981885429152 ], [ 17.011910249916074, 52.553889857930727 ], [ 17.011742955457745, 52.553793432501237 ], [ 17.01141291690843, 52.553699779211151 ], [ 17.011001134177111, 52.553615764768239 ], [ 17.010689402557681, 52.553516910331169 ], [ 17.010450639202574, 52.553402761416208 ], [ 17.010112824013326, 52.553281439871604 ], [ 17.009830669599985, 52.553128012722503 ], [ 17.009562277063623, 52.552870187682593 ], [ 17.00957877672699, 52.552705262039602 ], [ 17.009632630810831, 52.552513430754829 ], [ 17.009634313349299, 52.552276667876505 ], [ 17.00971450109996, 52.552101799732419 ], [ 17.009769349960568, 52.551887958019414 ], [ 17.009919512321019, 52.551763827399498 ], [ 17.010205827663139, 52.551625465493423 ], [ 17.010364268089344, 52.551517993812475 ], [ 17.010613725342569, 52.551395531597088 ], [ 17.010929855090211, 52.551197094642205 ], [ 17.011259307836738, 52.551103509391915 ], [ 17.011624618409964, 52.551016032459145 ], [ 17.012015515995468, 52.550962024838981 ], [ 17.012356552198138, 52.55101180716246 ], [ 17.012590240156278, 52.551132347624545 ], [ 17.012860897137728, 52.551246054065693 ], [ 17.013034725318889, 52.551397655390581 ], [ 17.013209300523258, 52.551532748681687 ], [ 17.013492451155916, 52.551664157444499 ], [ 17.013835234303997, 52.551675417394073 ], [ 17.014141412038612, 52.551697075663526 ], [ 17.014171059883843, 52.551840749111605 ], [ 17.014104055761074, 52.55232422037615 ], [ 17.014178094942533, 52.552485158982471 ], [ 17.014290231948088, 52.552602682618748 ], [ 17.014471606947545, 52.552787448954319 ], [ 17.014682053239312, 52.552928648534817 ], [ 17.015159350151713, 52.55316243160258 ], [ 17.015670030704761, 52.553457346852028 ], [ 17.015702752531183, 52.553733233739869 ], [ 17.015839496550061, 52.553906236046416 ], [ 17.016093104636024, 52.554092210739313 ], [ 17.01616591261126, 52.554280661170921 ], [ 17.016184803024686, 52.554462701031824 ], [ 17.016278894824481, 52.554579920201896 ], [ 17.016628339455078, 52.554844594666484 ], [ 17.016831356787687, 52.55515086865978 ], [ 17.016900349313026, 52.555433162637556 ], [ 17.017152281003455, 52.555318902160032 ], [ 17.017495364626665, 52.555163299022738 ], [ 17.01843703501244, 52.554518322048246 ], [ 17.01828271220543, 52.554420752833238 ], [ 17.01809635400955, 52.554346044348016 ], [ 17.01789749606262, 52.554348220903499 ], [ 17.017577556381468, 52.554430970486941 ], [ 17.017074578926653, 52.55456572029204 ], [ 17.016946359417478, 52.55440387583819 ], [ 17.016762889053627, 52.554064888959005 ], [ 17.016543559318961, 52.553719794030393 ], [ 17.016247296157562, 52.553478037683526 ], [ 17.015959636709052, 52.552845444447584 ], [ 17.016013214949975, 52.552659112595187 ], [ 17.015918134715882, 52.552563903639793 ], [ 17.015699740280471, 52.552598789521205 ], [ 17.015178723636467, 52.552733228744295 ], [ 17.014881565488874, 52.552711724504896 ], [ 17.014620682171781, 52.552487077670527 ], [ 17.014404855424445, 52.552064942542295 ], [ 17.014408499891893, 52.551784158531802 ], [ 17.015743352762627, 52.551432086234783 ], [ 17.015719410773734, 52.551161853227192 ], [ 17.016256971798001, 52.551060729649031 ], [ 17.016091077495169, 52.550733049567427 ], [ 17.014403862527494, 52.551486715257241 ], [ 17.014326345534219, 52.551402813166874 ], [ 17.014354089895992, 52.551188514699128 ], [ 17.014399887982535, 52.550974519119798 ], [ 17.014474008726317, 52.550733464849046 ], [ 17.014667962689575, 52.550439353156101 ], [ 17.015040960692918, 52.550181284883564 ], [ 17.015313169502885, 52.549954565868397 ], [ 17.015487322659602, 52.549698668177648 ], [ 17.015927309874819, 52.549557362596296 ], [ 17.016370024450133, 52.549355526659291 ], [ 17.01679353454124, 52.549379144749274 ], [ 17.017208514605016, 52.549391604872113 ], [ 17.017557730518444, 52.549259785983409 ], [ 17.017313170120417, 52.549073965725007 ], [ 17.016323715273341, 52.548980290203474 ], [ 17.016039828371873, 52.548865396067754 ], [ 17.015759170427756, 52.548678967376922 ], [ 17.015523895694983, 52.548487792246505 ], [ 17.015262375341702, 52.548477899880027 ], [ 17.014934937580861, 52.548527475758746 ], [ 17.014625219853222, 52.548384611046252 ], [ 17.01439947495453, 52.54818257995791 ], [ 17.014119822207402, 52.547974137060415 ], [ 17.013725394587851, 52.547906943234246 ], [ 17.013400196465003, 52.54790699149379 ], [ 17.013065723394508, 52.547912389911126 ], [ 17.012697133902911, 52.547873160307475 ], [ 17.012370370207428, 52.547707976256497 ], [ 17.012070439140725, 52.54754874878914 ], [ 17.011865250211656, 52.547291990285949 ], [ 17.011962653694976, 52.546935686290588 ], [ 17.011747944550368, 52.546689781155209 ], [ 17.011505980857297, 52.546647168318131 ], [ 17.010996288609473, 52.546732218145237 ], [ 17.010469288902616, 52.546800454498971 ], [ 17.009971108868903, 52.546830625712289 ], [ 17.009504052127518, 52.546971453842573 ], [ 17.009081376120179, 52.547129547110394 ], [ 17.008640146364513, 52.547298340237369 ], [ 17.008304736474159, 52.547523980471368 ], [ 17.008003185346233, 52.547799750684462 ], [ 17.00766048688396, 52.547986719003276 ], [ 17.007308011159942, 52.548190042045675 ], [ 17.007129528000398, 52.548341226362808 ], [ 17.00679764246431, 52.548610469468414 ], [ 17.006563000878415, 52.548882362687337 ], [ 17.006406400546918, 52.549347800817984 ], [ 17.00639542503437, 52.549589914105887 ], [ 17.006416565179649, 52.549920676809592 ], [ 17.006468777105638, 52.55016385447621 ], [ 17.006654396998034, 52.550453333406402 ], [ 17.006767803914052, 52.550741595812589 ], [ 17.00692909048356, 52.550970089903018 ], [ 17.007167083380082, 52.551100753473335 ], [ 17.007292962662859, 52.551113886607048 ], [ 17.007418541597534, 52.550934277439985 ], [ 17.006976371518508, 52.550524837354914 ], [ 17.007319092903579, 52.550337871317424 ], [ 17.007721010465893, 52.550240009238657 ], [ 17.008274388265704, 52.550188749106631 ], [ 17.008603838855326, 52.550095171214991 ], [ 17.008910193864903, 52.549913095465548 ], [ 17.009042488790978, 52.549584914697824 ], [ 17.009256080936176, 52.549456345216321 ], [ 17.009559999242299, 52.54952753843304 ], [ 17.009714510684219, 52.549706353785197 ], [ 17.009713078077223, 52.549937614181722 ], [ 17.00971289060022, 52.55014136164376 ], [ 17.00970118585316, 52.550399983140125 ], [ 17.009689979013569, 52.550647599454059 ], [ 17.00971587605525, 52.550873812658743 ], [ 17.009750551305128, 52.551105680243431 ], [ 17.009617199560168, 52.55125762723366 ], [ 17.009198776300924, 52.551520421305632 ], [ 17.00895908901656, 52.551626524614591 ], [ 17.008706137459448, 52.551826019402938 ], [ 17.008719457447235, 52.551930872201197 ], [ 17.008656074585467, 52.552133556323888 ], [ 17.008636332273362, 52.552370015355059 ], [ 17.008665464114351, 52.5525246951523 ], [ 17.008885166741099, 52.552660554162593 ], [ 17.009130458002105, 52.552829883834178 ], [ 17.009518755352307, 52.553232902606901 ], [ 17.00961737079556, 52.553449325191956 ], [ 17.009725512852313, 52.553654894347019 ], [ 17.009860489583438, 52.553866421402702 ], [ 17.010039609592887, 52.554100717600811 ], [ 17.010231494283097, 52.554252626569621 ], [ 17.010561036412959, 52.554357288330408 ], [ 17.010754666632472, 52.554470678384327 ], [ 17.010966851154748, 52.554573366401783 ], [ 17.011160234480172, 52.554692258393295 ], [ 17.011261598849284, 52.554848151227077 ], [ 17.011350202988499, 52.555086431076425 ], [ 17.011981227873463, 52.555317303032297 ], [ 17.012195409529024, 52.555375968196969 ], [ 17.012445952169369, 52.555429736834036 ], [ 17.012661378583338, 52.555460888218001 ], [ 17.012886081929043, 52.555486688198521 ], [ 17.013125608882994, 52.555584324561423 ], [ 17.01310083914526, 52.555732591409708 ], [ 17.012943881943173, 52.55580705105443 ], [ 17.012742530287976, 52.555864244783656 ], [ 17.012527672864621, 52.556020333165129 ], [ 17.012455024283408, 52.556228370288373 ], [ 17.012540081610606, 52.556345440725927 ], [ 17.01302916712941, 52.556518855633549 ], [ 17.01326091505619, 52.556588827244809 ], [ 17.013616820709977, 52.556710443122419 ], [ 17.013808231898128, 52.556873351646921 ], [ 17.014016209650052, 52.557069578417455 ], [ 17.014219386044903, 52.557172109265643 ], [ 17.014318945678188, 52.557168272887161 ] ], [ [ 17.010391057975653, 52.549586440602347 ], [ 17.009967100031702, 52.549425005242632 ], [ 17.009606395670872, 52.549316067894516 ], [ 17.009342734268863, 52.549134465764347 ], [ 17.009017894015088, 52.548854677439763 ], [ 17.008897342602175, 52.548618330988027 ], [ 17.008908977138407, 52.548361348105608 ], [ 17.009316128535914, 52.548065298246897 ], [ 17.009623652521384, 52.547899018319718 ], [ 17.010012900098523, 52.547791262637276 ], [ 17.010653008685352, 52.54773344352072 ], [ 17.011139099618916, 52.547764473941712 ], [ 17.0116723617089, 52.547996322653347 ], [ 17.012196777803776, 52.548216590175052 ], [ 17.012585067421199, 52.548337413068133 ], [ 17.013048560671269, 52.548453782244295 ], [ 17.01349203074248, 52.548598388866282 ], [ 17.013932924813144, 52.548800101330549 ], [ 17.014281689495203, 52.548965975868121 ], [ 17.014339788352483, 52.54913268787309 ], [ 17.014162911044973, 52.549312602426539 ], [ 17.013890803248263, 52.549525209036972 ], [ 17.013742285037367, 52.549699883821923 ], [ 17.013670517116182, 52.549835841096957 ], [ 17.013492086409205, 52.550050019045713 ], [ 17.013119499396169, 52.55020378653149 ], [ 17.012388513716761, 52.550197227142327 ], [ 17.011543228880043, 52.550023005617497 ], [ 17.011177608615053, 52.550022577003276 ], [ 17.010965754834171, 52.54993900552126 ], [ 17.010711452268307, 52.549757563815938 ], [ 17.010391057975653, 52.549586440602347 ] ] ] ] } },
{ "type": "Feature", "properties": { "id": null }, "geometry": { "type": "MultiPolygon", "coordinates": [ [ [ [ 17.040070775611085, 52.532701492385847 ], [ 17.040452208983673, 52.532652741999613 ], [ 17.04081853464054, 52.532537659117388 ], [ 17.041336334815249, 52.532265386468296 ], [ 17.041555588375108, 52.532208441155028 ], [ 17.042052395677565, 52.532001899085927 ], [ 17.042484811859694, 52.531821823542224 ], [ 17.042723752935061, 52.531585275990146 ], [ 17.042478437765169, 52.530085073550872 ], [ 17.042052259202212, 52.529975408682404 ], [ 17.041707921626923, 52.530002750969885 ], [ 17.041370157532821, 52.530085268693867 ], [ 17.040974865780797, 52.530040177489887 ], [ 17.040689074007926, 52.529969364361591 ], [ 17.040455907497702, 52.530136212880997 ], [ 17.040458272402397, 52.53048868488888 ], [ 17.040635994691112, 52.530755952536992 ], [ 17.040782526448329, 52.530912568207015 ], [ 17.041119768489541, 52.531044807200182 ], [ 17.0413953203145, 52.53114298353654 ], [ 17.04150502887958, 52.531315509040127 ], [ 17.041562558406511, 52.53144311673784 ], [ 17.041458895533751, 52.531540522672351 ], [ 17.041136716076508, 52.531678365362751 ], [ 17.040787954907941, 52.531804753539532 ], [ 17.040338220730419, 52.531968015833456 ], [ 17.039766033080479, 52.532244889931064 ], [ 17.039789380307205, 52.532531628326502 ], [ 17.040070775611085, 52.532701492385847 ] ], [ [ 17.040038775264115, 52.532582996470168 ], [ 17.039994308845841, 52.53253848355898 ], [ 17.040094452190875, 52.532470615118591 ], [ 17.040262336579236, 52.532398718369535 ], [ 17.040409695830839, 52.532313606074297 ], [ 17.040484062726534, 52.532255610755627 ], [ 17.040486010592996, 52.532211866639493 ], [ 17.040393869273892, 52.532194890259802 ], [ 17.040224058299369, 52.532215253665449 ], [ 17.040144575550865, 52.532198486744065 ], [ 17.040194657055498, 52.532116913638497 ], [ 17.040404047176885, 52.532061154610332 ], [ 17.040587661643301, 52.532015268717444 ], [ 17.040810720987292, 52.532031837585272 ], [ 17.040931252946873, 52.532075034494092 ], [ 17.040966020826225, 52.532147712371419 ], [ 17.040886747910097, 52.532221077245204 ], [ 17.040665137799984, 52.532361612445406 ], [ 17.040346477311097, 52.532500540013849 ], [ 17.040038775264115, 52.532582996470168 ] ] ] ] } },
{ "type": "Feature", "properties": { "id": null }, "geometry": { "type": "MultiPolygon", "coordinates": [ [ [ [ 17.036679333767296, 52.533019729826613 ], [ 17.037167827445895, 52.5330003001121 ], [ 17.037552456598103, 52.532880024125959 ], [ 17.037609654045806, 52.532407391037019 ], [ 17.037440174074359, 52.532360526099353 ], [ 17.037225332490117, 52.532318415251119 ], [ 17.036811978752525, 52.532273010651096 ], [ 17.036483763932374, 52.53214090917146 ], [ 17.036057705728751, 52.532177892582204 ], [ 17.036010315619873, 52.532430417223473 ], [ 17.036039714748917, 52.532783338144746 ], [ 17.036241359407224, 52.532918847122694 ], [ 17.036679333767296, 52.533019729826613 ] ] ] ] } },
{ "type": "Feature", "properties": { "id": null }, "geometry": { "type": "MultiPolygon", "coordinates": [ [ [ [ 16.994225926430101, 52.519914304142993 ], [ 16.99461105227396, 52.519981407566775 ], [ 16.995253516020906, 52.520146486253928 ], [ 16.995879195893913, 52.520283743059615 ], [ 16.996715609803196, 52.520352976361906 ], [ 16.99673890923431, 52.520237727875951 ], [ 16.996434712684419, 52.520177508757691 ], [ 16.995881197045865, 52.520041477317633 ], [ 16.9951392559555, 52.519880223202108 ], [ 16.99421966821636, 52.519655377893358 ], [ 16.993835799564085, 52.519560760423957 ], [ 16.993733565439644, 52.519625108585892 ], [ 16.993807477974954, 52.519786059483529 ], [ 16.994225926430101, 52.519914304142993 ] ] ] ] } },
{ "type": "Feature", "properties": { "id": null }, "geometry": { "type": "MultiPolygon", "coordinates": [ [ [ [ 16.987854952154862, 52.520362496595318 ], [ 16.988362549934269, 52.520340226970063 ], [ 16.988306319604714, 52.519958262142922 ], [ 16.987721443882972, 52.519958509287882 ], [ 16.987795623005788, 52.520171318124774 ], [ 16.987645400560066, 52.520199050602841 ], [ 16.987316635595715, 52.520281567310043 ], [ 16.987175540642326, 52.520405823773743 ], [ 16.98697593666725, 52.520526331178679 ], [ 16.98667473323502, 52.520598301428826 ], [ 16.986436905132219, 52.52076496542189 ], [ 16.986549643794518, 52.520866006782391 ], [ 16.98669873676663, 52.520863037136884 ], [ 16.987062709293529, 52.520800394992015 ], [ 16.987131334046449, 52.520977780677207 ], [ 16.987056256382985, 52.521138954452198 ], [ 16.987100083672114, 52.52126635689433 ], [ 16.98731708534072, 52.521259034974513 ], [ 16.987417463563474, 52.521136839139558 ], [ 16.987356743921033, 52.520885246082806 ], [ 16.987511891510817, 52.520651092102035 ], [ 16.987886326322261, 52.520491928386427 ], [ 16.987854952154862, 52.520362496595318 ] ] ] ] } },
{ "type": "Feature", "properties": { "id": null }, "geometry": { "type": "MultiPolygon", "coordinates": [ [ [ [ 16.988903254481976, 52.522899504026938 ], [ 16.989020306023217, 52.522708755101085 ], [ 16.988956684399191, 52.522520442042016 ], [ 16.988812879898873, 52.522308738710137 ], [ 16.988562052102235, 52.522265927011489 ], [ 16.988322980320465, 52.522360985033984 ], [ 16.988334735896306, 52.522498855278862 ], [ 16.988146519373522, 52.522666366207403 ], [ 16.988039021109721, 52.522648017790715 ], [ 16.987870421248044, 52.522386330300833 ], [ 16.987645433789616, 52.522173244829141 ], [ 16.987381813404497, 52.522212815265554 ], [ 16.987534128569745, 52.522435678783786 ], [ 16.987691693210479, 52.522741233597131 ], [ 16.987846493221038, 52.523107316114974 ], [ 16.987926644143613, 52.523328951766196 ], [ 16.988092984316591, 52.523640162012327 ], [ 16.988286674091302, 52.523748084913869 ], [ 16.988297235989194, 52.523516978317474 ], [ 16.988370191700465, 52.523303453004779 ], [ 16.988645353264555, 52.523209008393515 ], [ 16.988903254481976, 52.522899504026938 ] ] ] ] } },
{ "type": "Feature", "properties": { "id": null }, "geometry": { "type": "MultiPolygon", "coordinates": [ [ [ [ 16.9975979015692, 52.52824539680627 ], [ 16.997257810148689, 52.528179066000874 ], [ 16.997098915586058, 52.528099281170903 ], [ 16.996910701047113, 52.528068560985474 ], [ 16.996671614989285, 52.528163635655744 ], [ 16.996370875160249, 52.528224625017842 ], [ 16.996072389407821, 52.528236090567518 ], [ 16.995852347483453, 52.528309458919672 ], [ 16.995720773475842, 52.528422873101107 ], [ 16.995679421860718, 52.528537815499938 ], [ 16.995548347938946, 52.528640224358135 ], [ 16.995218280450796, 52.52875027521754 ], [ 16.994917534676013, 52.528811260819737 ], [ 16.99457718830147, 52.528948669740899 ], [ 16.994235084352397, 52.529124595529339 ], [ 16.99389172354881, 52.529328033054291 ], [ 16.993547857831278, 52.52954247464497 ], [ 16.993493964607541, 52.529734298893082 ], [ 16.993649103833004, 52.529698381988879 ], [ 16.993925548868802, 52.529576412725255 ], [ 16.994259889016199, 52.529372822184612 ], [ 16.99464760847005, 52.52918665581894 ], [ 16.995319029374489, 52.528917186306082 ], [ 16.995803480389757, 52.528787723068604 ], [ 16.996111493384767, 52.528765405918939 ], [ 16.996350834438697, 52.528664829873833 ], [ 16.996701197373206, 52.528505558276649 ], [ 16.9975979015692, 52.52824539680627 ] ] ] ] } },
{ "type": "Feature", "properties": { "id": null }, "geometry": { "type": "MultiPolygon", "coordinates": [ [ [ [ 16.994824611850561, 52.553835309294847 ], [ 16.994350915597742, 52.553920897975246 ], [ 16.994523427280164, 52.554298282614219 ], [ 16.995333123470424, 52.55576028389634 ], [ 16.9960267618717, 52.556796291881177 ], [ 16.99631992508332, 52.55710412823813 ], [ 16.996381116734689, 52.5573474624479 ], [ 16.996543878030177, 52.557741199003338 ], [ 16.996802193541274, 52.55821915428087 ], [ 16.997047217340832, 52.558394011226163 ], [ 16.997283715940611, 52.558557709835583 ], [ 16.997455262216562, 52.558758856440669 ], [ 16.997719614576752, 52.559302992986936 ], [ 16.997960896574963, 52.559758630205437 ], [ 16.998084550320385, 52.560019540215357 ], [ 16.998273403016537, 52.560039254669313 ], [ 16.998438677014004, 52.559981475230501 ], [ 16.998436913737123, 52.559821748933743 ], [ 16.998284669060272, 52.559593396407031 ], [ 16.998022320408381, 52.559203484831116 ], [ 16.997631064647845, 52.558668215621566 ], [ 16.997440703827753, 52.558285027286246 ], [ 16.997205960776803, 52.558082811241484 ], [ 16.9970434465402, 52.557881817080251 ], [ 16.996886743598392, 52.55760614682989 ], [ 16.996138546918708, 52.556408940494876 ], [ 16.995674933892836, 52.555397118685342 ], [ 16.994824611850561, 52.553835309294847 ] ] ] ] } },
{ "type": "Feature", "properties": { "id": null }, "geometry": { "type": "MultiPolygon", "coordinates": [ [ [ [ 16.959596178286084, 52.564581711370757 ], [ 16.959953041554236, 52.564598498980679 ], [ 16.959937072269344, 52.56427058941032 ], [ 16.959570869190877, 52.564275290574898 ], [ 16.959596178286084, 52.564581711370757 ] ] ] ] } },
{ "type": "Feature", "properties": { "id": null }, "geometry": { "type": "MultiPolygon", "coordinates": [ [ [ [ 16.956108815543882, 52.564816847774829 ], [ 16.956002018275917, 52.564456012503356 ], [ 16.95596081859982, 52.563981715423537 ], [ 16.955990647880338, 52.563728917329627 ], [ 16.956303484728199, 52.562831202670225 ], [ 16.956540903669527, 52.562389250334576 ], [ 16.956730948016233, 52.562188779334143 ], [ 16.956969538018111, 52.562110295834593 ], [ 16.957197740638819, 52.561866428281668 ], [ 16.957463590283997, 52.561590169132572 ], [ 16.95770516217209, 52.561252915569675 ], [ 16.95799962471698, 52.560944108104422 ], [ 16.958216997735594, 52.560738599453352 ], [ 16.95841375590695, 52.560587802916181 ], [ 16.958686830073013, 52.560350213363748 ], [ 16.958894059711323, 52.559973817441147 ], [ 16.958930684869824, 52.559963435436124 ], [ 16.959139618770561, 52.559939504315615 ], [ 16.959440881175126, 52.559873110215811 ], [ 16.959563615452932, 52.559759583205498 ], [ 16.959667270587449, 52.559667754403804 ], [ 16.959941700264949, 52.559595389661474 ], [ 16.960325978585885, 52.558908154772283 ], [ 16.960403310972513, 52.558799351271766 ], [ 16.960497933754343, 52.558707366103 ], [ 16.960720994011957, 52.558573539471745 ], [ 16.960890904301277, 52.558416769485312 ], [ 16.96086219274591, 52.558256577335833 ], [ 16.960851792956504, 52.558091193864463 ], [ 16.96099334043851, 52.557961469109856 ], [ 16.961309243441566, 52.557804288132111 ], [ 16.961247307252151, 52.557745571822338 ], [ 16.961209566694034, 52.557585224213106 ], [ 16.961030695245196, 52.557350856750574 ], [ 16.960882067813181, 52.557243666721064 ], [ 16.960665906271739, 52.557228928617135 ], [ 16.960307201319448, 52.557949646234285 ], [ 16.960163098815354, 52.558134394249876 ], [ 16.959933400403678, 52.558411282482247 ], [ 16.959648252437123, 52.558714748427093 ], [ 16.959290873640256, 52.559016968292532 ], [ 16.958738527764538, 52.559431467693663 ], [ 16.95806266663471, 52.559975997129548 ], [ 16.957299138623444, 52.560656680047316 ], [ 16.957177674513638, 52.560742692621226 ], [ 16.956845736274161, 52.560885646826421 ], [ 16.956439775267569, 52.561065869728985 ], [ 16.956180830025868, 52.561193561942964 ], [ 16.955992834485428, 52.561350012967601 ], [ 16.955823918816947, 52.561484765988169 ], [ 16.955647508657865, 52.561586348453005 ], [ 16.95545380770228, 52.561671111538118 ], [ 16.955319980983788, 52.56182849723276 ], [ 16.955195438202054, 52.561980536361673 ], [ 16.955000454694304, 52.562092810618815 ], [ 16.954714412260362, 52.562220031485509 ], [ 16.954353063212324, 52.56241203187345 ], [ 16.954014444215218, 52.562698039903403 ], [ 16.953865176593816, 52.562992827371424 ], [ 16.953793327477506, 52.563371555275396 ], [ 16.953765855045308, 52.563767570762529 ], [ 16.953790701384001, 52.564010300009173 ], [ 16.953925437635093, 52.564221888075451 ], [ 16.954239739537979, 52.564458606991963 ], [ 16.954611038466389, 52.564635735109256 ], [ 16.954942941569119, 52.564910721124868 ], [ 16.956108815543882, 52.564816847774829 ] ] ] ] } },
{ "type": "Feature", "properties": { "id": null }, "geometry": { "type": "MultiPolygon", "coordinates": [ [ [ [ 16.988220201650673, 52.541892569757799 ], [ 16.98812322631391, 52.541643115134235 ], [ 16.987776611498056, 52.541125089341378 ], [ 16.987347599549924, 52.540236705393376 ], [ 16.987139606829846, 52.539847691551451 ], [ 16.986809343963031, 52.539170243485785 ], [ 16.986322740630115, 52.53815972579708 ], [ 16.985968572746593, 52.538005014637534 ], [ 16.985755977861242, 52.538111532131644 ], [ 16.985691503412458, 52.538336213601212 ], [ 16.985718279071193, 52.538540421128666 ], [ 16.985742031794793, 52.53881065882878 ], [ 16.985927972324436, 52.539089163914497 ], [ 16.986149257415498, 52.539384790601339 ], [ 16.986167766841071, 52.539572336890004 ], [ 16.986230391670823, 52.539782661127738 ], [ 16.986380744505009, 52.540049546184093 ], [ 16.986546881877313, 52.540366260813386 ], [ 16.986776698460446, 52.540673044959647 ], [ 16.986964415717864, 52.540913030859535 ], [ 16.987138074603855, 52.541262913317006 ], [ 16.987263880667069, 52.541474311582121 ], [ 16.987384401137646, 52.541801262596906 ], [ 16.987575613342131, 52.542162456452921 ], [ 16.987805985878587, 52.542259989500323 ], [ 16.988005795994368, 52.542235852894045 ], [ 16.988211393902624, 52.542085157978498 ], [ 16.988220201650673, 52.541892569757799 ] ] ] ] } },
{ "type": "Feature", "properties": { "id": null }, "geometry": { "type": "MultiPolygon", "coordinates": [ [ [ [ 16.988544457199296, 52.543805301129794 ], [ 16.987382798425251, 52.543612972179481 ], [ 16.9887047374263, 52.545320527047039 ], [ 16.98910806562554, 52.54578444524553 ], [ 16.989324936574619, 52.545782623397386 ], [ 16.989755436948265, 52.5456522671751 ], [ 16.990102439952871, 52.545570052461194 ], [ 16.990239083644511, 52.545544839163981 ], [ 16.990101235301982, 52.545201076781751 ], [ 16.990281240307091, 52.54517344924556 ], [ 16.990215379643828, 52.545034744461759 ], [ 16.990526615600558, 52.544921583036221 ], [ 16.990402652655977, 52.544732611362669 ], [ 16.99011692906107, 52.544066943569149 ], [ 16.989982943447362, 52.54393525817391 ], [ 16.989812969041221, 52.54389933022042 ], [ 16.989439782766862, 52.543961825384422 ], [ 16.989308647582099, 52.544064226473679 ], [ 16.989336826245022, 52.544238169326114 ], [ 16.989485200424529, 52.544549070765903 ], [ 16.989695163923614, 52.544940526087046 ], [ 16.989353437922308, 52.545040703649363 ], [ 16.988544457199296, 52.543805301129794 ] ] ] ] } },
{ "type": "Feature", "properties": { "id": null }, "geometry": { "type": "MultiPolygon", "coordinates": [ [ [ [ 16.967141773277014, 52.53635696874214 ], [ 16.967429770789892, 52.536378436555289 ], [ 16.967537928559608, 52.536187555596875 ], [ 16.967662353578348, 52.536035501689497 ], [ 16.967821347496777, 52.535917082275219 ], [ 16.968089894816703, 52.535773009815422 ], [ 16.968456429779707, 52.535658153219046 ], [ 16.968579833920526, 52.535528108125902 ], [ 16.967838374978861, 52.53554841763907 ], [ 16.96789429156221, 52.535119845804921 ], [ 16.967073153169931, 52.535105741135737 ], [ 16.967087003741113, 52.535392333885817 ], [ 16.967664257200074, 52.535407756674125 ], [ 16.967616979674933, 52.535649244832364 ], [ 16.967337756223355, 52.535633434984227 ], [ 16.967141773277014, 52.53635696874214 ] ] ] ] } },
{ "type": "Feature", "properties": { "id": null }, "geometry": { "type": "MultiPolygon", "coordinates": [ [ [ [ 16.968578014112428, 52.536447715990441 ], [ 16.968942715185971, 52.536470496892782 ], [ 16.969131886238561, 52.536187389098707 ], [ 16.969268309586479, 52.53587308826382 ], [ 16.969376204175607, 52.535687707979051 ], [ 16.969526617610331, 52.53565724818607 ], [ 16.969736298880491, 52.53522305382387 ], [ 16.969802372908752, 52.534965366926627 ], [ 16.969486043249677, 52.534970952756545 ], [ 16.968532570659793, 52.536160581150995 ], [ 16.968745710530882, 52.536238582207659 ], [ 16.968578014112428, 52.536447715990441 ] ] ] ] } },
{ "type": "Feature", "properties": { "id": null }, "geometry": { "type": "MultiPolygon", "coordinates": [ [ [ [ 16.96881456676363, 52.53738793617439 ], [ 16.968870422261446, 52.537253977858569 ], [ 16.968787041770121, 52.537103862476542 ], [ 16.968613997100434, 52.537037563499794 ], [ 16.968425892658232, 52.537004046631687 ], [ 16.968273186986437, 52.537084027082479 ], [ 16.968297783031325, 52.537235886951088 ], [ 16.968350213416858, 52.537371704248358 ], [ 16.968453927606802, 52.537472607658692 ], [ 16.968659828003318, 52.537511936783169 ], [ 16.96881456676363, 52.53738793617439 ] ] ] ] } },
{ "type": "Feature", "properties": { "id": null }, "geometry": { "type": "MultiPolygon", "coordinates": [ [ [ [ 16.961348503292065, 52.554479366861763 ], [ 16.961395789067744, 52.554141512420912 ], [ 16.961393296349268, 52.553805553910955 ], [ 16.961320469667015, 52.55362257459177 ], [ 16.961217267047346, 52.552535954503554 ], [ 16.961151173893306, 52.552402652352335 ], [ 16.961305897566614, 52.552292772270903 ], [ 16.961292196488166, 52.552209594088886 ], [ 16.961125526296513, 52.55217643111542 ], [ 16.960981094900813, 52.552173942770494 ], [ 16.960812389516029, 52.552110461034864 ], [ 16.960742470541774, 52.552059694934727 ], [ 16.960782405880177, 52.551977780840112 ], [ 16.960973502111592, 52.551948032554442 ], [ 16.960842657874689, 52.551262933060642 ], [ 16.96076760417963, 52.550738492338482 ], [ 16.960811365546817, 52.550574041915148 ], [ 16.960881185785944, 52.550432067743223 ], [ 16.96121556291812, 52.549942215257332 ], [ 16.961094470451389, 52.549923608619586 ], [ 16.961073975258692, 52.549683709003439 ], [ 16.960830005963235, 52.549685012271567 ], [ 16.96082959203294, 52.549888757352726 ], [ 16.960498163774218, 52.549827977936815 ], [ 16.960571556250361, 52.549608970058834 ], [ 16.960374250751023, 52.549578035631825 ], [ 16.960413929196967, 52.549501624032288 ], [ 16.960915836431088, 52.549587368473624 ], [ 16.961172207198761, 52.549123706088295 ], [ 16.961577993382473, 52.54835974195106 ], [ 16.961338112525812, 52.548273007560105 ], [ 16.961446837343782, 52.548071128247869 ], [ 16.960999613067067, 52.54797531447263 ], [ 16.960814595199452, 52.548263987876723 ], [ 16.960501741779694, 52.548192514798508 ], [ 16.960281823907568, 52.548844035911038 ], [ 16.960085798192651, 52.548785588941108 ], [ 16.960049020488267, 52.548994214071556 ], [ 16.959850952344187, 52.54897978605478 ], [ 16.95989183681456, 52.549266845399337 ], [ 16.959771522636338, 52.549523591697586 ], [ 16.960120489937697, 52.549595689130072 ], [ 16.960062085282889, 52.549881036901986 ], [ 16.960031014702643, 52.550161348996582 ], [ 16.959700096144697, 52.550089562505022 ], [ 16.959828183003783, 52.550444206990626 ], [ 16.959955668903714, 52.550617115996744 ], [ 16.959949890215068, 52.550936411743244 ], [ 16.960001079878531, 52.551196114509295 ], [ 16.960054404932574, 52.551604538074756 ], [ 16.96027181480256, 52.551591764943943 ], [ 16.960276596400025, 52.551878201760971 ], [ 16.96036552214181, 52.552298252327006 ], [ 16.960195285709911, 52.552267784213619 ], [ 16.960206192744185, 52.552422163025852 ], [ 16.960088586382209, 52.552425642756454 ], [ 16.960168391078462, 52.552652797708987 ], [ 16.960168484193872, 52.552845537830123 ], [ 16.960173520290788, 52.553126472173901 ], [ 16.959732466486905, 52.553091335342444 ], [ 16.959747110485814, 52.552970437870265 ], [ 16.959494351211838, 52.552966080162761 ], [ 16.959505601387448, 52.553307696664774 ], [ 16.959776417002768, 52.553312365611774 ], [ 16.959772240714994, 52.55320766413697 ], [ 16.960599422734948, 52.553293509800135 ], [ 16.960734957343657, 52.554072305984434 ], [ 16.96059086977494, 52.554257054781665 ], [ 16.960693328720659, 52.554385477021839 ], [ 16.961348503292065, 52.554479366861763 ] ] ] ] } },
{ "type": "Feature", "properties": { "id": null }, "geometry": { "type": "MultiPolygon", "coordinates": [ [ [ [ 16.959024148343381, 52.554045568164092 ], [ 16.959187817867061, 52.553244395625477 ], [ 16.959156728274142, 52.55294098466215 ], [ 16.959077016664217, 52.552906569157095 ], [ 16.959170774285909, 52.552638352019144 ], [ 16.95911090499353, 52.552565730988171 ], [ 16.959256180654229, 52.552160731791538 ], [ 16.958863592414552, 52.55205483874623 ], [ 16.958802110839919, 52.552406214600531 ], [ 16.958796491497811, 52.552527267636904 ], [ 16.958825534989295, 52.552874697970523 ], [ 16.958818725636071, 52.553216003101454 ], [ 16.958859861969543, 52.553497560170712 ], [ 16.958801019391352, 52.553986651853343 ], [ 16.958859868311315, 52.55408128267689 ], [ 16.959024148343381, 52.554045568164092 ] ] ] ] } },
{ "type": "Feature", "properties": { "id": null }, "geometry": { "type": "MultiPolygon", "coordinates": [ [ [ [ 16.961555128699541, 52.54778113228965 ], [ 16.961803398709083, 52.547394424445699 ], [ 16.962030183042078, 52.547288537960824 ], [ 16.962074022944812, 52.547202683342583 ], [ 16.96135735676534, 52.547078359603923 ], [ 16.961320076607347, 52.547297990110145 ], [ 16.961114137546687, 52.547258647877541 ], [ 16.961055772764528, 52.547348504808703 ], [ 16.961163319188294, 52.547366878167573 ], [ 16.961115383338914, 52.547426627300077 ], [ 16.961295520522576, 52.547437990940082 ], [ 16.961237077526114, 52.547626969334438 ], [ 16.961093426334401, 52.547607974005615 ], [ 16.961071037653504, 52.547701204177471 ], [ 16.961555128699541, 52.54778113228965 ] ] ] ] } },
{ "type": "Feature", "properties": { "id": null }, "geometry": { "type": "MultiPolygon", "coordinates": [ [ [ [ 16.964090881143175, 52.544122547955929 ], [ 16.96436419166961, 52.54360334743145 ], [ 16.964462864452013, 52.543508331256987 ], [ 16.964490972743672, 52.543291295415678 ], [ 16.964680755705743, 52.54328905289092 ], [ 16.964757864406764, 52.543086626800402 ], [ 16.964652929820932, 52.543109602697193 ], [ 16.964513365719213, 52.54300257261005 ], [ 16.964556340786437, 52.542854627698112 ], [ 16.964752601016663, 52.5429075646706 ], [ 16.964881243353414, 52.542860215725987 ], [ 16.964869048476977, 52.542733349171037 ], [ 16.964822535642973, 52.542567344675568 ], [ 16.964965802262405, 52.542399097139779 ], [ 16.964952334426723, 52.542299742789595 ], [ 16.964598833483347, 52.542326703949136 ], [ 16.964454801838858, 52.542511458348983 ], [ 16.964326527248232, 52.542746045010908 ], [ 16.964102652167437, 52.543094630039448 ], [ 16.96410847800836, 52.543359057582208 ], [ 16.964199860255189, 52.543531341084361 ], [ 16.963844022415913, 52.543998805359323 ], [ 16.964090881143175, 52.544122547955929 ] ] ] ] } },
{ "type": "Feature", "properties": { "id": null }, "geometry": { "type": "MultiPolygon", "coordinates": [ [ [ [ 16.968161587734322, 52.541162663603465 ], [ 16.968122112110098, 52.541343596903879 ], [ 16.972381330977793, 52.541055847810114 ], [ 16.972328703212888, 52.54089271811165 ], [ 16.972359429639514, 52.540797962029522 ], [ 16.972059375265243, 52.540710416907274 ], [ 16.971974072618973, 52.540638290517677 ], [ 16.971387706350395, 52.540733413161398 ], [ 16.968447068654662, 52.540848169650673 ], [ 16.968161587734322, 52.541162663603465 ] ] ] ] } },
{ "type": "Feature", "properties": { "id": null }, "geometry": { "type": "MultiPolygon", "coordinates": [ [ [ [ 16.962460338027697, 52.539258396287416 ], [ 16.963334933306488, 52.539289972983418 ], [ 16.963274456842409, 52.539035618222123 ], [ 16.963076687011558, 52.539015693585995 ], [ 16.963071738998995, 52.538927499237786 ], [ 16.962955442796247, 52.538903470002651 ], [ 16.96277342898378, 52.538933377500925 ], [ 16.962795915343982, 52.539032887454212 ], [ 16.96248908999916, 52.539027604757592 ], [ 16.962460338027697, 52.539258396287416 ] ] ] ] } },
{ "type": "Feature", "properties": { "id": null }, "geometry": { "type": "MultiPolygon", "coordinates": [ [ [ [ 16.963542309443536, 52.54534553751683 ], [ 16.963634762262128, 52.545129463591941 ], [ 16.963566968621937, 52.545117773099321 ], [ 16.963725224178749, 52.544817155710348 ], [ 16.963060469381666, 52.54463237195575 ], [ 16.962956602711273, 52.544729706811154 ], [ 16.963142824549333, 52.54480450087074 ], [ 16.963017848750255, 52.544967554268347 ], [ 16.963258479556885, 52.545037777852329 ], [ 16.96309408865601, 52.545271741582233 ], [ 16.963542309443536, 52.54534553751683 ] ] ] ] } },
{ "type": "Feature", "properties": { "id": null }, "geometry": { "type": "MultiPolygon", "coordinates": [ [ [ [ 16.960739764939095, 52.546371106218842 ], [ 16.96097902670169, 52.546276106227701 ], [ 16.961135682335186, 52.546014477999215 ], [ 16.961142569275701, 52.545865912528086 ], [ 16.960907901927584, 52.545861869248746 ], [ 16.960767669707046, 52.545964082424888 ], [ 16.960620803242303, 52.54620935842221 ], [ 16.960745632810202, 52.546244550486257 ], [ 16.960739764939095, 52.546371106218842 ] ] ] ] } },
{ "type": "Feature", "properties": { "id": null }, "geometry": { "type": "MultiPolygon", "coordinates": [ [ [ [ 16.96202938000361, 52.546806333401875 ], [ 16.962388630251393, 52.546851067294703 ], [ 16.962526208424539, 52.546611136081857 ], [ 16.962572762574769, 52.546386158069701 ], [ 16.962338347169318, 52.546376615168953 ], [ 16.962241970859246, 52.5465071192938 ], [ 16.962027136300421, 52.546464872040772 ], [ 16.96231575524779, 52.546084364801573 ], [ 16.962613305732859, 52.54571812186358 ], [ 16.962461998082201, 52.545657351019415 ], [ 16.962355578437894, 52.545809709587445 ], [ 16.962229983958391, 52.545791026504943 ], [ 16.962047533288487, 52.546024677829216 ], [ 16.962191179770898, 52.546043671956468 ], [ 16.961765388247187, 52.546460364119312 ], [ 16.961621740606642, 52.546441369464539 ], [ 16.961515061070049, 52.546599229634737 ], [ 16.962090929058306, 52.546647695612684 ], [ 16.96202938000361, 52.546806333401875 ] ] ] ] } },
{ "type": "Feature", "properties": { "id": null }, "geometry": { "type": "MultiPolygon", "coordinates": [ [ [ [ 16.966712815663016, 52.533229983032477 ], [ 16.96693966455182, 52.53320634681662 ], [ 16.967050229759149, 52.533158685061537 ], [ 16.967172868208909, 52.533045148726991 ], [ 16.967117332867517, 52.532878989877275 ], [ 16.967014015292552, 52.532574339413515 ], [ 16.96700270771754, 52.532232721963254 ], [ 16.967001694130584, 52.53186374723191 ], [ 16.967005127524828, 52.531593971755044 ], [ 16.966842592748257, 52.53139844011956 ], [ 16.966770919347955, 52.531386194881115 ], [ 16.966652216055508, 52.532000919607192 ], [ 16.966656401691687, 52.532496605853588 ], [ 16.966712815663016, 52.533229983032477 ] ] ] ] } },
{ "type": "Feature", "properties": { "id": null }, "geometry": { "type": "MultiPolygon", "coordinates": [ [ [ [ 16.964659317911615, 52.533894045264155 ], [ 16.964905883020215, 52.533639465362668 ], [ 16.965027648236646, 52.533349697753998 ], [ 16.965047358977515, 52.533118750030418 ], [ 16.964989679273277, 52.532803868927132 ], [ 16.96492665636228, 52.532604539245305 ], [ 16.964743906484021, 52.532650957431692 ], [ 16.964616427155118, 52.532869037734834 ], [ 16.964683012146608, 52.532991333276648 ], [ 16.9647447619373, 52.533218175315852 ], [ 16.964623249775276, 52.533502440175894 ], [ 16.964552451778268, 52.533666427124025 ], [ 16.964511268283886, 52.533775855207509 ], [ 16.964533756265059, 52.53387536492535 ], [ 16.964659317911615, 52.533894045264155 ] ] ] ] } },
{ "type": "Feature", "properties": { "id": null }, "geometry": { "type": "MultiPolygon", "coordinates": [ [ [ [ 16.965641741949856, 52.538790566108617 ], [ 16.965717694294966, 52.538359349798675 ], [ 16.965732256258057, 52.538142080682192 ], [ 16.965885157327328, 52.538155722792879 ], [ 16.965895139100816, 52.538037497713667 ], [ 16.966229030469613, 52.538043236810573 ], [ 16.966157546383844, 52.53773362617585 ], [ 16.96570265587691, 52.537805655672784 ], [ 16.965680485603304, 52.537601522108488 ], [ 16.96612196523019, 52.537526508791707 ], [ 16.965953629285071, 52.537358410634013 ], [ 16.965677253914439, 52.537378440245213 ], [ 16.965621278152906, 52.537124164064686 ], [ 16.965879731347695, 52.537101073098825 ], [ 16.966015473781717, 52.537126417220612 ], [ 16.966005903136178, 52.536799685454774 ], [ 16.965548028190806, 52.536816243500809 ], [ 16.965409489965445, 52.536882696811858 ], [ 16.965328334106502, 52.536977670776288 ], [ 16.965295027983359, 52.537112015240787 ], [ 16.965376655097174, 52.537788004576292 ], [ 16.965437083261484, 52.53794598801796 ], [ 16.96544737036908, 52.538114122966149 ], [ 16.965475324123616, 52.53829082189322 ], [ 16.965473847187113, 52.53861569898158 ], [ 16.965464627503156, 52.538717416662436 ], [ 16.965456955104269, 52.538780277604452 ], [ 16.965641741949856, 52.538790566108617 ] ] ] ] } },
{ "type": "Feature", "properties": { "id": null }, "geometry": { "type": "MultiPolygon", "coordinates": [ [ [ [ 16.960976931959888, 52.529776606252618 ], [ 16.960655673676317, 52.529797551688475 ], [ 16.960652407837316, 52.52996545380693 ], [ 16.960640854814585, 52.530312185150926 ], [ 16.960733492398031, 52.530748821543249 ], [ 16.960855288771583, 52.531238275240078 ], [ 16.960927746016111, 52.531525879162636 ], [ 16.961103711258417, 52.531820773493479 ], [ 16.961269636249476, 52.53213752186209 ], [ 16.961417007907706, 52.532464963977802 ], [ 16.961556633201017, 52.532764738279027 ], [ 16.961591807242446, 52.532980110594025 ], [ 16.961674633122747, 52.53323898169706 ], [ 16.961807443076072, 52.533198591534493 ], [ 16.962000495517181, 52.533124821154004 ], [ 16.96211452941359, 52.532807389088035 ], [ 16.962086025505702, 52.532057969334573 ], [ 16.961778024227616, 52.531689213382691 ], [ 16.961667507715728, 52.531345886088197 ], [ 16.961562090484833, 52.530892509882968 ], [ 16.961329340588208, 52.530458967019065 ], [ 16.961094045862591, 52.530080448109423 ], [ 16.960976931959888, 52.529776606252618 ] ] ] ] } },
{ "type": "Feature", "properties": { "id": null }, "geometry": { "type": "MultiPolygon", "coordinates": [ [ [ [ 16.960702340360918, 52.522717344922555 ], [ 16.960781905095281, 52.522764430312357 ], [ 16.960846503662566, 52.522749443528383 ], [ 16.96101091521864, 52.522705845784209 ], [ 16.960962760299108, 52.522654880290595 ], [ 16.960940118986642, 52.522687966602746 ], [ 16.960863234687501, 52.522707242461237 ], [ 16.960702340360918, 52.522717344922555 ] ] ] ] } },
{ "type": "Feature", "properties": { "id": null }, "geometry": { "type": "MultiPolygon", "coordinates": [ [ [ [ 16.98419751706615, 52.51770806167 ], [ 16.984154634661508, 52.517856015213269 ], [ 16.984398127565207, 52.51805840936553 ], [ 16.98470526743488, 52.518250873533752 ], [ 16.984779648369248, 52.518400824690488 ], [ 16.984763575912712, 52.518554741911785 ], [ 16.984856753573901, 52.518688492717729 ], [ 16.98497900731871, 52.518778684095096 ], [ 16.985090677346022, 52.518838750719176 ], [ 16.985548768190625, 52.517300856722265 ], [ 16.98535635933505, 52.517362973915027 ], [ 16.985212772915094, 52.517443131065484 ], [ 16.98505351548868, 52.517569829132817 ], [ 16.984921946826212, 52.517683231542073 ], [ 16.98472549765836, 52.517734953616134 ], [ 16.98419751706615, 52.51770806167 ] ] ] ] } },
{ "type": "Feature", "properties": { "id": null }, "geometry": { "type": "MultiPolygon", "coordinates": [ [ [ [ 17.039012192981911, 52.523223329275382 ], [ 17.039228953039707, 52.523221414858874 ], [ 17.039705865099773, 52.523256851147764 ], [ 17.040111831150607, 52.523263576493733 ], [ 17.040411254394972, 52.523229988545097 ], [ 17.040564170670702, 52.523039784134433 ], [ 17.040752151157449, 52.523075937699851 ], [ 17.041053247825438, 52.523207578905982 ], [ 17.041649643778928, 52.523195424621456 ], [ 17.041887838327099, 52.523320515764972 ], [ 17.042296219463328, 52.523475956292586 ], [ 17.042539311275664, 52.523490991785884 ], [ 17.043008675539191, 52.523493249245412 ], [ 17.043528772690845, 52.523369688128561 ], [ 17.043704067402064, 52.523488228697296 ], [ 17.044414300822883, 52.523758787632879 ], [ 17.045037768548337, 52.52374706366011 ], [ 17.045532979112735, 52.52377727195384 ], [ 17.046089647675092, 52.52364329018193 ], [ 17.046325674103347, 52.523614147089582 ], [ 17.046638987442581, 52.523674387721407 ], [ 17.04702934578938, 52.523829514215691 ], [ 17.04720099012755, 52.524030590703617 ], [ 17.047320458599778, 52.524186751757071 ], [ 17.047772275712887, 52.524177687144665 ], [ 17.048214583004665, 52.524179477458198 ], [ 17.048628361629802, 52.524213836182831 ], [ 17.048911934403396, 52.524334154611729 ], [ 17.049227450049745, 52.524548613932069 ], [ 17.049506149951988, 52.524778985766261 ], [ 17.049938956064501, 52.52499537658764 ], [ 17.050146949648557, 52.525191540955646 ], [ 17.050274966157691, 52.525358853288608 ], [ 17.050518563479812, 52.525566617169105 ], [ 17.050601720900616, 52.525931433305871 ], [ 17.050821424401253, 52.526067214998399 ], [ 17.051148900157624, 52.526012034894279 ], [ 17.051581464080485, 52.525826422257893 ], [ 17.051960146978242, 52.525838164234322 ], [ 17.052018888552034, 52.526053834234162 ], [ 17.05206794796457, 52.526258452533817 ], [ 17.052294001334644, 52.5264549102994 ], [ 17.052717070507541, 52.526483900715839 ], [ 17.053067946400095, 52.526307951774605 ], [ 17.053075248457382, 52.526142869250876 ], [ 17.05291234774355, 52.525947452230824 ], [ 17.052718730688127, 52.525834130806992 ], [ 17.052519014187734, 52.525654627584409 ], [ 17.052381235817858, 52.525503677338655 ], [ 17.051989138748926, 52.525387087453623 ], [ 17.051668488618883, 52.525288193028231 ], [ 17.051638977289837, 52.52513902461331 ], [ 17.051867934806939, 52.525065699972203 ], [ 17.052187597458595, 52.524982854613128 ], [ 17.052032984514565, 52.524600342954713 ], [ 17.051441442846446, 52.524502494480195 ], [ 17.051348536871679, 52.524357788689763 ], [ 17.051314146709355, 52.524114924906229 ], [ 17.050992532767093, 52.524038039720118 ], [ 17.050534863840237, 52.523975432327553 ], [ 17.050189115472236, 52.524035816294258 ], [ 17.049891401815326, 52.524234659966098 ], [ 17.049561499618637, 52.524344864129418 ], [ 17.049248421191997, 52.524279128418122 ], [ 17.04912089940111, 52.524100809534161 ], [ 17.048769056940117, 52.523891257582754 ], [ 17.048366498574399, 52.523807523547291 ], [ 17.047911032260238, 52.523695381427636 ], [ 17.047462637242507, 52.523627408331471 ], [ 17.047071546722581, 52.523488791465482 ], [ 17.046768244825515, 52.523202939937029 ], [ 17.04624379217789, 52.523018064514368 ], [ 17.045454753974724, 52.523302398006521 ], [ 17.045161422882241, 52.523402180534191 ], [ 17.044672794078711, 52.523427147075758 ], [ 17.044269025708402, 52.523370912837073 ], [ 17.043887458309452, 52.523221429231079 ], [ 17.043742652070431, 52.523026298292713 ], [ 17.043557359398925, 52.522929619507224 ], [ 17.043108705239629, 52.52307088265745 ], [ 17.042704208255628, 52.523031151288535 ], [ 17.042540386361051, 52.522857731331051 ], [ 17.042683781474832, 52.522678380256146 ], [ 17.043185337921376, 52.52256552750962 ], [ 17.043799549212178, 52.522355413479644 ], [ 17.04389247763973, 52.522092625062676 ], [ 17.043643088582119, 52.521813163339509 ], [ 17.043093774487712, 52.521782052127328 ], [ 17.042716077060614, 52.521952021154846 ], [ 17.042424184676229, 52.522222530510938 ], [ 17.042013542986901, 52.522524114695351 ], [ 17.041532474960245, 52.522582233942963 ], [ 17.041209910523232, 52.522527333285872 ], [ 17.040841260765834, 52.522493695724926 ], [ 17.040540618167856, 52.522554798383581 ], [ 17.040236055165881, 52.522703943662322 ], [ 17.039865155123856, 52.52292357720728 ], [ 17.039482335315991, 52.523005342848165 ], [ 17.038984441768193, 52.523035639134243 ], [ 17.039012192981911, 52.523223329275382 ] ] ] ] } },
{ "type": "Feature", "properties": { "id": null }, "geometry": { "type": "MultiPolygon", "coordinates": [ [ [ [ 17.038670171669875, 52.520970897390661 ], [ 17.03916140072975, 52.521191050249058 ], [ 17.039626696825838, 52.521284115606889 ], [ 17.039975477720336, 52.521256853407486 ], [ 17.039742445190875, 52.521016201584729 ], [ 17.039869763509746, 52.520792533300728 ], [ 17.040115534271649, 52.520747043786002 ], [ 17.040327425264611, 52.520651431671823 ], [ 17.040468372640255, 52.520527110381856 ], [ 17.040743123068836, 52.520641795891621 ], [ 17.04137924023782, 52.520547699407679 ], [ 17.041613258529644, 52.520766337214212 ], [ 17.041908747715425, 52.520820788784697 ], [ 17.042348606225609, 52.520673877966537 ], [ 17.04248272917842, 52.520499880471 ], [ 17.042887722154575, 52.520324856974504 ], [ 17.043194921375751, 52.520318924585652 ], [ 17.043293144518511, 52.52054632657844 ], [ 17.043578635324874, 52.520622635694046 ], [ 17.043490354850427, 52.520780872173994 ], [ 17.043375988962556, 52.520916650134929 ], [ 17.043650015946714, 52.521047837156893 ], [ 17.044171769284194, 52.521089503792162 ], [ 17.04466939337912, 52.521064688146147 ], [ 17.045131177151308, 52.521033771478429 ], [ 17.045548343734449, 52.520991102458865 ], [ 17.045987687810101, 52.521058933564795 ], [ 17.046303424594669, 52.521064147600747 ], [ 17.046407784145043, 52.520950228713083 ], [ 17.046414621383537, 52.520796152161275 ], [ 17.046375376970094, 52.520663341779539 ], [ 17.046630405757501, 52.520612484877248 ], [ 17.046906637882671, 52.520694139821778 ], [ 17.047179209689364, 52.520858335178794 ], [ 17.047398877555821, 52.520994122988441 ], [ 17.047529312250404, 52.521106410813118 ], [ 17.047512969630322, 52.521271344065354 ], [ 17.04755368227358, 52.521371137671878 ], [ 17.047777014159134, 52.521424383742513 ], [ 17.048291218929858, 52.521432867009139 ], [ 17.048556734763167, 52.521349138351539 ], [ 17.048590140020881, 52.521206513456818 ], [ 17.048862480056968, 52.521172457548218 ], [ 17.048952447071731, 52.521179447911898 ], [ 17.049308169201364, 52.521708455757263 ], [ 17.049384483272753, 52.522023599390984 ], [ 17.049445925387527, 52.52226690987051 ], [ 17.04975533452718, 52.522618936304099 ], [ 17.049928205668188, 52.522792495232665 ], [ 17.050222013117054, 52.522885445462109 ], [ 17.050492656547547, 52.522889905113217 ], [ 17.050688929754319, 52.522738949607991 ], [ 17.050534342241722, 52.522560186299728 ], [ 17.050063033999724, 52.522398230522064 ], [ 17.049822626754235, 52.522322680336778 ], [ 17.049612697467175, 52.522170537400378 ], [ 17.049591484799294, 52.522038025428088 ], [ 17.04969778857572, 52.521880081647375 ], [ 17.04995574582729, 52.521763184687536 ], [ 17.050194684445582, 52.521668000803977 ], [ 17.050272703097288, 52.521537124199469 ], [ 17.049965980866304, 52.521328319150484 ], [ 17.049820178443603, 52.521155206371567 ], [ 17.049781410969182, 52.521011391534579 ], [ 17.049634635159141, 52.520860289514957 ], [ 17.049489079353076, 52.520681673598162 ], [ 17.04926891881777, 52.520556895102494 ], [ 17.048999265364763, 52.520530421819693 ], [ 17.048797880502782, 52.520389431743091 ], [ 17.048752778865861, 52.520184937655422 ], [ 17.048486055083796, 52.520092430321931 ], [ 17.048218356618737, 52.520021933359544 ], [ 17.048097676016877, 52.519893286889683 ], [ 17.048044777170098, 52.519661130028275 ], [ 17.047787322819914, 52.519563267241182 ], [ 17.047448918141402, 52.519662311561817 ], [ 17.047403072942529, 52.519881825606468 ], [ 17.04721216125462, 52.520115465693742 ], [ 17.046974445413376, 52.520183129914415 ], [ 17.046575830898316, 52.520011346321219 ], [ 17.046547804896317, 52.519829160299814 ], [ 17.046773581163979, 52.519623630669848 ], [ 17.047037624210219, 52.519572921739602 ], [ 17.047278265437402, 52.519439224494732 ], [ 17.047300700024024, 52.519340472970029 ], [ 17.047225127333594, 52.51921257003557 ], [ 17.047043992275526, 52.519022350185033 ], [ 17.046816023314904, 52.519277405024631 ], [ 17.046340124536279, 52.519219986796145 ], [ 17.045977343791908, 52.519258049959127 ], [ 17.045815687815217, 52.519442610108783 ], [ 17.045592106580735, 52.519598613289986 ], [ 17.045160068525284, 52.519773199101905 ], [ 17.044748512562787, 52.519893054158857 ], [ 17.044398412270336, 52.519848720549319 ], [ 17.043960305244976, 52.519753370034991 ], [ 17.043487801649682, 52.519822652167527 ], [ 17.043103303236993, 52.519942948966893 ], [ 17.042355000843095, 52.520327057281953 ], [ 17.041937103544193, 52.520386223236663 ], [ 17.041488262322204, 52.520329233319089 ], [ 17.041083057529718, 52.520306004803544 ], [ 17.040831697624991, 52.520274308962463 ], [ 17.040574011260578, 52.520181933325539 ], [ 17.040386001504288, 52.520349529439351 ], [ 17.040114150469581, 52.520372560398492 ], [ 17.03999643262782, 52.520177873328677 ], [ 17.03996259781168, 52.51992400129928 ], [ 17.039815614549063, 52.519778390150172 ], [ 17.039525434572369, 52.520010373426025 ], [ 17.039449301335438, 52.520300970810951 ], [ 17.039108421855556, 52.520455018135848 ], [ 17.038985757857521, 52.520574134097778 ], [ 17.039009143954086, 52.520657123295081 ], [ 17.039022283642208, 52.520767476522394 ], [ 17.038845002400144, 52.520896700637962 ], [ 17.038670171669875, 52.520970897390661 ] ], [ [ 17.04772248744931, 52.519931150730521 ], [ 17.047638374738657, 52.519919437595711 ], [ 17.047566331213332, 52.51989002657875 ], [ 17.047542258210893, 52.519822171441632 ], [ 17.047577186468004, 52.519747029801032 ], [ 17.047653377142392, 52.519708363020165 ], [ 17.047764857757599, 52.519688175482727 ], [ 17.047881456902584, 52.519705242961798 ], [ 17.047944600713777, 52.519757222361342 ], [ 17.047941794873335, 52.519820503871678 ], [ 17.047903027741526, 52.519880438672004 ], [ 17.047826775980003, 52.51992048129668 ], [ 17.04772248744931, 52.519931150730521 ] ] ] ] } },
{ "type": "Feature", "properties": { "id": null }, "geometry": { "type": "MultiPolygon", "coordinates": [ [ [ [ 17.046696838346993, 52.518708240376426 ], [ 17.046711473915686, 52.518581826349688 ], [ 17.046635415916057, 52.518464928526591 ], [ 17.046474999799131, 52.518418225783272 ], [ 17.04633920378874, 52.518426997045893 ], [ 17.046198523881031, 52.518545822862748 ], [ 17.046158290366105, 52.51863877350354 ], [ 17.046189732876375, 52.518743921335883 ], [ 17.046313090786995, 52.518812039599524 ], [ 17.046621499929962, 52.51877858452481 ], [ 17.046696838346993, 52.518708240376426 ] ] ] ] } },
{ "type": "Feature", "properties": { "id": null }, "geometry": { "type": "MultiPolygon", "coordinates": [ [ [ [ 17.0527792390345, 52.513648663494749 ], [ 17.053040545605409, 52.513454720439519 ], [ 17.053134128736993, 52.51317541538458 ], [ 17.053227205499024, 52.512703365080249 ], [ 17.053498253428373, 52.512493061033346 ], [ 17.053621828321543, 52.512351918211088 ], [ 17.053656425653841, 52.512181777626708 ], [ 17.053473588099596, 52.512030086777699 ], [ 17.053078687788656, 52.511979534565633 ], [ 17.052495373610643, 52.512107602934734 ], [ 17.051911812681098, 52.512241171152169 ], [ 17.051341894002984, 52.512270332609418 ], [ 17.050929442738333, 52.512208470592874 ], [ 17.050605236468801, 52.512192115379342 ], [ 17.050351479165503, 52.512215467661221 ], [ 17.050288831585881, 52.512203421693151 ], [ 17.050130635590968, 52.512514700364129 ], [ 17.050701295765858, 52.51267278708756 ], [ 17.051134477472292, 52.512878167345654 ], [ 17.051442851934539, 52.513048449826464 ], [ 17.051758057193954, 52.513268404879149 ], [ 17.052048641177663, 52.513432886000473 ], [ 17.052438929191727, 52.513587994205416 ], [ 17.0527792390345, 52.513648663494749 ] ] ] ] } },
{ "type": "Feature", "properties": { "id": null }, "geometry": { "type": "MultiPolygon", "coordinates": [ [ [ [ 17.025359640730048, 52.51541892860326 ], [ 17.025627026695204, 52.515494979374374 ], [ 17.026323524730316, 52.515462546396314 ], [ 17.026803053628175, 52.515437504404296 ], [ 17.027494720808264, 52.515311368596201 ], [ 17.028184313046953, 52.515195006517125 ], [ 17.028721505704013, 52.515128064777677 ], [ 17.0293638776966, 52.515094712074564 ], [ 17.029968692728215, 52.515093771217437 ], [ 17.030586711477383, 52.514999431730374 ], [ 17.03113404624116, 52.514870872037818 ], [ 17.031659648869159, 52.51482455002018 ], [ 17.032037572111616, 52.514649113222866 ], [ 17.031746072418457, 52.514506594403919 ], [ 17.031276888853991, 52.514300543574251 ], [ 17.031188744773665, 52.514051271461859 ], [ 17.031185959457328, 52.51370980445936 ], [ 17.031106344334113, 52.513471687757288 ], [ 17.030730235837492, 52.513404853216606 ], [ 17.030560836064335, 52.513357979071195 ], [ 17.030410300787334, 52.513091147305033 ], [ 17.030399486570658, 52.512727519380242 ], [ 17.030741565679765, 52.512545983219361 ], [ 17.031049203472698, 52.512529076463309 ], [ 17.031373403540425, 52.512545485222589 ], [ 17.03174958649527, 52.512408567950978 ], [ 17.032050171057918, 52.512347486973226 ], [ 17.03228884992614, 52.512257841683251 ], [ 17.031996381387476, 52.512137334354982 ], [ 17.031654637665916, 52.512109621824841 ], [ 17.031188102624409, 52.51204679089976 ], [ 17.030787324260171, 52.51212822912634 ], [ 17.030471813944157, 52.512321221296389 ], [ 17.030042989607384, 52.512424217262989 ], [ 17.029557585828435, 52.512581337211387 ], [ 17.02912293921349, 52.512612644659164 ], [ 17.028637378974945, 52.512571513892645 ], [ 17.028109187657556, 52.512474602683419 ], [ 17.027512788906709, 52.512288443279083 ], [ 17.026902445209704, 52.512212184048806 ], [ 17.026582830137336, 52.512294961703375 ], [ 17.027077795066837, 52.512528995409291 ], [ 17.02731810903239, 52.512604591020349 ], [ 17.027201743468886, 52.512784374669607 ], [ 17.026820715820879, 52.512827581364192 ], [ 17.026406816385737, 52.512798650203678 ], [ 17.026172455912224, 52.512992984769852 ], [ 17.025766726118036, 52.513184459279934 ], [ 17.025464153625943, 52.513289545518624 ], [ 17.025092027737809, 52.513536646491879 ], [ 17.02498058659587, 52.513606374409569 ], [ 17.024962254853417, 52.515021313319977 ], [ 17.025359640730048, 52.51541892860326 ] ] ] ] } },
{ "type": "Feature", "properties": { "id": null }, "geometry": { "type": "MultiPolygon", "coordinates": [ [ [ [ 16.985863695713157, 52.558060012657755 ], [ 16.987319667745162, 52.557933344490515 ], [ 16.987081446533367, 52.557808143872293 ], [ 16.98689063548963, 52.557634188095811 ], [ 16.986547080830857, 52.557540235416738 ], [ 16.986216417195916, 52.557559390218188 ], [ 16.986050506628537, 52.557630908788227 ], [ 16.985932462971263, 52.557840911397633 ], [ 16.985863695713157, 52.558060012657755 ] ] ] ] } },
{ "type": "Feature", "properties": { "id": null }, "geometry": { "type": "MultiPolygon", "coordinates": [ [ [ [ 16.972813028642342, 52.51378558512377 ], [ 16.9731936063001, 52.513753558001881 ], [ 16.973481206362923, 52.513780512198728 ], [ 16.973446191382052, 52.513658762028285 ], [ 16.973404689890199, 52.51348183237603 ], [ 16.973310038340873, 52.513381087883083 ], [ 16.973078658799341, 52.513407411436908 ], [ 16.972903243376933, 52.513492515253226 ], [ 16.972864127271176, 52.513557927033396 ], [ 16.972813028642342, 52.51378558512377 ] ] ] ] } },
{ "type": "Feature", "properties": { "id": null }, "geometry": { "type": "MultiPolygon", "coordinates": [ [ [ [ 16.976939699294888, 52.498024237200262 ], [ 16.977357717282544, 52.497959796848235 ], [ 16.977585389156175, 52.497914128101492 ], [ 16.977831597520144, 52.497857762122891 ], [ 16.978167479810601, 52.497819595476706 ], [ 16.97861650504564, 52.497780917512749 ], [ 16.978743610983418, 52.497105145236105 ], [ 16.978923421773132, 52.497119231374249 ], [ 16.979006793828056, 52.496400140334501 ], [ 16.978671345329474, 52.49640159071798 ], [ 16.978722363184112, 52.496008096182507 ], [ 16.977247042508097, 52.495896968947214 ], [ 16.976939699294888, 52.498024237200262 ] ] ] ] } },
{ "type": "Feature", "properties": { "id": null }, "geometry": { "type": "MultiPolygon", "coordinates": [ [ [ [ 16.984175198519676, 52.495619975837883 ], [ 16.984172417203446, 52.495496322792036 ], [ 16.984561215491208, 52.495482347197694 ], [ 16.984669811868827, 52.495492881249454 ], [ 16.9847544377389, 52.495501090044719 ], [ 16.984813930148146, 52.495491803149797 ], [ 16.984845546049094, 52.495425094203384 ], [ 16.984732908581297, 52.495418319486205 ], [ 16.984409723769598, 52.495289207141347 ], [ 16.984397761089511, 52.495366256822493 ], [ 16.984101476435516, 52.495386958839177 ], [ 16.98408908650563, 52.495288893204609 ], [ 16.983843627492259, 52.495305310545142 ], [ 16.983873305983437, 52.495578778898462 ], [ 16.983799494690491, 52.49571657713971 ], [ 16.983580270335214, 52.495712840183039 ], [ 16.98317326177326, 52.495698483884659 ], [ 16.982722290832871, 52.495703112358235 ], [ 16.982084217336979, 52.49567990996097 ], [ 16.981277142566153, 52.495674351077291 ], [ 16.980661494320998, 52.495602248989698 ], [ 16.980034521111421, 52.495336957580868 ], [ 16.98080417327483, 52.496159025340262 ], [ 16.980857577721501, 52.496168149428151 ], [ 16.981032364354874, 52.496171132934222 ], [ 16.981254584938128, 52.496166713283941 ], [ 16.981517892705895, 52.49614656945343 ], [ 16.981715102292473, 52.496100659872262 ], [ 16.981954338025478, 52.496018510941148 ], [ 16.982372450982925, 52.495996900004677 ], [ 16.982722211093467, 52.495998759248117 ], [ 16.983121282779692, 52.495952183575859 ], [ 16.983540333488619, 52.495910053381287 ], [ 16.983939966771292, 52.495851165855711 ], [ 16.983983540503878, 52.495916052245711 ], [ 16.983927216862263, 52.496007482325147 ], [ 16.983800446870656, 52.496094631953532 ], [ 16.983986501953765, 52.496218936794058 ], [ 16.984389690505711, 52.496339755646176 ], [ 16.984490959926301, 52.496464844920439 ], [ 16.984602358009891, 52.496381669090567 ], [ 16.984694779728905, 52.496333682222279 ], [ 16.984833904240304, 52.496300258042027 ], [ 16.98488840706289, 52.496292237952638 ], [ 16.984962036657837, 52.496285232027127 ], [ 16.985051160524982, 52.496284685190496 ], [ 16.985143696711507, 52.496283508056884 ], [ 16.985251947375556, 52.49628397522568 ], [ 16.985405527870611, 52.496279707507419 ], [ 16.985568186879789, 52.496274217490253 ], [ 16.986012710606634, 52.496270773342502 ], [ 16.986528237107464, 52.496243755395724 ], [ 16.986657608999181, 52.496231738315366 ], [ 16.986626788182104, 52.496147409438855 ], [ 16.986471604671074, 52.495660233564983 ], [ 16.987174939402145, 52.495576010855402 ], [ 16.987329443958838, 52.495843188356922 ], [ 16.987361369944999, 52.495880687591601 ], [ 16.987700307980514, 52.49582486085847 ], [ 16.988281443654575, 52.495769046339021 ], [ 16.988557254807073, 52.495769630627763 ], [ 16.98875705800554, 52.495814090344865 ], [ 16.988855461572786, 52.495869144378872 ], [ 16.988944521109396, 52.495981526566183 ], [ 16.989069628333063, 52.496041140643733 ], [ 16.98923022123007, 52.496060295610697 ], [ 16.989354767383162, 52.496132218507327 ], [ 16.989485287678161, 52.49622066769696 ], [ 16.989675376076672, 52.496330660248354 ], [ 16.989919620911088, 52.496433360360854 ], [ 16.99024304158516, 52.496570255000577 ], [ 16.990653110736879, 52.496725045564588 ], [ 16.990811851029708, 52.496950921648285 ], [ 16.990861973581282, 52.496962073467088 ], [ 16.991176757905087, 52.497091025261433 ], [ 16.991824579778495, 52.497689151194763 ], [ 16.992717414893242, 52.498466539089137 ], [ 16.993077652045308, 52.498709561943485 ], [ 16.993552196581348, 52.49903692623456 ], [ 16.99392509001844, 52.499372865139279 ], [ 16.994544874219979, 52.499846894613256 ], [ 16.994753345879399, 52.500087339076309 ], [ 16.994845168098493, 52.500294904526505 ], [ 16.994832051332981, 52.500583094659163 ], [ 16.994957137402078, 52.500801524298829 ], [ 16.99508490273648, 52.500906461938897 ], [ 16.995303974367573, 52.501119591716581 ], [ 16.995587855321133, 52.501387200040107 ], [ 16.995747357328725, 52.501726612169392 ], [ 16.995889864383827, 52.501995930494715 ], [ 16.996017615319289, 52.502145918462709 ], [ 16.996164417976264, 52.502320866292493 ], [ 16.996115491091267, 52.502508923273908 ], [ 16.996135479754223, 52.502661191756253 ], [ 16.996325425778945, 52.502775277001682 ], [ 16.996630234670317, 52.502878988626478 ], [ 16.996946253528005, 52.503032163816805 ], [ 16.99734501938396, 52.503289394331993 ], [ 16.997526382352927, 52.503444394403907 ], [ 16.99767037847948, 52.503385238706016 ], [ 16.997797559891477, 52.503251886431613 ], [ 16.997812302639609, 52.50307556887158 ], [ 16.997762979019804, 52.502828361335766 ], [ 16.997712536951656, 52.502605772105888 ], [ 16.997681323886749, 52.502256215758692 ], [ 16.997837820308686, 52.502069978892159 ], [ 16.997908961017036, 52.501837128876993 ], [ 16.997788860333554, 52.501666741411121 ], [ 16.99758172879114, 52.50148666817843 ], [ 16.997473025544995, 52.501361641640834 ], [ 16.997345271814883, 52.501211655199178 ], [ 16.997216399763587, 52.501086286954255 ], [ 16.997043636192686, 52.500890369753485 ], [ 16.996905610075281, 52.50067040323971 ], [ 16.996726499339196, 52.500466165633853 ], [ 16.996543646274208, 52.500048341224314 ], [ 16.99649060093493, 52.499883194224523 ], [ 16.996501609654377, 52.499641114035938 ], [ 16.996463690490394, 52.499439267273608 ], [ 16.996416622853687, 52.499290646325051 ], [ 16.996289065170892, 52.499136555734779 ], [ 16.996146569334172, 52.499015061660891 ], [ 16.995999590783946, 52.498844216880798 ], [ 16.99581713188655, 52.498713832915435 ], [ 16.995734970707293, 52.498603611372815 ], [ 16.995558866541582, 52.498705281042291 ], [ 16.995234218019345, 52.498421667217436 ], [ 16.994605076815812, 52.497968083433939 ], [ 16.994053475009661, 52.497665167686144 ], [ 16.993555749564329, 52.49747646816553 ], [ 16.993287450707289, 52.497529416555672 ], [ 16.993009946098319, 52.497565770608006 ], [ 16.992853831849711, 52.497448147590724 ], [ 16.992824329935715, 52.497357310185564 ], [ 16.992651226387881, 52.497169592887538 ], [ 16.992544222991736, 52.497155458313571 ], [ 16.992354490048182, 52.497185087930234 ], [ 16.992186046997794, 52.497190441311304 ], [ 16.992021904626533, 52.497101424425615 ], [ 16.991805290075831, 52.496982772943539 ], [ 16.991677942136711, 52.496824574508082 ], [ 16.991624918651436, 52.496659425462859 ], [ 16.991522405571892, 52.496546816924763 ], [ 16.991308413761057, 52.496370721951159 ], [ 16.991280599159325, 52.496242956793537 ], [ 16.991149513956657, 52.496166818677985 ], [ 16.990924687083115, 52.496080875808381 ], [ 16.990672783682982, 52.495998578774852 ], [ 16.990460468117316, 52.495933378641709 ], [ 16.990288675660171, 52.495864760412587 ], [ 16.990144896834749, 52.495771980604765 ], [ 16.990007841139747, 52.495679314861661 ], [ 16.989800582073517, 52.495503331472776 ], [ 16.989769826191772, 52.495421710913476 ], [ 16.989748686162269, 52.495350519320333 ], [ 16.989682039467187, 52.4951892439978 ], [ 16.989640972580769, 52.495057146939956 ], [ 16.989768340528034, 52.494919700083798 ], [ 16.989728209535983, 52.494767087847578 ], [ 16.989542790796577, 52.494702343120906 ], [ 16.989213581728613, 52.494692640904361 ], [ 16.989013595853088, 52.494652285035649 ], [ 16.989001480569755, 52.494475511495516 ], [ 16.988818666594479, 52.494501146795976 ], [ 16.988443880742153, 52.494605641707629 ], [ 16.988020912490882, 52.494733953217235 ], [ 16.987651346178417, 52.494871384207585 ], [ 16.98730156999175, 52.495017363249282 ], [ 16.987040682651092, 52.49513200422674 ], [ 16.986897986226015, 52.495310249559381 ], [ 16.986719453004206, 52.49538933540213 ], [ 16.986401059589483, 52.495437296605544 ], [ 16.986189442020603, 52.495462822495874 ], [ 16.98603350515215, 52.495525867123291 ], [ 16.986037929943421, 52.495605279305572 ], [ 16.986086921551561, 52.4956865343676 ], [ 16.985360311473716, 52.495792599778028 ], [ 16.985289829383206, 52.495602914674187 ], [ 16.984951385018061, 52.495622900725245 ], [ 16.984841772989711, 52.495621033366952 ], [ 16.984739932226638, 52.495620872038366 ], [ 16.98461871958316, 52.495620679908015 ], [ 16.984175198519676, 52.495619975837883 ] ], [ [ 16.98470085612178, 52.495784727617334 ], [ 16.984786350182141, 52.495760433035656 ], [ 16.984844901516386, 52.495771731028221 ], [ 16.984980044430838, 52.495768883076614 ], [ 16.985018673021134, 52.495846794637089 ], [ 16.985014201632254, 52.495944572918766 ], [ 16.984927765943993, 52.495989452562071 ], [ 16.984808779796534, 52.496008026421762 ], [ 16.984685833921375, 52.495928678241619 ], [ 16.98470085612178, 52.495784727617334 ] ], [ [ 16.989581683711776, 52.49570812773085 ], [ 16.989420071831837, 52.495736282182726 ], [ 16.989303671322222, 52.495698251958686 ], [ 16.989231308373821, 52.495619768389709 ], [ 16.989100628343753, 52.495524842674051 ], [ 16.988985403018955, 52.495461080951422 ], [ 16.988830368535485, 52.495345139936219 ], [ 16.988843967657928, 52.495232066062734 ], [ 16.988947730934811, 52.495177177728657 ], [ 16.989058962871418, 52.495328425540201 ], [ 16.989158733707711, 52.495361023080122 ], [ 16.989293170718128, 52.495373608901978 ], [ 16.989349844147899, 52.495426074586476 ], [ 16.989456873041039, 52.495484546401585 ], [ 16.98958567533036, 52.495620641651136 ], [ 16.989581683711776, 52.49570812773085 ] ] ] ] } },
{ "type": "Feature", "properties": { "id": null }, "geometry": { "type": "MultiPolygon", "coordinates": [ [ [ [ 16.973139351930072, 52.514503278924558 ], [ 16.973246025299602, 52.51448996266172 ], [ 16.973322144086296, 52.514454095540373 ], [ 16.973326298359545, 52.51441286544847 ], [ 16.973303901301406, 52.514360166836198 ], [ 16.973233646594863, 52.514317662013973 ], [ 16.973143770494246, 52.51430923870425 ], [ 16.973042722164966, 52.51434743200474 ], [ 16.972992584661405, 52.51440714815454 ], [ 16.973032576695857, 52.514469785251627 ], [ 16.973139351930072, 52.514503278924558 ] ] ] ] } },
{ "type": "Feature", "properties": { "id": null }, "geometry": { "type": "MultiPolygon", "coordinates": [ [ [ [ 16.973144199841617, 52.514201862782059 ], [ 16.97325150564399, 52.514174790267134 ], [ 16.973281704599273, 52.514156033697915 ], [ 16.973301705841205, 52.514113698375148 ], [ 16.973262955478646, 52.514073109977197 ], [ 16.973207598435291, 52.514050134274932 ], [ 16.973071701776309, 52.514012011589898 ], [ 16.972990694009827, 52.514056055034246 ], [ 16.972965169678801, 52.514120323014254 ], [ 16.972976608792269, 52.514165950400546 ], [ 16.973030952678638, 52.514210936191162 ], [ 16.973144199841617, 52.514201862782059 ] ] ] ] } },
{ "type": "Feature", "properties": { "id": null }, "geometry": { "type": "MultiPolygon", "coordinates": [ [ [ [ 16.979490689830854, 52.562141322870431 ], [ 16.981272935651472, 52.562161433808818 ], [ 16.981405815359938, 52.561468142666747 ], [ 16.979474348401006, 52.561320919949679 ], [ 16.979490689830854, 52.562141322870431 ] ] ] ] } },
{ "type": "Feature", "properties": { "id": null }, "geometry": { "type": "MultiPolygon", "coordinates": [ [ [ [ 17.122143026749583, 52.5187678299393 ], [ 17.122491456024271, 52.518641198587453 ], [ 17.122796421004342, 52.518475329696209 ], [ 17.123042225477292, 52.518214907556022 ], [ 17.123011068445461, 52.518098772487562 ], [ 17.122758719320171, 52.518089262202487 ], [ 17.122520892196516, 52.518162582391447 ], [ 17.122269584372301, 52.518340315555832 ], [ 17.122034673347514, 52.518556855386031 ], [ 17.121954525069185, 52.518742811181063 ], [ 17.122143026749583, 52.5187678299393 ] ] ] ] } },
{ "type": "Feature", "properties": { "id": null }, "geometry": { "type": "MultiPolygon", "coordinates": [ [ [ [ 17.076519567989788, 52.501624801487409 ], [ 17.076770609207973, 52.501661923676529 ], [ 17.077132259711536, 52.501645775748429 ], [ 17.077243828964264, 52.501570494644334 ], [ 17.077313914143378, 52.501411937852545 ], [ 17.077206297430482, 52.501189918431102 ], [ 17.077005148066309, 52.501043473065643 ], [ 17.076570644786525, 52.501074956309679 ], [ 17.07632899132512, 52.501236229585963 ], [ 17.076295452222784, 52.501384366619753 ], [ 17.076433960760156, 52.501518781110505 ], [ 17.076519567989788, 52.501624801487409 ] ] ] ] } },
{ "type": "Feature", "properties": { "id": null }, "geometry": { "type": "MultiPolygon", "coordinates": [ [ [ [ 17.073295618076468, 52.515202067701637 ], [ 17.074236340544829, 52.515363312542576 ], [ 17.074404061428837, 52.514933762796026 ], [ 17.073497083877303, 52.514723507977955 ], [ 17.073295618076468, 52.515202067701637 ] ] ] ] } },
{ "type": "Feature", "properties": { "id": null }, "geometry": { "type": "MultiPolygon", "coordinates": [ [ [ [ 17.016837554012419, 52.550205897513266 ], [ 17.018367310898334, 52.550137906931333 ], [ 17.018253829103575, 52.549849654882088 ], [ 17.016661638963658, 52.549900077347516 ], [ 17.016837554012419, 52.550205897513266 ] ] ] ] } },
{ "type": "Feature", "properties": { "id": null }, "geometry": { "type": "MultiPolygon", "coordinates": [ [ [ [ 17.012658222776036, 52.55373171036841 ], [ 17.012982144762514, 52.553560932630496 ], [ 17.012607639540718, 52.553251772150915 ], [ 17.012230050924259, 52.553410633978828 ], [ 17.012658222776036, 52.55373171036841 ] ] ] ] } },
{ "type": "Feature", "properties": { "id": null }, "geometry": { "type": "MultiPolygon", "coordinates": [ [ [ [ 17.012424733097145, 52.552301536340984 ], [ 17.012931330905573, 52.552486259711607 ], [ 17.013158180082915, 52.552264290738769 ], [ 17.012679908922198, 52.552052510140889 ], [ 17.012424733097145, 52.552301536340984 ] ] ] ] } },
{ "type": "Feature", "properties": { "id": null }, "geometry": { "type": "MultiPolygon", "coordinates": [ [ [ [ 17.011102588666983, 52.552571183528499 ], [ 17.011543116180864, 52.552418889558723 ], [ 17.011399108314745, 52.55220721265453 ], [ 17.010922473349936, 52.552358899236211 ], [ 17.011102588666983, 52.552571183528499 ] ] ] ] } },
{ "type": "Feature", "properties": { "id": null }, "geometry": { "type": "MultiPolygon", "coordinates": [ [ [ [ 16.960966556463998, 52.564285575725528 ], [ 16.960812072096303, 52.563330236987852 ], [ 16.960848860033323, 52.563121612181071 ], [ 16.960869376097087, 52.562874159381686 ], [ 16.960941929176069, 52.562478919302059 ], [ 16.960790732295415, 52.562426753158221 ], [ 16.960822064097055, 52.56214093904152 ], [ 16.960634497251622, 52.562093652873216 ], [ 16.960696584775715, 52.561924011646354 ], [ 16.960466427265803, 52.561820923288025 ], [ 16.960541998559616, 52.561263284570401 ], [ 16.960603749280825, 52.561198266915916 ], [ 16.960875762274249, 52.561178172993252 ], [ 16.96095049732341, 52.561028023349991 ], [ 16.960964838155686, 52.560816258329453 ], [ 16.960929138167817, 52.560611891409081 ], [ 16.960815721496669, 52.56052458186641 ], [ 16.960805321577965, 52.560359198447017 ], [ 16.960562314142084, 52.560338490921858 ], [ 16.960271355360064, 52.560377531412861 ], [ 16.960233627475201, 52.560509044612679 ], [ 16.960264125202084, 52.560630719992155 ], [ 16.960367827528753, 52.56063526054038 ], [ 16.960566203555931, 52.56064418578918 ], [ 16.960579921235336, 52.560738037895725 ], [ 16.960533548116029, 52.560861142000597 ], [ 16.960434231957606, 52.560859430589787 ], [ 16.960293265218105, 52.560879028547085 ], [ 16.960234113956854, 52.560985391901667 ], [ 16.960079475903843, 52.561007507398685 ], [ 16.960007674496282, 52.561094378784652 ], [ 16.959991878795407, 52.5612400369425 ], [ 16.960357290636004, 52.561251841440452 ], [ 16.96018218945667, 52.561909640702126 ], [ 16.960086210120206, 52.562420119586399 ], [ 16.959743872105911, 52.562397698455023 ], [ 16.95953229543251, 52.562867636539366 ], [ 16.960405570025216, 52.56293775633663 ], [ 16.960326535350418, 52.563277816344026 ], [ 16.960359982722306, 52.563628074903683 ], [ 16.960483682129034, 52.564281129564002 ], [ 16.960280063330302, 52.564279254112755 ], [ 16.960275434522451, 52.564619026815315 ], [ 16.96100826916242, 52.564680877129923 ], [ 16.960966556463998, 52.564285575725528 ] ] ] ] } },
{ "type": "Feature", "properties": { "id": null }, "geometry": { "type": "MultiPolygon", "coordinates": [ [ [ [ 16.957433156202033, 52.554206981245024 ], [ 16.957626122183289, 52.554266109199418 ], [ 16.957778442136192, 52.55431683921784 ], [ 16.957983847052464, 52.554380029345126 ], [ 16.95842002576002, 52.554503960052692 ], [ 16.958493750771183, 52.554377842582262 ], [ 16.95847088404452, 52.554286585685624 ], [ 16.958364301430265, 52.554149830110653 ], [ 16.9582466058101, 52.55396056796436 ], [ 16.958197126760524, 52.55376146897985 ], [ 16.958176688315298, 52.553617939155139 ], [ 16.958072322069079, 52.553530782867668 ], [ 16.957894716408248, 52.553464390020793 ], [ 16.95777306338708, 52.553360414725738 ], [ 16.957239013440233, 52.553285116094408 ], [ 16.957290189416071, 52.553544819801324 ], [ 16.957012263004366, 52.553498721293629 ], [ 16.95701600059262, 52.553807167555703 ], [ 16.956871475639421, 52.553903795316991 ], [ 16.956686416140936, 52.55390060037147 ], [ 16.956551096068697, 52.55379914125772 ], [ 16.956325030720514, 52.55380349794023 ], [ 16.956176720192516, 52.55378716973609 ], [ 16.956107315578045, 52.553725396137253 ], [ 16.956127762251565, 52.553577065176647 ], [ 16.95581785798047, 52.553538671820839 ], [ 16.955650562121466, 52.553444919566331 ], [ 16.955652023834201, 52.553219165265688 ], [ 16.955851825917229, 52.553002343759125 ], [ 16.955592086618005, 52.552953802600406 ], [ 16.955489535217861, 52.553216358314927 ], [ 16.955105789131458, 52.55330885104857 ], [ 16.95441293393635, 52.553054577341754 ], [ 16.954205243583875, 52.552858248623913 ], [ 16.953998067126079, 52.552650914766069 ], [ 16.954083150552776, 52.552569783365868 ], [ 16.953983275423511, 52.552386331662127 ], [ 16.954131992295448, 52.552102547964402 ], [ 16.954391333150369, 52.551771114877972 ], [ 16.954993828691041, 52.551831088838753 ], [ 16.955295992714529, 52.551549955167054 ], [ 16.955502513045804, 52.551382811692399 ], [ 16.954527298027408, 52.551178728299313 ], [ 16.954432084471851, 52.55116804258617 ], [ 16.9543173797042, 52.551224661293801 ], [ 16.953921615597885, 52.55157576297173 ], [ 16.953726996807955, 52.551875273226358 ], [ 16.953627253759155, 52.552077300955446 ], [ 16.953560032439114, 52.552356986462236 ], [ 16.953619956648236, 52.552622350049077 ], [ 16.953789230568091, 52.552867577001862 ], [ 16.954111711290846, 52.553120959111894 ], [ 16.954502505320107, 52.553265384650608 ], [ 16.954856937289374, 52.553414687337366 ], [ 16.955536095609208, 52.553575105849887 ], [ 16.955813034579791, 52.553739587361598 ], [ 16.955973069681384, 52.553836403935655 ], [ 16.956220999204401, 52.553903577570573 ], [ 16.956785755428157, 52.553998684736705 ], [ 16.957103412910602, 52.554064743440527 ], [ 16.95725343244602, 52.554134613116396 ], [ 16.957433156202033, 52.554206981245024 ] ] ] ] } },
{ "type": "Feature", "properties": { "id": null }, "geometry": { "type": "MultiPolygon", "coordinates": [ [ [ [ 16.955420707145073, 52.550907811870026 ], [ 16.955735287788208, 52.550748041665251 ], [ 16.956088349783148, 52.550732112569165 ], [ 16.956303710519897, 52.550763365921235 ], [ 16.956234424523863, 52.550990702425075 ], [ 16.95612687146037, 52.550972324528296 ], [ 16.956056523531647, 52.55112530052363 ], [ 16.95633975272948, 52.551251341860571 ], [ 16.956637518652037, 52.550967375468531 ], [ 16.956790461062621, 52.550981029727346 ], [ 16.95698027727742, 52.550978799896178 ], [ 16.957119512008035, 52.550898601167262 ], [ 16.957310094653799, 52.550879863583148 ], [ 16.957586917406367, 52.550870358027559 ], [ 16.957844457352984, 52.550850537976203 ], [ 16.958269988426711, 52.550830346048137 ], [ 16.958405472681619, 52.550441699306788 ], [ 16.958366640703819, 52.550110620298135 ], [ 16.958389461725591, 52.549813645790437 ], [ 16.958399935165051, 52.549588046900759 ], [ 16.958501438472002, 52.549347497901493 ], [ 16.958651360660792, 52.549036883723893 ], [ 16.958739916692743, 52.548685974799355 ], [ 16.958797817335711, 52.548411632525649 ], [ 16.958973312158651, 52.548133811581359 ], [ 16.959269207459247, 52.547791984836266 ], [ 16.959513750380875, 52.547388696924848 ], [ 16.959860288722624, 52.546733853197217 ], [ 16.959857072808941, 52.546413713839378 ], [ 16.959796607832981, 52.546159357693725 ], [ 16.959607231535365, 52.545957847115368 ], [ 16.959400316259288, 52.545745020139385 ], [ 16.959221756273866, 52.545505147667313 ], [ 16.958999091875189, 52.54524248695202 ], [ 16.958847101795214, 52.545014085762013 ], [ 16.958583232743418, 52.544860849941131 ], [ 16.958192754302829, 52.544710935890087 ], [ 16.957925228656052, 52.544441992180872 ], [ 16.957917907279981, 52.544210579247952 ], [ 16.957944898827904, 52.544018306188754 ], [ 16.958036088505335, 52.543805113608762 ], [ 16.958009694433539, 52.543595398849448 ], [ 16.957982023370484, 52.543413196161922 ], [ 16.958123530803377, 52.543283474143628 ], [ 16.958223487666579, 52.543075939513287 ], [ 16.958261545317171, 52.54283980270187 ], [ 16.958465458956084, 52.542727677478908 ], [ 16.958558686178247, 52.542470465047316 ], [ 16.958587461153808, 52.542239674812585 ], [ 16.958709293162549, 52.541949914767116 ], [ 16.958207732631305, 52.541858659371485 ], [ 16.957883262964053, 52.542233031384697 ], [ 16.9573151950765, 52.542795936739211 ], [ 16.957046139092188, 52.54314372889904 ], [ 16.956795129108269, 52.54349183204274 ], [ 16.956681282772969, 52.543803755359193 ], [ 16.956718819735482, 52.544162347124981 ], [ 16.956812554236862, 52.544477854561762 ], [ 16.957131925661827, 52.5447972572711 ], [ 16.957967353032629, 52.545389032218125 ], [ 16.958593015535705, 52.545823852145674 ], [ 16.959214177514255, 52.546258591035667 ], [ 16.959408922535378, 52.546636413069024 ], [ 16.95941003421305, 52.546807143669042 ], [ 16.959369042714677, 52.547106558532398 ], [ 16.959259334518098, 52.547426815685732 ], [ 16.959056127960569, 52.547717926181832 ], [ 16.958734601563574, 52.548125392139845 ], [ 16.958455262668206, 52.5485969134577 ], [ 16.958216067611115, 52.549176509715885 ], [ 16.958091164256594, 52.549428528820414 ], [ 16.957957385353247, 52.549585918276954 ], [ 16.957769446811927, 52.549742372979445 ], [ 16.957483493526482, 52.549869601683767 ], [ 16.957109574181302, 52.549945749867277 ], [ 16.956773549142788, 52.549984003392311 ], [ 16.956502243144666, 52.549990332592536 ], [ 16.956220120525749, 52.550035022114258 ], [ 16.956028006640526, 52.550086772398863 ], [ 16.955860925689283, 52.550183009331583 ], [ 16.955725090186466, 52.55038441536108 ], [ 16.95556915371678, 52.55062952855571 ], [ 16.955400790515789, 52.550753276804699 ], [ 16.955051125481756, 52.550890412608865 ], [ 16.954886086531523, 52.550942628907528 ], [ 16.954764901038473, 52.551023136963977 ], [ 16.955170334598016, 52.551046663404946 ], [ 16.955420707145073, 52.550907811870026 ] ] ] ] } },
{ "type": "Feature", "properties": { "id": null }, "geometry": { "type": "MultiPolygon", "coordinates": [ [ [ [ 16.965708862232333, 52.517657164227799 ], [ 16.965175154221669, 52.517514079918527 ], [ 16.9646877214022, 52.517396360065902 ], [ 16.964070674374337, 52.517299369465938 ], [ 16.963342820930986, 52.517338344133499 ], [ 16.96324994570907, 52.517234977977736 ], [ 16.963102668853882, 52.517195182785649 ], [ 16.963107070747071, 52.517336481959973 ], [ 16.963016157675238, 52.517708624251917 ], [ 16.962859871532086, 52.518041784863208 ], [ 16.962760836917727, 52.51824933522925 ], [ 16.962585460708272, 52.51855539660577 ], [ 16.962348010764803, 52.519063864782353 ], [ 16.962191685964665, 52.519332171601427 ], [ 16.962017058554544, 52.519734628242794 ], [ 16.961856955623745, 52.52003030226237 ], [ 16.961614692402367, 52.520469908992951 ], [ 16.961547870284694, 52.520585144377641 ], [ 16.961470087015798, 52.520717370040593 ], [ 16.961232758035997, 52.521101206203255 ], [ 16.960857831026047, 52.52168603232456 ], [ 16.960639890656822, 52.521966226987409 ], [ 16.960552150274964, 52.522163669228327 ], [ 16.960176873713017, 52.522650628856802 ], [ 16.959945435498067, 52.522852788568052 ], [ 16.959479104723826, 52.523137398417099 ], [ 16.959256223311744, 52.523271225245146 ], [ 16.958933813005803, 52.523502990529778 ], [ 16.958453681100785, 52.523801953168928 ], [ 16.958117948593262, 52.524051746693594 ], [ 16.958717129925979, 52.523876677406726 ], [ 16.959046324628265, 52.523696948096337 ], [ 16.960061259592219, 52.522931616032857 ], [ 16.960781905095281, 52.522764430312357 ], [ 16.960702340360918, 52.522717344922555 ], [ 16.960594808311651, 52.522669139307787 ], [ 16.960602483724301, 52.522594593218969 ], [ 16.960777582285971, 52.52255125919794 ], [ 16.960940906530631, 52.522579825269247 ], [ 16.960962760299108, 52.522654880290595 ], [ 16.96101091521864, 52.522705845784209 ], [ 16.961393606321455, 52.522604364652842 ], [ 16.962023166563647, 52.522501905510744 ], [ 16.962531275457938, 52.522469454846807 ], [ 16.96309190893475, 52.522396704433525 ], [ 16.963517077367037, 52.52233192020838 ], [ 16.966096102589063, 52.522067270043536 ], [ 16.966715902444232, 52.521810111369199 ], [ 16.966962109596103, 52.5215980327064 ], [ 16.967309077532612, 52.52139798518219 ], [ 16.967685987097887, 52.521280854649135 ], [ 16.967910562664983, 52.52117140704965 ], [ 16.968002053802966, 52.521018471563686 ], [ 16.968024152510466, 52.520905546065364 ], [ 16.968028903181711, 52.520802623074182 ], [ 16.968035316542288, 52.520663677032729 ], [ 16.968016658262115, 52.520519150160155 ], [ 16.968077015000354, 52.520309027355914 ], [ 16.968209735183745, 52.520177400701023 ], [ 16.968383912351076, 52.519696270187261 ], [ 16.968503194473136, 52.51930690096178 ], [ 16.968516967299376, 52.519008424111846 ], [ 16.968462776730075, 52.518719080704486 ], [ 16.968473700011405, 52.51848235766932 ], [ 16.968685661098821, 52.518279987909558 ], [ 16.969366233599512, 52.518168065552004 ], [ 16.96977258211562, 52.51814413796361 ], [ 16.970182726356711, 52.518037870433275 ], [ 16.970104536203195, 52.51790262293472 ], [ 16.969769948631193, 52.517835078979054 ], [ 16.969268543964453, 52.517723468976861 ], [ 16.968916137827129, 52.517676217656138 ], [ 16.968500994909103, 52.517524883404292 ], [ 16.968674459533929, 52.517424857255101 ], [ 16.969248092949876, 52.517434705024222 ], [ 16.969374030454041, 52.517436866665427 ], [ 16.96949551149293, 52.517249453491182 ], [ 16.969666299733682, 52.516971535973241 ], [ 16.969828770147377, 52.516776078012505 ], [ 16.970021793338603, 52.516603171419938 ], [ 16.970295302064361, 52.516544535501261 ], [ 16.970568176019125, 52.516499655153787 ], [ 16.970927696295327, 52.516533355961023 ], [ 16.971387331258487, 52.51664724476737 ], [ 16.972221523963416, 52.516663850512927 ], [ 16.972284910389643, 52.516562132398853 ], [ 16.972348479925049, 52.516455838668584 ], [ 16.972423349338758, 52.516300177061872 ], [ 16.972458821135373, 52.5160199364568 ], [ 16.97247118574478, 52.515849436507267 ], [ 16.97248253673456, 52.515700946518237 ], [ 16.972489884623304, 52.515541374252471 ], [ 16.972462294699096, 52.515356422466212 ], [ 16.972469820255785, 52.515094976797599 ], [ 16.972467388522304, 52.514951757419269 ], [ 16.972543451598323, 52.514825979526947 ], [ 16.972981563277362, 52.514885537660135 ], [ 16.973241709182602, 52.514906248721424 ], [ 16.973266587229535, 52.514864435474657 ], [ 16.973316598270006, 52.514807470462337 ], [ 16.973391602360799, 52.514746803445085 ], [ 16.973434176558296, 52.514655293274814 ], [ 16.973349026375256, 52.514556432492498 ], [ 16.973232257141497, 52.514592979936573 ], [ 16.973087575818685, 52.514602362087338 ], [ 16.972920922500272, 52.514579041409775 ], [ 16.972782835994941, 52.514502677217024 ], [ 16.972719117910142, 52.51441622941627 ], [ 16.97269605012163, 52.514329101470807 ], [ 16.972722683392057, 52.514218458876762 ], [ 16.972540659420794, 52.514242631402958 ], [ 16.971829808153831, 52.514390145224873 ], [ 16.971795050762818, 52.514262892127817 ], [ 16.971768224770173, 52.514061432706598 ], [ 16.971668179077472, 52.513979868339256 ], [ 16.971686396880408, 52.513878304210493 ], [ 16.971633728709872, 52.513747990552432 ], [ 16.971618330725651, 52.513494412062535 ], [ 16.971738873783227, 52.513424889897735 ], [ 16.97187256491241, 52.513363853270199 ], [ 16.971888046427711, 52.513223694339928 ], [ 16.971807561040738, 52.513109424373724 ], [ 16.971541373389208, 52.513107613976615 ], [ 16.971302369561187, 52.513103515719692 ], [ 16.97112110202136, 52.513119681089854 ], [ 16.971157884803382, 52.513202914462184 ], [ 16.971190357946064, 52.513379690147588 ], [ 16.97121421179342, 52.513743550463026 ], [ 16.971186286189386, 52.513957838202629 ], [ 16.971388077146312, 52.513986079327736 ], [ 16.971385035168115, 52.51405210920386 ], [ 16.971404614639358, 52.514214896613119 ], [ 16.971395615418682, 52.51441023498856 ], [ 16.971392139765577, 52.514583640728198 ], [ 16.971335054988824, 52.514745113530012 ], [ 16.971217188823747, 52.514952352103499 ], [ 16.971019341904803, 52.515034315083923 ], [ 16.970822762147094, 52.515088765291253 ], [ 16.970632847244353, 52.515096521392792 ], [ 16.970501487105189, 52.515008912056238 ], [ 16.970425892330542, 52.514886464819696 ], [ 16.970366870574541, 52.51469821981388 ], [ 16.970332244021677, 52.514568215090769 ], [ 16.970328987277739, 52.514345132315363 ], [ 16.970359295867379, 52.513687585222826 ], [ 16.970401332393422, 52.513558895713793 ], [ 16.970538813400804, 52.51321983028906 ], [ 16.970639345661233, 52.513094897575535 ], [ 16.970830139377309, 52.513067882663549 ], [ 16.971031726598547, 52.513002504696878 ], [ 16.971077509359986, 52.512890399715978 ], [ 16.971029733867649, 52.51275190940229 ], [ 16.971142415904708, 52.512681564669187 ], [ 16.971298599356892, 52.512720037506568 ], [ 16.971237782764458, 52.512417667304199 ], [ 16.971371091249562, 52.512364884946059 ], [ 16.971758395451733, 52.512382539399027 ], [ 16.971711811324365, 52.512120165938143 ], [ 16.971876177315238, 52.512078929169498 ], [ 16.971765921272958, 52.511741466001325 ], [ 16.971914834473822, 52.511545772790392 ], [ 16.971969169899722, 52.511419358637383 ], [ 16.972032595029454, 52.511426296925706 ], [ 16.972195184512355, 52.511423577141763 ], [ 16.972343438435075, 52.510556037838043 ], [ 16.972323075689967, 52.510430810372064 ], [ 16.972008808851825, 52.510411598355567 ], [ 16.97173025019087, 52.510384795418418 ], [ 16.971720829654419, 52.510197401367009 ], [ 16.971752297595984, 52.509906078396298 ], [ 16.971803793816385, 52.509668733732262 ], [ 16.971917392529438, 52.509652840790913 ], [ 16.972018367581171, 52.509616023948169 ], [ 16.972098443625754, 52.509543054312296 ], [ 16.972094112659892, 52.509441103537831 ], [ 16.972049833036863, 52.509324700847252 ], [ 16.97197132937503, 52.509265533249938 ], [ 16.971266366856007, 52.509090994022351 ], [ 16.971200471049322, 52.509345932031117 ], [ 16.971006816153267, 52.50982721270573 ], [ 16.970795880631549, 52.510291676125071 ], [ 16.970426950332079, 52.511050798062911 ], [ 16.970123279382886, 52.511568737680804 ], [ 16.969727777096729, 52.512316387836705 ], [ 16.969521150173815, 52.512582848807369 ], [ 16.969288895516396, 52.512823916652557 ], [ 16.969107638500784, 52.513035571913399 ], [ 16.968951279544481, 52.513294462491345 ], [ 16.96876608469692, 52.513591405641556 ], [ 16.968631694509902, 52.513765316990067 ], [ 16.96838551903808, 52.51401440432457 ], [ 16.968111013515596, 52.514290538785872 ], [ 16.967913483655096, 52.514463364890531 ], [ 16.967381025623748, 52.514719370630104 ], [ 16.967497218902537, 52.514762568782984 ], [ 16.967743151505395, 52.514921300711485 ], [ 16.968217201448951, 52.515259057960101 ], [ 16.968621400993655, 52.515647116218631 ], [ 16.96872287862179, 52.516009374867032 ], [ 16.968481710886138, 52.516479055236545 ], [ 16.968090120435932, 52.516915250340254 ], [ 16.967668336404085, 52.516908005527078 ], [ 16.96702770025243, 52.516886698233989 ], [ 16.966433875830738, 52.516948595849165 ], [ 16.96566064687612, 52.516873499620296 ], [ 16.964879333223184, 52.516973367225212 ], [ 16.965107445584451, 52.517152398956384 ], [ 16.965622850825866, 52.517326070288448 ], [ 16.966158459865824, 52.51742798340134 ], [ 16.966779855281192, 52.517500467010862 ], [ 16.967042671921604, 52.517659490405855 ], [ 16.967300263424217, 52.517931728529 ], [ 16.967224697958901, 52.518105538076703 ], [ 16.967108496221172, 52.518062339592596 ], [ 16.966743495964195, 52.517922161214258 ], [ 16.966259445449637, 52.517800536189164 ], [ 16.965708862232333, 52.517657164227799 ] ], [ [ 16.96696942265714, 52.518240207942469 ], [ 16.966898697626071, 52.518172039559957 ], [ 16.966844488147242, 52.518111880304666 ], [ 16.96683391372127, 52.518066634049056 ], [ 16.966864330529397, 52.518047843394683 ], [ 16.967031087988811, 52.518093198417745 ], [ 16.967145507629663, 52.518174993096075 ], [ 16.967205212922035, 52.518253272450295 ], [ 16.967268779997728, 52.518339343470885 ], [ 16.967325782747949, 52.518430451904322 ], [ 16.967326733805649, 52.518501283928089 ], [ 16.967283336486275, 52.518572641551621 ], [ 16.967191312776084, 52.518554322170282 ], [ 16.96708164472285, 52.51846102117409 ], [ 16.96701775108329, 52.518336317702499 ], [ 16.96696942265714, 52.518240207942469 ] ], [ [ 16.967034088644056, 52.518805269524748 ], [ 16.966993779852608, 52.518718310495323 ], [ 16.967051524953575, 52.518656212423899 ], [ 16.967198442312679, 52.518674187553835 ], [ 16.967311051740758, 52.51874951315969 ], [ 16.967402066971861, 52.518881120204462 ], [ 16.967412524190113, 52.519020356101777 ], [ 16.967414009951842, 52.519079609284148 ], [ 16.96737138436281, 52.519134241944656 ], [ 16.967284142085834, 52.519149481294995 ], [ 16.967206494034816, 52.519094069750956 ], [ 16.967170402691426, 52.51900718325362 ], [ 16.967113934203493, 52.518904495915613 ], [ 16.967034088644056, 52.518805269524748 ] ], [ [ 16.965218909712309, 52.520848530879576 ], [ 16.965313195472, 52.520632976941947 ], [ 16.965426203670532, 52.520417744895795 ], [ 16.965636911052862, 52.520318495603945 ], [ 16.96586936977139, 52.520356783367319 ], [ 16.96599080782557, 52.520364586337251 ], [ 16.966246739160244, 52.52030040431211 ], [ 16.966347478509466, 52.520147827091137 ], [ 16.966459425238739, 52.519955436415195 ], [ 16.966607234648837, 52.519797952869467 ], [ 16.966863425532331, 52.519728058851314 ], [ 16.966971940644243, 52.519609905594379 ], [ 16.96714348013094, 52.519344241438681 ], [ 16.967286011641274, 52.5193009692426 ], [ 16.967466913515796, 52.519441240654544 ], [ 16.967541148774046, 52.519659691398786 ], [ 16.967345744261664, 52.519833503812343 ], [ 16.966904298922856, 52.520060239547718 ], [ 16.966692540571493, 52.520182333583328 ], [ 16.966343386357131, 52.520439229062916 ], [ 16.966155752396428, 52.52064746397496 ], [ 16.966046440949423, 52.520782748237792 ], [ 16.965910626587469, 52.520883285891173 ], [ 16.965730113614057, 52.520937333700111 ], [ 16.965314762978984, 52.521004488250981 ], [ 16.965176711338316, 52.520950677715845 ], [ 16.965218909712309, 52.520848530879576 ] ], [ [ 16.966140826863867, 52.521327693314333 ], [ 16.966225728740241, 52.521226148190458 ], [ 16.966427433463121, 52.521154936960194 ], [ 16.966567110901931, 52.521147037218903 ], [ 16.966649098784476, 52.521199948616704 ], [ 16.96667262556057, 52.521238979677378 ], [ 16.966664723019196, 52.521318672427178 ], [ 16.966579703108938, 52.521422790945245 ], [ 16.966475612022279, 52.521482804660749 ], [ 16.966363916160294, 52.521524661765532 ], [ 16.966240991731741, 52.521535424370541 ], [ 16.966150091669995, 52.521492659949494 ], [ 16.966114980347633, 52.521430253601039 ], [ 16.966140826863867, 52.521327693314333 ] ] ] ] } },
{ "type": "Feature", "properties": { "id": null }, "geometry": { "type": "MultiPolygon", "coordinates": [ [ [ [ 16.99958784287114, 52.534772947421992 ], [ 17.000039283331617, 52.534874193883816 ], [ 17.000829124637619, 52.535080278640059 ], [ 17.001670491775648, 52.535345049553435 ], [ 17.002455837515239, 52.535551047399544 ], [ 17.00296919426679, 52.535581739478268 ], [ 17.003511121275931, 52.535579870625369 ], [ 17.003843503891979, 52.53561851891768 ], [ 17.004337067891925, 52.535687418683288 ], [ 17.004681969419263, 52.535649180686868 ], [ 17.00496545019848, 52.535571358632971 ], [ 17.005370274069513, 52.535605717164984 ], [ 17.005846042222416, 52.535668803853518 ], [ 17.006315281251599, 52.535676710731515 ], [ 17.006612818378866, 52.535687230181935 ], [ 17.006977312167418, 52.535814519179851 ], [ 17.007381143231619, 52.53587088122795 ], [ 17.007811797887403, 52.535933200274378 ], [ 17.008241457434004, 52.536017528138743 ], [ 17.008554554747672, 52.536083372453092 ], [ 17.009014028050146, 52.536107624593726 ], [ 17.009544697708748, 52.536155099704921 ], [ 17.01038093906023, 52.536235244616229 ], [ 17.010631935897621, 52.53647625630753 ], [ 17.010930792189875, 52.536657497312653 ], [ 17.011543682124866, 52.536684318291208 ], [ 17.012024692551055, 52.536631825634501 ], [ 17.012610683090113, 52.536454438236248 ], [ 17.012976365674486, 52.536355950482559 ], [ 17.013477158021935, 52.536265236659204 ], [ 17.013920327140813, 52.536250648527513 ], [ 17.014345199701992, 52.536241258495146 ], [ 17.014843257117899, 52.536211067604825 ], [ 17.015172588753732, 52.536117470047863 ], [ 17.015414657846833, 52.535956326736994 ], [ 17.01566292922185, 52.535657617447249 ], [ 17.015632203385742, 52.53533770893673 ], [ 17.015699250232004, 52.535052480691277 ], [ 17.015938738853553, 52.534748116769883 ], [ 17.01655067344393, 52.534394928121493 ], [ 17.01689902706693, 52.534279617577042 ], [ 17.017285456761645, 52.534120889782884 ], [ 17.017661372768242, 52.533995025287197 ], [ 17.017948042856904, 52.533845637624708 ], [ 17.018008380257182, 52.533708978791964 ], [ 17.017884530062812, 52.533651836456002 ], [ 17.017512832155919, 52.533684157052129 ], [ 17.01709229681877, 52.533798259801365 ], [ 17.016780537645005, 52.533903170668829 ], [ 17.016532437879, 52.533998134256628 ], [ 17.01611645499521, 52.534211431934736 ], [ 17.015842770034482, 52.534272924448935 ], [ 17.015590853908463, 52.534252179685559 ], [ 17.015432648345833, 52.534155911152801 ], [ 17.015548376021844, 52.53399264858713 ], [ 17.015730087425855, 52.533968161953375 ], [ 17.01584714521087, 52.533975631628877 ], [ 17.015989941368758, 52.533812822525121 ], [ 17.01600243830022, 52.533735937120866 ], [ 17.015895645178428, 52.533701105802734 ], [ 17.015080553971444, 52.533753517149641 ], [ 17.014225061684147, 52.533700616019757 ], [ 17.013813956244864, 52.533605607658231 ], [ 17.013284057466624, 52.533541644094932 ], [ 17.012812105725075, 52.533594293783885 ], [ 17.012353725767568, 52.533746291694257 ], [ 17.011402354431841, 52.534016659866886 ], [ 17.010701573443743, 52.534137043542877 ], [ 17.010102785155546, 52.534198563662308 ], [ 17.009724294019744, 52.534181184532507 ], [ 17.009391667691741, 52.534148055406291 ], [ 17.008975091352632, 52.53417408746958 ], [ 17.008402374789597, 52.534258064834653 ], [ 17.00800185116745, 52.534328417965781 ], [ 17.007419858098679, 52.534417741221596 ], [ 17.007074968419833, 52.534455987325273 ], [ 17.00650548563836, 52.534468421759428 ], [ 17.005946522382182, 52.534447989989737 ], [ 17.0054878166615, 52.534407218362503 ], [ 17.005029860273993, 52.534349937212383 ], [ 17.004775703827214, 52.534378692725213 ], [ 17.004508780334486, 52.534489834253264 ], [ 17.004050363140436, 52.534641799597544 ], [ 17.003762356741408, 52.534620420848924 ], [ 17.003565834895248, 52.534573050990517 ], [ 17.003307396917485, 52.534497102082938 ], [ 17.002913107050727, 52.534429873436714 ], [ 17.002472701531232, 52.534383892160832 ], [ 17.002087437551545, 52.534316813112028 ], [ 17.001727496077688, 52.53428870798836 ], [ 17.001244500561299, 52.53438517951021 ], [ 17.00088230915998, 52.534406594955485 ], [ 17.000307803639021, 52.534330805986464 ], [ 16.99977214566227, 52.534195096152352 ], [ 16.99950519351875, 52.534107981356293 ], [ 16.999280357365603, 52.534087659609945 ], [ 16.999089613520269, 52.534111968300138 ], [ 16.998815332613372, 52.534037118295707 ], [ 16.998697527206097, 52.534046139487884 ], [ 16.998481464935939, 52.53403147140768 ], [ 16.998104733211846, 52.533975537233822 ], [ 16.997946567513097, 52.533879245708633 ], [ 16.997845046591788, 52.533728844459709 ], [ 16.997715955524374, 52.533588990184846 ], [ 16.997438986206131, 52.533523728347511 ], [ 16.997202118207852, 52.533371035844802 ], [ 16.99706350601565, 52.533242033271065 ], [ 16.996743928591908, 52.533120980555836 ], [ 16.996430119125524, 52.533071613014727 ], [ 16.996136110892017, 52.532984032375971 ], [ 16.995858145350553, 52.532940777114774 ], [ 16.995512255513379, 52.533000999756823 ], [ 16.995150073204549, 52.533022397745953 ], [ 16.994747534876794, 52.533136726339805 ], [ 16.995071614754298, 52.53355522796619 ], [ 16.994890222015545, 52.533600789224863 ], [ 16.994965701439103, 52.533797775721418 ], [ 16.995162142540526, 52.533935009318974 ], [ 16.995398436927317, 52.533939012631265 ], [ 16.995614102460799, 52.534025069178234 ], [ 16.995831644016622, 52.534069955530825 ], [ 16.996067001749083, 52.534094542421101 ], [ 16.99621878873597, 52.534099687991059 ], [ 16.996401753003916, 52.534069309911018 ], [ 16.996605822987988, 52.534410102956791 ], [ 16.996387226002611, 52.534481079573396 ], [ 16.994555917719413, 52.534635463653565 ], [ 16.994133487838667, 52.534638603922389 ], [ 16.993246421842656, 52.534829571279509 ], [ 16.992620509175016, 52.534849855887821 ], [ 16.992327995238632, 52.534226869363799 ], [ 16.990037185238183, 52.534841012069094 ], [ 16.989785028127631, 52.534825714988742 ], [ 16.989480992689639, 52.53475997468594 ], [ 16.98905688598197, 52.534752767939928 ], [ 16.988497645661592, 52.534936000727306 ], [ 16.988173014725088, 52.535123219953874 ], [ 16.988672834172483, 52.536635074137898 ], [ 16.988923118239743, 52.537481868812954 ], [ 16.988922081500231, 52.537702123263621 ], [ 16.988857120765331, 52.537937811693581 ], [ 16.988815458929494, 52.538256498096082 ], [ 16.988828445477434, 52.538565099680582 ], [ 16.98890837589655, 52.538792236976981 ], [ 16.989034908003397, 52.539185370179325 ], [ 16.989422370741831, 52.539797702070587 ], [ 16.990068214781235, 52.541080744051037 ], [ 16.990254745036889, 52.540951748970521 ], [ 16.990606987983611, 52.540753979226722 ], [ 16.991043214596335, 52.540497059483428 ], [ 16.99129567622434, 52.540308607304517 ], [ 16.99134035738026, 52.539725645195922 ], [ 16.991503804657022, 52.53970639231845 ], [ 16.991720143270186, 52.539715570847157 ], [ 16.992098673299854, 52.539733007956748 ], [ 16.992193423335326, 52.539833737987742 ], [ 16.992272368817869, 52.540082883305573 ], [ 16.992337032536199, 52.540249184304606 ], [ 16.993108074784921, 52.541363622327189 ], [ 16.993343475817355, 52.541351093928242 ], [ 16.993652330914959, 52.541312276498232 ], [ 16.993748101014305, 52.541192750726829 ], [ 16.99373858359505, 52.541005358351221 ], [ 16.994980764954754, 52.540503266293761 ], [ 16.995511221262014, 52.540358062682934 ], [ 16.995805026384758, 52.540252903232094 ], [ 16.996162004596659, 52.540347057380643 ], [ 16.996456061699657, 52.540434638342532 ], [ 16.996705998437324, 52.540499444491253 ], [ 16.996800259597322, 52.540611176043626 ], [ 16.996912821406603, 52.540717710502776 ], [ 16.997136688056415, 52.540760047259916 ], [ 16.997284097906423, 52.540894705119904 ], [ 16.997457330858907, 52.541057333738685 ], [ 16.997571899169404, 52.541119847169192 ], [ 16.997716798448774, 52.541111285413393 ], [ 16.99777445408364, 52.541035165873325 ], [ 16.997743614004758, 52.540919001444408 ], [ 16.99764558461592, 52.540691564286227 ], [ 16.997449035268808, 52.540445939477451 ], [ 16.997282825411869, 52.540327484012124 ], [ 16.997180039920568, 52.54020459498539 ], [ 16.997080261287159, 52.540015675245456 ], [ 16.996948143051171, 52.539743606108082 ], [ 16.996868169378867, 52.539516473847307 ], [ 16.996735051637774, 52.539266414686828 ], [ 16.996485118569726, 52.539003364020751 ], [ 16.996185052033837, 52.538651355152531 ], [ 16.995952923688421, 52.538394111583528 ], [ 16.995820315731127, 52.538133046334593 ], [ 16.995644342586914, 52.538030943461287 ], [ 16.995673295597584, 52.537891010586527 ], [ 16.995644719208947, 52.537725322682633 ], [ 16.995619151227753, 52.537493604173086 ], [ 16.995725184858291, 52.537148472038687 ], [ 16.996255594331867, 52.536705897541772 ], [ 16.996192549513772, 52.536503831902827 ], [ 16.996088144953639, 52.536218463857985 ], [ 16.996011943185142, 52.536206159774238 ], [ 16.995932926642634, 52.536203851777124 ], [ 16.995451404009835, 52.536391403047823 ], [ 16.995123665939353, 52.536540356487663 ], [ 16.994725594204901, 52.536749919496984 ], [ 16.994598995226877, 52.536933181066559 ], [ 16.994762628358689, 52.537049258383462 ], [ 16.994978307700702, 52.537135316186102 ], [ 16.995057545388526, 52.537249963046484 ], [ 16.995141937704894, 52.537622206885878 ], [ 16.995166785702356, 52.53781833524107 ], [ 16.994192445439133, 52.538069633688302 ], [ 16.993925185406926, 52.53800330083542 ], [ 16.993906443842391, 52.537673370642466 ], [ 16.994020391841694, 52.53739719182844 ], [ 16.994101048857129, 52.537110148184908 ], [ 16.994029322129837, 52.536830821735563 ], [ 16.993903673790708, 52.536622683829975 ], [ 16.994137180167627, 52.536317630553924 ], [ 16.99458541855385, 52.536119220124483 ], [ 16.995112888649277, 52.536035454775671 ], [ 16.995675990131815, 52.535911089072123 ], [ 16.995843188931563, 52.535937257727781 ], [ 16.996044982823047, 52.535968840583244 ], [ 16.996060944586812, 52.535824267249247 ], [ 16.996254453899358, 52.535739435450303 ], [ 16.996458740174003, 52.535616238235448 ], [ 16.996637457317373, 52.535459567002022 ], [ 16.996860540158945, 52.535320166945482 ], [ 16.997075850311777, 52.53515310092655 ], [ 16.997353572961178, 52.5350036112198 ], [ 16.997685435407874, 52.534855037013166 ], [ 16.998248904906255, 52.53477646172098 ], [ 16.998812379586948, 52.53479700616311 ], [ 16.99892785374427, 52.534591077484428 ], [ 16.999111468463234, 52.534723592156929 ], [ 16.99958784287114, 52.534772947421992 ] ], [ [ 16.999269926691621, 52.534173938671167 ], [ 16.999574811675718, 52.534270534975718 ], [ 16.999899206477529, 52.534350314955589 ], [ 17.000271724519678, 52.534402331815286 ], [ 17.000513394630694, 52.534446421436996 ], [ 17.000706164960761, 52.534535405156674 ], [ 17.000793586747289, 52.534674044603769 ], [ 17.000848219560016, 52.534709258227181 ], [ 17.000899479538838, 52.534818711136779 ], [ 17.000125821835528, 52.534725626729568 ], [ 16.999492641238668, 52.534634912270946 ], [ 16.999166427370007, 52.534595106139115 ], [ 16.999058463304443, 52.534496123792742 ], [ 16.999095387300674, 52.534302434720765 ], [ 16.999269926691621, 52.534173938671167 ] ] ] ] } },
{ "type": "Feature", "properties": { "id": null }, "geometry": { "type": "MultiPolygon", "coordinates": [ [ [ [ 17.024296028579382, 52.531477191089429 ], [ 17.022693849955921, 52.531212260469893 ], [ 17.021701202195302, 52.530997424504882 ], [ 17.019673217898884, 52.533140043731891 ], [ 17.020118197500842, 52.532823028846678 ], [ 17.020441784426957, 52.53257608402658 ], [ 17.020689523314072, 52.532513276001374 ], [ 17.02093517847285, 52.532496784203545 ], [ 17.021080260494234, 52.532463159416324 ], [ 17.021158756552474, 52.532407820218936 ], [ 17.021204885248597, 52.532321038632773 ], [ 17.02117413806079, 52.532253572141791 ], [ 17.021118768591325, 52.532170243334861 ], [ 17.021124554173849, 52.532041585663301 ], [ 17.021179584202578, 52.531944652593623 ], [ 17.021311488942576, 52.531828404330483 ], [ 17.021438996703147, 52.531809935766255 ], [ 17.02162511329902, 52.531802747348472 ], [ 17.021810304480841, 52.531816143874394 ], [ 17.022103118668106, 52.531877690722425 ], [ 17.022345069366231, 52.531943536921496 ], [ 17.022451183636889, 52.531950117273702 ], [ 17.022572455615887, 52.531957637466114 ], [ 17.02271522229498, 52.531975473758159 ], [ 17.02274643413876, 52.532032647249039 ], [ 17.022526636672424, 52.532101064362742 ], [ 17.022463788979774, 52.532120627065218 ], [ 17.022343331910818, 52.532170115634884 ], [ 17.022323678739518, 52.532231589274275 ], [ 17.022507484389223, 52.532275862591931 ], [ 17.022759726677833, 52.532300678507234 ], [ 17.02292827372575, 52.532308644966385 ], [ 17.022994166603013, 52.532345797145368 ], [ 17.022678226633754, 52.532422920838222 ], [ 17.022365292230123, 52.532433141640368 ], [ 17.022122413593827, 52.532387880699943 ], [ 17.021796997083229, 52.532300038003505 ], [ 17.021612729342895, 52.532266056204868 ], [ 17.021458052531234, 52.532325272089309 ], [ 17.021619889740109, 52.532482483337759 ], [ 17.021547056542403, 52.532599719638547 ], [ 17.021272150135911, 52.53270327656309 ], [ 17.020864070121355, 52.532763404074643 ], [ 17.020658062100892, 52.532837210889134 ], [ 17.020432628743155, 52.532967344322032 ], [ 17.020176910973795, 52.533019717971207 ], [ 17.019952401542749, 52.533129265251091 ], [ 17.019768696836753, 52.533270396050696 ], [ 17.019681989995807, 52.533320446750217 ], [ 17.019713992199907, 52.533420207146577 ], [ 17.019889508758812, 52.533533279934261 ], [ 17.020097970168145, 52.533616616419117 ], [ 17.020340366436645, 52.53364820588196 ], [ 17.020615459170187, 52.533655561291916 ], [ 17.020779243336086, 52.533628013654827 ], [ 17.020856685474502, 52.533612788628673 ], [ 17.020988673228942, 52.533606376825446 ], [ 17.021180909212301, 52.532912907997662 ], [ 17.023021657975573, 52.533108482383845 ], [ 17.023644743089044, 52.532357035821065 ], [ 17.024296028579382, 52.531477191089429 ] ] ] ] } },
{ "type": "Feature", "properties": { "id": null }, "geometry": { "type": "MultiPolygon", "coordinates": [ [ [ [ 16.984173319517051, 52.457724434822516 ], [ 16.984188648374651, 52.457490022880478 ], [ 16.983444848862536, 52.457441389548499 ], [ 16.983566297897042, 52.45688088308745 ], [ 16.98258437014027, 52.456767763353824 ], [ 16.982583440297809, 52.456985268995169 ], [ 16.98312663988747, 52.457033083853283 ], [ 16.983045248861455, 52.457415259728819 ], [ 16.982251765158157, 52.457363369789569 ], [ 16.982301659503083, 52.457455084617301 ], [ 16.982460628095193, 52.45762575680827 ], [ 16.982535156273297, 52.457770207140534 ], [ 16.982559638877976, 52.457924817302114 ], [ 16.982721024492069, 52.457944091356822 ], [ 16.982808432149135, 52.45760966331558 ], [ 16.983994185209379, 52.457701475473229 ], [ 16.984173319517051, 52.457724434822516 ] ] ] ] } },
{ "type": "Feature", "properties": { "id": null }, "geometry": { "type": "MultiPolygon", "coordinates": [ [ [ [ 16.959968795662274, 52.539622973819419 ], [ 16.960104322149469, 52.539427064467944 ], [ 16.960446737006826, 52.539443980402382 ], [ 16.960537201677411, 52.538856309263899 ], [ 16.960644885432576, 52.538676439906226 ], [ 16.960904703770044, 52.538526726271016 ], [ 16.95998602572304, 52.538472344202482 ], [ 16.959906407177353, 52.538046945898898 ], [ 16.961194808358364, 52.538113206265436 ], [ 16.961129401680655, 52.537770656099504 ], [ 16.961138737387277, 52.537374325462487 ], [ 16.961222148023538, 52.53713346225522 ], [ 16.961379278098459, 52.536860828111429 ], [ 16.961622310134882, 52.536683289619027 ], [ 16.961754799227958, 52.53638200802385 ], [ 16.961947917285698, 52.536404608259645 ], [ 16.962059821908337, 52.536425809497487 ], [ 16.96207743538432, 52.53633800362357 ], [ 16.961985565916606, 52.536176723394227 ], [ 16.961968486581, 52.536058032455315 ], [ 16.962148521060207, 52.535485669727301 ], [ 16.962226388840293, 52.535068547314012 ], [ 16.962040401162561, 52.535065977105987 ], [ 16.961607275238691, 52.535058516576726 ], [ 16.961612116608315, 52.534963848599183 ], [ 16.961566069747978, 52.53498692229455 ], [ 16.961527662742384, 52.534995392579511 ], [ 16.961484118386295, 52.534990427679801 ], [ 16.961429892797621, 52.534961316117361 ], [ 16.961400103756159, 52.534965523190301 ], [ 16.961372240010963, 52.534993417409154 ], [ 16.961368767188773, 52.535018646 ], [ 16.961381408920108, 52.535044152222902 ], [ 16.961429928041817, 52.535066061814767 ], [ 16.961484332493331, 52.535085262952578 ], [ 16.961545578206088, 52.535105986833251 ], [ 16.961574789902013, 52.535121944100808 ], [ 16.961595878663609, 52.535139247504652 ], [ 16.961585131747292, 52.535215376087493 ], [ 16.961531881825611, 52.535327024571117 ], [ 16.96149802654843, 52.535361564139336 ], [ 16.961480220866676, 52.53539778510909 ], [ 16.961488219276333, 52.535473788165866 ], [ 16.961495931800872, 52.535506234016076 ], [ 16.961488049906833, 52.535527171913955 ], [ 16.961450370704842, 52.535544786644586 ], [ 16.961416475410399, 52.53552484386622 ], [ 16.961398830513659, 52.535501048878089 ], [ 16.961343742636302, 52.535496587509989 ], [ 16.961304411746667, 52.535500124614764 ], [ 16.961249368877461, 52.535523801135163 ], [ 16.961239953649578, 52.535548733051108 ], [ 16.961289681495661, 52.535569413982607 ], [ 16.961365728878125, 52.535593905252689 ], [ 16.961456642500195, 52.535620759956025 ], [ 16.961467405093391, 52.53563710186279 ], [ 16.961459243335025, 52.535688943006257 ], [ 16.961453965921539, 52.53574531977894 ], [ 16.961438343863005, 52.535774473072387 ], [ 16.961382986811454, 52.535768411700751 ], [ 16.961345041336063, 52.535717181111679 ], [ 16.961299062679348, 52.535704619935572 ], [ 16.961230553550578, 52.535701861903263 ], [ 16.961195111162358, 52.535720920005936 ], [ 16.961190324489756, 52.535749638232915 ], [ 16.961213033128434, 52.535781640028802 ], [ 16.961291851029259, 52.535820930657529 ], [ 16.961345768512405, 52.535850660302302 ], [ 16.961351601652698, 52.535873941851534 ], [ 16.961366851179022, 52.535907889474295 ], [ 16.961320045428014, 52.535995235766833 ], [ 16.961279839836006, 52.536038607282109 ], [ 16.961194938366155, 52.53602297316241 ], [ 16.961151372670518, 52.535987585554295 ], [ 16.96109436614713, 52.535983878460868 ], [ 16.961036621756385, 52.535996361750854 ], [ 16.961011740095188, 52.536023680020669 ], [ 16.961041485244081, 52.536052993273422 ], [ 16.961094414399977, 52.536079193720198 ], [ 16.961151414805229, 52.536092117625913 ], [ 16.961176783497173, 52.536116438242615 ], [ 16.961188089270081, 52.536137582216838 ], [ 16.960968320453045, 52.536374653319498 ], [ 16.960629693961177, 52.536666186357351 ], [ 16.960341124551448, 52.537046690533032 ], [ 16.959932526246828, 52.537678438785974 ], [ 16.959819994062165, 52.537962853648402 ], [ 16.959780499770314, 52.538040136322763 ], [ 16.959695118208561, 52.538452337937812 ], [ 16.959688374388488, 52.538665792755253 ], [ 16.959652240094911, 52.538832563269075 ], [ 16.959615570518288, 52.539010868922823 ], [ 16.959542044862083, 52.539167374339677 ], [ 16.959359189790984, 52.539525041901754 ], [ 16.959575806304798, 52.539528088894158 ], [ 16.959968795662274, 52.539622973819419 ] ] ] ] } },
{ "type": "Feature", "properties": { "id": null }, "geometry": { "type": "MultiPolygon", "coordinates": [ [ [ [ 16.995171990584168, 52.481262324347547 ], [ 16.995180823993476, 52.481206676071636 ], [ 16.994897152939885, 52.481138372823992 ], [ 16.994395241935109, 52.481018266425856 ], [ 16.994298848880955, 52.481058961284454 ], [ 16.994338911606061, 52.481167210755302 ], [ 16.994619870084371, 52.481276052660988 ], [ 16.99491946137125, 52.481340778336033 ], [ 16.995171990584168, 52.481262324347547 ] ] ] ] } },
{ "type": "Feature", "properties": { "id": null }, "geometry": { "type": "MultiPolygon", "coordinates": [ [ [ [ 16.994806430589371, 52.480084368545072 ], [ 16.994720360273284, 52.480036731537695 ], [ 16.994537549766193, 52.480037479902251 ], [ 16.994440109513068, 52.480101245949065 ], [ 16.994392176749287, 52.480185092185486 ], [ 16.994464601886857, 52.480255586882393 ], [ 16.994603153719584, 52.480257936304525 ], [ 16.994787539123529, 52.480222581276664 ], [ 16.994806430589371, 52.480084368545072 ] ] ] ] } },
{ "type": "Feature", "properties": { "id": null }, "geometry": { "type": "MultiPolygon", "coordinates": [ [ [ [ 16.981506004029587, 52.453431596431869 ], [ 16.981542369348968, 52.453481492267649 ], [ 16.982110427393074, 52.454250844935451 ], [ 16.982241486337703, 52.454618537925384 ], [ 16.982390970636512, 52.455171326431774 ], [ 16.982440912221598, 52.455402128653105 ], [ 16.982558242565791, 52.455482149400481 ], [ 16.982758795902768, 52.455506102386572 ], [ 16.982852355993174, 52.455509288682791 ], [ 16.982683900067052, 52.455970964764418 ], [ 16.982396746087467, 52.456632397010843 ], [ 16.98285824436714, 52.456692586182832 ], [ 16.983198016140729, 52.45675345079043 ], [ 16.983494385535678, 52.456777779556631 ], [ 16.983594097407462, 52.456765712837246 ], [ 16.983685770348636, 52.456337740046919 ], [ 16.983643538092778, 52.456149449505943 ], [ 16.983820416210417, 52.45610319068853 ], [ 16.984018513695514, 52.455783979542183 ], [ 16.984140330610174, 52.455147423453631 ], [ 16.984014854553301, 52.455084049875602 ], [ 16.983978680578531, 52.454993095604983 ], [ 16.983978150146811, 52.45485758031321 ], [ 16.984032661912078, 52.454694259748429 ], [ 16.984061245524636, 52.454509965841133 ], [ 16.983921516871654, 52.454478839668198 ], [ 16.98374689504217, 52.454475862073096 ], [ 16.983407180200235, 52.454408474866518 ], [ 16.982450701711535, 52.454305926686231 ], [ 16.982307672964982, 52.454053004700903 ], [ 16.982378435954619, 52.453828368390141 ], [ 16.982597478366596, 52.453741768415981 ], [ 16.982982922037877, 52.453690856810148 ], [ 16.983678022329332, 52.453776625002227 ], [ 16.984193289242324, 52.453826473287222 ], [ 16.984177451621232, 52.453731759513047 ], [ 16.984059373128755, 52.45366815258717 ], [ 16.984042036360581, 52.453606263235542 ], [ 16.984079552894208, 52.45352067162397 ], [ 16.984093734774103, 52.453504488417792 ], [ 16.984194694417312, 52.453354278423731 ], [ 16.984228680455256, 52.453198820310639 ], [ 16.984257636935993, 52.453006320182197 ], [ 16.984427410960606, 52.452968151915364 ], [ 16.984773457692437, 52.453043856691814 ], [ 16.984885619428855, 52.453051258296234 ], [ 16.984891002218379, 52.452971947547923 ], [ 16.984862293447325, 52.452864695746328 ], [ 16.98487034963907, 52.452688264270847 ], [ 16.984850792617763, 52.452527787174525 ], [ 16.984844667537793, 52.452367538997663 ], [ 16.984726404299643, 52.45230803580894 ], [ 16.984453863349316, 52.452241796408849 ], [ 16.984304052431298, 52.452284411283323 ], [ 16.984292464049449, 52.45239097625754 ], [ 16.983998994231598, 52.452488629066465 ], [ 16.98398222026627, 52.452414430533082 ], [ 16.98381488485089, 52.452399258464581 ], [ 16.983693093854722, 52.452269887797705 ], [ 16.983609536647997, 52.452186337811767 ], [ 16.983581018927261, 52.452074982667348 ], [ 16.983560341998558, 52.451939123721317 ], [ 16.983374735901521, 52.451882576896153 ], [ 16.983119346976032, 52.451882326963251 ], [ 16.982750539218344, 52.451863716453524 ], [ 16.98248956002881, 52.451838732264989 ], [ 16.982188473872103, 52.451808956784852 ], [ 16.981833849325945, 52.451774160444465 ], [ 16.981697469188745, 52.451817001273845 ], [ 16.981696116408571, 52.451993547071815 ], [ 16.981786158806845, 52.452229140502169 ], [ 16.981886295349099, 52.452390993590456 ], [ 16.982101353758406, 52.452538382962061 ], [ 16.982296078173995, 52.452689531183907 ], [ 16.982512040616744, 52.45296422902495 ], [ 16.982826495633503, 52.453289881826002 ], [ 16.982794567641292, 52.453400205912452 ], [ 16.982597551213953, 52.453446119540729 ], [ 16.982301285553294, 52.453468979766711 ], [ 16.982006406792721, 52.45340215519149 ], [ 16.981663522716932, 52.453367558814385 ], [ 16.981581673392501, 52.453356922531299 ], [ 16.981511801759741, 52.453378314125985 ], [ 16.981506004029587, 52.453431596431869 ] ] ] ] } },
{ "type": "Feature", "properties": { "id": null }, "geometry": { "type": "MultiPolygon", "coordinates": [ [ [ [ 17.001579563150287, 52.463898282995899 ], [ 17.00148038242256, 52.463844893929334 ], [ 17.001238550517929, 52.463763237210181 ], [ 17.001073796972047, 52.463662197817918 ], [ 17.001023973002784, 52.463640670417021 ], [ 17.000799999920439, 52.463538629529282 ], [ 17.000508815908159, 52.463425109173563 ], [ 17.000489056793821, 52.463300664138643 ], [ 17.000583024902525, 52.463095401493852 ], [ 17.00083445276157, 52.462965199002959 ], [ 17.001034885386296, 52.462839305222509 ], [ 17.001092200749675, 52.462695478033289 ], [ 17.001270295185776, 52.46250197949761 ], [ 17.001437587316374, 52.462360011010212 ], [ 17.001646007146853, 52.462244593784774 ], [ 17.001871345497594, 52.4621294620841 ], [ 17.0020957466376, 52.462034999277897 ], [ 17.00233355664724, 52.462018331901092 ], [ 17.002981880395279, 52.46191034321955 ], [ 17.0031999633608, 52.461955396394806 ], [ 17.003358126683331, 52.462014951284587 ], [ 17.003428184603123, 52.462150587672333 ], [ 17.003639955806193, 52.462335158194719 ], [ 17.003847711241875, 52.462421406087174 ], [ 17.004101039840247, 52.462436024831504 ], [ 17.004457757066103, 52.462411017559276 ], [ 17.005182220416025, 52.462304301707462 ], [ 17.005850030790121, 52.462139741913397 ], [ 17.007166849990355, 52.461851664509041 ], [ 17.007492347258101, 52.461955404065172 ], [ 17.007562417864683, 52.462091038130282 ], [ 17.007663527990552, 52.462289250531946 ], [ 17.007931910422844, 52.462345484965383 ], [ 17.008155427770919, 52.462457847173532 ], [ 17.008428772707273, 52.462591733297572 ], [ 17.008625683543968, 52.462543336722455 ], [ 17.008960517839018, 52.462440378114316 ], [ 17.00928619119632, 52.462352778189292 ], [ 17.009706553702067, 52.462230572194905 ], [ 17.010273760936677, 52.462043609058306 ], [ 17.010809687087672, 52.461799232920733 ], [ 17.011383555265233, 52.461839912930571 ], [ 17.012162866238018, 52.462018497251172 ], [ 17.012753415632432, 52.462126516033912 ], [ 17.013613678398247, 52.462011688234206 ], [ 17.015093882422921, 52.461783797848177 ], [ 17.016387051308545, 52.461619978252344 ], [ 17.017075821980924, 52.461580768157681 ], [ 17.01714035064958, 52.461458244598482 ], [ 17.017426580713035, 52.461468194181471 ], [ 17.017437218833596, 52.461231461746735 ], [ 17.018259892450878, 52.461312205023141 ], [ 17.018411651977406, 52.461500156714401 ], [ 17.018669602063841, 52.461576582403104 ], [ 17.018516663066588, 52.461790329513818 ], [ 17.018757114413805, 52.46186591690234 ], [ 17.018826908102749, 52.461867086268981 ], [ 17.018837627396145, 52.461965665158651 ], [ 17.018572487469406, 52.462424743630606 ], [ 17.018773829023417, 52.462449725840209 ], [ 17.018679891683252, 52.462595711978722 ], [ 17.018668520038769, 52.46284891388359 ], [ 17.018798880981077, 52.463151031968444 ], [ 17.019169358708726, 52.463762277487241 ], [ 17.020053383654226, 52.463809209861175 ], [ 17.020149420916713, 52.463548156068526 ], [ 17.019676655153003, 52.463560840593829 ], [ 17.019702310550979, 52.462613627636443 ], [ 17.020413291278064, 52.46255342890732 ], [ 17.020604211159377, 52.462553634638589 ], [ 17.020567978656917, 52.46240496790233 ], [ 17.020591853972551, 52.462250229367896 ], [ 17.020734977200341, 52.46226813888655 ], [ 17.020873120257903, 52.461830892847203 ], [ 17.021052274705053, 52.461825952676627 ], [ 17.021205120769871, 52.461865466528202 ], [ 17.021525720820136, 52.461911893292331 ], [ 17.021827272887872, 52.461933363203464 ], [ 17.022208555560464, 52.461911364365818 ], [ 17.022278898935919, 52.461702953309278 ], [ 17.022221851593823, 52.461679218377363 ], [ 17.022067717540914, 52.461668427846611 ], [ 17.021830167095111, 52.461643923011621 ], [ 17.021819303250485, 52.461286499990699 ], [ 17.021867796929453, 52.461254461462225 ], [ 17.022008954550607, 52.461254769648193 ], [ 17.022227178485334, 52.461260472895674 ], [ 17.022374869630003, 52.461264996143015 ], [ 17.022454786687387, 52.461206792470541 ], [ 17.022492235877312, 52.461121188105814 ], [ 17.022407392683135, 52.461064335217301 ], [ 17.022304928590792, 52.461025665554395 ], [ 17.022289006846453, 52.460930956164852 ], [ 17.022313849076635, 52.460826663000596 ], [ 17.022385848302761, 52.460645140298496 ], [ 17.022329118928294, 52.460635979076848 ], [ 17.022204848537829, 52.460633900604591 ], [ 17.022010138311344, 52.460628590623848 ], [ 17.021871282271434, 52.460576993151868 ], [ 17.021780275540337, 52.460507718020708 ], [ 17.02161528695455, 52.460439258164513 ], [ 17.02143806036576, 52.460343902856089 ], [ 17.021243029283859, 52.460270833558894 ], [ 17.021049793138062, 52.460232696868665 ], [ 17.02093182741924, 52.46016502299571 ], [ 17.020939143109949, 52.460076861642172 ], [ 17.021016115476066, 52.459934432077112 ], [ 17.020930908356373, 52.459885784445561 ], [ 17.020751384654243, 52.459841717419025 ], [ 17.020404391970789, 52.459784581028693 ], [ 17.020185715362722, 52.459789132342848 ], [ 17.020155808653502, 52.459856384297197 ], [ 17.020157094284951, 52.459977539419761 ], [ 17.020108229163135, 52.460167660638433 ], [ 17.020078642536877, 52.460302670618347 ], [ 17.020169785842693, 52.460293931126053 ], [ 17.020319451291822, 52.460329286696805 ], [ 17.020595364498629, 52.460397552152585 ], [ 17.020817448247342, 52.46046696910021 ], [ 17.020780548612301, 52.460540263491019 ], [ 17.020738817625134, 52.460646326784108 ], [ 17.020699938162402, 52.460838668470217 ], [ 17.020627886523719, 52.460946277304345 ], [ 17.020483692334491, 52.461013669304116 ], [ 17.020286311030063, 52.461067852010032 ], [ 17.020046094881135, 52.461102839161782 ], [ 17.019852119569091, 52.461081113051719 ], [ 17.019737420084358, 52.461015545805367 ], [ 17.019200494909875, 52.460738263293877 ], [ 17.019193805367891, 52.460808315484115 ], [ 17.018922248475047, 52.46081325864548 ], [ 17.018647721623633, 52.460705233473213 ], [ 17.018064936680535, 52.460674781771928 ], [ 17.017249563409994, 52.460733510397134 ], [ 17.016682072421375, 52.460739507261316 ], [ 17.016351218199265, 52.460754642605394 ], [ 17.015754862092543, 52.460837719963749 ], [ 17.015265689655926, 52.460984648753737 ], [ 17.014845353987933, 52.461106874806148 ], [ 17.014350274163757, 52.461196816599966 ], [ 17.013585179831601, 52.461266706888438 ], [ 17.012854701184978, 52.461507826200631 ], [ 17.012413863511323, 52.461521102254608 ], [ 17.011899216511885, 52.461481422925061 ], [ 17.011392564386334, 52.46145221836283 ], [ 17.010891809982379, 52.461479994930265 ], [ 17.010277116722506, 52.461593764009436 ], [ 17.00982222348588, 52.461730904672379 ], [ 17.009238565192064, 52.461907246110997 ], [ 17.008829929454944, 52.461957249941598 ], [ 17.008646379369974, 52.461897274900693 ], [ 17.008226361140334, 52.461636807953589 ], [ 17.00770156471437, 52.461446972132634 ], [ 17.007227821411892, 52.461438989294756 ], [ 17.006817086861783, 52.461535492348304 ], [ 17.006313059980229, 52.461635592373234 ], [ 17.005859322227501, 52.461746880925233 ], [ 17.005440589390911, 52.461832901775679 ], [ 17.005031950390894, 52.461882892445288 ], [ 17.004719172516104, 52.461872443845714 ], [ 17.004528337397275, 52.461786483009512 ], [ 17.004517728433839, 52.461646679243024 ], [ 17.004681688669315, 52.461390881707629 ], [ 17.005011568319478, 52.461210281363471 ], [ 17.005473762194349, 52.461099138714083 ], [ 17.006257185375567, 52.460998582192111 ], [ 17.007422453855614, 52.460878599167998 ], [ 17.007519009860367, 52.460802656922468 ], [ 17.007356819778, 52.460644785326394 ], [ 17.00714883218555, 52.460563710941713 ], [ 17.00692789465494, 52.460394506056524 ], [ 17.006690795277791, 52.460395680731416 ], [ 17.006474871690234, 52.460490295083957 ], [ 17.006205334851039, 52.460459894201506 ], [ 17.005733704706966, 52.460405399350478 ], [ 17.005405653358917, 52.460358495892542 ], [ 17.005250530209995, 52.460231768260734 ], [ 17.005253333705912, 52.460169760109082 ], [ 17.005494169364368, 52.460085910756213 ], [ 17.005637461941102, 52.459912503893555 ], [ 17.005479770111727, 52.459842617383153 ], [ 17.00499735163697, 52.459839650439044 ], [ 17.004615511045646, 52.459859063963954 ], [ 17.004515212874175, 52.460017681322348 ], [ 17.004497872416042, 52.460213897623277 ], [ 17.004590271433081, 52.460417137114284 ], [ 17.004665518521929, 52.460625258381391 ], [ 17.004391073910178, 52.460703367579704 ], [ 17.004091249666843, 52.460781047761039 ], [ 17.004075777084594, 52.460935925221207 ], [ 17.004076288533639, 52.461111757626092 ], [ 17.003987718060095, 52.46119817447196 ], [ 17.003732526115787, 52.461224894275766 ], [ 17.003483413725945, 52.461117262697698 ], [ 17.003423687545762, 52.460940430457825 ], [ 17.003265253567818, 52.460699875961204 ], [ 17.003194262861321, 52.460584908830185 ], [ 17.002952679295653, 52.46049808838201 ], [ 17.002822239484757, 52.460387288259419 ], [ 17.002693671723339, 52.460235149294533 ], [ 17.002357165659223, 52.460188094532626 ], [ 17.00192573456571, 52.460180805154721 ], [ 17.001560808798313, 52.46020049465843 ], [ 17.00151055349281, 52.460375469158727 ], [ 17.001562279892994, 52.460541824657717 ], [ 17.001922762158973, 52.460620314547079 ], [ 17.002285819469577, 52.460641962650833 ], [ 17.00259531272529, 52.460724760317049 ], [ 17.002581238579683, 52.460848633508682 ], [ 17.002600066925432, 52.46099374763844 ], [ 17.002697137337051, 52.461093641774241 ], [ 17.002683531199445, 52.461207180298373 ], [ 17.002527748551874, 52.461282118189089 ], [ 17.002128507291754, 52.461311572406274 ], [ 17.001828909091451, 52.461384079427575 ], [ 17.001694290480387, 52.461552457066816 ], [ 17.001437456644044, 52.461615343214191 ], [ 17.00106853866216, 52.461722875721321 ], [ 17.000961870918431, 52.461834840858359 ], [ 17.000586363689131, 52.461900890166433 ], [ 17.000486983076616, 52.462038834546604 ], [ 17.000628955131354, 52.462268771870718 ], [ 17.000572107237726, 52.462402264177037 ], [ 17.000271093767516, 52.462505771112184 ], [ 17.000085940571633, 52.462668121053113 ], [ 17.000122383909726, 52.462798019639109 ], [ 16.999989159962428, 52.462935391227226 ], [ 16.999913749361312, 52.463104768284147 ], [ 16.999999546966276, 52.463266529411086 ], [ 17.000091931181949, 52.463469772174754 ], [ 17.000143655531474, 52.463636128194906 ], [ 17.000209489542172, 52.463864778263599 ], [ 17.000542273773075, 52.463994516613162 ], [ 17.000938027854541, 52.464042577953599 ], [ 17.001359131254514, 52.463904900071462 ], [ 17.001579329064441, 52.463903450327045 ], [ 17.001579563150287, 52.463898282995899 ] ], [ [ 17.002931183546899, 52.460926844711409 ], [ 17.002949897450819, 52.460885958795899 ], [ 17.003001263650948, 52.460868800437844 ], [ 17.003094542412299, 52.460950204553697 ], [ 17.003146277936942, 52.461018031436083 ], [ 17.003104637741313, 52.46109973218627 ], [ 17.003070936974712, 52.461099163059352 ], [ 17.002974979065161, 52.461076941516595 ], [ 17.002931319485679, 52.461016976323222 ], [ 17.002931183546899, 52.460926844711409 ] ], [ [ 17.002022478439542, 52.460512349902153 ], [ 17.001953195924127, 52.460459676753551 ], [ 17.001968630227196, 52.46039813457768 ], [ 17.002021394537604, 52.460350098782762 ], [ 17.0021561952368, 52.460352376406306 ], [ 17.002263973139776, 52.460392824192986 ], [ 17.002292761761925, 52.460408761308507 ], [ 17.00229031503936, 52.460462797571672 ], [ 17.002203850581324, 52.460510264117794 ], [ 17.002102050558868, 52.460523994882038 ], [ 17.002022478439542, 52.460512349902153 ] ] ] ] } },
{ "type": "Feature", "properties": { "id": null }, "geometry": { "type": "MultiPolygon", "coordinates": [ [ [ [ 16.976597941254564, 52.514563342989689 ], [ 16.976614251614855, 52.514503046801856 ], [ 16.976585971058547, 52.514430974303203 ], [ 16.976588752430935, 52.514370446726154 ], [ 16.976623733417732, 52.514296702785067 ], [ 16.976651085647198, 52.514192540786155 ], [ 16.976560934737591, 52.514091875942817 ], [ 16.97635454586807, 52.513967195461426 ], [ 16.975190361227835, 52.513570057826698 ], [ 16.975057857698921, 52.513507214746035 ], [ 16.975003535160209, 52.513412668751918 ], [ 16.975097268522902, 52.513337177465942 ], [ 16.975122659692406, 52.513140615635955 ], [ 16.975411536580488, 52.513023331832329 ], [ 16.975605302024466, 52.512784346996192 ], [ 16.975645804612725, 52.512688670473992 ], [ 16.975666542146879, 52.512532080558032 ], [ 16.975764532738562, 52.512167552813757 ], [ 16.975838413957231, 52.511934776493248 ], [ 16.975930038479966, 52.511512317911624 ], [ 16.97608198701715, 52.511495643636188 ], [ 16.976130969619703, 52.511487353861398 ], [ 16.976110808415118, 52.511377911859128 ], [ 16.976101485746739, 52.511193548571846 ], [ 16.976093668143829, 52.511038948292374 ], [ 16.976755060887054, 52.510984179574642 ], [ 16.977203291362624, 52.510854173724368 ], [ 16.977530818810628, 52.510600952375015 ], [ 16.977806505540833, 52.510297282493141 ], [ 16.978134783193976, 52.510027551825551 ], [ 16.978471317448793, 52.509774481855558 ], [ 16.978744719585638, 52.509520332294777 ], [ 16.978993264372775, 52.509414441967344 ], [ 16.97931168201486, 52.509359306151318 ], [ 16.979752063829643, 52.509399868535844 ], [ 16.980155363811029, 52.509461823476748 ], [ 16.980478004638197, 52.509511386447258 ], [ 16.980643431589687, 52.509603950136423 ], [ 16.980639832712495, 52.50947815563638 ], [ 16.980759477427725, 52.509320173988016 ], [ 16.980800842463527, 52.509235152941933 ], [ 16.981030180515113, 52.509136194672585 ], [ 16.981368950753435, 52.509101969869455 ], [ 16.981687431505684, 52.509101688774301 ], [ 16.981833518047022, 52.509184193015052 ], [ 16.981885225889098, 52.50928223248485 ], [ 16.981621267691803, 52.509523480199526 ], [ 16.981428843381661, 52.50963449976225 ], [ 16.981782889170013, 52.509594230343801 ], [ 16.982136621851694, 52.509556209904474 ], [ 16.982270888650003, 52.509580527362502 ], [ 16.982334659539319, 52.50996158631925 ], [ 16.982464892574441, 52.510135551689473 ], [ 16.981083744388265, 52.510337769174946 ], [ 16.97990099168058, 52.51054335856346 ], [ 16.97872320596014, 52.510837130380722 ], [ 16.977613083778355, 52.511032924301993 ], [ 16.976775282442311, 52.511298799625031 ], [ 16.979429046343782, 52.512764188717526 ], [ 16.979516206561875, 52.512831759307808 ], [ 16.979688135616755, 52.512822305158679 ], [ 16.980778490303983, 52.51266470196839 ], [ 16.980946616638697, 52.512621279672622 ], [ 16.980823853326321, 52.512247473446813 ], [ 16.979700806956391, 52.512429299447099 ], [ 16.979224606414576, 52.511071488423674 ], [ 16.981580649936525, 52.510720712764765 ], [ 16.981848092572228, 52.511088726255984 ], [ 16.982519880976106, 52.511004741445241 ], [ 16.98235448349082, 52.51077246094421 ], [ 16.982890919828357, 52.510489746773239 ], [ 16.983303001031516, 52.510557347420956 ], [ 16.983698557966267, 52.510591624017096 ], [ 16.984048117811493, 52.510623076184935 ], [ 16.984364924692159, 52.510625006865013 ], [ 16.984535774011842, 52.510638931353014 ], [ 16.984819081038328, 52.510759401006432 ], [ 16.985042028598802, 52.510818266819889 ], [ 16.985274498867497, 52.510866280730511 ], [ 16.985345389288085, 52.510895022136602 ], [ 16.985394718428797, 52.511000491899971 ], [ 16.985483646474485, 52.511029540388556 ], [ 16.985617919693546, 52.511053854105498 ], [ 16.985753703125539, 52.511045152424323 ], [ 16.985865198787771, 52.510975461992409 ], [ 16.985990705049325, 52.510994119198493 ], [ 16.986204888361204, 52.511047326766338 ], [ 16.986436606386516, 52.511111846045232 ], [ 16.986516013504854, 52.511151745349991 ], [ 16.986629501919602, 52.511137156376542 ], [ 16.986618976793498, 52.510987179729668 ], [ 16.986767190631902, 52.510988061908442 ], [ 16.986784636120234, 52.510803880134397 ], [ 16.986763373702185, 52.510523907811688 ], [ 16.986585780054973, 52.510514140956481 ], [ 16.98637547913318, 52.510474767207945 ], [ 16.986088269314521, 52.510439590667829 ], [ 16.986050705454975, 52.510372869270633 ], [ 16.986035582351629, 52.510210160427278 ], [ 16.985987530951832, 52.509978055656418 ], [ 16.985837740447614, 52.509898409868889 ], [ 16.985638978383232, 52.509804162965146 ], [ 16.985447620950339, 52.509646713295922 ], [ 16.986493540451239, 52.509471780842041 ], [ 16.987130936751957, 52.509361974109957 ], [ 16.987086506847696, 52.509234822701664 ], [ 16.987970094595227, 52.509093872234587 ], [ 16.990605986426019, 52.508687114252609 ], [ 16.990646829118699, 52.508583178329012 ], [ 16.990433154266864, 52.50851897373024 ], [ 16.989843730902717, 52.50838230266433 ], [ 16.989186437113023, 52.508150858970957 ], [ 16.988443996083308, 52.507807827216133 ], [ 16.98817320409896, 52.507808729160523 ], [ 16.987694746279168, 52.507811605008904 ], [ 16.987161425933511, 52.507830065934826 ], [ 16.986667195689538, 52.507783107805608 ], [ 16.986261385428286, 52.507776200571385 ], [ 16.985894626227402, 52.507902120712529 ], [ 16.985678906909104, 52.508080173108695 ], [ 16.985272798948007, 52.508277010107832 ], [ 16.984918323757075, 52.508331547685991 ], [ 16.984596693397965, 52.508259986693972 ], [ 16.984208915441311, 52.50825337965162 ], [ 16.983760278130088, 52.508196172613388 ], [ 16.983533114083578, 52.5080326025994 ], [ 16.983516234823011, 52.508401272532005 ], [ 16.983566513405862, 52.508682977899646 ], [ 16.983585254364076, 52.508865022734952 ], [ 16.983465246245789, 52.508923552263319 ], [ 16.983013831183385, 52.508926870225316 ], [ 16.982761573044787, 52.508917062161196 ], [ 16.982481756257769, 52.508917797228158 ], [ 16.982309905981026, 52.50892587996961 ], [ 16.98196292755517, 52.509013577595702 ], [ 16.981746742135609, 52.509004382717798 ], [ 16.981414328669143, 52.508971176931176 ], [ 16.981097934243035, 52.508982298246295 ], [ 16.980797810186917, 52.50903224425565 ], [ 16.980151711774749, 52.509147871659934 ], [ 16.979753394365151, 52.509174111103562 ], [ 16.97924862474197, 52.50915998304076 ], [ 16.978799227596884, 52.509119264728753 ], [ 16.978376886008196, 52.509079007059675 ], [ 16.977910464702429, 52.509015967090079 ], [ 16.977470088598729, 52.508975397902965 ], [ 16.977010665972831, 52.50895652870647 ], [ 16.976827016062366, 52.509024976899482 ], [ 16.976695199796211, 52.509143872870105 ], [ 16.976548885642632, 52.509185425015964 ], [ 16.976555715625967, 52.509626088698646 ], [ 16.976274630389906, 52.509654321591462 ], [ 16.976074709848614, 52.509683942447374 ], [ 16.975938676119593, 52.509698135552831 ], [ 16.975929438359877, 52.509127578430551 ], [ 16.975925744359074, 52.508899423019393 ], [ 16.975729035281571, 52.508524040260056 ], [ 16.975405098779831, 52.508543582967143 ], [ 16.975114242754632, 52.508588166355182 ], [ 16.975292120018782, 52.508774141156422 ], [ 16.975304464688097, 52.508898256276773 ], [ 16.975256472501087, 52.509083290633249 ], [ 16.974913148034418, 52.509091181073245 ], [ 16.974646190126872, 52.508910392082079 ], [ 16.973790258520221, 52.508725194969095 ], [ 16.973551133608087, 52.50901846831156 ], [ 16.973120441506616, 52.509159774470199 ], [ 16.972886221233377, 52.509150254382305 ], [ 16.97281610174926, 52.50910499811512 ], [ 16.972667819378124, 52.509146339667026 ], [ 16.972619562088177, 52.509214348147623 ], [ 16.972534345112514, 52.509300997120633 ], [ 16.97244722787287, 52.509428914759688 ], [ 16.97237498002573, 52.50962592268526 ], [ 16.972380147454626, 52.509807736945874 ], [ 16.97245586602552, 52.509927431751002 ], [ 16.972436258557149, 52.510059259829958 ], [ 16.972301234998596, 52.510296493052927 ], [ 16.973552520515319, 52.510367495326605 ], [ 16.973550748153436, 52.510406012829691 ], [ 16.973576790802138, 52.510428486278975 ], [ 16.97374110091496, 52.510486369079864 ], [ 16.973661763027881, 52.511622171977464 ], [ 16.973627237562884, 52.511784032276601 ], [ 16.973383731231156, 52.511779861054123 ], [ 16.973203004667052, 52.511980517870661 ], [ 16.973277967255353, 52.511994192514969 ], [ 16.973326557680647, 52.512017052288421 ], [ 16.97332103532742, 52.512038985028923 ], [ 16.973229074535396, 52.51207595743606 ], [ 16.973077123008913, 52.512092628014344 ], [ 16.973086370380141, 52.512136841145526 ], [ 16.973098002224592, 52.512423395931322 ], [ 16.973197565222023, 52.512466402991137 ], [ 16.973518641061304, 52.51244457123687 ], [ 16.973499544600486, 52.512401364055968 ], [ 16.973554724753097, 52.512526213074203 ], [ 16.973552144205502, 52.512680360272583 ], [ 16.973527396033486, 52.512825867496403 ], [ 16.973318693587604, 52.512849826527287 ], [ 16.973368326867732, 52.513046169461717 ], [ 16.973559908242422, 52.513198135799961 ], [ 16.973866254841241, 52.513308012721097 ], [ 16.974191147451211, 52.513407192745895 ], [ 16.974094295202484, 52.513452342325039 ], [ 16.973893422155665, 52.513600340242384 ], [ 16.97371256359348, 52.513803748976322 ], [ 16.973607860178252, 52.51401947556424 ], [ 16.973582429816954, 52.51427786119504 ], [ 16.97426354770792, 52.514292107275658 ], [ 16.975026806048906, 52.514575008906505 ], [ 16.975524299240533, 52.514748728175491 ], [ 16.975853210052588, 52.514858985935405 ], [ 16.975997267470341, 52.514866957425504 ], [ 16.976130957259322, 52.514805915984191 ], [ 16.976144691519028, 52.514795573131096 ], [ 16.976252508550232, 52.514714379177853 ], [ 16.976365039983385, 52.514622687962934 ], [ 16.97645021807481, 52.514635158581839 ], [ 16.976504460629986, 52.514633332943056 ], [ 16.976597941254564, 52.514563342989689 ] ], [ [ 16.973456115342966, 52.51207020994535 ], [ 16.973740081360933, 52.512077827417563 ], [ 16.97374856306169, 52.511893493680887 ], [ 16.973960504348916, 52.511897123569703 ], [ 16.973969412523662, 52.512390137932073 ], [ 16.973499544600486, 52.512401364055968 ], [ 16.973456115342966, 52.51207020994535 ] ], [ [ 16.976320871029607, 52.514208920048745 ], [ 16.976394563453912, 52.51412757810067 ], [ 16.976562578906648, 52.51420341740895 ], [ 16.97631608715654, 52.514411214291023 ], [ 16.976393425618028, 52.514446954887156 ], [ 16.976411948955306, 52.51448581954881 ], [ 16.97636470285649, 52.514531819473767 ], [ 16.976291789533096, 52.514547092749844 ], [ 16.976217253575143, 52.514548571144246 ], [ 16.976199151680742, 52.514549638191809 ], [ 16.976163158145457, 52.514645392016561 ], [ 16.976028815100943, 52.514769750882202 ], [ 16.975861788567066, 52.514721461910497 ], [ 16.975939486520726, 52.514651202436504 ], [ 16.975877868701911, 52.514617107222769 ], [ 16.97602656267318, 52.514475096839377 ], [ 16.975900503543091, 52.514419248530366 ], [ 16.975982352665397, 52.514307758810567 ], [ 16.976141306886745, 52.514335258911117 ], [ 16.976224735839818, 52.514189378353301 ], [ 16.976320871029607, 52.514208920048745 ] ], [ [ 16.975643920516852, 52.514239211033434 ], [ 16.975500100686464, 52.514311046817035 ], [ 16.975348232804432, 52.514354168994785 ], [ 16.974890358114507, 52.51432918669876 ], [ 16.974595026372342, 52.514232688674042 ], [ 16.974384202341, 52.514131921732492 ], [ 16.974231117919203, 52.513997852266158 ], [ 16.974208816637884, 52.513871737277128 ], [ 16.974346166453969, 52.513736925715243 ], [ 16.974573966368879, 52.51367224428018 ], [ 16.974809024807087, 52.513653407795921 ], [ 16.975096831073973, 52.513709770525786 ], [ 16.975317277698842, 52.513804985748308 ], [ 16.975554870743636, 52.513934784807297 ], [ 16.975662207139191, 52.514045209178256 ], [ 16.975695973331597, 52.514125798915366 ], [ 16.975643920516852, 52.514239211033434 ] ], [ [ 16.974869646950797, 52.510851218404973 ], [ 16.975054970588047, 52.510859540942548 ], [ 16.97518968693371, 52.510866997019171 ], [ 16.975298626441734, 52.510884312240691 ], [ 16.975337723543863, 52.510951934372876 ], [ 16.975174153972805, 52.511021238085014 ], [ 16.97500546217092, 52.511018350663022 ], [ 16.974810993320592, 52.51102532219015 ], [ 16.974704183691063, 52.510961690903308 ], [ 16.974741471964098, 52.510885075798093 ], [ 16.974869646950797, 52.510851218404973 ] ] ] ] } },
{ "type": "Feature", "properties": { "id": null }, "geometry": { "type": "MultiPolygon", "coordinates": [ [ [ [ 16.962298127469225, 52.541590496033145 ], [ 16.96276724013924, 52.541565493380027 ], [ 16.962805406017015, 52.541753421164834 ], [ 16.963335247175149, 52.542599578159759 ], [ 16.963614685055422, 52.542136520602696 ], [ 16.96371676991669, 52.541967352730289 ], [ 16.964298833629062, 52.541685505819565 ], [ 16.963643546225214, 52.541715308120509 ], [ 16.96339271371146, 52.541163286971752 ], [ 16.963304109631924, 52.539955768007886 ], [ 16.963223290918918, 52.539750624531187 ], [ 16.963169800844529, 52.539540444568459 ], [ 16.962719855902744, 52.539505164813598 ], [ 16.962680041762916, 52.53977982050678 ], [ 16.962887094052761, 52.539794398756527 ], [ 16.962940073464537, 52.540015583701127 ], [ 16.962758564650418, 52.540034486251983 ], [ 16.962766675852382, 52.540249391982435 ], [ 16.962955936114295, 52.540258156962963 ], [ 16.962878601879297, 52.540757946507334 ], [ 16.963157855918904, 52.540773767178372 ], [ 16.96312502960852, 52.54109259781012 ], [ 16.963202792902074, 52.541363770565155 ], [ 16.962904211555664, 52.541375151424575 ], [ 16.962820589291351, 52.541230534499064 ], [ 16.962711528077207, 52.541245177381029 ], [ 16.962653196917209, 52.541139543500357 ], [ 16.962312297141406, 52.541089619213047 ], [ 16.962352323104366, 52.541200444888517 ], [ 16.962187074319448, 52.541258174338424 ], [ 16.962298127469225, 52.541590496033145 ] ] ] ] } }
]
}
